solid OpenSCAD_Model
  facet normal -1 0 0
    outer loop
      vertex 15.8 39.1 2.2
      vertex 15.8 38.6 57.4
      vertex 15.8 39.1 57.4
    endloop
  endfacet
  facet normal -1 0 0
    outer loop
      vertex 15.8 38.6 57.4
      vertex 15.8 2.7 57.4
      vertex 15.8 38.6 59.6
    endloop
  endfacet
  facet normal -1 0 0
    outer loop
      vertex 15.8 39.1 2.2
      vertex 15.8 2.7 57.4
      vertex 15.8 38.6 57.4
    endloop
  endfacet
  facet normal -1 0 0
    outer loop
      vertex 15.8 2.2 2.2
      vertex 15.8 2.7 57.4
      vertex 15.8 39.1 2.2
    endloop
  endfacet
  facet normal 0 -0 0
    outer loop
      vertex 15.8 2.2 57.4
      vertex 15.8 2.2 2.2
      vertex 15.8 2.2 59.6
    endloop
  endfacet
  facet normal -1 -0 0
    outer loop
      vertex 15.8 2.7 57.4
      vertex 15.8 2.2 2.2
      vertex 15.8 2.2 57.4
    endloop
  endfacet
  facet normal -1 0 0
    outer loop
      vertex 15.8 38.6 59.6
      vertex 15.8 39.1 60.4
      vertex 15.8 39.1 59.6
    endloop
  endfacet
  facet normal -1 0 0
    outer loop
      vertex 15.8 2.7 59.6
      vertex 15.8 38.6 59.6
      vertex 15.8 2.7 57.4
    endloop
  endfacet
  facet normal -1 0 0
    outer loop
      vertex 15.8 38.6 59.6
      vertex 15.8 2.7 59.6
      vertex 15.8 39.1 60.4
    endloop
  endfacet
  facet normal -1 0 0
    outer loop
      vertex 15.8 2.2 60.4
      vertex 15.8 2.7 59.6
      vertex 15.8 2.2 59.6
    endloop
  endfacet
  facet normal -1 0 0
    outer loop
      vertex 15.8 2.7 59.6
      vertex 15.8 2.2 60.4
      vertex 15.8 39.1 60.4
    endloop
  endfacet
  facet normal 0 0 0
    outer loop
      vertex 15.8 2.2 60.4
      vertex 15.8 2.2 59.6
      vertex 15.8 2.2 2.2
    endloop
  endfacet
  facet normal 0 0 1
    outer loop
      vertex 15.8 39.1 2.2
      vertex 14 28.65 2.2
      vertex 15.8 2.2 2.2
    endloop
  endfacet
  facet normal 0 0 1
    outer loop
      vertex 15.8 39.1 2.2
      vertex 13.9759 29.1401 2.2
      vertex 14 28.65 2.2
    endloop
  endfacet
  facet normal 0 0 1
    outer loop
      vertex 15.8 39.1 2.2
      vertex 13.9039 29.6254 2.2
      vertex 13.9759 29.1401 2.2
    endloop
  endfacet
  facet normal 0 0 1
    outer loop
      vertex 15.8 39.1 2.2
      vertex 13.7847 30.1014 2.2
      vertex 13.9039 29.6254 2.2
    endloop
  endfacet
  facet normal 0 0 1
    outer loop
      vertex 15.8 39.1 2.2
      vertex 13.6194 30.5634 2.2
      vertex 13.7847 30.1014 2.2
    endloop
  endfacet
  facet normal 0 0 1
    outer loop
      vertex 15.8 39.1 2.2
      vertex 13.4096 31.007 2.2
      vertex 13.6194 30.5634 2.2
    endloop
  endfacet
  facet normal 0 0 1
    outer loop
      vertex 15.8 39.1 2.2
      vertex 13.1573 31.4278 2.2
      vertex 13.4096 31.007 2.2
    endloop
  endfacet
  facet normal 0 0 1
    outer loop
      vertex 15.8 39.1 2.2
      vertex 12.8651 31.822 2.2
      vertex 13.1573 31.4278 2.2
    endloop
  endfacet
  facet normal 0 0 1
    outer loop
      vertex 15.8 39.1 2.2
      vertex 12.5355 32.1855 2.2
      vertex 12.8651 31.822 2.2
    endloop
  endfacet
  facet normal 0 0 1
    outer loop
      vertex 15.8 39.1 2.2
      vertex 12.172 32.5151 2.2
      vertex 12.5355 32.1855 2.2
    endloop
  endfacet
  facet normal 0 0 1
    outer loop
      vertex 15.8 39.1 2.2
      vertex 11.7778 32.8073 2.2
      vertex 12.172 32.5151 2.2
    endloop
  endfacet
  facet normal 0 0 1
    outer loop
      vertex 15.8 39.1 2.2
      vertex 11.357 33.0596 2.2
      vertex 11.7778 32.8073 2.2
    endloop
  endfacet
  facet normal 0 0 1
    outer loop
      vertex 15.8 39.1 2.2
      vertex 10.9134 33.2694 2.2
      vertex 11.357 33.0596 2.2
    endloop
  endfacet
  facet normal 0 0 1
    outer loop
      vertex 15.8 39.1 2.2
      vertex 10.4514 33.4347 2.2
      vertex 10.9134 33.2694 2.2
    endloop
  endfacet
  facet normal 0 0 1
    outer loop
      vertex 15.8 39.1 2.2
      vertex 9.97545 33.5539 2.2
      vertex 10.4514 33.4347 2.2
    endloop
  endfacet
  facet normal 0 0 1
    outer loop
      vertex 15.8 39.1 2.2
      vertex 9.49008 33.6259 2.2
      vertex 9.97545 33.5539 2.2
    endloop
  endfacet
  facet normal 0 0 1
    outer loop
      vertex 15.8 39.1 2.2
      vertex 9 33.65 2.2
      vertex 9.49008 33.6259 2.2
    endloop
  endfacet
  facet normal -0 0 1
    outer loop
      vertex 2.2 39.1 2.2
      vertex 9 33.65 2.2
      vertex 15.8 39.1 2.2
    endloop
  endfacet
  facet normal 0 0 1
    outer loop
      vertex 9 33.65 2.2
      vertex 2.2 39.1 2.2
      vertex 8.50992 33.6259 2.2
    endloop
  endfacet
  facet normal 0 0 1
    outer loop
      vertex 8.50992 33.6259 2.2
      vertex 2.2 39.1 2.2
      vertex 8.02455 33.5539 2.2
    endloop
  endfacet
  facet normal 0 0 1
    outer loop
      vertex 8.02455 33.5539 2.2
      vertex 2.2 39.1 2.2
      vertex 7.54858 33.4347 2.2
    endloop
  endfacet
  facet normal 0 0 1
    outer loop
      vertex 7.54858 33.4347 2.2
      vertex 2.2 39.1 2.2
      vertex 7.08659 33.2694 2.2
    endloop
  endfacet
  facet normal 0 0 1
    outer loop
      vertex 7.08659 33.2694 2.2
      vertex 2.2 39.1 2.2
      vertex 6.64302 33.0596 2.2
    endloop
  endfacet
  facet normal 0 0 1
    outer loop
      vertex 4 28.65 2.2
      vertex 2.2 39.1 2.2
      vertex 4 12.65 2.2
    endloop
  endfacet
  facet normal 0 0 1
    outer loop
      vertex 4.02408 29.1401 2.2
      vertex 2.2 39.1 2.2
      vertex 4 28.65 2.2
    endloop
  endfacet
  facet normal 0 0 1
    outer loop
      vertex 4.09608 29.6254 2.2
      vertex 2.2 39.1 2.2
      vertex 4.02408 29.1401 2.2
    endloop
  endfacet
  facet normal 0 0 1
    outer loop
      vertex 4.2153 30.1014 2.2
      vertex 2.2 39.1 2.2
      vertex 4.09608 29.6254 2.2
    endloop
  endfacet
  facet normal 0 0 1
    outer loop
      vertex 4.38062 30.5634 2.2
      vertex 2.2 39.1 2.2
      vertex 4.2153 30.1014 2.2
    endloop
  endfacet
  facet normal 0 0 1
    outer loop
      vertex 4.59041 31.007 2.2
      vertex 2.2 39.1 2.2
      vertex 4.38062 30.5634 2.2
    endloop
  endfacet
  facet normal 0 0 1
    outer loop
      vertex 4.84267 31.4278 2.2
      vertex 2.2 39.1 2.2
      vertex 4.59041 31.007 2.2
    endloop
  endfacet
  facet normal 0 0 1
    outer loop
      vertex 5.13495 31.822 2.2
      vertex 2.2 39.1 2.2
      vertex 4.84267 31.4278 2.2
    endloop
  endfacet
  facet normal 0 0 1
    outer loop
      vertex 5.46448 32.1855 2.2
      vertex 2.2 39.1 2.2
      vertex 5.13495 31.822 2.2
    endloop
  endfacet
  facet normal 0 0 1
    outer loop
      vertex 5.82805 32.5151 2.2
      vertex 2.2 39.1 2.2
      vertex 5.46448 32.1855 2.2
    endloop
  endfacet
  facet normal 0 0 1
    outer loop
      vertex 6.22215 32.8073 2.2
      vertex 2.2 39.1 2.2
      vertex 5.82805 32.5151 2.2
    endloop
  endfacet
  facet normal 0 0 1
    outer loop
      vertex 6.64302 33.0596 2.2
      vertex 2.2 39.1 2.2
      vertex 6.22215 32.8073 2.2
    endloop
  endfacet
  facet normal -0 0 1
    outer loop
      vertex 14 12.65 2.2
      vertex 15.8 2.2 2.2
      vertex 14 28.65 2.2
    endloop
  endfacet
  facet normal -0 0 1
    outer loop
      vertex 13.9759 12.1599 2.2
      vertex 15.8 2.2 2.2
      vertex 14 12.65 2.2
    endloop
  endfacet
  facet normal -0 0 1
    outer loop
      vertex 13.9039 11.6746 2.2
      vertex 15.8 2.2 2.2
      vertex 13.9759 12.1599 2.2
    endloop
  endfacet
  facet normal -0 0 1
    outer loop
      vertex 13.7847 11.1986 2.2
      vertex 15.8 2.2 2.2
      vertex 13.9039 11.6746 2.2
    endloop
  endfacet
  facet normal -0 0 1
    outer loop
      vertex 13.6194 10.7366 2.2
      vertex 15.8 2.2 2.2
      vertex 13.7847 11.1986 2.2
    endloop
  endfacet
  facet normal -0 0 1
    outer loop
      vertex 13.4096 10.293 2.2
      vertex 15.8 2.2 2.2
      vertex 13.6194 10.7366 2.2
    endloop
  endfacet
  facet normal -0 0 1
    outer loop
      vertex 13.1573 9.87215 2.2
      vertex 15.8 2.2 2.2
      vertex 13.4096 10.293 2.2
    endloop
  endfacet
  facet normal -0 0 1
    outer loop
      vertex 12.8651 9.47805 2.2
      vertex 15.8 2.2 2.2
      vertex 13.1573 9.87215 2.2
    endloop
  endfacet
  facet normal -0 0 1
    outer loop
      vertex 12.5355 9.11448 2.2
      vertex 15.8 2.2 2.2
      vertex 12.8651 9.47805 2.2
    endloop
  endfacet
  facet normal -0 0 1
    outer loop
      vertex 12.172 8.78495 2.2
      vertex 15.8 2.2 2.2
      vertex 12.5355 9.11448 2.2
    endloop
  endfacet
  facet normal -0 0 1
    outer loop
      vertex 11.7778 8.49267 2.2
      vertex 15.8 2.2 2.2
      vertex 12.172 8.78495 2.2
    endloop
  endfacet
  facet normal -0 0 1
    outer loop
      vertex 11.357 8.24041 2.2
      vertex 15.8 2.2 2.2
      vertex 11.7778 8.49267 2.2
    endloop
  endfacet
  facet normal -0 0 1
    outer loop
      vertex 10.9134 8.03061 2.2
      vertex 15.8 2.2 2.2
      vertex 11.357 8.24041 2.2
    endloop
  endfacet
  facet normal -0 0 1
    outer loop
      vertex 10.4514 7.8653 2.2
      vertex 15.8 2.2 2.2
      vertex 10.9134 8.03061 2.2
    endloop
  endfacet
  facet normal -0 0 1
    outer loop
      vertex 9.97545 7.74608 2.2
      vertex 15.8 2.2 2.2
      vertex 10.4514 7.8653 2.2
    endloop
  endfacet
  facet normal -0 0 1
    outer loop
      vertex 9.49008 7.67408 2.2
      vertex 15.8 2.2 2.2
      vertex 9.97545 7.74608 2.2
    endloop
  endfacet
  facet normal -0 0 1
    outer loop
      vertex 9 7.65 2.2
      vertex 15.8 2.2 2.2
      vertex 9.49008 7.67408 2.2
    endloop
  endfacet
  facet normal 0 0 1
    outer loop
      vertex 2.2 2.2 2.2
      vertex 9 7.65 2.2
      vertex 8.50992 7.67408 2.2
    endloop
  endfacet
  facet normal 0 0 1
    outer loop
      vertex 2.2 2.2 2.2
      vertex 8.50992 7.67408 2.2
      vertex 8.02455 7.74608 2.2
    endloop
  endfacet
  facet normal 0 0 1
    outer loop
      vertex 2.2 2.2 2.2
      vertex 8.02455 7.74608 2.2
      vertex 7.54858 7.8653 2.2
    endloop
  endfacet
  facet normal 0 0 1
    outer loop
      vertex 2.2 2.2 2.2
      vertex 7.54858 7.8653 2.2
      vertex 7.08659 8.03061 2.2
    endloop
  endfacet
  facet normal 0 0 1
    outer loop
      vertex 2.2 2.2 2.2
      vertex 7.08659 8.03061 2.2
      vertex 6.64302 8.24041 2.2
    endloop
  endfacet
  facet normal 0 0 1
    outer loop
      vertex 2.2 2.2 2.2
      vertex 6.64302 8.24041 2.2
      vertex 6.22215 8.49267 2.2
    endloop
  endfacet
  facet normal 0 0 1
    outer loop
      vertex 2.2 2.2 2.2
      vertex 4 12.65 2.2
      vertex 2.2 39.1 2.2
    endloop
  endfacet
  facet normal 0 0 1
    outer loop
      vertex 9 7.65 2.2
      vertex 2.2 2.2 2.2
      vertex 15.8 2.2 2.2
    endloop
  endfacet
  facet normal 0 0 1
    outer loop
      vertex 5.82805 8.78495 2.2
      vertex 2.2 2.2 2.2
      vertex 6.22215 8.49267 2.2
    endloop
  endfacet
  facet normal 0 0 1
    outer loop
      vertex 5.46448 9.11448 2.2
      vertex 2.2 2.2 2.2
      vertex 5.82805 8.78495 2.2
    endloop
  endfacet
  facet normal 0 0 1
    outer loop
      vertex 5.13495 9.47805 2.2
      vertex 2.2 2.2 2.2
      vertex 5.46448 9.11448 2.2
    endloop
  endfacet
  facet normal 0 0 1
    outer loop
      vertex 4.84267 9.87215 2.2
      vertex 2.2 2.2 2.2
      vertex 5.13495 9.47805 2.2
    endloop
  endfacet
  facet normal 0 0 1
    outer loop
      vertex 4.59041 10.293 2.2
      vertex 2.2 2.2 2.2
      vertex 4.84267 9.87215 2.2
    endloop
  endfacet
  facet normal 0 0 1
    outer loop
      vertex 4.38062 10.7366 2.2
      vertex 2.2 2.2 2.2
      vertex 4.59041 10.293 2.2
    endloop
  endfacet
  facet normal 0 0 1
    outer loop
      vertex 4.2153 11.1986 2.2
      vertex 2.2 2.2 2.2
      vertex 4.38062 10.7366 2.2
    endloop
  endfacet
  facet normal 0 0 1
    outer loop
      vertex 4.09608 11.6746 2.2
      vertex 2.2 2.2 2.2
      vertex 4.2153 11.1986 2.2
    endloop
  endfacet
  facet normal 0 0 1
    outer loop
      vertex 4.02408 12.1599 2.2
      vertex 2.2 2.2 2.2
      vertex 4.09608 11.6746 2.2
    endloop
  endfacet
  facet normal 0 0 1
    outer loop
      vertex 4 12.65 2.2
      vertex 2.2 2.2 2.2
      vertex 4.02408 12.1599 2.2
    endloop
  endfacet
  facet normal 1 -0 0
    outer loop
      vertex 2.2 2.2 60.4
      vertex 2.2 39.1 2.2
      vertex 2.2 39.1 60.4
    endloop
  endfacet
  facet normal 1 0 0
    outer loop
      vertex 2.2 39.1 2.2
      vertex 2.2 2.2 60.4
      vertex 2.2 2.2 2.2
    endloop
  endfacet
  facet normal 0 -1 0
    outer loop
      vertex 2.2 39.1 60.4
      vertex 2.2 39.1 59.6
      vertex 15.8 39.1 60.4
    endloop
  endfacet
  facet normal 0 0 0
    outer loop
      vertex 2.2 39.1 60.4
      vertex 2.2 39.1 57.4
      vertex 2.2 39.1 59.6
    endloop
  endfacet
  facet normal 0 0 0
    outer loop
      vertex 2.2 39.1 2.2
      vertex 2.2 39.1 57.4
      vertex 2.2 39.1 60.4
    endloop
  endfacet
  facet normal 0 -1 0
    outer loop
      vertex 2.2 39.1 2.2
      vertex 15.8 39.1 57.4
      vertex 2.2 39.1 57.4
    endloop
  endfacet
  facet normal 0 -1 -0
    outer loop
      vertex 15.8 39.1 57.4
      vertex 2.2 39.1 2.2
      vertex 15.8 39.1 2.2
    endloop
  endfacet
  facet normal 0 -1 -0
    outer loop
      vertex 15.8 39.1 60.4
      vertex 2.2 39.1 59.6
      vertex 15.8 39.1 59.6
    endloop
  endfacet
  facet normal 0 1 -0
    outer loop
      vertex 15.8 2.2 2.2
      vertex 2.2 2.2 60.4
      vertex 15.8 2.2 60.4
    endloop
  endfacet
  facet normal 0 1 0
    outer loop
      vertex 2.2 2.2 60.4
      vertex 15.8 2.2 2.2
      vertex 2.2 2.2 2.2
    endloop
  endfacet
  facet normal 0.989173 0.146755 0
    outer loop
      vertex 4.09608 11.6746 2.2
      vertex 4.02408 12.1599 0
      vertex 4.02408 12.1599 2.2
    endloop
  endfacet
  facet normal 0.989173 0.146755 0
    outer loop
      vertex 4.02408 12.1599 0
      vertex 4.09608 11.6746 2.2
      vertex 4.09608 11.6746 0
    endloop
  endfacet
  facet normal 0.998795 0.0490736 0
    outer loop
      vertex 4.02408 12.1599 2.2
      vertex 4 12.65 0
      vertex 4 12.65 2.2
    endloop
  endfacet
  facet normal 0.998795 0.0490736 0
    outer loop
      vertex 4 12.65 0
      vertex 4.02408 12.1599 2.2
      vertex 4.02408 12.1599 0
    endloop
  endfacet
  facet normal 0.970037 -0.242958 0
    outer loop
      vertex 4.09608 29.6254 2.2
      vertex 4.2153 30.1014 0
      vertex 4.2153 30.1014 2.2
    endloop
  endfacet
  facet normal 0.970037 -0.242958 0
    outer loop
      vertex 4.2153 30.1014 0
      vertex 4.09608 29.6254 2.2
      vertex 4.09608 29.6254 0
    endloop
  endfacet
  facet normal -0.242982 0.970031 0
    outer loop
      vertex 10.4514 7.8653 0
      vertex 9.97545 7.74608 2.2
      vertex 10.4514 7.8653 2.2
    endloop
  endfacet
  facet normal -0.242982 0.970031 0
    outer loop
      vertex 9.97545 7.74608 2.2
      vertex 10.4514 7.8653 0
      vertex 9.97545 7.74608 0
    endloop
  endfacet
  facet normal -0.740871 0.671648 0
    outer loop
      vertex 12.5355 9.11448 0
      vertex 12.8651 9.47805 2.2
      vertex 12.8651 9.47805 0
    endloop
  endfacet
  facet normal -0.740871 0.671648 0
    outer loop
      vertex 12.8651 9.47805 2.2
      vertex 12.5355 9.11448 0
      vertex 12.5355 9.11448 2.2
    endloop
  endfacet
  facet normal -0.989173 -0.146755 0
    outer loop
      vertex 13.9759 29.1401 0
      vertex 13.9039 29.6254 2.2
      vertex 13.9039 29.6254 0
    endloop
  endfacet
  facet normal -0.989173 -0.146755 0
    outer loop
      vertex 13.9039 29.6254 2.2
      vertex 13.9759 29.1401 0
      vertex 13.9759 29.1401 2.2
    endloop
  endfacet
  facet normal -0.67164 0.740877 0
    outer loop
      vertex 12.5355 9.11448 0
      vertex 12.172 8.78495 2.2
      vertex 12.5355 9.11448 2.2
    endloop
  endfacet
  facet normal -0.67164 0.740877 0
    outer loop
      vertex 12.172 8.78495 2.2
      vertex 12.5355 9.11448 0
      vertex 12.172 8.78495 0
    endloop
  endfacet
  facet normal 0.427567 0.903984 -0
    outer loop
      vertex 7.08659 8.03061 0
      vertex 6.64302 8.24041 2.2
      vertex 7.08659 8.03061 2.2
    endloop
  endfacet
  facet normal 0.427567 0.903984 0
    outer loop
      vertex 6.64302 8.24041 2.2
      vertex 7.08659 8.03061 0
      vertex 6.64302 8.24041 0
    endloop
  endfacet
  facet normal -1 0 0
    outer loop
      vertex 14 12.65 0
      vertex 14 28.65 2.2
      vertex 14 28.65 0
    endloop
  endfacet
  facet normal -1 -0 0
    outer loop
      vertex 14 28.65 2.2
      vertex 14 12.65 0
      vertex 14 12.65 2.2
    endloop
  endfacet
  facet normal -0.903995 0.427543 0
    outer loop
      vertex 13.4096 10.293 0
      vertex 13.6194 10.7366 2.2
      vertex 13.6194 10.7366 0
    endloop
  endfacet
  facet normal -0.903995 0.427543 0
    outer loop
      vertex 13.6194 10.7366 2.2
      vertex 13.4096 10.293 0
      vertex 13.4096 10.293 2.2
    endloop
  endfacet
  facet normal -0.514166 0.857691 0
    outer loop
      vertex 11.7778 8.49267 0
      vertex 11.357 8.24041 2.2
      vertex 11.7778 8.49267 2.2
    endloop
  endfacet
  facet normal -0.514166 0.857691 0
    outer loop
      vertex 11.357 8.24041 2.2
      vertex 11.7778 8.49267 0
      vertex 11.357 8.24041 0
    endloop
  endfacet
  facet normal 0.146735 0.989176 -0
    outer loop
      vertex 8.50992 7.67408 0
      vertex 8.02455 7.74608 2.2
      vertex 8.50992 7.67408 2.2
    endloop
  endfacet
  facet normal 0.146735 0.989176 0
    outer loop
      vertex 8.02455 7.74608 2.2
      vertex 8.50992 7.67408 0
      vertex 8.02455 7.74608 0
    endloop
  endfacet
  facet normal 1 -0 0
    outer loop
      vertex 4 12.65 2.2
      vertex 4 28.65 0
      vertex 4 28.65 2.2
    endloop
  endfacet
  facet normal 1 0 0
    outer loop
      vertex 4 28.65 0
      vertex 4 12.65 2.2
      vertex 4 12.65 0
    endloop
  endfacet
  facet normal 0.857691 -0.514166 0
    outer loop
      vertex 4.59041 31.007 2.2
      vertex 4.84267 31.4278 0
      vertex 4.84267 31.4278 2.2
    endloop
  endfacet
  facet normal 0.857691 -0.514166 0
    outer loop
      vertex 4.84267 31.4278 0
      vertex 4.59041 31.007 2.2
      vertex 4.59041 31.007 0
    endloop
  endfacet
  facet normal -0.671719 -0.740806 0
    outer loop
      vertex 12.172 32.5151 0
      vertex 12.5355 32.1855 2.2
      vertex 12.172 32.5151 2.2
    endloop
  endfacet
  facet normal -0.671719 -0.740806 -0
    outer loop
      vertex 12.5355 32.1855 2.2
      vertex 12.172 32.5151 0
      vertex 12.5355 32.1855 0
    endloop
  endfacet
  facet normal -0.941548 0.336879 0
    outer loop
      vertex 13.6194 10.7366 0
      vertex 13.7847 11.1986 2.2
      vertex 13.7847 11.1986 0
    endloop
  endfacet
  facet normal -0.941548 0.336879 0
    outer loop
      vertex 13.7847 11.1986 2.2
      vertex 13.6194 10.7366 0
      vertex 13.6194 10.7366 2.2
    endloop
  endfacet
  facet normal 0.904003 -0.427526 0
    outer loop
      vertex 4.38062 30.5634 2.2
      vertex 4.59041 31.007 0
      vertex 4.59041 31.007 2.2
    endloop
  endfacet
  facet normal 0.904003 -0.427526 0
    outer loop
      vertex 4.59041 31.007 0
      vertex 4.38062 30.5634 2.2
      vertex 4.38062 30.5634 0
    endloop
  endfacet
  facet normal 0.970037 0.242958 0
    outer loop
      vertex 4.2153 11.1986 2.2
      vertex 4.09608 11.6746 0
      vertex 4.09608 11.6746 2.2
    endloop
  endfacet
  facet normal 0.970037 0.242958 0
    outer loop
      vertex 4.09608 11.6746 0
      vertex 4.2153 11.1986 2.2
      vertex 4.2153 11.1986 0
    endloop
  endfacet
  facet normal -0.941548 -0.336879 0
    outer loop
      vertex 13.7847 30.1014 0
      vertex 13.6194 30.5634 2.2
      vertex 13.6194 30.5634 0
    endloop
  endfacet
  facet normal -0.941548 -0.336879 0
    outer loop
      vertex 13.6194 30.5634 2.2
      vertex 13.7847 30.1014 0
      vertex 13.7847 30.1014 2.2
    endloop
  endfacet
  facet normal -0.740806 -0.671719 0
    outer loop
      vertex 12.8651 31.822 0
      vertex 12.5355 32.1855 2.2
      vertex 12.5355 32.1855 0
    endloop
  endfacet
  facet normal -0.740806 -0.671719 0
    outer loop
      vertex 12.5355 32.1855 2.2
      vertex 12.8651 31.822 0
      vertex 12.8651 31.822 2.2
    endloop
  endfacet
  facet normal 0.0491163 -0.998793 0
    outer loop
      vertex 8.50992 33.6259 0
      vertex 9 33.65 2.2
      vertex 8.50992 33.6259 2.2
    endloop
  endfacet
  facet normal 0.0491163 -0.998793 0
    outer loop
      vertex 9 33.65 2.2
      vertex 8.50992 33.6259 0
      vertex 9 33.65 0
    endloop
  endfacet
  facet normal 0.514163 -0.857692 0
    outer loop
      vertex 6.22215 32.8073 0
      vertex 6.64302 33.0596 2.2
      vertex 6.22215 32.8073 2.2
    endloop
  endfacet
  facet normal 0.514163 -0.857692 0
    outer loop
      vertex 6.64302 33.0596 2.2
      vertex 6.22215 32.8073 0
      vertex 6.64302 33.0596 0
    endloop
  endfacet
  facet normal -0.903995 -0.427543 0
    outer loop
      vertex 13.6194 30.5634 0
      vertex 13.4096 31.007 2.2
      vertex 13.4096 31.007 0
    endloop
  endfacet
  facet normal -0.903995 -0.427543 0
    outer loop
      vertex 13.4096 31.007 2.2
      vertex 13.6194 30.5634 0
      vertex 13.6194 30.5634 2.2
    endloop
  endfacet
  facet normal -0.595491 -0.803362 0
    outer loop
      vertex 11.7778 32.8073 0
      vertex 12.172 32.5151 2.2
      vertex 11.7778 32.8073 2.2
    endloop
  endfacet
  facet normal -0.595491 -0.803362 -0
    outer loop
      vertex 12.172 32.5151 2.2
      vertex 11.7778 32.8073 0
      vertex 12.172 32.5151 0
    endloop
  endfacet
  facet normal -0.998793 -0.0491143 0
    outer loop
      vertex 14 28.65 0
      vertex 13.9759 29.1401 2.2
      vertex 13.9759 29.1401 0
    endloop
  endfacet
  facet normal -0.998793 -0.0491143 0
    outer loop
      vertex 13.9759 29.1401 2.2
      vertex 14 28.65 0
      vertex 14 28.65 2.2
    endloop
  endfacet
  facet normal 0.242972 0.970033 -0
    outer loop
      vertex 8.02455 7.74608 0
      vertex 7.54858 7.8653 2.2
      vertex 8.02455 7.74608 2.2
    endloop
  endfacet
  facet normal 0.242972 0.970033 0
    outer loop
      vertex 7.54858 7.8653 2.2
      vertex 8.02455 7.74608 0
      vertex 7.54858 7.8653 0
    endloop
  endfacet
  facet normal -0.970047 -0.242919 0
    outer loop
      vertex 13.9039 29.6254 0
      vertex 13.7847 30.1014 2.2
      vertex 13.7847 30.1014 0
    endloop
  endfacet
  facet normal -0.970047 -0.242919 0
    outer loop
      vertex 13.7847 30.1014 2.2
      vertex 13.9039 29.6254 0
      vertex 13.9039 29.6254 2.2
    endloop
  endfacet
  facet normal 0.989173 -0.146755 0
    outer loop
      vertex 4.02408 29.1401 2.2
      vertex 4.09608 29.6254 0
      vertex 4.09608 29.6254 2.2
    endloop
  endfacet
  facet normal 0.989173 -0.146755 0
    outer loop
      vertex 4.09608 29.6254 0
      vertex 4.02408 29.1401 2.2
      vertex 4.02408 29.1401 0
    endloop
  endfacet
  facet normal 0.941535 -0.336915 0
    outer loop
      vertex 4.2153 30.1014 2.2
      vertex 4.38062 30.5634 0
      vertex 4.38062 30.5634 2.2
    endloop
  endfacet
  facet normal 0.941535 -0.336915 0
    outer loop
      vertex 4.38062 30.5634 0
      vertex 4.2153 30.1014 2.2
      vertex 4.2153 30.1014 0
    endloop
  endfacet
  facet normal 0.998795 -0.0490736 0
    outer loop
      vertex 4 28.65 2.2
      vertex 4.02408 29.1401 0
      vertex 4.02408 29.1401 2.2
    endloop
  endfacet
  facet normal 0.998795 -0.0490736 0
    outer loop
      vertex 4.02408 29.1401 0
      vertex 4 28.65 2.2
      vertex 4 28.65 0
    endloop
  endfacet
  facet normal 0.514103 0.857728 -0
    outer loop
      vertex 6.64302 8.24041 0
      vertex 6.22215 8.49267 2.2
      vertex 6.64302 8.24041 2.2
    endloop
  endfacet
  facet normal 0.514103 0.857728 0
    outer loop
      vertex 6.22215 8.49267 2.2
      vertex 6.64302 8.24041 0
      vertex 6.22215 8.49267 0
    endloop
  endfacet
  facet normal -0.146735 0.989176 0
    outer loop
      vertex 9.97545 7.74608 0
      vertex 9.49008 7.67408 2.2
      vertex 9.97545 7.74608 2.2
    endloop
  endfacet
  facet normal -0.146735 0.989176 0
    outer loop
      vertex 9.49008 7.67408 2.2
      vertex 9.97545 7.74608 0
      vertex 9.49008 7.67408 0
    endloop
  endfacet
  facet normal 0.803284 -0.595596 0
    outer loop
      vertex 4.84267 31.4278 2.2
      vertex 5.13495 31.822 0
      vertex 5.13495 31.822 2.2
    endloop
  endfacet
  facet normal 0.803284 -0.595596 0
    outer loop
      vertex 5.13495 31.822 0
      vertex 4.84267 31.4278 2.2
      vertex 4.84267 31.4278 0
    endloop
  endfacet
  facet normal -0.514226 -0.857655 0
    outer loop
      vertex 11.357 33.0596 0
      vertex 11.7778 32.8073 2.2
      vertex 11.357 33.0596 2.2
    endloop
  endfacet
  facet normal -0.514226 -0.857655 -0
    outer loop
      vertex 11.7778 32.8073 2.2
      vertex 11.357 33.0596 0
      vertex 11.7778 32.8073 0
    endloop
  endfacet
  facet normal 0.427567 -0.903984 0
    outer loop
      vertex 6.64302 33.0596 0
      vertex 7.08659 33.2694 2.2
      vertex 6.64302 33.0596 2.2
    endloop
  endfacet
  facet normal 0.427567 -0.903984 0
    outer loop
      vertex 7.08659 33.2694 2.2
      vertex 6.64302 33.0596 0
      vertex 7.08659 33.2694 0
    endloop
  endfacet
  facet normal -0.0490756 0.998795 0
    outer loop
      vertex 9.49008 7.67408 0
      vertex 9 7.65 2.2
      vertex 9.49008 7.67408 2.2
    endloop
  endfacet
  facet normal -0.0490756 0.998795 0
    outer loop
      vertex 9 7.65 2.2
      vertex 9.49008 7.67408 0
      vertex 9 7.65 0
    endloop
  endfacet
  facet normal 0.740942 0.671569 0
    outer loop
      vertex 5.46448 9.11448 2.2
      vertex 5.13495 9.47805 0
      vertex 5.13495 9.47805 2.2
    endloop
  endfacet
  facet normal 0.740942 0.671569 0
    outer loop
      vertex 5.13495 9.47805 0
      vertex 5.46448 9.11448 2.2
      vertex 5.46448 9.11448 0
    endloop
  endfacet
  facet normal -0.803362 -0.595491 0
    outer loop
      vertex 13.1573 31.4278 0
      vertex 12.8651 31.822 2.2
      vertex 12.8651 31.822 0
    endloop
  endfacet
  facet normal -0.803362 -0.595491 0
    outer loop
      vertex 12.8651 31.822 2.2
      vertex 13.1573 31.4278 0
      vertex 13.1573 31.4278 2.2
    endloop
  endfacet
  facet normal 0.146735 -0.989176 0
    outer loop
      vertex 8.02455 33.5539 0
      vertex 8.50992 33.6259 2.2
      vertex 8.02455 33.5539 2.2
    endloop
  endfacet
  facet normal 0.146735 -0.989176 0
    outer loop
      vertex 8.50992 33.6259 2.2
      vertex 8.02455 33.5539 0
      vertex 8.50992 33.6259 0
    endloop
  endfacet
  facet normal -0.595596 0.803284 0
    outer loop
      vertex 12.172 8.78495 0
      vertex 11.7778 8.49267 2.2
      vertex 12.172 8.78495 2.2
    endloop
  endfacet
  facet normal -0.595596 0.803284 0
    outer loop
      vertex 11.7778 8.49267 2.2
      vertex 12.172 8.78495 0
      vertex 11.7778 8.49267 0
    endloop
  endfacet
  facet normal -0.0491163 -0.998793 0
    outer loop
      vertex 9 33.65 0
      vertex 9.49008 33.6259 2.2
      vertex 9 33.65 2.2
    endloop
  endfacet
  facet normal -0.0491163 -0.998793 -0
    outer loop
      vertex 9.49008 33.6259 2.2
      vertex 9 33.65 0
      vertex 9.49008 33.6259 0
    endloop
  endfacet
  facet normal -0.998793 0.0491143 0
    outer loop
      vertex 13.9759 12.1599 0
      vertex 14 12.65 2.2
      vertex 14 12.65 0
    endloop
  endfacet
  facet normal -0.998793 0.0491143 0
    outer loop
      vertex 14 12.65 2.2
      vertex 13.9759 12.1599 0
      vertex 13.9759 12.1599 2.2
    endloop
  endfacet
  facet normal -0.242943 -0.970041 0
    outer loop
      vertex 9.97545 33.5539 0
      vertex 10.4514 33.4347 2.2
      vertex 9.97545 33.5539 2.2
    endloop
  endfacet
  facet normal -0.242943 -0.970041 -0
    outer loop
      vertex 10.4514 33.4347 2.2
      vertex 9.97545 33.5539 0
      vertex 10.4514 33.4347 0
    endloop
  endfacet
  facet normal 0.740877 -0.67164 0
    outer loop
      vertex 5.13495 31.822 2.2
      vertex 5.46448 32.1855 0
      vertex 5.46448 32.1855 2.2
    endloop
  endfacet
  facet normal 0.740877 -0.67164 0
    outer loop
      vertex 5.46448 32.1855 0
      vertex 5.13495 31.822 2.2
      vertex 5.13495 31.822 0
    endloop
  endfacet
  facet normal 0.857718 0.514121 0
    outer loop
      vertex 4.84267 9.87215 2.2
      vertex 4.59041 10.293 0
      vertex 4.59041 10.293 2.2
    endloop
  endfacet
  facet normal 0.857718 0.514121 0
    outer loop
      vertex 4.59041 10.293 0
      vertex 4.84267 9.87215 2.2
      vertex 4.84267 9.87215 0
    endloop
  endfacet
  facet normal 0.803212 0.595693 0
    outer loop
      vertex 5.13495 9.47805 2.2
      vertex 4.84267 9.87215 0
      vertex 4.84267 9.87215 2.2
    endloop
  endfacet
  facet normal 0.803212 0.595693 0
    outer loop
      vertex 4.84267 9.87215 0
      vertex 5.13495 9.47805 2.2
      vertex 5.13495 9.47805 0
    endloop
  endfacet
  facet normal -0.970047 0.242919 0
    outer loop
      vertex 13.7847 11.1986 0
      vertex 13.9039 11.6746 2.2
      vertex 13.9039 11.6746 0
    endloop
  endfacet
  facet normal -0.970047 0.242919 0
    outer loop
      vertex 13.9039 11.6746 2.2
      vertex 13.7847 11.1986 0
      vertex 13.7847 11.1986 2.2
    endloop
  endfacet
  facet normal -0.336879 -0.941548 0
    outer loop
      vertex 10.4514 33.4347 0
      vertex 10.9134 33.2694 2.2
      vertex 10.4514 33.4347 2.2
    endloop
  endfacet
  facet normal -0.336879 -0.941548 -0
    outer loop
      vertex 10.9134 33.2694 2.2
      vertex 10.4514 33.4347 0
      vertex 10.9134 33.2694 0
    endloop
  endfacet
  facet normal -0.857682 0.514181 0
    outer loop
      vertex 13.1573 9.87215 0
      vertex 13.4096 10.293 2.2
      vertex 13.4096 10.293 0
    endloop
  endfacet
  facet normal -0.857682 0.514181 0
    outer loop
      vertex 13.4096 10.293 2.2
      vertex 13.1573 9.87215 0
      vertex 13.1573 9.87215 2.2
    endloop
  endfacet
  facet normal -0.80329 0.595588 0
    outer loop
      vertex 12.8651 9.47805 0
      vertex 13.1573 9.87215 2.2
      vertex 13.1573 9.87215 0
    endloop
  endfacet
  facet normal -0.80329 0.595588 0
    outer loop
      vertex 13.1573 9.87215 2.2
      vertex 12.8651 9.47805 0
      vertex 12.8651 9.47805 2.2
    endloop
  endfacet
  facet normal 0.336903 0.941539 -0
    outer loop
      vertex 7.54858 7.8653 0
      vertex 7.08659 8.03061 2.2
      vertex 7.54858 7.8653 2.2
    endloop
  endfacet
  facet normal 0.336903 0.941539 0
    outer loop
      vertex 7.08659 8.03061 2.2
      vertex 7.54858 7.8653 0
      vertex 7.08659 8.03061 0
    endloop
  endfacet
  facet normal -0.146735 -0.989176 0
    outer loop
      vertex 9.49008 33.6259 0
      vertex 9.97545 33.5539 2.2
      vertex 9.49008 33.6259 2.2
    endloop
  endfacet
  facet normal -0.146735 -0.989176 -0
    outer loop
      vertex 9.97545 33.5539 2.2
      vertex 9.49008 33.6259 0
      vertex 9.97545 33.5539 0
    endloop
  endfacet
  facet normal 0.242934 -0.970043 0
    outer loop
      vertex 7.54858 33.4347 0
      vertex 8.02455 33.5539 2.2
      vertex 7.54858 33.4347 2.2
    endloop
  endfacet
  facet normal 0.242934 -0.970043 0
    outer loop
      vertex 8.02455 33.5539 2.2
      vertex 7.54858 33.4347 0
      vertex 8.02455 33.5539 0
    endloop
  endfacet
  facet normal -0.427543 -0.903995 0
    outer loop
      vertex 10.9134 33.2694 0
      vertex 11.357 33.0596 2.2
      vertex 10.9134 33.2694 2.2
    endloop
  endfacet
  facet normal -0.427543 -0.903995 -0
    outer loop
      vertex 11.357 33.0596 2.2
      vertex 10.9134 33.2694 0
      vertex 11.357 33.0596 0
    endloop
  endfacet
  facet normal 0.336885 -0.941546 0
    outer loop
      vertex 7.08659 33.2694 0
      vertex 7.54858 33.4347 2.2
      vertex 7.08659 33.2694 2.2
    endloop
  endfacet
  facet normal 0.336885 -0.941546 0
    outer loop
      vertex 7.54858 33.4347 2.2
      vertex 7.08659 33.2694 0
      vertex 7.54858 33.4347 0
    endloop
  endfacet
  facet normal 0.904003 0.427526 0
    outer loop
      vertex 4.59041 10.293 2.2
      vertex 4.38062 10.7366 0
      vertex 4.38062 10.7366 2.2
    endloop
  endfacet
  facet normal 0.904003 0.427526 0
    outer loop
      vertex 4.38062 10.7366 0
      vertex 4.59041 10.293 2.2
      vertex 4.59041 10.293 0
    endloop
  endfacet
  facet normal 0.0490756 0.998795 -0
    outer loop
      vertex 9 7.65 0
      vertex 8.50992 7.67408 2.2
      vertex 9 7.65 2.2
    endloop
  endfacet
  facet normal 0.0490756 0.998795 0
    outer loop
      vertex 8.50992 7.67408 2.2
      vertex 9 7.65 0
      vertex 8.50992 7.67408 0
    endloop
  endfacet
  facet normal -0.857655 -0.514226 0
    outer loop
      vertex 13.4096 31.007 0
      vertex 13.1573 31.4278 2.2
      vertex 13.1573 31.4278 0
    endloop
  endfacet
  facet normal -0.857655 -0.514226 0
    outer loop
      vertex 13.1573 31.4278 2.2
      vertex 13.4096 31.007 0
      vertex 13.4096 31.007 2.2
    endloop
  endfacet
  facet normal 0.671648 -0.740871 0
    outer loop
      vertex 5.46448 32.1855 0
      vertex 5.82805 32.5151 2.2
      vertex 5.46448 32.1855 2.2
    endloop
  endfacet
  facet normal 0.671648 -0.740871 0
    outer loop
      vertex 5.82805 32.5151 2.2
      vertex 5.46448 32.1855 0
      vertex 5.82805 32.5151 0
    endloop
  endfacet
  facet normal 0.671569 0.740942 -0
    outer loop
      vertex 5.82805 8.78495 0
      vertex 5.46448 9.11448 2.2
      vertex 5.82805 8.78495 2.2
    endloop
  endfacet
  facet normal 0.671569 0.740942 0
    outer loop
      vertex 5.46448 9.11448 2.2
      vertex 5.82805 8.78495 0
      vertex 5.46448 9.11448 0
    endloop
  endfacet
  facet normal -0.427543 0.903995 0
    outer loop
      vertex 11.357 8.24041 0
      vertex 10.9134 8.03061 2.2
      vertex 11.357 8.24041 2.2
    endloop
  endfacet
  facet normal -0.427543 0.903995 0
    outer loop
      vertex 10.9134 8.03061 2.2
      vertex 11.357 8.24041 0
      vertex 10.9134 8.03061 0
    endloop
  endfacet
  facet normal -0.989173 0.146755 0
    outer loop
      vertex 13.9039 11.6746 0
      vertex 13.9759 12.1599 2.2
      vertex 13.9759 12.1599 0
    endloop
  endfacet
  facet normal -0.989173 0.146755 0
    outer loop
      vertex 13.9759 12.1599 2.2
      vertex 13.9039 11.6746 0
      vertex 13.9039 11.6746 2.2
    endloop
  endfacet
  facet normal 0.595588 -0.80329 0
    outer loop
      vertex 5.82805 32.5151 0
      vertex 6.22215 32.8073 2.2
      vertex 5.82805 32.5151 2.2
    endloop
  endfacet
  facet normal 0.595588 -0.80329 0
    outer loop
      vertex 6.22215 32.8073 2.2
      vertex 5.82805 32.5151 0
      vertex 6.22215 32.8073 0
    endloop
  endfacet
  facet normal 0.595693 0.803212 -0
    outer loop
      vertex 6.22215 8.49267 0
      vertex 5.82805 8.78495 2.2
      vertex 6.22215 8.49267 2.2
    endloop
  endfacet
  facet normal 0.595693 0.803212 0
    outer loop
      vertex 5.82805 8.78495 2.2
      vertex 6.22215 8.49267 0
      vertex 5.82805 8.78495 0
    endloop
  endfacet
  facet normal -0.336897 0.941542 0
    outer loop
      vertex 10.9134 8.03061 0
      vertex 10.4514 7.8653 2.2
      vertex 10.9134 8.03061 2.2
    endloop
  endfacet
  facet normal -0.336897 0.941542 0
    outer loop
      vertex 10.4514 7.8653 2.2
      vertex 10.9134 8.03061 0
      vertex 10.4514 7.8653 0
    endloop
  endfacet
  facet normal 0.941535 0.336915 0
    outer loop
      vertex 4.38062 10.7366 2.2
      vertex 4.2153 11.1986 0
      vertex 4.2153 11.1986 2.2
    endloop
  endfacet
  facet normal 0.941535 0.336915 0
    outer loop
      vertex 4.2153 11.1986 0
      vertex 4.38062 10.7366 2.2
      vertex 4.38062 10.7366 0
    endloop
  endfacet
  facet normal -1 0 0
    outer loop
      vertex 31 2.2 2.2
      vertex 31 39.1 60.4
      vertex 31 39.1 2.2
    endloop
  endfacet
  facet normal -1 -0 0
    outer loop
      vertex 31 39.1 60.4
      vertex 31 2.2 2.2
      vertex 31 2.2 60.4
    endloop
  endfacet
  facet normal 0 0 1
    outer loop
      vertex 31 39.1 2.2
      vertex 29.2 28.65 2.2
      vertex 31 2.2 2.2
    endloop
  endfacet
  facet normal 0 0 1
    outer loop
      vertex 31 39.1 2.2
      vertex 29.1759 29.1401 2.2
      vertex 29.2 28.65 2.2
    endloop
  endfacet
  facet normal 0 0 1
    outer loop
      vertex 31 39.1 2.2
      vertex 29.1039 29.6254 2.2
      vertex 29.1759 29.1401 2.2
    endloop
  endfacet
  facet normal 0 0 1
    outer loop
      vertex 31 39.1 2.2
      vertex 28.9847 30.1014 2.2
      vertex 29.1039 29.6254 2.2
    endloop
  endfacet
  facet normal 0 0 1
    outer loop
      vertex 31 39.1 2.2
      vertex 28.8194 30.5634 2.2
      vertex 28.9847 30.1014 2.2
    endloop
  endfacet
  facet normal 0 0 1
    outer loop
      vertex 31 39.1 2.2
      vertex 28.6096 31.007 2.2
      vertex 28.8194 30.5634 2.2
    endloop
  endfacet
  facet normal 0 0 1
    outer loop
      vertex 31 39.1 2.2
      vertex 28.3573 31.4278 2.2
      vertex 28.6096 31.007 2.2
    endloop
  endfacet
  facet normal 0 0 1
    outer loop
      vertex 31 39.1 2.2
      vertex 28.0651 31.822 2.2
      vertex 28.3573 31.4278 2.2
    endloop
  endfacet
  facet normal 0 0 1
    outer loop
      vertex 31 39.1 2.2
      vertex 27.7355 32.1855 2.2
      vertex 28.0651 31.822 2.2
    endloop
  endfacet
  facet normal 0 0 1
    outer loop
      vertex 31 39.1 2.2
      vertex 27.372 32.5151 2.2
      vertex 27.7355 32.1855 2.2
    endloop
  endfacet
  facet normal 0 0 1
    outer loop
      vertex 31 39.1 2.2
      vertex 26.9778 32.8073 2.2
      vertex 27.372 32.5151 2.2
    endloop
  endfacet
  facet normal 0 0 1
    outer loop
      vertex 31 39.1 2.2
      vertex 26.557 33.0596 2.2
      vertex 26.9778 32.8073 2.2
    endloop
  endfacet
  facet normal 0 0 1
    outer loop
      vertex 31 39.1 2.2
      vertex 26.1134 33.2694 2.2
      vertex 26.557 33.0596 2.2
    endloop
  endfacet
  facet normal 0 0 1
    outer loop
      vertex 31 39.1 2.2
      vertex 25.6514 33.4347 2.2
      vertex 26.1134 33.2694 2.2
    endloop
  endfacet
  facet normal 0 0 1
    outer loop
      vertex 31 39.1 2.2
      vertex 25.1754 33.5539 2.2
      vertex 25.6514 33.4347 2.2
    endloop
  endfacet
  facet normal 0 0 1
    outer loop
      vertex 31 39.1 2.2
      vertex 24.6901 33.6259 2.2
      vertex 25.1754 33.5539 2.2
    endloop
  endfacet
  facet normal 0 0 1
    outer loop
      vertex 31 39.1 2.2
      vertex 24.2 33.65 2.2
      vertex 24.6901 33.6259 2.2
    endloop
  endfacet
  facet normal -0 0 1
    outer loop
      vertex 17.4 39.1 2.2
      vertex 24.2 33.65 2.2
      vertex 31 39.1 2.2
    endloop
  endfacet
  facet normal 0 0 1
    outer loop
      vertex 24.2 33.65 2.2
      vertex 17.4 39.1 2.2
      vertex 23.7099 33.6259 2.2
    endloop
  endfacet
  facet normal 0 0 1
    outer loop
      vertex 23.7099 33.6259 2.2
      vertex 17.4 39.1 2.2
      vertex 23.2246 33.5539 2.2
    endloop
  endfacet
  facet normal 0 0 1
    outer loop
      vertex 23.2246 33.5539 2.2
      vertex 17.4 39.1 2.2
      vertex 22.7486 33.4347 2.2
    endloop
  endfacet
  facet normal 0 0 1
    outer loop
      vertex 22.7486 33.4347 2.2
      vertex 17.4 39.1 2.2
      vertex 22.2866 33.2694 2.2
    endloop
  endfacet
  facet normal 0 0 1
    outer loop
      vertex 22.2866 33.2694 2.2
      vertex 17.4 39.1 2.2
      vertex 21.843 33.0596 2.2
    endloop
  endfacet
  facet normal 0 0 1
    outer loop
      vertex 19.2 28.65 2.2
      vertex 17.4 39.1 2.2
      vertex 19.2 12.65 2.2
    endloop
  endfacet
  facet normal 0 0 1
    outer loop
      vertex 19.2241 29.1401 2.2
      vertex 17.4 39.1 2.2
      vertex 19.2 28.65 2.2
    endloop
  endfacet
  facet normal 0 0 1
    outer loop
      vertex 19.2961 29.6254 2.2
      vertex 17.4 39.1 2.2
      vertex 19.2241 29.1401 2.2
    endloop
  endfacet
  facet normal 0 0 1
    outer loop
      vertex 19.4153 30.1014 2.2
      vertex 17.4 39.1 2.2
      vertex 19.2961 29.6254 2.2
    endloop
  endfacet
  facet normal 0 0 1
    outer loop
      vertex 19.5806 30.5634 2.2
      vertex 17.4 39.1 2.2
      vertex 19.4153 30.1014 2.2
    endloop
  endfacet
  facet normal 0 0 1
    outer loop
      vertex 19.7904 31.007 2.2
      vertex 17.4 39.1 2.2
      vertex 19.5806 30.5634 2.2
    endloop
  endfacet
  facet normal 0 0 1
    outer loop
      vertex 20.0427 31.4278 2.2
      vertex 17.4 39.1 2.2
      vertex 19.7904 31.007 2.2
    endloop
  endfacet
  facet normal 0 0 1
    outer loop
      vertex 20.3349 31.822 2.2
      vertex 17.4 39.1 2.2
      vertex 20.0427 31.4278 2.2
    endloop
  endfacet
  facet normal 0 0 1
    outer loop
      vertex 20.6645 32.1855 2.2
      vertex 17.4 39.1 2.2
      vertex 20.3349 31.822 2.2
    endloop
  endfacet
  facet normal 0 0 1
    outer loop
      vertex 21.028 32.5151 2.2
      vertex 17.4 39.1 2.2
      vertex 20.6645 32.1855 2.2
    endloop
  endfacet
  facet normal 0 0 1
    outer loop
      vertex 21.4222 32.8073 2.2
      vertex 17.4 39.1 2.2
      vertex 21.028 32.5151 2.2
    endloop
  endfacet
  facet normal 0 0 1
    outer loop
      vertex 21.843 33.0596 2.2
      vertex 17.4 39.1 2.2
      vertex 21.4222 32.8073 2.2
    endloop
  endfacet
  facet normal -0 0 1
    outer loop
      vertex 29.2 12.65 2.2
      vertex 31 2.2 2.2
      vertex 29.2 28.65 2.2
    endloop
  endfacet
  facet normal -0 0 1
    outer loop
      vertex 29.1759 12.1599 2.2
      vertex 31 2.2 2.2
      vertex 29.2 12.65 2.2
    endloop
  endfacet
  facet normal -0 0 1
    outer loop
      vertex 29.1039 11.6746 2.2
      vertex 31 2.2 2.2
      vertex 29.1759 12.1599 2.2
    endloop
  endfacet
  facet normal -0 0 1
    outer loop
      vertex 28.9847 11.1986 2.2
      vertex 31 2.2 2.2
      vertex 29.1039 11.6746 2.2
    endloop
  endfacet
  facet normal -0 0 1
    outer loop
      vertex 28.8194 10.7366 2.2
      vertex 31 2.2 2.2
      vertex 28.9847 11.1986 2.2
    endloop
  endfacet
  facet normal -0 0 1
    outer loop
      vertex 28.6096 10.293 2.2
      vertex 31 2.2 2.2
      vertex 28.8194 10.7366 2.2
    endloop
  endfacet
  facet normal -0 0 1
    outer loop
      vertex 28.3573 9.87215 2.2
      vertex 31 2.2 2.2
      vertex 28.6096 10.293 2.2
    endloop
  endfacet
  facet normal -0 0 1
    outer loop
      vertex 28.0651 9.47805 2.2
      vertex 31 2.2 2.2
      vertex 28.3573 9.87215 2.2
    endloop
  endfacet
  facet normal -0 0 1
    outer loop
      vertex 27.7355 9.11448 2.2
      vertex 31 2.2 2.2
      vertex 28.0651 9.47805 2.2
    endloop
  endfacet
  facet normal -0 0 1
    outer loop
      vertex 27.372 8.78495 2.2
      vertex 31 2.2 2.2
      vertex 27.7355 9.11448 2.2
    endloop
  endfacet
  facet normal -0 0 1
    outer loop
      vertex 26.9778 8.49267 2.2
      vertex 31 2.2 2.2
      vertex 27.372 8.78495 2.2
    endloop
  endfacet
  facet normal -0 0 1
    outer loop
      vertex 26.557 8.24041 2.2
      vertex 31 2.2 2.2
      vertex 26.9778 8.49267 2.2
    endloop
  endfacet
  facet normal -0 0 1
    outer loop
      vertex 26.1134 8.03061 2.2
      vertex 31 2.2 2.2
      vertex 26.557 8.24041 2.2
    endloop
  endfacet
  facet normal -0 0 1
    outer loop
      vertex 25.6514 7.8653 2.2
      vertex 31 2.2 2.2
      vertex 26.1134 8.03061 2.2
    endloop
  endfacet
  facet normal -0 0 1
    outer loop
      vertex 25.1754 7.74608 2.2
      vertex 31 2.2 2.2
      vertex 25.6514 7.8653 2.2
    endloop
  endfacet
  facet normal -0 0 1
    outer loop
      vertex 24.6901 7.67408 2.2
      vertex 31 2.2 2.2
      vertex 25.1754 7.74608 2.2
    endloop
  endfacet
  facet normal -0 0 1
    outer loop
      vertex 24.2 7.65 2.2
      vertex 31 2.2 2.2
      vertex 24.6901 7.67408 2.2
    endloop
  endfacet
  facet normal 0 0 1
    outer loop
      vertex 17.4 2.2 2.2
      vertex 24.2 7.65 2.2
      vertex 23.7099 7.67408 2.2
    endloop
  endfacet
  facet normal 0 0 1
    outer loop
      vertex 17.4 2.2 2.2
      vertex 23.7099 7.67408 2.2
      vertex 23.2246 7.74608 2.2
    endloop
  endfacet
  facet normal 0 0 1
    outer loop
      vertex 17.4 2.2 2.2
      vertex 23.2246 7.74608 2.2
      vertex 22.7486 7.8653 2.2
    endloop
  endfacet
  facet normal 0 0 1
    outer loop
      vertex 17.4 2.2 2.2
      vertex 22.7486 7.8653 2.2
      vertex 22.2866 8.03061 2.2
    endloop
  endfacet
  facet normal 0 0 1
    outer loop
      vertex 17.4 2.2 2.2
      vertex 22.2866 8.03061 2.2
      vertex 21.843 8.24041 2.2
    endloop
  endfacet
  facet normal 0 0 1
    outer loop
      vertex 17.4 2.2 2.2
      vertex 21.843 8.24041 2.2
      vertex 21.4222 8.49267 2.2
    endloop
  endfacet
  facet normal 0 0 1
    outer loop
      vertex 17.4 2.2 2.2
      vertex 19.2 12.65 2.2
      vertex 17.4 39.1 2.2
    endloop
  endfacet
  facet normal 0 0 1
    outer loop
      vertex 24.2 7.65 2.2
      vertex 17.4 2.2 2.2
      vertex 31 2.2 2.2
    endloop
  endfacet
  facet normal 0 0 1
    outer loop
      vertex 21.028 8.78495 2.2
      vertex 17.4 2.2 2.2
      vertex 21.4222 8.49267 2.2
    endloop
  endfacet
  facet normal 0 0 1
    outer loop
      vertex 20.6645 9.11448 2.2
      vertex 17.4 2.2 2.2
      vertex 21.028 8.78495 2.2
    endloop
  endfacet
  facet normal 0 0 1
    outer loop
      vertex 20.3349 9.47805 2.2
      vertex 17.4 2.2 2.2
      vertex 20.6645 9.11448 2.2
    endloop
  endfacet
  facet normal 0 0 1
    outer loop
      vertex 20.0427 9.87215 2.2
      vertex 17.4 2.2 2.2
      vertex 20.3349 9.47805 2.2
    endloop
  endfacet
  facet normal 0 0 1
    outer loop
      vertex 19.7904 10.293 2.2
      vertex 17.4 2.2 2.2
      vertex 20.0427 9.87215 2.2
    endloop
  endfacet
  facet normal 0 0 1
    outer loop
      vertex 19.5806 10.7366 2.2
      vertex 17.4 2.2 2.2
      vertex 19.7904 10.293 2.2
    endloop
  endfacet
  facet normal 0 0 1
    outer loop
      vertex 19.4153 11.1986 2.2
      vertex 17.4 2.2 2.2
      vertex 19.5806 10.7366 2.2
    endloop
  endfacet
  facet normal 0 0 1
    outer loop
      vertex 19.2961 11.6746 2.2
      vertex 17.4 2.2 2.2
      vertex 19.4153 11.1986 2.2
    endloop
  endfacet
  facet normal 0 0 1
    outer loop
      vertex 19.2241 12.1599 2.2
      vertex 17.4 2.2 2.2
      vertex 19.2961 11.6746 2.2
    endloop
  endfacet
  facet normal 0 0 1
    outer loop
      vertex 19.2 12.65 2.2
      vertex 17.4 2.2 2.2
      vertex 19.2241 12.1599 2.2
    endloop
  endfacet
  facet normal 1 -0 0
    outer loop
      vertex 17.4 2.2 60.4
      vertex 17.4 39.1 2.2
      vertex 17.4 39.1 60.4
    endloop
  endfacet
  facet normal 1 0 0
    outer loop
      vertex 17.4 39.1 2.2
      vertex 17.4 2.2 60.4
      vertex 17.4 2.2 2.2
    endloop
  endfacet
  facet normal 0 -1 0
    outer loop
      vertex 17.4 39.1 2.2
      vertex 31 39.1 57.4
      vertex 17.4 39.1 57.4
    endloop
  endfacet
  facet normal 0 -1 -0
    outer loop
      vertex 31 39.1 57.4
      vertex 17.4 39.1 2.2
      vertex 31 39.1 2.2
    endloop
  endfacet
  facet normal 0 -1 0
    outer loop
      vertex 17.4 39.1 59.6
      vertex 31 39.1 60.4
      vertex 17.4 39.1 60.4
    endloop
  endfacet
  facet normal 0 -1 -0
    outer loop
      vertex 31 39.1 60.4
      vertex 17.4 39.1 59.6
      vertex 31 39.1 59.6
    endloop
  endfacet
  facet normal 0 -0 0
    outer loop
      vertex 31 39.1 57.4
      vertex 31 39.1 2.2
      vertex 31 39.1 60.4
    endloop
  endfacet
  facet normal 0 0 0
    outer loop
      vertex 31 39.1 60.4
      vertex 31 39.1 59.6
      vertex 31 39.1 57.4
    endloop
  endfacet
  facet normal -0 0 0
    outer loop
      vertex 17.4 39.1 59.6
      vertex 17.4 39.1 60.4
      vertex 17.4 39.1 2.2
    endloop
  endfacet
  facet normal 0 0 0
    outer loop
      vertex 17.4 39.1 2.2
      vertex 17.4 39.1 57.4
      vertex 17.4 39.1 59.6
    endloop
  endfacet
  facet normal 0 1 -0
    outer loop
      vertex 31 2.2 2.2
      vertex 17.4 2.2 60.4
      vertex 31 2.2 60.4
    endloop
  endfacet
  facet normal 0 1 0
    outer loop
      vertex 17.4 2.2 60.4
      vertex 31 2.2 2.2
      vertex 17.4 2.2 2.2
    endloop
  endfacet
  facet normal 0.989173 0.146755 0
    outer loop
      vertex 19.2961 11.6746 2.2
      vertex 19.2241 12.1599 0
      vertex 19.2241 12.1599 2.2
    endloop
  endfacet
  facet normal 0.989173 0.146755 0
    outer loop
      vertex 19.2241 12.1599 0
      vertex 19.2961 11.6746 2.2
      vertex 19.2961 11.6746 0
    endloop
  endfacet
  facet normal 0.998793 0.0491143 0
    outer loop
      vertex 19.2241 12.1599 2.2
      vertex 19.2 12.65 0
      vertex 19.2 12.65 2.2
    endloop
  endfacet
  facet normal 0.998793 0.0491143 0
    outer loop
      vertex 19.2 12.65 0
      vertex 19.2241 12.1599 2.2
      vertex 19.2241 12.1599 0
    endloop
  endfacet
  facet normal 0.970047 -0.242919 0
    outer loop
      vertex 19.2961 29.6254 2.2
      vertex 19.4153 30.1014 0
      vertex 19.4153 30.1014 2.2
    endloop
  endfacet
  facet normal 0.970047 -0.242919 0
    outer loop
      vertex 19.4153 30.1014 0
      vertex 19.2961 29.6254 2.2
      vertex 19.2961 29.6254 0
    endloop
  endfacet
  facet normal -0.242958 0.970037 0
    outer loop
      vertex 25.6514 7.8653 0
      vertex 25.1754 7.74608 2.2
      vertex 25.6514 7.8653 2.2
    endloop
  endfacet
  facet normal -0.242958 0.970037 0
    outer loop
      vertex 25.1754 7.74608 2.2
      vertex 25.6514 7.8653 0
      vertex 25.1754 7.74608 0
    endloop
  endfacet
  facet normal -0.740871 0.671648 0
    outer loop
      vertex 27.7355 9.11448 0
      vertex 28.0651 9.47805 2.2
      vertex 28.0651 9.47805 0
    endloop
  endfacet
  facet normal -0.740871 0.671648 0
    outer loop
      vertex 28.0651 9.47805 2.2
      vertex 27.7355 9.11448 0
      vertex 27.7355 9.11448 2.2
    endloop
  endfacet
  facet normal -0.989173 -0.146755 0
    outer loop
      vertex 29.1759 29.1401 0
      vertex 29.1039 29.6254 2.2
      vertex 29.1039 29.6254 0
    endloop
  endfacet
  facet normal -0.989173 -0.146755 0
    outer loop
      vertex 29.1039 29.6254 2.2
      vertex 29.1759 29.1401 0
      vertex 29.1759 29.1401 2.2
    endloop
  endfacet
  facet normal -0.67164 0.740877 0
    outer loop
      vertex 27.7355 9.11448 0
      vertex 27.372 8.78495 2.2
      vertex 27.7355 9.11448 2.2
    endloop
  endfacet
  facet normal -0.67164 0.740877 0
    outer loop
      vertex 27.372 8.78495 2.2
      vertex 27.7355 9.11448 0
      vertex 27.372 8.78495 0
    endloop
  endfacet
  facet normal -0.970047 -0.242919 0
    outer loop
      vertex 29.1039 29.6254 0
      vertex 28.9847 30.1014 2.2
      vertex 28.9847 30.1014 0
    endloop
  endfacet
  facet normal -0.970047 -0.242919 0
    outer loop
      vertex 28.9847 30.1014 2.2
      vertex 29.1039 29.6254 0
      vertex 29.1039 29.6254 2.2
    endloop
  endfacet
  facet normal 0.427543 0.903995 -0
    outer loop
      vertex 22.2866 8.03061 0
      vertex 21.843 8.24041 2.2
      vertex 22.2866 8.03061 2.2
    endloop
  endfacet
  facet normal 0.427543 0.903995 0
    outer loop
      vertex 21.843 8.24041 2.2
      vertex 22.2866 8.03061 0
      vertex 21.843 8.24041 0
    endloop
  endfacet
  facet normal -1 0 0
    outer loop
      vertex 29.2 12.65 0
      vertex 29.2 28.65 2.2
      vertex 29.2 28.65 0
    endloop
  endfacet
  facet normal -1 -0 0
    outer loop
      vertex 29.2 28.65 2.2
      vertex 29.2 12.65 0
      vertex 29.2 12.65 2.2
    endloop
  endfacet
  facet normal -0.903995 0.427543 0
    outer loop
      vertex 28.6096 10.293 0
      vertex 28.8194 10.7366 2.2
      vertex 28.8194 10.7366 0
    endloop
  endfacet
  facet normal -0.903995 0.427543 0
    outer loop
      vertex 28.8194 10.7366 2.2
      vertex 28.6096 10.293 0
      vertex 28.6096 10.293 2.2
    endloop
  endfacet
  facet normal -0.514166 0.857691 0
    outer loop
      vertex 26.9778 8.49267 0
      vertex 26.557 8.24041 2.2
      vertex 26.9778 8.49267 2.2
    endloop
  endfacet
  facet normal -0.514166 0.857691 0
    outer loop
      vertex 26.557 8.24041 2.2
      vertex 26.9778 8.49267 0
      vertex 26.557 8.24041 0
    endloop
  endfacet
  facet normal 0.146755 0.989173 -0
    outer loop
      vertex 23.7099 7.67408 0
      vertex 23.2246 7.74608 2.2
      vertex 23.7099 7.67408 2.2
    endloop
  endfacet
  facet normal 0.146755 0.989173 0
    outer loop
      vertex 23.2246 7.74608 2.2
      vertex 23.7099 7.67408 0
      vertex 23.2246 7.74608 0
    endloop
  endfacet
  facet normal 1 -0 0
    outer loop
      vertex 19.2 12.65 2.2
      vertex 19.2 28.65 0
      vertex 19.2 28.65 2.2
    endloop
  endfacet
  facet normal 1 0 0
    outer loop
      vertex 19.2 28.65 0
      vertex 19.2 12.65 2.2
      vertex 19.2 12.65 0
    endloop
  endfacet
  facet normal 0.857655 -0.514226 0
    outer loop
      vertex 19.7904 31.007 2.2
      vertex 20.0427 31.4278 0
      vertex 20.0427 31.4278 2.2
    endloop
  endfacet
  facet normal 0.857655 -0.514226 0
    outer loop
      vertex 20.0427 31.4278 0
      vertex 19.7904 31.007 2.2
      vertex 19.7904 31.007 0
    endloop
  endfacet
  facet normal -0.671719 -0.740806 0
    outer loop
      vertex 27.372 32.5151 0
      vertex 27.7355 32.1855 2.2
      vertex 27.372 32.5151 2.2
    endloop
  endfacet
  facet normal -0.671719 -0.740806 -0
    outer loop
      vertex 27.7355 32.1855 2.2
      vertex 27.372 32.5151 0
      vertex 27.7355 32.1855 0
    endloop
  endfacet
  facet normal -0.941548 0.336879 0
    outer loop
      vertex 28.8194 10.7366 0
      vertex 28.9847 11.1986 2.2
      vertex 28.9847 11.1986 0
    endloop
  endfacet
  facet normal -0.941548 0.336879 0
    outer loop
      vertex 28.9847 11.1986 2.2
      vertex 28.8194 10.7366 0
      vertex 28.8194 10.7366 2.2
    endloop
  endfacet
  facet normal 0.903995 -0.427543 0
    outer loop
      vertex 19.5806 30.5634 2.2
      vertex 19.7904 31.007 0
      vertex 19.7904 31.007 2.2
    endloop
  endfacet
  facet normal 0.903995 -0.427543 0
    outer loop
      vertex 19.7904 31.007 0
      vertex 19.5806 30.5634 2.2
      vertex 19.5806 30.5634 0
    endloop
  endfacet
  facet normal 0.970047 0.242919 0
    outer loop
      vertex 19.4153 11.1986 2.2
      vertex 19.2961 11.6746 0
      vertex 19.2961 11.6746 2.2
    endloop
  endfacet
  facet normal 0.970047 0.242919 0
    outer loop
      vertex 19.2961 11.6746 0
      vertex 19.4153 11.1986 2.2
      vertex 19.4153 11.1986 0
    endloop
  endfacet
  facet normal -0.941548 -0.336879 0
    outer loop
      vertex 28.9847 30.1014 0
      vertex 28.8194 30.5634 2.2
      vertex 28.8194 30.5634 0
    endloop
  endfacet
  facet normal -0.941548 -0.336879 0
    outer loop
      vertex 28.8194 30.5634 2.2
      vertex 28.9847 30.1014 0
      vertex 28.9847 30.1014 2.2
    endloop
  endfacet
  facet normal -0.740806 -0.671719 0
    outer loop
      vertex 28.0651 31.822 0
      vertex 27.7355 32.1855 2.2
      vertex 27.7355 32.1855 0
    endloop
  endfacet
  facet normal -0.740806 -0.671719 0
    outer loop
      vertex 27.7355 32.1855 2.2
      vertex 28.0651 31.822 0
      vertex 28.0651 31.822 2.2
    endloop
  endfacet
  facet normal 0.0490736 0.998795 -0
    outer loop
      vertex 24.2 7.65 0
      vertex 23.7099 7.67408 2.2
      vertex 24.2 7.65 2.2
    endloop
  endfacet
  facet normal 0.0490736 0.998795 0
    outer loop
      vertex 23.7099 7.67408 2.2
      vertex 24.2 7.65 0
      vertex 23.7099 7.67408 0
    endloop
  endfacet
  facet normal 0.0491143 -0.998793 0
    outer loop
      vertex 23.7099 33.6259 0
      vertex 24.2 33.65 2.2
      vertex 23.7099 33.6259 2.2
    endloop
  endfacet
  facet normal 0.0491143 -0.998793 0
    outer loop
      vertex 24.2 33.65 2.2
      vertex 23.7099 33.6259 0
      vertex 24.2 33.65 0
    endloop
  endfacet
  facet normal 0.514226 -0.857655 0
    outer loop
      vertex 21.4222 32.8073 0
      vertex 21.843 33.0596 2.2
      vertex 21.4222 32.8073 2.2
    endloop
  endfacet
  facet normal 0.514226 -0.857655 0
    outer loop
      vertex 21.843 33.0596 2.2
      vertex 21.4222 32.8073 0
      vertex 21.843 33.0596 0
    endloop
  endfacet
  facet normal -0.903995 -0.427543 0
    outer loop
      vertex 28.8194 30.5634 0
      vertex 28.6096 31.007 2.2
      vertex 28.6096 31.007 0
    endloop
  endfacet
  facet normal -0.903995 -0.427543 0
    outer loop
      vertex 28.6096 31.007 2.2
      vertex 28.8194 30.5634 0
      vertex 28.8194 30.5634 2.2
    endloop
  endfacet
  facet normal -0.595491 -0.803362 0
    outer loop
      vertex 26.9778 32.8073 0
      vertex 27.372 32.5151 2.2
      vertex 26.9778 32.8073 2.2
    endloop
  endfacet
  facet normal -0.595491 -0.803362 -0
    outer loop
      vertex 27.372 32.5151 2.2
      vertex 26.9778 32.8073 0
      vertex 27.372 32.5151 0
    endloop
  endfacet
  facet normal -0.998793 -0.0491143 0
    outer loop
      vertex 29.2 28.65 0
      vertex 29.1759 29.1401 2.2
      vertex 29.1759 29.1401 0
    endloop
  endfacet
  facet normal -0.998793 -0.0491143 0
    outer loop
      vertex 29.1759 29.1401 2.2
      vertex 29.2 28.65 0
      vertex 29.2 28.65 2.2
    endloop
  endfacet
  facet normal 0.242958 0.970037 -0
    outer loop
      vertex 23.2246 7.74608 0
      vertex 22.7486 7.8653 2.2
      vertex 23.2246 7.74608 2.2
    endloop
  endfacet
  facet normal 0.242958 0.970037 0
    outer loop
      vertex 22.7486 7.8653 2.2
      vertex 23.2246 7.74608 0
      vertex 22.7486 7.8653 0
    endloop
  endfacet
  facet normal 0.989173 -0.146755 0
    outer loop
      vertex 19.2241 29.1401 2.2
      vertex 19.2961 29.6254 0
      vertex 19.2961 29.6254 2.2
    endloop
  endfacet
  facet normal 0.989173 -0.146755 0
    outer loop
      vertex 19.2961 29.6254 0
      vertex 19.2241 29.1401 2.2
      vertex 19.2241 29.1401 0
    endloop
  endfacet
  facet normal 0.941548 -0.336879 0
    outer loop
      vertex 19.4153 30.1014 2.2
      vertex 19.5806 30.5634 0
      vertex 19.5806 30.5634 2.2
    endloop
  endfacet
  facet normal 0.941548 -0.336879 0
    outer loop
      vertex 19.5806 30.5634 0
      vertex 19.4153 30.1014 2.2
      vertex 19.4153 30.1014 0
    endloop
  endfacet
  facet normal 0.998793 -0.0491143 0
    outer loop
      vertex 19.2 28.65 2.2
      vertex 19.2241 29.1401 0
      vertex 19.2241 29.1401 2.2
    endloop
  endfacet
  facet normal 0.998793 -0.0491143 0
    outer loop
      vertex 19.2241 29.1401 0
      vertex 19.2 28.65 2.2
      vertex 19.2 28.65 0
    endloop
  endfacet
  facet normal 0.514166 0.857691 -0
    outer loop
      vertex 21.843 8.24041 0
      vertex 21.4222 8.49267 2.2
      vertex 21.843 8.24041 2.2
    endloop
  endfacet
  facet normal 0.514166 0.857691 0
    outer loop
      vertex 21.4222 8.49267 2.2
      vertex 21.843 8.24041 0
      vertex 21.4222 8.49267 0
    endloop
  endfacet
  facet normal -0.146755 0.989173 0
    outer loop
      vertex 25.1754 7.74608 0
      vertex 24.6901 7.67408 2.2
      vertex 25.1754 7.74608 2.2
    endloop
  endfacet
  facet normal -0.146755 0.989173 0
    outer loop
      vertex 24.6901 7.67408 2.2
      vertex 25.1754 7.74608 0
      vertex 24.6901 7.67408 0
    endloop
  endfacet
  facet normal 0.803362 -0.595491 0
    outer loop
      vertex 20.0427 31.4278 2.2
      vertex 20.3349 31.822 0
      vertex 20.3349 31.822 2.2
    endloop
  endfacet
  facet normal 0.803362 -0.595491 0
    outer loop
      vertex 20.3349 31.822 0
      vertex 20.0427 31.4278 2.2
      vertex 20.0427 31.4278 0
    endloop
  endfacet
  facet normal -0.514226 -0.857655 0
    outer loop
      vertex 26.557 33.0596 0
      vertex 26.9778 32.8073 2.2
      vertex 26.557 33.0596 2.2
    endloop
  endfacet
  facet normal -0.514226 -0.857655 -0
    outer loop
      vertex 26.9778 32.8073 2.2
      vertex 26.557 33.0596 0
      vertex 26.9778 32.8073 0
    endloop
  endfacet
  facet normal 0.427543 -0.903995 0
    outer loop
      vertex 21.843 33.0596 0
      vertex 22.2866 33.2694 2.2
      vertex 21.843 33.0596 2.2
    endloop
  endfacet
  facet normal 0.427543 -0.903995 0
    outer loop
      vertex 22.2866 33.2694 2.2
      vertex 21.843 33.0596 0
      vertex 22.2866 33.2694 0
    endloop
  endfacet
  facet normal -0.0490736 0.998795 0
    outer loop
      vertex 24.6901 7.67408 0
      vertex 24.2 7.65 2.2
      vertex 24.6901 7.67408 2.2
    endloop
  endfacet
  facet normal -0.0490736 0.998795 0
    outer loop
      vertex 24.2 7.65 2.2
      vertex 24.6901 7.67408 0
      vertex 24.2 7.65 0
    endloop
  endfacet
  facet normal 0.740871 0.671648 0
    outer loop
      vertex 20.6645 9.11448 2.2
      vertex 20.3349 9.47805 0
      vertex 20.3349 9.47805 2.2
    endloop
  endfacet
  facet normal 0.740871 0.671648 0
    outer loop
      vertex 20.3349 9.47805 0
      vertex 20.6645 9.11448 2.2
      vertex 20.6645 9.11448 0
    endloop
  endfacet
  facet normal -0.803362 -0.595491 0
    outer loop
      vertex 28.3573 31.4278 0
      vertex 28.0651 31.822 2.2
      vertex 28.0651 31.822 0
    endloop
  endfacet
  facet normal -0.803362 -0.595491 0
    outer loop
      vertex 28.0651 31.822 2.2
      vertex 28.3573 31.4278 0
      vertex 28.3573 31.4278 2.2
    endloop
  endfacet
  facet normal 0.146755 -0.989173 0
    outer loop
      vertex 23.2246 33.5539 0
      vertex 23.7099 33.6259 2.2
      vertex 23.2246 33.5539 2.2
    endloop
  endfacet
  facet normal 0.146755 -0.989173 0
    outer loop
      vertex 23.7099 33.6259 2.2
      vertex 23.2246 33.5539 0
      vertex 23.7099 33.6259 0
    endloop
  endfacet
  facet normal -0.595596 0.803284 0
    outer loop
      vertex 27.372 8.78495 0
      vertex 26.9778 8.49267 2.2
      vertex 27.372 8.78495 2.2
    endloop
  endfacet
  facet normal -0.595596 0.803284 0
    outer loop
      vertex 26.9778 8.49267 2.2
      vertex 27.372 8.78495 0
      vertex 26.9778 8.49267 0
    endloop
  endfacet
  facet normal -0.0491143 -0.998793 0
    outer loop
      vertex 24.2 33.65 0
      vertex 24.6901 33.6259 2.2
      vertex 24.2 33.65 2.2
    endloop
  endfacet
  facet normal -0.0491143 -0.998793 -0
    outer loop
      vertex 24.6901 33.6259 2.2
      vertex 24.2 33.65 0
      vertex 24.6901 33.6259 0
    endloop
  endfacet
  facet normal -0.998793 0.0491143 0
    outer loop
      vertex 29.1759 12.1599 0
      vertex 29.2 12.65 2.2
      vertex 29.2 12.65 0
    endloop
  endfacet
  facet normal -0.998793 0.0491143 0
    outer loop
      vertex 29.2 12.65 2.2
      vertex 29.1759 12.1599 0
      vertex 29.1759 12.1599 2.2
    endloop
  endfacet
  facet normal -0.242919 -0.970047 0
    outer loop
      vertex 25.1754 33.5539 0
      vertex 25.6514 33.4347 2.2
      vertex 25.1754 33.5539 2.2
    endloop
  endfacet
  facet normal -0.242919 -0.970047 -0
    outer loop
      vertex 25.6514 33.4347 2.2
      vertex 25.1754 33.5539 0
      vertex 25.6514 33.4347 0
    endloop
  endfacet
  facet normal 0.740806 -0.671719 0
    outer loop
      vertex 20.3349 31.822 2.2
      vertex 20.6645 32.1855 0
      vertex 20.6645 32.1855 2.2
    endloop
  endfacet
  facet normal 0.740806 -0.671719 0
    outer loop
      vertex 20.6645 32.1855 0
      vertex 20.3349 31.822 2.2
      vertex 20.3349 31.822 0
    endloop
  endfacet
  facet normal 0.857682 0.514181 0
    outer loop
      vertex 20.0427 9.87215 2.2
      vertex 19.7904 10.293 0
      vertex 19.7904 10.293 2.2
    endloop
  endfacet
  facet normal 0.857682 0.514181 0
    outer loop
      vertex 19.7904 10.293 0
      vertex 20.0427 9.87215 2.2
      vertex 20.0427 9.87215 0
    endloop
  endfacet
  facet normal 0.80329 0.595588 0
    outer loop
      vertex 20.3349 9.47805 2.2
      vertex 20.0427 9.87215 0
      vertex 20.0427 9.87215 2.2
    endloop
  endfacet
  facet normal 0.80329 0.595588 0
    outer loop
      vertex 20.0427 9.87215 0
      vertex 20.3349 9.47805 2.2
      vertex 20.3349 9.47805 0
    endloop
  endfacet
  facet normal -0.970047 0.242919 0
    outer loop
      vertex 28.9847 11.1986 0
      vertex 29.1039 11.6746 2.2
      vertex 29.1039 11.6746 0
    endloop
  endfacet
  facet normal -0.970047 0.242919 0
    outer loop
      vertex 29.1039 11.6746 2.2
      vertex 28.9847 11.1986 0
      vertex 28.9847 11.1986 2.2
    endloop
  endfacet
  facet normal -0.336879 -0.941548 0
    outer loop
      vertex 25.6514 33.4347 0
      vertex 26.1134 33.2694 2.2
      vertex 25.6514 33.4347 2.2
    endloop
  endfacet
  facet normal -0.336879 -0.941548 -0
    outer loop
      vertex 26.1134 33.2694 2.2
      vertex 25.6514 33.4347 0
      vertex 26.1134 33.2694 0
    endloop
  endfacet
  facet normal -0.857682 0.514181 0
    outer loop
      vertex 28.3573 9.87215 0
      vertex 28.6096 10.293 2.2
      vertex 28.6096 10.293 0
    endloop
  endfacet
  facet normal -0.857682 0.514181 0
    outer loop
      vertex 28.6096 10.293 2.2
      vertex 28.3573 9.87215 0
      vertex 28.3573 9.87215 2.2
    endloop
  endfacet
  facet normal -0.80329 0.595588 0
    outer loop
      vertex 28.0651 9.47805 0
      vertex 28.3573 9.87215 2.2
      vertex 28.3573 9.87215 0
    endloop
  endfacet
  facet normal -0.80329 0.595588 0
    outer loop
      vertex 28.3573 9.87215 2.2
      vertex 28.0651 9.47805 0
      vertex 28.0651 9.47805 2.2
    endloop
  endfacet
  facet normal 0.336897 0.941542 -0
    outer loop
      vertex 22.7486 7.8653 0
      vertex 22.2866 8.03061 2.2
      vertex 22.7486 7.8653 2.2
    endloop
  endfacet
  facet normal 0.336897 0.941542 0
    outer loop
      vertex 22.2866 8.03061 2.2
      vertex 22.7486 7.8653 0
      vertex 22.2866 8.03061 0
    endloop
  endfacet
  facet normal -0.146755 -0.989173 0
    outer loop
      vertex 24.6901 33.6259 0
      vertex 25.1754 33.5539 2.2
      vertex 24.6901 33.6259 2.2
    endloop
  endfacet
  facet normal -0.146755 -0.989173 -0
    outer loop
      vertex 25.1754 33.5539 2.2
      vertex 24.6901 33.6259 0
      vertex 25.1754 33.5539 0
    endloop
  endfacet
  facet normal 0.242919 -0.970047 0
    outer loop
      vertex 22.7486 33.4347 0
      vertex 23.2246 33.5539 2.2
      vertex 22.7486 33.4347 2.2
    endloop
  endfacet
  facet normal 0.242919 -0.970047 0
    outer loop
      vertex 23.2246 33.5539 2.2
      vertex 22.7486 33.4347 0
      vertex 23.2246 33.5539 0
    endloop
  endfacet
  facet normal -0.427543 -0.903995 0
    outer loop
      vertex 26.1134 33.2694 0
      vertex 26.557 33.0596 2.2
      vertex 26.1134 33.2694 2.2
    endloop
  endfacet
  facet normal -0.427543 -0.903995 -0
    outer loop
      vertex 26.557 33.0596 2.2
      vertex 26.1134 33.2694 0
      vertex 26.557 33.0596 0
    endloop
  endfacet
  facet normal 0.336879 -0.941548 0
    outer loop
      vertex 22.2866 33.2694 0
      vertex 22.7486 33.4347 2.2
      vertex 22.2866 33.2694 2.2
    endloop
  endfacet
  facet normal 0.336879 -0.941548 0
    outer loop
      vertex 22.7486 33.4347 2.2
      vertex 22.2866 33.2694 0
      vertex 22.7486 33.4347 0
    endloop
  endfacet
  facet normal 0.903995 0.427543 0
    outer loop
      vertex 19.7904 10.293 2.2
      vertex 19.5806 10.7366 0
      vertex 19.5806 10.7366 2.2
    endloop
  endfacet
  facet normal 0.903995 0.427543 0
    outer loop
      vertex 19.5806 10.7366 0
      vertex 19.7904 10.293 2.2
      vertex 19.7904 10.293 0
    endloop
  endfacet
  facet normal -0.857655 -0.514226 0
    outer loop
      vertex 28.6096 31.007 0
      vertex 28.3573 31.4278 2.2
      vertex 28.3573 31.4278 0
    endloop
  endfacet
  facet normal -0.857655 -0.514226 0
    outer loop
      vertex 28.3573 31.4278 2.2
      vertex 28.6096 31.007 0
      vertex 28.6096 31.007 2.2
    endloop
  endfacet
  facet normal 0.671719 -0.740806 0
    outer loop
      vertex 20.6645 32.1855 0
      vertex 21.028 32.5151 2.2
      vertex 20.6645 32.1855 2.2
    endloop
  endfacet
  facet normal 0.671719 -0.740806 0
    outer loop
      vertex 21.028 32.5151 2.2
      vertex 20.6645 32.1855 0
      vertex 21.028 32.5151 0
    endloop
  endfacet
  facet normal 0.595491 -0.803362 0
    outer loop
      vertex 21.028 32.5151 0
      vertex 21.4222 32.8073 2.2
      vertex 21.028 32.5151 2.2
    endloop
  endfacet
  facet normal 0.595491 -0.803362 0
    outer loop
      vertex 21.4222 32.8073 2.2
      vertex 21.028 32.5151 0
      vertex 21.4222 32.8073 0
    endloop
  endfacet
  facet normal 0.67164 0.740877 -0
    outer loop
      vertex 21.028 8.78495 0
      vertex 20.6645 9.11448 2.2
      vertex 21.028 8.78495 2.2
    endloop
  endfacet
  facet normal 0.67164 0.740877 0
    outer loop
      vertex 20.6645 9.11448 2.2
      vertex 21.028 8.78495 0
      vertex 20.6645 9.11448 0
    endloop
  endfacet
  facet normal -0.427543 0.903995 0
    outer loop
      vertex 26.557 8.24041 0
      vertex 26.1134 8.03061 2.2
      vertex 26.557 8.24041 2.2
    endloop
  endfacet
  facet normal -0.427543 0.903995 0
    outer loop
      vertex 26.1134 8.03061 2.2
      vertex 26.557 8.24041 0
      vertex 26.1134 8.03061 0
    endloop
  endfacet
  facet normal -0.989173 0.146755 0
    outer loop
      vertex 29.1039 11.6746 0
      vertex 29.1759 12.1599 2.2
      vertex 29.1759 12.1599 0
    endloop
  endfacet
  facet normal -0.989173 0.146755 0
    outer loop
      vertex 29.1759 12.1599 2.2
      vertex 29.1039 11.6746 0
      vertex 29.1039 11.6746 2.2
    endloop
  endfacet
  facet normal 0.595596 0.803284 -0
    outer loop
      vertex 21.4222 8.49267 0
      vertex 21.028 8.78495 2.2
      vertex 21.4222 8.49267 2.2
    endloop
  endfacet
  facet normal 0.595596 0.803284 0
    outer loop
      vertex 21.028 8.78495 2.2
      vertex 21.4222 8.49267 0
      vertex 21.028 8.78495 0
    endloop
  endfacet
  facet normal -0.336897 0.941542 0
    outer loop
      vertex 26.1134 8.03061 0
      vertex 25.6514 7.8653 2.2
      vertex 26.1134 8.03061 2.2
    endloop
  endfacet
  facet normal -0.336897 0.941542 0
    outer loop
      vertex 25.6514 7.8653 2.2
      vertex 26.1134 8.03061 0
      vertex 25.6514 7.8653 0
    endloop
  endfacet
  facet normal 0.941548 0.336879 0
    outer loop
      vertex 19.5806 10.7366 2.2
      vertex 19.4153 11.1986 0
      vertex 19.4153 11.1986 2.2
    endloop
  endfacet
  facet normal 0.941548 0.336879 0
    outer loop
      vertex 19.4153 11.1986 0
      vertex 19.5806 10.7366 2.2
      vertex 19.5806 10.7366 0
    endloop
  endfacet
  facet normal -1 0 0
    outer loop
      vertex 46.2 2.2 2.2
      vertex 46.2 39.1 60.4
      vertex 46.2 39.1 2.2
    endloop
  endfacet
  facet normal -1 -0 0
    outer loop
      vertex 46.2 39.1 60.4
      vertex 46.2 2.2 2.2
      vertex 46.2 2.2 60.4
    endloop
  endfacet
  facet normal 0 0 1
    outer loop
      vertex 46.2 39.1 2.2
      vertex 44.4 28.65 2.2
      vertex 46.2 2.2 2.2
    endloop
  endfacet
  facet normal 0 0 1
    outer loop
      vertex 46.2 39.1 2.2
      vertex 44.3759 29.1401 2.2
      vertex 44.4 28.65 2.2
    endloop
  endfacet
  facet normal 0 0 1
    outer loop
      vertex 46.2 39.1 2.2
      vertex 44.3039 29.6254 2.2
      vertex 44.3759 29.1401 2.2
    endloop
  endfacet
  facet normal 0 0 1
    outer loop
      vertex 46.2 39.1 2.2
      vertex 44.1847 30.1014 2.2
      vertex 44.3039 29.6254 2.2
    endloop
  endfacet
  facet normal 0 0 1
    outer loop
      vertex 46.2 39.1 2.2
      vertex 44.0194 30.5634 2.2
      vertex 44.1847 30.1014 2.2
    endloop
  endfacet
  facet normal 0 0 1
    outer loop
      vertex 46.2 39.1 2.2
      vertex 43.8096 31.007 2.2
      vertex 44.0194 30.5634 2.2
    endloop
  endfacet
  facet normal 0 0 1
    outer loop
      vertex 46.2 39.1 2.2
      vertex 43.5573 31.4278 2.2
      vertex 43.8096 31.007 2.2
    endloop
  endfacet
  facet normal 0 0 1
    outer loop
      vertex 46.2 39.1 2.2
      vertex 43.2651 31.822 2.2
      vertex 43.5573 31.4278 2.2
    endloop
  endfacet
  facet normal 0 0 1
    outer loop
      vertex 46.2 39.1 2.2
      vertex 42.9355 32.1855 2.2
      vertex 43.2651 31.822 2.2
    endloop
  endfacet
  facet normal 0 0 1
    outer loop
      vertex 46.2 39.1 2.2
      vertex 42.572 32.5151 2.2
      vertex 42.9355 32.1855 2.2
    endloop
  endfacet
  facet normal 0 0 1
    outer loop
      vertex 46.2 39.1 2.2
      vertex 42.1778 32.8073 2.2
      vertex 42.572 32.5151 2.2
    endloop
  endfacet
  facet normal 0 0 1
    outer loop
      vertex 46.2 39.1 2.2
      vertex 41.757 33.0596 2.2
      vertex 42.1778 32.8073 2.2
    endloop
  endfacet
  facet normal 0 0 1
    outer loop
      vertex 46.2 39.1 2.2
      vertex 41.3134 33.2694 2.2
      vertex 41.757 33.0596 2.2
    endloop
  endfacet
  facet normal 0 0 1
    outer loop
      vertex 46.2 39.1 2.2
      vertex 40.8514 33.4347 2.2
      vertex 41.3134 33.2694 2.2
    endloop
  endfacet
  facet normal 0 0 1
    outer loop
      vertex 46.2 39.1 2.2
      vertex 40.3755 33.5539 2.2
      vertex 40.8514 33.4347 2.2
    endloop
  endfacet
  facet normal 0 0 1
    outer loop
      vertex 46.2 39.1 2.2
      vertex 39.8901 33.6259 2.2
      vertex 40.3755 33.5539 2.2
    endloop
  endfacet
  facet normal 0 0 1
    outer loop
      vertex 46.2 39.1 2.2
      vertex 39.4 33.65 2.2
      vertex 39.8901 33.6259 2.2
    endloop
  endfacet
  facet normal -0 0 1
    outer loop
      vertex 32.6 39.1 2.2
      vertex 39.4 33.65 2.2
      vertex 46.2 39.1 2.2
    endloop
  endfacet
  facet normal 0 0 1
    outer loop
      vertex 39.4 33.65 2.2
      vertex 32.6 39.1 2.2
      vertex 38.9099 33.6259 2.2
    endloop
  endfacet
  facet normal 0 0 1
    outer loop
      vertex 38.9099 33.6259 2.2
      vertex 32.6 39.1 2.2
      vertex 38.4246 33.5539 2.2
    endloop
  endfacet
  facet normal 0 0 1
    outer loop
      vertex 38.4246 33.5539 2.2
      vertex 32.6 39.1 2.2
      vertex 37.9486 33.4347 2.2
    endloop
  endfacet
  facet normal 0 0 1
    outer loop
      vertex 37.9486 33.4347 2.2
      vertex 32.6 39.1 2.2
      vertex 37.4866 33.2694 2.2
    endloop
  endfacet
  facet normal 0 0 1
    outer loop
      vertex 37.4866 33.2694 2.2
      vertex 32.6 39.1 2.2
      vertex 37.043 33.0596 2.2
    endloop
  endfacet
  facet normal 0 0 1
    outer loop
      vertex 34.4 28.65 2.2
      vertex 32.6 39.1 2.2
      vertex 34.4 12.65 2.2
    endloop
  endfacet
  facet normal 0 0 1
    outer loop
      vertex 34.4241 29.1401 2.2
      vertex 32.6 39.1 2.2
      vertex 34.4 28.65 2.2
    endloop
  endfacet
  facet normal 0 0 1
    outer loop
      vertex 34.4961 29.6254 2.2
      vertex 32.6 39.1 2.2
      vertex 34.4241 29.1401 2.2
    endloop
  endfacet
  facet normal 0 0 1
    outer loop
      vertex 34.6153 30.1014 2.2
      vertex 32.6 39.1 2.2
      vertex 34.4961 29.6254 2.2
    endloop
  endfacet
  facet normal 0 0 1
    outer loop
      vertex 34.7806 30.5634 2.2
      vertex 32.6 39.1 2.2
      vertex 34.6153 30.1014 2.2
    endloop
  endfacet
  facet normal 0 0 1
    outer loop
      vertex 34.9904 31.007 2.2
      vertex 32.6 39.1 2.2
      vertex 34.7806 30.5634 2.2
    endloop
  endfacet
  facet normal 0 0 1
    outer loop
      vertex 35.2427 31.4278 2.2
      vertex 32.6 39.1 2.2
      vertex 34.9904 31.007 2.2
    endloop
  endfacet
  facet normal 0 0 1
    outer loop
      vertex 35.535 31.822 2.2
      vertex 32.6 39.1 2.2
      vertex 35.2427 31.4278 2.2
    endloop
  endfacet
  facet normal 0 0 1
    outer loop
      vertex 35.8645 32.1855 2.2
      vertex 32.6 39.1 2.2
      vertex 35.535 31.822 2.2
    endloop
  endfacet
  facet normal 0 0 1
    outer loop
      vertex 36.2281 32.5151 2.2
      vertex 32.6 39.1 2.2
      vertex 35.8645 32.1855 2.2
    endloop
  endfacet
  facet normal 0 0 1
    outer loop
      vertex 36.6222 32.8073 2.2
      vertex 32.6 39.1 2.2
      vertex 36.2281 32.5151 2.2
    endloop
  endfacet
  facet normal 0 0 1
    outer loop
      vertex 37.043 33.0596 2.2
      vertex 32.6 39.1 2.2
      vertex 36.6222 32.8073 2.2
    endloop
  endfacet
  facet normal -0 0 1
    outer loop
      vertex 44.4 12.65 2.2
      vertex 46.2 2.2 2.2
      vertex 44.4 28.65 2.2
    endloop
  endfacet
  facet normal -0 0 1
    outer loop
      vertex 44.3759 12.1599 2.2
      vertex 46.2 2.2 2.2
      vertex 44.4 12.65 2.2
    endloop
  endfacet
  facet normal -0 0 1
    outer loop
      vertex 44.3039 11.6746 2.2
      vertex 46.2 2.2 2.2
      vertex 44.3759 12.1599 2.2
    endloop
  endfacet
  facet normal -0 0 1
    outer loop
      vertex 44.1847 11.1986 2.2
      vertex 46.2 2.2 2.2
      vertex 44.3039 11.6746 2.2
    endloop
  endfacet
  facet normal -0 0 1
    outer loop
      vertex 44.0194 10.7366 2.2
      vertex 46.2 2.2 2.2
      vertex 44.1847 11.1986 2.2
    endloop
  endfacet
  facet normal -0 0 1
    outer loop
      vertex 43.8096 10.293 2.2
      vertex 46.2 2.2 2.2
      vertex 44.0194 10.7366 2.2
    endloop
  endfacet
  facet normal -0 0 1
    outer loop
      vertex 43.5573 9.87215 2.2
      vertex 46.2 2.2 2.2
      vertex 43.8096 10.293 2.2
    endloop
  endfacet
  facet normal -0 0 1
    outer loop
      vertex 43.2651 9.47805 2.2
      vertex 46.2 2.2 2.2
      vertex 43.5573 9.87215 2.2
    endloop
  endfacet
  facet normal -0 0 1
    outer loop
      vertex 42.9355 9.11448 2.2
      vertex 46.2 2.2 2.2
      vertex 43.2651 9.47805 2.2
    endloop
  endfacet
  facet normal -0 0 1
    outer loop
      vertex 42.572 8.78495 2.2
      vertex 46.2 2.2 2.2
      vertex 42.9355 9.11448 2.2
    endloop
  endfacet
  facet normal -0 0 1
    outer loop
      vertex 42.1778 8.49267 2.2
      vertex 46.2 2.2 2.2
      vertex 42.572 8.78495 2.2
    endloop
  endfacet
  facet normal -0 0 1
    outer loop
      vertex 41.757 8.24041 2.2
      vertex 46.2 2.2 2.2
      vertex 42.1778 8.49267 2.2
    endloop
  endfacet
  facet normal -0 0 1
    outer loop
      vertex 41.3134 8.03061 2.2
      vertex 46.2 2.2 2.2
      vertex 41.757 8.24041 2.2
    endloop
  endfacet
  facet normal -0 0 1
    outer loop
      vertex 40.8514 7.8653 2.2
      vertex 46.2 2.2 2.2
      vertex 41.3134 8.03061 2.2
    endloop
  endfacet
  facet normal -0 0 1
    outer loop
      vertex 40.3755 7.74608 2.2
      vertex 46.2 2.2 2.2
      vertex 40.8514 7.8653 2.2
    endloop
  endfacet
  facet normal -0 0 1
    outer loop
      vertex 39.8901 7.67408 2.2
      vertex 46.2 2.2 2.2
      vertex 40.3755 7.74608 2.2
    endloop
  endfacet
  facet normal -0 0 1
    outer loop
      vertex 39.4 7.65 2.2
      vertex 46.2 2.2 2.2
      vertex 39.8901 7.67408 2.2
    endloop
  endfacet
  facet normal 0 0 1
    outer loop
      vertex 32.6 2.2 2.2
      vertex 39.4 7.65 2.2
      vertex 38.9099 7.67408 2.2
    endloop
  endfacet
  facet normal 0 0 1
    outer loop
      vertex 32.6 2.2 2.2
      vertex 38.9099 7.67408 2.2
      vertex 38.4246 7.74608 2.2
    endloop
  endfacet
  facet normal 0 0 1
    outer loop
      vertex 32.6 2.2 2.2
      vertex 38.4246 7.74608 2.2
      vertex 37.9486 7.8653 2.2
    endloop
  endfacet
  facet normal 0 0 1
    outer loop
      vertex 32.6 2.2 2.2
      vertex 37.9486 7.8653 2.2
      vertex 37.4866 8.03061 2.2
    endloop
  endfacet
  facet normal 0 0 1
    outer loop
      vertex 32.6 2.2 2.2
      vertex 37.4866 8.03061 2.2
      vertex 37.043 8.24041 2.2
    endloop
  endfacet
  facet normal 0 0 1
    outer loop
      vertex 32.6 2.2 2.2
      vertex 37.043 8.24041 2.2
      vertex 36.6222 8.49267 2.2
    endloop
  endfacet
  facet normal 0 0 1
    outer loop
      vertex 32.6 2.2 2.2
      vertex 34.4 12.65 2.2
      vertex 32.6 39.1 2.2
    endloop
  endfacet
  facet normal 0 0 1
    outer loop
      vertex 39.4 7.65 2.2
      vertex 32.6 2.2 2.2
      vertex 46.2 2.2 2.2
    endloop
  endfacet
  facet normal 0 0 1
    outer loop
      vertex 36.2281 8.78495 2.2
      vertex 32.6 2.2 2.2
      vertex 36.6222 8.49267 2.2
    endloop
  endfacet
  facet normal 0 0 1
    outer loop
      vertex 35.8645 9.11448 2.2
      vertex 32.6 2.2 2.2
      vertex 36.2281 8.78495 2.2
    endloop
  endfacet
  facet normal 0 0 1
    outer loop
      vertex 35.535 9.47805 2.2
      vertex 32.6 2.2 2.2
      vertex 35.8645 9.11448 2.2
    endloop
  endfacet
  facet normal 0 0 1
    outer loop
      vertex 35.2427 9.87215 2.2
      vertex 32.6 2.2 2.2
      vertex 35.535 9.47805 2.2
    endloop
  endfacet
  facet normal 0 0 1
    outer loop
      vertex 34.9904 10.293 2.2
      vertex 32.6 2.2 2.2
      vertex 35.2427 9.87215 2.2
    endloop
  endfacet
  facet normal 0 0 1
    outer loop
      vertex 34.7806 10.7366 2.2
      vertex 32.6 2.2 2.2
      vertex 34.9904 10.293 2.2
    endloop
  endfacet
  facet normal 0 0 1
    outer loop
      vertex 34.6153 11.1986 2.2
      vertex 32.6 2.2 2.2
      vertex 34.7806 10.7366 2.2
    endloop
  endfacet
  facet normal 0 0 1
    outer loop
      vertex 34.4961 11.6746 2.2
      vertex 32.6 2.2 2.2
      vertex 34.6153 11.1986 2.2
    endloop
  endfacet
  facet normal 0 0 1
    outer loop
      vertex 34.4241 12.1599 2.2
      vertex 32.6 2.2 2.2
      vertex 34.4961 11.6746 2.2
    endloop
  endfacet
  facet normal 0 0 1
    outer loop
      vertex 34.4 12.65 2.2
      vertex 32.6 2.2 2.2
      vertex 34.4241 12.1599 2.2
    endloop
  endfacet
  facet normal 1 -0 0
    outer loop
      vertex 32.6 2.2 60.4
      vertex 32.6 39.1 2.2
      vertex 32.6 39.1 60.4
    endloop
  endfacet
  facet normal 1 0 0
    outer loop
      vertex 32.6 39.1 2.2
      vertex 32.6 2.2 60.4
      vertex 32.6 2.2 2.2
    endloop
  endfacet
  facet normal 0 -1 0
    outer loop
      vertex 32.6 39.1 2.2
      vertex 46.2 39.1 57.4
      vertex 32.6 39.1 57.4
    endloop
  endfacet
  facet normal 0 -1 -0
    outer loop
      vertex 46.2 39.1 57.4
      vertex 32.6 39.1 2.2
      vertex 46.2 39.1 2.2
    endloop
  endfacet
  facet normal 0 -1 0
    outer loop
      vertex 32.6 39.1 59.6
      vertex 46.2 39.1 60.4
      vertex 32.6 39.1 60.4
    endloop
  endfacet
  facet normal 0 -1 -0
    outer loop
      vertex 46.2 39.1 60.4
      vertex 32.6 39.1 59.6
      vertex 46.2 39.1 59.6
    endloop
  endfacet
  facet normal 0 -0 0
    outer loop
      vertex 46.2 39.1 57.4
      vertex 46.2 39.1 2.2
      vertex 46.2 39.1 60.4
    endloop
  endfacet
  facet normal 0 0 0
    outer loop
      vertex 32.6 39.1 57.4
      vertex 32.6 39.1 59.6
      vertex 32.6 39.1 60.4
    endloop
  endfacet
  facet normal -0 0 0
    outer loop
      vertex 32.6 39.1 57.4
      vertex 32.6 39.1 60.4
      vertex 32.6 39.1 2.2
    endloop
  endfacet
  facet normal 0 0 0
    outer loop
      vertex 46.2 39.1 60.4
      vertex 46.2 39.1 59.6
      vertex 46.2 39.1 57.4
    endloop
  endfacet
  facet normal 0 1 -0
    outer loop
      vertex 46.2 2.2 2.2
      vertex 32.6 2.2 60.4
      vertex 46.2 2.2 60.4
    endloop
  endfacet
  facet normal 0 1 0
    outer loop
      vertex 32.6 2.2 60.4
      vertex 46.2 2.2 2.2
      vertex 32.6 2.2 2.2
    endloop
  endfacet
  facet normal 0.989173 0.146755 0
    outer loop
      vertex 34.4961 11.6746 2.2
      vertex 34.4241 12.1599 0
      vertex 34.4241 12.1599 2.2
    endloop
  endfacet
  facet normal 0.989173 0.146755 0
    outer loop
      vertex 34.4241 12.1599 0
      vertex 34.4961 11.6746 2.2
      vertex 34.4961 11.6746 0
    endloop
  endfacet
  facet normal 0.998793 0.0491143 0
    outer loop
      vertex 34.4241 12.1599 2.2
      vertex 34.4 12.65 0
      vertex 34.4 12.65 2.2
    endloop
  endfacet
  facet normal 0.998793 0.0491143 0
    outer loop
      vertex 34.4 12.65 0
      vertex 34.4241 12.1599 2.2
      vertex 34.4241 12.1599 0
    endloop
  endfacet
  facet normal 0.970047 -0.242919 0
    outer loop
      vertex 34.4961 29.6254 2.2
      vertex 34.6153 30.1014 0
      vertex 34.6153 30.1014 2.2
    endloop
  endfacet
  facet normal 0.970047 -0.242919 0
    outer loop
      vertex 34.6153 30.1014 0
      vertex 34.4961 29.6254 2.2
      vertex 34.4961 29.6254 0
    endloop
  endfacet
  facet normal -0.243006 0.970025 0
    outer loop
      vertex 40.8514 7.8653 0
      vertex 40.3755 7.74608 2.2
      vertex 40.8514 7.8653 2.2
    endloop
  endfacet
  facet normal -0.243006 0.970025 0
    outer loop
      vertex 40.3755 7.74608 2.2
      vertex 40.8514 7.8653 0
      vertex 40.3755 7.74608 0
    endloop
  endfacet
  facet normal -0.740871 0.671648 0
    outer loop
      vertex 42.9355 9.11448 0
      vertex 43.2651 9.47805 2.2
      vertex 43.2651 9.47805 0
    endloop
  endfacet
  facet normal -0.740871 0.671648 0
    outer loop
      vertex 43.2651 9.47805 2.2
      vertex 42.9355 9.11448 0
      vertex 42.9355 9.11448 2.2
    endloop
  endfacet
  facet normal -0.989173 -0.146755 0
    outer loop
      vertex 44.3759 29.1401 0
      vertex 44.3039 29.6254 2.2
      vertex 44.3039 29.6254 0
    endloop
  endfacet
  facet normal -0.989173 -0.146755 0
    outer loop
      vertex 44.3039 29.6254 2.2
      vertex 44.3759 29.1401 0
      vertex 44.3759 29.1401 2.2
    endloop
  endfacet
  facet normal -0.67164 0.740877 0
    outer loop
      vertex 42.9355 9.11448 0
      vertex 42.572 8.78495 2.2
      vertex 42.9355 9.11448 2.2
    endloop
  endfacet
  facet normal -0.67164 0.740877 0
    outer loop
      vertex 42.572 8.78495 2.2
      vertex 42.9355 9.11448 0
      vertex 42.572 8.78495 0
    endloop
  endfacet
  facet normal 0.427543 0.903995 -0
    outer loop
      vertex 37.4866 8.03061 0
      vertex 37.043 8.24041 2.2
      vertex 37.4866 8.03061 2.2
    endloop
  endfacet
  facet normal 0.427543 0.903995 0
    outer loop
      vertex 37.043 8.24041 2.2
      vertex 37.4866 8.03061 0
      vertex 37.043 8.24041 0
    endloop
  endfacet
  facet normal -1 0 0
    outer loop
      vertex 44.4 12.65 0
      vertex 44.4 28.65 2.2
      vertex 44.4 28.65 0
    endloop
  endfacet
  facet normal -1 -0 0
    outer loop
      vertex 44.4 28.65 2.2
      vertex 44.4 12.65 0
      vertex 44.4 12.65 2.2
    endloop
  endfacet
  facet normal -0.903995 0.427543 0
    outer loop
      vertex 43.8096 10.293 0
      vertex 44.0194 10.7366 2.2
      vertex 44.0194 10.7366 0
    endloop
  endfacet
  facet normal -0.903995 0.427543 0
    outer loop
      vertex 44.0194 10.7366 2.2
      vertex 43.8096 10.293 0
      vertex 43.8096 10.293 2.2
    endloop
  endfacet
  facet normal -0.514166 0.857691 0
    outer loop
      vertex 42.1778 8.49267 0
      vertex 41.757 8.24041 2.2
      vertex 42.1778 8.49267 2.2
    endloop
  endfacet
  facet normal -0.514166 0.857691 0
    outer loop
      vertex 41.757 8.24041 2.2
      vertex 42.1778 8.49267 0
      vertex 41.757 8.24041 0
    endloop
  endfacet
  facet normal 0.146755 0.989173 -0
    outer loop
      vertex 38.9099 7.67408 0
      vertex 38.4246 7.74608 2.2
      vertex 38.9099 7.67408 2.2
    endloop
  endfacet
  facet normal 0.146755 0.989173 0
    outer loop
      vertex 38.4246 7.74608 2.2
      vertex 38.9099 7.67408 0
      vertex 38.4246 7.74608 0
    endloop
  endfacet
  facet normal 1 -0 0
    outer loop
      vertex 34.4 12.65 2.2
      vertex 34.4 28.65 0
      vertex 34.4 28.65 2.2
    endloop
  endfacet
  facet normal 1 0 0
    outer loop
      vertex 34.4 28.65 0
      vertex 34.4 12.65 2.2
      vertex 34.4 12.65 0
    endloop
  endfacet
  facet normal 0.857655 -0.514226 0
    outer loop
      vertex 34.9904 31.007 2.2
      vertex 35.2427 31.4278 0
      vertex 35.2427 31.4278 2.2
    endloop
  endfacet
  facet normal 0.857655 -0.514226 0
    outer loop
      vertex 35.2427 31.4278 0
      vertex 34.9904 31.007 2.2
      vertex 34.9904 31.007 0
    endloop
  endfacet
  facet normal -0.671719 -0.740806 0
    outer loop
      vertex 42.572 32.5151 0
      vertex 42.9355 32.1855 2.2
      vertex 42.572 32.5151 2.2
    endloop
  endfacet
  facet normal -0.671719 -0.740806 -0
    outer loop
      vertex 42.9355 32.1855 2.2
      vertex 42.572 32.5151 0
      vertex 42.9355 32.1855 0
    endloop
  endfacet
  facet normal -0.941548 0.336879 0
    outer loop
      vertex 44.0194 10.7366 0
      vertex 44.1847 11.1986 2.2
      vertex 44.1847 11.1986 0
    endloop
  endfacet
  facet normal -0.941548 0.336879 0
    outer loop
      vertex 44.1847 11.1986 2.2
      vertex 44.0194 10.7366 0
      vertex 44.0194 10.7366 2.2
    endloop
  endfacet
  facet normal 0.903995 -0.427543 0
    outer loop
      vertex 34.7806 30.5634 2.2
      vertex 34.9904 31.007 0
      vertex 34.9904 31.007 2.2
    endloop
  endfacet
  facet normal 0.903995 -0.427543 0
    outer loop
      vertex 34.9904 31.007 0
      vertex 34.7806 30.5634 2.2
      vertex 34.7806 30.5634 0
    endloop
  endfacet
  facet normal -0.941548 -0.336879 0
    outer loop
      vertex 44.1847 30.1014 0
      vertex 44.0194 30.5634 2.2
      vertex 44.0194 30.5634 0
    endloop
  endfacet
  facet normal -0.941548 -0.336879 0
    outer loop
      vertex 44.0194 30.5634 2.2
      vertex 44.1847 30.1014 0
      vertex 44.1847 30.1014 2.2
    endloop
  endfacet
  facet normal -0.740806 -0.671719 0
    outer loop
      vertex 43.2651 31.822 0
      vertex 42.9355 32.1855 2.2
      vertex 42.9355 32.1855 0
    endloop
  endfacet
  facet normal -0.740806 -0.671719 0
    outer loop
      vertex 42.9355 32.1855 2.2
      vertex 43.2651 31.822 0
      vertex 43.2651 31.822 2.2
    endloop
  endfacet
  facet normal 0.0490736 0.998795 -0
    outer loop
      vertex 39.4 7.65 0
      vertex 38.9099 7.67408 2.2
      vertex 39.4 7.65 2.2
    endloop
  endfacet
  facet normal 0.0490736 0.998795 0
    outer loop
      vertex 38.9099 7.67408 2.2
      vertex 39.4 7.65 0
      vertex 38.9099 7.67408 0
    endloop
  endfacet
  facet normal 0.0491143 -0.998793 0
    outer loop
      vertex 38.9099 33.6259 0
      vertex 39.4 33.65 2.2
      vertex 38.9099 33.6259 2.2
    endloop
  endfacet
  facet normal 0.0491143 -0.998793 0
    outer loop
      vertex 39.4 33.65 2.2
      vertex 38.9099 33.6259 0
      vertex 39.4 33.65 0
    endloop
  endfacet
  facet normal 0.514226 -0.857655 0
    outer loop
      vertex 36.6222 32.8073 0
      vertex 37.043 33.0596 2.2
      vertex 36.6222 32.8073 2.2
    endloop
  endfacet
  facet normal 0.514226 -0.857655 0
    outer loop
      vertex 37.043 33.0596 2.2
      vertex 36.6222 32.8073 0
      vertex 37.043 33.0596 0
    endloop
  endfacet
  facet normal -0.903995 -0.427543 0
    outer loop
      vertex 44.0194 30.5634 0
      vertex 43.8096 31.007 2.2
      vertex 43.8096 31.007 0
    endloop
  endfacet
  facet normal -0.903995 -0.427543 0
    outer loop
      vertex 43.8096 31.007 2.2
      vertex 44.0194 30.5634 0
      vertex 44.0194 30.5634 2.2
    endloop
  endfacet
  facet normal -0.595491 -0.803362 0
    outer loop
      vertex 42.1778 32.8073 0
      vertex 42.572 32.5151 2.2
      vertex 42.1778 32.8073 2.2
    endloop
  endfacet
  facet normal -0.595491 -0.803362 -0
    outer loop
      vertex 42.572 32.5151 2.2
      vertex 42.1778 32.8073 0
      vertex 42.572 32.5151 0
    endloop
  endfacet
  facet normal -0.998793 -0.0491143 0
    outer loop
      vertex 44.4 28.65 0
      vertex 44.3759 29.1401 2.2
      vertex 44.3759 29.1401 0
    endloop
  endfacet
  facet normal -0.998793 -0.0491143 0
    outer loop
      vertex 44.3759 29.1401 2.2
      vertex 44.4 28.65 0
      vertex 44.4 28.65 2.2
    endloop
  endfacet
  facet normal 0.242958 0.970037 -0
    outer loop
      vertex 38.4246 7.74608 0
      vertex 37.9486 7.8653 2.2
      vertex 38.4246 7.74608 2.2
    endloop
  endfacet
  facet normal 0.242958 0.970037 0
    outer loop
      vertex 37.9486 7.8653 2.2
      vertex 38.4246 7.74608 0
      vertex 37.9486 7.8653 0
    endloop
  endfacet
  facet normal -0.970047 -0.242919 0
    outer loop
      vertex 44.3039 29.6254 0
      vertex 44.1847 30.1014 2.2
      vertex 44.1847 30.1014 0
    endloop
  endfacet
  facet normal -0.970047 -0.242919 0
    outer loop
      vertex 44.1847 30.1014 2.2
      vertex 44.3039 29.6254 0
      vertex 44.3039 29.6254 2.2
    endloop
  endfacet
  facet normal 0.989173 -0.146755 0
    outer loop
      vertex 34.4241 29.1401 2.2
      vertex 34.4961 29.6254 0
      vertex 34.4961 29.6254 2.2
    endloop
  endfacet
  facet normal 0.989173 -0.146755 0
    outer loop
      vertex 34.4961 29.6254 0
      vertex 34.4241 29.1401 2.2
      vertex 34.4241 29.1401 0
    endloop
  endfacet
  facet normal 0.941548 -0.336879 0
    outer loop
      vertex 34.6153 30.1014 2.2
      vertex 34.7806 30.5634 0
      vertex 34.7806 30.5634 2.2
    endloop
  endfacet
  facet normal 0.941548 -0.336879 0
    outer loop
      vertex 34.7806 30.5634 0
      vertex 34.6153 30.1014 2.2
      vertex 34.6153 30.1014 0
    endloop
  endfacet
  facet normal 0.998793 -0.0491143 0
    outer loop
      vertex 34.4 28.65 2.2
      vertex 34.4241 29.1401 0
      vertex 34.4241 29.1401 2.2
    endloop
  endfacet
  facet normal 0.998793 -0.0491143 0
    outer loop
      vertex 34.4241 29.1401 0
      vertex 34.4 28.65 2.2
      vertex 34.4 28.65 0
    endloop
  endfacet
  facet normal 0.514166 0.857691 -0
    outer loop
      vertex 37.043 8.24041 0
      vertex 36.6222 8.49267 2.2
      vertex 37.043 8.24041 2.2
    endloop
  endfacet
  facet normal 0.514166 0.857691 0
    outer loop
      vertex 36.6222 8.49267 2.2
      vertex 37.043 8.24041 0
      vertex 36.6222 8.49267 0
    endloop
  endfacet
  facet normal -0.146726 0.989177 0
    outer loop
      vertex 40.3755 7.74608 0
      vertex 39.8901 7.67408 2.2
      vertex 40.3755 7.74608 2.2
    endloop
  endfacet
  facet normal -0.146726 0.989177 0
    outer loop
      vertex 39.8901 7.67408 2.2
      vertex 40.3755 7.74608 0
      vertex 39.8901 7.67408 0
    endloop
  endfacet
  facet normal 0.803265 -0.595622 0
    outer loop
      vertex 35.2427 31.4278 2.2
      vertex 35.535 31.822 0
      vertex 35.535 31.822 2.2
    endloop
  endfacet
  facet normal 0.803265 -0.595622 0
    outer loop
      vertex 35.535 31.822 0
      vertex 35.2427 31.4278 2.2
      vertex 35.2427 31.4278 0
    endloop
  endfacet
  facet normal -0.514226 -0.857655 0
    outer loop
      vertex 41.757 33.0596 0
      vertex 42.1778 32.8073 2.2
      vertex 41.757 33.0596 2.2
    endloop
  endfacet
  facet normal -0.514226 -0.857655 -0
    outer loop
      vertex 42.1778 32.8073 2.2
      vertex 41.757 33.0596 0
      vertex 42.1778 32.8073 0
    endloop
  endfacet
  facet normal 0.427543 -0.903995 0
    outer loop
      vertex 37.043 33.0596 0
      vertex 37.4866 33.2694 2.2
      vertex 37.043 33.0596 2.2
    endloop
  endfacet
  facet normal 0.427543 -0.903995 0
    outer loop
      vertex 37.4866 33.2694 2.2
      vertex 37.043 33.0596 0
      vertex 37.4866 33.2694 0
    endloop
  endfacet
  facet normal -0.0490736 0.998795 0
    outer loop
      vertex 39.8901 7.67408 0
      vertex 39.4 7.65 2.2
      vertex 39.8901 7.67408 2.2
    endloop
  endfacet
  facet normal -0.0490736 0.998795 0
    outer loop
      vertex 39.4 7.65 2.2
      vertex 39.8901 7.67408 0
      vertex 39.4 7.65 0
    endloop
  endfacet
  facet normal 0.740972 0.671536 0
    outer loop
      vertex 35.8645 9.11448 2.2
      vertex 35.535 9.47805 0
      vertex 35.535 9.47805 2.2
    endloop
  endfacet
  facet normal 0.740972 0.671536 0
    outer loop
      vertex 35.535 9.47805 0
      vertex 35.8645 9.11448 2.2
      vertex 35.8645 9.11448 0
    endloop
  endfacet
  facet normal -0.803362 -0.595491 0
    outer loop
      vertex 43.5573 31.4278 0
      vertex 43.2651 31.822 2.2
      vertex 43.2651 31.822 0
    endloop
  endfacet
  facet normal -0.803362 -0.595491 0
    outer loop
      vertex 43.2651 31.822 2.2
      vertex 43.5573 31.4278 0
      vertex 43.5573 31.4278 2.2
    endloop
  endfacet
  facet normal 0.146755 -0.989173 0
    outer loop
      vertex 38.4246 33.5539 0
      vertex 38.9099 33.6259 2.2
      vertex 38.4246 33.5539 2.2
    endloop
  endfacet
  facet normal 0.146755 -0.989173 0
    outer loop
      vertex 38.9099 33.6259 2.2
      vertex 38.4246 33.5539 0
      vertex 38.9099 33.6259 0
    endloop
  endfacet
  facet normal -0.595596 0.803284 0
    outer loop
      vertex 42.572 8.78495 0
      vertex 42.1778 8.49267 2.2
      vertex 42.572 8.78495 2.2
    endloop
  endfacet
  facet normal -0.595596 0.803284 0
    outer loop
      vertex 42.1778 8.49267 2.2
      vertex 42.572 8.78495 0
      vertex 42.1778 8.49267 0
    endloop
  endfacet
  facet normal -0.0491143 -0.998793 0
    outer loop
      vertex 39.4 33.65 0
      vertex 39.8901 33.6259 2.2
      vertex 39.4 33.65 2.2
    endloop
  endfacet
  facet normal -0.0491143 -0.998793 -0
    outer loop
      vertex 39.8901 33.6259 2.2
      vertex 39.4 33.65 0
      vertex 39.8901 33.6259 0
    endloop
  endfacet
  facet normal -0.998793 0.0491143 0
    outer loop
      vertex 44.3759 12.1599 0
      vertex 44.4 12.65 2.2
      vertex 44.4 12.65 0
    endloop
  endfacet
  facet normal -0.998793 0.0491143 0
    outer loop
      vertex 44.4 12.65 2.2
      vertex 44.3759 12.1599 0
      vertex 44.3759 12.1599 2.2
    endloop
  endfacet
  facet normal -0.242967 -0.970034 0
    outer loop
      vertex 40.3755 33.5539 0
      vertex 40.8514 33.4347 2.2
      vertex 40.3755 33.5539 2.2
    endloop
  endfacet
  facet normal -0.242967 -0.970034 -0
    outer loop
      vertex 40.8514 33.4347 2.2
      vertex 40.3755 33.5539 0
      vertex 40.8514 33.4347 0
    endloop
  endfacet
  facet normal 0.740908 -0.671607 0
    outer loop
      vertex 35.535 31.822 2.2
      vertex 35.8645 32.1855 0
      vertex 35.8645 32.1855 2.2
    endloop
  endfacet
  facet normal 0.740908 -0.671607 0
    outer loop
      vertex 35.8645 32.1855 0
      vertex 35.535 31.822 2.2
      vertex 35.535 31.822 0
    endloop
  endfacet
  facet normal 0.857682 0.514181 0
    outer loop
      vertex 35.2427 9.87215 2.2
      vertex 34.9904 10.293 0
      vertex 34.9904 10.293 2.2
    endloop
  endfacet
  facet normal 0.857682 0.514181 0
    outer loop
      vertex 34.9904 10.293 0
      vertex 35.2427 9.87215 2.2
      vertex 35.2427 9.87215 0
    endloop
  endfacet
  facet normal 0.803192 0.59572 0
    outer loop
      vertex 35.535 9.47805 2.2
      vertex 35.2427 9.87215 0
      vertex 35.2427 9.87215 2.2
    endloop
  endfacet
  facet normal 0.803192 0.59572 0
    outer loop
      vertex 35.2427 9.87215 0
      vertex 35.535 9.47805 2.2
      vertex 35.535 9.47805 0
    endloop
  endfacet
  facet normal -0.970047 0.242919 0
    outer loop
      vertex 44.1847 11.1986 0
      vertex 44.3039 11.6746 2.2
      vertex 44.3039 11.6746 0
    endloop
  endfacet
  facet normal -0.970047 0.242919 0
    outer loop
      vertex 44.3039 11.6746 2.2
      vertex 44.1847 11.1986 0
      vertex 44.1847 11.1986 2.2
    endloop
  endfacet
  facet normal -0.336879 -0.941548 0
    outer loop
      vertex 40.8514 33.4347 0
      vertex 41.3134 33.2694 2.2
      vertex 40.8514 33.4347 2.2
    endloop
  endfacet
  facet normal -0.336879 -0.941548 -0
    outer loop
      vertex 41.3134 33.2694 2.2
      vertex 40.8514 33.4347 0
      vertex 41.3134 33.2694 0
    endloop
  endfacet
  facet normal -0.857682 0.514181 0
    outer loop
      vertex 43.5573 9.87215 0
      vertex 43.8096 10.293 2.2
      vertex 43.8096 10.293 0
    endloop
  endfacet
  facet normal -0.857682 0.514181 0
    outer loop
      vertex 43.8096 10.293 2.2
      vertex 43.5573 9.87215 0
      vertex 43.5573 9.87215 2.2
    endloop
  endfacet
  facet normal -0.80329 0.595588 0
    outer loop
      vertex 43.2651 9.47805 0
      vertex 43.5573 9.87215 2.2
      vertex 43.5573 9.87215 0
    endloop
  endfacet
  facet normal -0.80329 0.595588 0
    outer loop
      vertex 43.5573 9.87215 2.2
      vertex 43.2651 9.47805 0
      vertex 43.2651 9.47805 2.2
    endloop
  endfacet
  facet normal 0.336897 0.941542 -0
    outer loop
      vertex 37.9486 7.8653 0
      vertex 37.4866 8.03061 2.2
      vertex 37.9486 7.8653 2.2
    endloop
  endfacet
  facet normal 0.336897 0.941542 0
    outer loop
      vertex 37.4866 8.03061 2.2
      vertex 37.9486 7.8653 0
      vertex 37.4866 8.03061 0
    endloop
  endfacet
  facet normal -0.146726 -0.989177 0
    outer loop
      vertex 39.8901 33.6259 0
      vertex 40.3755 33.5539 2.2
      vertex 39.8901 33.6259 2.2
    endloop
  endfacet
  facet normal -0.146726 -0.989177 -0
    outer loop
      vertex 40.3755 33.5539 2.2
      vertex 39.8901 33.6259 0
      vertex 40.3755 33.5539 0
    endloop
  endfacet
  facet normal 0.242919 -0.970047 0
    outer loop
      vertex 37.9486 33.4347 0
      vertex 38.4246 33.5539 2.2
      vertex 37.9486 33.4347 2.2
    endloop
  endfacet
  facet normal 0.242919 -0.970047 0
    outer loop
      vertex 38.4246 33.5539 2.2
      vertex 37.9486 33.4347 0
      vertex 38.4246 33.5539 0
    endloop
  endfacet
  facet normal -0.427543 -0.903995 0
    outer loop
      vertex 41.3134 33.2694 0
      vertex 41.757 33.0596 2.2
      vertex 41.3134 33.2694 2.2
    endloop
  endfacet
  facet normal -0.427543 -0.903995 -0
    outer loop
      vertex 41.757 33.0596 2.2
      vertex 41.3134 33.2694 0
      vertex 41.757 33.0596 0
    endloop
  endfacet
  facet normal 0.336879 -0.941548 0
    outer loop
      vertex 37.4866 33.2694 0
      vertex 37.9486 33.4347 2.2
      vertex 37.4866 33.2694 2.2
    endloop
  endfacet
  facet normal 0.336879 -0.941548 0
    outer loop
      vertex 37.9486 33.4347 2.2
      vertex 37.4866 33.2694 0
      vertex 37.9486 33.4347 0
    endloop
  endfacet
  facet normal 0.903995 0.427543 0
    outer loop
      vertex 34.9904 10.293 2.2
      vertex 34.7806 10.7366 0
      vertex 34.7806 10.7366 2.2
    endloop
  endfacet
  facet normal 0.903995 0.427543 0
    outer loop
      vertex 34.7806 10.7366 0
      vertex 34.9904 10.293 2.2
      vertex 34.9904 10.293 0
    endloop
  endfacet
  facet normal -0.857655 -0.514226 0
    outer loop
      vertex 43.8096 31.007 0
      vertex 43.5573 31.4278 2.2
      vertex 43.5573 31.4278 0
    endloop
  endfacet
  facet normal -0.857655 -0.514226 0
    outer loop
      vertex 43.5573 31.4278 2.2
      vertex 43.8096 31.007 0
      vertex 43.8096 31.007 2.2
    endloop
  endfacet
  facet normal 0.671617 -0.740898 0
    outer loop
      vertex 35.8645 32.1855 0
      vertex 36.2281 32.5151 2.2
      vertex 35.8645 32.1855 2.2
    endloop
  endfacet
  facet normal 0.671617 -0.740898 0
    outer loop
      vertex 36.2281 32.5151 2.2
      vertex 35.8645 32.1855 0
      vertex 36.2281 32.5151 0
    endloop
  endfacet
  facet normal 0.595588 -0.80329 0
    outer loop
      vertex 36.2281 32.5151 0
      vertex 36.6222 32.8073 2.2
      vertex 36.2281 32.5151 2.2
    endloop
  endfacet
  facet normal 0.595588 -0.80329 0
    outer loop
      vertex 36.6222 32.8073 2.2
      vertex 36.2281 32.5151 0
      vertex 36.6222 32.8073 0
    endloop
  endfacet
  facet normal 0.671539 0.740969 -0
    outer loop
      vertex 36.2281 8.78495 0
      vertex 35.8645 9.11448 2.2
      vertex 36.2281 8.78495 2.2
    endloop
  endfacet
  facet normal 0.671539 0.740969 0
    outer loop
      vertex 35.8645 9.11448 2.2
      vertex 36.2281 8.78495 0
      vertex 35.8645 9.11448 0
    endloop
  endfacet
  facet normal -0.427543 0.903995 0
    outer loop
      vertex 41.757 8.24041 0
      vertex 41.3134 8.03061 2.2
      vertex 41.757 8.24041 2.2
    endloop
  endfacet
  facet normal -0.427543 0.903995 0
    outer loop
      vertex 41.3134 8.03061 2.2
      vertex 41.757 8.24041 0
      vertex 41.3134 8.03061 0
    endloop
  endfacet
  facet normal -0.989173 0.146755 0
    outer loop
      vertex 44.3039 11.6746 0
      vertex 44.3759 12.1599 2.2
      vertex 44.3759 12.1599 0
    endloop
  endfacet
  facet normal -0.989173 0.146755 0
    outer loop
      vertex 44.3759 12.1599 2.2
      vertex 44.3039 11.6746 0
      vertex 44.3039 11.6746 2.2
    endloop
  endfacet
  facet normal 0.595693 0.803212 -0
    outer loop
      vertex 36.6222 8.49267 0
      vertex 36.2281 8.78495 2.2
      vertex 36.6222 8.49267 2.2
    endloop
  endfacet
  facet normal 0.595693 0.803212 0
    outer loop
      vertex 36.2281 8.78495 2.2
      vertex 36.6222 8.49267 0
      vertex 36.2281 8.78495 0
    endloop
  endfacet
  facet normal -0.336897 0.941542 0
    outer loop
      vertex 41.3134 8.03061 0
      vertex 40.8514 7.8653 2.2
      vertex 41.3134 8.03061 2.2
    endloop
  endfacet
  facet normal -0.336897 0.941542 0
    outer loop
      vertex 40.8514 7.8653 2.2
      vertex 41.3134 8.03061 0
      vertex 40.8514 7.8653 0
    endloop
  endfacet
  facet normal 0.941548 0.336879 0
    outer loop
      vertex 34.7806 10.7366 2.2
      vertex 34.6153 11.1986 0
      vertex 34.6153 11.1986 2.2
    endloop
  endfacet
  facet normal 0.941548 0.336879 0
    outer loop
      vertex 34.6153 11.1986 0
      vertex 34.7806 10.7366 2.2
      vertex 34.7806 10.7366 0
    endloop
  endfacet
  facet normal 0.970047 0.242919 0
    outer loop
      vertex 34.6153 11.1986 2.2
      vertex 34.4961 11.6746 0
      vertex 34.4961 11.6746 2.2
    endloop
  endfacet
  facet normal 0.970047 0.242919 0
    outer loop
      vertex 34.4961 11.6746 0
      vertex 34.6153 11.1986 2.2
      vertex 34.6153 11.1986 0
    endloop
  endfacet
  facet normal -1 0 0
    outer loop
      vertex 61.4 2.2 2.2
      vertex 61.4 39.1 60.4
      vertex 61.4 39.1 2.2
    endloop
  endfacet
  facet normal -1 -0 0
    outer loop
      vertex 61.4 39.1 60.4
      vertex 61.4 2.2 2.2
      vertex 61.4 2.2 60.4
    endloop
  endfacet
  facet normal 0 0 1
    outer loop
      vertex 61.4 39.1 2.2
      vertex 59.6 28.65 2.2
      vertex 61.4 2.2 2.2
    endloop
  endfacet
  facet normal 0 0 1
    outer loop
      vertex 61.4 39.1 2.2
      vertex 59.5759 29.1401 2.2
      vertex 59.6 28.65 2.2
    endloop
  endfacet
  facet normal 0 0 1
    outer loop
      vertex 61.4 39.1 2.2
      vertex 59.5039 29.6254 2.2
      vertex 59.5759 29.1401 2.2
    endloop
  endfacet
  facet normal 0 0 1
    outer loop
      vertex 61.4 39.1 2.2
      vertex 59.3847 30.1014 2.2
      vertex 59.5039 29.6254 2.2
    endloop
  endfacet
  facet normal 0 0 1
    outer loop
      vertex 61.4 39.1 2.2
      vertex 59.2194 30.5634 2.2
      vertex 59.3847 30.1014 2.2
    endloop
  endfacet
  facet normal 0 0 1
    outer loop
      vertex 61.4 39.1 2.2
      vertex 59.0096 31.007 2.2
      vertex 59.2194 30.5634 2.2
    endloop
  endfacet
  facet normal 0 0 1
    outer loop
      vertex 61.4 39.1 2.2
      vertex 58.7573 31.4278 2.2
      vertex 59.0096 31.007 2.2
    endloop
  endfacet
  facet normal 0 0 1
    outer loop
      vertex 61.4 39.1 2.2
      vertex 58.465 31.822 2.2
      vertex 58.7573 31.4278 2.2
    endloop
  endfacet
  facet normal 0 0 1
    outer loop
      vertex 61.4 39.1 2.2
      vertex 58.1355 32.1855 2.2
      vertex 58.465 31.822 2.2
    endloop
  endfacet
  facet normal 0 0 1
    outer loop
      vertex 61.4 39.1 2.2
      vertex 57.7719 32.5151 2.2
      vertex 58.1355 32.1855 2.2
    endloop
  endfacet
  facet normal 0 0 1
    outer loop
      vertex 61.4 39.1 2.2
      vertex 57.3778 32.8073 2.2
      vertex 57.7719 32.5151 2.2
    endloop
  endfacet
  facet normal 0 0 1
    outer loop
      vertex 61.4 39.1 2.2
      vertex 56.957 33.0596 2.2
      vertex 57.3778 32.8073 2.2
    endloop
  endfacet
  facet normal 0 0 1
    outer loop
      vertex 61.4 39.1 2.2
      vertex 56.5134 33.2694 2.2
      vertex 56.957 33.0596 2.2
    endloop
  endfacet
  facet normal 0 0 1
    outer loop
      vertex 61.4 39.1 2.2
      vertex 56.0514 33.4347 2.2
      vertex 56.5134 33.2694 2.2
    endloop
  endfacet
  facet normal 0 0 1
    outer loop
      vertex 61.4 39.1 2.2
      vertex 55.5754 33.5539 2.2
      vertex 56.0514 33.4347 2.2
    endloop
  endfacet
  facet normal 0 0 1
    outer loop
      vertex 61.4 39.1 2.2
      vertex 55.0901 33.6259 2.2
      vertex 55.5754 33.5539 2.2
    endloop
  endfacet
  facet normal 0 0 1
    outer loop
      vertex 61.4 39.1 2.2
      vertex 54.6 33.65 2.2
      vertex 55.0901 33.6259 2.2
    endloop
  endfacet
  facet normal -0 0 1
    outer loop
      vertex 47.8 39.1 2.2
      vertex 54.6 33.65 2.2
      vertex 61.4 39.1 2.2
    endloop
  endfacet
  facet normal 0 0 1
    outer loop
      vertex 54.6 33.65 2.2
      vertex 47.8 39.1 2.2
      vertex 54.1099 33.6259 2.2
    endloop
  endfacet
  facet normal 0 0 1
    outer loop
      vertex 54.1099 33.6259 2.2
      vertex 47.8 39.1 2.2
      vertex 53.6245 33.5539 2.2
    endloop
  endfacet
  facet normal 0 0 1
    outer loop
      vertex 53.6245 33.5539 2.2
      vertex 47.8 39.1 2.2
      vertex 53.1486 33.4347 2.2
    endloop
  endfacet
  facet normal 0 0 1
    outer loop
      vertex 53.1486 33.4347 2.2
      vertex 47.8 39.1 2.2
      vertex 52.6866 33.2694 2.2
    endloop
  endfacet
  facet normal 0 0 1
    outer loop
      vertex 52.6866 33.2694 2.2
      vertex 47.8 39.1 2.2
      vertex 52.243 33.0596 2.2
    endloop
  endfacet
  facet normal 0 0 1
    outer loop
      vertex 49.6 28.65 2.2
      vertex 47.8 39.1 2.2
      vertex 49.6 12.65 2.2
    endloop
  endfacet
  facet normal 0 0 1
    outer loop
      vertex 49.6241 29.1401 2.2
      vertex 47.8 39.1 2.2
      vertex 49.6 28.65 2.2
    endloop
  endfacet
  facet normal 0 0 1
    outer loop
      vertex 49.6961 29.6254 2.2
      vertex 47.8 39.1 2.2
      vertex 49.6241 29.1401 2.2
    endloop
  endfacet
  facet normal 0 0 1
    outer loop
      vertex 49.8153 30.1014 2.2
      vertex 47.8 39.1 2.2
      vertex 49.6961 29.6254 2.2
    endloop
  endfacet
  facet normal 0 0 1
    outer loop
      vertex 49.9806 30.5634 2.2
      vertex 47.8 39.1 2.2
      vertex 49.8153 30.1014 2.2
    endloop
  endfacet
  facet normal 0 0 1
    outer loop
      vertex 50.1904 31.007 2.2
      vertex 47.8 39.1 2.2
      vertex 49.9806 30.5634 2.2
    endloop
  endfacet
  facet normal 0 0 1
    outer loop
      vertex 50.4427 31.4278 2.2
      vertex 47.8 39.1 2.2
      vertex 50.1904 31.007 2.2
    endloop
  endfacet
  facet normal 0 0 1
    outer loop
      vertex 50.7349 31.822 2.2
      vertex 47.8 39.1 2.2
      vertex 50.4427 31.4278 2.2
    endloop
  endfacet
  facet normal 0 0 1
    outer loop
      vertex 51.0645 32.1855 2.2
      vertex 47.8 39.1 2.2
      vertex 50.7349 31.822 2.2
    endloop
  endfacet
  facet normal 0 0 1
    outer loop
      vertex 51.428 32.5151 2.2
      vertex 47.8 39.1 2.2
      vertex 51.0645 32.1855 2.2
    endloop
  endfacet
  facet normal 0 0 1
    outer loop
      vertex 51.8222 32.8073 2.2
      vertex 47.8 39.1 2.2
      vertex 51.428 32.5151 2.2
    endloop
  endfacet
  facet normal 0 0 1
    outer loop
      vertex 52.243 33.0596 2.2
      vertex 47.8 39.1 2.2
      vertex 51.8222 32.8073 2.2
    endloop
  endfacet
  facet normal -0 0 1
    outer loop
      vertex 59.6 12.65 2.2
      vertex 61.4 2.2 2.2
      vertex 59.6 28.65 2.2
    endloop
  endfacet
  facet normal -0 0 1
    outer loop
      vertex 59.5759 12.1599 2.2
      vertex 61.4 2.2 2.2
      vertex 59.6 12.65 2.2
    endloop
  endfacet
  facet normal -0 0 1
    outer loop
      vertex 59.5039 11.6746 2.2
      vertex 61.4 2.2 2.2
      vertex 59.5759 12.1599 2.2
    endloop
  endfacet
  facet normal -0 0 1
    outer loop
      vertex 59.3847 11.1986 2.2
      vertex 61.4 2.2 2.2
      vertex 59.5039 11.6746 2.2
    endloop
  endfacet
  facet normal -0 0 1
    outer loop
      vertex 59.2194 10.7366 2.2
      vertex 61.4 2.2 2.2
      vertex 59.3847 11.1986 2.2
    endloop
  endfacet
  facet normal -0 0 1
    outer loop
      vertex 59.0096 10.293 2.2
      vertex 61.4 2.2 2.2
      vertex 59.2194 10.7366 2.2
    endloop
  endfacet
  facet normal -0 0 1
    outer loop
      vertex 58.7573 9.87215 2.2
      vertex 61.4 2.2 2.2
      vertex 59.0096 10.293 2.2
    endloop
  endfacet
  facet normal -0 0 1
    outer loop
      vertex 58.465 9.47805 2.2
      vertex 61.4 2.2 2.2
      vertex 58.7573 9.87215 2.2
    endloop
  endfacet
  facet normal -0 0 1
    outer loop
      vertex 58.1355 9.11448 2.2
      vertex 61.4 2.2 2.2
      vertex 58.465 9.47805 2.2
    endloop
  endfacet
  facet normal -0 0 1
    outer loop
      vertex 57.7719 8.78495 2.2
      vertex 61.4 2.2 2.2
      vertex 58.1355 9.11448 2.2
    endloop
  endfacet
  facet normal -0 0 1
    outer loop
      vertex 57.3778 8.49267 2.2
      vertex 61.4 2.2 2.2
      vertex 57.7719 8.78495 2.2
    endloop
  endfacet
  facet normal -0 0 1
    outer loop
      vertex 56.957 8.24041 2.2
      vertex 61.4 2.2 2.2
      vertex 57.3778 8.49267 2.2
    endloop
  endfacet
  facet normal -0 0 1
    outer loop
      vertex 56.5134 8.03061 2.2
      vertex 61.4 2.2 2.2
      vertex 56.957 8.24041 2.2
    endloop
  endfacet
  facet normal -0 0 1
    outer loop
      vertex 56.0514 7.8653 2.2
      vertex 61.4 2.2 2.2
      vertex 56.5134 8.03061 2.2
    endloop
  endfacet
  facet normal -0 0 1
    outer loop
      vertex 55.5754 7.74608 2.2
      vertex 61.4 2.2 2.2
      vertex 56.0514 7.8653 2.2
    endloop
  endfacet
  facet normal -0 0 1
    outer loop
      vertex 55.0901 7.67408 2.2
      vertex 61.4 2.2 2.2
      vertex 55.5754 7.74608 2.2
    endloop
  endfacet
  facet normal -0 0 1
    outer loop
      vertex 54.6 7.65 2.2
      vertex 61.4 2.2 2.2
      vertex 55.0901 7.67408 2.2
    endloop
  endfacet
  facet normal 0 0 1
    outer loop
      vertex 47.8 2.2 2.2
      vertex 54.6 7.65 2.2
      vertex 54.1099 7.67408 2.2
    endloop
  endfacet
  facet normal 0 0 1
    outer loop
      vertex 47.8 2.2 2.2
      vertex 54.1099 7.67408 2.2
      vertex 53.6245 7.74608 2.2
    endloop
  endfacet
  facet normal 0 0 1
    outer loop
      vertex 47.8 2.2 2.2
      vertex 53.6245 7.74608 2.2
      vertex 53.1486 7.8653 2.2
    endloop
  endfacet
  facet normal 0 0 1
    outer loop
      vertex 47.8 2.2 2.2
      vertex 53.1486 7.8653 2.2
      vertex 52.6866 8.03061 2.2
    endloop
  endfacet
  facet normal 0 0 1
    outer loop
      vertex 47.8 2.2 2.2
      vertex 52.6866 8.03061 2.2
      vertex 52.243 8.24041 2.2
    endloop
  endfacet
  facet normal 0 0 1
    outer loop
      vertex 47.8 2.2 2.2
      vertex 52.243 8.24041 2.2
      vertex 51.8222 8.49267 2.2
    endloop
  endfacet
  facet normal 0 0 1
    outer loop
      vertex 47.8 2.2 2.2
      vertex 49.6 12.65 2.2
      vertex 47.8 39.1 2.2
    endloop
  endfacet
  facet normal 0 0 1
    outer loop
      vertex 54.6 7.65 2.2
      vertex 47.8 2.2 2.2
      vertex 61.4 2.2 2.2
    endloop
  endfacet
  facet normal 0 0 1
    outer loop
      vertex 51.428 8.78495 2.2
      vertex 47.8 2.2 2.2
      vertex 51.8222 8.49267 2.2
    endloop
  endfacet
  facet normal 0 0 1
    outer loop
      vertex 51.0645 9.11448 2.2
      vertex 47.8 2.2 2.2
      vertex 51.428 8.78495 2.2
    endloop
  endfacet
  facet normal 0 0 1
    outer loop
      vertex 50.7349 9.47805 2.2
      vertex 47.8 2.2 2.2
      vertex 51.0645 9.11448 2.2
    endloop
  endfacet
  facet normal 0 0 1
    outer loop
      vertex 50.4427 9.87215 2.2
      vertex 47.8 2.2 2.2
      vertex 50.7349 9.47805 2.2
    endloop
  endfacet
  facet normal 0 0 1
    outer loop
      vertex 50.1904 10.293 2.2
      vertex 47.8 2.2 2.2
      vertex 50.4427 9.87215 2.2
    endloop
  endfacet
  facet normal 0 0 1
    outer loop
      vertex 49.9806 10.7366 2.2
      vertex 47.8 2.2 2.2
      vertex 50.1904 10.293 2.2
    endloop
  endfacet
  facet normal 0 0 1
    outer loop
      vertex 49.8153 11.1986 2.2
      vertex 47.8 2.2 2.2
      vertex 49.9806 10.7366 2.2
    endloop
  endfacet
  facet normal 0 0 1
    outer loop
      vertex 49.6961 11.6746 2.2
      vertex 47.8 2.2 2.2
      vertex 49.8153 11.1986 2.2
    endloop
  endfacet
  facet normal 0 0 1
    outer loop
      vertex 49.6241 12.1599 2.2
      vertex 47.8 2.2 2.2
      vertex 49.6961 11.6746 2.2
    endloop
  endfacet
  facet normal 0 0 1
    outer loop
      vertex 49.6 12.65 2.2
      vertex 47.8 2.2 2.2
      vertex 49.6241 12.1599 2.2
    endloop
  endfacet
  facet normal 1 -0 0
    outer loop
      vertex 47.8 2.2 60.4
      vertex 47.8 39.1 2.2
      vertex 47.8 39.1 60.4
    endloop
  endfacet
  facet normal 1 0 0
    outer loop
      vertex 47.8 39.1 2.2
      vertex 47.8 2.2 60.4
      vertex 47.8 2.2 2.2
    endloop
  endfacet
  facet normal 0 -1 0
    outer loop
      vertex 47.8 39.1 57.4
      vertex 47.8 39.1 2.2
      vertex 61.4 39.1 57.4
    endloop
  endfacet
  facet normal 0 -1 0
    outer loop
      vertex 47.8 39.1 59.6
      vertex 61.4 39.1 60.4
      vertex 47.8 39.1 60.4
    endloop
  endfacet
  facet normal 0 -1 0
    outer loop
      vertex 61.4 39.1 59.6
      vertex 61.4 39.1 60.4
      vertex 47.8 39.1 59.6
    endloop
  endfacet
  facet normal 0 0 0
    outer loop
      vertex 61.4 39.1 57.4
      vertex 61.4 39.1 60.4
      vertex 61.4 39.1 59.6
    endloop
  endfacet
  facet normal 0 -0 0
    outer loop
      vertex 61.4 39.1 57.4
      vertex 61.4 39.1 2.2
      vertex 61.4 39.1 60.4
    endloop
  endfacet
  facet normal 0 -1 0
    outer loop
      vertex 61.4 39.1 2.2
      vertex 61.4 39.1 57.4
      vertex 47.8 39.1 2.2
    endloop
  endfacet
  facet normal -0 0 0
    outer loop
      vertex 47.8 39.1 59.6
      vertex 47.8 39.1 60.4
      vertex 47.8 39.1 2.2
    endloop
  endfacet
  facet normal 0 0 0
    outer loop
      vertex 47.8 39.1 2.2
      vertex 47.8 39.1 57.4
      vertex 47.8 39.1 59.6
    endloop
  endfacet
  facet normal 0 1 -0
    outer loop
      vertex 61.4 2.2 2.2
      vertex 47.8 2.2 60.4
      vertex 61.4 2.2 60.4
    endloop
  endfacet
  facet normal 0 1 0
    outer loop
      vertex 47.8 2.2 60.4
      vertex 61.4 2.2 2.2
      vertex 47.8 2.2 2.2
    endloop
  endfacet
  facet normal 0.989173 0.146755 0
    outer loop
      vertex 49.6961 11.6746 2.2
      vertex 49.6241 12.1599 0
      vertex 49.6241 12.1599 2.2
    endloop
  endfacet
  facet normal 0.989173 0.146755 0
    outer loop
      vertex 49.6241 12.1599 0
      vertex 49.6961 11.6746 2.2
      vertex 49.6961 11.6746 0
    endloop
  endfacet
  facet normal 0.998793 0.0491143 0
    outer loop
      vertex 49.6241 12.1599 2.2
      vertex 49.6 12.65 0
      vertex 49.6 12.65 2.2
    endloop
  endfacet
  facet normal 0.998793 0.0491143 0
    outer loop
      vertex 49.6 12.65 0
      vertex 49.6241 12.1599 2.2
      vertex 49.6241 12.1599 0
    endloop
  endfacet
  facet normal 0.970047 -0.242919 0
    outer loop
      vertex 49.6961 29.6254 2.2
      vertex 49.8153 30.1014 0
      vertex 49.8153 30.1014 2.2
    endloop
  endfacet
  facet normal 0.970047 -0.242919 0
    outer loop
      vertex 49.8153 30.1014 0
      vertex 49.6961 29.6254 2.2
      vertex 49.6961 29.6254 0
    endloop
  endfacet
  facet normal -0.242958 0.970037 0
    outer loop
      vertex 56.0514 7.8653 0
      vertex 55.5754 7.74608 2.2
      vertex 56.0514 7.8653 2.2
    endloop
  endfacet
  facet normal -0.242958 0.970037 0
    outer loop
      vertex 55.5754 7.74608 2.2
      vertex 56.0514 7.8653 0
      vertex 55.5754 7.74608 0
    endloop
  endfacet
  facet normal -0.740972 0.671536 0
    outer loop
      vertex 58.1355 9.11448 0
      vertex 58.465 9.47805 2.2
      vertex 58.465 9.47805 0
    endloop
  endfacet
  facet normal -0.740972 0.671536 0
    outer loop
      vertex 58.465 9.47805 2.2
      vertex 58.1355 9.11448 0
      vertex 58.1355 9.11448 2.2
    endloop
  endfacet
  facet normal -0.989173 -0.146755 0
    outer loop
      vertex 59.5759 29.1401 0
      vertex 59.5039 29.6254 2.2
      vertex 59.5039 29.6254 0
    endloop
  endfacet
  facet normal -0.989173 -0.146755 0
    outer loop
      vertex 59.5039 29.6254 2.2
      vertex 59.5759 29.1401 0
      vertex 59.5759 29.1401 2.2
    endloop
  endfacet
  facet normal -0.671539 0.740969 0
    outer loop
      vertex 58.1355 9.11448 0
      vertex 57.7719 8.78495 2.2
      vertex 58.1355 9.11448 2.2
    endloop
  endfacet
  facet normal -0.671539 0.740969 0
    outer loop
      vertex 57.7719 8.78495 2.2
      vertex 58.1355 9.11448 0
      vertex 57.7719 8.78495 0
    endloop
  endfacet
  facet normal 0.427543 0.903995 -0
    outer loop
      vertex 52.6866 8.03061 0
      vertex 52.243 8.24041 2.2
      vertex 52.6866 8.03061 2.2
    endloop
  endfacet
  facet normal 0.427543 0.903995 0
    outer loop
      vertex 52.243 8.24041 2.2
      vertex 52.6866 8.03061 0
      vertex 52.243 8.24041 0
    endloop
  endfacet
  facet normal -1 0 0
    outer loop
      vertex 59.6 12.65 0
      vertex 59.6 28.65 2.2
      vertex 59.6 28.65 0
    endloop
  endfacet
  facet normal -1 -0 0
    outer loop
      vertex 59.6 28.65 2.2
      vertex 59.6 12.65 0
      vertex 59.6 12.65 2.2
    endloop
  endfacet
  facet normal -0.903995 0.427543 0
    outer loop
      vertex 59.0096 10.293 0
      vertex 59.2194 10.7366 2.2
      vertex 59.2194 10.7366 0
    endloop
  endfacet
  facet normal -0.903995 0.427543 0
    outer loop
      vertex 59.2194 10.7366 2.2
      vertex 59.0096 10.293 0
      vertex 59.0096 10.293 2.2
    endloop
  endfacet
  facet normal -0.514166 0.857691 0
    outer loop
      vertex 57.3778 8.49267 0
      vertex 56.957 8.24041 2.2
      vertex 57.3778 8.49267 2.2
    endloop
  endfacet
  facet normal -0.514166 0.857691 0
    outer loop
      vertex 56.957 8.24041 2.2
      vertex 57.3778 8.49267 0
      vertex 56.957 8.24041 0
    endloop
  endfacet
  facet normal 0.146726 0.989177 -0
    outer loop
      vertex 54.1099 7.67408 0
      vertex 53.6245 7.74608 2.2
      vertex 54.1099 7.67408 2.2
    endloop
  endfacet
  facet normal 0.146726 0.989177 0
    outer loop
      vertex 53.6245 7.74608 2.2
      vertex 54.1099 7.67408 0
      vertex 53.6245 7.74608 0
    endloop
  endfacet
  facet normal 1 -0 0
    outer loop
      vertex 49.6 12.65 2.2
      vertex 49.6 28.65 0
      vertex 49.6 28.65 2.2
    endloop
  endfacet
  facet normal 1 0 0
    outer loop
      vertex 49.6 28.65 0
      vertex 49.6 12.65 2.2
      vertex 49.6 12.65 0
    endloop
  endfacet
  facet normal 0.857655 -0.514226 0
    outer loop
      vertex 50.1904 31.007 2.2
      vertex 50.4427 31.4278 0
      vertex 50.4427 31.4278 2.2
    endloop
  endfacet
  facet normal 0.857655 -0.514226 0
    outer loop
      vertex 50.4427 31.4278 0
      vertex 50.1904 31.007 2.2
      vertex 50.1904 31.007 0
    endloop
  endfacet
  facet normal -0.671617 -0.740898 0
    outer loop
      vertex 57.7719 32.5151 0
      vertex 58.1355 32.1855 2.2
      vertex 57.7719 32.5151 2.2
    endloop
  endfacet
  facet normal -0.671617 -0.740898 -0
    outer loop
      vertex 58.1355 32.1855 2.2
      vertex 57.7719 32.5151 0
      vertex 58.1355 32.1855 0
    endloop
  endfacet
  facet normal -0.941548 0.336879 0
    outer loop
      vertex 59.2194 10.7366 0
      vertex 59.3847 11.1986 2.2
      vertex 59.3847 11.1986 0
    endloop
  endfacet
  facet normal -0.941548 0.336879 0
    outer loop
      vertex 59.3847 11.1986 2.2
      vertex 59.2194 10.7366 0
      vertex 59.2194 10.7366 2.2
    endloop
  endfacet
  facet normal 0.903995 -0.427543 0
    outer loop
      vertex 49.9806 30.5634 2.2
      vertex 50.1904 31.007 0
      vertex 50.1904 31.007 2.2
    endloop
  endfacet
  facet normal 0.903995 -0.427543 0
    outer loop
      vertex 50.1904 31.007 0
      vertex 49.9806 30.5634 2.2
      vertex 49.9806 30.5634 0
    endloop
  endfacet
  facet normal -0.941548 -0.336879 0
    outer loop
      vertex 59.3847 30.1014 0
      vertex 59.2194 30.5634 2.2
      vertex 59.2194 30.5634 0
    endloop
  endfacet
  facet normal -0.941548 -0.336879 0
    outer loop
      vertex 59.2194 30.5634 2.2
      vertex 59.3847 30.1014 0
      vertex 59.3847 30.1014 2.2
    endloop
  endfacet
  facet normal -0.740908 -0.671607 0
    outer loop
      vertex 58.465 31.822 0
      vertex 58.1355 32.1855 2.2
      vertex 58.1355 32.1855 0
    endloop
  endfacet
  facet normal -0.740908 -0.671607 0
    outer loop
      vertex 58.1355 32.1855 2.2
      vertex 58.465 31.822 0
      vertex 58.465 31.822 2.2
    endloop
  endfacet
  facet normal 0.0491143 -0.998793 0
    outer loop
      vertex 54.1099 33.6259 0
      vertex 54.6 33.65 2.2
      vertex 54.1099 33.6259 2.2
    endloop
  endfacet
  facet normal 0.0491143 -0.998793 0
    outer loop
      vertex 54.6 33.65 2.2
      vertex 54.1099 33.6259 0
      vertex 54.6 33.65 0
    endloop
  endfacet
  facet normal 0.514226 -0.857655 0
    outer loop
      vertex 51.8222 32.8073 0
      vertex 52.243 33.0596 2.2
      vertex 51.8222 32.8073 2.2
    endloop
  endfacet
  facet normal 0.514226 -0.857655 0
    outer loop
      vertex 52.243 33.0596 2.2
      vertex 51.8222 32.8073 0
      vertex 52.243 33.0596 0
    endloop
  endfacet
  facet normal -0.903995 -0.427543 0
    outer loop
      vertex 59.2194 30.5634 0
      vertex 59.0096 31.007 2.2
      vertex 59.0096 31.007 0
    endloop
  endfacet
  facet normal -0.903995 -0.427543 0
    outer loop
      vertex 59.0096 31.007 2.2
      vertex 59.2194 30.5634 0
      vertex 59.2194 30.5634 2.2
    endloop
  endfacet
  facet normal -0.595588 -0.80329 0
    outer loop
      vertex 57.3778 32.8073 0
      vertex 57.7719 32.5151 2.2
      vertex 57.3778 32.8073 2.2
    endloop
  endfacet
  facet normal -0.595588 -0.80329 -0
    outer loop
      vertex 57.7719 32.5151 2.2
      vertex 57.3778 32.8073 0
      vertex 57.7719 32.5151 0
    endloop
  endfacet
  facet normal -0.998793 -0.0491143 0
    outer loop
      vertex 59.6 28.65 0
      vertex 59.5759 29.1401 2.2
      vertex 59.5759 29.1401 0
    endloop
  endfacet
  facet normal -0.998793 -0.0491143 0
    outer loop
      vertex 59.5759 29.1401 2.2
      vertex 59.6 28.65 0
      vertex 59.6 28.65 2.2
    endloop
  endfacet
  facet normal 0.243006 0.970025 -0
    outer loop
      vertex 53.6245 7.74608 0
      vertex 53.1486 7.8653 2.2
      vertex 53.6245 7.74608 2.2
    endloop
  endfacet
  facet normal 0.243006 0.970025 0
    outer loop
      vertex 53.1486 7.8653 2.2
      vertex 53.6245 7.74608 0
      vertex 53.1486 7.8653 0
    endloop
  endfacet
  facet normal -0.970047 -0.242919 0
    outer loop
      vertex 59.5039 29.6254 0
      vertex 59.3847 30.1014 2.2
      vertex 59.3847 30.1014 0
    endloop
  endfacet
  facet normal -0.970047 -0.242919 0
    outer loop
      vertex 59.3847 30.1014 2.2
      vertex 59.5039 29.6254 0
      vertex 59.5039 29.6254 2.2
    endloop
  endfacet
  facet normal 0.989173 -0.146755 0
    outer loop
      vertex 49.6241 29.1401 2.2
      vertex 49.6961 29.6254 0
      vertex 49.6961 29.6254 2.2
    endloop
  endfacet
  facet normal 0.989173 -0.146755 0
    outer loop
      vertex 49.6961 29.6254 0
      vertex 49.6241 29.1401 2.2
      vertex 49.6241 29.1401 0
    endloop
  endfacet
  facet normal 0.941548 -0.336879 0
    outer loop
      vertex 49.8153 30.1014 2.2
      vertex 49.9806 30.5634 0
      vertex 49.9806 30.5634 2.2
    endloop
  endfacet
  facet normal 0.941548 -0.336879 0
    outer loop
      vertex 49.9806 30.5634 0
      vertex 49.8153 30.1014 2.2
      vertex 49.8153 30.1014 0
    endloop
  endfacet
  facet normal 0.998793 -0.0491143 0
    outer loop
      vertex 49.6 28.65 2.2
      vertex 49.6241 29.1401 0
      vertex 49.6241 29.1401 2.2
    endloop
  endfacet
  facet normal 0.998793 -0.0491143 0
    outer loop
      vertex 49.6241 29.1401 0
      vertex 49.6 28.65 2.2
      vertex 49.6 28.65 0
    endloop
  endfacet
  facet normal 0.514166 0.857691 -0
    outer loop
      vertex 52.243 8.24041 0
      vertex 51.8222 8.49267 2.2
      vertex 52.243 8.24041 2.2
    endloop
  endfacet
  facet normal 0.514166 0.857691 0
    outer loop
      vertex 51.8222 8.49267 2.2
      vertex 52.243 8.24041 0
      vertex 51.8222 8.49267 0
    endloop
  endfacet
  facet normal -0.146755 0.989173 0
    outer loop
      vertex 55.5754 7.74608 0
      vertex 55.0901 7.67408 2.2
      vertex 55.5754 7.74608 2.2
    endloop
  endfacet
  facet normal -0.146755 0.989173 0
    outer loop
      vertex 55.0901 7.67408 2.2
      vertex 55.5754 7.74608 0
      vertex 55.0901 7.67408 0
    endloop
  endfacet
  facet normal 0.803362 -0.595491 0
    outer loop
      vertex 50.4427 31.4278 2.2
      vertex 50.7349 31.822 0
      vertex 50.7349 31.822 2.2
    endloop
  endfacet
  facet normal 0.803362 -0.595491 0
    outer loop
      vertex 50.7349 31.822 0
      vertex 50.4427 31.4278 2.2
      vertex 50.4427 31.4278 0
    endloop
  endfacet
  facet normal -0.514226 -0.857655 0
    outer loop
      vertex 56.957 33.0596 0
      vertex 57.3778 32.8073 2.2
      vertex 56.957 33.0596 2.2
    endloop
  endfacet
  facet normal -0.514226 -0.857655 -0
    outer loop
      vertex 57.3778 32.8073 2.2
      vertex 56.957 33.0596 0
      vertex 57.3778 32.8073 0
    endloop
  endfacet
  facet normal 0.427543 -0.903995 0
    outer loop
      vertex 52.243 33.0596 0
      vertex 52.6866 33.2694 2.2
      vertex 52.243 33.0596 2.2
    endloop
  endfacet
  facet normal 0.427543 -0.903995 0
    outer loop
      vertex 52.6866 33.2694 2.2
      vertex 52.243 33.0596 0
      vertex 52.6866 33.2694 0
    endloop
  endfacet
  facet normal -0.0490736 0.998795 0
    outer loop
      vertex 55.0901 7.67408 0
      vertex 54.6 7.65 2.2
      vertex 55.0901 7.67408 2.2
    endloop
  endfacet
  facet normal -0.0490736 0.998795 0
    outer loop
      vertex 54.6 7.65 2.2
      vertex 55.0901 7.67408 0
      vertex 54.6 7.65 0
    endloop
  endfacet
  facet normal 0.740871 0.671648 0
    outer loop
      vertex 51.0645 9.11448 2.2
      vertex 50.7349 9.47805 0
      vertex 50.7349 9.47805 2.2
    endloop
  endfacet
  facet normal 0.740871 0.671648 0
    outer loop
      vertex 50.7349 9.47805 0
      vertex 51.0645 9.11448 2.2
      vertex 51.0645 9.11448 0
    endloop
  endfacet
  facet normal -0.803265 -0.595622 0
    outer loop
      vertex 58.7573 31.4278 0
      vertex 58.465 31.822 2.2
      vertex 58.465 31.822 0
    endloop
  endfacet
  facet normal -0.803265 -0.595622 0
    outer loop
      vertex 58.465 31.822 2.2
      vertex 58.7573 31.4278 0
      vertex 58.7573 31.4278 2.2
    endloop
  endfacet
  facet normal 0.146726 -0.989177 0
    outer loop
      vertex 53.6245 33.5539 0
      vertex 54.1099 33.6259 2.2
      vertex 53.6245 33.5539 2.2
    endloop
  endfacet
  facet normal 0.146726 -0.989177 0
    outer loop
      vertex 54.1099 33.6259 2.2
      vertex 53.6245 33.5539 0
      vertex 54.1099 33.6259 0
    endloop
  endfacet
  facet normal -0.595693 0.803212 0
    outer loop
      vertex 57.7719 8.78495 0
      vertex 57.3778 8.49267 2.2
      vertex 57.7719 8.78495 2.2
    endloop
  endfacet
  facet normal -0.595693 0.803212 0
    outer loop
      vertex 57.3778 8.49267 2.2
      vertex 57.7719 8.78495 0
      vertex 57.3778 8.49267 0
    endloop
  endfacet
  facet normal -0.0491143 -0.998793 0
    outer loop
      vertex 54.6 33.65 0
      vertex 55.0901 33.6259 2.2
      vertex 54.6 33.65 2.2
    endloop
  endfacet
  facet normal -0.0491143 -0.998793 -0
    outer loop
      vertex 55.0901 33.6259 2.2
      vertex 54.6 33.65 0
      vertex 55.0901 33.6259 0
    endloop
  endfacet
  facet normal -0.998793 0.0491143 0
    outer loop
      vertex 59.5759 12.1599 0
      vertex 59.6 12.65 2.2
      vertex 59.6 12.65 0
    endloop
  endfacet
  facet normal -0.998793 0.0491143 0
    outer loop
      vertex 59.6 12.65 2.2
      vertex 59.5759 12.1599 0
      vertex 59.5759 12.1599 2.2
    endloop
  endfacet
  facet normal -0.242919 -0.970047 0
    outer loop
      vertex 55.5754 33.5539 0
      vertex 56.0514 33.4347 2.2
      vertex 55.5754 33.5539 2.2
    endloop
  endfacet
  facet normal -0.242919 -0.970047 -0
    outer loop
      vertex 56.0514 33.4347 2.2
      vertex 55.5754 33.5539 0
      vertex 56.0514 33.4347 0
    endloop
  endfacet
  facet normal 0.740806 -0.671719 0
    outer loop
      vertex 50.7349 31.822 2.2
      vertex 51.0645 32.1855 0
      vertex 51.0645 32.1855 2.2
    endloop
  endfacet
  facet normal 0.740806 -0.671719 0
    outer loop
      vertex 51.0645 32.1855 0
      vertex 50.7349 31.822 2.2
      vertex 50.7349 31.822 0
    endloop
  endfacet
  facet normal 0.857682 0.514181 0
    outer loop
      vertex 50.4427 9.87215 2.2
      vertex 50.1904 10.293 0
      vertex 50.1904 10.293 2.2
    endloop
  endfacet
  facet normal 0.857682 0.514181 0
    outer loop
      vertex 50.1904 10.293 0
      vertex 50.4427 9.87215 2.2
      vertex 50.4427 9.87215 0
    endloop
  endfacet
  facet normal 0.80329 0.595588 0
    outer loop
      vertex 50.7349 9.47805 2.2
      vertex 50.4427 9.87215 0
      vertex 50.4427 9.87215 2.2
    endloop
  endfacet
  facet normal 0.80329 0.595588 0
    outer loop
      vertex 50.4427 9.87215 0
      vertex 50.7349 9.47805 2.2
      vertex 50.7349 9.47805 0
    endloop
  endfacet
  facet normal -0.970047 0.242919 0
    outer loop
      vertex 59.3847 11.1986 0
      vertex 59.5039 11.6746 2.2
      vertex 59.5039 11.6746 0
    endloop
  endfacet
  facet normal -0.970047 0.242919 0
    outer loop
      vertex 59.5039 11.6746 2.2
      vertex 59.3847 11.1986 0
      vertex 59.3847 11.1986 2.2
    endloop
  endfacet
  facet normal -0.336879 -0.941548 0
    outer loop
      vertex 56.0514 33.4347 0
      vertex 56.5134 33.2694 2.2
      vertex 56.0514 33.4347 2.2
    endloop
  endfacet
  facet normal -0.336879 -0.941548 -0
    outer loop
      vertex 56.5134 33.2694 2.2
      vertex 56.0514 33.4347 0
      vertex 56.5134 33.2694 0
    endloop
  endfacet
  facet normal -0.857682 0.514181 0
    outer loop
      vertex 58.7573 9.87215 0
      vertex 59.0096 10.293 2.2
      vertex 59.0096 10.293 0
    endloop
  endfacet
  facet normal -0.857682 0.514181 0
    outer loop
      vertex 59.0096 10.293 2.2
      vertex 58.7573 9.87215 0
      vertex 58.7573 9.87215 2.2
    endloop
  endfacet
  facet normal -0.803192 0.59572 0
    outer loop
      vertex 58.465 9.47805 0
      vertex 58.7573 9.87215 2.2
      vertex 58.7573 9.87215 0
    endloop
  endfacet
  facet normal -0.803192 0.59572 0
    outer loop
      vertex 58.7573 9.87215 2.2
      vertex 58.465 9.47805 0
      vertex 58.465 9.47805 2.2
    endloop
  endfacet
  facet normal 0.336897 0.941542 -0
    outer loop
      vertex 53.1486 7.8653 0
      vertex 52.6866 8.03061 2.2
      vertex 53.1486 7.8653 2.2
    endloop
  endfacet
  facet normal 0.336897 0.941542 0
    outer loop
      vertex 52.6866 8.03061 2.2
      vertex 53.1486 7.8653 0
      vertex 52.6866 8.03061 0
    endloop
  endfacet
  facet normal -0.146755 -0.989173 0
    outer loop
      vertex 55.0901 33.6259 0
      vertex 55.5754 33.5539 2.2
      vertex 55.0901 33.6259 2.2
    endloop
  endfacet
  facet normal -0.146755 -0.989173 -0
    outer loop
      vertex 55.5754 33.5539 2.2
      vertex 55.0901 33.6259 0
      vertex 55.5754 33.5539 0
    endloop
  endfacet
  facet normal 0.242967 -0.970034 0
    outer loop
      vertex 53.1486 33.4347 0
      vertex 53.6245 33.5539 2.2
      vertex 53.1486 33.4347 2.2
    endloop
  endfacet
  facet normal 0.242967 -0.970034 0
    outer loop
      vertex 53.6245 33.5539 2.2
      vertex 53.1486 33.4347 0
      vertex 53.6245 33.5539 0
    endloop
  endfacet
  facet normal -0.427543 -0.903995 0
    outer loop
      vertex 56.5134 33.2694 0
      vertex 56.957 33.0596 2.2
      vertex 56.5134 33.2694 2.2
    endloop
  endfacet
  facet normal -0.427543 -0.903995 -0
    outer loop
      vertex 56.957 33.0596 2.2
      vertex 56.5134 33.2694 0
      vertex 56.957 33.0596 0
    endloop
  endfacet
  facet normal 0.336879 -0.941548 0
    outer loop
      vertex 52.6866 33.2694 0
      vertex 53.1486 33.4347 2.2
      vertex 52.6866 33.2694 2.2
    endloop
  endfacet
  facet normal 0.336879 -0.941548 0
    outer loop
      vertex 53.1486 33.4347 2.2
      vertex 52.6866 33.2694 0
      vertex 53.1486 33.4347 0
    endloop
  endfacet
  facet normal 0.903995 0.427543 0
    outer loop
      vertex 50.1904 10.293 2.2
      vertex 49.9806 10.7366 0
      vertex 49.9806 10.7366 2.2
    endloop
  endfacet
  facet normal 0.903995 0.427543 0
    outer loop
      vertex 49.9806 10.7366 0
      vertex 50.1904 10.293 2.2
      vertex 50.1904 10.293 0
    endloop
  endfacet
  facet normal 0.0490736 0.998795 -0
    outer loop
      vertex 54.6 7.65 0
      vertex 54.1099 7.67408 2.2
      vertex 54.6 7.65 2.2
    endloop
  endfacet
  facet normal 0.0490736 0.998795 0
    outer loop
      vertex 54.1099 7.67408 2.2
      vertex 54.6 7.65 0
      vertex 54.1099 7.67408 0
    endloop
  endfacet
  facet normal -0.857655 -0.514226 0
    outer loop
      vertex 59.0096 31.007 0
      vertex 58.7573 31.4278 2.2
      vertex 58.7573 31.4278 0
    endloop
  endfacet
  facet normal -0.857655 -0.514226 0
    outer loop
      vertex 58.7573 31.4278 2.2
      vertex 59.0096 31.007 0
      vertex 59.0096 31.007 2.2
    endloop
  endfacet
  facet normal 0.671719 -0.740806 0
    outer loop
      vertex 51.0645 32.1855 0
      vertex 51.428 32.5151 2.2
      vertex 51.0645 32.1855 2.2
    endloop
  endfacet
  facet normal 0.671719 -0.740806 0
    outer loop
      vertex 51.428 32.5151 2.2
      vertex 51.0645 32.1855 0
      vertex 51.428 32.5151 0
    endloop
  endfacet
  facet normal 0.595491 -0.803362 0
    outer loop
      vertex 51.428 32.5151 0
      vertex 51.8222 32.8073 2.2
      vertex 51.428 32.5151 2.2
    endloop
  endfacet
  facet normal 0.595491 -0.803362 0
    outer loop
      vertex 51.8222 32.8073 2.2
      vertex 51.428 32.5151 0
      vertex 51.8222 32.8073 0
    endloop
  endfacet
  facet normal 0.67164 0.740877 -0
    outer loop
      vertex 51.428 8.78495 0
      vertex 51.0645 9.11448 2.2
      vertex 51.428 8.78495 2.2
    endloop
  endfacet
  facet normal 0.67164 0.740877 0
    outer loop
      vertex 51.0645 9.11448 2.2
      vertex 51.428 8.78495 0
      vertex 51.0645 9.11448 0
    endloop
  endfacet
  facet normal -0.427543 0.903995 0
    outer loop
      vertex 56.957 8.24041 0
      vertex 56.5134 8.03061 2.2
      vertex 56.957 8.24041 2.2
    endloop
  endfacet
  facet normal -0.427543 0.903995 0
    outer loop
      vertex 56.5134 8.03061 2.2
      vertex 56.957 8.24041 0
      vertex 56.5134 8.03061 0
    endloop
  endfacet
  facet normal -0.989173 0.146755 0
    outer loop
      vertex 59.5039 11.6746 0
      vertex 59.5759 12.1599 2.2
      vertex 59.5759 12.1599 0
    endloop
  endfacet
  facet normal -0.989173 0.146755 0
    outer loop
      vertex 59.5759 12.1599 2.2
      vertex 59.5039 11.6746 0
      vertex 59.5039 11.6746 2.2
    endloop
  endfacet
  facet normal 0.595596 0.803284 -0
    outer loop
      vertex 51.8222 8.49267 0
      vertex 51.428 8.78495 2.2
      vertex 51.8222 8.49267 2.2
    endloop
  endfacet
  facet normal 0.595596 0.803284 0
    outer loop
      vertex 51.428 8.78495 2.2
      vertex 51.8222 8.49267 0
      vertex 51.428 8.78495 0
    endloop
  endfacet
  facet normal -0.336897 0.941542 0
    outer loop
      vertex 56.5134 8.03061 0
      vertex 56.0514 7.8653 2.2
      vertex 56.5134 8.03061 2.2
    endloop
  endfacet
  facet normal -0.336897 0.941542 0
    outer loop
      vertex 56.0514 7.8653 2.2
      vertex 56.5134 8.03061 0
      vertex 56.0514 7.8653 0
    endloop
  endfacet
  facet normal 0.941548 0.336879 0
    outer loop
      vertex 49.9806 10.7366 2.2
      vertex 49.8153 11.1986 0
      vertex 49.8153 11.1986 2.2
    endloop
  endfacet
  facet normal 0.941548 0.336879 0
    outer loop
      vertex 49.8153 11.1986 0
      vertex 49.9806 10.7366 2.2
      vertex 49.9806 10.7366 0
    endloop
  endfacet
  facet normal 0.970047 0.242919 0
    outer loop
      vertex 49.8153 11.1986 2.2
      vertex 49.6961 11.6746 0
      vertex 49.6961 11.6746 2.2
    endloop
  endfacet
  facet normal 0.970047 0.242919 0
    outer loop
      vertex 49.6961 11.6746 0
      vertex 49.8153 11.1986 2.2
      vertex 49.8153 11.1986 0
    endloop
  endfacet
  facet normal 1 -0 0
    outer loop
      vertex 63.6 0 62.4
      vertex 63.6 41.3 0
      vertex 63.6 41.3 62.4
    endloop
  endfacet
  facet normal 1 0 0
    outer loop
      vertex 63.6 41.3 0
      vertex 63.6 0 62.4
      vertex 63.6 0 0
    endloop
  endfacet
  facet normal 0 0 1
    outer loop
      vertex 63.6 41.3 62.4
      vertex 62.2 39.9 62.4
      vertex 63.6 0 62.4
    endloop
  endfacet
  facet normal 0 0 1
    outer loop
      vertex 63.6 41.3 62.4
      vertex 1.4 39.9 62.4
      vertex 62.2 39.9 62.4
    endloop
  endfacet
  facet normal 0 0 1
    outer loop
      vertex 1.4 39.9 62.4
      vertex 0 41.3 62.4
      vertex 1.4 1.4 62.4
    endloop
  endfacet
  facet normal -0 0 1
    outer loop
      vertex 0 41.3 62.4
      vertex 1.4 39.9 62.4
      vertex 63.6 41.3 62.4
    endloop
  endfacet
  facet normal -0 0 1
    outer loop
      vertex 62.2 1.4 62.4
      vertex 63.6 0 62.4
      vertex 62.2 39.9 62.4
    endloop
  endfacet
  facet normal -0 0 1
    outer loop
      vertex 1.4 1.4 62.4
      vertex 63.6 0 62.4
      vertex 62.2 1.4 62.4
    endloop
  endfacet
  facet normal 0 0 1
    outer loop
      vertex 1.4 1.4 62.4
      vertex 0 0 62.4
      vertex 63.6 0 62.4
    endloop
  endfacet
  facet normal 0 0 1
    outer loop
      vertex 0 0 62.4
      vertex 1.4 1.4 62.4
      vertex 0 41.3 62.4
    endloop
  endfacet
  facet normal 0 0 -1
    outer loop
      vertex 63.6 0 0
      vertex 59.6 12.65 0
      vertex 63.6 41.3 0
    endloop
  endfacet
  facet normal 0 0 -1
    outer loop
      vertex 63.6 0 0
      vertex 59.5759 12.1599 0
      vertex 59.6 12.65 0
    endloop
  endfacet
  facet normal 0 0 -1
    outer loop
      vertex 63.6 0 0
      vertex 59.5039 11.6746 0
      vertex 59.5759 12.1599 0
    endloop
  endfacet
  facet normal 0 0 -1
    outer loop
      vertex 63.6 0 0
      vertex 59.3847 11.1986 0
      vertex 59.5039 11.6746 0
    endloop
  endfacet
  facet normal 0 0 -1
    outer loop
      vertex 63.6 0 0
      vertex 59.2194 10.7366 0
      vertex 59.3847 11.1986 0
    endloop
  endfacet
  facet normal 0 0 -1
    outer loop
      vertex 63.6 0 0
      vertex 59.0096 10.293 0
      vertex 59.2194 10.7366 0
    endloop
  endfacet
  facet normal 0 0 -1
    outer loop
      vertex 63.6 0 0
      vertex 58.7573 9.87215 0
      vertex 59.0096 10.293 0
    endloop
  endfacet
  facet normal 0 0 -1
    outer loop
      vertex 63.6 0 0
      vertex 58.465 9.47805 0
      vertex 58.7573 9.87215 0
    endloop
  endfacet
  facet normal 0 0 -1
    outer loop
      vertex 63.6 0 0
      vertex 58.1355 9.11448 0
      vertex 58.465 9.47805 0
    endloop
  endfacet
  facet normal 0 0 -1
    outer loop
      vertex 63.6 0 0
      vertex 57.7719 8.78495 0
      vertex 58.1355 9.11448 0
    endloop
  endfacet
  facet normal 0 0 -1
    outer loop
      vertex 63.6 0 0
      vertex 57.3778 8.49267 0
      vertex 57.7719 8.78495 0
    endloop
  endfacet
  facet normal 0 0 -1
    outer loop
      vertex 63.6 0 0
      vertex 56.957 8.24041 0
      vertex 57.3778 8.49267 0
    endloop
  endfacet
  facet normal 0 0 -1
    outer loop
      vertex 63.6 0 0
      vertex 56.5134 8.03061 0
      vertex 56.957 8.24041 0
    endloop
  endfacet
  facet normal 0 0 -1
    outer loop
      vertex 63.6 0 0
      vertex 56.0514 7.8653 0
      vertex 56.5134 8.03061 0
    endloop
  endfacet
  facet normal 0 0 -1
    outer loop
      vertex 63.6 0 0
      vertex 55.5754 7.74608 0
      vertex 56.0514 7.8653 0
    endloop
  endfacet
  facet normal 0 0 -1
    outer loop
      vertex 63.6 0 0
      vertex 55.0901 7.67408 0
      vertex 55.5754 7.74608 0
    endloop
  endfacet
  facet normal 0 0 -1
    outer loop
      vertex 63.6 0 0
      vertex 54.6 7.65 0
      vertex 55.0901 7.67408 0
    endloop
  endfacet
  facet normal 0 0 -1
    outer loop
      vertex 63.6 0 0
      vertex 54.1099 7.67408 0
      vertex 54.6 7.65 0
    endloop
  endfacet
  facet normal 0 0 -1
    outer loop
      vertex 63.6 0 0
      vertex 53.6245 7.74608 0
      vertex 54.1099 7.67408 0
    endloop
  endfacet
  facet normal 0 0 -1
    outer loop
      vertex 63.6 0 0
      vertex 53.1486 7.8653 0
      vertex 53.6245 7.74608 0
    endloop
  endfacet
  facet normal 0 0 -1
    outer loop
      vertex 40.8514 7.8653 0
      vertex 53.1486 7.8653 0
      vertex 63.6 0 0
    endloop
  endfacet
  facet normal 0 0 -1
    outer loop
      vertex 53.1486 7.8653 0
      vertex 40.8514 7.8653 0
      vertex 52.6866 8.03061 0
    endloop
  endfacet
  facet normal 0 -0 -1
    outer loop
      vertex 41.3134 8.03061 0
      vertex 52.6866 8.03061 0
      vertex 40.8514 7.8653 0
    endloop
  endfacet
  facet normal 0 0 -1
    outer loop
      vertex 49.6 12.65 0
      vertex 44.4 12.65 0
      vertex 49.6 28.65 0
    endloop
  endfacet
  facet normal 0 0 -1
    outer loop
      vertex 49.6241 12.1599 0
      vertex 44.4 12.65 0
      vertex 49.6 12.65 0
    endloop
  endfacet
  facet normal 0 0 -1
    outer loop
      vertex 44.3759 12.1599 0
      vertex 49.6241 12.1599 0
      vertex 49.6961 11.6746 0
    endloop
  endfacet
  facet normal 0 0 -1
    outer loop
      vertex 44.3039 11.6746 0
      vertex 49.6961 11.6746 0
      vertex 49.8153 11.1986 0
    endloop
  endfacet
  facet normal 0 0 -1
    outer loop
      vertex 44.1847 11.1986 0
      vertex 49.8153 11.1986 0
      vertex 49.9806 10.7366 0
    endloop
  endfacet
  facet normal 0 0 -1
    outer loop
      vertex 44.0194 10.7366 0
      vertex 49.9806 10.7366 0
      vertex 50.1904 10.293 0
    endloop
  endfacet
  facet normal 0 0 -1
    outer loop
      vertex 43.8096 10.293 0
      vertex 50.1904 10.293 0
      vertex 50.4427 9.87215 0
    endloop
  endfacet
  facet normal 0 0 -1
    outer loop
      vertex 43.5573 9.87215 0
      vertex 50.4427 9.87215 0
      vertex 50.7349 9.47805 0
    endloop
  endfacet
  facet normal 0 0 -1
    outer loop
      vertex 43.2651 9.47805 0
      vertex 50.7349 9.47805 0
      vertex 51.0645 9.11448 0
    endloop
  endfacet
  facet normal 0 0 -1
    outer loop
      vertex 42.9355 9.11448 0
      vertex 51.0645 9.11448 0
      vertex 51.428 8.78495 0
    endloop
  endfacet
  facet normal 0 0 -1
    outer loop
      vertex 42.572 8.78495 0
      vertex 51.428 8.78495 0
      vertex 51.8222 8.49267 0
    endloop
  endfacet
  facet normal 0 -0 -1
    outer loop
      vertex 41.757 8.24041 0
      vertex 52.243 8.24041 0
      vertex 41.3134 8.03061 0
    endloop
  endfacet
  facet normal 0 0 -1
    outer loop
      vertex 49.6241 12.1599 0
      vertex 44.3759 12.1599 0
      vertex 44.4 12.65 0
    endloop
  endfacet
  facet normal 0 0 -1
    outer loop
      vertex 49.6961 11.6746 0
      vertex 44.3039 11.6746 0
      vertex 44.3759 12.1599 0
    endloop
  endfacet
  facet normal 0 0 -1
    outer loop
      vertex 49.8153 11.1986 0
      vertex 44.1847 11.1986 0
      vertex 44.3039 11.6746 0
    endloop
  endfacet
  facet normal 0 0 -1
    outer loop
      vertex 49.9806 10.7366 0
      vertex 44.0194 10.7366 0
      vertex 44.1847 11.1986 0
    endloop
  endfacet
  facet normal 0 0 -1
    outer loop
      vertex 50.1904 10.293 0
      vertex 43.8096 10.293 0
      vertex 44.0194 10.7366 0
    endloop
  endfacet
  facet normal 0 0 -1
    outer loop
      vertex 50.4427 9.87215 0
      vertex 43.5573 9.87215 0
      vertex 43.8096 10.293 0
    endloop
  endfacet
  facet normal 0 0 -1
    outer loop
      vertex 50.7349 9.47805 0
      vertex 43.2651 9.47805 0
      vertex 43.5573 9.87215 0
    endloop
  endfacet
  facet normal 0 0 -1
    outer loop
      vertex 51.0645 9.11448 0
      vertex 42.9355 9.11448 0
      vertex 43.2651 9.47805 0
    endloop
  endfacet
  facet normal 0 0 -1
    outer loop
      vertex 51.428 8.78495 0
      vertex 42.572 8.78495 0
      vertex 42.9355 9.11448 0
    endloop
  endfacet
  facet normal 0 0 -1
    outer loop
      vertex 51.8222 8.49267 0
      vertex 42.1778 8.49267 0
      vertex 42.572 8.78495 0
    endloop
  endfacet
  facet normal -0 0 -1
    outer loop
      vertex 51.8222 8.49267 0
      vertex 41.757 8.24041 0
      vertex 42.1778 8.49267 0
    endloop
  endfacet
  facet normal 0 0 -1
    outer loop
      vertex 52.243 8.24041 0
      vertex 41.757 8.24041 0
      vertex 51.8222 8.49267 0
    endloop
  endfacet
  facet normal 0 0 -1
    outer loop
      vertex 52.6866 8.03061 0
      vertex 41.3134 8.03061 0
      vertex 52.243 8.24041 0
    endloop
  endfacet
  facet normal 0 0 -1
    outer loop
      vertex 63.6 0 0
      vertex 40.3755 7.74608 0
      vertex 40.8514 7.8653 0
    endloop
  endfacet
  facet normal 0 0 -1
    outer loop
      vertex 63.6 0 0
      vertex 39.8901 7.67408 0
      vertex 40.3755 7.74608 0
    endloop
  endfacet
  facet normal 0 0 -1
    outer loop
      vertex 63.6 0 0
      vertex 39.4 7.65 0
      vertex 39.8901 7.67408 0
    endloop
  endfacet
  facet normal 0 0 -1
    outer loop
      vertex 63.6 0 0
      vertex 38.9099 7.67408 0
      vertex 39.4 7.65 0
    endloop
  endfacet
  facet normal 0 0 -1
    outer loop
      vertex 24.6901 7.67408 0
      vertex 38.9099 7.67408 0
      vertex 63.6 0 0
    endloop
  endfacet
  facet normal 0 0 -1
    outer loop
      vertex 38.9099 7.67408 0
      vertex 24.6901 7.67408 0
      vertex 38.4246 7.74608 0
    endloop
  endfacet
  facet normal 0 0 -1
    outer loop
      vertex 34.4 12.65 0
      vertex 29.2 12.65 0
      vertex 34.4 28.65 0
    endloop
  endfacet
  facet normal 0 0 -1
    outer loop
      vertex 34.4241 12.1599 0
      vertex 29.2 12.65 0
      vertex 34.4 12.65 0
    endloop
  endfacet
  facet normal 0 0 -1
    outer loop
      vertex 29.1759 12.1599 0
      vertex 34.4241 12.1599 0
      vertex 34.4961 11.6746 0
    endloop
  endfacet
  facet normal 0 0 -1
    outer loop
      vertex 29.1039 11.6746 0
      vertex 34.4961 11.6746 0
      vertex 34.6153 11.1986 0
    endloop
  endfacet
  facet normal 0 0 -1
    outer loop
      vertex 28.9847 11.1986 0
      vertex 34.6153 11.1986 0
      vertex 34.7806 10.7366 0
    endloop
  endfacet
  facet normal 0 0 -1
    outer loop
      vertex 28.8194 10.7366 0
      vertex 34.7806 10.7366 0
      vertex 34.9904 10.293 0
    endloop
  endfacet
  facet normal 0 0 -1
    outer loop
      vertex 28.6096 10.293 0
      vertex 34.9904 10.293 0
      vertex 35.2427 9.87215 0
    endloop
  endfacet
  facet normal 0 0 -1
    outer loop
      vertex 28.3573 9.87215 0
      vertex 35.2427 9.87215 0
      vertex 35.535 9.47805 0
    endloop
  endfacet
  facet normal 0 0 -1
    outer loop
      vertex 28.0651 9.47805 0
      vertex 35.535 9.47805 0
      vertex 35.8645 9.11448 0
    endloop
  endfacet
  facet normal 0 0 -1
    outer loop
      vertex 27.7355 9.11448 0
      vertex 35.8645 9.11448 0
      vertex 36.2281 8.78495 0
    endloop
  endfacet
  facet normal 0 0 -1
    outer loop
      vertex 27.372 8.78495 0
      vertex 36.2281 8.78495 0
      vertex 36.6222 8.49267 0
    endloop
  endfacet
  facet normal 0 0 -1
    outer loop
      vertex 26.9778 8.49267 0
      vertex 36.6222 8.49267 0
      vertex 37.043 8.24041 0
    endloop
  endfacet
  facet normal 0 0 -1
    outer loop
      vertex 34.4241 12.1599 0
      vertex 29.1759 12.1599 0
      vertex 29.2 12.65 0
    endloop
  endfacet
  facet normal 0 0 -1
    outer loop
      vertex 34.4961 11.6746 0
      vertex 29.1039 11.6746 0
      vertex 29.1759 12.1599 0
    endloop
  endfacet
  facet normal 0 0 -1
    outer loop
      vertex 26.557 8.24041 0
      vertex 37.043 8.24041 0
      vertex 37.4866 8.03061 0
    endloop
  endfacet
  facet normal 0 0 -1
    outer loop
      vertex 34.6153 11.1986 0
      vertex 28.9847 11.1986 0
      vertex 29.1039 11.6746 0
    endloop
  endfacet
  facet normal 0 0 -1
    outer loop
      vertex 34.7806 10.7366 0
      vertex 28.8194 10.7366 0
      vertex 28.9847 11.1986 0
    endloop
  endfacet
  facet normal 0 0 -1
    outer loop
      vertex 26.1134 8.03061 0
      vertex 37.4866 8.03061 0
      vertex 37.9486 7.8653 0
    endloop
  endfacet
  facet normal 0 0 -1
    outer loop
      vertex 34.9904 10.293 0
      vertex 28.6096 10.293 0
      vertex 28.8194 10.7366 0
    endloop
  endfacet
  facet normal 0 -0 -1
    outer loop
      vertex 25.1754 7.74608 0
      vertex 38.4246 7.74608 0
      vertex 24.6901 7.67408 0
    endloop
  endfacet
  facet normal 0 0 -1
    outer loop
      vertex 35.2427 9.87215 0
      vertex 28.3573 9.87215 0
      vertex 28.6096 10.293 0
    endloop
  endfacet
  facet normal 0 0 -1
    outer loop
      vertex 35.535 9.47805 0
      vertex 28.0651 9.47805 0
      vertex 28.3573 9.87215 0
    endloop
  endfacet
  facet normal 0 0 -1
    outer loop
      vertex 35.8645 9.11448 0
      vertex 27.7355 9.11448 0
      vertex 28.0651 9.47805 0
    endloop
  endfacet
  facet normal 0 0 -1
    outer loop
      vertex 36.2281 8.78495 0
      vertex 27.372 8.78495 0
      vertex 27.7355 9.11448 0
    endloop
  endfacet
  facet normal 0 0 -1
    outer loop
      vertex 36.6222 8.49267 0
      vertex 26.9778 8.49267 0
      vertex 27.372 8.78495 0
    endloop
  endfacet
  facet normal 0 0 -1
    outer loop
      vertex 37.043 8.24041 0
      vertex 26.557 8.24041 0
      vertex 26.9778 8.49267 0
    endloop
  endfacet
  facet normal 0 0 -1
    outer loop
      vertex 37.4866 8.03061 0
      vertex 26.1134 8.03061 0
      vertex 26.557 8.24041 0
    endloop
  endfacet
  facet normal 0 0 -1
    outer loop
      vertex 37.9486 7.8653 0
      vertex 25.6514 7.8653 0
      vertex 26.1134 8.03061 0
    endloop
  endfacet
  facet normal -0 0 -1
    outer loop
      vertex 37.9486 7.8653 0
      vertex 25.1754 7.74608 0
      vertex 25.6514 7.8653 0
    endloop
  endfacet
  facet normal 0 0 -1
    outer loop
      vertex 38.4246 7.74608 0
      vertex 25.1754 7.74608 0
      vertex 37.9486 7.8653 0
    endloop
  endfacet
  facet normal 0 0 -1
    outer loop
      vertex 0 0 0
      vertex 24.6901 7.67408 0
      vertex 63.6 0 0
    endloop
  endfacet
  facet normal 0 0 -1
    outer loop
      vertex 24.6901 7.67408 0
      vertex 0 0 0
      vertex 24.2 7.65 0
    endloop
  endfacet
  facet normal -0 0 -1
    outer loop
      vertex 24.2 7.65 0
      vertex 0 0 0
      vertex 23.7099 7.67408 0
    endloop
  endfacet
  facet normal 0 0 -1
    outer loop
      vertex 19.2 12.65 0
      vertex 14 12.65 0
      vertex 19.2 28.65 0
    endloop
  endfacet
  facet normal 0 0 -1
    outer loop
      vertex 19.2241 12.1599 0
      vertex 14 12.65 0
      vertex 19.2 12.65 0
    endloop
  endfacet
  facet normal 0 0 -1
    outer loop
      vertex 13.9759 12.1599 0
      vertex 19.2241 12.1599 0
      vertex 19.2961 11.6746 0
    endloop
  endfacet
  facet normal 0 0 -1
    outer loop
      vertex 13.9039 11.6746 0
      vertex 19.2961 11.6746 0
      vertex 19.4153 11.1986 0
    endloop
  endfacet
  facet normal 0 0 -1
    outer loop
      vertex 13.7847 11.1986 0
      vertex 19.4153 11.1986 0
      vertex 19.5806 10.7366 0
    endloop
  endfacet
  facet normal 0 0 -1
    outer loop
      vertex 13.6194 10.7366 0
      vertex 19.5806 10.7366 0
      vertex 19.7904 10.293 0
    endloop
  endfacet
  facet normal 0 0 -1
    outer loop
      vertex 13.4096 10.293 0
      vertex 19.7904 10.293 0
      vertex 20.0427 9.87215 0
    endloop
  endfacet
  facet normal 0 0 -1
    outer loop
      vertex 13.1573 9.87215 0
      vertex 20.0427 9.87215 0
      vertex 20.3349 9.47805 0
    endloop
  endfacet
  facet normal 0 0 -1
    outer loop
      vertex 12.8651 9.47805 0
      vertex 20.3349 9.47805 0
      vertex 20.6645 9.11448 0
    endloop
  endfacet
  facet normal 0 0 -1
    outer loop
      vertex 12.5355 9.11448 0
      vertex 20.6645 9.11448 0
      vertex 21.028 8.78495 0
    endloop
  endfacet
  facet normal 0 0 -1
    outer loop
      vertex 12.172 8.78495 0
      vertex 21.028 8.78495 0
      vertex 21.4222 8.49267 0
    endloop
  endfacet
  facet normal 0 0 -1
    outer loop
      vertex 11.7778 8.49267 0
      vertex 21.4222 8.49267 0
      vertex 21.843 8.24041 0
    endloop
  endfacet
  facet normal 0 0 -1
    outer loop
      vertex 19.2241 12.1599 0
      vertex 13.9759 12.1599 0
      vertex 14 12.65 0
    endloop
  endfacet
  facet normal 0 0 -1
    outer loop
      vertex 19.2961 11.6746 0
      vertex 13.9039 11.6746 0
      vertex 13.9759 12.1599 0
    endloop
  endfacet
  facet normal 0 0 -1
    outer loop
      vertex 11.357 8.24041 0
      vertex 21.843 8.24041 0
      vertex 22.2866 8.03061 0
    endloop
  endfacet
  facet normal 0 0 -1
    outer loop
      vertex 19.4153 11.1986 0
      vertex 13.7847 11.1986 0
      vertex 13.9039 11.6746 0
    endloop
  endfacet
  facet normal 0 0 -1
    outer loop
      vertex 19.5806 10.7366 0
      vertex 13.6194 10.7366 0
      vertex 13.7847 11.1986 0
    endloop
  endfacet
  facet normal 0 0 -1
    outer loop
      vertex 10.9134 8.03061 0
      vertex 22.2866 8.03061 0
      vertex 22.7486 7.8653 0
    endloop
  endfacet
  facet normal 0 0 -1
    outer loop
      vertex 19.7904 10.293 0
      vertex 13.4096 10.293 0
      vertex 13.6194 10.7366 0
    endloop
  endfacet
  facet normal 0 0 -1
    outer loop
      vertex 20.0427 9.87215 0
      vertex 13.1573 9.87215 0
      vertex 13.4096 10.293 0
    endloop
  endfacet
  facet normal 0 0 -1
    outer loop
      vertex 0 0 0
      vertex 22.7486 7.8653 0
      vertex 23.2246 7.74608 0
    endloop
  endfacet
  facet normal 0 0 -1
    outer loop
      vertex 20.3349 9.47805 0
      vertex 12.8651 9.47805 0
      vertex 13.1573 9.87215 0
    endloop
  endfacet
  facet normal -0 0 -1
    outer loop
      vertex 23.7099 7.67408 0
      vertex 0 0 0
      vertex 23.2246 7.74608 0
    endloop
  endfacet
  facet normal 0 0 -1
    outer loop
      vertex 20.6645 9.11448 0
      vertex 12.5355 9.11448 0
      vertex 12.8651 9.47805 0
    endloop
  endfacet
  facet normal 0 0 -1
    outer loop
      vertex 21.028 8.78495 0
      vertex 12.172 8.78495 0
      vertex 12.5355 9.11448 0
    endloop
  endfacet
  facet normal 0 0 -1
    outer loop
      vertex 21.4222 8.49267 0
      vertex 11.7778 8.49267 0
      vertex 12.172 8.78495 0
    endloop
  endfacet
  facet normal 0 0 -1
    outer loop
      vertex 21.843 8.24041 0
      vertex 11.357 8.24041 0
      vertex 11.7778 8.49267 0
    endloop
  endfacet
  facet normal -0 0 -1
    outer loop
      vertex 22.7486 7.8653 0
      vertex 0 0 0
      vertex 10.4514 7.8653 0
    endloop
  endfacet
  facet normal 0 0 -1
    outer loop
      vertex 22.2866 8.03061 0
      vertex 10.9134 8.03061 0
      vertex 11.357 8.24041 0
    endloop
  endfacet
  facet normal 0 0 -1
    outer loop
      vertex 22.7486 7.8653 0
      vertex 10.4514 7.8653 0
      vertex 10.9134 8.03061 0
    endloop
  endfacet
  facet normal 0 0 -1
    outer loop
      vertex 10.4514 7.8653 0
      vertex 0 0 0
      vertex 9.97545 7.74608 0
    endloop
  endfacet
  facet normal 0 0 -1
    outer loop
      vertex 9.97545 7.74608 0
      vertex 0 0 0
      vertex 9.49008 7.67408 0
    endloop
  endfacet
  facet normal 0 0 -1
    outer loop
      vertex 9.49008 7.67408 0
      vertex 0 0 0
      vertex 9 7.65 0
    endloop
  endfacet
  facet normal -0 0 -1
    outer loop
      vertex 4 12.65 0
      vertex 0 0 0
      vertex 4 28.65 0
    endloop
  endfacet
  facet normal -0 0 -1
    outer loop
      vertex 4.02408 12.1599 0
      vertex 0 0 0
      vertex 4 12.65 0
    endloop
  endfacet
  facet normal -0 0 -1
    outer loop
      vertex 4.09608 11.6746 0
      vertex 0 0 0
      vertex 4.02408 12.1599 0
    endloop
  endfacet
  facet normal -0 0 -1
    outer loop
      vertex 4.2153 11.1986 0
      vertex 0 0 0
      vertex 4.09608 11.6746 0
    endloop
  endfacet
  facet normal -0 0 -1
    outer loop
      vertex 4.38062 10.7366 0
      vertex 0 0 0
      vertex 4.2153 11.1986 0
    endloop
  endfacet
  facet normal -0 0 -1
    outer loop
      vertex 4.59041 10.293 0
      vertex 0 0 0
      vertex 4.38062 10.7366 0
    endloop
  endfacet
  facet normal -0 0 -1
    outer loop
      vertex 4.84267 9.87215 0
      vertex 0 0 0
      vertex 4.59041 10.293 0
    endloop
  endfacet
  facet normal -0 0 -1
    outer loop
      vertex 5.13495 9.47805 0
      vertex 0 0 0
      vertex 4.84267 9.87215 0
    endloop
  endfacet
  facet normal -0 0 -1
    outer loop
      vertex 5.46448 9.11448 0
      vertex 0 0 0
      vertex 5.13495 9.47805 0
    endloop
  endfacet
  facet normal -0 0 -1
    outer loop
      vertex 5.82805 8.78495 0
      vertex 0 0 0
      vertex 5.46448 9.11448 0
    endloop
  endfacet
  facet normal -0 0 -1
    outer loop
      vertex 6.22215 8.49267 0
      vertex 0 0 0
      vertex 5.82805 8.78495 0
    endloop
  endfacet
  facet normal -0 0 -1
    outer loop
      vertex 6.64302 8.24041 0
      vertex 0 0 0
      vertex 6.22215 8.49267 0
    endloop
  endfacet
  facet normal -0 0 -1
    outer loop
      vertex 7.08659 8.03061 0
      vertex 0 0 0
      vertex 6.64302 8.24041 0
    endloop
  endfacet
  facet normal -0 0 -1
    outer loop
      vertex 7.54858 7.8653 0
      vertex 0 0 0
      vertex 7.08659 8.03061 0
    endloop
  endfacet
  facet normal -0 0 -1
    outer loop
      vertex 8.02455 7.74608 0
      vertex 0 0 0
      vertex 7.54858 7.8653 0
    endloop
  endfacet
  facet normal -0 0 -1
    outer loop
      vertex 8.50992 7.67408 0
      vertex 0 0 0
      vertex 8.02455 7.74608 0
    endloop
  endfacet
  facet normal -0 0 -1
    outer loop
      vertex 9 7.65 0
      vertex 0 0 0
      vertex 8.50992 7.67408 0
    endloop
  endfacet
  facet normal 0 0 -1
    outer loop
      vertex 59.6 28.65 0
      vertex 63.6 41.3 0
      vertex 59.6 12.65 0
    endloop
  endfacet
  facet normal 0 0 -1
    outer loop
      vertex 59.5759 29.1401 0
      vertex 63.6 41.3 0
      vertex 59.6 28.65 0
    endloop
  endfacet
  facet normal 0 0 -1
    outer loop
      vertex 59.5039 29.6254 0
      vertex 63.6 41.3 0
      vertex 59.5759 29.1401 0
    endloop
  endfacet
  facet normal 0 0 -1
    outer loop
      vertex 59.3847 30.1014 0
      vertex 63.6 41.3 0
      vertex 59.5039 29.6254 0
    endloop
  endfacet
  facet normal 0 0 -1
    outer loop
      vertex 59.2194 30.5634 0
      vertex 63.6 41.3 0
      vertex 59.3847 30.1014 0
    endloop
  endfacet
  facet normal 0 0 -1
    outer loop
      vertex 59.0096 31.007 0
      vertex 63.6 41.3 0
      vertex 59.2194 30.5634 0
    endloop
  endfacet
  facet normal 0 0 -1
    outer loop
      vertex 58.7573 31.4278 0
      vertex 63.6 41.3 0
      vertex 59.0096 31.007 0
    endloop
  endfacet
  facet normal 0 0 -1
    outer loop
      vertex 58.465 31.822 0
      vertex 63.6 41.3 0
      vertex 58.7573 31.4278 0
    endloop
  endfacet
  facet normal 0 0 -1
    outer loop
      vertex 58.1355 32.1855 0
      vertex 63.6 41.3 0
      vertex 58.465 31.822 0
    endloop
  endfacet
  facet normal 0 0 -1
    outer loop
      vertex 57.7719 32.5151 0
      vertex 63.6 41.3 0
      vertex 58.1355 32.1855 0
    endloop
  endfacet
  facet normal 0 0 -1
    outer loop
      vertex 57.3778 32.8073 0
      vertex 63.6 41.3 0
      vertex 57.7719 32.5151 0
    endloop
  endfacet
  facet normal 0 0 -1
    outer loop
      vertex 56.957 33.0596 0
      vertex 63.6 41.3 0
      vertex 57.3778 32.8073 0
    endloop
  endfacet
  facet normal 0 0 -1
    outer loop
      vertex 56.5134 33.2694 0
      vertex 63.6 41.3 0
      vertex 56.957 33.0596 0
    endloop
  endfacet
  facet normal 0 0 -1
    outer loop
      vertex 56.0514 33.4347 0
      vertex 63.6 41.3 0
      vertex 56.5134 33.2694 0
    endloop
  endfacet
  facet normal 0 0 -1
    outer loop
      vertex 55.5754 33.5539 0
      vertex 63.6 41.3 0
      vertex 56.0514 33.4347 0
    endloop
  endfacet
  facet normal 0 0 -1
    outer loop
      vertex 55.0901 33.6259 0
      vertex 63.6 41.3 0
      vertex 55.5754 33.5539 0
    endloop
  endfacet
  facet normal 0 0 -1
    outer loop
      vertex 54.6 33.65 0
      vertex 63.6 41.3 0
      vertex 55.0901 33.6259 0
    endloop
  endfacet
  facet normal 0 0 -1
    outer loop
      vertex 54.1099 33.6259 0
      vertex 63.6 41.3 0
      vertex 54.6 33.65 0
    endloop
  endfacet
  facet normal 0 0 -1
    outer loop
      vertex 53.6245 33.5539 0
      vertex 63.6 41.3 0
      vertex 54.1099 33.6259 0
    endloop
  endfacet
  facet normal 0 0 -1
    outer loop
      vertex 53.1486 33.4347 0
      vertex 63.6 41.3 0
      vertex 53.6245 33.5539 0
    endloop
  endfacet
  facet normal 0 0 -1
    outer loop
      vertex 40.8514 33.4347 0
      vertex 53.1486 33.4347 0
      vertex 52.6866 33.2694 0
    endloop
  endfacet
  facet normal 0 0 -1
    outer loop
      vertex 41.3134 33.2694 0
      vertex 52.6866 33.2694 0
      vertex 52.243 33.0596 0
    endloop
  endfacet
  facet normal 0 0 -1
    outer loop
      vertex 41.757 33.0596 0
      vertex 52.243 33.0596 0
      vertex 51.8222 32.8073 0
    endloop
  endfacet
  facet normal 0 0 -1
    outer loop
      vertex 44.4 28.65 0
      vertex 49.6 28.65 0
      vertex 44.4 12.65 0
    endloop
  endfacet
  facet normal 0 0 -1
    outer loop
      vertex 49.6 28.65 0
      vertex 44.4 28.65 0
      vertex 49.6241 29.1401 0
    endloop
  endfacet
  facet normal 0 0 -1
    outer loop
      vertex 44.3759 29.1401 0
      vertex 49.6241 29.1401 0
      vertex 44.4 28.65 0
    endloop
  endfacet
  facet normal 0 0 -1
    outer loop
      vertex 49.6241 29.1401 0
      vertex 44.3759 29.1401 0
      vertex 49.6961 29.6254 0
    endloop
  endfacet
  facet normal 0 0 -1
    outer loop
      vertex 44.3039 29.6254 0
      vertex 49.6961 29.6254 0
      vertex 44.3759 29.1401 0
    endloop
  endfacet
  facet normal 0 0 -1
    outer loop
      vertex 49.6961 29.6254 0
      vertex 44.3039 29.6254 0
      vertex 49.8153 30.1014 0
    endloop
  endfacet
  facet normal 0 0 -1
    outer loop
      vertex 44.1847 30.1014 0
      vertex 49.8153 30.1014 0
      vertex 44.3039 29.6254 0
    endloop
  endfacet
  facet normal 0 0 -1
    outer loop
      vertex 49.8153 30.1014 0
      vertex 44.1847 30.1014 0
      vertex 49.9806 30.5634 0
    endloop
  endfacet
  facet normal 0 0 -1
    outer loop
      vertex 44.0194 30.5634 0
      vertex 49.9806 30.5634 0
      vertex 44.1847 30.1014 0
    endloop
  endfacet
  facet normal 0 0 -1
    outer loop
      vertex 49.9806 30.5634 0
      vertex 44.0194 30.5634 0
      vertex 50.1904 31.007 0
    endloop
  endfacet
  facet normal 0 0 -1
    outer loop
      vertex 43.8096 31.007 0
      vertex 50.1904 31.007 0
      vertex 44.0194 30.5634 0
    endloop
  endfacet
  facet normal 0 0 -1
    outer loop
      vertex 50.1904 31.007 0
      vertex 43.8096 31.007 0
      vertex 50.4427 31.4278 0
    endloop
  endfacet
  facet normal 0 0 -1
    outer loop
      vertex 43.5573 31.4278 0
      vertex 50.4427 31.4278 0
      vertex 43.8096 31.007 0
    endloop
  endfacet
  facet normal 0 0 -1
    outer loop
      vertex 50.4427 31.4278 0
      vertex 43.5573 31.4278 0
      vertex 50.7349 31.822 0
    endloop
  endfacet
  facet normal 0 0 -1
    outer loop
      vertex 43.2651 31.822 0
      vertex 50.7349 31.822 0
      vertex 43.5573 31.4278 0
    endloop
  endfacet
  facet normal 0 0 -1
    outer loop
      vertex 50.7349 31.822 0
      vertex 43.2651 31.822 0
      vertex 51.0645 32.1855 0
    endloop
  endfacet
  facet normal 0 0 -1
    outer loop
      vertex 42.9355 32.1855 0
      vertex 51.0645 32.1855 0
      vertex 43.2651 31.822 0
    endloop
  endfacet
  facet normal 0 0 -1
    outer loop
      vertex 51.0645 32.1855 0
      vertex 42.9355 32.1855 0
      vertex 51.428 32.5151 0
    endloop
  endfacet
  facet normal 0 0 -1
    outer loop
      vertex 42.572 32.5151 0
      vertex 51.428 32.5151 0
      vertex 42.9355 32.1855 0
    endloop
  endfacet
  facet normal 0 0 -1
    outer loop
      vertex 51.428 32.5151 0
      vertex 42.572 32.5151 0
      vertex 51.8222 32.8073 0
    endloop
  endfacet
  facet normal 0 0 -1
    outer loop
      vertex 42.1778 32.8073 0
      vertex 51.8222 32.8073 0
      vertex 42.572 32.5151 0
    endloop
  endfacet
  facet normal 0 0 -1
    outer loop
      vertex 41.757 33.0596 0
      vertex 51.8222 32.8073 0
      vertex 42.1778 32.8073 0
    endloop
  endfacet
  facet normal 0 0 -1
    outer loop
      vertex 52.243 33.0596 0
      vertex 41.757 33.0596 0
      vertex 41.3134 33.2694 0
    endloop
  endfacet
  facet normal 0 0 -1
    outer loop
      vertex 52.6866 33.2694 0
      vertex 41.3134 33.2694 0
      vertex 40.8514 33.4347 0
    endloop
  endfacet
  facet normal 0 0 -1
    outer loop
      vertex 53.1486 33.4347 0
      vertex 40.8514 33.4347 0
      vertex 63.6 41.3 0
    endloop
  endfacet
  facet normal 0 0 -1
    outer loop
      vertex 40.3755 33.5539 0
      vertex 63.6 41.3 0
      vertex 40.8514 33.4347 0
    endloop
  endfacet
  facet normal 0 0 -1
    outer loop
      vertex 39.8901 33.6259 0
      vertex 63.6 41.3 0
      vertex 40.3755 33.5539 0
    endloop
  endfacet
  facet normal 0 0 -1
    outer loop
      vertex 39.4 33.65 0
      vertex 63.6 41.3 0
      vertex 39.8901 33.6259 0
    endloop
  endfacet
  facet normal 0 0 -1
    outer loop
      vertex 38.9099 33.6259 0
      vertex 63.6 41.3 0
      vertex 39.4 33.65 0
    endloop
  endfacet
  facet normal 0 0 -1
    outer loop
      vertex 24.6901 33.6259 0
      vertex 38.9099 33.6259 0
      vertex 38.4246 33.5539 0
    endloop
  endfacet
  facet normal 0 0 -1
    outer loop
      vertex 25.1754 33.5539 0
      vertex 38.4246 33.5539 0
      vertex 37.9486 33.4347 0
    endloop
  endfacet
  facet normal 0 0 -1
    outer loop
      vertex 29.2 28.65 0
      vertex 34.4 28.65 0
      vertex 29.2 12.65 0
    endloop
  endfacet
  facet normal 0 0 -1
    outer loop
      vertex 34.4 28.65 0
      vertex 29.2 28.65 0
      vertex 34.4241 29.1401 0
    endloop
  endfacet
  facet normal 0 0 -1
    outer loop
      vertex 29.1759 29.1401 0
      vertex 34.4241 29.1401 0
      vertex 29.2 28.65 0
    endloop
  endfacet
  facet normal 0 0 -1
    outer loop
      vertex 34.4241 29.1401 0
      vertex 29.1759 29.1401 0
      vertex 34.4961 29.6254 0
    endloop
  endfacet
  facet normal 0 0 -1
    outer loop
      vertex 29.1039 29.6254 0
      vertex 34.4961 29.6254 0
      vertex 29.1759 29.1401 0
    endloop
  endfacet
  facet normal 0 0 -1
    outer loop
      vertex 34.4961 29.6254 0
      vertex 29.1039 29.6254 0
      vertex 34.6153 30.1014 0
    endloop
  endfacet
  facet normal 0 0 -1
    outer loop
      vertex 28.9847 30.1014 0
      vertex 34.6153 30.1014 0
      vertex 29.1039 29.6254 0
    endloop
  endfacet
  facet normal 0 0 -1
    outer loop
      vertex 34.6153 30.1014 0
      vertex 28.9847 30.1014 0
      vertex 34.7806 30.5634 0
    endloop
  endfacet
  facet normal 0 0 -1
    outer loop
      vertex 28.8194 30.5634 0
      vertex 34.7806 30.5634 0
      vertex 28.9847 30.1014 0
    endloop
  endfacet
  facet normal 0 0 -1
    outer loop
      vertex 34.7806 30.5634 0
      vertex 28.8194 30.5634 0
      vertex 34.9904 31.007 0
    endloop
  endfacet
  facet normal 0 0 -1
    outer loop
      vertex 28.6096 31.007 0
      vertex 34.9904 31.007 0
      vertex 28.8194 30.5634 0
    endloop
  endfacet
  facet normal 0 0 -1
    outer loop
      vertex 34.9904 31.007 0
      vertex 28.6096 31.007 0
      vertex 35.2427 31.4278 0
    endloop
  endfacet
  facet normal 0 0 -1
    outer loop
      vertex 28.3573 31.4278 0
      vertex 35.2427 31.4278 0
      vertex 28.6096 31.007 0
    endloop
  endfacet
  facet normal 0 0 -1
    outer loop
      vertex 35.2427 31.4278 0
      vertex 28.3573 31.4278 0
      vertex 35.535 31.822 0
    endloop
  endfacet
  facet normal 0 0 -1
    outer loop
      vertex 28.0651 31.822 0
      vertex 35.535 31.822 0
      vertex 28.3573 31.4278 0
    endloop
  endfacet
  facet normal 0 0 -1
    outer loop
      vertex 35.535 31.822 0
      vertex 28.0651 31.822 0
      vertex 35.8645 32.1855 0
    endloop
  endfacet
  facet normal 0 0 -1
    outer loop
      vertex 27.7355 32.1855 0
      vertex 35.8645 32.1855 0
      vertex 28.0651 31.822 0
    endloop
  endfacet
  facet normal 0 0 -1
    outer loop
      vertex 35.8645 32.1855 0
      vertex 27.7355 32.1855 0
      vertex 36.2281 32.5151 0
    endloop
  endfacet
  facet normal 0 0 -1
    outer loop
      vertex 27.372 32.5151 0
      vertex 36.2281 32.5151 0
      vertex 27.7355 32.1855 0
    endloop
  endfacet
  facet normal 0 0 -1
    outer loop
      vertex 36.2281 32.5151 0
      vertex 27.372 32.5151 0
      vertex 36.6222 32.8073 0
    endloop
  endfacet
  facet normal 0 0 -1
    outer loop
      vertex 26.9778 32.8073 0
      vertex 36.6222 32.8073 0
      vertex 27.372 32.5151 0
    endloop
  endfacet
  facet normal 0 0 -1
    outer loop
      vertex 36.6222 32.8073 0
      vertex 26.9778 32.8073 0
      vertex 37.043 33.0596 0
    endloop
  endfacet
  facet normal 0 0 -1
    outer loop
      vertex 26.557 33.0596 0
      vertex 37.043 33.0596 0
      vertex 26.9778 32.8073 0
    endloop
  endfacet
  facet normal 0 0 -1
    outer loop
      vertex 37.043 33.0596 0
      vertex 26.557 33.0596 0
      vertex 37.4866 33.2694 0
    endloop
  endfacet
  facet normal 0 0 -1
    outer loop
      vertex 26.1134 33.2694 0
      vertex 37.4866 33.2694 0
      vertex 26.557 33.0596 0
    endloop
  endfacet
  facet normal 0 0 -1
    outer loop
      vertex 37.4866 33.2694 0
      vertex 26.1134 33.2694 0
      vertex 37.9486 33.4347 0
    endloop
  endfacet
  facet normal 0 0 -1
    outer loop
      vertex 25.6514 33.4347 0
      vertex 37.9486 33.4347 0
      vertex 26.1134 33.2694 0
    endloop
  endfacet
  facet normal 0 0 -1
    outer loop
      vertex 25.1754 33.5539 0
      vertex 37.9486 33.4347 0
      vertex 25.6514 33.4347 0
    endloop
  endfacet
  facet normal 0 0 -1
    outer loop
      vertex 38.4246 33.5539 0
      vertex 25.1754 33.5539 0
      vertex 24.6901 33.6259 0
    endloop
  endfacet
  facet normal 0 0 -1
    outer loop
      vertex 38.9099 33.6259 0
      vertex 24.6901 33.6259 0
      vertex 63.6 41.3 0
    endloop
  endfacet
  facet normal 0 0 -1
    outer loop
      vertex 0 41.3 0
      vertex 24.6901 33.6259 0
      vertex 24.2 33.65 0
    endloop
  endfacet
  facet normal 0 0 -1
    outer loop
      vertex 0 41.3 0
      vertex 24.2 33.65 0
      vertex 23.7099 33.6259 0
    endloop
  endfacet
  facet normal 0 0 -1
    outer loop
      vertex 0 41.3 0
      vertex 23.7099 33.6259 0
      vertex 23.2246 33.5539 0
    endloop
  endfacet
  facet normal 0 0 -1
    outer loop
      vertex 14 28.65 0
      vertex 19.2 28.65 0
      vertex 14 12.65 0
    endloop
  endfacet
  facet normal 0 0 -1
    outer loop
      vertex 19.2 28.65 0
      vertex 14 28.65 0
      vertex 19.2241 29.1401 0
    endloop
  endfacet
  facet normal 0 0 -1
    outer loop
      vertex 13.9759 29.1401 0
      vertex 19.2241 29.1401 0
      vertex 14 28.65 0
    endloop
  endfacet
  facet normal 0 0 -1
    outer loop
      vertex 19.2241 29.1401 0
      vertex 13.9759 29.1401 0
      vertex 19.2961 29.6254 0
    endloop
  endfacet
  facet normal 0 0 -1
    outer loop
      vertex 13.9039 29.6254 0
      vertex 19.2961 29.6254 0
      vertex 13.9759 29.1401 0
    endloop
  endfacet
  facet normal 0 0 -1
    outer loop
      vertex 19.2961 29.6254 0
      vertex 13.9039 29.6254 0
      vertex 19.4153 30.1014 0
    endloop
  endfacet
  facet normal 0 0 -1
    outer loop
      vertex 13.7847 30.1014 0
      vertex 19.4153 30.1014 0
      vertex 13.9039 29.6254 0
    endloop
  endfacet
  facet normal 0 0 -1
    outer loop
      vertex 19.4153 30.1014 0
      vertex 13.7847 30.1014 0
      vertex 19.5806 30.5634 0
    endloop
  endfacet
  facet normal 0 0 -1
    outer loop
      vertex 13.6194 30.5634 0
      vertex 19.5806 30.5634 0
      vertex 13.7847 30.1014 0
    endloop
  endfacet
  facet normal 0 0 -1
    outer loop
      vertex 19.5806 30.5634 0
      vertex 13.6194 30.5634 0
      vertex 19.7904 31.007 0
    endloop
  endfacet
  facet normal 0 0 -1
    outer loop
      vertex 13.4096 31.007 0
      vertex 19.7904 31.007 0
      vertex 13.6194 30.5634 0
    endloop
  endfacet
  facet normal 0 0 -1
    outer loop
      vertex 19.7904 31.007 0
      vertex 13.4096 31.007 0
      vertex 20.0427 31.4278 0
    endloop
  endfacet
  facet normal 0 0 -1
    outer loop
      vertex 13.1573 31.4278 0
      vertex 20.0427 31.4278 0
      vertex 13.4096 31.007 0
    endloop
  endfacet
  facet normal 0 0 -1
    outer loop
      vertex 20.0427 31.4278 0
      vertex 13.1573 31.4278 0
      vertex 20.3349 31.822 0
    endloop
  endfacet
  facet normal 0 0 -1
    outer loop
      vertex 12.8651 31.822 0
      vertex 20.3349 31.822 0
      vertex 13.1573 31.4278 0
    endloop
  endfacet
  facet normal 0 0 -1
    outer loop
      vertex 20.3349 31.822 0
      vertex 12.8651 31.822 0
      vertex 20.6645 32.1855 0
    endloop
  endfacet
  facet normal 0 0 -1
    outer loop
      vertex 12.5355 32.1855 0
      vertex 20.6645 32.1855 0
      vertex 12.8651 31.822 0
    endloop
  endfacet
  facet normal 0 0 -1
    outer loop
      vertex 20.6645 32.1855 0
      vertex 12.5355 32.1855 0
      vertex 21.028 32.5151 0
    endloop
  endfacet
  facet normal 0 0 -1
    outer loop
      vertex 12.172 32.5151 0
      vertex 21.028 32.5151 0
      vertex 12.5355 32.1855 0
    endloop
  endfacet
  facet normal 0 0 -1
    outer loop
      vertex 21.028 32.5151 0
      vertex 12.172 32.5151 0
      vertex 21.4222 32.8073 0
    endloop
  endfacet
  facet normal 0 0 -1
    outer loop
      vertex 11.7778 32.8073 0
      vertex 21.4222 32.8073 0
      vertex 12.172 32.5151 0
    endloop
  endfacet
  facet normal 0 0 -1
    outer loop
      vertex 21.4222 32.8073 0
      vertex 11.7778 32.8073 0
      vertex 21.843 33.0596 0
    endloop
  endfacet
  facet normal 0 0 -1
    outer loop
      vertex 11.357 33.0596 0
      vertex 21.843 33.0596 0
      vertex 11.7778 32.8073 0
    endloop
  endfacet
  facet normal 0 0 -1
    outer loop
      vertex 21.843 33.0596 0
      vertex 11.357 33.0596 0
      vertex 22.2866 33.2694 0
    endloop
  endfacet
  facet normal 0 0 -1
    outer loop
      vertex 10.9134 33.2694 0
      vertex 22.2866 33.2694 0
      vertex 11.357 33.0596 0
    endloop
  endfacet
  facet normal 0 0 -1
    outer loop
      vertex 22.2866 33.2694 0
      vertex 10.9134 33.2694 0
      vertex 22.7486 33.4347 0
    endloop
  endfacet
  facet normal 0 0 -1
    outer loop
      vertex 10.4514 33.4347 0
      vertex 22.7486 33.4347 0
      vertex 10.9134 33.2694 0
    endloop
  endfacet
  facet normal 0 0 -1
    outer loop
      vertex 0 41.3 0
      vertex 22.7486 33.4347 0
      vertex 10.4514 33.4347 0
    endloop
  endfacet
  facet normal 0 0 -1
    outer loop
      vertex 22.7486 33.4347 0
      vertex 0 41.3 0
      vertex 23.2246 33.5539 0
    endloop
  endfacet
  facet normal 0 0 -1
    outer loop
      vertex 0 41.3 0
      vertex 10.4514 33.4347 0
      vertex 9.97545 33.5539 0
    endloop
  endfacet
  facet normal 0 0 -1
    outer loop
      vertex 0 41.3 0
      vertex 9.97545 33.5539 0
      vertex 9.49008 33.6259 0
    endloop
  endfacet
  facet normal 0 0 -1
    outer loop
      vertex 0 41.3 0
      vertex 9.49008 33.6259 0
      vertex 9 33.65 0
    endloop
  endfacet
  facet normal 0 0 -1
    outer loop
      vertex 0 41.3 0
      vertex 9 33.65 0
      vertex 8.50992 33.6259 0
    endloop
  endfacet
  facet normal 0 0 -1
    outer loop
      vertex 0 41.3 0
      vertex 4 28.65 0
      vertex 0 0 0
    endloop
  endfacet
  facet normal 0 0 -1
    outer loop
      vertex 24.6901 33.6259 0
      vertex 0 41.3 0
      vertex 63.6 41.3 0
    endloop
  endfacet
  facet normal 0 0 -1
    outer loop
      vertex 8.02455 33.5539 0
      vertex 0 41.3 0
      vertex 8.50992 33.6259 0
    endloop
  endfacet
  facet normal 0 0 -1
    outer loop
      vertex 7.54858 33.4347 0
      vertex 0 41.3 0
      vertex 8.02455 33.5539 0
    endloop
  endfacet
  facet normal 0 0 -1
    outer loop
      vertex 7.08659 33.2694 0
      vertex 0 41.3 0
      vertex 7.54858 33.4347 0
    endloop
  endfacet
  facet normal 0 0 -1
    outer loop
      vertex 6.64302 33.0596 0
      vertex 0 41.3 0
      vertex 7.08659 33.2694 0
    endloop
  endfacet
  facet normal 0 0 -1
    outer loop
      vertex 6.22215 32.8073 0
      vertex 0 41.3 0
      vertex 6.64302 33.0596 0
    endloop
  endfacet
  facet normal 0 0 -1
    outer loop
      vertex 5.82805 32.5151 0
      vertex 0 41.3 0
      vertex 6.22215 32.8073 0
    endloop
  endfacet
  facet normal 0 0 -1
    outer loop
      vertex 5.46448 32.1855 0
      vertex 0 41.3 0
      vertex 5.82805 32.5151 0
    endloop
  endfacet
  facet normal 0 0 -1
    outer loop
      vertex 5.13495 31.822 0
      vertex 0 41.3 0
      vertex 5.46448 32.1855 0
    endloop
  endfacet
  facet normal 0 0 -1
    outer loop
      vertex 4.84267 31.4278 0
      vertex 0 41.3 0
      vertex 5.13495 31.822 0
    endloop
  endfacet
  facet normal 0 0 -1
    outer loop
      vertex 4.59041 31.007 0
      vertex 0 41.3 0
      vertex 4.84267 31.4278 0
    endloop
  endfacet
  facet normal 0 0 -1
    outer loop
      vertex 4.38062 30.5634 0
      vertex 0 41.3 0
      vertex 4.59041 31.007 0
    endloop
  endfacet
  facet normal 0 0 -1
    outer loop
      vertex 4.2153 30.1014 0
      vertex 0 41.3 0
      vertex 4.38062 30.5634 0
    endloop
  endfacet
  facet normal 0 0 -1
    outer loop
      vertex 4.09608 29.6254 0
      vertex 0 41.3 0
      vertex 4.2153 30.1014 0
    endloop
  endfacet
  facet normal 0 0 -1
    outer loop
      vertex 4.02408 29.1401 0
      vertex 0 41.3 0
      vertex 4.09608 29.6254 0
    endloop
  endfacet
  facet normal 0 0 -1
    outer loop
      vertex 4 28.65 0
      vertex 0 41.3 0
      vertex 4.02408 29.1401 0
    endloop
  endfacet
  facet normal -1 0 0
    outer loop
      vertex 0 0 0
      vertex 0 41.3 62.4
      vertex 0 41.3 0
    endloop
  endfacet
  facet normal -1 -0 0
    outer loop
      vertex 0 41.3 62.4
      vertex 0 0 0
      vertex 0 0 62.4
    endloop
  endfacet
  facet normal 0 1 -0
    outer loop
      vertex 63.6 41.3 0
      vertex 0 41.3 62.4
      vertex 63.6 41.3 62.4
    endloop
  endfacet
  facet normal 0 1 0
    outer loop
      vertex 0 41.3 62.4
      vertex 63.6 41.3 0
      vertex 0 41.3 0
    endloop
  endfacet
  facet normal 0 -1 0
    outer loop
      vertex 0 0 0
      vertex 63.6 0 62.4
      vertex 0 0 62.4
    endloop
  endfacet
  facet normal 0 -1 -0
    outer loop
      vertex 63.6 0 62.4
      vertex 0 0 0
      vertex 63.6 0 0
    endloop
  endfacet
  facet normal -1 0 0
    outer loop
      vertex 62.2 1.4 60.4
      vertex 62.2 39.9 62.4
      vertex 62.2 39.9 60.4
    endloop
  endfacet
  facet normal -1 -0 0
    outer loop
      vertex 62.2 39.9 62.4
      vertex 62.2 1.4 60.4
      vertex 62.2 1.4 62.4
    endloop
  endfacet
  facet normal 0 0 1
    outer loop
      vertex 62.2 39.9 60.4
      vertex 61.4 39.1 60.4
      vertex 62.2 1.4 60.4
    endloop
  endfacet
  facet normal 0 0 1
    outer loop
      vertex 62.2 39.9 60.4
      vertex 47.8 39.1 60.4
      vertex 61.4 39.1 60.4
    endloop
  endfacet
  facet normal 0 0 1
    outer loop
      vertex 47.8 39.1 60.4
      vertex 46.2 39.1 60.4
      vertex 47.8 2.2 60.4
    endloop
  endfacet
  facet normal 0 0 1
    outer loop
      vertex 62.2 39.9 60.4
      vertex 46.2 39.1 60.4
      vertex 47.8 39.1 60.4
    endloop
  endfacet
  facet normal 0 0 1
    outer loop
      vertex 62.2 39.9 60.4
      vertex 32.6 39.1 60.4
      vertex 46.2 39.1 60.4
    endloop
  endfacet
  facet normal 0 0 1
    outer loop
      vertex 32.6 39.1 60.4
      vertex 31 39.1 60.4
      vertex 32.6 2.2 60.4
    endloop
  endfacet
  facet normal 0 0 1
    outer loop
      vertex 62.2 39.9 60.4
      vertex 31 39.1 60.4
      vertex 32.6 39.1 60.4
    endloop
  endfacet
  facet normal -0 0 1
    outer loop
      vertex 1.4 39.9 60.4
      vertex 31 39.1 60.4
      vertex 62.2 39.9 60.4
    endloop
  endfacet
  facet normal 0 0 1
    outer loop
      vertex 17.4 39.1 60.4
      vertex 15.8 39.1 60.4
      vertex 17.4 2.2 60.4
    endloop
  endfacet
  facet normal 0 0 1
    outer loop
      vertex 31 39.1 60.4
      vertex 1.4 39.9 60.4
      vertex 17.4 39.1 60.4
    endloop
  endfacet
  facet normal 0 0 1
    outer loop
      vertex 17.4 39.1 60.4
      vertex 1.4 39.9 60.4
      vertex 15.8 39.1 60.4
    endloop
  endfacet
  facet normal 0 0 1
    outer loop
      vertex 2.2 39.1 60.4
      vertex 1.4 39.9 60.4
      vertex 2.2 2.2 60.4
    endloop
  endfacet
  facet normal 0 0 1
    outer loop
      vertex 15.8 39.1 60.4
      vertex 1.4 39.9 60.4
      vertex 2.2 39.1 60.4
    endloop
  endfacet
  facet normal -0 0 1
    outer loop
      vertex 61.4 2.2 60.4
      vertex 62.2 1.4 60.4
      vertex 61.4 39.1 60.4
    endloop
  endfacet
  facet normal -0 0 1
    outer loop
      vertex 47.8 2.2 60.4
      vertex 62.2 1.4 60.4
      vertex 61.4 2.2 60.4
    endloop
  endfacet
  facet normal 0 0 1
    outer loop
      vertex 46.2 2.2 60.4
      vertex 47.8 2.2 60.4
      vertex 46.2 39.1 60.4
    endloop
  endfacet
  facet normal -0 0 1
    outer loop
      vertex 46.2 2.2 60.4
      vertex 62.2 1.4 60.4
      vertex 47.8 2.2 60.4
    endloop
  endfacet
  facet normal -0 0 1
    outer loop
      vertex 32.6 2.2 60.4
      vertex 62.2 1.4 60.4
      vertex 46.2 2.2 60.4
    endloop
  endfacet
  facet normal 0 0 1
    outer loop
      vertex 31 2.2 60.4
      vertex 32.6 2.2 60.4
      vertex 31 39.1 60.4
    endloop
  endfacet
  facet normal -0 0 1
    outer loop
      vertex 31 2.2 60.4
      vertex 62.2 1.4 60.4
      vertex 32.6 2.2 60.4
    endloop
  endfacet
  facet normal 0 0 1
    outer loop
      vertex 1.4 1.4 60.4
      vertex 31 2.2 60.4
      vertex 17.4 2.2 60.4
    endloop
  endfacet
  facet normal 0 0 1
    outer loop
      vertex 15.8 2.2 60.4
      vertex 17.4 2.2 60.4
      vertex 15.8 39.1 60.4
    endloop
  endfacet
  facet normal 0 0 1
    outer loop
      vertex 1.4 1.4 60.4
      vertex 17.4 2.2 60.4
      vertex 15.8 2.2 60.4
    endloop
  endfacet
  facet normal 0 0 1
    outer loop
      vertex 1.4 1.4 60.4
      vertex 15.8 2.2 60.4
      vertex 2.2 2.2 60.4
    endloop
  endfacet
  facet normal 0 0 1
    outer loop
      vertex 31 2.2 60.4
      vertex 1.4 1.4 60.4
      vertex 62.2 1.4 60.4
    endloop
  endfacet
  facet normal 0 0 1
    outer loop
      vertex 1.4 1.4 60.4
      vertex 2.2 2.2 60.4
      vertex 1.4 39.9 60.4
    endloop
  endfacet
  facet normal 1 -0 0
    outer loop
      vertex 1.4 1.4 62.4
      vertex 1.4 39.9 60.4
      vertex 1.4 39.9 62.4
    endloop
  endfacet
  facet normal 1 0 0
    outer loop
      vertex 1.4 39.9 60.4
      vertex 1.4 1.4 62.4
      vertex 1.4 1.4 60.4
    endloop
  endfacet
  facet normal 0 -1 0
    outer loop
      vertex 1.4 39.9 60.4
      vertex 62.2 39.9 62.4
      vertex 1.4 39.9 62.4
    endloop
  endfacet
  facet normal 0 -1 -0
    outer loop
      vertex 62.2 39.9 62.4
      vertex 1.4 39.9 60.4
      vertex 62.2 39.9 60.4
    endloop
  endfacet
  facet normal 0 1 -0
    outer loop
      vertex 62.2 1.4 60.4
      vertex 1.4 1.4 62.4
      vertex 62.2 1.4 62.4
    endloop
  endfacet
  facet normal 0 1 0
    outer loop
      vertex 1.4 1.4 62.4
      vertex 62.2 1.4 60.4
      vertex 1.4 1.4 60.4
    endloop
  endfacet
  facet normal -0 0 1
    outer loop
      vertex 2.2 2.7 59.6
      vertex 15.8 2.2 59.6
      vertex 15.8 2.7 59.6
    endloop
  endfacet
  facet normal 0 0 1
    outer loop
      vertex 15.8 2.2 59.6
      vertex 2.2 2.7 59.6
      vertex 2.2 2.2 59.6
    endloop
  endfacet
  facet normal -1 0 0
    outer loop
      vertex 2.2 2.2 57.4
      vertex 2.2 2.7 59.6
      vertex 2.2 2.7 57.4
    endloop
  endfacet
  facet normal -1 -0 0
    outer loop
      vertex 2.2 2.7 59.6
      vertex 2.2 2.2 57.4
      vertex 2.2 2.2 59.6
    endloop
  endfacet
  facet normal 0 0 -1
    outer loop
      vertex 2.2 2.2 57.4
      vertex 15.8 2.7 57.4
      vertex 15.8 2.2 57.4
    endloop
  endfacet
  facet normal -0 0 -1
    outer loop
      vertex 15.8 2.7 57.4
      vertex 2.2 2.2 57.4
      vertex 2.2 2.7 57.4
    endloop
  endfacet
  facet normal 0 1 -0
    outer loop
      vertex 15.8 2.7 57.4
      vertex 2.2 2.7 59.6
      vertex 15.8 2.7 59.6
    endloop
  endfacet
  facet normal 0 1 0
    outer loop
      vertex 2.2 2.7 59.6
      vertex 15.8 2.7 57.4
      vertex 2.2 2.7 57.4
    endloop
  endfacet
  facet normal 0 -1 0
    outer loop
      vertex 2.2 2.2 57.4
      vertex 15.8 2.2 59.6
      vertex 2.2 2.2 59.6
    endloop
  endfacet
  facet normal 0 -1 -0
    outer loop
      vertex 15.8 2.2 59.6
      vertex 2.2 2.2 57.4
      vertex 15.8 2.2 57.4
    endloop
  endfacet
  facet normal -0 0 1
    outer loop
      vertex 2.2 39.1 59.6
      vertex 15.8 38.6 59.6
      vertex 15.8 39.1 59.6
    endloop
  endfacet
  facet normal 0 0 1
    outer loop
      vertex 15.8 38.6 59.6
      vertex 2.2 39.1 59.6
      vertex 2.2 38.6 59.6
    endloop
  endfacet
  facet normal -1 0 0
    outer loop
      vertex 2.2 38.6 57.4
      vertex 2.2 39.1 59.6
      vertex 2.2 39.1 57.4
    endloop
  endfacet
  facet normal -1 -0 0
    outer loop
      vertex 2.2 39.1 59.6
      vertex 2.2 38.6 57.4
      vertex 2.2 38.6 59.6
    endloop
  endfacet
  facet normal 0 0 -1
    outer loop
      vertex 2.2 38.6 57.4
      vertex 15.8 39.1 57.4
      vertex 15.8 38.6 57.4
    endloop
  endfacet
  facet normal -0 0 -1
    outer loop
      vertex 15.8 39.1 57.4
      vertex 2.2 38.6 57.4
      vertex 2.2 39.1 57.4
    endloop
  endfacet
  facet normal 0 -1 0
    outer loop
      vertex 2.2 38.6 57.4
      vertex 15.8 38.6 59.6
      vertex 2.2 38.6 59.6
    endloop
  endfacet
  facet normal 0 -1 -0
    outer loop
      vertex 15.8 38.6 59.6
      vertex 2.2 38.6 57.4
      vertex 15.8 38.6 57.4
    endloop
  endfacet
  facet normal -0 0 1
    outer loop
      vertex 17.4 2.7 59.6
      vertex 31 2.2 59.6
      vertex 31 2.7 59.6
    endloop
  endfacet
  facet normal 0 0 1
    outer loop
      vertex 31 2.2 59.6
      vertex 17.4 2.7 59.6
      vertex 17.4 2.2 59.6
    endloop
  endfacet
  facet normal -1 0 0
    outer loop
      vertex 17.4 2.2 57.4
      vertex 17.4 2.7 59.6
      vertex 17.4 2.7 57.4
    endloop
  endfacet
  facet normal -1 -0 0
    outer loop
      vertex 17.4 2.7 59.6
      vertex 17.4 2.2 57.4
      vertex 17.4 2.2 59.6
    endloop
  endfacet
  facet normal 1 -0 0
    outer loop
      vertex 31 2.2 59.6
      vertex 31 2.7 57.4
      vertex 31 2.7 59.6
    endloop
  endfacet
  facet normal 1 0 0
    outer loop
      vertex 31 2.7 57.4
      vertex 31 2.2 59.6
      vertex 31 2.2 57.4
    endloop
  endfacet
  facet normal 0 0 -1
    outer loop
      vertex 17.4 2.2 57.4
      vertex 31 2.7 57.4
      vertex 31 2.2 57.4
    endloop
  endfacet
  facet normal -0 0 -1
    outer loop
      vertex 31 2.7 57.4
      vertex 17.4 2.2 57.4
      vertex 17.4 2.7 57.4
    endloop
  endfacet
  facet normal 0 1 -0
    outer loop
      vertex 31 2.7 57.4
      vertex 17.4 2.7 59.6
      vertex 31 2.7 59.6
    endloop
  endfacet
  facet normal 0 1 0
    outer loop
      vertex 17.4 2.7 59.6
      vertex 31 2.7 57.4
      vertex 17.4 2.7 57.4
    endloop
  endfacet
  facet normal 0 -1 0
    outer loop
      vertex 17.4 2.2 57.4
      vertex 31 2.2 59.6
      vertex 17.4 2.2 59.6
    endloop
  endfacet
  facet normal 0 -1 -0
    outer loop
      vertex 31 2.2 59.6
      vertex 17.4 2.2 57.4
      vertex 31 2.2 57.4
    endloop
  endfacet
  facet normal -0 0 1
    outer loop
      vertex 17.4 39.1 59.6
      vertex 31 38.6 59.6
      vertex 31 39.1 59.6
    endloop
  endfacet
  facet normal 0 0 1
    outer loop
      vertex 31 38.6 59.6
      vertex 17.4 39.1 59.6
      vertex 17.4 38.6 59.6
    endloop
  endfacet
  facet normal -1 0 0
    outer loop
      vertex 17.4 38.6 57.4
      vertex 17.4 39.1 59.6
      vertex 17.4 39.1 57.4
    endloop
  endfacet
  facet normal -1 -0 0
    outer loop
      vertex 17.4 39.1 59.6
      vertex 17.4 38.6 57.4
      vertex 17.4 38.6 59.6
    endloop
  endfacet
  facet normal 1 -0 0
    outer loop
      vertex 31 38.6 59.6
      vertex 31 39.1 57.4
      vertex 31 39.1 59.6
    endloop
  endfacet
  facet normal 1 0 0
    outer loop
      vertex 31 39.1 57.4
      vertex 31 38.6 59.6
      vertex 31 38.6 57.4
    endloop
  endfacet
  facet normal 0 0 -1
    outer loop
      vertex 17.4 38.6 57.4
      vertex 31 39.1 57.4
      vertex 31 38.6 57.4
    endloop
  endfacet
  facet normal -0 0 -1
    outer loop
      vertex 31 39.1 57.4
      vertex 17.4 38.6 57.4
      vertex 17.4 39.1 57.4
    endloop
  endfacet
  facet normal 0 -1 0
    outer loop
      vertex 17.4 38.6 57.4
      vertex 31 38.6 59.6
      vertex 17.4 38.6 59.6
    endloop
  endfacet
  facet normal 0 -1 -0
    outer loop
      vertex 31 38.6 59.6
      vertex 17.4 38.6 57.4
      vertex 31 38.6 57.4
    endloop
  endfacet
  facet normal -0 0 1
    outer loop
      vertex 32.6 2.7 59.6
      vertex 46.2 2.2 59.6
      vertex 46.2 2.7 59.6
    endloop
  endfacet
  facet normal 0 0 1
    outer loop
      vertex 46.2 2.2 59.6
      vertex 32.6 2.7 59.6
      vertex 32.6 2.2 59.6
    endloop
  endfacet
  facet normal -1 0 0
    outer loop
      vertex 32.6 2.2 57.4
      vertex 32.6 2.7 59.6
      vertex 32.6 2.7 57.4
    endloop
  endfacet
  facet normal -1 -0 0
    outer loop
      vertex 32.6 2.7 59.6
      vertex 32.6 2.2 57.4
      vertex 32.6 2.2 59.6
    endloop
  endfacet
  facet normal 1 -0 0
    outer loop
      vertex 46.2 2.2 59.6
      vertex 46.2 2.7 57.4
      vertex 46.2 2.7 59.6
    endloop
  endfacet
  facet normal 1 0 0
    outer loop
      vertex 46.2 2.7 57.4
      vertex 46.2 2.2 59.6
      vertex 46.2 2.2 57.4
    endloop
  endfacet
  facet normal 0 0 -1
    outer loop
      vertex 32.6 2.2 57.4
      vertex 46.2 2.7 57.4
      vertex 46.2 2.2 57.4
    endloop
  endfacet
  facet normal -0 0 -1
    outer loop
      vertex 46.2 2.7 57.4
      vertex 32.6 2.2 57.4
      vertex 32.6 2.7 57.4
    endloop
  endfacet
  facet normal 0 1 -0
    outer loop
      vertex 46.2 2.7 57.4
      vertex 32.6 2.7 59.6
      vertex 46.2 2.7 59.6
    endloop
  endfacet
  facet normal 0 1 0
    outer loop
      vertex 32.6 2.7 59.6
      vertex 46.2 2.7 57.4
      vertex 32.6 2.7 57.4
    endloop
  endfacet
  facet normal 0 -1 0
    outer loop
      vertex 32.6 2.2 57.4
      vertex 46.2 2.2 59.6
      vertex 32.6 2.2 59.6
    endloop
  endfacet
  facet normal 0 -1 -0
    outer loop
      vertex 46.2 2.2 59.6
      vertex 32.6 2.2 57.4
      vertex 46.2 2.2 57.4
    endloop
  endfacet
  facet normal -0 0 1
    outer loop
      vertex 32.6 39.1 59.6
      vertex 46.2 38.6 59.6
      vertex 46.2 39.1 59.6
    endloop
  endfacet
  facet normal 0 0 1
    outer loop
      vertex 46.2 38.6 59.6
      vertex 32.6 39.1 59.6
      vertex 32.6 38.6 59.6
    endloop
  endfacet
  facet normal -1 0 0
    outer loop
      vertex 32.6 38.6 57.4
      vertex 32.6 39.1 59.6
      vertex 32.6 39.1 57.4
    endloop
  endfacet
  facet normal -1 -0 0
    outer loop
      vertex 32.6 39.1 59.6
      vertex 32.6 38.6 57.4
      vertex 32.6 38.6 59.6
    endloop
  endfacet
  facet normal 1 -0 0
    outer loop
      vertex 46.2 38.6 59.6
      vertex 46.2 39.1 57.4
      vertex 46.2 39.1 59.6
    endloop
  endfacet
  facet normal 1 0 0
    outer loop
      vertex 46.2 39.1 57.4
      vertex 46.2 38.6 59.6
      vertex 46.2 38.6 57.4
    endloop
  endfacet
  facet normal 0 0 -1
    outer loop
      vertex 32.6 38.6 57.4
      vertex 46.2 39.1 57.4
      vertex 46.2 38.6 57.4
    endloop
  endfacet
  facet normal -0 0 -1
    outer loop
      vertex 46.2 39.1 57.4
      vertex 32.6 38.6 57.4
      vertex 32.6 39.1 57.4
    endloop
  endfacet
  facet normal 0 -1 0
    outer loop
      vertex 32.6 38.6 57.4
      vertex 46.2 38.6 59.6
      vertex 32.6 38.6 59.6
    endloop
  endfacet
  facet normal 0 -1 -0
    outer loop
      vertex 46.2 38.6 59.6
      vertex 32.6 38.6 57.4
      vertex 46.2 38.6 57.4
    endloop
  endfacet
  facet normal -0 0 1
    outer loop
      vertex 47.8 2.7 59.6
      vertex 61.4 2.2 59.6
      vertex 61.4 2.7 59.6
    endloop
  endfacet
  facet normal 0 0 1
    outer loop
      vertex 61.4 2.2 59.6
      vertex 47.8 2.7 59.6
      vertex 47.8 2.2 59.6
    endloop
  endfacet
  facet normal -1 0 0
    outer loop
      vertex 47.8 2.2 57.4
      vertex 47.8 2.7 59.6
      vertex 47.8 2.7 57.4
    endloop
  endfacet
  facet normal -1 -0 0
    outer loop
      vertex 47.8 2.7 59.6
      vertex 47.8 2.2 57.4
      vertex 47.8 2.2 59.6
    endloop
  endfacet
  facet normal 1 -0 0
    outer loop
      vertex 61.4 2.2 59.6
      vertex 61.4 2.7 57.4
      vertex 61.4 2.7 59.6
    endloop
  endfacet
  facet normal 1 0 0
    outer loop
      vertex 61.4 2.7 57.4
      vertex 61.4 2.2 59.6
      vertex 61.4 2.2 57.4
    endloop
  endfacet
  facet normal 0 0 -1
    outer loop
      vertex 47.8 2.2 57.4
      vertex 61.4 2.7 57.4
      vertex 61.4 2.2 57.4
    endloop
  endfacet
  facet normal -0 0 -1
    outer loop
      vertex 61.4 2.7 57.4
      vertex 47.8 2.2 57.4
      vertex 47.8 2.7 57.4
    endloop
  endfacet
  facet normal 0 1 -0
    outer loop
      vertex 61.4 2.7 57.4
      vertex 47.8 2.7 59.6
      vertex 61.4 2.7 59.6
    endloop
  endfacet
  facet normal 0 1 0
    outer loop
      vertex 47.8 2.7 59.6
      vertex 61.4 2.7 57.4
      vertex 47.8 2.7 57.4
    endloop
  endfacet
  facet normal 0 -1 0
    outer loop
      vertex 47.8 2.2 57.4
      vertex 61.4 2.2 59.6
      vertex 47.8 2.2 59.6
    endloop
  endfacet
  facet normal 0 -1 -0
    outer loop
      vertex 61.4 2.2 59.6
      vertex 47.8 2.2 57.4
      vertex 61.4 2.2 57.4
    endloop
  endfacet
  facet normal -0 0 1
    outer loop
      vertex 47.8 39.1 59.6
      vertex 61.4 38.6 59.6
      vertex 61.4 39.1 59.6
    endloop
  endfacet
  facet normal 0 0 1
    outer loop
      vertex 61.4 38.6 59.6
      vertex 47.8 39.1 59.6
      vertex 47.8 38.6 59.6
    endloop
  endfacet
  facet normal -1 0 0
    outer loop
      vertex 47.8 38.6 57.4
      vertex 47.8 39.1 59.6
      vertex 47.8 39.1 57.4
    endloop
  endfacet
  facet normal -1 -0 0
    outer loop
      vertex 47.8 39.1 59.6
      vertex 47.8 38.6 57.4
      vertex 47.8 38.6 59.6
    endloop
  endfacet
  facet normal 1 -0 0
    outer loop
      vertex 61.4 38.6 59.6
      vertex 61.4 39.1 57.4
      vertex 61.4 39.1 59.6
    endloop
  endfacet
  facet normal 1 0 0
    outer loop
      vertex 61.4 39.1 57.4
      vertex 61.4 38.6 59.6
      vertex 61.4 38.6 57.4
    endloop
  endfacet
  facet normal 0 0 -1
    outer loop
      vertex 47.8 38.6 57.4
      vertex 61.4 39.1 57.4
      vertex 61.4 38.6 57.4
    endloop
  endfacet
  facet normal -0 0 -1
    outer loop
      vertex 61.4 39.1 57.4
      vertex 47.8 38.6 57.4
      vertex 47.8 39.1 57.4
    endloop
  endfacet
  facet normal 0 -1 0
    outer loop
      vertex 47.8 38.6 57.4
      vertex 61.4 38.6 59.6
      vertex 47.8 38.6 59.6
    endloop
  endfacet
  facet normal 0 -1 -0
    outer loop
      vertex 61.4 38.6 59.6
      vertex 47.8 38.6 57.4
      vertex 61.4 38.6 57.4
    endloop
  endfacet
endsolid OpenSCAD_Model
