solid OpenSCAD_Model
  facet normal 0.7066805256772051 0.42147678489015894 0.5682956575826035
    outer loop
      vertex 5.65 25.843062833843604 5.371764458566695
      vertex 5.65 26.111061207733353 5.173003318171347
      vertex 4 26.88981175271362 6.6472317066152105
    endloop
  endfacet
  facet normal 0.7066805256772051 0.36374454375164134 0.6068711078305669
    outer loop
      vertex 5.65 26.111061207733353 5.173003318171347
      vertex 5.65 26.397251094791606 5.001467701215593
      vertex 4 27.027752092215696 6.5449281784705455
    endloop
  endfacet
  facet normal 0.7066805256772053 0.47514997418754773 0.5242472094901046
    outer loop
      vertex 5.65 25.59583694396574 5.595836943965738
      vertex 5.65 25.843062833843604 5.371764458566695
      vertex 4 26.762563132923542 6.762563132923542
    endloop
  endfacet
  facet normal 0.7066805256772051 0.1719164421467989 0.6863289091595772
    outer loop
      vertex 5.65 27.01303209733483 4.74640285851049
      vertex 5.65 27.336692905145163 4.665330046629016
      vertex 4 27.49200181480469 6.325354412468634
    endloop
  endfacet
  facet normal 0.7066805256772052 0.23836061448964396 0.6661732898343404
    outer loop
      vertex 5.65 26.698876329958694 4.858809589461625
      vertex 5.65 27.01303209733483 4.74640285851049
      vertex 4 27.330303993361092 6.3832108181052485
    endloop
  endfacet
  facet normal 0.7066805256772052 0.3025092438137919 0.6396020575606342
    outer loop
      vertex 5.65 26.397251094791606 5.001467701215593
      vertex 5.65 26.698876329958694 4.858809589461625
      vertex 4 27.175055710554503 6.456637787390378
    endloop
  endfacet
  facet normal 0.7066805256772054 0.1038166204869886 0.6998748059040625
    outer loop
      vertex 5.65 27.336692905145163 4.665330046629016
      vertex 5.65 27.666741722879493 4.61637192931453
      vertex 4 27.658591936471776 6.283625759294347
    endloop
  endfacet
  facet normal 0.7066805256772054 0.03471698801995211 0.7066805256772052
    outer loop
      vertex 5.65 27.666741722879493 4.61637192931453
      vertex 5.65 28 4.6
      vertex 4 27.82847000442327 6.258426728323656
    endloop
  endfacet
  facet normal 0.7066805256772051 0.3025092438137905 0.6396020575606348
    outer loop
      vertex 5.65 26.698876329958694 4.858809589461625
      vertex 4 27.330303993361092 6.3832108181052485
      vertex 4 27.175055710554503 6.456637787390378
    endloop
  endfacet
  facet normal 0.706680525677205 0.23836061448964538 0.6661732898343402
    outer loop
      vertex 5.65 27.01303209733483 4.74640285851049
      vertex 4 27.49200181480469 6.325354412468634
      vertex 4 27.330303993361092 6.3832108181052485
    endloop
  endfacet
  facet normal 0.7066805256772054 0.10381662048698932 0.6998748059040623
    outer loop
      vertex 5.65 27.666741722879493 4.61637192931453
      vertex 4 27.82847000442327 6.258426728323656
      vertex 4 27.658591936471776 6.283625759294347
    endloop
  endfacet
  facet normal 0.7066805256772053 0.034716988019953265 0.7066805256772053
    outer loop
      vertex 4 27.82847000442327 6.258426728323656
      vertex 5.65 28 4.6
      vertex 4 28 6.25
    endloop
  endfacet
  facet normal 0.7066805256772053 -0.0347169880199537 0.7066805256772053
    outer loop
      vertex 5.65 28 4.6
      vertex 4 28.17152999557673 6.258426728323656
      vertex 4 28 6.25
    endloop
  endfacet
  facet normal 0.7066805256772054 0.17191644214679513 0.6863289091595779
    outer loop
      vertex 5.65 27.336692905145163 4.665330046629016
      vertex 4 27.658591936471776 6.283625759294347
      vertex 4 27.49200181480469 6.325354412468634
    endloop
  endfacet
  facet normal 0.7066805256772052 0.6661732898343391 0.23836061448964743
    outer loop
      vertex 5.65 24.858809589461625 6.698876329958695
      vertex 4 26.325354412468634 7.492001814804691
      vertex 5.65 24.74640285851049 7.013032097334828
    endloop
  endfacet
  facet normal 0.7066805256772051 0.686328909159578 0.17191644214679677
    outer loop
      vertex 5.65 24.74640285851049 7.013032097334828
      vertex 4 26.283625759294345 7.658591936471775
      vertex 5.65 24.665330046629016 7.3366929051451635
    endloop
  endfacet
  facet normal 0.7066805256772051 0.6998748059040634 0.1038166204869847
    outer loop
      vertex 5.65 24.665330046629016 7.3366929051451635
      vertex 4 26.258426728323656 7.828470004423269
      vertex 5.65 24.616371929314532 7.666741722879494
    endloop
  endfacet
  facet normal 0.706680525677205 0.7066805256772057 0.03471698801995222
    outer loop
      vertex 5.65 24.616371929314532 7.666741722879494
      vertex 4 26.25 8
      vertex 5.65 24.6 8
    endloop
  endfacet
  facet normal 0.7066805256772047 0.42147678489016216 0.5682956575826016
    outer loop
      vertex 5.65 26.111061207733353 5.173003318171347
      vertex 4 27.027752092215696 6.5449281784705455
      vertex 4 26.88981175271362 6.6472317066152105
    endloop
  endfacet
  facet normal 0.7066805256772053 0.524247209490102 0.47514997418755045
    outer loop
      vertex 5.65 25.59583694396574 5.595836943965738
      vertex 4 26.762563132923542 6.762563132923542
      vertex 4 26.64723170661521 6.88981175271362
    endloop
  endfacet
  facet normal 0.7066805256772055 0.4751499741875481 0.5242472094901038
    outer loop
      vertex 5.65 25.843062833843604 5.371764458566695
      vertex 4 26.88981175271362 6.6472317066152105
      vertex 4 26.762563132923542 6.762563132923542
    endloop
  endfacet
  facet normal 0.706680525677205 0.5242472094901064 0.4751499741875462
    outer loop
      vertex 5.65 25.371764458566695 5.8430628338436055
      vertex 5.65 25.59583694396574 5.595836943965738
      vertex 4 26.64723170661521 6.88981175271362
    endloop
  endfacet
  facet normal 0.7066805256772051 0.5682956575826015 0.42147678489016166
    outer loop
      vertex 5.65 25.173003318171347 6.111061207733353
      vertex 5.65 25.371764458566695 5.8430628338436055
      vertex 4 26.544928178470546 7.027752092215696
    endloop
  endfacet
  facet normal 0.7066805256772051 0.6396020575606345 0.3025092438137911
    outer loop
      vertex 5.65 25.001467701215592 6.397251094791608
      vertex 4 26.456637787390378 7.1750557105545045
      vertex 4 26.383210818105248 7.330303993361093
    endloop
  endfacet
  facet normal 0.7066805256772049 0.5682956575826041 0.42147678489015855
    outer loop
      vertex 5.65 25.371764458566695 5.8430628338436055
      vertex 4 26.64723170661521 6.88981175271362
      vertex 4 26.544928178470546 7.027752092215696
    endloop
  endfacet
  facet normal 0.7066805256772051 0.6068711078305675 0.3637445437516398
    outer loop
      vertex 5.65 25.173003318171347 6.111061207733353
      vertex 4 26.544928178470546 7.027752092215696
      vertex 4 26.456637787390378 7.1750557105545045
    endloop
  endfacet
  facet normal 0.7066805256772051 0.6068711078305674 0.3637445437516401
    outer loop
      vertex 5.65 25.001467701215592 6.397251094791608
      vertex 5.65 25.173003318171347 6.111061207733353
      vertex 4 26.456637787390378 7.1750557105545045
    endloop
  endfacet
  facet normal 0.7066805256772051 0.6396020575606349 0.3025092438137904
    outer loop
      vertex 5.65 25.001467701215592 6.397251094791608
      vertex 4 26.383210818105248 7.330303993361093
      vertex 5.65 24.858809589461625 6.698876329958695
    endloop
  endfacet
  facet normal 0.7066805256772049 0.36374454375164067 0.6068711078305673
    outer loop
      vertex 5.65 26.397251094791606 5.001467701215593
      vertex 4 27.175055710554503 6.456637787390378
      vertex 4 27.027752092215696 6.5449281784705455
    endloop
  endfacet
  facet normal 0.706680525677205 0.666173289834341 0.2383606144896437
    outer loop
      vertex 5.65 24.858809589461625 6.698876329958695
      vertex 4 26.383210818105248 7.330303993361093
      vertex 4 26.325354412468634 7.492001814804691
    endloop
  endfacet
  facet normal 0.7066805256772053 0.6863289091595762 0.17191644214680227
    outer loop
      vertex 5.65 24.74640285851049 7.013032097334828
      vertex 4 26.325354412468634 7.492001814804691
      vertex 4 26.283625759294345 7.658591936471775
    endloop
  endfacet
  facet normal 0.7066805256772049 0.6998748059040641 0.1038166204869818
    outer loop
      vertex 5.65 24.665330046629016 7.3366929051451635
      vertex 4 26.283625759294345 7.658591936471775
      vertex 4 26.258426728323656 7.828470004423269
    endloop
  endfacet
  facet normal 0.7066805256772051 0.7066805256772055 0.034716988019952426
    outer loop
      vertex 5.65 24.616371929314532 7.666741722879494
      vertex 4 26.258426728323656 7.828470004423269
      vertex 4 26.25 8
    endloop
  endfacet
  facet normal 0.7066805256772054 -0.03471698801995211 0.7066805256772052
    outer loop
      vertex 5.65 28 4.6
      vertex 5.65 28.333258277120507 4.61637192931453
      vertex 4 28.17152999557673 6.258426728323656
    endloop
  endfacet
  facet normal 0.7066805256772054 -0.1038166204869886 0.6998748059040625
    outer loop
      vertex 5.65 28.333258277120507 4.61637192931453
      vertex 5.65 28.663307094854837 4.665330046629016
      vertex 4 28.341408063528224 6.283625759294347
    endloop
  endfacet
  facet normal 0.7066805256772051 -0.1719164421467989 0.6863289091595772
    outer loop
      vertex 5.65 28.663307094854837 4.665330046629016
      vertex 5.65 28.98696790266517 4.74640285851049
      vertex 4 28.50799818519531 6.325354412468634
    endloop
  endfacet
  facet normal 0.706680525677205 -0.23836061448964443 0.6661732898343405
    outer loop
      vertex 4 28.669696006638908 6.3832108181052485
      vertex 5.65 28.98696790266517 4.74640285851049
      vertex 5.65 29.301123670041306 4.858809589461625
    endloop
  endfacet
  facet normal 0.7066805256772052 -0.30250924381379235 0.639602057560634
    outer loop
      vertex 4 28.824944289445497 6.456637787390378
      vertex 5.65 29.301123670041306 4.858809589461625
      vertex 5.65 29.602748905208394 5.001467701215593
    endloop
  endfacet
  facet normal 0.7066805256772054 -0.10381662048698932 0.6998748059040623
    outer loop
      vertex 5.65 28.333258277120507 4.61637192931453
      vertex 4 28.341408063528224 6.283625759294347
      vertex 4 28.17152999557673 6.258426728323656
    endloop
  endfacet
  facet normal 0.7066805256772054 -0.17191644214679513 0.6863289091595779
    outer loop
      vertex 5.65 28.663307094854837 4.665330046629016
      vertex 4 28.50799818519531 6.325354412468634
      vertex 4 28.341408063528224 6.283625759294347
    endloop
  endfacet
  facet normal 0.7066805256772052 -0.23836061448964532 0.6661732898343401
    outer loop
      vertex 4 28.50799818519531 6.325354412468634
      vertex 5.65 28.98696790266517 4.74640285851049
      vertex 4 28.669696006638908 6.3832108181052485
    endloop
  endfacet
  facet normal 0.7066805256772054 -0.3025092438137898 0.6396020575606349
    outer loop
      vertex 4 28.669696006638908 6.3832108181052485
      vertex 5.65 29.301123670041306 4.858809589461625
      vertex 4 28.824944289445497 6.456637787390378
    endloop
  endfacet
  facet normal 0.7066805256772051 -0.36374454375164134 0.6068711078305669
    outer loop
      vertex 5.65 29.602748905208394 5.001467701215593
      vertex 5.65 29.888938792266647 5.173003318171347
      vertex 4 28.972247907784304 6.5449281784705455
    endloop
  endfacet
  facet normal 0.7066805256772053 -0.42147678489015894 0.5682956575826033
    outer loop
      vertex 4 29.11018824728638 6.6472317066152105
      vertex 5.65 29.888938792266647 5.173003318171347
      vertex 5.65 30.156937166156396 5.371764458566695
    endloop
  endfacet
  facet normal 0.7066805256772052 -0.47514997418754784 0.5242472094901047
    outer loop
      vertex 4 29.237436867076458 6.762563132923542
      vertex 5.65 30.156937166156396 5.371764458566695
      vertex 5.65 30.40416305603426 5.595836943965738
    endloop
  endfacet
  facet normal 0.7066805256772052 -0.36374454375164045 0.6068711078305672
    outer loop
      vertex 4 28.824944289445497 6.456637787390378
      vertex 5.65 29.602748905208394 5.001467701215593
      vertex 4 28.972247907784304 6.5449281784705455
    endloop
  endfacet
  facet normal 0.706680525677205 -0.42147678489016127 0.5682956575826018
    outer loop
      vertex 4 28.972247907784304 6.5449281784705455
      vertex 5.65 29.888938792266647 5.173003318171347
      vertex 4 29.11018824728638 6.6472317066152105
    endloop
  endfacet
  facet normal 0.7066805256772052 -0.4751499741875484 0.5242472094901041
    outer loop
      vertex 4 29.11018824728638 6.6472317066152105
      vertex 5.65 30.156937166156396 5.371764458566695
      vertex 4 29.237436867076458 6.762563132923542
    endloop
  endfacet
  facet normal 0.7066805256772054 -0.5242472094901016 0.4751499741875506
    outer loop
      vertex 4 29.237436867076458 6.762563132923542
      vertex 5.65 30.40416305603426 5.595836943965738
      vertex 4 29.35276829338479 6.88981175271362
    endloop
  endfacet
  facet normal 0.706680525677205 -0.5242472094901064 0.4751499741875461
    outer loop
      vertex 4 29.35276829338479 6.88981175271362
      vertex 5.65 30.40416305603426 5.595836943965738
      vertex 5.65 30.628235541433305 5.8430628338436055
    endloop
  endfacet
  facet normal 0.7066805256772052 -0.5682956575826015 0.4214767848901614
    outer loop
      vertex 4 29.455071821529454 7.027752092215696
      vertex 5.65 30.628235541433305 5.8430628338436055
      vertex 5.65 30.826996681828653 6.111061207733353
    endloop
  endfacet
  facet normal 0.7066805256772047 -0.5682956575826043 0.4214767848901585
    outer loop
      vertex 4 29.35276829338479 6.88981175271362
      vertex 5.65 30.628235541433305 5.8430628338436055
      vertex 4 29.455071821529454 7.027752092215696
    endloop
  endfacet
  facet normal 0.7066805256772051 -0.6068711078305675 0.36374454375163984
    outer loop
      vertex 4 29.455071821529454 7.027752092215696
      vertex 5.65 30.826996681828653 6.111061207733353
      vertex 4 29.543362212609622 7.1750557105545045
    endloop
  endfacet
  facet normal 0.7066805256772052 -0.6396020575606345 0.3025092438137913
    outer loop
      vertex 4 29.543362212609622 7.1750557105545045
      vertex 5.65 30.998532298784408 6.397251094791608
      vertex 4 29.616789181894752 7.330303993361093
    endloop
  endfacet
  facet normal 0.7066805256772052 -0.6068711078305673 0.3637445437516401
    outer loop
      vertex 4 29.543362212609622 7.1750557105545045
      vertex 5.65 30.826996681828653 6.111061207733353
      vertex 5.65 30.998532298784408 6.397251094791608
    endloop
  endfacet
  facet normal 0.7066805256772051 -0.6396020575606348 0.30250924381379046
    outer loop
      vertex 4 29.616789181894752 7.330303993361093
      vertex 5.65 30.998532298784408 6.397251094791608
      vertex 5.65 31.141190410538375 6.698876329958695
    endloop
  endfacet
  facet normal 0.7066805256772051 -0.666173289834341 0.23836061448964332
    outer loop
      vertex 4 29.616789181894752 7.330303993361093
      vertex 5.65 31.141190410538375 6.698876329958695
      vertex 4 29.674645587531366 7.492001814804691
    endloop
  endfacet
  facet normal 0.7066805256772055 -0.686328909159576 0.1719164421468023
    outer loop
      vertex 4 29.674645587531366 7.492001814804691
      vertex 5.65 31.25359714148951 7.013032097334828
      vertex 4 29.716374240705655 7.658591936471775
    endloop
  endfacet
  facet normal 0.7066805256772054 -0.6661732898343391 0.2383606144896477
    outer loop
      vertex 4 29.674645587531366 7.492001814804691
      vertex 5.65 31.141190410538375 6.698876329958695
      vertex 5.65 31.25359714148951 7.013032097334828
    endloop
  endfacet
  facet normal 0.7066805256772051 -0.686328909159578 0.17191644214679672
    outer loop
      vertex 4 29.716374240705655 7.658591936471775
      vertex 5.65 31.25359714148951 7.013032097334828
      vertex 5.65 31.334669953370984 7.3366929051451635
    endloop
  endfacet
  facet normal 0.7066805256772049 -0.6998748059040641 0.10381662048698205
    outer loop
      vertex 4 29.716374240705655 7.658591936471775
      vertex 5.65 31.334669953370984 7.3366929051451635
      vertex 4 29.741573271676344 7.828470004423269
    endloop
  endfacet
  facet normal 0.706680525677205 -0.7066805256772056 0.0347169880199531
    outer loop
      vertex 4 29.741573271676344 7.828470004423269
      vertex 5.65 31.383628070685468 7.666741722879494
      vertex 4 29.75 8
    endloop
  endfacet
  facet normal 0.7066805256772052 -0.6998748059040635 0.10381662048698446
    outer loop
      vertex 4 29.741573271676344 7.828470004423269
      vertex 5.65 31.334669953370984 7.3366929051451635
      vertex 5.65 31.383628070685468 7.666741722879494
    endloop
  endfacet
  facet normal 0.706680525677205 -0.7066805256772057 0.0347169880199521
    outer loop
      vertex 4 29.75 8
      vertex 5.65 31.383628070685468 7.666741722879494
      vertex 5.65 31.4 8
    endloop
  endfacet
  facet normal 0.706680525677205 0.7066805256772057 -0.03471698801995213
    outer loop
      vertex 5.65 24.6 8
      vertex 4 26.25 8
      vertex 5.65 24.616371929314532 8.333258277120507
    endloop
  endfacet
  facet normal 0.7066805256772051 0.6998748059040634 -0.10381662048698496
    outer loop
      vertex 5.65 24.616371929314532 8.333258277120507
      vertex 4 26.258426728323656 8.171529995576732
      vertex 5.65 24.665330046629016 8.663307094854837
    endloop
  endfacet
  facet normal 0.706680525677205 0.6863289091595778 -0.17191644214679716
    outer loop
      vertex 5.65 24.665330046629016 8.663307094854837
      vertex 4 26.283625759294345 8.341408063528224
      vertex 5.65 24.74640285851049 8.986967902665171
    endloop
  endfacet
  facet normal 0.7066805256772052 0.6661732898343393 -0.23836061448964713
    outer loop
      vertex 4 26.325354412468634 8.507998185195309
      vertex 5.65 24.858809589461625 9.301123670041305
      vertex 5.65 24.74640285851049 8.986967902665171
    endloop
  endfacet
  facet normal 0.7066805256772052 0.7066805256772055 -0.03471698801995225
    outer loop
      vertex 5.65 24.616371929314532 8.333258277120507
      vertex 4 26.25 8
      vertex 4 26.258426728323656 8.171529995576732
    endloop
  endfacet
  facet normal 0.706680525677205 0.6998748059040638 -0.10381662048698287
    outer loop
      vertex 5.65 24.665330046629016 8.663307094854837
      vertex 4 26.258426728323656 8.171529995576732
      vertex 4 26.283625759294345 8.341408063528224
    endloop
  endfacet
  facet normal 0.7066805256772054 0.6863289091595765 -0.17191644214680146
    outer loop
      vertex 4 26.283625759294345 8.341408063528224
      vertex 4 26.325354412468634 8.507998185195309
      vertex 5.65 24.74640285851049 8.986967902665171
    endloop
  endfacet
  facet normal 0.7066805256772051 0.6661732898343405 -0.23836061448964443
    outer loop
      vertex 4 26.325354412468634 8.507998185195309
      vertex 4 26.383210818105248 8.669696006638906
      vertex 5.65 24.858809589461625 9.301123670041305
    endloop
  endfacet
  facet normal 0.7066805256772052 0.6396020575606352 -0.3025092438137899
    outer loop
      vertex 4 26.383210818105248 8.669696006638906
      vertex 4 26.456637787390378 8.824944289445495
      vertex 5.65 25.001467701215592 9.602748905208392
    endloop
  endfacet
  facet normal 0.706680525677205 0.6068711078305676 -0.36374454375163995
    outer loop
      vertex 4 26.456637787390378 8.824944289445495
      vertex 4 26.544928178470546 8.972247907784304
      vertex 5.65 25.173003318171347 9.888938792266647
    endloop
  endfacet
  facet normal 0.7066805256772049 0.5682956575826029 -0.42147678489016016
    outer loop
      vertex 5.65 25.371764458566695 10.156937166156395
      vertex 4 26.544928178470546 8.972247907784304
      vertex 4 26.64723170661521 9.110188247286379
    endloop
  endfacet
  facet normal 0.7066805256772053 0.6396020575606348 -0.30250924381379046
    outer loop
      vertex 4 26.383210818105248 8.669696006638906
      vertex 5.65 25.001467701215592 9.602748905208392
      vertex 5.65 24.858809589461625 9.301123670041305
    endloop
  endfacet
  facet normal 0.7066805256772052 0.6068711078305671 -0.363744543751641
    outer loop
      vertex 4 26.456637787390378 8.824944289445495
      vertex 5.65 25.173003318171347 9.888938792266647
      vertex 5.65 25.001467701215592 9.602748905208392
    endloop
  endfacet
  facet normal 0.7066805256772049 0.5242472094901042 -0.4751499741875488
    outer loop
      vertex 5.65 25.59583694396574 10.404163056034262
      vertex 4 26.64723170661521 9.110188247286379
      vertex 4.001266223020366 26.761667778039346 9.238332221960652
    endloop
  endfacet
  facet normal 0.7066805256772054 0.4751499741875518 -0.5242472094901006
    outer loop
      vertex 5.65 25.59583694396574 10.404163056034262
      vertex 4.001266223020366 26.761667778039346 9.238332221960652
      vertex 4.019588726372015 26.877384796257893 9.36791058363842
    endloop
  endfacet
  facet normal 0.7066805256772049 0.4214767848901608 -0.5682956575826025
    outer loop
      vertex 5.65 25.843062833843604 10.628235541433305
      vertex 4.019588726372015 26.877384796257893 9.36791058363842
      vertex 4.055874116005922 26.99671009656652 9.501529451102646
    endloop
  endfacet
  facet normal 0.706680525677205 0.5682956575826023 -0.4214767848901608
    outer loop
      vertex 5.65 25.173003318171347 9.888938792266647
      vertex 4 26.544928178470546 8.972247907784304
      vertex 5.65 25.371764458566695 10.156937166156395
    endloop
  endfacet
  facet normal 0.7066805256772052 0.5242472094901063 -0.4751499741875461
    outer loop
      vertex 5.65 25.371764458566695 10.156937166156395
      vertex 4 26.64723170661521 9.110188247286379
      vertex 5.65 25.59583694396574 10.404163056034262
    endloop
  endfacet
  facet normal 0.7066805256772051 0.36374454375163723 -0.6068711078305693
    outer loop
      vertex 5.65 26.111061207733353 10.826996681828653
      vertex 4.055874116005922 26.99671009656652 9.501529451102646
      vertex 4.111986055018428 27.122265849648798 9.642125095840857
    endloop
  endfacet
  facet normal 0.7066805256772051 0.47514997418754784 -0.5242472094901047
    outer loop
      vertex 5.65 25.59583694396574 10.404163056034262
      vertex 4.019588726372015 26.877384796257893 9.36791058363842
      vertex 5.65 25.843062833843604 10.628235541433305
    endloop
  endfacet
  facet normal 0.7066805256772049 0.42147678489015905 -0.5682956575826036
    outer loop
      vertex 5.65 25.843062833843604 10.628235541433305
      vertex 4.055874116005922 26.99671009656652 9.501529451102646
      vertex 5.65 26.111061207733353 10.826996681828653
    endloop
  endfacet
  facet normal 0.7066805256772052 0.36374454375164256 -0.6068711078305657
    outer loop
      vertex 5.65 26.111061207733353 10.826996681828653
      vertex 4.111986055018428 27.122265849648798 9.642125095840857
      vertex 5.65 26.397251094791606 10.998532298784408
    endloop
  endfacet
  facet normal 0.7066805256772054 0.3025092438137923 -0.6396020575606336
    outer loop
      vertex 4.111986055018428 27.122265849648798 9.642125095840857
      vertex 4.190989057591775 27.2572156452577 9.793240063137413
      vertex 5.65 26.397251094791606 10.998532298784408
    endloop
  endfacet
  facet normal 0.7066805256772051 0.23836061448964588 -0.6661732898343399
    outer loop
      vertex 4.190989057591775 27.2572156452577 9.793240063137413
      vertex 4.297586350342422 27.40561705714021 9.959417969537366
      vertex 5.65 26.698876329958694 11.141190410538375
    endloop
  endfacet
  facet normal 0.7066805256772051 0.17191644214679608 -0.686328909159578
    outer loop
      vertex 4.297586350342422 27.40561705714021 9.959417969537366
      vertex 4.438877532066953 27.57297117741519 10.146818864056618
      vertex 5.65 27.01303209733483 11.25359714148951
    endloop
  endfacet
  facet normal 0.7066805256772052 0.10381662048698605 -0.6998748059040631
    outer loop
      vertex 4.438877532066953 27.57297117741519 10.146818864056618
      vertex 4.62568815124211 27.76714184110043 10.364248563452255
      vertex 5.65 27.336692905145163 11.334669953370984
    endloop
  endfacet
  facet normal 0.7066805256772051 0.3025092438137905 -0.6396020575606347
    outer loop
      vertex 4.190989057591775 27.2572156452577 9.793240063137413
      vertex 5.65 26.698876329958694 11.141190410538375
      vertex 5.65 26.397251094791606 10.998532298784408
    endloop
  endfacet
  facet normal 0.7066805256772051 0.23836061448964588 -0.6661732898343399
    outer loop
      vertex 4.297586350342422 27.40561705714021 9.959417969537366
      vertex 5.65 27.01303209733483 11.25359714148951
      vertex 5.65 26.698876329958694 11.141190410538375
    endloop
  endfacet
  facet normal 0.7066805256772053 0.17191644214679722 -0.6863289091595777
    outer loop
      vertex 4.438877532066953 27.57297117741519 10.146818864056618
      vertex 5.65 27.336692905145163 11.334669953370984
      vertex 5.65 27.01303209733483 11.25359714148951
    endloop
  endfacet
  facet normal 0.7066805256772054 0.03471698801995292 -0.7066805256772052
    outer loop
      vertex 4.62568815124211 27.76714184110043 10.364248563452255
      vertex 4.875 28 10.625
      vertex 5.65 27.666741722879493 11.38362807068547
    endloop
  endfacet
  facet normal 0.7066805256772055 0.10381662048698838 -0.6998748059040625
    outer loop
      vertex 4.62568815124211 27.76714184110043 10.364248563452255
      vertex 5.65 27.666741722879493 11.38362807068547
      vertex 5.65 27.336692905145163 11.334669953370984
    endloop
  endfacet
  facet normal 0.7066805256772053 0.03471698801995211 -0.7066805256772053
    outer loop
      vertex 5.65 27.666741722879493 11.38362807068547
      vertex 4.875 28 10.625
      vertex 5.65 28 11.4
    endloop
  endfacet
  facet normal 0.7066805256772053 -0.03471698801995215 -0.7066805256772053
    outer loop
      vertex 4.875 28 10.625
      vertex 5.65 28.333258277120507 11.38362807068547
      vertex 5.65 28 11.4
    endloop
  endfacet
  facet normal 0.706680525677205 -0.7066805256772057 -0.034716988019952925
    outer loop
      vertex 4 29.75 8
      vertex 5.65 31.383628070685468 8.333258277120507
      vertex 4 29.741573271676344 8.171529995576732
    endloop
  endfacet
  facet normal 0.706680525677205 -0.6998748059040639 -0.10381662048698312
    outer loop
      vertex 4 29.741573271676344 8.171529995576732
      vertex 5.65 31.334669953370984 8.663307094854837
      vertex 4 29.716374240705655 8.341408063528224
    endloop
  endfacet
  facet normal 0.706680525677205 -0.7066805256772057 -0.03471698801995201
    outer loop
      vertex 4 29.75 8
      vertex 5.65 31.4 8
      vertex 5.65 31.383628070685468 8.333258277120507
    endloop
  endfacet
  facet normal 0.7066805256772052 -0.6998748059040633 -0.10381662048698473
    outer loop
      vertex 4 29.741573271676344 8.171529995576732
      vertex 5.65 31.383628070685468 8.333258277120507
      vertex 5.65 31.334669953370984 8.663307094854837
    endloop
  endfacet
  facet normal 0.7066805256772054 -0.6863289091595763 -0.17191644214680143
    outer loop
      vertex 4 29.674645587531366 8.507998185195309
      vertex 4 29.716374240705655 8.341408063528224
      vertex 5.65 31.25359714148951 8.986967902665171
    endloop
  endfacet
  facet normal 0.7066805256772051 -0.6661732898343405 -0.23836061448964443
    outer loop
      vertex 4 29.674645587531366 8.507998185195309
      vertex 5.65 31.141190410538375 9.301123670041305
      vertex 4 29.616789181894752 8.669696006638906
    endloop
  endfacet
  facet normal 0.7066805256772051 -0.6863289091595778 -0.17191644214679713
    outer loop
      vertex 4 29.716374240705655 8.341408063528224
      vertex 5.65 31.334669953370984 8.663307094854837
      vertex 5.65 31.25359714148951 8.986967902665171
    endloop
  endfacet
  facet normal 0.7066805256772052 -0.6661732898343393 -0.23836061448964713
    outer loop
      vertex 4 29.674645587531366 8.507998185195309
      vertex 5.65 31.25359714148951 8.986967902665171
      vertex 5.65 31.141190410538375 9.301123670041305
    endloop
  endfacet
  facet normal 0.7066805256772054 -0.47514997418754656 -0.5242472094901054
    outer loop
      vertex 4.0195887263720165 29.122615203742107 9.36791058363842
      vertex 4.001266223020366 29.238332221960654 9.238332221960652
      vertex 5.65 30.156937166156396 10.628235541433305
    endloop
  endfacet
  facet normal 0.7066805256772049 -0.4214767848901639 -0.5682956575826001
    outer loop
      vertex 4.0195887263720165 29.122615203742107 9.36791058363842
      vertex 5.65 29.888938792266647 10.826996681828653
      vertex 4.055874116005923 29.00328990343348 9.501529451102646
    endloop
  endfacet
  facet normal 0.7066805256772052 -0.6396020575606352 -0.3025092438137899
    outer loop
      vertex 4 29.543362212609622 8.824944289445495
      vertex 4 29.616789181894752 8.669696006638906
      vertex 5.65 30.998532298784408 9.602748905208392
    endloop
  endfacet
  facet normal 0.706680525677205 -0.6068711078305676 -0.36374454375163995
    outer loop
      vertex 4 29.543362212609622 8.824944289445495
      vertex 5.65 30.826996681828653 9.888938792266647
      vertex 4 29.455071821529454 8.972247907784304
    endloop
  endfacet
  facet normal 0.706680525677205 -0.5682956575826029 -0.42147678489016016
    outer loop
      vertex 4 29.35276829338479 9.110188247286379
      vertex 4 29.455071821529454 8.972247907784304
      vertex 5.65 30.628235541433305 10.156937166156395
    endloop
  endfacet
  facet normal 0.7066805256772053 -0.6396020575606348 -0.30250924381379046
    outer loop
      vertex 4 29.616789181894752 8.669696006638906
      vertex 5.65 31.141190410538375 9.301123670041305
      vertex 5.65 30.998532298784408 9.602748905208392
    endloop
  endfacet
  facet normal 0.7066805256772052 -0.6068711078305671 -0.363744543751641
    outer loop
      vertex 4 29.543362212609622 8.824944289445495
      vertex 5.65 30.998532298784408 9.602748905208392
      vertex 5.65 30.826996681828653 9.888938792266647
    endloop
  endfacet
  facet normal 0.7066805256772054 -0.5242472094901035 -0.47514997418754873
    outer loop
      vertex 4.001266223020366 29.238332221960654 9.238332221960652
      vertex 4 29.35276829338479 9.110188247286379
      vertex 5.65 30.40416305603426 10.404163056034262
    endloop
  endfacet
  facet normal 0.706680525677205 -0.5242472094901064 -0.4751499741875461
    outer loop
      vertex 4 29.35276829338479 9.110188247286379
      vertex 5.65 30.628235541433305 10.156937166156395
      vertex 5.65 30.40416305603426 10.404163056034262
    endloop
  endfacet
  facet normal 0.7066805256772052 -0.5682956575826021 -0.42147678489016055
    outer loop
      vertex 4 29.455071821529454 8.972247907784304
      vertex 5.65 30.826996681828653 9.888938792266647
      vertex 5.65 30.628235541433305 10.156937166156395
    endloop
  endfacet
  facet normal 0.7066805256772055 -0.23836061448964246 -0.6661732898343408
    outer loop
      vertex 4.190989057591775 28.7427843547423 9.793240063137413
      vertex 5.65 28.98696790266517 11.25359714148951
      vertex 4.2975863503424225 28.59438294285979 9.959417969537366
    endloop
  endfacet
  facet normal 0.7066805256772056 -0.17191644214679538 -0.6863289091595778
    outer loop
      vertex 4.438877532066954 28.42702882258481 10.146818864056618
      vertex 4.2975863503424225 28.59438294285979 9.959417969537366
      vertex 5.65 28.663307094854837 11.334669953370984
    endloop
  endfacet
  facet normal 0.7066805256772054 -0.3637445437516399 -0.6068711078305672
    outer loop
      vertex 4.111986055018428 28.877734150351202 9.642125095840857
      vertex 4.055874116005923 29.00328990343348 9.501529451102646
      vertex 5.65 29.602748905208394 10.998532298784408
    endloop
  endfacet
  facet normal 0.7066805256772052 -0.3025092438137927 -0.6396020575606338
    outer loop
      vertex 4.190989057591775 28.7427843547423 9.793240063137413
      vertex 4.111986055018428 28.877734150351202 9.642125095840857
      vertex 5.65 29.301123670041306 11.141190410538375
    endloop
  endfacet
  facet normal 0.706680525677205 -0.36374454375164295 -0.606871107830566
    outer loop
      vertex 4.055874116005923 29.00328990343348 9.501529451102646
      vertex 5.65 29.888938792266647 10.826996681828653
      vertex 5.65 29.602748905208394 10.998532298784408
    endloop
  endfacet
  facet normal 0.7066805256772056 -0.1038166204869883 -0.6998748059040625
    outer loop
      vertex 4.62568815124211 28.23285815889957 10.364248563452255
      vertex 4.438877532066954 28.42702882258481 10.146818864056618
      vertex 5.65 28.333258277120507 11.38362807068547
    endloop
  endfacet
  facet normal 0.7066805256772054 -0.03471698801995292 -0.7066805256772052
    outer loop
      vertex 4.62568815124211 28.23285815889957 10.364248563452255
      vertex 5.65 28.333258277120507 11.38362807068547
      vertex 4.875 28 10.625
    endloop
  endfacet
  facet normal 0.7066805256772055 -0.10381662048698825 -0.6998748059040626
    outer loop
      vertex 4.438877532066954 28.42702882258481 10.146818864056618
      vertex 5.65 28.663307094854837 11.334669953370984
      vertex 5.65 28.333258277120507 11.38362807068547
    endloop
  endfacet
  facet normal 0.7066805256772054 -0.17191644214679722 -0.6863289091595776
    outer loop
      vertex 4.2975863503424225 28.59438294285979 9.959417969537366
      vertex 5.65 28.98696790266517 11.25359714148951
      vertex 5.65 28.663307094854837 11.334669953370984
    endloop
  endfacet
  facet normal 0.7066805256772052 -0.23836061448964582 -0.6661732898343399
    outer loop
      vertex 4.190989057591775 28.7427843547423 9.793240063137413
      vertex 5.65 29.301123670041306 11.141190410538375
      vertex 5.65 28.98696790266517 11.25359714148951
    endloop
  endfacet
  facet normal 0.7066805256772052 -0.30250924381379074 -0.6396020575606347
    outer loop
      vertex 4.111986055018428 28.877734150351202 9.642125095840857
      vertex 5.65 29.602748905208394 10.998532298784408
      vertex 5.65 29.301123670041306 11.141190410538375
    endloop
  endfacet
  facet normal 0.7066805256772053 -0.4751499741875477 -0.5242472094901045
    outer loop
      vertex 4.001266223020366 29.238332221960654 9.238332221960652
      vertex 5.65 30.40416305603426 10.404163056034262
      vertex 5.65 30.156937166156396 10.628235541433305
    endloop
  endfacet
  facet normal 0.7066805256772055 -0.4214767848901587 -0.5682956575826031
    outer loop
      vertex 4.0195887263720165 29.122615203742107 9.36791058363842
      vertex 5.65 30.156937166156396 10.628235541433305
      vertex 5.65 29.888938792266647 10.826996681828653
    endloop
  endfacet
  facet normal 0 -0.8032075314806452 0.595699304492433
    outer loop
      vertex 5.65 30.628235541433305 5.8430628338436055
      vertex 27.76155369741982 30.628235541433305 5.8430628338436055
      vertex 5.65 30.826996681828653 6.111061207733353
    endloop
  endfacet
  facet normal 0 -0.8577286100002706 0.5141027441932244
    outer loop
      vertex 5.65 30.826996681828653 6.111061207733353
      vertex 27.47762410292906 30.826996681828653 6.111061207733353
      vertex 5.65 30.998532298784408 6.397251094791608
    endloop
  endfacet
  facet normal 0 -0.9039892931234447 0.42755509343027936
    outer loop
      vertex 5.65 30.998532298784408 6.397251094791608
      vertex 27.232586073533096 30.998532298784408 6.397251094791608
      vertex 5.65 31.141190410538375 6.698876329958695
    endloop
  endfacet
  facet normal 0 -0.9415440651830198 0.33688985339222277
    outer loop
      vertex 5.65 31.141190410538375 6.698876329958695
      vertex 27.028799459406436 31.141190410538375 6.698876329958695
      vertex 5.65 31.25359714148951 7.013032097334828
    endloop
  endfacet
  facet normal 0 -0.9700312531945441 0.24298017990326312
    outer loop
      vertex 5.65 31.25359714148951 7.013032097334828
      vertex 26.868226837044205 31.25359714148951 7.013032097334828
      vertex 5.65 31.334669953370984 7.3366929051451635
    endloop
  endfacet
  facet normal 0 -0.9891765099647817 0.1467304744553565
    outer loop
      vertex 5.65 31.334669953370984 7.3366929051451635
      vertex 26.752414608577684 31.334669953370984 7.3366929051451635
      vertex 5.65 31.383628070685468 7.666741722879494
    endloop
  endfacet
  facet normal 0 -0.9987954562051724 0.049067674327417994
    outer loop
      vertex 5.65 31.383628070685468 7.666741722879494
      vertex 26.682478109076406 31.383628070685468 7.666741722879494
      vertex 5.65 31.4 8
    endloop
  endfacet
  facet normal 0 0.4275550934302815 0.9039892931234437
    outer loop
      vertex 5.65 26.397251094791606 5.001467701215593
      vertex 33.797712748536384 26.397251094791606 5.001467701215593
      vertex 5.65 26.698876329958694 4.858809589461625
    endloop
  endfacet
  facet normal 0 0.24298017990326623 0.9700312531945433
    outer loop
      vertex 5.65 27.01303209733483 4.74640285851049
      vertex 32.92585918410999 27.01303209733483 4.74640285851049
      vertex 5.65 27.336692905145163 4.665330046629016
    endloop
  endfacet
  facet normal 0 -0.04906767432741786 0.9987954562051723
    outer loop
      vertex 5.65 28 4.6
      vertex 31.515978984078295 28 4.6
      vertex 5.65 28.333258277120507 4.61637192931453
    endloop
  endfacet
  facet normal 0 0.04906767432741786 0.9987954562051724
    outer loop
      vertex 5.65 27.666741722879493 4.61637192931453
      vertex 31.992037268385314 27.666741722879493 4.61637192931453
      vertex 5.65 28 4.6
    endloop
  endfacet
  facet normal 0 0.14673047445536214 0.989176509964781
    outer loop
      vertex 5.65 27.336692905145163 4.665330046629016
      vertex 32.463510851174526 27.336692905145163 4.665330046629016
      vertex 5.65 27.666741722879493 4.61637192931453
    endloop
  endfacet
  facet normal 0 0.33688985339221783 0.9415440651830215
    outer loop
      vertex 5.65 26.698876329958694 4.858809589461625
      vertex 33.37462960000024 26.698876329958694 4.858809589461625
      vertex 5.65 27.01303209733483 4.74640285851049
    endloop
  endfacet
  facet normal 0 0.5956993044924292 0.8032075314806479
    outer loop
      vertex 5.65 25.843062833843604 5.371764458566695
      vertex 34.36361717902172 25.843062833843604 5.371764458566695
      vertex 5.65 26.111061207733353 5.173003318171347
    endloop
  endfacet
  facet normal -3.3097582732984316e-18 0.514102744193226 0.8577286100002697
    outer loop
      vertex 5.65 26.111061207733353 5.173003318171347
      vertex 34.121320344507694 26.121320344507694 5.166854228229319
      vertex 5.65 26.397251094791606 5.001467701215593
    endloop
  endfacet
  facet normal 0 0.6715589548470212 0.7409511253549566
    outer loop
      vertex 5.65 25.59583694396574 5.595836943965738
      vertex 34.536888930906954 25.59583694396574 5.595836943965738
      vertex 5.65 25.843062833843604 5.371764458566695
    endloop
  endfacet
  facet normal 0 0.7409511253549587 0.6715589548470188
    outer loop
      vertex 5.65 25.371764458566695 5.8430628338436055
      vertex 34.665829678267905 25.371764458566695 5.8430628338436055
      vertex 5.65 25.59583694396574 5.595836943965738
    endloop
  endfacet
  facet normal 0 0.8032075314806452 0.595699304492433
    outer loop
      vertex 5.65 25.173003318171347 6.111061207733353
      vertex 34.75983669631066 25.173003318171347 6.111061207733353
      vertex 5.65 25.371764458566695 5.8430628338436055
    endloop
  endfacet
  facet normal 0 0.8577286100002706 0.5141027441932243
    outer loop
      vertex 5.65 25.001467701215592 6.397251094791608
      vertex 34.82408668850645 25.001467701215592 6.397251094791608
      vertex 5.65 25.173003318171347 6.111061207733353
    endloop
  endfacet
  facet normal 0 0.9039892931234447 0.4275550934302794
    outer loop
      vertex 5.65 25.001467701215592 6.397251094791608
      vertex 5.65 24.858809589461625 6.698876329958695
      vertex 34.873837983124275 24.858809589461625 6.698876329958695
    endloop
  endfacet
  facet normal 0 0.9415440651830198 0.3368898533922227
    outer loop
      vertex 5.65 24.858809589461625 6.698876329958695
      vertex 5.65 24.74640285851049 7.013032097334828
      vertex 34.9019944032143 24.74640285851049 7.013032097334828
    endloop
  endfacet
  facet normal 0 0.9700312531945442 0.24298017990326315
    outer loop
      vertex 5.65 24.74640285851049 7.013032097334828
      vertex 5.65 24.665330046629016 7.3366929051451635
      vertex 34.92230208523565 24.665330046629016 7.3366929051451635
    endloop
  endfacet
  facet normal 0 0.9987954562051725 0.049067674327418
    outer loop
      vertex 5.65 24.616371929314532 7.666741722879494
      vertex 5.65 24.6 8
      vertex 34.93866640987905 24.6 8
    endloop
  endfacet
  facet normal 0 0.9891765099647817 0.14673047445535653
    outer loop
      vertex 5.65 24.665330046629016 7.3366929051451635
      vertex 5.65 24.616371929314532 7.666741722879494
      vertex 34.93456545510914 24.616371929314532 7.666741722879494
    endloop
  endfacet
  facet normal 0 -0.4275550934302815 0.9039892931234436
    outer loop
      vertex 5.65 29.301123670041306 4.858809589461625
      vertex 29.65732836815635 29.301123670041306 4.858809589461625
      vertex 5.65 29.602748905208394 5.001467701215593
    endloop
  endfacet
  facet normal 0 -0.14673047445536216 0.9891765099647809
    outer loop
      vertex 5.65 28.333258277120507 4.61637192931453
      vertex 31.039920699771276 28.333258277120507 4.61637192931453
      vertex 5.65 28.663307094854837 4.665330046629016
    endloop
  endfacet
  facet normal 0 -0.24298017990326626 0.9700312531945434
    outer loop
      vertex 5.65 28.663307094854837 4.665330046629016
      vertex 30.568447116982064 28.663307094854837 4.665330046629016
      vertex 5.65 28.98696790266517 4.74640285851049
    endloop
  endfacet
  facet normal 0 -0.3368898533922179 0.9415440651830215
    outer loop
      vertex 5.65 28.98696790266517 4.74640285851049
      vertex 30.1060987840466 28.98696790266517 4.74640285851049
      vertex 5.65 29.301123670041306 4.858809589461625
    endloop
  endfacet
  facet normal 0 -0.5956993044924292 0.8032075314806479
    outer loop
      vertex 5.65 29.888938792266647 5.173003318171347
      vertex 28.817636520157247 29.888938792266647 5.173003318171347
      vertex 5.65 30.156937166156396 5.371764458566695
    endloop
  endfacet
  facet normal 0 -0.5141027441932259 0.8577286100002696
    outer loop
      vertex 5.65 29.602748905208394 5.001467701215593
      vertex 29.226457773739213 29.602748905208394 5.001467701215593
      vertex 5.65 29.888938792266647 5.173003318171347
    endloop
  endfacet
  facet normal 0 -0.6715589548470212 0.7409511253549566
    outer loop
      vertex 5.65 30.156937166156396 5.371764458566695
      vertex 28.434801779566868 30.156937166156396 5.371764458566695
      vertex 5.65 30.40416305603426 5.595836943965738
    endloop
  endfacet
  facet normal 0 -0.7409511253549588 0.6715589548470188
    outer loop
      vertex 5.65 30.40416305603426 5.595836943965738
      vertex 28.081640459798738 30.40416305603426 5.595836943965738
      vertex 5.65 30.628235541433305 5.8430628338436055
    endloop
  endfacet
  facet normal 1 0 0
    outer loop
      vertex 5.65 25.371764458566695 10.156937166156395
      vertex 5.65 25.59583694396574 10.404163056034262
      vertex 5.65 28 13.100000001490116
    endloop
  endfacet
  facet normal 1 0 0
    outer loop
      vertex 5.65 25.59583694396574 10.404163056034262
      vertex 5.65 25.843062833843604 10.628235541433305
      vertex 5.65 28 13.100000001490116
    endloop
  endfacet
  facet normal 1 0 0
    outer loop
      vertex 5.65 25.843062833843604 10.628235541433305
      vertex 5.65 26.111061207733353 10.826996681828653
      vertex 5.65 28 13.100000001490116
    endloop
  endfacet
  facet normal 1 0 0
    outer loop
      vertex 5.65 26.111061207733353 10.826996681828653
      vertex 5.65 26.397251094791606 10.998532298784408
      vertex 5.65 28 13.100000001490116
    endloop
  endfacet
  facet normal 1 0 0
    outer loop
      vertex 5.65 26.397251094791606 10.998532298784408
      vertex 5.65 26.698876329958694 11.141190410538375
      vertex 5.65 28 13.100000001490116
    endloop
  endfacet
  facet normal 1 0 0
    outer loop
      vertex 5.65 26.698876329958694 11.141190410538375
      vertex 5.65 27.01303209733483 11.25359714148951
      vertex 5.65 28 13.100000001490116
    endloop
  endfacet
  facet normal 1 0 0
    outer loop
      vertex 5.65 27.01303209733483 11.25359714148951
      vertex 5.65 27.336692905145163 11.334669953370984
      vertex 5.65 28 13.100000001490116
    endloop
  endfacet
  facet normal 1 0 0
    outer loop
      vertex 5.65 27.336692905145163 11.334669953370984
      vertex 5.65 27.666741722879493 11.38362807068547
      vertex 5.65 28 13.100000001490116
    endloop
  endfacet
  facet normal 1 0 0
    outer loop
      vertex 5.65 27.666741722879493 11.38362807068547
      vertex 5.65 28 11.4
      vertex 5.65 28 13.100000001490116
    endloop
  endfacet
  facet normal 1 0 0
    outer loop
      vertex 5.65 28 11.4
      vertex 5.65 28.333258277120507 11.38362807068547
      vertex 5.65 28 13.100000001490116
    endloop
  endfacet
  facet normal 1 0 0
    outer loop
      vertex 5.65 28 13.100000001490116
      vertex 5.65 30.156937166156396 10.628235541433305
      vertex 5.65 30.40416305603426 10.404163056034262
    endloop
  endfacet
  facet normal 1 0 0
    outer loop
      vertex 5.65 28.333258277120507 11.38362807068547
      vertex 5.65 28.663307094854837 11.334669953370984
      vertex 5.65 28 13.100000001490116
    endloop
  endfacet
  facet normal 1 0 0
    outer loop
      vertex 5.65 28 13.100000001490116
      vertex 5.65 28.98696790266517 11.25359714148951
      vertex 5.65 29.301123670041306 11.141190410538375
    endloop
  endfacet
  facet normal 1 0 0
    outer loop
      vertex 5.65 28.663307094854837 11.334669953370984
      vertex 5.65 28.98696790266517 11.25359714148951
      vertex 5.65 28 13.100000001490116
    endloop
  endfacet
  facet normal 1 0 0
    outer loop
      vertex 5.65 28 13.100000001490116
      vertex 5.65 29.301123670041306 11.141190410538375
      vertex 5.65 29.602748905208394 10.998532298784408
    endloop
  endfacet
  facet normal 1 0 0
    outer loop
      vertex 5.65 28 13.100000001490116
      vertex 5.65 29.602748905208394 10.998532298784408
      vertex 5.65 29.888938792266647 10.826996681828653
    endloop
  endfacet
  facet normal 1 0 0
    outer loop
      vertex 5.65 28 13.100000001490116
      vertex 5.65 29.888938792266647 10.826996681828653
      vertex 5.65 30.156937166156396 10.628235541433305
    endloop
  endfacet
  facet normal 1 0 0
    outer loop
      vertex 5.65 28 13.100000001490116
      vertex 5.65 30.40416305603426 10.404163056034262
      vertex 5.65 30.628235541433305 10.156937166156395
    endloop
  endfacet
  facet normal 0 -0.8032075314806459 -0.5956993044924318
    outer loop
      vertex 5.65 30.826996681828653 9.888938792266647
      vertex 27.47762410292906 30.826996681828653 9.888938792266647
      vertex 5.65 30.628235541433305 10.156937166156395
    endloop
  endfacet
  facet normal 0 -0.9987954562051724 -0.04906767432741786
    outer loop
      vertex 5.65 31.4 8
      vertex 26.659090865261746 31.4 8
      vertex 5.65 31.383628070685468 8.333258277120507
    endloop
  endfacet
  facet normal 0 -0.9891765099647817 -0.14673047445535692
    outer loop
      vertex 5.65 31.383628070685468 8.333258277120507
      vertex 26.682478109076406 31.383628070685468 8.333258277120507
      vertex 5.65 31.334669953370984 8.663307094854837
    endloop
  endfacet
  facet normal 0 -0.9700312531945441 -0.2429801799032638
    outer loop
      vertex 5.65 31.334669953370984 8.663307094854837
      vertex 26.752414608577684 31.334669953370984 8.663307094854837
      vertex 5.65 31.25359714148951 8.986967902665171
    endloop
  endfacet
  facet normal 0 -0.94154406518302 -0.3368898533922219
    outer loop
      vertex 5.65 31.141190410538375 9.301123670041305
      vertex 5.65 31.25359714148951 8.986967902665171
      vertex 26.868226837044205 31.25359714148951 8.986967902665171
    endloop
  endfacet
  facet normal 0 -0.9039892931234446 -0.4275550934302793
    outer loop
      vertex 5.65 31.141190410538375 9.301123670041305
      vertex 27.028799459406436 31.141190410538375 9.301123670041305
      vertex 5.65 30.998532298784408 9.602748905208392
    endloop
  endfacet
  facet normal 0 -0.8577286100002698 -0.5141027441932255
    outer loop
      vertex 5.65 30.826996681828653 9.888938792266647
      vertex 5.65 30.998532298784408 9.602748905208392
      vertex 27.232586073533096 30.998532298784408 9.602748905208392
    endloop
  endfacet
  facet normal 0 -0.7458745951159101 -0.666086397069237
    outer loop
      vertex 5.65 28 13.100000001490116
      vertex 5.65 30.628235541433305 10.156937166156395
      vertex 27.76155369741982 30.628235541433305 10.156937166156395
    endloop
  endfacet
  facet normal 0 0.9987954562051724 -0.04906767432741786
    outer loop
      vertex 5.65 24.6 8
      vertex 5.65 24.616371929314532 8.333258277120507
      vertex 34.93456545510914 24.616371929314532 8.333258277120507
    endloop
  endfacet
  facet normal 0 0.9891765099647817 -0.14673047445535692
    outer loop
      vertex 5.65 24.616371929314532 8.333258277120507
      vertex 5.65 24.665330046629016 8.663307094854837
      vertex 34.92230208523565 24.665330046629016 8.663307094854837
    endloop
  endfacet
  facet normal 0 0.970031253194544 -0.24298017990326376
    outer loop
      vertex 5.65 24.665330046629016 8.663307094854837
      vertex 5.65 24.74640285851049 8.986967902665171
      vertex 34.9019944032143 24.74640285851049 8.986967902665171
    endloop
  endfacet
  facet normal 0 0.9415440651830201 -0.33688985339222194
    outer loop
      vertex 5.65 24.74640285851049 8.986967902665171
      vertex 5.65 24.858809589461625 9.301123670041305
      vertex 34.873837983124275 24.858809589461625 9.301123670041305
    endloop
  endfacet
  facet normal 0 0.9039892931234447 -0.4275550934302793
    outer loop
      vertex 5.65 24.858809589461625 9.301123670041305
      vertex 5.65 25.001467701215592 9.602748905208392
      vertex 34.82408668850645 25.001467701215592 9.602748905208392
    endloop
  endfacet
  facet normal 0 0.8577286100002697 -0.5141027441932255
    outer loop
      vertex 5.65 25.001467701215592 9.602748905208392
      vertex 5.65 25.173003318171347 9.888938792266647
      vertex 34.75983669631066 25.173003318171347 9.888938792266647
    endloop
  endfacet
  facet normal 0 0.8032075314806462 -0.5956993044924318
    outer loop
      vertex 5.65 25.173003318171347 9.888938792266647
      vertex 5.65 25.371764458566695 10.156937166156395
      vertex 34.665829678267905 25.371764458566695 10.156937166156395
    endloop
  endfacet
  facet normal 0 0.7458745951159101 -0.6660863970692369
    outer loop
      vertex 5.65 25.371764458566695 10.156937166156395
      vertex 5.65 28 13.100000001490116
      vertex 31.515978984078295 28 13.100000001490116
    endloop
  endfacet
  facet normal 0 -0.4275550934302815 0.9039892931234436
    outer loop
      vertex 5.65 29.602748905208394 5.001467701215593
      vertex 29.65732836815635 29.301123670041306 4.858809589461625
      vertex 29.226457773739213 29.602748905208394 5.001467701215593
    endloop
  endfacet
  facet normal 0 -0.3368898533922179 0.9415440651830215
    outer loop
      vertex 5.65 29.301123670041306 4.858809589461625
      vertex 30.1060987840466 28.98696790266517 4.74640285851049
      vertex 29.65732836815635 29.301123670041306 4.858809589461625
    endloop
  endfacet
  facet normal 0 -0.6715589548470212 0.7409511253549566
    outer loop
      vertex 5.65 30.40416305603426 5.595836943965738
      vertex 28.434801779566868 30.156937166156396 5.371764458566695
      vertex 28.081640459798738 30.40416305603426 5.595836943965738
    endloop
  endfacet
  facet normal 0 -0.7409511253549588 0.6715589548470188
    outer loop
      vertex 5.65 30.628235541433305 5.8430628338436055
      vertex 28.081640459798738 30.40416305603426 5.595836943965738
      vertex 27.76155369741982 30.628235541433305 5.8430628338436055
    endloop
  endfacet
  facet normal 0 -0.514102744193226 0.8577286100002696
    outer loop
      vertex 5.65 29.888938792266647 5.173003318171347
      vertex 29.226457773739213 29.602748905208394 5.001467701215593
      vertex 28.817636520157247 29.888938792266647 5.173003318171347
    endloop
  endfacet
  facet normal 0 -0.5956993044924292 0.8032075314806479
    outer loop
      vertex 5.65 30.156937166156396 5.371764458566695
      vertex 28.817636520157247 29.888938792266647 5.173003318171347
      vertex 28.434801779566868 30.156937166156396 5.371764458566695
    endloop
  endfacet
  facet normal 0 -0.9987954562051724 0.049067674327417994
    outer loop
      vertex 5.65 31.4 8
      vertex 26.682478109076406 31.383628070685468 7.666741722879494
      vertex 26.659090865261746 31.4 8
    endloop
  endfacet
  facet normal 0 -0.8032075314806452 0.595699304492433
    outer loop
      vertex 5.65 30.826996681828653 6.111061207733353
      vertex 27.76155369741982 30.628235541433305 5.8430628338436055
      vertex 27.47762410292906 30.826996681828653 6.111061207733353
    endloop
  endfacet
  facet normal 0 -0.8577286100002706 0.5141027441932243
    outer loop
      vertex 5.65 30.998532298784408 6.397251094791608
      vertex 27.47762410292906 30.826996681828653 6.111061207733353
      vertex 27.232586073533096 30.998532298784408 6.397251094791608
    endloop
  endfacet
  facet normal 0 -0.9039892931234446 0.4275550934302793
    outer loop
      vertex 5.65 31.141190410538375 6.698876329958695
      vertex 27.232586073533096 30.998532298784408 6.397251094791608
      vertex 27.028799459406436 31.141190410538375 6.698876329958695
    endloop
  endfacet
  facet normal 0 -0.9415440651830198 0.33688985339222277
    outer loop
      vertex 5.65 31.25359714148951 7.013032097334828
      vertex 27.028799459406436 31.141190410538375 6.698876329958695
      vertex 26.868226837044205 31.25359714148951 7.013032097334828
    endloop
  endfacet
  facet normal 0 -0.9700312531945442 0.24298017990326318
    outer loop
      vertex 5.65 31.334669953370984 7.3366929051451635
      vertex 26.868226837044205 31.25359714148951 7.013032097334828
      vertex 26.752414608577684 31.334669953370984 7.3366929051451635
    endloop
  endfacet
  facet normal 0 -0.9891765099647818 0.14673047445535656
    outer loop
      vertex 5.65 31.383628070685468 7.666741722879494
      vertex 26.752414608577684 31.334669953370984 7.3366929051451635
      vertex 26.682478109076406 31.383628070685468 7.666741722879494
    endloop
  endfacet
  facet normal 0 0.04906767432741786 0.9987954562051723
    outer loop
      vertex 5.65 28 4.6
      vertex 31.992037268385314 27.666741722879493 4.61637192931453
      vertex 31.515978984078295 28 4.6
    endloop
  endfacet
  facet normal 0 0.14673047445536214 0.9891765099647809
    outer loop
      vertex 5.65 27.666741722879493 4.61637192931453
      vertex 32.463510851174526 27.336692905145163 4.665330046629016
      vertex 31.992037268385314 27.666741722879493 4.61637192931453
    endloop
  endfacet
  facet normal 0 0.24298017990326629 0.9700312531945434
    outer loop
      vertex 5.65 27.336692905145163 4.665330046629016
      vertex 32.92585918410999 27.01303209733483 4.74640285851049
      vertex 32.463510851174526 27.336692905145163 4.665330046629016
    endloop
  endfacet
  facet normal 0 0.33688985339221783 0.9415440651830215
    outer loop
      vertex 5.65 27.01303209733483 4.74640285851049
      vertex 33.37462960000024 26.698876329958694 4.858809589461625
      vertex 32.92585918410999 27.01303209733483 4.74640285851049
    endloop
  endfacet
  facet normal 0 0.8032075314806452 0.595699304492433
    outer loop
      vertex 5.65 25.371764458566695 5.8430628338436055
      vertex 34.75983669631066 25.173003318171347 6.111061207733353
      vertex 34.665829678267905 25.371764458566695 5.8430628338436055
    endloop
  endfacet
  facet normal 0 0.42755509343028153 0.9039892931234436
    outer loop
      vertex 5.65 26.698876329958694 4.858809589461625
      vertex 33.66671069711447 26.49440883845091 4.955515510759665
      vertex 33.37462960000024 26.698876329958694 4.858809589461625
    endloop
  endfacet
  facet normal -1.163653608175324e-18 0.4275550934302815 0.9039892931234436
    outer loop
      vertex 5.65 26.698876329958694 4.858809589461625
      vertex 33.797712748536384 26.397251094791606 5.001467701215593
      vertex 33.66671069711447 26.49440883845091 4.955515510759665
    endloop
  endfacet
  facet normal -1.2290467831690624e-17 0.5141027441932253 0.8577286100002699
    outer loop
      vertex 5.65 26.397251094791606 5.001467701215593
      vertex 34.121320344507694 26.121320344507694 5.166854228229319
      vertex 33.90317985415459 26.319031357765198 5.048350807347889
    endloop
  endfacet
  facet normal 0 0.5141027441932285 0.857728610000268
    outer loop
      vertex 5.65 26.397251094791606 5.001467701215593
      vertex 33.90317985415459 26.319031357765198 5.048350807347889
      vertex 33.797712748536384 26.397251094791606 5.001467701215593
    endloop
  endfacet
  facet normal 5.852236848283688e-17 0.5956993044924331 0.803207531480645
    outer loop
      vertex 5.65 26.111061207733353 5.173003318171347
      vertex 34.36361717902172 25.843062833843604 5.371764458566695
      vertex 34.3190313577652 25.903179854154587 5.327178637612807
    endloop
  endfacet
  facet normal 0 0.671558954847018 0.7409511253549594
    outer loop
      vertex 5.65 25.843062833843604 5.371764458566695
      vertex 34.49440883845091 25.666710697114468 5.5316007184416245
      vertex 34.36361717902172 25.843062833843604 5.371764458566695
    endloop
  endfacet
  facet normal 1.2368676372261295e-16 0.6715589548470289 0.7409511253549496
    outer loop
      vertex 5.65 25.843062833843604 5.371764458566695
      vertex 34.536888930906954 25.59583694396574 5.595836943965738
      vertex 34.49440883845091 25.666710697114468 5.5316007184416245
    endloop
  endfacet
  facet normal 0 0.5141027441932191 0.8577286100002736
    outer loop
      vertex 5.65 26.111061207733353 5.173003318171347
      vertex 34.130618683956364 26.111061207733353 5.173003318171347
      vertex 34.121320344507694 26.121320344507694 5.166854228229319
    endloop
  endfacet
  facet normal 0 0.595699304492428 0.8032075314806488
    outer loop
      vertex 5.65 26.111061207733353 5.173003318171347
      vertex 34.3190313577652 25.903179854154587 5.327178637612807
      vertex 34.130618683956364 26.111061207733353 5.173003318171347
    endloop
  endfacet
  facet normal -7.598519502007104e-17 0.7409511253549546 0.6715589548470234
    outer loop
      vertex 5.65 25.59583694396574 5.595836943965738
      vertex 34.665829678267905 25.371764458566695 5.8430628338436055
      vertex 34.64576379209757 25.414190210402012 5.796253230100671
    endloop
  endfacet
  facet normal 0 0.7409511253549598 0.6715589548470178
    outer loop
      vertex 5.65 25.59583694396574 5.595836943965738
      vertex 34.64576379209757 25.414190210402012 5.796253230100671
      vertex 34.536888930906954 25.59583694396574 5.595836943965738
    endloop
  endfacet
  facet normal 0 0.8577286100002718 0.5141027441932221
    outer loop
      vertex 5.65 25.173003318171347 6.111061207733353
      vertex 34.771638594567776 25.14805030077696 6.152692802131061
      vertex 34.75983669631066 25.173003318171347 6.111061207733353
    endloop
  endfacet
  facet normal -4.911147554063116e-18 0.8577286100002703 0.5141027441932248
    outer loop
      vertex 5.65 25.173003318171347 6.111061207733353
      vertex 34.82408668850645 25.001467701215592 6.397251094791608
      vertex 34.771638594567776 25.14805030077696 6.152692802131061
    endloop
  endfacet
  facet normal 0 0.9039892931234447 0.4275550934302793
    outer loop
      vertex 5.65 25.001467701215592 6.397251094791608
      vertex 34.873837983124275 24.858809589461625 6.698876329958695
      vertex 34.82408668850645 25.001467701215592 6.397251094791608
    endloop
  endfacet
  facet normal 0 0.9415440651830198 0.33688985339222277
    outer loop
      vertex 5.65 24.858809589461625 6.698876329958695
      vertex 34.9019944032143 24.74640285851049 7.013032097334828
      vertex 34.873837983124275 24.858809589461625 6.698876329958695
    endloop
  endfacet
  facet normal 0 0.9700312531945443 0.24298017990326318
    outer loop
      vertex 5.65 24.74640285851049 7.013032097334828
      vertex 34.92230208523565 24.665330046629016 7.3366929051451635
      vertex 34.9019944032143 24.74640285851049 7.013032097334828
    endloop
  endfacet
  facet normal 0 0.9891765099647818 0.14673047445535653
    outer loop
      vertex 5.65 24.665330046629016 7.3366929051451635
      vertex 34.93456545510914 24.616371929314532 7.666741722879494
      vertex 34.92230208523565 24.665330046629016 7.3366929051451635
    endloop
  endfacet
  facet normal 0 0.9987954562051724 0.049067674327418
    outer loop
      vertex 5.65 24.616371929314532 7.666741722879494
      vertex 34.93866640987905 24.6 8
      vertex 34.93456545510914 24.616371929314532 7.666741722879494
    endloop
  endfacet
  facet normal 0 -0.1467304744553621 0.9891765099647808
    outer loop
      vertex 5.65 28.663307094854837 4.665330046629016
      vertex 31.039920699771276 28.333258277120507 4.61637192931453
      vertex 30.568447116982064 28.663307094854837 4.665330046629016
    endloop
  endfacet
  facet normal 0 -0.24298017990326629 0.9700312531945434
    outer loop
      vertex 5.65 28.98696790266517 4.74640285851049
      vertex 30.568447116982064 28.663307094854837 4.665330046629016
      vertex 30.1060987840466 28.98696790266517 4.74640285851049
    endloop
  endfacet
  facet normal 0 -0.04906767432741786 0.9987954562051724
    outer loop
      vertex 5.65 28.333258277120507 4.61637192931453
      vertex 31.515978984078295 28 4.6
      vertex 31.039920699771276 28.333258277120507 4.61637192931453
    endloop
  endfacet
  facet normal -6.875203501682353e-13 0.9039892931234008 0.42755509343037196
    outer loop
      vertex 34.87082100659609 24.870854035019875 6.673410489430613
      vertex 34.82408668850645 25.001467701215592 6.397251094791608
      vertex 34.873837983124275 24.858809589461625 6.698876329958695
    endloop
  endfacet
  facet normal 0 -0.9987954562051724 -0.04906767432741786
    outer loop
      vertex 5.65 31.383628070685468 8.333258277120507
      vertex 26.659090865261746 31.4 8
      vertex 26.682478109076406 31.383628070685468 8.333258277120507
    endloop
  endfacet
  facet normal 0 -0.8577286100002698 -0.5141027441932255
    outer loop
      vertex 5.65 30.826996681828653 9.888938792266647
      vertex 27.232586073533096 30.998532298784408 9.602748905208392
      vertex 27.47762410292906 30.826996681828653 9.888938792266647
    endloop
  endfacet
  facet normal 0 -0.9891765099647817 -0.1467304744553569
    outer loop
      vertex 5.65 31.334669953370984 8.663307094854837
      vertex 26.682478109076406 31.383628070685468 8.333258277120507
      vertex 26.752414608577684 31.334669953370984 8.663307094854837
    endloop
  endfacet
  facet normal 0 -0.9700312531945441 -0.24298017990326376
    outer loop
      vertex 5.65 31.25359714148951 8.986967902665171
      vertex 26.752414608577684 31.334669953370984 8.663307094854837
      vertex 26.868226837044205 31.25359714148951 8.986967902665171
    endloop
  endfacet
  facet normal 0 -0.94154406518302 -0.3368898533922219
    outer loop
      vertex 5.65 31.141190410538375 9.301123670041305
      vertex 26.868226837044205 31.25359714148951 8.986967902665171
      vertex 27.028799459406436 31.141190410538375 9.301123670041305
    endloop
  endfacet
  facet normal 0 -0.9039892931234447 -0.42755509343027936
    outer loop
      vertex 5.65 30.998532298784408 9.602748905208392
      vertex 27.028799459406436 31.141190410538375 9.301123670041305
      vertex 27.232586073533096 30.998532298784408 9.602748905208392
    endloop
  endfacet
  facet normal 0 -0.803207531480646 -0.5956993044924318
    outer loop
      vertex 5.65 30.628235541433305 10.156937166156395
      vertex 27.47762410292906 30.826996681828653 9.888938792266647
      vertex 27.76155369741982 30.628235541433305 10.156937166156395
    endloop
  endfacet
  facet normal 0 0.9987954562051725 -0.04906767432741787
    outer loop
      vertex 5.65 24.6 8
      vertex 34.93456545510914 24.616371929314532 8.333258277120507
      vertex 34.93866640987905 24.6 8
    endloop
  endfacet
  facet normal 0 0.9891765099647817 -0.14673047445535692
    outer loop
      vertex 5.65 24.616371929314532 8.333258277120507
      vertex 34.92230208523565 24.665330046629016 8.663307094854837
      vertex 34.93456545510914 24.616371929314532 8.333258277120507
    endloop
  endfacet
  facet normal 0 0.9700312531945441 -0.2429801799032638
    outer loop
      vertex 5.65 24.665330046629016 8.663307094854837
      vertex 34.9019944032143 24.74640285851049 8.986967902665171
      vertex 34.92230208523565 24.665330046629016 8.663307094854837
    endloop
  endfacet
  facet normal 0 0.94154406518302 -0.33688985339222194
    outer loop
      vertex 5.65 24.74640285851049 8.986967902665171
      vertex 34.873837983124275 24.858809589461625 9.301123670041305
      vertex 34.9019944032143 24.74640285851049 8.986967902665171
    endloop
  endfacet
  facet normal 0 0.9039892931234497 -0.4275550934302689
    outer loop
      vertex 5.65 24.858809589461625 9.301123670041305
      vertex 34.87082100659609 24.870854035019875 9.32658951056939
      vertex 34.873837983124275 24.858809589461625 9.301123670041305
    endloop
  endfacet
  facet normal 1.2143874700930573e-17 0.9039892931234441 -0.42755509343028025
    outer loop
      vertex 5.65 24.858809589461625 9.301123670041305
      vertex 34.82408668850645 25.001467701215592 9.602748905208392
      vertex 34.87082100659609 24.870854035019875 9.32658951056939
    endloop
  endfacet
  facet normal 0 0.8577286100002698 -0.5141027441932255
    outer loop
      vertex 5.65 25.001467701215592 9.602748905208392
      vertex 34.75983669631066 25.173003318171347 9.888938792266647
      vertex 34.82408668850645 25.001467701215592 9.602748905208392
    endloop
  endfacet
  facet normal 0 0.803207531480646 -0.5956993044924317
    outer loop
      vertex 5.65 25.173003318171347 9.888938792266647
      vertex 34.665829678267905 25.371764458566695 10.156937166156395
      vertex 34.75983669631066 25.173003318171347 9.888938792266647
    endloop
  endfacet
  facet normal -4.6430224910530064e-17 0.7458745951159104 -0.6660863970692367
    outer loop
      vertex 5.65 25.371764458566695 10.156937166156395
      vertex 31.515978984078295 28 13.100000001490116
      vertex 33.66671069711447 26.49440883845091 11.414059254206258
    endloop
  endfacet
  facet normal 0 0.7458745951159065 -0.666086397069241
    outer loop
      vertex 5.65 25.371764458566695 10.156937166156395
      vertex 34.64576379209757 25.414190210402012 10.204444952851768
      vertex 34.665829678267905 25.371764458566695 10.156937166156395
    endloop
  endfacet
  facet normal -5.918153282618866e-17 0.7458745951159119 -0.6660863970692349
    outer loop
      vertex 5.65 25.371764458566695 10.156937166156395
      vertex 34.3190313577652 25.903179854154587 10.752008983816228
      vertex 34.49440883845091 25.666710697114468 10.487213999951145
    endloop
  endfacet
  facet normal -1.1036896860218353e-17 0.7458745951159097 -0.6660863970692372
    outer loop
      vertex 5.65 25.371764458566695 10.156937166156395
      vertex 34.49440883845091 25.666710697114468 10.487213999951145
      vertex 34.64576379209757 25.414190210402012 10.204444952851768
    endloop
  endfacet
  facet normal 5.106544132472052e-17 0.7458745951159093 -0.6660863970692379
    outer loop
      vertex 5.65 25.371764458566695 10.156937166156395
      vertex 33.90317985415459 26.319031357765198 11.217673908439611
      vertex 34.121320344507694 26.121320344507694 10.996279773065806
    endloop
  endfacet
  facet normal 1.999057832739779e-16 0.7458745951159079 -0.6660863970692393
    outer loop
      vertex 5.65 25.371764458566695 10.156937166156395
      vertex 33.66671069711447 26.49440883845091 11.414059254206258
      vertex 33.90317985415459 26.319031357765198 11.217673908439611
    endloop
  endfacet
  facet normal 5.814680420371276e-18 0.7458745951159104 -0.6660863970692368
    outer loop
      vertex 5.65 25.371764458566695 10.156937166156395
      vertex 34.121320344507694 26.121320344507694 10.996279773065806
      vertex 34.3190313577652 25.903179854154587 10.752008983816228
    endloop
  endfacet
  facet normal 0 -0.7458745951159101 -0.6660863970692369
    outer loop
      vertex 5.65 28 13.100000001490116
      vertex 27.76155369741982 30.628235541433305 10.156937166156395
      vertex 31.515978984078295 28 13.100000001490116
    endloop
  endfacet
  facet normal -7.728042403214582e-14 0.857728610000262 -0.5141027441932385
    outer loop
      vertex 34.771638594567776 25.14805030077696 9.847307197868938
      vertex 34.82408668850645 25.001467701215592 9.602748905208392
      vertex 34.75983669631066 25.173003318171347 9.888938792266647
    endloop
  endfacet
  facet normal 0 0.7409511253549527 0.6715589548470255
    outer loop
      vertex 4 26.64723170661521 6.88981175271362
      vertex 0 26.762563132923542 6.762563132923542
      vertex 0 26.64723170661521 6.88981175271362
    endloop
  endfacet
  facet normal 0 0.8032075314806486 0.5956993044924282
    outer loop
      vertex 4 26.544928178470546 7.027752092215696
      vertex 0 26.64723170661521 6.88981175271362
      vertex 0 26.544928178470546 7.027752092215696
    endloop
  endfacet
  facet normal 0 0.3368898533922198 0.9415440651830209
    outer loop
      vertex 4 27.330303993361092 6.3832108181052485
      vertex 0 27.49200181480469 6.325354412468634
      vertex 0 27.330303993361092 6.3832108181052485
    endloop
  endfacet
  facet normal 0 0.4275550934302786 0.903989293123445
    outer loop
      vertex 4 27.175055710554503 6.456637787390378
      vertex 0 27.330303993361092 6.3832108181052485
      vertex 0 27.175055710554503 6.456637787390378
    endloop
  endfacet
  facet normal 0 0.2429801799032602 0.970031253194545
    outer loop
      vertex 4 27.49200181480469 6.325354412468634
      vertex 0 27.658591936471776 6.283625759294347
      vertex 0 27.49200181480469 6.325354412468634
    endloop
  endfacet
  facet normal 0 0.14673047445536283 0.9891765099647807
    outer loop
      vertex 4 27.658591936471776 6.283625759294347
      vertex 0 27.82847000442327 6.258426728323656
      vertex 0 27.658591936471776 6.283625759294347
    endloop
  endfacet
  facet normal 0 0.0490676743274195 0.9987954562051724
    outer loop
      vertex 4 27.82847000442327 6.258426728323656
      vertex 0 28 6.25
      vertex 0 27.82847000442327 6.258426728323656
    endloop
  endfacet
  facet normal 0 -0.0490676743274195 0.9987954562051724
    outer loop
      vertex 4 28 6.25
      vertex 0 28.17152999557673 6.258426728323656
      vertex 0 28 6.25
    endloop
  endfacet
  facet normal 0 0.5956993044924325 0.8032075314806455
    outer loop
      vertex 4 26.88981175271362 6.6472317066152105
      vertex 0 27.027752092215696 6.5449281784705455
      vertex 0 26.88981175271362 6.6472317066152105
    endloop
  endfacet
  facet normal 0 0.6715589548470222 0.7409511253549557
    outer loop
      vertex 4 26.762563132923542 6.762563132923542
      vertex 0 26.88981175271362 6.6472317066152105
      vertex 0 26.762563132923542 6.762563132923542
    endloop
  endfacet
  facet normal 0 0.5141027441932248 0.8577286100002701
    outer loop
      vertex 4 27.027752092215696 6.5449281784705455
      vertex 0 27.175055710554503 6.456637787390378
      vertex 0 27.027752092215696 6.5449281784705455
    endloop
  endfacet
  facet normal 0 0.8577286100002707 0.514102744193224
    outer loop
      vertex 4 26.456637787390378 7.1750557105545045
      vertex 0 26.544928178470546 7.027752092215696
      vertex 0 26.456637787390378 7.1750557105545045
    endloop
  endfacet
  facet normal 0 0.941544065183022 0.33688985339221683
    outer loop
      vertex 4 26.325354412468634 7.492001814804691
      vertex 0 26.383210818105248 7.330303993361093
      vertex 0 26.325354412468634 7.492001814804691
    endloop
  endfacet
  facet normal 0 0.9039892931234441 0.4275550934302806
    outer loop
      vertex 4 26.383210818105248 7.330303993361093
      vertex 0 26.456637787390378 7.1750557105545045
      vertex 0 26.383210818105248 7.330303993361093
    endloop
  endfacet
  facet normal 0 0.9700312531945422 0.24298017990327114
    outer loop
      vertex 4 26.283625759294345 7.658591936471775
      vertex 0 26.325354412468634 7.492001814804691
      vertex 0 26.283625759294345 7.658591936471775
    endloop
  endfacet
  facet normal 0 0.9891765099647823 0.14673047445535273
    outer loop
      vertex 4 26.258426728323656 7.828470004423269
      vertex 0 26.283625759294345 7.658591936471775
      vertex 0 26.258426728323656 7.828470004423269
    endloop
  endfacet
  facet normal 0 0.9987954562051724 0.04906767432741925
    outer loop
      vertex 4 26.25 8
      vertex 0 26.258426728323656 7.828470004423269
      vertex 0 26.25 8
    endloop
  endfacet
  facet normal 0 0.8032075314806486 0.5956993044924282
    outer loop
      vertex 4 26.64723170661521 6.88981175271362
      vertex 0 26.64723170661521 6.88981175271362
      vertex 4 26.544928178470546 7.027752092215696
    endloop
  endfacet
  facet normal 0 0.5141027441932248 0.8577286100002701
    outer loop
      vertex 4 27.027752092215696 6.5449281784705455
      vertex 4 27.175055710554503 6.456637787390378
      vertex 0 27.175055710554503 6.456637787390378
    endloop
  endfacet
  facet normal 0 0.4275550934302786 0.903989293123445
    outer loop
      vertex 4 27.175055710554503 6.456637787390378
      vertex 4 27.330303993361092 6.3832108181052485
      vertex 0 27.330303993361092 6.3832108181052485
    endloop
  endfacet
  facet normal 0 0.3368898533922198 0.9415440651830209
    outer loop
      vertex 4 27.330303993361092 6.3832108181052485
      vertex 4 27.49200181480469 6.325354412468634
      vertex 0 27.49200181480469 6.325354412468634
    endloop
  endfacet
  facet normal 0 0.2429801799032602 0.970031253194545
    outer loop
      vertex 4 27.49200181480469 6.325354412468634
      vertex 4 27.658591936471776 6.283625759294347
      vertex 0 27.658591936471776 6.283625759294347
    endloop
  endfacet
  facet normal 0 0.14673047445536283 0.9891765099647807
    outer loop
      vertex 4 27.658591936471776 6.283625759294347
      vertex 4 27.82847000442327 6.258426728323656
      vertex 0 27.82847000442327 6.258426728323656
    endloop
  endfacet
  facet normal 0 0.0490676743274195 0.9987954562051724
    outer loop
      vertex 4 27.82847000442327 6.258426728323656
      vertex 4 28 6.25
      vertex 0 28 6.25
    endloop
  endfacet
  facet normal 0 -0.0490676743274195 0.9987954562051724
    outer loop
      vertex 4 28 6.25
      vertex 4 28.17152999557673 6.258426728323656
      vertex 0 28.17152999557673 6.258426728323656
    endloop
  endfacet
  facet normal 0 0.5956993044924325 0.8032075314806455
    outer loop
      vertex 4 26.88981175271362 6.6472317066152105
      vertex 4 27.027752092215696 6.5449281784705455
      vertex 0 27.027752092215696 6.5449281784705455
    endloop
  endfacet
  facet normal 0 0.6715589548470222 0.7409511253549557
    outer loop
      vertex 4 26.88981175271362 6.6472317066152105
      vertex 0 26.88981175271362 6.6472317066152105
      vertex 4 26.762563132923542 6.762563132923542
    endloop
  endfacet
  facet normal 0 0.7409511253549527 0.6715589548470255
    outer loop
      vertex 4 26.64723170661521 6.88981175271362
      vertex 4 26.762563132923542 6.762563132923542
      vertex 0 26.762563132923542 6.762563132923542
    endloop
  endfacet
  facet normal 0 0.8577286100002707 0.514102744193224
    outer loop
      vertex 4 26.456637787390378 7.1750557105545045
      vertex 4 26.544928178470546 7.027752092215696
      vertex 0 26.544928178470546 7.027752092215696
    endloop
  endfacet
  facet normal 0 0.9039892931234441 0.4275550934302806
    outer loop
      vertex 4 26.456637787390378 7.1750557105545045
      vertex 0 26.456637787390378 7.1750557105545045
      vertex 4 26.383210818105248 7.330303993361093
    endloop
  endfacet
  facet normal 0 0.941544065183022 0.33688985339221683
    outer loop
      vertex 4 26.383210818105248 7.330303993361093
      vertex 0 26.383210818105248 7.330303993361093
      vertex 4 26.325354412468634 7.492001814804691
    endloop
  endfacet
  facet normal 0 0.9700312531945422 0.24298017990327114
    outer loop
      vertex 4 26.283625759294345 7.658591936471775
      vertex 4 26.325354412468634 7.492001814804691
      vertex 0 26.325354412468634 7.492001814804691
    endloop
  endfacet
  facet normal 0 0.9891765099647823 0.14673047445535273
    outer loop
      vertex 4 26.283625759294345 7.658591936471775
      vertex 0 26.283625759294345 7.658591936471775
      vertex 4 26.258426728323656 7.828470004423269
    endloop
  endfacet
  facet normal 0 0.9987954562051724 0.04906767432741925
    outer loop
      vertex 4 26.258426728323656 7.828470004423269
      vertex 0 26.258426728323656 7.828470004423269
      vertex 4 26.25 8
    endloop
  endfacet
  facet normal 0 -0.14673047445536283 0.9891765099647807
    outer loop
      vertex 4 28.17152999557673 6.258426728323656
      vertex 0 28.341408063528224 6.283625759294347
      vertex 0 28.17152999557673 6.258426728323656
    endloop
  endfacet
  facet normal 0 -0.2429801799032602 0.970031253194545
    outer loop
      vertex 4 28.341408063528224 6.283625759294347
      vertex 0 28.50799818519531 6.325354412468634
      vertex 0 28.341408063528224 6.283625759294347
    endloop
  endfacet
  facet normal 0 -0.3368898533922198 0.9415440651830209
    outer loop
      vertex 4 28.50799818519531 6.325354412468634
      vertex 0 28.669696006638908 6.3832108181052485
      vertex 0 28.50799818519531 6.325354412468634
    endloop
  endfacet
  facet normal 0 -0.4275550934302786 0.903989293123445
    outer loop
      vertex 4 28.669696006638908 6.3832108181052485
      vertex 0 28.824944289445497 6.456637787390378
      vertex 0 28.669696006638908 6.3832108181052485
    endloop
  endfacet
  facet normal 0 -0.5141027441932248 0.8577286100002701
    outer loop
      vertex 4 28.824944289445497 6.456637787390378
      vertex 0 28.972247907784304 6.5449281784705455
      vertex 0 28.824944289445497 6.456637787390378
    endloop
  endfacet
  facet normal 0 -0.5956993044924325 0.8032075314806455
    outer loop
      vertex 4 28.972247907784304 6.5449281784705455
      vertex 0 29.11018824728638 6.6472317066152105
      vertex 0 28.972247907784304 6.5449281784705455
    endloop
  endfacet
  facet normal 0 -0.6715589548470222 0.7409511253549557
    outer loop
      vertex 4 29.11018824728638 6.6472317066152105
      vertex 0 29.237436867076458 6.762563132923542
      vertex 0 29.11018824728638 6.6472317066152105
    endloop
  endfacet
  facet normal 0 -0.7409511253549527 0.6715589548470255
    outer loop
      vertex 4 29.237436867076458 6.762563132923542
      vertex 0 29.35276829338479 6.88981175271362
      vertex 0 29.237436867076458 6.762563132923542
    endloop
  endfacet
  facet normal 0 -0.8032075314806486 0.5956993044924282
    outer loop
      vertex 4 29.35276829338479 6.88981175271362
      vertex 0 29.455071821529454 7.027752092215696
      vertex 0 29.35276829338479 6.88981175271362
    endloop
  endfacet
  facet normal 0 -0.8577286100002707 0.514102744193224
    outer loop
      vertex 4 29.455071821529454 7.027752092215696
      vertex 0 29.543362212609622 7.1750557105545045
      vertex 0 29.455071821529454 7.027752092215696
    endloop
  endfacet
  facet normal 0 -0.9039892931234441 0.4275550934302806
    outer loop
      vertex 4 29.543362212609622 7.1750557105545045
      vertex 0 29.616789181894752 7.330303993361093
      vertex 0 29.543362212609622 7.1750557105545045
    endloop
  endfacet
  facet normal 0 -0.941544065183022 0.33688985339221683
    outer loop
      vertex 4 29.616789181894752 7.330303993361093
      vertex 0 29.674645587531366 7.492001814804691
      vertex 0 29.616789181894752 7.330303993361093
    endloop
  endfacet
  facet normal 0 -0.9700312531945422 0.24298017990327114
    outer loop
      vertex 4 29.674645587531366 7.492001814804691
      vertex 0 29.716374240705655 7.658591936471775
      vertex 0 29.674645587531366 7.492001814804691
    endloop
  endfacet
  facet normal 0 -0.9891765099647823 0.14673047445535273
    outer loop
      vertex 4 29.716374240705655 7.658591936471775
      vertex 0 29.741573271676344 7.828470004423269
      vertex 0 29.716374240705655 7.658591936471775
    endloop
  endfacet
  facet normal 0 -0.9987954562051724 0.04906767432741925
    outer loop
      vertex 4 29.741573271676344 7.828470004423269
      vertex 0 29.75 8
      vertex 0 29.741573271676344 7.828470004423269
    endloop
  endfacet
  facet normal 0 -0.14673047445536283 0.9891765099647807
    outer loop
      vertex 4 28.17152999557673 6.258426728323656
      vertex 4 28.341408063528224 6.283625759294347
      vertex 0 28.341408063528224 6.283625759294347
    endloop
  endfacet
  facet normal 0 -0.2429801799032602 0.970031253194545
    outer loop
      vertex 4 28.341408063528224 6.283625759294347
      vertex 4 28.50799818519531 6.325354412468634
      vertex 0 28.50799818519531 6.325354412468634
    endloop
  endfacet
  facet normal 0 -0.3368898533922198 0.9415440651830209
    outer loop
      vertex 4 28.50799818519531 6.325354412468634
      vertex 4 28.669696006638908 6.3832108181052485
      vertex 0 28.669696006638908 6.3832108181052485
    endloop
  endfacet
  facet normal 0 -0.4275550934302786 0.903989293123445
    outer loop
      vertex 4 28.669696006638908 6.3832108181052485
      vertex 4 28.824944289445497 6.456637787390378
      vertex 0 28.824944289445497 6.456637787390378
    endloop
  endfacet
  facet normal 0 -0.5141027441932248 0.8577286100002701
    outer loop
      vertex 4 28.824944289445497 6.456637787390378
      vertex 4 28.972247907784304 6.5449281784705455
      vertex 0 28.972247907784304 6.5449281784705455
    endloop
  endfacet
  facet normal 0 -0.5956993044924325 0.8032075314806455
    outer loop
      vertex 4 28.972247907784304 6.5449281784705455
      vertex 4 29.11018824728638 6.6472317066152105
      vertex 0 29.11018824728638 6.6472317066152105
    endloop
  endfacet
  facet normal 0 -0.6715589548470222 0.7409511253549557
    outer loop
      vertex 4 29.11018824728638 6.6472317066152105
      vertex 4 29.237436867076458 6.762563132923542
      vertex 0 29.237436867076458 6.762563132923542
    endloop
  endfacet
  facet normal 0 -0.7409511253549527 0.6715589548470255
    outer loop
      vertex 4 29.237436867076458 6.762563132923542
      vertex 4 29.35276829338479 6.88981175271362
      vertex 0 29.35276829338479 6.88981175271362
    endloop
  endfacet
  facet normal 0 -0.8032075314806486 0.5956993044924282
    outer loop
      vertex 4 29.35276829338479 6.88981175271362
      vertex 4 29.455071821529454 7.027752092215696
      vertex 0 29.455071821529454 7.027752092215696
    endloop
  endfacet
  facet normal 0 -0.8577286100002707 0.514102744193224
    outer loop
      vertex 4 29.455071821529454 7.027752092215696
      vertex 4 29.543362212609622 7.1750557105545045
      vertex 0 29.543362212609622 7.1750557105545045
    endloop
  endfacet
  facet normal 0 -0.9039892931234441 0.4275550934302806
    outer loop
      vertex 4 29.543362212609622 7.1750557105545045
      vertex 4 29.616789181894752 7.330303993361093
      vertex 0 29.616789181894752 7.330303993361093
    endloop
  endfacet
  facet normal 0 -0.941544065183022 0.33688985339221683
    outer loop
      vertex 4 29.616789181894752 7.330303993361093
      vertex 4 29.674645587531366 7.492001814804691
      vertex 0 29.674645587531366 7.492001814804691
    endloop
  endfacet
  facet normal 0 -0.9700312531945422 0.24298017990327114
    outer loop
      vertex 4 29.674645587531366 7.492001814804691
      vertex 4 29.716374240705655 7.658591936471775
      vertex 0 29.716374240705655 7.658591936471775
    endloop
  endfacet
  facet normal 0 -0.9891765099647823 0.14673047445535273
    outer loop
      vertex 4 29.716374240705655 7.658591936471775
      vertex 4 29.741573271676344 7.828470004423269
      vertex 0 29.741573271676344 7.828470004423269
    endloop
  endfacet
  facet normal 0 -0.9987954562051724 0.04906767432741925
    outer loop
      vertex 4 29.741573271676344 7.828470004423269
      vertex 4 29.75 8
      vertex 0 29.75 8
    endloop
  endfacet
  facet normal 0 0.9987954562051724 -0.04906767432741899
    outer loop
      vertex 4 26.258426728323656 8.171529995576732
      vertex 0 26.25 8
      vertex 0 26.258426728323656 8.171529995576732
    endloop
  endfacet
  facet normal 0 0.989176509964782 -0.14673047445535423
    outer loop
      vertex 4 26.283625759294345 8.341408063528224
      vertex 0 26.258426728323656 8.171529995576732
      vertex 0 26.283625759294345 8.341408063528224
    endloop
  endfacet
  facet normal 0 0.9700312531945424 -0.24298017990326992
    outer loop
      vertex 4 26.325354412468634 8.507998185195309
      vertex 0 26.283625759294345 8.341408063528224
      vertex 0 26.325354412468634 8.507998185195309
    endloop
  endfacet
  facet normal 0 0.9415440651830214 -0.33688985339221844
    outer loop
      vertex 4 26.383210818105248 8.669696006638906
      vertex 0 26.325354412468634 8.507998185195309
      vertex 0 26.383210818105248 8.669696006638906
    endloop
  endfacet
  facet normal 0 0.903989293123445 -0.4275550934302786
    outer loop
      vertex 4 26.456637787390378 8.824944289445495
      vertex 0 26.383210818105248 8.669696006638906
      vertex 0 26.456637787390378 8.824944289445495
    endloop
  endfacet
  facet normal 0 0.8577286100002707 -0.514102744193224
    outer loop
      vertex 4 26.544928178470546 8.972247907784304
      vertex 0 26.456637787390378 8.824944289445495
      vertex 0 26.544928178470546 8.972247907784304
    endloop
  endfacet
  facet normal 0 0.8032075314806468 -0.5956993044924308
    outer loop
      vertex 4 26.64723170661521 9.110188247286379
      vertex 0 26.544928178470546 8.972247907784304
      vertex 0 26.64723170661521 9.110188247286379
    endloop
  endfacet
  facet normal 0 0.9987954562051724 -0.04906767432741899
    outer loop
      vertex 4 26.25 8
      vertex 0 26.25 8
      vertex 4 26.258426728323656 8.171529995576732
    endloop
  endfacet
  facet normal 0 0.989176509964782 -0.14673047445535423
    outer loop
      vertex 4 26.258426728323656 8.171529995576732
      vertex 0 26.258426728323656 8.171529995576732
      vertex 4 26.283625759294345 8.341408063528224
    endloop
  endfacet
  facet normal 0 0.9700312531945424 -0.24298017990326992
    outer loop
      vertex 4 26.283625759294345 8.341408063528224
      vertex 0 26.283625759294345 8.341408063528224
      vertex 4 26.325354412468634 8.507998185195309
    endloop
  endfacet
  facet normal 0 0.9415440651830214 -0.33688985339221844
    outer loop
      vertex 4 26.325354412468634 8.507998185195309
      vertex 0 26.325354412468634 8.507998185195309
      vertex 4 26.383210818105248 8.669696006638906
    endloop
  endfacet
  facet normal 0 0.903989293123445 -0.4275550934302786
    outer loop
      vertex 4 26.383210818105248 8.669696006638906
      vertex 0 26.383210818105248 8.669696006638906
      vertex 4 26.456637787390378 8.824944289445495
    endloop
  endfacet
  facet normal 0 0.8577286100002707 -0.514102744193224
    outer loop
      vertex 4 26.456637787390378 8.824944289445495
      vertex 0 26.456637787390378 8.824944289445495
      vertex 4 26.544928178470546 8.972247907784304
    endloop
  endfacet
  facet normal 0 0.8032075314806468 -0.5956993044924308
    outer loop
      vertex 4 26.544928178470546 8.972247907784304
      vertex 0 26.544928178470546 8.972247907784304
      vertex 4 26.64723170661521 9.110188247286379
    endloop
  endfacet
  facet normal 0 0.745874594948363 -0.6660863972568539
    outer loop
      vertex 4 26.64723170661521 9.110188247286379
      vertex 0 26.64723170661521 9.110188247286379
      vertex 4.001266223020366 26.761667778039346 9.238332221960652
    endloop
  endfacet
  facet normal 3.233903167462648e-16 0.7458745949483578 -0.6660863972568596
    outer loop
      vertex 4.001266223020366 26.761667778039346 9.238332221960652
      vertex 0 26.64723170661521 9.110188247286379
      vertex 4.019588726372015 26.877384796257893 9.36791058363842
    endloop
  endfacet
  facet normal 3.8247191952535297e-16 0.7458745949483575 -0.66608639725686
    outer loop
      vertex 4.019588726372015 26.877384796257893 9.36791058363842
      vertex 0 26.64723170661521 9.110188247286379
      vertex 4.055874116005922 26.99671009656652 9.501529451102646
    endloop
  endfacet
  facet normal 2.2655071458887037e-16 0.7458745949483584 -0.6660863972568593
    outer loop
      vertex 4.055874116005922 26.99671009656652 9.501529451102646
      vertex 0 26.64723170661521 9.110188247286379
      vertex 4.111986055018428 27.122265849648798 9.642125095840857
    endloop
  endfacet
  facet normal 1.625849790557115e-15 0.7458745949483528 -0.6660863972568652
    outer loop
      vertex 4.111986055018428 27.122265849648798 9.642125095840857
      vertex 0 26.64723170661521 9.110188247286379
      vertex 4.190989057591775 27.2572156452577 9.793240063137413
    endloop
  endfacet
  facet normal -1.1618533373278937e-15 0.7458745949483615 -0.6660863972568557
    outer loop
      vertex 4.190989057591775 27.2572156452577 9.793240063137413
      vertex 0 26.64723170661521 9.110188247286379
      vertex 4.297586350342422 27.40561705714021 9.959417969537366
    endloop
  endfacet
  facet normal 3.624633191678634e-16 0.7458745949483576 -0.66608639725686
    outer loop
      vertex 4.297586350342422 27.40561705714021 9.959417969537366
      vertex 0 26.64723170661521 9.110188247286379
      vertex 4.438877532066953 27.57297117741519 10.146818864056618
    endloop
  endfacet
  facet normal -1.6368748453142272e-15 0.7458745949483618 -0.6660863972568553
    outer loop
      vertex 4.438877532066953 27.57297117741519 10.146818864056618
      vertex 0 26.64723170661521 9.110188247286379
      vertex 4.62568815124211 27.76714184110043 10.364248563452255
    endloop
  endfacet
  facet normal 0 0.7458745949483587 -0.6660863972568589
    outer loop
      vertex 4.875 28 10.625
      vertex 0 26.64723170661521 9.110188247286379
      vertex 0 28 10.625
    endloop
  endfacet
  facet normal 8.341087330467124e-16 0.7458745949483574 -0.6660863972568603
    outer loop
      vertex 4.62568815124211 27.76714184110043 10.364248563452255
      vertex 0 26.64723170661521 9.110188247286379
      vertex 4.875 28 10.625
    endloop
  endfacet
  facet normal 0 -0.7458745949483577 -0.6660863972568598
    outer loop
      vertex 4.62568815124211 28.23285815889957 10.364248563452255
      vertex 4.875 28 10.625
      vertex 0 28 10.625
    endloop
  endfacet
  facet normal 0 -0.8577286100002707 -0.514102744193224
    outer loop
      vertex 4 29.543362212609622 8.824944289445495
      vertex 0 29.455071821529454 8.972247907784304
      vertex 0 29.543362212609622 8.824944289445495
    endloop
  endfacet
  facet normal 0 -0.9987954562051724 -0.04906767432741899
    outer loop
      vertex 4 29.75 8
      vertex 0 29.741573271676344 8.171529995576732
      vertex 0 29.75 8
    endloop
  endfacet
  facet normal 0 -0.989176509964782 -0.14673047445535423
    outer loop
      vertex 4 29.741573271676344 8.171529995576732
      vertex 0 29.716374240705655 8.341408063528224
      vertex 0 29.741573271676344 8.171529995576732
    endloop
  endfacet
  facet normal 0 -0.9700312531945424 -0.24298017990326992
    outer loop
      vertex 4 29.716374240705655 8.341408063528224
      vertex 0 29.674645587531366 8.507998185195309
      vertex 0 29.716374240705655 8.341408063528224
    endloop
  endfacet
  facet normal 0 -0.9415440651830214 -0.33688985339221844
    outer loop
      vertex 4 29.674645587531366 8.507998185195309
      vertex 0 29.616789181894752 8.669696006638906
      vertex 0 29.674645587531366 8.507998185195309
    endloop
  endfacet
  facet normal 0 -0.903989293123445 -0.4275550934302786
    outer loop
      vertex 4 29.616789181894752 8.669696006638906
      vertex 0 29.543362212609622 8.824944289445495
      vertex 0 29.616789181894752 8.669696006638906
    endloop
  endfacet
  facet normal 0 -0.8032075314806468 -0.5956993044924308
    outer loop
      vertex 4 29.455071821529454 8.972247907784304
      vertex 0 29.35276829338479 9.110188247286379
      vertex 0 29.455071821529454 8.972247907784304
    endloop
  endfacet
  facet normal 0 -0.7458745949483587 -0.6660863972568588
    outer loop
      vertex 4 29.35276829338479 9.110188247286379
      vertex 0 28 10.625
      vertex 0 29.35276829338479 9.110188247286379
    endloop
  endfacet
  facet normal 0 -0.8577286100002707 -0.514102744193224
    outer loop
      vertex 4 29.543362212609622 8.824944289445495
      vertex 4 29.455071821529454 8.972247907784304
      vertex 0 29.455071821529454 8.972247907784304
    endloop
  endfacet
  facet normal 0 -0.9987954562051724 -0.04906767432741899
    outer loop
      vertex 4 29.75 8
      vertex 4 29.741573271676344 8.171529995576732
      vertex 0 29.741573271676344 8.171529995576732
    endloop
  endfacet
  facet normal 0 -0.989176509964782 -0.14673047445535423
    outer loop
      vertex 4 29.741573271676344 8.171529995576732
      vertex 4 29.716374240705655 8.341408063528224
      vertex 0 29.716374240705655 8.341408063528224
    endloop
  endfacet
  facet normal 0 -0.9700312531945424 -0.24298017990326992
    outer loop
      vertex 4 29.674645587531366 8.507998185195309
      vertex 0 29.674645587531366 8.507998185195309
      vertex 4 29.716374240705655 8.341408063528224
    endloop
  endfacet
  facet normal 0 -0.9415440651830214 -0.33688985339221844
    outer loop
      vertex 4 29.674645587531366 8.507998185195309
      vertex 4 29.616789181894752 8.669696006638906
      vertex 0 29.616789181894752 8.669696006638906
    endloop
  endfacet
  facet normal 0 -0.903989293123445 -0.4275550934302786
    outer loop
      vertex 4 29.543362212609622 8.824944289445495
      vertex 0 29.543362212609622 8.824944289445495
      vertex 4 29.616789181894752 8.669696006638906
    endloop
  endfacet
  facet normal 0 -0.8032075314806468 -0.5956993044924308
    outer loop
      vertex 4 29.35276829338479 9.110188247286379
      vertex 0 29.35276829338479 9.110188247286379
      vertex 4 29.455071821529454 8.972247907784304
    endloop
  endfacet
  facet normal -1.9031769911426355e-16 -0.745874594948358 -0.6660863972568595
    outer loop
      vertex 4.0195887263720165 29.122615203742107 9.36791058363842
      vertex 0 28 10.625
      vertex 4.001266223020366 29.238332221960654 9.238332221960652
    endloop
  endfacet
  facet normal -3.9080363839759423e-16 -0.7458745949483576 -0.6660863972568599
    outer loop
      vertex 4.0195887263720165 29.122615203742107 9.36791058363842
      vertex 4.055874116005923 29.00328990343348 9.501529451102646
      vertex 0 28 10.625
    endloop
  endfacet
  facet normal 0 -0.7458745949483583 -0.6660863972568591
    outer loop
      vertex 4.111986055018428 28.877734150351202 9.642125095840857
      vertex 0 28 10.625
      vertex 4.055874116005923 29.00328990343348 9.501529451102646
    endloop
  endfacet
  facet normal 3.299511158401394e-15 -0.7458745949483631 -0.6660863972568539
    outer loop
      vertex 4.001266223020366 29.238332221960654 9.238332221960652
      vertex 0 28 10.625
      vertex 4 29.35276829338479 9.110188247286379
    endloop
  endfacet
  facet normal 6.32841638880392e-16 -0.7458745949483608 -0.6660863972568564
    outer loop
      vertex 4.190989057591775 28.7427843547423 9.793240063137413
      vertex 4.2975863503424225 28.59438294285979 9.959417969537366
      vertex 0 28 10.625
    endloop
  endfacet
  facet normal -3.222442816441319e-16 -0.7458745949483577 -0.6660863972568597
    outer loop
      vertex 4.438877532066954 28.42702882258481 10.146818864056618
      vertex 0 28 10.625
      vertex 4.2975863503424225 28.59438294285979 9.959417969537366
    endloop
  endfacet
  facet normal -2.1323134859185633e-15 -0.7458745949483538 -0.6660863972568641
    outer loop
      vertex 4.190989057591775 28.7427843547423 9.793240063137413
      vertex 0 28 10.625
      vertex 4.111986055018428 28.877734150351202 9.642125095840857
    endloop
  endfacet
  facet normal 3.681135564958665e-16 -0.745874594948361 -0.6660863972568563
    outer loop
      vertex 4.62568815124211 28.23285815889957 10.364248563452255
      vertex 0 28 10.625
      vertex 4.438877532066954 28.42702882258481 10.146818864056618
    endloop
  endfacet
  facet normal 0 0 -1
    outer loop
      vertex 4.960905730724335 0.02648400515317917 0
      vertex 6.572996772825718 0.10568095743656158 0
      vertex 5.5 0 0
    endloop
  endfacet
  facet normal 0 0 -1
    outer loop
      vertex 5.5 0 0
      vertex 6.572996772825718 0.10568095743656158 0
      vertex 6.039094269275665 0.02648400515317917 0
    endloop
  endfacet
  facet normal -0.8577286047505206 -0.5141027529519028 0
    outer loop
      vertex 0.9269171357154846 2.444363720715046 0
      vertex 0.649433046579361 2.9073179438710213 16
      vertex 0.649433046579361 2.9073179438710213 0
    endloop
  endfacet
  facet normal -0.803207534802309 -0.5956993000136875 0
    outer loop
      vertex 0.9269171357154846 2.444363720715046 0
      vertex 1.2484425082802773 2.010836936533451 0
      vertex 0.9269171357154846 2.444363720715046 16
    endloop
  endfacet
  facet normal -0.5956993000136875 -0.803207534802309 0
    outer loop
      vertex 2.010836936533451 1.2484425082802773 0
      vertex 2.444363720715046 0.9269171357154846 0
      vertex 2.010836936533451 1.2484425082802773 16
    endloop
  endfacet
  facet normal -0.740951127390583 -0.6715589526010534 0
    outer loop
      vertex 1.2484425082802773 2.010836936533451 0
      vertex 1.6109127029776573 1.6109127029776573 0
      vertex 1.2484425082802773 2.010836936533451 16
    endloop
  endfacet
  facet normal -0.6715589526010534 -0.740951127390583 0
    outer loop
      vertex 2.010836936533451 1.2484425082802773 0
      vertex 1.6109127029776573 1.6109127029776573 16
      vertex 1.6109127029776573 1.6109127029776573 0
    endloop
  endfacet
  facet normal -0.9039892924068307 -0.42755509494543203 0
    outer loop
      vertex 0.41866257041692734 3.395241118967533 0
      vertex 0.649433046579361 2.9073179438710213 0
      vertex 0.41866257041692734 3.395241118967533 16
    endloop
  endfacet
  facet normal -0.9415440679601573 -0.3368898456306435 0
    outer loop
      vertex 0.41866257041692734 3.395241118967533 0
      vertex 0.23682815581560135 3.9034342765808105 16
      vertex 0.23682815581560135 3.9034342765808105 0
    endloop
  endfacet
  facet normal -0.9700312516686223 -0.24298018599508475 0
    outer loop
      vertex 0.23682815581560135 3.9034342765808105 0
      vertex 0.10568095743656158 4.427003227174282 16
      vertex 0.10568095743656158 4.427003227174282 0
    endloop
  endfacet
  facet normal -0.9891765107257705 -0.14673046932518705 0
    outer loop
      vertex 0.10568095743656158 4.427003227174282 0
      vertex 0.02648400515317917 4.960905730724335 16
      vertex 0.02648400515317917 4.960905730724335 0
    endloop
  endfacet
  facet normal -0.998795456025853 -0.049067677977549365 0
    outer loop
      vertex 0.02648400515317917 4.960905730724335 0
      vertex 0 5.5 16
      vertex 0 5.5 0
    endloop
  endfacet
  facet normal -0.5141027529519028 -0.8577286047505206 0
    outer loop
      vertex 2.444363720715046 0.9269171357154846 0
      vertex 2.9073179438710213 0.649433046579361 0
      vertex 2.444363720715046 0.9269171357154846 16
    endloop
  endfacet
  facet normal -0.42755509494543203 -0.9039892924068307 0
    outer loop
      vertex 2.9073179438710213 0.649433046579361 0
      vertex 3.395241118967533 0.41866257041692734 0
      vertex 2.9073179438710213 0.649433046579361 16
    endloop
  endfacet
  facet normal -0.3368898456306435 -0.9415440679601573 0
    outer loop
      vertex 3.395241118967533 0.41866257041692734 0
      vertex 3.9034342765808105 0.23682815581560135 0
      vertex 3.395241118967533 0.41866257041692734 16
    endloop
  endfacet
  facet normal -0.24298018599508475 -0.9700312516686223 0
    outer loop
      vertex 3.9034342765808105 0.23682815581560135 0
      vertex 4.427003227174282 0.10568095743656158 0
      vertex 3.9034342765808105 0.23682815581560135 16
    endloop
  endfacet
  facet normal -0.14673046932518705 -0.9891765107257705 0
    outer loop
      vertex 4.427003227174282 0.10568095743656158 0
      vertex 4.960905730724335 0.02648400515317917 0
      vertex 4.427003227174282 0.10568095743656158 16
    endloop
  endfacet
  facet normal -0.049067677977549365 -0.998795456025853 0
    outer loop
      vertex 4.960905730724335 0.02648400515317917 0
      vertex 5.5 0 0
      vertex 4.960905730724335 0.02648400515317917 16
    endloop
  endfacet
  facet normal 0.049067677977549365 -0.998795456025853 0
    outer loop
      vertex 5.5 0 0
      vertex 6.039094269275665 0.02648400515317917 0
      vertex 5.5 0 16
    endloop
  endfacet
  facet normal 0.14673046932518705 -0.9891765107257705 0
    outer loop
      vertex 6.039094269275665 0.02648400515317917 0
      vertex 6.572996772825718 0.10568095743656158 0
      vertex 6.039094269275665 0.02648400515317917 16
    endloop
  endfacet
  facet normal -1 0 0
    outer loop
      vertex 0 5.5 0
      vertex 0 26.64723170661521 6.88981175271362
      vertex 0 26.762563132923542 6.762563132923542
    endloop
  endfacet
  facet normal -1 0 0
    outer loop
      vertex 0 5.5 0
      vertex 0 26.456637787390378 7.1750557105545045
      vertex 0 26.544928178470546 7.027752092215696
    endloop
  endfacet
  facet normal -1 0 0
    outer loop
      vertex 0 5.5 0
      vertex 0 26.544928178470546 7.027752092215696
      vertex 0 26.64723170661521 6.88981175271362
    endloop
  endfacet
  facet normal -1 0 0
    outer loop
      vertex 0 5.5 0
      vertex 0 26.383210818105248 7.330303993361093
      vertex 0 26.456637787390378 7.1750557105545045
    endloop
  endfacet
  facet normal -1 0 0
    outer loop
      vertex 0 5.5 0
      vertex 0 26.325354412468634 7.492001814804691
      vertex 0 26.383210818105248 7.330303993361093
    endloop
  endfacet
  facet normal -1 0 0
    outer loop
      vertex 0 5.5 0
      vertex 0 26.283625759294345 7.658591936471775
      vertex 0 26.325354412468634 7.492001814804691
    endloop
  endfacet
  facet normal -1 0 0
    outer loop
      vertex 0 5.5 0
      vertex 0 26.258426728323656 7.828470004423269
      vertex 0 26.283625759294345 7.658591936471775
    endloop
  endfacet
  facet normal -1 0 0
    outer loop
      vertex 0 5.5 0
      vertex 0 26.25 8
      vertex 0 26.258426728323656 7.828470004423269
    endloop
  endfacet
  facet normal -1 0 0
    outer loop
      vertex 0 5.5 0
      vertex 0 26.258426728323656 8.171529995576732
      vertex 0 26.25 8
    endloop
  endfacet
  facet normal -1 0 0
    outer loop
      vertex 0 5.5 0
      vertex 0 26.283625759294345 8.341408063528224
      vertex 0 26.258426728323656 8.171529995576732
    endloop
  endfacet
  facet normal -1 0 0
    outer loop
      vertex 0 5.5 0
      vertex 0 26.325354412468634 8.507998185195309
      vertex 0 26.283625759294345 8.341408063528224
    endloop
  endfacet
  facet normal -1 0 0
    outer loop
      vertex 0 5.5 0
      vertex 0 26.383210818105248 8.669696006638906
      vertex 0 26.325354412468634 8.507998185195309
    endloop
  endfacet
  facet normal -1 0 0
    outer loop
      vertex 0 5.5 0
      vertex 0 26.456637787390378 8.824944289445495
      vertex 0 26.383210818105248 8.669696006638906
    endloop
  endfacet
  facet normal -1 0 0
    outer loop
      vertex 0 5.5 0
      vertex 0 26.544928178470546 8.972247907784304
      vertex 0 26.456637787390378 8.824944289445495
    endloop
  endfacet
  facet normal -1 0 0
    outer loop
      vertex 0 5.5 0
      vertex 0 27.330303993361092 6.3832108181052485
      vertex 0 27.49200181480469 6.325354412468634
    endloop
  endfacet
  facet normal -1 0 0
    outer loop
      vertex 0 5.5 0
      vertex 0 27.658591936471776 6.283625759294347
      vertex 0 27.82847000442327 6.258426728323656
    endloop
  endfacet
  facet normal -1 0 0
    outer loop
      vertex 0 5.5 0
      vertex 0 27.49200181480469 6.325354412468634
      vertex 0 27.658591936471776 6.283625759294347
    endloop
  endfacet
  facet normal -1 0 0
    outer loop
      vertex 0 5.5 0
      vertex 0 27.175055710554503 6.456637787390378
      vertex 0 27.330303993361092 6.3832108181052485
    endloop
  endfacet
  facet normal -1 0 0
    outer loop
      vertex 0 5.5 0
      vertex 0 27.027752092215696 6.5449281784705455
      vertex 0 27.175055710554503 6.456637787390378
    endloop
  endfacet
  facet normal -1 0 0
    outer loop
      vertex 0 5.5 0
      vertex 0 26.88981175271362 6.6472317066152105
      vertex 0 27.027752092215696 6.5449281784705455
    endloop
  endfacet
  facet normal -1 0 0
    outer loop
      vertex 0 5.5 0
      vertex 0 26.762563132923542 6.762563132923542
      vertex 0 26.88981175271362 6.6472317066152105
    endloop
  endfacet
  facet normal -1 0 0
    outer loop
      vertex 0 5.5 0
      vertex 0 27.82847000442327 6.258426728323656
      vertex 0 28 6.25
    endloop
  endfacet
  facet normal -1 0 0
    outer loop
      vertex 0 5.5 0
      vertex 0 28 6.25
      vertex 0 28.17152999557673 6.258426728323656
    endloop
  endfacet
  facet normal -1 0 0
    outer loop
      vertex 0 5.5 0
      vertex 0 28.17152999557673 6.258426728323656
      vertex 0 28.341408063528224 6.283625759294347
    endloop
  endfacet
  facet normal -1 0 0
    outer loop
      vertex 0 5.5 0
      vertex 0 28.341408063528224 6.283625759294347
      vertex 0 28.50799818519531 6.325354412468634
    endloop
  endfacet
  facet normal -1 0 0
    outer loop
      vertex 0 5.5 0
      vertex 0 26.64723170661521 9.110188247286379
      vertex 0 26.544928178470546 8.972247907784304
    endloop
  endfacet
  facet normal 0 0 -1
    outer loop
      vertex 2.010836936533451 1.2484425082802773 0
      vertex 1.6109127029776573 1.6109127029776573 0
      vertex 29.18198051303625 4.818019486963749 0
    endloop
  endfacet
  facet normal 0 0 -1
    outer loop
      vertex 0.9269171357154846 2.444363720715046 0
      vertex 29.741613253951073 5.499933950603008 0
      vertex 1.2484425082802773 2.010836936533451 0
    endloop
  endfacet
  facet normal 0 0 -1
    outer loop
      vertex 1.2484425082802773 2.010836936533451 0
      vertex 29.478547036647797 5.14523021876812 0
      vertex 1.6109127029776573 1.6109127029776573 0
    endloop
  endfacet
  facet normal 0 0 -1
    outer loop
      vertex 0.9269171357154846 2.444363720715046 0
      vertex 0.649433046579361 2.9073179438710213 0
      vertex 29.968645691871643 5.878714680671692 0
    endloop
  endfacet
  facet normal 0 0 -1
    outer loop
      vertex 0.41866257041692734 3.395241118967533 0
      vertex 30.157457895576954 6.277924552559853 0
      vertex 0.649433046579361 2.9073179438710213 0
    endloop
  endfacet
  facet normal 0 0 -1
    outer loop
      vertex 0.41866257041692734 3.395241118967533 0
      vertex 0.23682815581560135 3.9034342765808105 0
      vertex 30.306231513619423 6.693718954920769 0
    endloop
  endfacet
  facet normal 0 0 -1
    outer loop
      vertex 3.9034342765808105 0.23682815581560135 0
      vertex 27.30628104507923 3.693768486380577 0
      vertex 4.427003227174282 0.10568095743656158 0
    endloop
  endfacet
  facet normal 0 0 -1
    outer loop
      vertex 2.9073179438710213 0.649433046579361 0
      vertex 28.121285319328308 4.031354308128357 0
      vertex 3.395241118967533 0.41866257041692734 0
    endloop
  endfacet
  facet normal 0 0 -1
    outer loop
      vertex 2.444363720715046 0.9269171357154846 0
      vertex 28.50006604939699 4.258386746048927 0
      vertex 2.9073179438710213 0.649433046579361 0
    endloop
  endfacet
  facet normal 0 0 -1
    outer loop
      vertex 2.010836936533451 1.2484425082802773 0
      vertex 28.85476978123188 4.521452963352203 0
      vertex 2.444363720715046 0.9269171357154846 0
    endloop
  endfacet
  facet normal 0 0 -1
    outer loop
      vertex 3.395241118967533 0.41866257041692734 0
      vertex 27.722075447440147 3.842542104423046 0
      vertex 3.9034342765808105 0.23682815581560135 0
    endloop
  endfacet
  facet normal 0 0 -1
    outer loop
      vertex 4.427003227174282 0.10568095743656158 0
      vertex 26.877906449139118 3.5864662379026413 0
      vertex 4.960905730724335 0.02648400515317917 0
    endloop
  endfacet
  facet normal 0 0 -1
    outer loop
      vertex 4.960905730724335 0.02648400515317917 0
      vertex 26.877906449139118 3.5864662379026413 0
      vertex 6.572996772825718 0.10568095743656158 0
    endloop
  endfacet
  facet normal 0 0 -1
    outer loop
      vertex 0.23682815581560135 3.9034342765808105 0
      vertex 0.10568095743656158 4.427003227174282 0
      vertex 34.87082100659609 23.129145964980125 0
    endloop
  endfacet
  facet normal 0 0 -1
    outer loop
      vertex 0.10568095743656158 4.427003227174282 0
      vertex 0.02648400515317917 4.960905730724335 0
      vertex 34.94235584139824 23.41472903639078 0
    endloop
  endfacet
  facet normal 0.1689611565723474 -0.9856227105590326 0
    outer loop
      vertex 6.572996772825718 0.10568095743656158 0
      vertex 26.877906449139118 3.5864662379026413 0
      vertex 6.572996772825718 0.10568095743656158 16
    endloop
  endfacet
  facet normal 0 0 -1
    outer loop
      vertex 0.02648400515317917 4.960905730724335 0
      vertex 0 5.5 0
      vertex 34.98555418103933 23.70594857633114 0
    endloop
  endfacet
  facet normal -0.8577286047505206 -0.5141027529519028 0
    outer loop
      vertex 0.9269171357154846 2.444363720715046 0
      vertex 0.9269171357154846 2.444363720715046 16
      vertex 0.649433046579361 2.9073179438710213 16
    endloop
  endfacet
  facet normal -0.6715589526010534 -0.740951127390583 0
    outer loop
      vertex 2.010836936533451 1.2484425082802773 0
      vertex 2.010836936533451 1.2484425082802773 16
      vertex 1.6109127029776573 1.6109127029776573 16
    endloop
  endfacet
  facet normal -0.740951127390583 -0.6715589526010534 0
    outer loop
      vertex 1.6109127029776573 1.6109127029776573 0
      vertex 1.6109127029776573 1.6109127029776573 16
      vertex 1.2484425082802773 2.010836936533451 16
    endloop
  endfacet
  facet normal -0.803207534802309 -0.5956993000136875 0
    outer loop
      vertex 1.2484425082802773 2.010836936533451 0
      vertex 1.2484425082802773 2.010836936533451 16
      vertex 0.9269171357154846 2.444363720715046 16
    endloop
  endfacet
  facet normal -0.9700312516686223 -0.24298018599508475 0
    outer loop
      vertex 0.23682815581560135 3.9034342765808105 0
      vertex 0.23682815581560135 3.9034342765808105 16
      vertex 0.10568095743656158 4.427003227174282 16
    endloop
  endfacet
  facet normal -0.9415440679601573 -0.3368898456306435 0
    outer loop
      vertex 0.41866257041692734 3.395241118967533 0
      vertex 0.41866257041692734 3.395241118967533 16
      vertex 0.23682815581560135 3.9034342765808105 16
    endloop
  endfacet
  facet normal -0.9039892924068307 -0.42755509494543203 0
    outer loop
      vertex 0.649433046579361 2.9073179438710213 0
      vertex 0.649433046579361 2.9073179438710213 16
      vertex 0.41866257041692734 3.395241118967533 16
    endloop
  endfacet
  facet normal -0.9891765107257705 -0.14673046932518705 0
    outer loop
      vertex 0.10568095743656158 4.427003227174282 0
      vertex 0.10568095743656158 4.427003227174282 16
      vertex 0.02648400515317917 4.960905730724335 16
    endloop
  endfacet
  facet normal -0.998795456025853 -0.049067677977549365 0
    outer loop
      vertex 0.02648400515317917 4.960905730724335 0
      vertex 0.02648400515317917 4.960905730724335 16
      vertex 0 5.5 16
    endloop
  endfacet
  facet normal -0.5956993000136875 -0.803207534802309 0
    outer loop
      vertex 2.444363720715046 0.9269171357154846 0
      vertex 2.444363720715046 0.9269171357154846 16
      vertex 2.010836936533451 1.2484425082802773 16
    endloop
  endfacet
  facet normal -0.42755509494543203 -0.9039892924068307 0
    outer loop
      vertex 3.395241118967533 0.41866257041692734 0
      vertex 3.395241118967533 0.41866257041692734 16
      vertex 2.9073179438710213 0.649433046579361 16
    endloop
  endfacet
  facet normal -0.5141027529519028 -0.8577286047505206 0
    outer loop
      vertex 2.9073179438710213 0.649433046579361 0
      vertex 2.9073179438710213 0.649433046579361 16
      vertex 2.444363720715046 0.9269171357154846 16
    endloop
  endfacet
  facet normal -0.3368898456306435 -0.9415440679601573 0
    outer loop
      vertex 3.9034342765808105 0.23682815581560135 0
      vertex 3.9034342765808105 0.23682815581560135 16
      vertex 3.395241118967533 0.41866257041692734 16
    endloop
  endfacet
  facet normal -0.24298018599508475 -0.9700312516686223 0
    outer loop
      vertex 4.427003227174282 0.10568095743656158 0
      vertex 4.427003227174282 0.10568095743656158 16
      vertex 3.9034342765808105 0.23682815581560135 16
    endloop
  endfacet
  facet normal -0.14673046932518705 -0.9891765107257705 0
    outer loop
      vertex 4.960905730724335 0.02648400515317917 0
      vertex 4.960905730724335 0.02648400515317917 16
      vertex 4.427003227174282 0.10568095743656158 16
    endloop
  endfacet
  facet normal -0.049067677977549365 -0.998795456025853 0
    outer loop
      vertex 5.5 0 0
      vertex 5.5 0 16
      vertex 4.960905730724335 0.02648400515317917 16
    endloop
  endfacet
  facet normal 0.049067677977549365 -0.998795456025853 0
    outer loop
      vertex 6.039094269275665 0.02648400515317917 0
      vertex 6.039094269275665 0.02648400515317917 16
      vertex 5.5 0 16
    endloop
  endfacet
  facet normal 0.14673046932518705 -0.9891765107257705 0
    outer loop
      vertex 6.572996772825718 0.10568095743656158 0
      vertex 6.572996772825718 0.10568095743656158 16
      vertex 6.039094269275665 0.02648400515317917 16
    endloop
  endfacet
  facet normal 0 0 1
    outer loop
      vertex 4.960905730724335 0.02648400515317917 16
      vertex 5.5 0 16
      vertex 6.572996772825718 0.10568095743656158 16
    endloop
  endfacet
  facet normal 0 0 1
    outer loop
      vertex 5.5 0 16
      vertex 6.039094269275665 0.02648400515317917 16
      vertex 6.572996772825718 0.10568095743656158 16
    endloop
  endfacet
  facet normal -1 0 0
    outer loop
      vertex 0 5.5 0
      vertex 0 5.5 16
      vertex 0 26.64723170661521 9.110188247286379
    endloop
  endfacet
  facet normal -1 0 0
    outer loop
      vertex 0 5.5 16
      vertex 0 28 10.625
      vertex 0 26.64723170661521 9.110188247286379
    endloop
  endfacet
  facet normal 0 0 1
    outer loop
      vertex 2.010836936533451 1.2484425082802773 16
      vertex 29.18198051303625 4.818019486963749 16
      vertex 1.6109127029776573 1.6109127029776573 16
    endloop
  endfacet
  facet normal 0 0 1
    outer loop
      vertex 0.9269171357154846 2.444363720715046 16
      vertex 1.2484425082802773 2.010836936533451 16
      vertex 29.741613253951073 5.499933950603008 16
    endloop
  endfacet
  facet normal 0 0 1
    outer loop
      vertex 1.2484425082802773 2.010836936533451 16
      vertex 1.6109127029776573 1.6109127029776573 16
      vertex 29.478547036647797 5.14523021876812 16
    endloop
  endfacet
  facet normal 0 0 1
    outer loop
      vertex 0.9269171357154846 2.444363720715046 16
      vertex 29.968645691871643 5.878714680671692 16
      vertex 0.649433046579361 2.9073179438710213 16
    endloop
  endfacet
  facet normal 0 0 1
    outer loop
      vertex 0.41866257041692734 3.395241118967533 16
      vertex 0.649433046579361 2.9073179438710213 16
      vertex 30.157457895576954 6.277924552559853 16
    endloop
  endfacet
  facet normal 0 0 1
    outer loop
      vertex 0.41866257041692734 3.395241118967533 16
      vertex 30.306231513619423 6.693718954920769 16
      vertex 0.23682815581560135 3.9034342765808105 16
    endloop
  endfacet
  facet normal 0 0 1
    outer loop
      vertex 3.9034342765808105 0.23682815581560135 16
      vertex 4.427003227174282 0.10568095743656158 16
      vertex 27.30628104507923 3.693768486380577 16
    endloop
  endfacet
  facet normal 0 0 1
    outer loop
      vertex 2.9073179438710213 0.649433046579361 16
      vertex 3.395241118967533 0.41866257041692734 16
      vertex 28.121285319328308 4.031354308128357 16
    endloop
  endfacet
  facet normal 0 0 1
    outer loop
      vertex 2.444363720715046 0.9269171357154846 16
      vertex 2.9073179438710213 0.649433046579361 16
      vertex 28.50006604939699 4.258386746048927 16
    endloop
  endfacet
  facet normal 0 0 1
    outer loop
      vertex 2.010836936533451 1.2484425082802773 16
      vertex 2.444363720715046 0.9269171357154846 16
      vertex 28.85476978123188 4.521452963352203 16
    endloop
  endfacet
  facet normal 0 0 1
    outer loop
      vertex 3.395241118967533 0.41866257041692734 16
      vertex 3.9034342765808105 0.23682815581560135 16
      vertex 27.722075447440147 3.842542104423046 16
    endloop
  endfacet
  facet normal 0 0 1
    outer loop
      vertex 4.427003227174282 0.10568095743656158 16
      vertex 4.960905730724335 0.02648400515317917 16
      vertex 26.877906449139118 3.5864662379026413 16
    endloop
  endfacet
  facet normal 0 0 1
    outer loop
      vertex 4.960905730724335 0.02648400515317917 16
      vertex 6.572996772825718 0.10568095743656158 16
      vertex 26.877906449139118 3.5864662379026413 16
    endloop
  endfacet
  facet normal 0 0 1
    outer loop
      vertex 0.23682815581560135 3.9034342765808105 16
      vertex 34.87082100659609 23.129145964980125 16
      vertex 0.10568095743656158 4.427003227174282 16
    endloop
  endfacet
  facet normal 0 0 1
    outer loop
      vertex 0.10568095743656158 4.427003227174282 16
      vertex 34.94235584139824 23.41472903639078 16
      vertex 0.02648400515317917 4.960905730724335 16
    endloop
  endfacet
  facet normal 0 0 1
    outer loop
      vertex 0.02648400515317917 4.960905730724335 16
      vertex 34.98555418103933 23.70594857633114 16
      vertex 0 5.5 16
    endloop
  endfacet
  facet normal -1 0 0
    outer loop
      vertex 0 5.5 0
      vertex 0 28.50799818519531 6.325354412468634
      vertex 0 39.5 0
    endloop
  endfacet
  facet normal -1 0 0
    outer loop
      vertex 0 39.5 0
      vertex 0 28.50799818519531 6.325354412468634
      vertex 0 28.669696006638908 6.3832108181052485
    endloop
  endfacet
  facet normal -1 0 0
    outer loop
      vertex 0 39.5 0
      vertex 0 28.669696006638908 6.3832108181052485
      vertex 0 28.824944289445497 6.456637787390378
    endloop
  endfacet
  facet normal -1 0 0
    outer loop
      vertex 0 39.5 0
      vertex 0 28.824944289445497 6.456637787390378
      vertex 0 28.972247907784304 6.5449281784705455
    endloop
  endfacet
  facet normal -1 0 0
    outer loop
      vertex 0 39.5 0
      vertex 0 28.972247907784304 6.5449281784705455
      vertex 0 29.11018824728638 6.6472317066152105
    endloop
  endfacet
  facet normal -1 0 0
    outer loop
      vertex 0 39.5 0
      vertex 0 29.11018824728638 6.6472317066152105
      vertex 0 29.237436867076458 6.762563132923542
    endloop
  endfacet
  facet normal -1 0 0
    outer loop
      vertex 0 39.5 0
      vertex 0 29.237436867076458 6.762563132923542
      vertex 0 29.35276829338479 6.88981175271362
    endloop
  endfacet
  facet normal -1 0 0
    outer loop
      vertex 0 39.5 0
      vertex 0 29.35276829338479 6.88981175271362
      vertex 0 29.455071821529454 7.027752092215696
    endloop
  endfacet
  facet normal -1 0 0
    outer loop
      vertex 0 39.5 0
      vertex 0 29.455071821529454 7.027752092215696
      vertex 0 29.543362212609622 7.1750557105545045
    endloop
  endfacet
  facet normal -1 0 0
    outer loop
      vertex 0 39.5 0
      vertex 0 29.543362212609622 7.1750557105545045
      vertex 0 29.616789181894752 7.330303993361093
    endloop
  endfacet
  facet normal -1 0 0
    outer loop
      vertex 0 39.5 0
      vertex 0 29.616789181894752 7.330303993361093
      vertex 0 29.674645587531366 7.492001814804691
    endloop
  endfacet
  facet normal -1 0 0
    outer loop
      vertex 0 39.5 0
      vertex 0 29.674645587531366 7.492001814804691
      vertex 0 29.716374240705655 7.658591936471775
    endloop
  endfacet
  facet normal -1 0 0
    outer loop
      vertex 0 39.5 0
      vertex 0 29.716374240705655 7.658591936471775
      vertex 0 29.741573271676344 7.828470004423269
    endloop
  endfacet
  facet normal -1 0 0
    outer loop
      vertex 0 39.5 0
      vertex 0 29.741573271676344 7.828470004423269
      vertex 0 29.75 8
    endloop
  endfacet
  facet normal -1 0 0
    outer loop
      vertex 0 39.5 0
      vertex 0 29.75 8
      vertex 0 29.741573271676344 8.171529995576732
    endloop
  endfacet
  facet normal -1 0 0
    outer loop
      vertex 0 39.5 0
      vertex 0 29.741573271676344 8.171529995576732
      vertex 0 29.716374240705655 8.341408063528224
    endloop
  endfacet
  facet normal -1 0 0
    outer loop
      vertex 0 39.5 0
      vertex 0 29.716374240705655 8.341408063528224
      vertex 0 29.674645587531366 8.507998185195309
    endloop
  endfacet
  facet normal -1 0 0
    outer loop
      vertex 0 39.5 0
      vertex 0 29.674645587531366 8.507998185195309
      vertex 0 29.616789181894752 8.669696006638906
    endloop
  endfacet
  facet normal 0 0 -1
    outer loop
      vertex 2.444363720715046 44.073082864284515 0
      vertex 2.9073179438710213 44.35056695342064 0
      vertex 8.555636279284954 44.073082864284515 0
    endloop
  endfacet
  facet normal 0 0 -1
    outer loop
      vertex 2.9073179438710213 44.35056695342064 0
      vertex 3.395241118967533 44.58133742958307 0
      vertex 8.092682056128979 44.35056695342064 0
    endloop
  endfacet
  facet normal 0 0 -1
    outer loop
      vertex 3.395241118967533 44.58133742958307 0
      vertex 3.9034342765808105 44.7631718441844 0
      vertex 7.604758881032467 44.58133742958307 0
    endloop
  endfacet
  facet normal 0 0 -1
    outer loop
      vertex 3.9034342765808105 44.7631718441844 0
      vertex 4.427003227174282 44.89431904256344 0
      vertex 7.0965657234191895 44.7631718441844 0
    endloop
  endfacet
  facet normal 0 0 -1
    outer loop
      vertex 4.427003227174282 44.89431904256344 0
      vertex 4.960905730724335 44.97351599484682 0
      vertex 6.572996772825718 44.89431904256344 0
    endloop
  endfacet
  facet normal 0 0 -1
    outer loop
      vertex 4.960905730724335 44.97351599484682 0
      vertex 5.5 45 0
      vertex 6.039094269275665 44.97351599484682 0
    endloop
  endfacet
  facet normal 0 0 -1
    outer loop
      vertex 4.960905730724335 44.97351599484682 0
      vertex 6.039094269275665 44.97351599484682 0
      vertex 6.572996772825718 44.89431904256344 0
    endloop
  endfacet
  facet normal 0 0 -1
    outer loop
      vertex 2.9073179438710213 44.35056695342064 0
      vertex 8.092682056128979 44.35056695342064 0
      vertex 8.555636279284954 44.073082864284515 0
    endloop
  endfacet
  facet normal 0 0 -1
    outer loop
      vertex 4.427003227174282 44.89431904256344 0
      vertex 6.572996772825718 44.89431904256344 0
      vertex 7.0965657234191895 44.7631718441844 0
    endloop
  endfacet
  facet normal 0 0 -1
    outer loop
      vertex 3.9034342765808105 44.7631718441844 0
      vertex 7.0965657234191895 44.7631718441844 0
      vertex 7.604758881032467 44.58133742958307 0
    endloop
  endfacet
  facet normal 0 0 -1
    outer loop
      vertex 3.395241118967533 44.58133742958307 0
      vertex 7.604758881032467 44.58133742958307 0
      vertex 8.092682056128979 44.35056695342064 0
    endloop
  endfacet
  facet normal -0.998795456025853 0.049067677977549365 0
    outer loop
      vertex 0 39.5 0
      vertex 0.02648400515317917 40.039094269275665 16
      vertex 0.02648400515317917 40.039094269275665 0
    endloop
  endfacet
  facet normal -0.9891765107257705 0.14673046932518705 0
    outer loop
      vertex 0.02648400515317917 40.039094269275665 0
      vertex 0.10568095743656158 40.57299677282572 16
      vertex 0.10568095743656158 40.57299677282572 0
    endloop
  endfacet
  facet normal -0.9700312516686223 0.24298018599508475 0
    outer loop
      vertex 0.10568095743656158 40.57299677282572 0
      vertex 0.23682815581560135 41.09656572341919 16
      vertex 0.23682815581560135 41.09656572341919 0
    endloop
  endfacet
  facet normal -0.9415440679601573 0.3368898456306435 0
    outer loop
      vertex 0.23682815581560135 41.09656572341919 0
      vertex 0.41866257041692734 41.60475888103247 16
      vertex 0.41866257041692734 41.60475888103247 0
    endloop
  endfacet
  facet normal -0.9039892924068307 0.42755509494543203 0
    outer loop
      vertex 0.41866257041692734 41.60475888103247 0
      vertex 0.649433046579361 42.09268205612898 16
      vertex 0.649433046579361 42.09268205612898 0
    endloop
  endfacet
  facet normal -0.8577286047505206 0.5141027529519028 0
    outer loop
      vertex 0.649433046579361 42.09268205612898 0
      vertex 0.9269171357154846 42.555636279284954 16
      vertex 0.9269171357154846 42.555636279284954 0
    endloop
  endfacet
  facet normal -0.803207534802309 0.5956993000136875 0
    outer loop
      vertex 0.9269171357154846 42.555636279284954 0
      vertex 1.2484425082802773 42.98916306346655 16
      vertex 1.2484425082802773 42.98916306346655 0
    endloop
  endfacet
  facet normal -0.740951127390583 0.6715589526010534 0
    outer loop
      vertex 1.2484425082802773 42.98916306346655 0
      vertex 1.6109127029776573 43.38908729702234 16
      vertex 1.6109127029776573 43.38908729702234 0
    endloop
  endfacet
  facet normal -0.6715589526010534 0.740951127390583 0
    outer loop
      vertex 1.6109127029776573 43.38908729702234 0
      vertex 2.010836936533451 43.75155749171972 16
      vertex 2.010836936533451 43.75155749171972 0
    endloop
  endfacet
  facet normal -0.5956993000136875 0.803207534802309 0
    outer loop
      vertex 2.010836936533451 43.75155749171972 0
      vertex 2.444363720715046 44.073082864284515 16
      vertex 2.444363720715046 44.073082864284515 0
    endloop
  endfacet
  facet normal -0.5141027529519028 0.8577286047505206 0
    outer loop
      vertex 2.444363720715046 44.073082864284515 0
      vertex 2.9073179438710213 44.35056695342064 16
      vertex 2.9073179438710213 44.35056695342064 0
    endloop
  endfacet
  facet normal -0.42755509494543203 0.9039892924068307 0
    outer loop
      vertex 2.9073179438710213 44.35056695342064 0
      vertex 3.395241118967533 44.58133742958307 16
      vertex 3.395241118967533 44.58133742958307 0
    endloop
  endfacet
  facet normal -0.3368898456306435 0.9415440679601573 0
    outer loop
      vertex 3.395241118967533 44.58133742958307 0
      vertex 3.9034342765808105 44.7631718441844 16
      vertex 3.9034342765808105 44.7631718441844 0
    endloop
  endfacet
  facet normal -0.24298018599508475 0.9700312516686223 0
    outer loop
      vertex 3.9034342765808105 44.7631718441844 0
      vertex 4.427003227174282 44.89431904256344 16
      vertex 4.427003227174282 44.89431904256344 0
    endloop
  endfacet
  facet normal -0.14673046932518705 0.9891765107257705 0
    outer loop
      vertex 4.427003227174282 44.89431904256344 0
      vertex 4.960905730724335 44.97351599484682 16
      vertex 4.960905730724335 44.97351599484682 0
    endloop
  endfacet
  facet normal -0.049067677977549365 0.998795456025853 0
    outer loop
      vertex 4.960905730724335 44.97351599484682 0
      vertex 5.5 45 16
      vertex 5.5 45 0
    endloop
  endfacet
  facet normal 0.049067677977549365 0.998795456025853 0
    outer loop
      vertex 5.5 45 0
      vertex 6.039094269275665 44.97351599484682 16
      vertex 6.039094269275665 44.97351599484682 0
    endloop
  endfacet
  facet normal 0.14673046932518705 0.9891765107257705 0
    outer loop
      vertex 6.039094269275665 44.97351599484682 0
      vertex 6.572996772825718 44.89431904256344 16
      vertex 6.572996772825718 44.89431904256344 0
    endloop
  endfacet
  facet normal 0.24298018599508475 0.9700312516686223 0
    outer loop
      vertex 6.572996772825718 44.89431904256344 0
      vertex 7.0965657234191895 44.7631718441844 16
      vertex 7.0965657234191895 44.7631718441844 0
    endloop
  endfacet
  facet normal 0.3368898456306435 0.9415440679601573 0
    outer loop
      vertex 7.0965657234191895 44.7631718441844 0
      vertex 7.604758881032467 44.58133742958307 16
      vertex 7.604758881032467 44.58133742958307 0
    endloop
  endfacet
  facet normal 0.42755509494543203 0.9039892924068307 0
    outer loop
      vertex 7.604758881032467 44.58133742958307 0
      vertex 8.092682056128979 44.35056695342064 16
      vertex 8.092682056128979 44.35056695342064 0
    endloop
  endfacet
  facet normal 0.5141027529519028 0.8577286047505206 0
    outer loop
      vertex 8.092682056128979 44.35056695342064 0
      vertex 8.555636279284954 44.073082864284515 16
      vertex 8.555636279284954 44.073082864284515 0
    endloop
  endfacet
  facet normal 0 0 -1
    outer loop
      vertex 0 5.5 0
      vertex 0 39.5 0
      vertex 35 24 0
    endloop
  endfacet
  facet normal 0 0 -1
    outer loop
      vertex 0 39.5 0
      vertex 0.02648400515317917 40.039094269275665 0
      vertex 34.98555418103933 24.29405142366886 0
    endloop
  endfacet
  facet normal 0 0 -1
    outer loop
      vertex 0.02648400515317917 40.039094269275665 0
      vertex 0.10568095743656158 40.57299677282572 0
      vertex 34.94235584139824 24.58527096360922 0
    endloop
  endfacet
  facet normal 0 0 -1
    outer loop
      vertex 0.10568095743656158 40.57299677282572 0
      vertex 0.23682815581560135 41.09656572341919 0
      vertex 34.87082100659609 24.870854035019875 0
    endloop
  endfacet
  facet normal 0 0 -1
    outer loop
      vertex 0.23682815581560135 41.09656572341919 0
      vertex 0.41866257041692734 41.60475888103247 0
      vertex 34.771638594567776 25.14805030077696 0
    endloop
  endfacet
  facet normal 0 0 -1
    outer loop
      vertex 0.41866257041692734 41.60475888103247 0
      vertex 0.649433046579361 42.09268205612898 0
      vertex 34.64576379209757 25.414190210402012 0
    endloop
  endfacet
  facet normal 0 0 -1
    outer loop
      vertex 0.649433046579361 42.09268205612898 0
      vertex 0.9269171357154846 42.555636279284954 0
      vertex 34.49440883845091 25.666710697114468 0
    endloop
  endfacet
  facet normal 0 0 -1
    outer loop
      vertex 0.9269171357154846 42.555636279284954 0
      vertex 1.2484425082802773 42.98916306346655 0
      vertex 34.3190313577652 25.903179854154587 0
    endloop
  endfacet
  facet normal 0 0 -1
    outer loop
      vertex 1.2484425082802773 42.98916306346655 0
      vertex 1.6109127029776573 43.38908729702234 0
      vertex 34.121320344507694 26.121320344507694 0
    endloop
  endfacet
  facet normal 0 0 -1
    outer loop
      vertex 1.6109127029776573 43.38908729702234 0
      vertex 2.010836936533451 43.75155749171972 0
      vertex 33.90317985415459 26.319031357765198 0
    endloop
  endfacet
  facet normal 0 0 -1
    outer loop
      vertex 2.010836936533451 43.75155749171972 0
      vertex 2.444363720715046 44.073082864284515 0
      vertex 33.66671069711447 26.49440883845091 0
    endloop
  endfacet
  facet normal 0 0 -1
    outer loop
      vertex 2.444363720715046 44.073082864284515 0
      vertex 8.555636279284954 44.073082864284515 0
      vertex 33.66671069711447 26.49440883845091 0
    endloop
  endfacet
  facet normal -1 0 0
    outer loop
      vertex 0 39.5 16
      vertex 0 29.35276829338479 9.110188247286379
      vertex 0 28 10.625
    endloop
  endfacet
  facet normal -1 0 0
    outer loop
      vertex 0 39.5 16
      vertex 0 29.616789181894752 8.669696006638906
      vertex 0 29.543362212609622 8.824944289445495
    endloop
  endfacet
  facet normal -1 0 0
    outer loop
      vertex 0 39.5 16
      vertex 0 29.543362212609622 8.824944289445495
      vertex 0 29.455071821529454 8.972247907784304
    endloop
  endfacet
  facet normal -1 0 0
    outer loop
      vertex 0 39.5 16
      vertex 0 29.455071821529454 8.972247907784304
      vertex 0 29.35276829338479 9.110188247286379
    endloop
  endfacet
  facet normal -1 0 0
    outer loop
      vertex 0 5.5 16
      vertex 0 39.5 16
      vertex 0 28 10.625
    endloop
  endfacet
  facet normal -1 0 0
    outer loop
      vertex 0 39.5 0
      vertex 0 29.616789181894752 8.669696006638906
      vertex 0 39.5 16
    endloop
  endfacet
  facet normal -0.998795456025853 0.049067677977549365 0
    outer loop
      vertex 0 39.5 0
      vertex 0 39.5 16
      vertex 0.02648400515317917 40.039094269275665 16
    endloop
  endfacet
  facet normal -0.9891765107257705 0.14673046932518705 0
    outer loop
      vertex 0.02648400515317917 40.039094269275665 0
      vertex 0.02648400515317917 40.039094269275665 16
      vertex 0.10568095743656158 40.57299677282572 16
    endloop
  endfacet
  facet normal -0.9700312516686223 0.24298018599508475 0
    outer loop
      vertex 0.10568095743656158 40.57299677282572 0
      vertex 0.10568095743656158 40.57299677282572 16
      vertex 0.23682815581560135 41.09656572341919 16
    endloop
  endfacet
  facet normal -0.9415440679601573 0.3368898456306435 0
    outer loop
      vertex 0.23682815581560135 41.09656572341919 0
      vertex 0.23682815581560135 41.09656572341919 16
      vertex 0.41866257041692734 41.60475888103247 16
    endloop
  endfacet
  facet normal -0.9039892924068307 0.42755509494543203 0
    outer loop
      vertex 0.41866257041692734 41.60475888103247 0
      vertex 0.41866257041692734 41.60475888103247 16
      vertex 0.649433046579361 42.09268205612898 16
    endloop
  endfacet
  facet normal -0.8577286047505206 0.5141027529519028 0
    outer loop
      vertex 0.649433046579361 42.09268205612898 0
      vertex 0.649433046579361 42.09268205612898 16
      vertex 0.9269171357154846 42.555636279284954 16
    endloop
  endfacet
  facet normal -0.803207534802309 0.5956993000136875 0
    outer loop
      vertex 0.9269171357154846 42.555636279284954 0
      vertex 0.9269171357154846 42.555636279284954 16
      vertex 1.2484425082802773 42.98916306346655 16
    endloop
  endfacet
  facet normal -0.740951127390583 0.6715589526010534 0
    outer loop
      vertex 1.2484425082802773 42.98916306346655 0
      vertex 1.2484425082802773 42.98916306346655 16
      vertex 1.6109127029776573 43.38908729702234 16
    endloop
  endfacet
  facet normal -0.6715589526010534 0.740951127390583 0
    outer loop
      vertex 1.6109127029776573 43.38908729702234 0
      vertex 1.6109127029776573 43.38908729702234 16
      vertex 2.010836936533451 43.75155749171972 16
    endloop
  endfacet
  facet normal -0.5956993000136875 0.803207534802309 0
    outer loop
      vertex 2.010836936533451 43.75155749171972 0
      vertex 2.010836936533451 43.75155749171972 16
      vertex 2.444363720715046 44.073082864284515 16
    endloop
  endfacet
  facet normal -0.5141027529519028 0.8577286047505206 0
    outer loop
      vertex 2.444363720715046 44.073082864284515 0
      vertex 2.444363720715046 44.073082864284515 16
      vertex 2.9073179438710213 44.35056695342064 16
    endloop
  endfacet
  facet normal -0.42755509494543203 0.9039892924068307 0
    outer loop
      vertex 2.9073179438710213 44.35056695342064 0
      vertex 2.9073179438710213 44.35056695342064 16
      vertex 3.395241118967533 44.58133742958307 16
    endloop
  endfacet
  facet normal -0.3368898456306435 0.9415440679601573 0
    outer loop
      vertex 3.395241118967533 44.58133742958307 0
      vertex 3.395241118967533 44.58133742958307 16
      vertex 3.9034342765808105 44.7631718441844 16
    endloop
  endfacet
  facet normal -0.24298018599508475 0.9700312516686223 0
    outer loop
      vertex 3.9034342765808105 44.7631718441844 0
      vertex 3.9034342765808105 44.7631718441844 16
      vertex 4.427003227174282 44.89431904256344 16
    endloop
  endfacet
  facet normal -0.14673046932518705 0.9891765107257705 0
    outer loop
      vertex 4.427003227174282 44.89431904256344 0
      vertex 4.427003227174282 44.89431904256344 16
      vertex 4.960905730724335 44.97351599484682 16
    endloop
  endfacet
  facet normal -0.049067677977549365 0.998795456025853 0
    outer loop
      vertex 4.960905730724335 44.97351599484682 0
      vertex 4.960905730724335 44.97351599484682 16
      vertex 5.5 45 16
    endloop
  endfacet
  facet normal 0.049067677977549365 0.998795456025853 0
    outer loop
      vertex 5.5 45 0
      vertex 5.5 45 16
      vertex 6.039094269275665 44.97351599484682 16
    endloop
  endfacet
  facet normal 0.14673046932518705 0.9891765107257705 0
    outer loop
      vertex 6.039094269275665 44.97351599484682 0
      vertex 6.039094269275665 44.97351599484682 16
      vertex 6.572996772825718 44.89431904256344 16
    endloop
  endfacet
  facet normal 0.24298018599508475 0.9700312516686223 0
    outer loop
      vertex 6.572996772825718 44.89431904256344 0
      vertex 6.572996772825718 44.89431904256344 16
      vertex 7.0965657234191895 44.7631718441844 16
    endloop
  endfacet
  facet normal 0.3368898456306435 0.9415440679601573 0
    outer loop
      vertex 7.0965657234191895 44.7631718441844 0
      vertex 7.0965657234191895 44.7631718441844 16
      vertex 7.604758881032467 44.58133742958307 16
    endloop
  endfacet
  facet normal 0.42755509494543203 0.9039892924068307 0
    outer loop
      vertex 7.604758881032467 44.58133742958307 0
      vertex 7.604758881032467 44.58133742958307 16
      vertex 8.092682056128979 44.35056695342064 16
    endloop
  endfacet
  facet normal 0.5141027529519028 0.8577286047505206 0
    outer loop
      vertex 8.092682056128979 44.35056695342064 0
      vertex 8.092682056128979 44.35056695342064 16
      vertex 8.555636279284954 44.073082864284515 16
    endloop
  endfacet
  facet normal 0 0 1
    outer loop
      vertex 2.444363720715046 44.073082864284515 16
      vertex 8.555636279284954 44.073082864284515 16
      vertex 2.9073179438710213 44.35056695342064 16
    endloop
  endfacet
  facet normal 0 0 1
    outer loop
      vertex 2.9073179438710213 44.35056695342064 16
      vertex 8.092682056128979 44.35056695342064 16
      vertex 3.395241118967533 44.58133742958307 16
    endloop
  endfacet
  facet normal 0 0 1
    outer loop
      vertex 3.395241118967533 44.58133742958307 16
      vertex 7.604758881032467 44.58133742958307 16
      vertex 3.9034342765808105 44.7631718441844 16
    endloop
  endfacet
  facet normal 0 0 1
    outer loop
      vertex 3.9034342765808105 44.7631718441844 16
      vertex 7.0965657234191895 44.7631718441844 16
      vertex 4.427003227174282 44.89431904256344 16
    endloop
  endfacet
  facet normal 0 0 1
    outer loop
      vertex 4.427003227174282 44.89431904256344 16
      vertex 6.572996772825718 44.89431904256344 16
      vertex 4.960905730724335 44.97351599484682 16
    endloop
  endfacet
  facet normal 0 0 1
    outer loop
      vertex 4.960905730724335 44.97351599484682 16
      vertex 6.039094269275665 44.97351599484682 16
      vertex 5.5 45 16
    endloop
  endfacet
  facet normal 0 0 1
    outer loop
      vertex 4.960905730724335 44.97351599484682 16
      vertex 6.572996772825718 44.89431904256344 16
      vertex 6.039094269275665 44.97351599484682 16
    endloop
  endfacet
  facet normal 0 0 1
    outer loop
      vertex 2.9073179438710213 44.35056695342064 16
      vertex 8.555636279284954 44.073082864284515 16
      vertex 8.092682056128979 44.35056695342064 16
    endloop
  endfacet
  facet normal 0 0 1
    outer loop
      vertex 4.427003227174282 44.89431904256344 16
      vertex 7.0965657234191895 44.7631718441844 16
      vertex 6.572996772825718 44.89431904256344 16
    endloop
  endfacet
  facet normal 0 0 1
    outer loop
      vertex 3.9034342765808105 44.7631718441844 16
      vertex 7.604758881032467 44.58133742958307 16
      vertex 7.0965657234191895 44.7631718441844 16
    endloop
  endfacet
  facet normal 0 0 1
    outer loop
      vertex 3.395241118967533 44.58133742958307 16
      vertex 8.092682056128979 44.35056695342064 16
      vertex 7.604758881032467 44.58133742958307 16
    endloop
  endfacet
  facet normal 0 0 1
    outer loop
      vertex 0 5.5 16
      vertex 35 24 16
      vertex 0 39.5 16
    endloop
  endfacet
  facet normal 0.5734825300530256 0.8192177901657046 0
    outer loop
      vertex 8.555636279284954 44.073082864284515 0
      vertex 8.555636279284954 44.073082864284515 16
      vertex 33.66671069711447 26.49440883845091 16
    endloop
  endfacet
  facet normal 0 0 1
    outer loop
      vertex 0 39.5 16
      vertex 34.98555418103933 24.29405142366886 16
      vertex 0.02648400515317917 40.039094269275665 16
    endloop
  endfacet
  facet normal 0 0 1
    outer loop
      vertex 0.02648400515317917 40.039094269275665 16
      vertex 34.94235584139824 24.58527096360922 16
      vertex 0.10568095743656158 40.57299677282572 16
    endloop
  endfacet
  facet normal 0 0 1
    outer loop
      vertex 0.10568095743656158 40.57299677282572 16
      vertex 34.87082100659609 24.870854035019875 16
      vertex 0.23682815581560135 41.09656572341919 16
    endloop
  endfacet
  facet normal 0 0 1
    outer loop
      vertex 0.23682815581560135 41.09656572341919 16
      vertex 34.771638594567776 25.14805030077696 16
      vertex 0.41866257041692734 41.60475888103247 16
    endloop
  endfacet
  facet normal 0 0 1
    outer loop
      vertex 0.41866257041692734 41.60475888103247 16
      vertex 34.64576379209757 25.414190210402012 16
      vertex 0.649433046579361 42.09268205612898 16
    endloop
  endfacet
  facet normal 0 0 1
    outer loop
      vertex 0.649433046579361 42.09268205612898 16
      vertex 34.49440883845091 25.666710697114468 16
      vertex 0.9269171357154846 42.555636279284954 16
    endloop
  endfacet
  facet normal 0 0 1
    outer loop
      vertex 0.9269171357154846 42.555636279284954 16
      vertex 34.3190313577652 25.903179854154587 16
      vertex 1.2484425082802773 42.98916306346655 16
    endloop
  endfacet
  facet normal 0 0 1
    outer loop
      vertex 1.2484425082802773 42.98916306346655 16
      vertex 34.121320344507694 26.121320344507694 16
      vertex 1.6109127029776573 43.38908729702234 16
    endloop
  endfacet
  facet normal 0 0 1
    outer loop
      vertex 1.6109127029776573 43.38908729702234 16
      vertex 33.90317985415459 26.319031357765198 16
      vertex 2.010836936533451 43.75155749171972 16
    endloop
  endfacet
  facet normal 0 0 1
    outer loop
      vertex 2.010836936533451 43.75155749171972 16
      vertex 33.66671069711447 26.49440883845091 16
      vertex 2.444363720715046 44.073082864284515 16
    endloop
  endfacet
  facet normal 0 0 1
    outer loop
      vertex 2.444363720715046 44.073082864284515 16
      vertex 33.66671069711447 26.49440883845091 16
      vertex 8.555636279284954 44.073082864284515 16
    endloop
  endfacet
  facet normal 0 0 -1
    outer loop
      vertex 4.427003227174282 0.10568095743656158 0
      vertex 27.30628104507923 3.693768486380577 0
      vertex 26.877906449139118 3.5864662379026413 0
    endloop
  endfacet
  facet normal 0 0 -1
    outer loop
      vertex 3.9034342765808105 0.23682815581560135 0
      vertex 27.722075447440147 3.842542104423046 0
      vertex 27.30628104507923 3.693768486380577 0
    endloop
  endfacet
  facet normal 0 0 -1
    outer loop
      vertex 3.395241118967533 0.41866257041692734 0
      vertex 28.121285319328308 4.031354308128357 0
      vertex 27.722075447440147 3.842542104423046 0
    endloop
  endfacet
  facet normal 0 0 -1
    outer loop
      vertex 2.9073179438710213 0.649433046579361 0
      vertex 28.50006604939699 4.258386746048927 0
      vertex 28.121285319328308 4.031354308128357 0
    endloop
  endfacet
  facet normal 0 0 -1
    outer loop
      vertex 2.444363720715046 0.9269171357154846 0
      vertex 28.85476978123188 4.521452963352203 0
      vertex 28.50006604939699 4.258386746048927 0
    endloop
  endfacet
  facet normal 0 0 -1
    outer loop
      vertex 2.010836936533451 1.2484425082802773 0
      vertex 29.18198051303625 4.818019486963749 0
      vertex 28.85476978123188 4.521452963352203 0
    endloop
  endfacet
  facet normal 0 0 -1
    outer loop
      vertex 1.6109127029776573 1.6109127029776573 0
      vertex 29.478547036647797 5.14523021876812 0
      vertex 29.18198051303625 4.818019486963749 0
    endloop
  endfacet
  facet normal 0 0 -1
    outer loop
      vertex 1.2484425082802773 2.010836936533451 0
      vertex 29.741613253951073 5.499933950603008 0
      vertex 29.478547036647797 5.14523021876812 0
    endloop
  endfacet
  facet normal 0 0 -1
    outer loop
      vertex 0.9269171357154846 2.444363720715046 0
      vertex 29.968645691871643 5.878714680671692 0
      vertex 29.741613253951073 5.499933950603008 0
    endloop
  endfacet
  facet normal 0 0 -1
    outer loop
      vertex 0.649433046579361 2.9073179438710213 0
      vertex 30.157457895576954 6.277924552559853 0
      vertex 29.968645691871643 5.878714680671692 0
    endloop
  endfacet
  facet normal 0 0 -1
    outer loop
      vertex 0.41866257041692734 3.395241118967533 0
      vertex 30.306231513619423 6.693718954920769 0
      vertex 30.157457895576954 6.277924552559853 0
    endloop
  endfacet
  facet normal 0 0 -1
    outer loop
      vertex 0.23682815581560135 3.9034342765808105 0
      vertex 34.87082100659609 23.129145964980125 0
      vertex 30.306231513619423 6.693718954920769 0
    endloop
  endfacet
  facet normal 0 0 -1
    outer loop
      vertex 0.10568095743656158 4.427003227174282 0
      vertex 34.94235584139824 23.41472903639078 0
      vertex 34.87082100659609 23.129145964980125 0
    endloop
  endfacet
  facet normal 0 0 -1
    outer loop
      vertex 0.02648400515317917 4.960905730724335 0
      vertex 34.98555418103933 23.70594857633114 0
      vertex 34.94235584139824 23.41472903639078 0
    endloop
  endfacet
  facet normal 0 0 -1
    outer loop
      vertex 0 5.5 0
      vertex 35 24 0
      vertex 34.98555418103933 23.70594857633114 0
    endloop
  endfacet
  facet normal 0.24298017589258278 -0.9700312541991672 0
    outer loop
      vertex 26.877906449139118 3.5864662379026413 0
      vertex 27.30628104507923 3.693768486380577 0
      vertex 26.877906449139118 3.5864662379026413 16
    endloop
  endfacet
  facet normal 0.3368898573813714 -0.9415440637556796 0
    outer loop
      vertex 27.30628104507923 3.693768486380577 0
      vertex 27.722075447440147 3.842542104423046 0
      vertex 27.30628104507923 3.693768486380577 16
    endloop
  endfacet
  facet normal 0.4275550862394775 -0.9039892965244406 0
    outer loop
      vertex 27.722075447440147 3.842542104423046 0
      vertex 28.121285319328308 4.031354308128357 0
      vertex 27.722075447440147 3.842542104423046 16
    endloop
  endfacet
  facet normal 0.5141027531796899 -0.8577286046139903 0
    outer loop
      vertex 28.121285319328308 4.031354308128357 0
      vertex 28.50006604939699 4.258386746048927 0
      vertex 28.121285319328308 4.031354308128357 16
    endloop
  endfacet
  facet normal 0.5956993056950403 -0.8032075305887308 0
    outer loop
      vertex 28.50006604939699 4.258386746048927 0
      vertex 28.85476978123188 4.521452963352203 0
      vertex 28.50006604939699 4.258386746048927 16
    endloop
  endfacet
  facet normal 0.6715589587854408 -0.7409511217853811 0
    outer loop
      vertex 28.85476978123188 4.521452963352203 0
      vertex 29.18198051303625 4.818019486963749 0
      vertex 28.85476978123188 4.521452963352203 16
    endloop
  endfacet
  facet normal 0.7409511217853811 -0.6715589587854408 0
    outer loop
      vertex 29.18198051303625 4.818019486963749 0
      vertex 29.478547036647797 5.14523021876812 0
      vertex 29.18198051303625 4.818019486963749 16
    endloop
  endfacet
  facet normal 0.8032075305887308 -0.5956993056950403 0
    outer loop
      vertex 29.478547036647797 5.14523021876812 0
      vertex 29.741613253951073 5.499933950603008 0
      vertex 29.478547036647797 5.14523021876812 16
    endloop
  endfacet
  facet normal 0.8577286046139903 -0.5141027531796899 0
    outer loop
      vertex 29.741613253951073 5.499933950603008 0
      vertex 29.968645691871643 5.878714680671692 0
      vertex 29.741613253951073 5.499933950603008 16
    endloop
  endfacet
  facet normal 0.9039892965244406 -0.4275550862394775 0
    outer loop
      vertex 29.968645691871643 5.878714680671692 0
      vertex 30.157457895576954 6.277924552559853 0
      vertex 29.968645691871643 5.878714680671692 16
    endloop
  endfacet
  facet normal 0.9415440637556796 -0.3368898573813714 0
    outer loop
      vertex 30.157457895576954 6.277924552559853 0
      vertex 30.306231513619423 6.693718954920769 0
      vertex 30.157457895576954 6.277924552559853 16
    endloop
  endfacet
  facet normal 0.9635301075214855 -0.26759994749557564 0
    outer loop
      vertex 30.306231513619423 6.693718954920769 0
      vertex 34.87082100659609 23.129145964980125 0
      vertex 30.306231513619423 6.693718954920769 16
    endloop
  endfacet
  facet normal 0.1689611565723474 -0.9856227105590326 0
    outer loop
      vertex 6.572996772825718 0.10568095743656158 16
      vertex 26.877906449139118 3.5864662379026413 0
      vertex 26.877906449139118 3.5864662379026413 16
    endloop
  endfacet
  facet normal 0 0 1
    outer loop
      vertex 4.427003227174282 0.10568095743656158 16
      vertex 26.877906449139118 3.5864662379026413 16
      vertex 27.30628104507923 3.693768486380577 16
    endloop
  endfacet
  facet normal 0 0 1
    outer loop
      vertex 3.9034342765808105 0.23682815581560135 16
      vertex 27.30628104507923 3.693768486380577 16
      vertex 27.722075447440147 3.842542104423046 16
    endloop
  endfacet
  facet normal 0 0 1
    outer loop
      vertex 3.395241118967533 0.41866257041692734 16
      vertex 27.722075447440147 3.842542104423046 16
      vertex 28.121285319328308 4.031354308128357 16
    endloop
  endfacet
  facet normal 0 0 1
    outer loop
      vertex 2.9073179438710213 0.649433046579361 16
      vertex 28.121285319328308 4.031354308128357 16
      vertex 28.50006604939699 4.258386746048927 16
    endloop
  endfacet
  facet normal 0 0 1
    outer loop
      vertex 2.444363720715046 0.9269171357154846 16
      vertex 28.50006604939699 4.258386746048927 16
      vertex 28.85476978123188 4.521452963352203 16
    endloop
  endfacet
  facet normal 0 0 1
    outer loop
      vertex 2.010836936533451 1.2484425082802773 16
      vertex 28.85476978123188 4.521452963352203 16
      vertex 29.18198051303625 4.818019486963749 16
    endloop
  endfacet
  facet normal 0 0 1
    outer loop
      vertex 1.6109127029776573 1.6109127029776573 16
      vertex 29.18198051303625 4.818019486963749 16
      vertex 29.478547036647797 5.14523021876812 16
    endloop
  endfacet
  facet normal 0 0 1
    outer loop
      vertex 1.2484425082802773 2.010836936533451 16
      vertex 29.478547036647797 5.14523021876812 16
      vertex 29.741613253951073 5.499933950603008 16
    endloop
  endfacet
  facet normal 0 0 1
    outer loop
      vertex 0.9269171357154846 2.444363720715046 16
      vertex 29.741613253951073 5.499933950603008 16
      vertex 29.968645691871643 5.878714680671692 16
    endloop
  endfacet
  facet normal 0 0 1
    outer loop
      vertex 0.649433046579361 2.9073179438710213 16
      vertex 29.968645691871643 5.878714680671692 16
      vertex 30.157457895576954 6.277924552559853 16
    endloop
  endfacet
  facet normal 0 0 1
    outer loop
      vertex 0.41866257041692734 3.395241118967533 16
      vertex 30.157457895576954 6.277924552559853 16
      vertex 30.306231513619423 6.693718954920769 16
    endloop
  endfacet
  facet normal 0 0 1
    outer loop
      vertex 0.23682815581560135 3.9034342765808105 16
      vertex 30.306231513619423 6.693718954920769 16
      vertex 34.87082100659609 23.129145964980125 16
    endloop
  endfacet
  facet normal 0 0 1
    outer loop
      vertex 0.10568095743656158 4.427003227174282 16
      vertex 34.87082100659609 23.129145964980125 16
      vertex 34.94235584139824 23.41472903639078 16
    endloop
  endfacet
  facet normal 0 0 1
    outer loop
      vertex 0.02648400515317917 4.960905730724335 16
      vertex 34.94235584139824 23.41472903639078 16
      vertex 34.98555418103933 23.70594857633114 16
    endloop
  endfacet
  facet normal 0 0 1
    outer loop
      vertex 0 5.5 16
      vertex 34.98555418103933 23.70594857633114 16
      vertex 35 24 16
    endloop
  endfacet
  facet normal 0.24298017589258278 -0.9700312541991672 0
    outer loop
      vertex 27.30628104507923 3.693768486380577 0
      vertex 27.30628104507923 3.693768486380577 16
      vertex 26.877906449139118 3.5864662379026413 16
    endloop
  endfacet
  facet normal 0.3368898573813714 -0.9415440637556796 0
    outer loop
      vertex 27.722075447440147 3.842542104423046 0
      vertex 27.722075447440147 3.842542104423046 16
      vertex 27.30628104507923 3.693768486380577 16
    endloop
  endfacet
  facet normal 0.4275550862394775 -0.9039892965244406 0
    outer loop
      vertex 28.121285319328308 4.031354308128357 0
      vertex 28.121285319328308 4.031354308128357 16
      vertex 27.722075447440147 3.842542104423046 16
    endloop
  endfacet
  facet normal 0.5141027531796899 -0.8577286046139903 0
    outer loop
      vertex 28.50006604939699 4.258386746048927 0
      vertex 28.50006604939699 4.258386746048927 16
      vertex 28.121285319328308 4.031354308128357 16
    endloop
  endfacet
  facet normal 0.5956993056950403 -0.8032075305887308 0
    outer loop
      vertex 28.85476978123188 4.521452963352203 0
      vertex 28.85476978123188 4.521452963352203 16
      vertex 28.50006604939699 4.258386746048927 16
    endloop
  endfacet
  facet normal 0.6715589587854408 -0.7409511217853811 0
    outer loop
      vertex 29.18198051303625 4.818019486963749 0
      vertex 29.18198051303625 4.818019486963749 16
      vertex 28.85476978123188 4.521452963352203 16
    endloop
  endfacet
  facet normal 0.7409511217853811 -0.6715589587854408 0
    outer loop
      vertex 29.478547036647797 5.14523021876812 0
      vertex 29.478547036647797 5.14523021876812 16
      vertex 29.18198051303625 4.818019486963749 16
    endloop
  endfacet
  facet normal 0.8032075305887308 -0.5956993056950403 0
    outer loop
      vertex 29.741613253951073 5.499933950603008 0
      vertex 29.741613253951073 5.499933950603008 16
      vertex 29.478547036647797 5.14523021876812 16
    endloop
  endfacet
  facet normal 0.8577286046139903 -0.5141027531796899 0
    outer loop
      vertex 29.968645691871643 5.878714680671692 0
      vertex 29.968645691871643 5.878714680671692 16
      vertex 29.741613253951073 5.499933950603008 16
    endloop
  endfacet
  facet normal 0.9039892965244406 -0.4275550862394775 0
    outer loop
      vertex 30.157457895576954 6.277924552559853 0
      vertex 30.157457895576954 6.277924552559853 16
      vertex 29.968645691871643 5.878714680671692 16
    endloop
  endfacet
  facet normal 0.9415440637556796 -0.3368898573813714 0
    outer loop
      vertex 30.306231513619423 6.693718954920769 0
      vertex 30.306231513619423 6.693718954920769 16
      vertex 30.157457895576954 6.277924552559853 16
    endloop
  endfacet
  facet normal 0.9635301075214855 -0.26759994749557564 0
    outer loop
      vertex 30.306231513619423 6.693718954920769 16
      vertex 34.87082100659609 23.129145964980125 0
      vertex 34.87082100659609 23.129145964980125 16
    endloop
  endfacet
  facet normal 0 0 -1
    outer loop
      vertex 0 39.5 0
      vertex 34.98555418103933 24.29405142366886 0
      vertex 35 24 0
    endloop
  endfacet
  facet normal 0 0 -1
    outer loop
      vertex 0.02648400515317917 40.039094269275665 0
      vertex 34.94235584139824 24.58527096360922 0
      vertex 34.98555418103933 24.29405142366886 0
    endloop
  endfacet
  facet normal 0 0 -1
    outer loop
      vertex 0.10568095743656158 40.57299677282572 0
      vertex 34.87082100659609 24.870854035019875 0
      vertex 34.94235584139824 24.58527096360922 0
    endloop
  endfacet
  facet normal 0 0 -1
    outer loop
      vertex 0.23682815581560135 41.09656572341919 0
      vertex 34.771638594567776 25.14805030077696 0
      vertex 34.87082100659609 24.870854035019875 0
    endloop
  endfacet
  facet normal 0 0 -1
    outer loop
      vertex 0.41866257041692734 41.60475888103247 0
      vertex 34.64576379209757 25.414190210402012 0
      vertex 34.771638594567776 25.14805030077696 0
    endloop
  endfacet
  facet normal 0 0 -1
    outer loop
      vertex 0.649433046579361 42.09268205612898 0
      vertex 34.49440883845091 25.666710697114468 0
      vertex 34.64576379209757 25.414190210402012 0
    endloop
  endfacet
  facet normal 0 0 -1
    outer loop
      vertex 0.9269171357154846 42.555636279284954 0
      vertex 34.3190313577652 25.903179854154587 0
      vertex 34.49440883845091 25.666710697114468 0
    endloop
  endfacet
  facet normal 0 0 -1
    outer loop
      vertex 1.2484425082802773 42.98916306346655 0
      vertex 34.121320344507694 26.121320344507694 0
      vertex 34.3190313577652 25.903179854154587 0
    endloop
  endfacet
  facet normal 0 0 -1
    outer loop
      vertex 1.6109127029776573 43.38908729702234 0
      vertex 33.90317985415459 26.319031357765198 0
      vertex 34.121320344507694 26.121320344507694 0
    endloop
  endfacet
  facet normal 0 0 -1
    outer loop
      vertex 2.010836936533451 43.75155749171972 0
      vertex 33.66671069711447 26.49440883845091 0
      vertex 33.90317985415459 26.319031357765198 0
    endloop
  endfacet
  facet normal 0.5734825300530256 0.8192177901657046 -4.017107732839522e-16
    outer loop
      vertex 8.555636279284954 44.073082864284515 0
      vertex 31.039920699771276 28.333258277120507 4.61637192931453
      vertex 33.66671069711447 26.49440883845091 0
    endloop
  endfacet
  facet normal 0.5734825300530242 0.8192177901657056 1.4209057431924888e-14
    outer loop
      vertex 8.555636279284954 44.073082864284515 0
      vertex 30.568447116982064 28.663307094854837 4.665330046629016
      vertex 31.039920699771276 28.333258277120507 4.61637192931453
    endloop
  endfacet
  facet normal 0.5734825300530257 0.8192177901657046 0
    outer loop
      vertex 8.555636279284954 44.073082864284515 0
      vertex 28.081640459798738 30.40416305603426 5.595836943965738
      vertex 28.434801779566868 30.156937166156396 5.371764458566695
    endloop
  endfacet
  facet normal 0.5734825300530252 0.8192177901657051 0
    outer loop
      vertex 8.555636279284954 44.073082864284515 0
      vertex 27.76155369741982 30.628235541433305 5.8430628338436055
      vertex 28.081640459798738 30.40416305603426 5.595836943965738
    endloop
  endfacet
  facet normal 0.5734825300530257 0.8192177901657046 -3.4209488440346823e-15
    outer loop
      vertex 8.555636279284954 44.073082864284515 0
      vertex 27.47762410292906 30.826996681828653 6.111061207733353
      vertex 27.76155369741982 30.628235541433305 5.8430628338436055
    endloop
  endfacet
  facet normal 0.5734825300530244 0.8192177901657056 0
    outer loop
      vertex 8.555636279284954 44.073082864284515 0
      vertex 28.817636520157247 29.888938792266647 5.173003318171347
      vertex 29.226457773739213 29.602748905208394 5.001467701215593
    endloop
  endfacet
  facet normal 0.5734825300530249 0.8192177901657053 1.0229000852411588e-14
    outer loop
      vertex 8.555636279284954 44.073082864284515 0
      vertex 29.65732836815635 29.301123670041306 4.858809589461625
      vertex 30.1060987840466 28.98696790266517 4.74640285851049
    endloop
  endfacet
  facet normal 0.5734825300530273 0.8192177901657035 0
    outer loop
      vertex 8.555636279284954 44.073082864284515 0
      vertex 29.226457773739213 29.602748905208394 5.001467701215593
      vertex 29.65732836815635 29.301123670041306 4.858809589461625
    endloop
  endfacet
  facet normal 0.5734825300530247 0.8192177901657053 7.751237849919195e-15
    outer loop
      vertex 8.555636279284954 44.073082864284515 0
      vertex 28.434801779566868 30.156937166156396 5.371764458566695
      vertex 28.817636520157247 29.888938792266647 5.173003318171347
    endloop
  endfacet
  facet normal 0.5734825300530256 0.8192177901657047 -1.1814129392630907e-14
    outer loop
      vertex 8.555636279284954 44.073082864284515 0
      vertex 30.1060987840466 28.98696790266517 4.74640285851049
      vertex 30.568447116982064 28.663307094854837 4.665330046629016
    endloop
  endfacet
  facet normal 0.5734825300530257 0.8192177901657047 -3.4549135313807903e-15
    outer loop
      vertex 8.555636279284954 44.073082864284515 0
      vertex 26.752414608577684 31.334669953370984 7.3366929051451635
      vertex 26.868226837044205 31.25359714148951 7.013032097334828
    endloop
  endfacet
  facet normal 0.5734825300530263 0.8192177901657043 3.3682192645262333e-15
    outer loop
      vertex 8.555636279284954 44.073082864284515 0
      vertex 27.232586073533096 30.998532298784408 6.397251094791608
      vertex 27.47762410292906 30.826996681828653 6.111061207733353
    endloop
  endfacet
  facet normal 0.5734825300530267 0.819217790165704 -3.356377251803782e-15
    outer loop
      vertex 8.555636279284954 44.073082864284515 0
      vertex 27.028799459406436 31.141190410538375 6.698876329958695
      vertex 27.232586073533096 30.998532298784408 6.397251094791608
    endloop
  endfacet
  facet normal 0.5734825300530253 0.8192177901657051 3.384679196214102e-15
    outer loop
      vertex 8.555636279284954 44.073082864284515 0
      vertex 26.868226837044205 31.25359714148951 7.013032097334828
      vertex 27.028799459406436 31.141190410538375 6.698876329958695
    endloop
  endfacet
  facet normal 0.5734825300530257 0.8192177901657046 0
    outer loop
      vertex 8.555636279284954 44.073082864284515 0
      vertex 26.682478109076406 31.383628070685468 7.666741722879494
      vertex 26.752414608577684 31.334669953370984 7.3366929051451635
    endloop
  endfacet
  facet normal 0.5734825300530252 0.8192177901657048 0
    outer loop
      vertex 8.555636279284954 44.073082864284515 0
      vertex 26.659090865261746 31.4 8
      vertex 26.682478109076406 31.383628070685468 7.666741722879494
    endloop
  endfacet
  facet normal 0.5734825300530259 0.8192177901657044 0
    outer loop
      vertex 8.555636279284954 44.073082864284515 0
      vertex 26.682478109076406 31.383628070685468 8.333258277120507
      vertex 26.659090865261746 31.4 8
    endloop
  endfacet
  facet normal 0.5734825300530243 0.8192177901657057 0
    outer loop
      vertex 8.555636279284954 44.073082864284515 0
      vertex 26.752414608577684 31.334669953370984 8.663307094854837
      vertex 26.682478109076406 31.383628070685468 8.333258277120507
    endloop
  endfacet
  facet normal 0.5734825300530234 0.8192177901657062 4.7651038398374625e-15
    outer loop
      vertex 8.555636279284954 44.073082864284515 0
      vertex 26.868226837044205 31.25359714148951 8.986967902665171
      vertex 26.752414608577684 31.334669953370984 8.663307094854837
    endloop
  endfacet
  facet normal 0.5734825300530257 0.8192177901657047 -5.402289434669045e-15
    outer loop
      vertex 8.555636279284954 44.073082864284515 0
      vertex 27.028799459406436 31.141190410538375 9.301123670041305
      vertex 26.868226837044205 31.25359714148951 8.986967902665171
    endloop
  endfacet
  facet normal 0.5734825300530264 0.8192177901657042 6.3330326783832065e-15
    outer loop
      vertex 8.555636279284954 44.073082864284515 0
      vertex 27.232586073533096 30.998532298784408 9.602748905208392
      vertex 27.028799459406436 31.141190410538375 9.301123670041305
    endloop
  endfacet
  facet normal 0.5734825300530284 0.8192177901657027 -7.781641490513926e-15
    outer loop
      vertex 8.555636279284954 44.073082864284515 0
      vertex 27.47762410292906 30.826996681828653 9.888938792266647
      vertex 27.232586073533096 30.998532298784408 9.602748905208392
    endloop
  endfacet
  facet normal 0.5734825300530235 0.8192177901657063 1.0287444991195726e-14
    outer loop
      vertex 8.555636279284954 44.073082864284515 0
      vertex 27.76155369741982 30.628235541433305 10.156937166156395
      vertex 27.47762410292906 30.826996681828653 9.888938792266647
    endloop
  endfacet
  facet normal 0.5734825300530252 0.8192177901657052 -2.5320943714598432e-15
    outer loop
      vertex 8.555636279284954 44.073082864284515 0
      vertex 31.515978984078295 28 13.100000001490116
      vertex 27.76155369741982 30.628235541433305 10.156937166156395
    endloop
  endfacet
  facet normal 0.5956993071010399 0.8032075295459703 -2.7332165389567053e-16
    outer loop
      vertex 33.90317985415459 26.319031357765198 0
      vertex 33.66671069711447 26.49440883845091 0
      vertex 33.797712748536384 26.397251094791606 5.001467701215593
    endloop
  endfacet
  facet normal 0.7409511297873682 0.6715589499566086 0
    outer loop
      vertex 34.3190313577652 25.903179854154587 0
      vertex 34.121320344507694 26.121320344507694 0
      vertex 34.3190313577652 25.903179854154587 5.327178637612807
    endloop
  endfacet
  facet normal 0.8032075295459705 0.59569930710104 0
    outer loop
      vertex 34.3190313577652 25.903179854154587 0
      vertex 34.49440883845091 25.666710697114468 5.5316007184416245
      vertex 34.49440883845091 25.666710697114468 0
    endloop
  endfacet
  facet normal 0.6715589499566086 0.7409511297873681 0
    outer loop
      vertex 33.90317985415459 26.319031357765198 0
      vertex 34.121320344507694 26.121320344507694 5.166854228229319
      vertex 34.121320344507694 26.121320344507694 0
    endloop
  endfacet
  facet normal 0.8577286120536308 0.5141027407673996 0
    outer loop
      vertex 34.64576379209757 25.414190210402012 0
      vertex 34.49440883845091 25.666710697114468 0
      vertex 34.64576379209757 25.414190210402012 5.796253230100671
    endloop
  endfacet
  facet normal 0.5734825300530254 0.819217790165705 -3.3769260619274245e-16
    outer loop
      vertex 33.66671069711447 26.49440883845091 0
      vertex 31.039920699771276 28.333258277120507 4.61637192931453
      vertex 31.515978984078295 28 4.6
    endloop
  endfacet
  facet normal 0.5734825300530255 0.8192177901657046 -4.905070708384376e-16
    outer loop
      vertex 33.66671069711447 26.49440883845091 0
      vertex 31.515978984078295 28 4.6
      vertex 31.992037268385314 27.666741722879493 4.61637192931453
    endloop
  endfacet
  facet normal 0.5734825300530244 0.8192177901657055 -8.859614608862875e-16
    outer loop
      vertex 33.66671069711447 26.49440883845091 0
      vertex 31.992037268385314 27.666741722879493 4.61637192931453
      vertex 32.463510851174526 27.336692905145163 4.665330046629016
    endloop
  endfacet
  facet normal 0.9039892934402849 0.4275550927603769 -3.471118216728985e-16
    outer loop
      vertex 34.771638594567776 25.14805030077696 0
      vertex 34.64576379209757 25.414190210402012 0
      vertex 34.75983669631066 25.173003318171347 6.111061207733353
    endloop
  endfacet
  facet normal 0.9415440627982695 0.3368898600571533 -1.2894905624253115e-17
    outer loop
      vertex 34.87082100659609 24.870854035019875 0
      vertex 34.771638594567776 25.14805030077696 0
      vertex 34.82408668850645 25.001467701215592 6.397251094791608
    endloop
  endfacet
  facet normal 0.9700312537050005 0.24298017786540688 -1.2287813543215058e-16
    outer loop
      vertex 34.94235584139824 24.58527096360922 0
      vertex 34.87082100659609 24.870854035019875 0
      vertex 34.92230208523565 24.665330046629016 7.3366929051451635
    endloop
  endfacet
  facet normal 0.5734825300530301 0.8192177901657016 0
    outer loop
      vertex 33.66671069711447 26.49440883845091 0
      vertex 33.37462960000024 26.698876329958694 4.858809589461625
      vertex 33.66671069711447 26.49440883845091 4.955515510759665
    endloop
  endfacet
  facet normal 0.5956993071010483 0.8032075295459641 0
    outer loop
      vertex 33.90317985415459 26.319031357765198 0
      vertex 33.797712748536384 26.397251094791606 5.001467701215593
      vertex 33.90317985415459 26.319031357765198 5.048350807347889
    endloop
  endfacet
  facet normal 0.5956993071010331 0.8032075295459754 0
    outer loop
      vertex 33.66671069711447 26.49440883845091 0
      vertex 33.66671069711447 26.49440883845091 4.955515510759665
      vertex 33.797712748536384 26.397251094791606 5.001467701215593
    endloop
  endfacet
  facet normal 0.5734825300530274 0.8192177901657034 2.420472445939388e-16
    outer loop
      vertex 33.66671069711447 26.49440883845091 0
      vertex 32.463510851174526 27.336692905145163 4.665330046629016
      vertex 32.92585918410999 27.01303209733483 4.74640285851049
    endloop
  endfacet
  facet normal 0.573482530053024 0.8192177901657058 -5.444787132268851e-16
    outer loop
      vertex 33.66671069711447 26.49440883845091 0
      vertex 32.92585918410999 27.01303209733483 4.74640285851049
      vertex 33.37462960000024 26.698876329958694 4.858809589461625
    endloop
  endfacet
  facet normal 0.6715589499566086 0.7409511297873681 0
    outer loop
      vertex 33.90317985415459 26.319031357765198 0
      vertex 33.90317985415459 26.319031357765198 5.048350807347889
      vertex 34.121320344507694 26.121320344507694 5.166854228229319
    endloop
  endfacet
  facet normal 0.7409511297873413 0.6715589499566383 0
    outer loop
      vertex 34.121320344507694 26.121320344507694 0
      vertex 34.121320344507694 26.121320344507694 5.166854228229319
      vertex 34.130618683956364 26.111061207733353 5.173003318171347
    endloop
  endfacet
  facet normal 0.8032075295459679 0.5956993071010435 0
    outer loop
      vertex 34.3190313577652 25.903179854154587 0
      vertex 34.3190313577652 25.903179854154587 5.327178637612807
      vertex 34.36361717902172 25.843062833843604 5.371764458566695
    endloop
  endfacet
  facet normal 0.8032075295459712 0.5956993071010388 -8.172419639105435e-17
    outer loop
      vertex 34.3190313577652 25.903179854154587 0
      vertex 34.36361717902172 25.843062833843604 5.371764458566695
      vertex 34.49440883845091 25.666710697114468 5.5316007184416245
    endloop
  endfacet
  facet normal 0.7409511297873694 0.671558949956607 -1.1251971716566283e-16
    outer loop
      vertex 34.121320344507694 26.121320344507694 0
      vertex 34.130618683956364 26.111061207733353 5.173003318171347
      vertex 34.3190313577652 25.903179854154587 5.327178637612807
    endloop
  endfacet
  facet normal 0.8577286120536254 0.5141027407674087 0
    outer loop
      vertex 34.49440883845091 25.666710697114468 0
      vertex 34.49440883845091 25.666710697114468 5.5316007184416245
      vertex 34.536888930906954 25.59583694396574 5.595836943965738
    endloop
  endfacet
  facet normal 0.8577286120536333 0.5141027407673958 -2.2120018346218158e-16
    outer loop
      vertex 34.49440883845091 25.666710697114468 0
      vertex 34.536888930906954 25.59583694396574 5.595836943965738
      vertex 34.64576379209757 25.414190210402012 5.796253230100671
    endloop
  endfacet
  facet normal 0.9039892934403084 0.4275550927603272 0
    outer loop
      vertex 34.64576379209757 25.414190210402012 0
      vertex 34.64576379209757 25.414190210402012 5.796253230100671
      vertex 34.665829678267905 25.371764458566695 5.8430628338436055
    endloop
  endfacet
  facet normal 0.9039892934402755 0.427555092760397 6.2044839296434e-16
    outer loop
      vertex 34.64576379209757 25.414190210402012 0
      vertex 34.665829678267905 25.371764458566695 5.8430628338436055
      vertex 34.75983669631066 25.173003318171347 6.111061207733353
    endloop
  endfacet
  facet normal 0.9039892934403178 0.42755509276030745 0
    outer loop
      vertex 34.771638594567776 25.14805030077696 0
      vertex 34.75983669631066 25.173003318171347 6.111061207733353
      vertex 34.771638594567776 25.14805030077696 6.152692802131061
    endloop
  endfacet
  facet normal 0.9415440627982694 0.3368898600571538 0
    outer loop
      vertex 34.771638594567776 25.14805030077696 0
      vertex 34.771638594567776 25.14805030077696 6.152692802131061
      vertex 34.82408668850645 25.001467701215592 6.397251094791608
    endloop
  endfacet
  facet normal 0.9415440627982696 0.3368898600571527 0
    outer loop
      vertex 34.87082100659609 24.870854035019875 0
      vertex 34.82408668850645 25.001467701215592 6.397251094791608
      vertex 34.87082100659609 24.870854035019875 6.673410489430613
    endloop
  endfacet
  facet normal 0.9700312537049605 0.24298017786556703 0
    outer loop
      vertex 34.87082100659609 24.870854035019875 0
      vertex 34.87082100659609 24.870854035019875 6.673410489430613
      vertex 34.873837983124275 24.858809589461625 6.698876329958695
    endloop
  endfacet
  facet normal 0.9700312537050044 0.24298017786539164 -3.3514515201699607e-16
    outer loop
      vertex 34.87082100659609 24.870854035019875 0
      vertex 34.873837983124275 24.858809589461625 6.698876329958695
      vertex 34.9019944032143 24.74640285851049 7.013032097334828
    endloop
  endfacet
  facet normal 0.970031253704999 0.24298017786541382 8.440973532471254e-17
    outer loop
      vertex 34.87082100659609 24.870854035019875 0
      vertex 34.9019944032143 24.74640285851049 7.013032097334828
      vertex 34.92230208523565 24.665330046629016 7.3366929051451635
    endloop
  endfacet
  facet normal 0.9700312537050005 -0.24298017786540685 0
    outer loop
      vertex 34.87082100659609 23.129145964980125 0
      vertex 34.94235584139824 23.41472903639078 0
      vertex 34.87082100659609 23.129145964980125 16
    endloop
  endfacet
  facet normal 0.9891765091791461 -0.14673047975168188 0
    outer loop
      vertex 34.94235584139824 23.41472903639078 0
      vertex 34.98555418103933 23.70594857633114 0
      vertex 34.94235584139824 23.41472903639078 16
    endloop
  endfacet
  facet normal 0.9987954563973426 -0.049067670415704694 0
    outer loop
      vertex 34.98555418103933 23.70594857633114 0
      vertex 35 24 0
      vertex 34.98555418103933 23.70594857633114 16
    endloop
  endfacet
  facet normal 0.9700312537050101 0.2429801778653684 2.825013432482696e-16
    outer loop
      vertex 34.94235584139824 24.58527096360922 0
      vertex 34.93456545510914 24.616371929314532 7.666741722879494
      vertex 34.93866640987905 24.6 8
    endloop
  endfacet
  facet normal 0.9987954563973426 0.049067670415704694 0
    outer loop
      vertex 35 24 0
      vertex 34.98555418103933 24.29405142366886 0
      vertex 35 24 16
    endloop
  endfacet
  facet normal 0.9891765091791461 0.14673047975168188 0
    outer loop
      vertex 34.98555418103933 24.29405142366886 0
      vertex 34.94235584139824 24.58527096360922 0
      vertex 34.98555418103933 24.29405142366886 16
    endloop
  endfacet
  facet normal 0.9700312537050089 0.24298017786537396 2.5828138046856127e-16
    outer loop
      vertex 34.94235584139824 24.58527096360922 0
      vertex 34.92230208523565 24.665330046629016 7.3366929051451635
      vertex 34.93456545510914 24.616371929314532 7.666741722879494
    endloop
  endfacet
  facet normal 0.5734825300530256 0.8192177901657046 0
    outer loop
      vertex 8.555636279284954 44.073082864284515 0
      vertex 33.66671069711447 26.49440883845091 16
      vertex 31.515978984078295 28 13.100000001490116
    endloop
  endfacet
  facet normal 0 0 1
    outer loop
      vertex 0 39.5 16
      vertex 35 24 16
      vertex 34.98555418103933 24.29405142366886 16
    endloop
  endfacet
  facet normal 0 0 1
    outer loop
      vertex 0.02648400515317917 40.039094269275665 16
      vertex 34.98555418103933 24.29405142366886 16
      vertex 34.94235584139824 24.58527096360922 16
    endloop
  endfacet
  facet normal 0 0 1
    outer loop
      vertex 0.10568095743656158 40.57299677282572 16
      vertex 34.94235584139824 24.58527096360922 16
      vertex 34.87082100659609 24.870854035019875 16
    endloop
  endfacet
  facet normal 0 0 1
    outer loop
      vertex 0.23682815581560135 41.09656572341919 16
      vertex 34.87082100659609 24.870854035019875 16
      vertex 34.771638594567776 25.14805030077696 16
    endloop
  endfacet
  facet normal 0 0 1
    outer loop
      vertex 0.41866257041692734 41.60475888103247 16
      vertex 34.771638594567776 25.14805030077696 16
      vertex 34.64576379209757 25.414190210402012 16
    endloop
  endfacet
  facet normal 0 0 1
    outer loop
      vertex 0.649433046579361 42.09268205612898 16
      vertex 34.64576379209757 25.414190210402012 16
      vertex 34.49440883845091 25.666710697114468 16
    endloop
  endfacet
  facet normal 0 0 1
    outer loop
      vertex 0.9269171357154846 42.555636279284954 16
      vertex 34.49440883845091 25.666710697114468 16
      vertex 34.3190313577652 25.903179854154587 16
    endloop
  endfacet
  facet normal 0 0 1
    outer loop
      vertex 1.2484425082802773 42.98916306346655 16
      vertex 34.3190313577652 25.903179854154587 16
      vertex 34.121320344507694 26.121320344507694 16
    endloop
  endfacet
  facet normal 0 0 1
    outer loop
      vertex 1.6109127029776573 43.38908729702234 16
      vertex 34.121320344507694 26.121320344507694 16
      vertex 33.90317985415459 26.319031357765198 16
    endloop
  endfacet
  facet normal 0 0 1
    outer loop
      vertex 2.010836936533451 43.75155749171972 16
      vertex 33.90317985415459 26.319031357765198 16
      vertex 33.66671069711447 26.49440883845091 16
    endloop
  endfacet
  facet normal 0.970031253704974 0.24298017786551274 0
    outer loop
      vertex 34.94235584139824 24.58527096360922 0
      vertex 34.93866640987905 24.6 8
      vertex 34.94235584139824 24.58527096360922 16
    endloop
  endfacet
  facet normal 0.9700312537050005 -0.24298017786540685 0
    outer loop
      vertex 34.94235584139824 23.41472903639078 0
      vertex 34.94235584139824 23.41472903639078 16
      vertex 34.87082100659609 23.129145964980125 16
    endloop
  endfacet
  facet normal 0.9891765091791461 -0.14673047975168188 0
    outer loop
      vertex 34.98555418103933 23.70594857633114 0
      vertex 34.98555418103933 23.70594857633114 16
      vertex 34.94235584139824 23.41472903639078 16
    endloop
  endfacet
  facet normal 0.9987954563973426 -0.049067670415704694 0
    outer loop
      vertex 35 24 0
      vertex 35 24 16
      vertex 34.98555418103933 23.70594857633114 16
    endloop
  endfacet
  facet normal 0.9987954563973426 0.049067670415704694 0
    outer loop
      vertex 34.98555418103933 24.29405142366886 0
      vertex 34.98555418103933 24.29405142366886 16
      vertex 35 24 16
    endloop
  endfacet
  facet normal 0.9891765091791461 0.14673047975168188 0
    outer loop
      vertex 34.94235584139824 24.58527096360922 0
      vertex 34.94235584139824 24.58527096360922 16
      vertex 34.98555418103933 24.29405142366886 16
    endloop
  endfacet
  facet normal 0.9700312537050101 0.24298017786536835 -2.8250134324826954e-16
    outer loop
      vertex 34.94235584139824 24.58527096360922 16
      vertex 34.93866640987905 24.6 8
      vertex 34.93456545510914 24.616371929314532 8.333258277120507
    endloop
  endfacet
  facet normal 0.9700312537050089 0.24298017786537401 -2.5828138046856136e-16
    outer loop
      vertex 34.94235584139824 24.58527096360922 16
      vertex 34.93456545510914 24.616371929314532 8.333258277120507
      vertex 34.92230208523565 24.665330046629016 8.663307094854837
    endloop
  endfacet
  facet normal 0.9700312537049991 0.24298017786541273 1.917996763052058e-16
    outer loop
      vertex 34.94235584139824 24.58527096360922 16
      vertex 34.92230208523565 24.665330046629016 8.663307094854837
      vertex 34.9019944032143 24.74640285851049 8.986967902665171
    endloop
  endfacet
  facet normal 0.970031253705004 0.24298017786539314 -2.8683027394937308e-16
    outer loop
      vertex 34.94235584139824 24.58527096360922 16
      vertex 34.9019944032143 24.74640285851049 8.986967902665171
      vertex 34.873837983124275 24.858809589461625 9.301123670041305
    endloop
  endfacet
  facet normal 0.970031253704964 0.2429801778655532 6.6810173795501256e-15
    outer loop
      vertex 34.94235584139824 24.58527096360922 16
      vertex 34.873837983124275 24.858809589461625 9.301123670041305
      vertex 34.87082100659609 24.870854035019875 9.32658951056939
    endloop
  endfacet
  facet normal 0.9415440627982697 0.33688986005715277 0
    outer loop
      vertex 34.87082100659609 24.870854035019875 16
      vertex 34.87082100659609 24.870854035019875 9.32658951056939
      vertex 34.82408668850645 25.001467701215592 9.602748905208392
    endloop
  endfacet
  facet normal 0.9415440627982693 0.33688986005715377 2.3581733109632655e-17
    outer loop
      vertex 34.87082100659609 24.870854035019875 16
      vertex 34.82408668850645 25.001467701215592 9.602748905208392
      vertex 34.771638594567776 25.14805030077696 9.847307197868938
    endloop
  endfacet
  facet normal 0.9039892934403178 0.42755509276030745 0
    outer loop
      vertex 34.771638594567776 25.14805030077696 16
      vertex 34.771638594567776 25.14805030077696 9.847307197868938
      vertex 34.75983669631066 25.173003318171347 9.888938792266647
    endloop
  endfacet
  facet normal 0.9039892934403073 0.42755509276032955 -2.6568433533686433e-15
    outer loop
      vertex 34.771638594567776 25.14805030077696 16
      vertex 34.665829678267905 25.371764458566695 10.156937166156395
      vertex 34.64576379209757 25.414190210402012 10.204444952851768
    endloop
  endfacet
  facet normal 0.9039892934402759 0.42755509276039577 4.413708315220705e-16
    outer loop
      vertex 34.771638594567776 25.14805030077696 16
      vertex 34.75983669631066 25.173003318171347 9.888938792266647
      vertex 34.665829678267905 25.371764458566695 10.156937166156395
    endloop
  endfacet
  facet normal 0.9700312537050007 0.2429801778654069 0
    outer loop
      vertex 34.94235584139824 24.58527096360922 16
      vertex 34.87082100659609 24.870854035019875 9.32658951056939
      vertex 34.87082100659609 24.870854035019875 16
    endloop
  endfacet
  facet normal 0.9415440627982694 0.3368898600571533 0
    outer loop
      vertex 34.87082100659609 24.870854035019875 16
      vertex 34.771638594567776 25.14805030077696 9.847307197868938
      vertex 34.771638594567776 25.14805030077696 16
    endloop
  endfacet
  facet normal 0.5956993071010399 0.8032075295459703 0
    outer loop
      vertex 33.90317985415459 26.319031357765198 16
      vertex 33.90317985415459 26.319031357765198 11.217673908439611
      vertex 33.66671069711447 26.49440883845091 11.414059254206258
    endloop
  endfacet
  facet normal 0.8032075295459703 0.5956993071010399 0
    outer loop
      vertex 34.49440883845091 25.666710697114468 16
      vertex 34.49440883845091 25.666710697114468 10.487213999951145
      vertex 34.3190313577652 25.903179854154587 10.752008983816228
    endloop
  endfacet
  facet normal 0.8577286120536308 0.5141027407673995 0
    outer loop
      vertex 34.64576379209757 25.414190210402012 16
      vertex 34.64576379209757 25.414190210402012 10.204444952851768
      vertex 34.49440883845091 25.666710697114468 10.487213999951145
    endloop
  endfacet
  facet normal 0.7409511297873681 0.6715589499566086 0
    outer loop
      vertex 34.3190313577652 25.903179854154587 16
      vertex 34.3190313577652 25.903179854154587 10.752008983816228
      vertex 34.121320344507694 26.121320344507694 10.996279773065806
    endloop
  endfacet
  facet normal 0.6715589499566086 0.7409511297873681 0
    outer loop
      vertex 34.121320344507694 26.121320344507694 16
      vertex 34.121320344507694 26.121320344507694 10.996279773065806
      vertex 33.90317985415459 26.319031357765198 11.217673908439611
    endloop
  endfacet
  facet normal 0.573482530053026 0.8192177901657045 0
    outer loop
      vertex 33.66671069711447 26.49440883845091 16
      vertex 33.66671069711447 26.49440883845091 11.414059254206258
      vertex 31.515978984078295 28 13.100000001490116
    endloop
  endfacet
  facet normal 0.5956993071010399 0.8032075295459703 0
    outer loop
      vertex 33.90317985415459 26.319031357765198 16
      vertex 33.66671069711447 26.49440883845091 11.414059254206258
      vertex 33.66671069711447 26.49440883845091 16
    endloop
  endfacet
  facet normal 0.8032075295459704 0.5956993071010399 0
    outer loop
      vertex 34.3190313577652 25.903179854154587 16
      vertex 34.49440883845091 25.666710697114468 16
      vertex 34.3190313577652 25.903179854154587 10.752008983816228
    endloop
  endfacet
  facet normal 0.6715589499566086 0.7409511297873682 0
    outer loop
      vertex 33.90317985415459 26.319031357765198 16
      vertex 34.121320344507694 26.121320344507694 16
      vertex 33.90317985415459 26.319031357765198 11.217673908439611
    endloop
  endfacet
  facet normal 0.7409511297873681 0.6715589499566086 0
    outer loop
      vertex 34.3190313577652 25.903179854154587 16
      vertex 34.121320344507694 26.121320344507694 10.996279773065806
      vertex 34.121320344507694 26.121320344507694 16
    endloop
  endfacet
  facet normal 0.9039892934402849 0.4275550927603769 0
    outer loop
      vertex 34.771638594567776 25.14805030077696 16
      vertex 34.64576379209757 25.414190210402012 10.204444952851768
      vertex 34.64576379209757 25.414190210402012 16
    endloop
  endfacet
  facet normal 0.8577286120536308 0.5141027407673995 0
    outer loop
      vertex 34.64576379209757 25.414190210402012 16
      vertex 34.49440883845091 25.666710697114468 10.487213999951145
      vertex 34.49440883845091 25.666710697114468 16
    endloop
  endfacet
endsolid OpenSCAD_Model
