solid OpenSCAD_Model
  facet normal 0 0 1
    outer loop
      vertex 5.43198 2.25 34.5
      vertex 9.27612 7.61272 34.5
      vertex 8.48528 8.48528 34.5
    endloop
  endfacet
  facet normal 0 0 1
    outer loop
      vertex 2.25 5.43198 34.5
      vertex 8.48528 8.48528 34.5
      vertex 7.61272 9.27612 34.5
    endloop
  endfacet
  facet normal 0 0 1
    outer loop
      vertex 2.25 5.43198 34.5
      vertex 7.61272 9.27612 34.5
      vertex 6.7408 9.92278 34.5
    endloop
  endfacet
  facet normal 0 0 1
    outer loop
      vertex 9.27612 7.61272 34.5
      vertex 5.43198 2.25 34.5
      vertex 9.92278 6.7408 34.5
    endloop
  endfacet
  facet normal 0 0 1
    outer loop
      vertex 5.43198 2.25 34.5
      vertex 2.25 5.43198 34.5
      vertex 5.43198 -2.25 34.5
    endloop
  endfacet
  facet normal 0 0 1
    outer loop
      vertex 8.48528 8.48528 34.5
      vertex 2.25 5.43198 34.5
      vertex 5.43198 2.25 34.5
    endloop
  endfacet
  facet normal 0 0 1
    outer loop
      vertex 5.43198 2.25 34.5
      vertex 12 0 34.5
      vertex 11.9422 1.17621 34.5
    endloop
  endfacet
  facet normal -0 0 1
    outer loop
      vertex 5.43198 2.25 34.5
      vertex 11.9422 1.17621 34.5
      vertex 11.7829 2.25 34.5
    endloop
  endfacet
  facet normal 0 0 1
    outer loop
      vertex 5.43198 -2.25 34.5
      vertex 12 0 34.5
      vertex 5.43198 2.25 34.5
    endloop
  endfacet
  facet normal 0 0 1
    outer loop
      vertex 12 0 34.5
      vertex 5.43198 -2.25 34.5
      vertex 11.9422 -1.17621 34.5
    endloop
  endfacet
  facet normal 0 0 1
    outer loop
      vertex 11.9422 -1.17621 34.5
      vertex 5.43198 -2.25 34.5
      vertex 11.7829 -2.25 34.5
    endloop
  endfacet
  facet normal 0 0 1
    outer loop
      vertex 5.43198 -2.25 34.5
      vertex 9.27612 -7.61272 34.5
      vertex 9.92278 -6.7408 34.5
    endloop
  endfacet
  facet normal 0 0 1
    outer loop
      vertex 9.27612 -7.61272 34.5
      vertex 5.43198 -2.25 34.5
      vertex 8.48528 -8.48528 34.5
    endloop
  endfacet
  facet normal -0 0 1
    outer loop
      vertex 2.25 -5.43198 34.5
      vertex 8.48528 -8.48528 34.5
      vertex 5.43198 -2.25 34.5
    endloop
  endfacet
  facet normal 0 0 1
    outer loop
      vertex 8.48528 -8.48528 34.5
      vertex 2.25 -5.43198 34.5
      vertex 7.61272 -9.27612 34.5
    endloop
  endfacet
  facet normal 0 0 1
    outer loop
      vertex 2.25 -5.43198 34.5
      vertex 5.43198 -2.25 34.5
      vertex 2.25 5.43198 34.5
    endloop
  endfacet
  facet normal 0 0 1
    outer loop
      vertex 7.61272 -9.27612 34.5
      vertex 2.25 -5.43198 34.5
      vertex 6.7408 -9.92278 34.5
    endloop
  endfacet
  facet normal 0 0 1
    outer loop
      vertex -11.9422 1.17621 34.5
      vertex -5.43198 2.25 34.5
      vertex -11.7829 2.25 34.5
    endloop
  endfacet
  facet normal 0 0 1
    outer loop
      vertex -12 0 34.5
      vertex -5.43198 2.25 34.5
      vertex -11.9422 1.17621 34.5
    endloop
  endfacet
  facet normal 0 0 1
    outer loop
      vertex -5.43198 2.25 34.5
      vertex -12 0 34.5
      vertex -5.43198 -2.25 34.5
    endloop
  endfacet
  facet normal 0 0 1
    outer loop
      vertex -5.43198 -2.25 34.5
      vertex -11.9422 -1.17621 34.5
      vertex -11.7829 -2.25 34.5
    endloop
  endfacet
  facet normal 0 0 1
    outer loop
      vertex -5.43198 -2.25 34.5
      vertex -12 0 34.5
      vertex -11.9422 -1.17621 34.5
    endloop
  endfacet
  facet normal 0 0 1
    outer loop
      vertex -2.25 5.43198 34.5
      vertex -5.43198 2.25 34.5
      vertex -2.25 -5.43198 34.5
    endloop
  endfacet
  facet normal -0 0 1
    outer loop
      vertex -7.61272 9.27612 34.5
      vertex -2.25 5.43198 34.5
      vertex -6.7408 9.92278 34.5
    endloop
  endfacet
  facet normal -0 0 1
    outer loop
      vertex -8.48528 8.48528 34.5
      vertex -2.25 5.43198 34.5
      vertex -7.61272 9.27612 34.5
    endloop
  endfacet
  facet normal 0 0 1
    outer loop
      vertex -2.25 5.43198 34.5
      vertex -8.48528 8.48528 34.5
      vertex -5.43198 2.25 34.5
    endloop
  endfacet
  facet normal -0 0 1
    outer loop
      vertex -9.27612 7.61272 34.5
      vertex -5.43198 2.25 34.5
      vertex -8.48528 8.48528 34.5
    endloop
  endfacet
  facet normal 0 0 1
    outer loop
      vertex -5.43198 2.25 34.5
      vertex -9.27612 7.61272 34.5
      vertex -9.92278 6.7408 34.5
    endloop
  endfacet
  facet normal 0 0 1
    outer loop
      vertex 1.17621 11.9422 34.5
      vertex 2.25 5.43198 34.5
      vertex 2.25 11.7829 34.5
    endloop
  endfacet
  facet normal 0 0 1
    outer loop
      vertex 2.25 5.43198 34.5
      vertex -2.25 5.43198 34.5
      vertex 2.25 -5.43198 34.5
    endloop
  endfacet
  facet normal 0 0 1
    outer loop
      vertex 0 12 34.5
      vertex 2.25 5.43198 34.5
      vertex 1.17621 11.9422 34.5
    endloop
  endfacet
  facet normal 0 0 1
    outer loop
      vertex -2.25 -5.43198 34.5
      vertex 2.25 -5.43198 34.5
      vertex -2.25 5.43198 34.5
    endloop
  endfacet
  facet normal 0 0 1
    outer loop
      vertex 2.25 5.43198 34.5
      vertex 0 12 34.5
      vertex -2.25 5.43198 34.5
    endloop
  endfacet
  facet normal 0 -0 1
    outer loop
      vertex 0 -12 34.5
      vertex 2.25 -5.43198 34.5
      vertex -2.25 -5.43198 34.5
    endloop
  endfacet
  facet normal 0 0 1
    outer loop
      vertex -2.25 5.43198 34.5
      vertex 0 12 34.5
      vertex -1.17621 11.9422 34.5
    endloop
  endfacet
  facet normal 0 0 1
    outer loop
      vertex 2.25 -5.43198 34.5
      vertex 1.17621 -11.9422 34.5
      vertex 2.25 -11.7829 34.5
    endloop
  endfacet
  facet normal 0 0 1
    outer loop
      vertex -2.25 5.43198 34.5
      vertex -1.17621 11.9422 34.5
      vertex -2.25 11.7829 34.5
    endloop
  endfacet
  facet normal 0 0 1
    outer loop
      vertex 2.25 -5.43198 34.5
      vertex 0 -12 34.5
      vertex 1.17621 -11.9422 34.5
    endloop
  endfacet
  facet normal 0 0 1
    outer loop
      vertex 0 -12 34.5
      vertex -2.25 -5.43198 34.5
      vertex -1.17621 -11.9422 34.5
    endloop
  endfacet
  facet normal 0 0 1
    outer loop
      vertex -1.17621 -11.9422 34.5
      vertex -2.25 -5.43198 34.5
      vertex -2.25 -11.7829 34.5
    endloop
  endfacet
  facet normal -0 0 1
    outer loop
      vertex -5.43198 -2.25 34.5
      vertex -2.25 -5.43198 34.5
      vertex -5.43198 2.25 34.5
    endloop
  endfacet
  facet normal 0 0 1
    outer loop
      vertex -8.48528 -8.48528 34.5
      vertex -2.25 -5.43198 34.5
      vertex -5.43198 -2.25 34.5
    endloop
  endfacet
  facet normal 0 0 1
    outer loop
      vertex -2.25 -5.43198 34.5
      vertex -7.61272 -9.27612 34.5
      vertex -6.7408 -9.92278 34.5
    endloop
  endfacet
  facet normal 0 0 1
    outer loop
      vertex -2.25 -5.43198 34.5
      vertex -8.48528 -8.48528 34.5
      vertex -7.61272 -9.27612 34.5
    endloop
  endfacet
  facet normal 0 0 1
    outer loop
      vertex -5.43198 -2.25 34.5
      vertex -9.27612 -7.61272 34.5
      vertex -8.48528 -8.48528 34.5
    endloop
  endfacet
  facet normal 0 -0 1
    outer loop
      vertex -9.27612 -7.61272 34.5
      vertex -5.43198 -2.25 34.5
      vertex -9.92278 -6.7408 34.5
    endloop
  endfacet
  facet normal 0 -1 0
    outer loop
      vertex -11.7829 2.25 40
      vertex -8.18845 2.25 35
      vertex -8.18845 2.25 40
    endloop
  endfacet
  facet normal 0 -1 0
    outer loop
      vertex -11.7829 2.25 34.5
      vertex -8.18845 2.25 35
      vertex -11.7829 2.25 40
    endloop
  endfacet
  facet normal 0 -1 0
    outer loop
      vertex -5.43198 2.25 34.5
      vertex -8.18845 2.25 35
      vertex -11.7829 2.25 34.5
    endloop
  endfacet
  facet normal 0 -1 0
    outer loop
      vertex -8.18845 2.25 35
      vertex -5.43198 2.25 34.5
      vertex -5.43198 2.25 35
    endloop
  endfacet
  facet normal 0 -1 0
    outer loop
      vertex 5.43198 2.25 35
      vertex 5.43198 2.25 34.5
      vertex 8.18845 2.25 35
    endloop
  endfacet
  facet normal 0 -1 0
    outer loop
      vertex 8.18845 2.25 35
      vertex 11.7829 2.25 40
      vertex 8.18845 2.25 40
    endloop
  endfacet
  facet normal 0 -1 0
    outer loop
      vertex 8.18845 2.25 35
      vertex 11.7829 2.25 34.5
      vertex 11.7829 2.25 40
    endloop
  endfacet
  facet normal 0 -1 0
    outer loop
      vertex 11.7829 2.25 34.5
      vertex 8.18845 2.25 35
      vertex 5.43198 2.25 34.5
    endloop
  endfacet
  facet normal 0 1 0
    outer loop
      vertex -5.43198 -2.25 35
      vertex -5.43198 -2.25 34.5
      vertex -8.18845 -2.25 35
    endloop
  endfacet
  facet normal 0 1 -0
    outer loop
      vertex -8.18845 -2.25 35
      vertex -11.7829 -2.25 40
      vertex -8.18845 -2.25 40
    endloop
  endfacet
  facet normal 0 1 0
    outer loop
      vertex -8.18845 -2.25 35
      vertex -11.7829 -2.25 34.5
      vertex -11.7829 -2.25 40
    endloop
  endfacet
  facet normal 0 1 0
    outer loop
      vertex -11.7829 -2.25 34.5
      vertex -8.18845 -2.25 35
      vertex -5.43198 -2.25 34.5
    endloop
  endfacet
  facet normal 0 1 0
    outer loop
      vertex 11.7829 -2.25 40
      vertex 8.18845 -2.25 35
      vertex 8.18845 -2.25 40
    endloop
  endfacet
  facet normal 0 1 -0
    outer loop
      vertex 11.7829 -2.25 34.5
      vertex 8.18845 -2.25 35
      vertex 11.7829 -2.25 40
    endloop
  endfacet
  facet normal 0 1 0
    outer loop
      vertex 5.43198 -2.25 34.5
      vertex 8.18845 -2.25 35
      vertex 11.7829 -2.25 34.5
    endloop
  endfacet
  facet normal 0 1 0
    outer loop
      vertex 8.18845 -2.25 35
      vertex 5.43198 -2.25 34.5
      vertex 5.43198 -2.25 35
    endloop
  endfacet
  facet normal 0.707107 -0.707107 0
    outer loop
      vertex -9.92278 -6.7408 40
      vertex -7.3811 -4.19912 35
      vertex -7.3811 -4.19912 40
    endloop
  endfacet
  facet normal 0.707107 -0.707107 0
    outer loop
      vertex -9.92278 -6.7408 34.5
      vertex -7.3811 -4.19912 35
      vertex -9.92278 -6.7408 40
    endloop
  endfacet
  facet normal 0.707107 -0.707107 5.59399e-16
    outer loop
      vertex -5.43198 -2.25 34.5
      vertex -7.3811 -4.19912 35
      vertex -9.92278 -6.7408 34.5
    endloop
  endfacet
  facet normal 0.707107 -0.707107 0
    outer loop
      vertex -7.3811 -4.19912 35
      vertex -5.43198 -2.25 34.5
      vertex -5.43198 -2.25 35
    endloop
  endfacet
  facet normal 0.707107 -0.707107 0
    outer loop
      vertex 4.19912 7.3811 35
      vertex 6.7408 9.92278 40
      vertex 4.19912 7.3811 40
    endloop
  endfacet
  facet normal 0.707107 -0.707107 0
    outer loop
      vertex 6.7408 9.92278 40
      vertex 4.19912 7.3811 35
      vertex 6.7408 9.92278 34.5
    endloop
  endfacet
  facet normal 0.707107 -0.707107 0
    outer loop
      vertex 2.25 5.43198 34.5
      vertex 4.19912 7.3811 35
      vertex 2.25 5.43198 35
    endloop
  endfacet
  facet normal 0.707107 -0.707107 5.59399e-16
    outer loop
      vertex 4.19912 7.3811 35
      vertex 2.25 5.43198 34.5
      vertex 6.7408 9.92278 34.5
    endloop
  endfacet
  facet normal -0.707107 0.707107 0
    outer loop
      vertex -2.25 -5.43198 34.5
      vertex -4.19912 -7.3811 35
      vertex -2.25 -5.43198 35
    endloop
  endfacet
  facet normal -0.707107 0.707107 5.59399e-16
    outer loop
      vertex -6.7408 -9.92278 34.5
      vertex -4.19912 -7.3811 35
      vertex -2.25 -5.43198 34.5
    endloop
  endfacet
  facet normal -0.707107 0.707107 0
    outer loop
      vertex -6.7408 -9.92278 40
      vertex -4.19912 -7.3811 35
      vertex -6.7408 -9.92278 34.5
    endloop
  endfacet
  facet normal -0.707107 0.707107 0
    outer loop
      vertex -4.19912 -7.3811 35
      vertex -6.7408 -9.92278 40
      vertex -4.19912 -7.3811 40
    endloop
  endfacet
  facet normal -0.707107 0.707107 0
    outer loop
      vertex 9.92278 6.7408 40
      vertex 7.3811 4.19912 35
      vertex 7.3811 4.19912 40
    endloop
  endfacet
  facet normal -0.707107 0.707107 0
    outer loop
      vertex 9.92278 6.7408 34.5
      vertex 7.3811 4.19912 35
      vertex 9.92278 6.7408 40
    endloop
  endfacet
  facet normal -0.707107 0.707107 5.59399e-16
    outer loop
      vertex 5.43198 2.25 34.5
      vertex 7.3811 4.19912 35
      vertex 9.92278 6.7408 34.5
    endloop
  endfacet
  facet normal -0.707107 0.707107 0
    outer loop
      vertex 7.3811 4.19912 35
      vertex 5.43198 2.25 34.5
      vertex 5.43198 2.25 35
    endloop
  endfacet
  facet normal 1 0 0
    outer loop
      vertex -2.25 -8.18845 40
      vertex -2.25 -11.7829 40
      vertex -2.25 -8.18845 35
    endloop
  endfacet
  facet normal 1 -0 0
    outer loop
      vertex -2.25 -8.18845 35
      vertex -2.25 -5.43198 34.5
      vertex -2.25 -5.43198 35
    endloop
  endfacet
  facet normal 1 0 0
    outer loop
      vertex -2.25 -8.18845 35
      vertex -2.25 -11.7829 34.5
      vertex -2.25 -5.43198 34.5
    endloop
  endfacet
  facet normal 1 0 0
    outer loop
      vertex -2.25 -11.7829 34.5
      vertex -2.25 -8.18845 35
      vertex -2.25 -11.7829 40
    endloop
  endfacet
  facet normal 1 0 0
    outer loop
      vertex -2.25 8.18845 35
      vertex -2.25 11.7829 40
      vertex -2.25 8.18845 40
    endloop
  endfacet
  facet normal 1 0 0
    outer loop
      vertex -2.25 11.7829 40
      vertex -2.25 8.18845 35
      vertex -2.25 11.7829 34.5
    endloop
  endfacet
  facet normal 1 0 0
    outer loop
      vertex -2.25 5.43198 34.5
      vertex -2.25 8.18845 35
      vertex -2.25 5.43198 35
    endloop
  endfacet
  facet normal 1 0 0
    outer loop
      vertex -2.25 8.18845 35
      vertex -2.25 5.43198 34.5
      vertex -2.25 11.7829 34.5
    endloop
  endfacet
  facet normal -1 0 0
    outer loop
      vertex 2.25 11.7829 34.5
      vertex 2.25 8.18845 35
      vertex 2.25 11.7829 40
    endloop
  endfacet
  facet normal -1 0 0
    outer loop
      vertex 2.25 5.43198 34.5
      vertex 2.25 8.18845 35
      vertex 2.25 11.7829 34.5
    endloop
  endfacet
  facet normal -1 -0 0
    outer loop
      vertex 2.25 8.18845 35
      vertex 2.25 5.43198 34.5
      vertex 2.25 5.43198 35
    endloop
  endfacet
  facet normal -1 -0 0
    outer loop
      vertex 2.25 11.7829 40
      vertex 2.25 8.18845 35
      vertex 2.25 8.18845 40
    endloop
  endfacet
  facet normal -1 0 0
    outer loop
      vertex 2.25 -5.43198 34.5
      vertex 2.25 -8.18845 35
      vertex 2.25 -5.43198 35
    endloop
  endfacet
  facet normal -1 0 0
    outer loop
      vertex 2.25 -11.7829 34.5
      vertex 2.25 -8.18845 35
      vertex 2.25 -5.43198 34.5
    endloop
  endfacet
  facet normal -1 0 0
    outer loop
      vertex 2.25 -11.7829 40
      vertex 2.25 -8.18845 35
      vertex 2.25 -11.7829 34.5
    endloop
  endfacet
  facet normal -1 0 0
    outer loop
      vertex 2.25 -8.18845 35
      vertex 2.25 -11.7829 40
      vertex 2.25 -8.18845 40
    endloop
  endfacet
  facet normal 0.707107 0.707107 0
    outer loop
      vertex -5.43198 2.25 35
      vertex -5.43198 2.25 34.5
      vertex -7.3811 4.19912 35
    endloop
  endfacet
  facet normal 0.707107 0.707107 -0
    outer loop
      vertex -7.3811 4.19912 35
      vertex -9.92278 6.7408 40
      vertex -7.3811 4.19912 40
    endloop
  endfacet
  facet normal 0.707107 0.707107 0
    outer loop
      vertex -7.3811 4.19912 35
      vertex -9.92278 6.7408 34.5
      vertex -9.92278 6.7408 40
    endloop
  endfacet
  facet normal 0.707107 0.707107 5.59399e-16
    outer loop
      vertex -9.92278 6.7408 34.5
      vertex -7.3811 4.19912 35
      vertex -5.43198 2.25 34.5
    endloop
  endfacet
  facet normal 0.707107 0.707107 0
    outer loop
      vertex 4.19912 -7.3811 40
      vertex 6.7408 -9.92278 40
      vertex 4.19912 -7.3811 35
    endloop
  endfacet
  facet normal 0.707107 0.707107 0
    outer loop
      vertex 4.19912 -7.3811 35
      vertex 2.25 -5.43198 34.5
      vertex 2.25 -5.43198 35
    endloop
  endfacet
  facet normal 0.707107 0.707107 5.59399e-16
    outer loop
      vertex 4.19912 -7.3811 35
      vertex 6.7408 -9.92278 34.5
      vertex 2.25 -5.43198 34.5
    endloop
  endfacet
  facet normal 0.707107 0.707107 -0
    outer loop
      vertex 6.7408 -9.92278 34.5
      vertex 4.19912 -7.3811 35
      vertex 6.7408 -9.92278 40
    endloop
  endfacet
  facet normal -0.707107 -0.707107 0
    outer loop
      vertex -6.7408 9.92278 34.5
      vertex -4.19912 7.3811 35
      vertex -6.7408 9.92278 40
    endloop
  endfacet
  facet normal -0.707107 -0.707107 5.59399e-16
    outer loop
      vertex -2.25 5.43198 34.5
      vertex -4.19912 7.3811 35
      vertex -6.7408 9.92278 34.5
    endloop
  endfacet
  facet normal -0.707107 -0.707107 0
    outer loop
      vertex -4.19912 7.3811 35
      vertex -2.25 5.43198 34.5
      vertex -2.25 5.43198 35
    endloop
  endfacet
  facet normal -0.707107 -0.707107 0
    outer loop
      vertex -6.7408 9.92278 40
      vertex -4.19912 7.3811 35
      vertex -4.19912 7.3811 40
    endloop
  endfacet
  facet normal -0.707107 -0.707107 -0
    outer loop
      vertex 5.43198 -2.25 35
      vertex 5.43198 -2.25 34.5
      vertex 7.3811 -4.19912 35
    endloop
  endfacet
  facet normal -0.707107 -0.707107 0
    outer loop
      vertex 7.3811 -4.19912 35
      vertex 9.92278 -6.7408 40
      vertex 7.3811 -4.19912 40
    endloop
  endfacet
  facet normal -0.707107 -0.707107 0
    outer loop
      vertex 7.3811 -4.19912 35
      vertex 9.92278 -6.7408 34.5
      vertex 9.92278 -6.7408 40
    endloop
  endfacet
  facet normal -0.707107 -0.707107 5.59399e-16
    outer loop
      vertex 9.92278 -6.7408 34.5
      vertex 7.3811 -4.19912 35
      vertex 5.43198 -2.25 34.5
    endloop
  endfacet
  facet normal 0.989193 0.14662 -0
    outer loop
      vertex 11.7829 2.25 34.5
      vertex 11.7694 2.34108 40
      vertex 11.7829 2.25 40
    endloop
  endfacet
  facet normal 0.989193 0.14662 0
    outer loop
      vertex 11.7694 2.34108 40
      vertex 11.7829 2.25 34.5
      vertex 11.7694 2.34108 31
    endloop
  endfacet
  facet normal 0.989174 0.146747 -0
    outer loop
      vertex 11.9422 1.17621 31
      vertex 11.7829 2.25 34.5
      vertex 11.9422 1.17621 34.5
    endloop
  endfacet
  facet normal 0.989176 0.146737 3.12471e-06
    outer loop
      vertex 11.7829 2.25 34.5
      vertex 11.9422 1.17621 31
      vertex 11.7694 2.34108 31
    endloop
  endfacet
  facet normal 0.998795 0.0490817 0
    outer loop
      vertex 12 0 34.5
      vertex 11.9422 1.17621 31
      vertex 11.9422 1.17621 34.5
    endloop
  endfacet
  facet normal 0.998795 0.0490817 0
    outer loop
      vertex 11.9422 1.17621 31
      vertex 12 0 34.5
      vertex 12 0 31
    endloop
  endfacet
  facet normal 0.97004 0.242947 0
    outer loop
      vertex 11.7694 2.34108 40
      vertex 11.4833 3.48342 31
      vertex 11.4833 3.48342 40
    endloop
  endfacet
  facet normal 0.97004 0.242947 0
    outer loop
      vertex 11.4833 3.48342 31
      vertex 11.7694 2.34108 40
      vertex 11.7694 2.34108 31
    endloop
  endfacet
  facet normal 0.857709 0.514135 0
    outer loop
      vertex 10.5831 5.65676 40
      vertex 9.97763 6.66684 31
      vertex 9.97763 6.66684 40
    endloop
  endfacet
  facet normal 0.857709 0.514135 0
    outer loop
      vertex 9.97763 6.66684 31
      vertex 10.5831 5.65676 40
      vertex 10.5831 5.65676 31
    endloop
  endfacet
  facet normal 0.740952 0.671558 0
    outer loop
      vertex 9.27612 7.61272 34.5
      vertex 8.48528 8.48528 31
      vertex 8.48528 8.48528 34.5
    endloop
  endfacet
  facet normal 0.740952 0.671558 0
    outer loop
      vertex 8.48528 8.48528 31
      vertex 9.27612 7.61272 34.5
      vertex 9.27612 7.61272 31
    endloop
  endfacet
  facet normal -0.242947 0.97004 0
    outer loop
      vertex -2.34108 11.7694 31
      vertex -3.48342 11.4833 40
      vertex -2.34108 11.7694 40
    endloop
  endfacet
  facet normal -0.242947 0.97004 0
    outer loop
      vertex -3.48342 11.4833 40
      vertex -2.34108 11.7694 31
      vertex -3.48342 11.4833 31
    endloop
  endfacet
  facet normal -0.803208 0.595699 0
    outer loop
      vertex -9.27612 7.61272 31
      vertex -9.92278 6.7408 34.5
      vertex -9.27612 7.61272 34.5
    endloop
  endfacet
  facet normal -0.803209 0.595698 -5.24445e-07
    outer loop
      vertex -9.97763 6.66684 31
      vertex -9.92278 6.7408 34.5
      vertex -9.27612 7.61272 31
    endloop
  endfacet
  facet normal -0.80322 0.595682 0
    outer loop
      vertex -9.97763 6.66684 40
      vertex -9.92278 6.7408 34.5
      vertex -9.97763 6.66684 31
    endloop
  endfacet
  facet normal -0.80322 0.595682 0
    outer loop
      vertex -9.92278 6.7408 34.5
      vertex -9.97763 6.66684 40
      vertex -9.92278 6.7408 40
    endloop
  endfacet
  facet normal 0.97004 -0.242947 0
    outer loop
      vertex 11.4833 -3.48342 40
      vertex 11.7694 -2.34108 31
      vertex 11.7694 -2.34108 40
    endloop
  endfacet
  facet normal 0.97004 -0.242947 0
    outer loop
      vertex 11.7694 -2.34108 31
      vertex 11.4833 -3.48342 40
      vertex 11.4833 -3.48342 31
    endloop
  endfacet
  facet normal -0.514135 -0.857709 0
    outer loop
      vertex -6.66684 -9.97763 31
      vertex -5.65676 -10.5831 40
      vertex -6.66684 -9.97763 40
    endloop
  endfacet
  facet normal -0.514135 -0.857709 -0
    outer loop
      vertex -5.65676 -10.5831 40
      vertex -6.66684 -9.97763 31
      vertex -5.65676 -10.5831 31
    endloop
  endfacet
  facet normal 0.671558 0.740952 -0
    outer loop
      vertex 8.48528 8.48528 31
      vertex 7.61272 9.27612 34.5
      vertex 8.48528 8.48528 34.5
    endloop
  endfacet
  facet normal 0.671558 0.740952 0
    outer loop
      vertex 7.61272 9.27612 34.5
      vertex 8.48528 8.48528 31
      vertex 7.61272 9.27612 31
    endloop
  endfacet
  facet normal 0.0490817 -0.998795 0
    outer loop
      vertex 0 -12 31
      vertex 1.17621 -11.9422 34.5
      vertex 0 -12 34.5
    endloop
  endfacet
  facet normal 0.0490817 -0.998795 0
    outer loop
      vertex 1.17621 -11.9422 34.5
      vertex 0 -12 31
      vertex 1.17621 -11.9422 31
    endloop
  endfacet
  facet normal -0.336869 0.941552 0
    outer loop
      vertex -3.48342 11.4833 31
      vertex -4.5922 11.0866 40
      vertex -3.48342 11.4833 40
    endloop
  endfacet
  facet normal -0.336869 0.941552 0
    outer loop
      vertex -4.5922 11.0866 40
      vertex -3.48342 11.4833 31
      vertex -4.5922 11.0866 31
    endloop
  endfacet
  facet normal 0.427556 0.903989 -0
    outer loop
      vertex 5.65676 10.5831 31
      vertex 4.5922 11.0866 40
      vertex 5.65676 10.5831 40
    endloop
  endfacet
  facet normal 0.427556 0.903989 0
    outer loop
      vertex 4.5922 11.0866 40
      vertex 5.65676 10.5831 31
      vertex 4.5922 11.0866 31
    endloop
  endfacet
  facet normal -0.595682 0.80322 0
    outer loop
      vertex -6.66684 9.97763 40
      vertex -6.7408 9.92278 34.5
      vertex -6.7408 9.92278 40
    endloop
  endfacet
  facet normal -0.595682 0.80322 0
    outer loop
      vertex -6.66684 9.97763 31
      vertex -6.7408 9.92278 34.5
      vertex -6.66684 9.97763 40
    endloop
  endfacet
  facet normal -0.595698 0.803209 -5.24445e-07
    outer loop
      vertex -7.61272 9.27612 31
      vertex -6.7408 9.92278 34.5
      vertex -6.66684 9.97763 31
    endloop
  endfacet
  facet normal -0.595699 0.803208 0
    outer loop
      vertex -6.7408 9.92278 34.5
      vertex -7.61272 9.27612 31
      vertex -7.61272 9.27612 34.5
    endloop
  endfacet
  facet normal 0.336869 0.941552 -0
    outer loop
      vertex 4.5922 11.0866 31
      vertex 3.48342 11.4833 40
      vertex 4.5922 11.0866 40
    endloop
  endfacet
  facet normal 0.336869 0.941552 0
    outer loop
      vertex 3.48342 11.4833 40
      vertex 4.5922 11.0866 31
      vertex 3.48342 11.4833 31
    endloop
  endfacet
  facet normal 0.242947 0.97004 -0
    outer loop
      vertex 3.48342 11.4833 31
      vertex 2.34108 11.7694 40
      vertex 3.48342 11.4833 40
    endloop
  endfacet
  facet normal 0.242947 0.97004 0
    outer loop
      vertex 2.34108 11.7694 40
      vertex 3.48342 11.4833 31
      vertex 2.34108 11.7694 31
    endloop
  endfacet
  facet normal 0.80322 0.595682 0
    outer loop
      vertex 9.92278 6.7408 40
      vertex 9.97763 6.66684 40
      vertex 9.92278 6.7408 34.5
    endloop
  endfacet
  facet normal 0.803208 0.595699 0
    outer loop
      vertex 9.92278 6.7408 34.5
      vertex 9.27612 7.61272 31
      vertex 9.27612 7.61272 34.5
    endloop
  endfacet
  facet normal 0.803209 0.595698 -5.24445e-07
    outer loop
      vertex 9.92278 6.7408 34.5
      vertex 9.97763 6.66684 31
      vertex 9.27612 7.61272 31
    endloop
  endfacet
  facet normal 0.80322 0.595682 -0
    outer loop
      vertex 9.97763 6.66684 31
      vertex 9.92278 6.7408 34.5
      vertex 9.97763 6.66684 40
    endloop
  endfacet
  facet normal 0.989193 -0.14662 0
    outer loop
      vertex 11.7829 -2.25 40
      vertex 11.7694 -2.34108 40
      vertex 11.7829 -2.25 34.5
    endloop
  endfacet
  facet normal 0.989174 -0.146747 0
    outer loop
      vertex 11.7829 -2.25 34.5
      vertex 11.9422 -1.17621 31
      vertex 11.9422 -1.17621 34.5
    endloop
  endfacet
  facet normal 0.989176 -0.146737 3.12471e-06
    outer loop
      vertex 11.7829 -2.25 34.5
      vertex 11.7694 -2.34108 31
      vertex 11.9422 -1.17621 31
    endloop
  endfacet
  facet normal 0.989193 -0.14662 0
    outer loop
      vertex 11.7694 -2.34108 31
      vertex 11.7829 -2.25 34.5
      vertex 11.7694 -2.34108 40
    endloop
  endfacet
  facet normal -0.14662 -0.989193 0
    outer loop
      vertex -2.34108 -11.7694 40
      vertex -2.25 -11.7829 34.5
      vertex -2.25 -11.7829 40
    endloop
  endfacet
  facet normal -0.14662 -0.989193 0
    outer loop
      vertex -2.34108 -11.7694 31
      vertex -2.25 -11.7829 34.5
      vertex -2.34108 -11.7694 40
    endloop
  endfacet
  facet normal -0.146737 -0.989176 3.12471e-06
    outer loop
      vertex -1.17621 -11.9422 31
      vertex -2.25 -11.7829 34.5
      vertex -2.34108 -11.7694 31
    endloop
  endfacet
  facet normal -0.146747 -0.989174 0
    outer loop
      vertex -2.25 -11.7829 34.5
      vertex -1.17621 -11.9422 31
      vertex -1.17621 -11.9422 34.5
    endloop
  endfacet
  facet normal -0.998795 -0.0490817 0
    outer loop
      vertex -11.9422 -1.17621 31
      vertex -12 0 34.5
      vertex -12 0 31
    endloop
  endfacet
  facet normal -0.998795 -0.0490817 0
    outer loop
      vertex -12 0 34.5
      vertex -11.9422 -1.17621 31
      vertex -11.9422 -1.17621 34.5
    endloop
  endfacet
  facet normal 0.0490817 0.998795 -0
    outer loop
      vertex 1.17621 11.9422 31
      vertex 0 12 34.5
      vertex 1.17621 11.9422 34.5
    endloop
  endfacet
  facet normal 0.0490817 0.998795 0
    outer loop
      vertex 0 12 34.5
      vertex 1.17621 11.9422 31
      vertex 0 12 31
    endloop
  endfacet
  facet normal 0.595699 0.803208 0
    outer loop
      vertex 7.61272 9.27612 34.5
      vertex 7.61272 9.27612 31
      vertex 6.7408 9.92278 34.5
    endloop
  endfacet
  facet normal 0.595682 0.80322 -0
    outer loop
      vertex 6.7408 9.92278 34.5
      vertex 6.66684 9.97763 40
      vertex 6.7408 9.92278 40
    endloop
  endfacet
  facet normal 0.595682 0.80322 0
    outer loop
      vertex 6.7408 9.92278 34.5
      vertex 6.66684 9.97763 31
      vertex 6.66684 9.97763 40
    endloop
  endfacet
  facet normal 0.595698 0.803209 -5.24445e-07
    outer loop
      vertex 6.66684 9.97763 31
      vertex 6.7408 9.92278 34.5
      vertex 7.61272 9.27612 31
    endloop
  endfacet
  facet normal -0.941552 0.336869 0
    outer loop
      vertex -11.4833 3.48342 31
      vertex -11.0866 4.5922 40
      vertex -11.0866 4.5922 31
    endloop
  endfacet
  facet normal -0.941552 0.336869 0
    outer loop
      vertex -11.0866 4.5922 40
      vertex -11.4833 3.48342 31
      vertex -11.4833 3.48342 40
    endloop
  endfacet
  facet normal -0.0490817 0.998795 0
    outer loop
      vertex 0 12 31
      vertex -1.17621 11.9422 34.5
      vertex 0 12 34.5
    endloop
  endfacet
  facet normal -0.0490817 0.998795 0
    outer loop
      vertex -1.17621 11.9422 34.5
      vertex 0 12 31
      vertex -1.17621 11.9422 31
    endloop
  endfacet
  facet normal 0.514135 -0.857709 0
    outer loop
      vertex 5.65676 -10.5831 31
      vertex 6.66684 -9.97763 40
      vertex 5.65676 -10.5831 40
    endloop
  endfacet
  facet normal 0.514135 -0.857709 0
    outer loop
      vertex 6.66684 -9.97763 40
      vertex 5.65676 -10.5831 31
      vertex 6.66684 -9.97763 31
    endloop
  endfacet
  facet normal -0.97004 0.242947 0
    outer loop
      vertex -11.7694 2.34108 31
      vertex -11.4833 3.48342 40
      vertex -11.4833 3.48342 31
    endloop
  endfacet
  facet normal -0.97004 0.242947 0
    outer loop
      vertex -11.4833 3.48342 40
      vertex -11.7694 2.34108 31
      vertex -11.7694 2.34108 40
    endloop
  endfacet
  facet normal -0.671558 0.740952 0
    outer loop
      vertex -7.61272 9.27612 31
      vertex -8.48528 8.48528 34.5
      vertex -7.61272 9.27612 34.5
    endloop
  endfacet
  facet normal -0.671558 0.740952 0
    outer loop
      vertex -8.48528 8.48528 34.5
      vertex -7.61272 9.27612 31
      vertex -8.48528 8.48528 31
    endloop
  endfacet
  facet normal -0.941552 -0.336869 0
    outer loop
      vertex -11.0866 -4.5922 31
      vertex -11.4833 -3.48342 40
      vertex -11.4833 -3.48342 31
    endloop
  endfacet
  facet normal -0.941552 -0.336869 0
    outer loop
      vertex -11.4833 -3.48342 40
      vertex -11.0866 -4.5922 31
      vertex -11.0866 -4.5922 40
    endloop
  endfacet
  facet normal -0.857709 0.514135 0
    outer loop
      vertex -10.5831 5.65676 31
      vertex -9.97763 6.66684 40
      vertex -9.97763 6.66684 31
    endloop
  endfacet
  facet normal -0.857709 0.514135 0
    outer loop
      vertex -9.97763 6.66684 40
      vertex -10.5831 5.65676 31
      vertex -10.5831 5.65676 40
    endloop
  endfacet
  facet normal 0.903989 -0.427556 0
    outer loop
      vertex 10.5831 -5.65676 40
      vertex 11.0866 -4.5922 31
      vertex 11.0866 -4.5922 40
    endloop
  endfacet
  facet normal 0.903989 -0.427556 0
    outer loop
      vertex 11.0866 -4.5922 31
      vertex 10.5831 -5.65676 40
      vertex 10.5831 -5.65676 31
    endloop
  endfacet
  facet normal -0.336869 -0.941552 0
    outer loop
      vertex -4.5922 -11.0866 31
      vertex -3.48342 -11.4833 40
      vertex -4.5922 -11.0866 40
    endloop
  endfacet
  facet normal -0.336869 -0.941552 -0
    outer loop
      vertex -3.48342 -11.4833 40
      vertex -4.5922 -11.0866 31
      vertex -3.48342 -11.4833 31
    endloop
  endfacet
  facet normal 0.427556 -0.903989 0
    outer loop
      vertex 4.5922 -11.0866 31
      vertex 5.65676 -10.5831 40
      vertex 4.5922 -11.0866 40
    endloop
  endfacet
  facet normal 0.427556 -0.903989 0
    outer loop
      vertex 5.65676 -10.5831 40
      vertex 4.5922 -11.0866 31
      vertex 5.65676 -10.5831 31
    endloop
  endfacet
  facet normal 0.14662 0.989193 0
    outer loop
      vertex 2.34108 11.7694 40
      vertex 2.25 11.7829 34.5
      vertex 2.25 11.7829 40
    endloop
  endfacet
  facet normal 0.14662 0.989193 -0
    outer loop
      vertex 2.34108 11.7694 31
      vertex 2.25 11.7829 34.5
      vertex 2.34108 11.7694 40
    endloop
  endfacet
  facet normal 0.146737 0.989176 3.12471e-06
    outer loop
      vertex 1.17621 11.9422 31
      vertex 2.25 11.7829 34.5
      vertex 2.34108 11.7694 31
    endloop
  endfacet
  facet normal 0.146747 0.989174 0
    outer loop
      vertex 2.25 11.7829 34.5
      vertex 1.17621 11.9422 31
      vertex 1.17621 11.9422 34.5
    endloop
  endfacet
  facet normal 0.998795 -0.0490817 0
    outer loop
      vertex 11.9422 -1.17621 34.5
      vertex 12 0 31
      vertex 12 0 34.5
    endloop
  endfacet
  facet normal 0.998795 -0.0490817 0
    outer loop
      vertex 12 0 31
      vertex 11.9422 -1.17621 34.5
      vertex 11.9422 -1.17621 31
    endloop
  endfacet
  facet normal -0.514135 0.857709 0
    outer loop
      vertex -5.65676 10.5831 31
      vertex -6.66684 9.97763 40
      vertex -5.65676 10.5831 40
    endloop
  endfacet
  facet normal -0.514135 0.857709 0
    outer loop
      vertex -6.66684 9.97763 40
      vertex -5.65676 10.5831 31
      vertex -6.66684 9.97763 31
    endloop
  endfacet
  facet normal 0.146747 -0.989174 0
    outer loop
      vertex 1.17621 -11.9422 34.5
      vertex 1.17621 -11.9422 31
      vertex 2.25 -11.7829 34.5
    endloop
  endfacet
  facet normal 0.14662 -0.989193 0
    outer loop
      vertex 2.25 -11.7829 34.5
      vertex 2.34108 -11.7694 40
      vertex 2.25 -11.7829 40
    endloop
  endfacet
  facet normal 0.14662 -0.989193 0
    outer loop
      vertex 2.25 -11.7829 34.5
      vertex 2.34108 -11.7694 31
      vertex 2.34108 -11.7694 40
    endloop
  endfacet
  facet normal 0.146737 -0.989176 3.12471e-06
    outer loop
      vertex 2.34108 -11.7694 31
      vertex 2.25 -11.7829 34.5
      vertex 1.17621 -11.9422 31
    endloop
  endfacet
  facet normal -0.242947 -0.97004 0
    outer loop
      vertex -3.48342 -11.4833 31
      vertex -2.34108 -11.7694 40
      vertex -3.48342 -11.4833 40
    endloop
  endfacet
  facet normal -0.242947 -0.97004 -0
    outer loop
      vertex -2.34108 -11.7694 40
      vertex -3.48342 -11.4833 31
      vertex -2.34108 -11.7694 31
    endloop
  endfacet
  facet normal 0.857709 -0.514135 0
    outer loop
      vertex 9.97763 -6.66684 40
      vertex 10.5831 -5.65676 31
      vertex 10.5831 -5.65676 40
    endloop
  endfacet
  facet normal 0.857709 -0.514135 0
    outer loop
      vertex 10.5831 -5.65676 31
      vertex 9.97763 -6.66684 40
      vertex 9.97763 -6.66684 31
    endloop
  endfacet
  facet normal -0.740952 0.671558 0
    outer loop
      vertex -9.27612 7.61272 31
      vertex -8.48528 8.48528 34.5
      vertex -8.48528 8.48528 31
    endloop
  endfacet
  facet normal -0.740952 0.671558 0
    outer loop
      vertex -8.48528 8.48528 34.5
      vertex -9.27612 7.61272 31
      vertex -9.27612 7.61272 34.5
    endloop
  endfacet
  facet normal 0.941552 -0.336869 0
    outer loop
      vertex 11.0866 -4.5922 40
      vertex 11.4833 -3.48342 31
      vertex 11.4833 -3.48342 40
    endloop
  endfacet
  facet normal 0.941552 -0.336869 0
    outer loop
      vertex 11.4833 -3.48342 31
      vertex 11.0866 -4.5922 40
      vertex 11.0866 -4.5922 31
    endloop
  endfacet
  facet normal 0.941552 0.336869 0
    outer loop
      vertex 11.4833 3.48342 40
      vertex 11.0866 4.5922 31
      vertex 11.0866 4.5922 40
    endloop
  endfacet
  facet normal 0.941552 0.336869 0
    outer loop
      vertex 11.0866 4.5922 31
      vertex 11.4833 3.48342 40
      vertex 11.4833 3.48342 31
    endloop
  endfacet
  facet normal 0.514135 0.857709 -0
    outer loop
      vertex 6.66684 9.97763 31
      vertex 5.65676 10.5831 40
      vertex 6.66684 9.97763 40
    endloop
  endfacet
  facet normal 0.514135 0.857709 0
    outer loop
      vertex 5.65676 10.5831 40
      vertex 6.66684 9.97763 31
      vertex 5.65676 10.5831 31
    endloop
  endfacet
  facet normal -0.97004 -0.242947 0
    outer loop
      vertex -11.4833 -3.48342 31
      vertex -11.7694 -2.34108 40
      vertex -11.7694 -2.34108 31
    endloop
  endfacet
  facet normal -0.97004 -0.242947 0
    outer loop
      vertex -11.7694 -2.34108 40
      vertex -11.4833 -3.48342 31
      vertex -11.4833 -3.48342 40
    endloop
  endfacet
  facet normal 0.740952 -0.671558 0
    outer loop
      vertex 8.48528 -8.48528 34.5
      vertex 9.27612 -7.61272 31
      vertex 9.27612 -7.61272 34.5
    endloop
  endfacet
  facet normal 0.740952 -0.671558 0
    outer loop
      vertex 9.27612 -7.61272 31
      vertex 8.48528 -8.48528 34.5
      vertex 8.48528 -8.48528 31
    endloop
  endfacet
  facet normal -0.671558 -0.740952 0
    outer loop
      vertex -8.48528 -8.48528 31
      vertex -7.61272 -9.27612 34.5
      vertex -8.48528 -8.48528 34.5
    endloop
  endfacet
  facet normal -0.671558 -0.740952 -0
    outer loop
      vertex -7.61272 -9.27612 34.5
      vertex -8.48528 -8.48528 31
      vertex -7.61272 -9.27612 31
    endloop
  endfacet
  facet normal -0.989193 0.14662 0
    outer loop
      vertex -11.7694 2.34108 31
      vertex -11.7829 2.25 34.5
      vertex -11.7694 2.34108 40
    endloop
  endfacet
  facet normal -0.989176 0.146737 3.12471e-06
    outer loop
      vertex -11.9422 1.17621 31
      vertex -11.7829 2.25 34.5
      vertex -11.7694 2.34108 31
    endloop
  endfacet
  facet normal -0.989174 0.146747 0
    outer loop
      vertex -11.7829 2.25 34.5
      vertex -11.9422 1.17621 31
      vertex -11.9422 1.17621 34.5
    endloop
  endfacet
  facet normal -0.989193 0.14662 0
    outer loop
      vertex -11.7694 2.34108 40
      vertex -11.7829 2.25 34.5
      vertex -11.7829 2.25 40
    endloop
  endfacet
  facet normal 0.903989 0.427556 0
    outer loop
      vertex 11.0866 4.5922 40
      vertex 10.5831 5.65676 31
      vertex 10.5831 5.65676 40
    endloop
  endfacet
  facet normal 0.903989 0.427556 0
    outer loop
      vertex 10.5831 5.65676 31
      vertex 11.0866 4.5922 40
      vertex 11.0866 4.5922 31
    endloop
  endfacet
  facet normal -0.427556 0.903989 0
    outer loop
      vertex -4.5922 11.0866 31
      vertex -5.65676 10.5831 40
      vertex -4.5922 11.0866 40
    endloop
  endfacet
  facet normal -0.427556 0.903989 0
    outer loop
      vertex -5.65676 10.5831 40
      vertex -4.5922 11.0866 31
      vertex -5.65676 10.5831 31
    endloop
  endfacet
  facet normal 0.80322 -0.595682 0
    outer loop
      vertex 9.92278 -6.7408 34.5
      vertex 9.97763 -6.66684 40
      vertex 9.92278 -6.7408 40
    endloop
  endfacet
  facet normal 0.80322 -0.595682 0
    outer loop
      vertex 9.97763 -6.66684 40
      vertex 9.92278 -6.7408 34.5
      vertex 9.97763 -6.66684 31
    endloop
  endfacet
  facet normal 0.803208 -0.595699 0
    outer loop
      vertex 9.27612 -7.61272 31
      vertex 9.92278 -6.7408 34.5
      vertex 9.27612 -7.61272 34.5
    endloop
  endfacet
  facet normal 0.803209 -0.595698 -5.24445e-07
    outer loop
      vertex 9.92278 -6.7408 34.5
      vertex 9.27612 -7.61272 31
      vertex 9.97763 -6.66684 31
    endloop
  endfacet
  facet normal -0.857709 -0.514135 0
    outer loop
      vertex -9.97763 -6.66684 31
      vertex -10.5831 -5.65676 40
      vertex -10.5831 -5.65676 31
    endloop
  endfacet
  facet normal -0.857709 -0.514135 0
    outer loop
      vertex -10.5831 -5.65676 40
      vertex -9.97763 -6.66684 31
      vertex -9.97763 -6.66684 40
    endloop
  endfacet
  facet normal -0.80322 -0.595682 0
    outer loop
      vertex -9.97763 -6.66684 31
      vertex -9.92278 -6.7408 34.5
      vertex -9.97763 -6.66684 40
    endloop
  endfacet
  facet normal -0.803209 -0.595698 -5.24445e-07
    outer loop
      vertex -9.27612 -7.61272 31
      vertex -9.92278 -6.7408 34.5
      vertex -9.97763 -6.66684 31
    endloop
  endfacet
  facet normal -0.803208 -0.595699 0
    outer loop
      vertex -9.92278 -6.7408 34.5
      vertex -9.27612 -7.61272 31
      vertex -9.27612 -7.61272 34.5
    endloop
  endfacet
  facet normal -0.80322 -0.595682 0
    outer loop
      vertex -9.97763 -6.66684 40
      vertex -9.92278 -6.7408 34.5
      vertex -9.92278 -6.7408 40
    endloop
  endfacet
  facet normal -0.903989 0.427556 0
    outer loop
      vertex -11.0866 4.5922 31
      vertex -10.5831 5.65676 40
      vertex -10.5831 5.65676 31
    endloop
  endfacet
  facet normal -0.903989 0.427556 0
    outer loop
      vertex -10.5831 5.65676 40
      vertex -11.0866 4.5922 31
      vertex -11.0866 4.5922 40
    endloop
  endfacet
  facet normal -0.427556 -0.903989 0
    outer loop
      vertex -5.65676 -10.5831 31
      vertex -4.5922 -11.0866 40
      vertex -5.65676 -10.5831 40
    endloop
  endfacet
  facet normal -0.427556 -0.903989 -0
    outer loop
      vertex -4.5922 -11.0866 40
      vertex -5.65676 -10.5831 31
      vertex -4.5922 -11.0866 31
    endloop
  endfacet
  facet normal 0.595682 -0.80322 0
    outer loop
      vertex 6.66684 -9.97763 40
      vertex 6.7408 -9.92278 34.5
      vertex 6.7408 -9.92278 40
    endloop
  endfacet
  facet normal 0.595682 -0.80322 0
    outer loop
      vertex 6.66684 -9.97763 31
      vertex 6.7408 -9.92278 34.5
      vertex 6.66684 -9.97763 40
    endloop
  endfacet
  facet normal 0.595698 -0.803209 -5.24445e-07
    outer loop
      vertex 7.61272 -9.27612 31
      vertex 6.7408 -9.92278 34.5
      vertex 6.66684 -9.97763 31
    endloop
  endfacet
  facet normal 0.595699 -0.803208 0
    outer loop
      vertex 6.7408 -9.92278 34.5
      vertex 7.61272 -9.27612 31
      vertex 7.61272 -9.27612 34.5
    endloop
  endfacet
  facet normal -0.146747 0.989174 0
    outer loop
      vertex -1.17621 11.9422 34.5
      vertex -1.17621 11.9422 31
      vertex -2.25 11.7829 34.5
    endloop
  endfacet
  facet normal -0.14662 0.989193 0
    outer loop
      vertex -2.25 11.7829 34.5
      vertex -2.34108 11.7694 40
      vertex -2.25 11.7829 40
    endloop
  endfacet
  facet normal -0.14662 0.989193 0
    outer loop
      vertex -2.25 11.7829 34.5
      vertex -2.34108 11.7694 31
      vertex -2.34108 11.7694 40
    endloop
  endfacet
  facet normal -0.146737 0.989176 3.12471e-06
    outer loop
      vertex -2.34108 11.7694 31
      vertex -2.25 11.7829 34.5
      vertex -1.17621 11.9422 31
    endloop
  endfacet
  facet normal -0.989174 -0.146747 0
    outer loop
      vertex -11.9422 -1.17621 31
      vertex -11.7829 -2.25 34.5
      vertex -11.9422 -1.17621 34.5
    endloop
  endfacet
  facet normal -0.989176 -0.146737 3.12471e-06
    outer loop
      vertex -11.7694 -2.34108 31
      vertex -11.7829 -2.25 34.5
      vertex -11.9422 -1.17621 31
    endloop
  endfacet
  facet normal -0.989193 -0.14662 -0
    outer loop
      vertex -11.7694 -2.34108 40
      vertex -11.7829 -2.25 34.5
      vertex -11.7694 -2.34108 31
    endloop
  endfacet
  facet normal -0.989193 -0.14662 0
    outer loop
      vertex -11.7829 -2.25 34.5
      vertex -11.7694 -2.34108 40
      vertex -11.7829 -2.25 40
    endloop
  endfacet
  facet normal 0.336869 -0.941552 0
    outer loop
      vertex 3.48342 -11.4833 31
      vertex 4.5922 -11.0866 40
      vertex 3.48342 -11.4833 40
    endloop
  endfacet
  facet normal 0.336869 -0.941552 0
    outer loop
      vertex 4.5922 -11.0866 40
      vertex 3.48342 -11.4833 31
      vertex 4.5922 -11.0866 31
    endloop
  endfacet
  facet normal 0.242947 -0.97004 0
    outer loop
      vertex 2.34108 -11.7694 31
      vertex 3.48342 -11.4833 40
      vertex 2.34108 -11.7694 40
    endloop
  endfacet
  facet normal 0.242947 -0.97004 0
    outer loop
      vertex 3.48342 -11.4833 40
      vertex 2.34108 -11.7694 31
      vertex 3.48342 -11.4833 31
    endloop
  endfacet
  facet normal -0.903989 -0.427556 0
    outer loop
      vertex -10.5831 -5.65676 31
      vertex -11.0866 -4.5922 40
      vertex -11.0866 -4.5922 31
    endloop
  endfacet
  facet normal -0.903989 -0.427556 0
    outer loop
      vertex -11.0866 -4.5922 40
      vertex -10.5831 -5.65676 31
      vertex -10.5831 -5.65676 40
    endloop
  endfacet
  facet normal -0.740952 -0.671558 0
    outer loop
      vertex -8.48528 -8.48528 31
      vertex -9.27612 -7.61272 34.5
      vertex -9.27612 -7.61272 31
    endloop
  endfacet
  facet normal -0.740952 -0.671558 0
    outer loop
      vertex -9.27612 -7.61272 34.5
      vertex -8.48528 -8.48528 31
      vertex -8.48528 -8.48528 34.5
    endloop
  endfacet
  facet normal -0.595699 -0.803208 -0
    outer loop
      vertex -7.61272 -9.27612 34.5
      vertex -7.61272 -9.27612 31
      vertex -6.7408 -9.92278 34.5
    endloop
  endfacet
  facet normal -0.595682 -0.80322 0
    outer loop
      vertex -6.7408 -9.92278 34.5
      vertex -6.66684 -9.97763 40
      vertex -6.7408 -9.92278 40
    endloop
  endfacet
  facet normal -0.595682 -0.80322 0
    outer loop
      vertex -6.7408 -9.92278 34.5
      vertex -6.66684 -9.97763 31
      vertex -6.66684 -9.97763 40
    endloop
  endfacet
  facet normal -0.595698 -0.803209 -5.24445e-07
    outer loop
      vertex -6.66684 -9.97763 31
      vertex -6.7408 -9.92278 34.5
      vertex -7.61272 -9.27612 31
    endloop
  endfacet
  facet normal -0.0490817 -0.998795 0
    outer loop
      vertex -1.17621 -11.9422 31
      vertex 0 -12 34.5
      vertex -1.17621 -11.9422 34.5
    endloop
  endfacet
  facet normal -0.0490817 -0.998795 -0
    outer loop
      vertex 0 -12 34.5
      vertex -1.17621 -11.9422 31
      vertex 0 -12 31
    endloop
  endfacet
  facet normal 0 0 1
    outer loop
      vertex 4.19912 -7.3811 40
      vertex 6.66684 -9.97763 40
      vertex 6.7408 -9.92278 40
    endloop
  endfacet
  facet normal 0 0 1
    outer loop
      vertex 6.66684 -9.97763 40
      vertex 4.19912 -7.3811 40
      vertex 5.65676 -10.5831 40
    endloop
  endfacet
  facet normal 0 0 1
    outer loop
      vertex 5.65676 -10.5831 40
      vertex 4.19912 -7.3811 40
      vertex 4.00687 -7.49633 40
    endloop
  endfacet
  facet normal 0 0 1
    outer loop
      vertex 5.65676 -10.5831 40
      vertex 4.00687 -7.49633 40
      vertex 4.5922 -11.0866 40
    endloop
  endfacet
  facet normal -0 0 1
    outer loop
      vertex 3.25281 -7.85298 40
      vertex 4.5922 -11.0866 40
      vertex 4.00687 -7.49633 40
    endloop
  endfacet
  facet normal 0 0 1
    outer loop
      vertex 4.5922 -11.0866 40
      vertex 3.25281 -7.85298 40
      vertex 3.48342 -11.4833 40
    endloop
  endfacet
  facet normal -0 0 1
    outer loop
      vertex 2.46742 -8.13399 40
      vertex 3.48342 -11.4833 40
      vertex 3.25281 -7.85298 40
    endloop
  endfacet
  facet normal -0 0 1
    outer loop
      vertex 2.25 -8.18845 40
      vertex 3.48342 -11.4833 40
      vertex 2.46742 -8.13399 40
    endloop
  endfacet
  facet normal 0 0 1
    outer loop
      vertex 3.48342 -11.4833 40
      vertex 2.25 -8.18845 40
      vertex 2.34108 -11.7694 40
    endloop
  endfacet
  facet normal 0 0 1
    outer loop
      vertex 2.34108 -11.7694 40
      vertex 2.25 -8.18845 40
      vertex 2.25 -11.7829 40
    endloop
  endfacet
  facet normal 0 0 1
    outer loop
      vertex 4.19912 7.3811 40
      vertex 6.66684 9.97763 40
      vertex 5.65676 10.5831 40
    endloop
  endfacet
  facet normal 0 0 1
    outer loop
      vertex 4.00687 7.49633 40
      vertex 5.65676 10.5831 40
      vertex 4.5922 11.0866 40
    endloop
  endfacet
  facet normal 0 -0 1
    outer loop
      vertex 4.19912 7.3811 40
      vertex 5.65676 10.5831 40
      vertex 4.00687 7.49633 40
    endloop
  endfacet
  facet normal 0 0 1
    outer loop
      vertex 6.66684 9.97763 40
      vertex 4.19912 7.3811 40
      vertex 6.7408 9.92278 40
    endloop
  endfacet
  facet normal 0 0 1
    outer loop
      vertex 3.25281 7.85298 40
      vertex 4.5922 11.0866 40
      vertex 3.48342 11.4833 40
    endloop
  endfacet
  facet normal 0 0 1
    outer loop
      vertex 4.5922 11.0866 40
      vertex 3.25281 7.85298 40
      vertex 4.00687 7.49633 40
    endloop
  endfacet
  facet normal 0 0 1
    outer loop
      vertex 3.48342 11.4833 40
      vertex 2.46742 8.13399 40
      vertex 3.25281 7.85298 40
    endloop
  endfacet
  facet normal 0 0 1
    outer loop
      vertex 2.25 8.18845 40
      vertex 3.48342 11.4833 40
      vertex 2.34108 11.7694 40
    endloop
  endfacet
  facet normal 0 0 1
    outer loop
      vertex 2.25 8.18845 40
      vertex 2.34108 11.7694 40
      vertex 2.25 11.7829 40
    endloop
  endfacet
  facet normal 0 0 1
    outer loop
      vertex 3.48342 11.4833 40
      vertex 2.25 8.18845 40
      vertex 2.46742 8.13399 40
    endloop
  endfacet
  facet normal -0 0 1
    outer loop
      vertex -9.97763 6.66684 40
      vertex -7.3811 4.19912 40
      vertex -9.92278 6.7408 40
    endloop
  endfacet
  facet normal -0 0 1
    outer loop
      vertex -10.5831 5.65676 40
      vertex -7.3811 4.19912 40
      vertex -9.97763 6.66684 40
    endloop
  endfacet
  facet normal 0 0 1
    outer loop
      vertex -7.3811 4.19912 40
      vertex -10.5831 5.65676 40
      vertex -7.49633 4.00687 40
    endloop
  endfacet
  facet normal 0 0 1
    outer loop
      vertex -7.49633 4.00687 40
      vertex -10.5831 5.65676 40
      vertex -7.85298 3.25281 40
    endloop
  endfacet
  facet normal -0 0 1
    outer loop
      vertex -11.0866 4.5922 40
      vertex -7.85298 3.25281 40
      vertex -10.5831 5.65676 40
    endloop
  endfacet
  facet normal 0 0 1
    outer loop
      vertex -7.85298 3.25281 40
      vertex -11.0866 4.5922 40
      vertex -8.13399 2.46742 40
    endloop
  endfacet
  facet normal -0 0 1
    outer loop
      vertex -11.4833 3.48342 40
      vertex -8.13399 2.46742 40
      vertex -11.0866 4.5922 40
    endloop
  endfacet
  facet normal 0 0 1
    outer loop
      vertex -8.13399 2.46742 40
      vertex -11.4833 3.48342 40
      vertex -8.18845 2.25 40
    endloop
  endfacet
  facet normal -0 0 1
    outer loop
      vertex -11.7694 2.34108 40
      vertex -8.18845 2.25 40
      vertex -11.4833 3.48342 40
    endloop
  endfacet
  facet normal 0 0 1
    outer loop
      vertex -8.18845 2.25 40
      vertex -11.7694 2.34108 40
      vertex -11.7829 2.25 40
    endloop
  endfacet
  facet normal 0 0 1
    outer loop
      vertex -2.25 -8.18845 40
      vertex -2.34108 -11.7694 40
      vertex -2.25 -11.7829 40
    endloop
  endfacet
  facet normal 0 0 1
    outer loop
      vertex -3.48342 -11.4833 40
      vertex -2.25 -8.18845 40
      vertex -2.46742 -8.13399 40
    endloop
  endfacet
  facet normal 0 0 1
    outer loop
      vertex -3.48342 -11.4833 40
      vertex -2.46742 -8.13399 40
      vertex -3.25281 -7.85298 40
    endloop
  endfacet
  facet normal 0 0 1
    outer loop
      vertex -2.25 -8.18845 40
      vertex -3.48342 -11.4833 40
      vertex -2.34108 -11.7694 40
    endloop
  endfacet
  facet normal 0 0 1
    outer loop
      vertex -4.5922 -11.0866 40
      vertex -3.25281 -7.85298 40
      vertex -4.00687 -7.49633 40
    endloop
  endfacet
  facet normal 0 0 1
    outer loop
      vertex -5.65676 -10.5831 40
      vertex -4.00687 -7.49633 40
      vertex -4.19912 -7.3811 40
    endloop
  endfacet
  facet normal 0 0 1
    outer loop
      vertex -3.25281 -7.85298 40
      vertex -4.5922 -11.0866 40
      vertex -3.48342 -11.4833 40
    endloop
  endfacet
  facet normal 0 0 1
    outer loop
      vertex -4.00687 -7.49633 40
      vertex -5.65676 -10.5831 40
      vertex -4.5922 -11.0866 40
    endloop
  endfacet
  facet normal 0 0 1
    outer loop
      vertex -4.19912 -7.3811 40
      vertex -6.66684 -9.97763 40
      vertex -5.65676 -10.5831 40
    endloop
  endfacet
  facet normal 0 -0 1
    outer loop
      vertex -6.66684 -9.97763 40
      vertex -4.19912 -7.3811 40
      vertex -6.7408 -9.92278 40
    endloop
  endfacet
  facet normal 0 0 1
    outer loop
      vertex 8.18845 2.25 40
      vertex 11.7694 2.34108 40
      vertex 11.4833 3.48342 40
    endloop
  endfacet
  facet normal 0 0 1
    outer loop
      vertex 8.13399 2.46742 40
      vertex 11.4833 3.48342 40
      vertex 11.0866 4.5922 40
    endloop
  endfacet
  facet normal 0 0 1
    outer loop
      vertex 7.85298 3.25281 40
      vertex 11.0866 4.5922 40
      vertex 10.5831 5.65676 40
    endloop
  endfacet
  facet normal 0 0 1
    outer loop
      vertex 7.3811 4.19912 40
      vertex 10.5831 5.65676 40
      vertex 9.97763 6.66684 40
    endloop
  endfacet
  facet normal 0 0 1
    outer loop
      vertex 7.3811 4.19912 40
      vertex 9.97763 6.66684 40
      vertex 9.92278 6.7408 40
    endloop
  endfacet
  facet normal 0 0 1
    outer loop
      vertex 11.0866 4.5922 40
      vertex 7.85298 3.25281 40
      vertex 8.13399 2.46742 40
    endloop
  endfacet
  facet normal 0 0 1
    outer loop
      vertex 11.7694 2.34108 40
      vertex 8.18845 2.25 40
      vertex 11.7829 2.25 40
    endloop
  endfacet
  facet normal 0 -0 1
    outer loop
      vertex 8.18845 2.25 40
      vertex 11.4833 3.48342 40
      vertex 8.13399 2.46742 40
    endloop
  endfacet
  facet normal 0 0 1
    outer loop
      vertex 10.5831 5.65676 40
      vertex 7.49633 4.00687 40
      vertex 7.85298 3.25281 40
    endloop
  endfacet
  facet normal 0 0 1
    outer loop
      vertex 10.5831 5.65676 40
      vertex 7.3811 4.19912 40
      vertex 7.49633 4.00687 40
    endloop
  endfacet
  facet normal -0 0 1
    outer loop
      vertex 8.18845 -2.25 40
      vertex 11.7694 -2.34108 40
      vertex 11.7829 -2.25 40
    endloop
  endfacet
  facet normal 0 0 1
    outer loop
      vertex 11.7694 -2.34108 40
      vertex 8.18845 -2.25 40
      vertex 11.4833 -3.48342 40
    endloop
  endfacet
  facet normal 0 0 1
    outer loop
      vertex 11.4833 -3.48342 40
      vertex 8.13399 -2.46742 40
      vertex 11.0866 -4.5922 40
    endloop
  endfacet
  facet normal -0 0 1
    outer loop
      vertex 7.85298 -3.25281 40
      vertex 11.0866 -4.5922 40
      vertex 8.13399 -2.46742 40
    endloop
  endfacet
  facet normal -0 0 1
    outer loop
      vertex 7.49633 -4.00687 40
      vertex 10.5831 -5.65676 40
      vertex 7.85298 -3.25281 40
    endloop
  endfacet
  facet normal 0 0 1
    outer loop
      vertex 11.4833 -3.48342 40
      vertex 8.18845 -2.25 40
      vertex 8.13399 -2.46742 40
    endloop
  endfacet
  facet normal 0 0 1
    outer loop
      vertex 11.0866 -4.5922 40
      vertex 7.85298 -3.25281 40
      vertex 10.5831 -5.65676 40
    endloop
  endfacet
  facet normal -0 0 1
    outer loop
      vertex 7.3811 -4.19912 40
      vertex 10.5831 -5.65676 40
      vertex 7.49633 -4.00687 40
    endloop
  endfacet
  facet normal 0 0 1
    outer loop
      vertex 10.5831 -5.65676 40
      vertex 7.3811 -4.19912 40
      vertex 9.97763 -6.66684 40
    endloop
  endfacet
  facet normal 0 0 1
    outer loop
      vertex 9.97763 -6.66684 40
      vertex 7.3811 -4.19912 40
      vertex 9.92278 -6.7408 40
    endloop
  endfacet
  facet normal 0 0 1
    outer loop
      vertex -10.5831 -5.65676 40
      vertex -7.3811 -4.19912 40
      vertex -7.49633 -4.00687 40
    endloop
  endfacet
  facet normal 0 0 1
    outer loop
      vertex -10.5831 -5.65676 40
      vertex -7.49633 -4.00687 40
      vertex -7.85298 -3.25281 40
    endloop
  endfacet
  facet normal 0 0 1
    outer loop
      vertex -11.0866 -4.5922 40
      vertex -7.85298 -3.25281 40
      vertex -8.13399 -2.46742 40
    endloop
  endfacet
  facet normal 0 0 1
    outer loop
      vertex -11.4833 -3.48342 40
      vertex -8.13399 -2.46742 40
      vertex -8.18845 -2.25 40
    endloop
  endfacet
  facet normal 0 0 1
    outer loop
      vertex -7.3811 -4.19912 40
      vertex -9.97763 -6.66684 40
      vertex -9.92278 -6.7408 40
    endloop
  endfacet
  facet normal 0 0 1
    outer loop
      vertex -7.3811 -4.19912 40
      vertex -10.5831 -5.65676 40
      vertex -9.97763 -6.66684 40
    endloop
  endfacet
  facet normal 0 0 1
    outer loop
      vertex -7.85298 -3.25281 40
      vertex -11.0866 -4.5922 40
      vertex -10.5831 -5.65676 40
    endloop
  endfacet
  facet normal 0 0 1
    outer loop
      vertex -8.13399 -2.46742 40
      vertex -11.4833 -3.48342 40
      vertex -11.0866 -4.5922 40
    endloop
  endfacet
  facet normal 0 0 1
    outer loop
      vertex -8.18845 -2.25 40
      vertex -11.7694 -2.34108 40
      vertex -11.4833 -3.48342 40
    endloop
  endfacet
  facet normal 0 -0 1
    outer loop
      vertex -11.7694 -2.34108 40
      vertex -8.18845 -2.25 40
      vertex -11.7829 -2.25 40
    endloop
  endfacet
  facet normal -0 0 1
    outer loop
      vertex -2.34108 11.7694 40
      vertex -2.25 8.18845 40
      vertex -2.25 11.7829 40
    endloop
  endfacet
  facet normal -0 0 1
    outer loop
      vertex -3.48342 11.4833 40
      vertex -2.25 8.18845 40
      vertex -2.34108 11.7694 40
    endloop
  endfacet
  facet normal 0 0 1
    outer loop
      vertex -2.25 8.18845 40
      vertex -3.48342 11.4833 40
      vertex -2.46742 8.13399 40
    endloop
  endfacet
  facet normal 0 0 1
    outer loop
      vertex -2.46742 8.13399 40
      vertex -3.48342 11.4833 40
      vertex -3.25281 7.85298 40
    endloop
  endfacet
  facet normal -0 0 1
    outer loop
      vertex -4.5922 11.0866 40
      vertex -3.25281 7.85298 40
      vertex -3.48342 11.4833 40
    endloop
  endfacet
  facet normal 0 0 1
    outer loop
      vertex -3.25281 7.85298 40
      vertex -4.5922 11.0866 40
      vertex -4.00687 7.49633 40
    endloop
  endfacet
  facet normal -0 0 1
    outer loop
      vertex -5.65676 10.5831 40
      vertex -4.00687 7.49633 40
      vertex -4.5922 11.0866 40
    endloop
  endfacet
  facet normal 0 0 1
    outer loop
      vertex -4.00687 7.49633 40
      vertex -5.65676 10.5831 40
      vertex -4.19912 7.3811 40
    endloop
  endfacet
  facet normal -0 0 1
    outer loop
      vertex -6.66684 9.97763 40
      vertex -4.19912 7.3811 40
      vertex -5.65676 10.5831 40
    endloop
  endfacet
  facet normal 0 0 1
    outer loop
      vertex -4.19912 7.3811 40
      vertex -6.66684 9.97763 40
      vertex -6.7408 9.92278 40
    endloop
  endfacet
  facet normal -0.998795 0.0490817 0
    outer loop
      vertex -12 0 31
      vertex -11.9422 1.17621 34.5
      vertex -11.9422 1.17621 31
    endloop
  endfacet
  facet normal -0.998795 0.0490817 0
    outer loop
      vertex -11.9422 1.17621 34.5
      vertex -12 0 31
      vertex -12 0 34.5
    endloop
  endfacet
  facet normal 0.671558 -0.740952 0
    outer loop
      vertex 7.61272 -9.27612 31
      vertex 8.48528 -8.48528 34.5
      vertex 7.61272 -9.27612 34.5
    endloop
  endfacet
  facet normal 0.671558 -0.740952 0
    outer loop
      vertex 8.48528 -8.48528 34.5
      vertex 7.61272 -9.27612 31
      vertex 8.48528 -8.48528 31
    endloop
  endfacet
  facet normal 0.941547 -0.336882 0
    outer loop
      vertex -8.13399 2.46742 40
      vertex -7.85298 3.25281 35
      vertex -7.85298 3.25281 40
    endloop
  endfacet
  facet normal 0.941547 -0.336882 0
    outer loop
      vertex -7.85298 3.25281 35
      vertex -8.13399 2.46742 40
      vertex -8.13399 2.46742 35
    endloop
  endfacet
  facet normal 0.514102 0.857729 -0
    outer loop
      vertex -4.00687 -7.49633 35
      vertex -4.19912 -7.3811 40
      vertex -4.00687 -7.49633 40
    endloop
  endfacet
  facet normal 0.514102 0.857729 0
    outer loop
      vertex -4.19912 -7.3811 40
      vertex -4.00687 -7.49633 35
      vertex -4.19912 -7.3811 35
    endloop
  endfacet
  facet normal -0.427561 -0.903986 0
    outer loop
      vertex 3.25281 7.85298 35
      vertex 4.00687 7.49633 40
      vertex 3.25281 7.85298 40
    endloop
  endfacet
  facet normal -0.427561 -0.903986 -0
    outer loop
      vertex 4.00687 7.49633 40
      vertex 3.25281 7.85298 35
      vertex 4.00687 7.49633 35
    endloop
  endfacet
  facet normal -0.903986 -0.427561 0
    outer loop
      vertex 7.85298 3.25281 35
      vertex 7.49633 4.00687 40
      vertex 7.49633 4.00687 35
    endloop
  endfacet
  facet normal -0.903986 -0.427561 0
    outer loop
      vertex 7.49633 4.00687 40
      vertex 7.85298 3.25281 35
      vertex 7.85298 3.25281 40
    endloop
  endfacet
  facet normal 0.242977 -0.970032 0
    outer loop
      vertex -2.46742 8.13399 35
      vertex -2.25 8.18845 40
      vertex -2.46742 8.13399 40
    endloop
  endfacet
  facet normal 0.242977 -0.970032 0
    outer loop
      vertex -2.25 8.18845 40
      vertex -2.46742 8.13399 35
      vertex -2.25 8.18845 35
    endloop
  endfacet
  facet normal -0.242977 -0.970032 0
    outer loop
      vertex 2.25 8.18845 35
      vertex 2.46742 8.13399 40
      vertex 2.25 8.18845 40
    endloop
  endfacet
  facet normal -0.242977 -0.970032 -0
    outer loop
      vertex 2.46742 8.13399 40
      vertex 2.25 8.18845 35
      vertex 2.46742 8.13399 35
    endloop
  endfacet
  facet normal -0.336882 -0.941547 0
    outer loop
      vertex 2.46742 8.13399 35
      vertex 3.25281 7.85298 40
      vertex 2.46742 8.13399 40
    endloop
  endfacet
  facet normal -0.336882 -0.941547 -0
    outer loop
      vertex 3.25281 7.85298 40
      vertex 2.46742 8.13399 35
      vertex 3.25281 7.85298 35
    endloop
  endfacet
  facet normal -0.941547 -0.336882 0
    outer loop
      vertex 8.13399 2.46742 35
      vertex 7.85298 3.25281 40
      vertex 7.85298 3.25281 35
    endloop
  endfacet
  facet normal -0.941547 -0.336882 0
    outer loop
      vertex 7.85298 3.25281 40
      vertex 8.13399 2.46742 35
      vertex 8.13399 2.46742 40
    endloop
  endfacet
  facet normal 0.857729 0.514102 0
    outer loop
      vertex -7.3811 -4.19912 40
      vertex -7.49633 -4.00687 35
      vertex -7.49633 -4.00687 40
    endloop
  endfacet
  facet normal 0.857729 0.514102 0
    outer loop
      vertex -7.49633 -4.00687 35
      vertex -7.3811 -4.19912 40
      vertex -7.3811 -4.19912 35
    endloop
  endfacet
  facet normal -0.514102 -0.857729 0
    outer loop
      vertex 4.00687 7.49633 35
      vertex 4.19912 7.3811 40
      vertex 4.00687 7.49633 40
    endloop
  endfacet
  facet normal -0.514102 -0.857729 -0
    outer loop
      vertex 4.19912 7.3811 40
      vertex 4.00687 7.49633 35
      vertex 4.19912 7.3811 35
    endloop
  endfacet
  facet normal -0.941547 0.336882 0
    outer loop
      vertex 7.85298 -3.25281 35
      vertex 8.13399 -2.46742 40
      vertex 8.13399 -2.46742 35
    endloop
  endfacet
  facet normal -0.941547 0.336882 0
    outer loop
      vertex 8.13399 -2.46742 40
      vertex 7.85298 -3.25281 35
      vertex 7.85298 -3.25281 40
    endloop
  endfacet
  facet normal 0.857729 -0.514102 0
    outer loop
      vertex -7.49633 4.00687 40
      vertex -7.3811 4.19912 35
      vertex -7.3811 4.19912 40
    endloop
  endfacet
  facet normal 0.857729 -0.514102 0
    outer loop
      vertex -7.3811 4.19912 35
      vertex -7.49633 4.00687 40
      vertex -7.49633 4.00687 35
    endloop
  endfacet
  facet normal 0.970032 0.242977 0
    outer loop
      vertex -8.13399 -2.46742 40
      vertex -8.18845 -2.25 35
      vertex -8.18845 -2.25 40
    endloop
  endfacet
  facet normal 0.970032 0.242977 0
    outer loop
      vertex -8.18845 -2.25 35
      vertex -8.13399 -2.46742 40
      vertex -8.13399 -2.46742 35
    endloop
  endfacet
  facet normal -0.857729 -0.514102 0
    outer loop
      vertex 7.49633 4.00687 35
      vertex 7.3811 4.19912 40
      vertex 7.3811 4.19912 35
    endloop
  endfacet
  facet normal -0.857729 -0.514102 0
    outer loop
      vertex 7.3811 4.19912 40
      vertex 7.49633 4.00687 35
      vertex 7.49633 4.00687 40
    endloop
  endfacet
  facet normal 0.941547 0.336882 0
    outer loop
      vertex -7.85298 -3.25281 40
      vertex -8.13399 -2.46742 35
      vertex -8.13399 -2.46742 40
    endloop
  endfacet
  facet normal 0.941547 0.336882 0
    outer loop
      vertex -8.13399 -2.46742 35
      vertex -7.85298 -3.25281 40
      vertex -7.85298 -3.25281 35
    endloop
  endfacet
  facet normal -0.970032 0.242977 0
    outer loop
      vertex 8.13399 -2.46742 35
      vertex 8.18845 -2.25 40
      vertex 8.18845 -2.25 35
    endloop
  endfacet
  facet normal -0.970032 0.242977 0
    outer loop
      vertex 8.18845 -2.25 40
      vertex 8.13399 -2.46742 35
      vertex 8.13399 -2.46742 40
    endloop
  endfacet
  facet normal 0 0 1
    outer loop
      vertex -2.25 -5.43198 35
      vertex -2.46742 -8.13399 35
      vertex -2.25 -8.18845 35
    endloop
  endfacet
  facet normal 0 0 1
    outer loop
      vertex -2.25 -5.43198 35
      vertex -3.25281 -7.85298 35
      vertex -2.46742 -8.13399 35
    endloop
  endfacet
  facet normal 0 0 1
    outer loop
      vertex -2.25 -5.43198 35
      vertex -4.00687 -7.49633 35
      vertex -3.25281 -7.85298 35
    endloop
  endfacet
  facet normal 0 -0 1
    outer loop
      vertex -4.00687 -7.49633 35
      vertex -2.25 -5.43198 35
      vertex -4.19912 -7.3811 35
    endloop
  endfacet
  facet normal 0 0 1
    outer loop
      vertex 2.25 -5.43198 35
      vertex 4.00687 -7.49633 35
      vertex 4.19912 -7.3811 35
    endloop
  endfacet
  facet normal 0 0 1
    outer loop
      vertex 4.00687 -7.49633 35
      vertex 2.25 -5.43198 35
      vertex 3.25281 -7.85298 35
    endloop
  endfacet
  facet normal 0 0 1
    outer loop
      vertex 3.25281 -7.85298 35
      vertex 2.25 -5.43198 35
      vertex 2.46742 -8.13399 35
    endloop
  endfacet
  facet normal 0 0 1
    outer loop
      vertex 2.46742 -8.13399 35
      vertex 2.25 -5.43198 35
      vertex 2.25 -8.18845 35
    endloop
  endfacet
  facet normal 0 0 1
    outer loop
      vertex 2.25 5.43198 35
      vertex 4.00687 7.49633 35
      vertex 3.25281 7.85298 35
    endloop
  endfacet
  facet normal 0 0 1
    outer loop
      vertex 2.25 5.43198 35
      vertex 3.25281 7.85298 35
      vertex 2.46742 8.13399 35
    endloop
  endfacet
  facet normal 0 0 1
    outer loop
      vertex 2.25 5.43198 35
      vertex 2.46742 8.13399 35
      vertex 2.25 8.18845 35
    endloop
  endfacet
  facet normal 0 0 1
    outer loop
      vertex 4.00687 7.49633 35
      vertex 2.25 5.43198 35
      vertex 4.19912 7.3811 35
    endloop
  endfacet
  facet normal 0 0 1
    outer loop
      vertex 5.43198 2.25 35
      vertex 8.13399 2.46742 35
      vertex 7.85298 3.25281 35
    endloop
  endfacet
  facet normal 0 0 1
    outer loop
      vertex 5.43198 2.25 35
      vertex 7.85298 3.25281 35
      vertex 7.49633 4.00687 35
    endloop
  endfacet
  facet normal 0 0 1
    outer loop
      vertex 5.43198 2.25 35
      vertex 7.49633 4.00687 35
      vertex 7.3811 4.19912 35
    endloop
  endfacet
  facet normal 0 0 1
    outer loop
      vertex 8.13399 2.46742 35
      vertex 5.43198 2.25 35
      vertex 8.18845 2.25 35
    endloop
  endfacet
  facet normal -0 0 1
    outer loop
      vertex -2.46742 8.13399 35
      vertex -2.25 5.43198 35
      vertex -2.25 8.18845 35
    endloop
  endfacet
  facet normal -0 0 1
    outer loop
      vertex -3.25281 7.85298 35
      vertex -2.25 5.43198 35
      vertex -2.46742 8.13399 35
    endloop
  endfacet
  facet normal -0 0 1
    outer loop
      vertex -4.00687 7.49633 35
      vertex -2.25 5.43198 35
      vertex -3.25281 7.85298 35
    endloop
  endfacet
  facet normal 0 0 1
    outer loop
      vertex -2.25 5.43198 35
      vertex -4.00687 7.49633 35
      vertex -4.19912 7.3811 35
    endloop
  endfacet
  facet normal -0 0 1
    outer loop
      vertex 5.43198 -2.25 35
      vertex 8.13399 -2.46742 35
      vertex 8.18845 -2.25 35
    endloop
  endfacet
  facet normal 0 0 1
    outer loop
      vertex 8.13399 -2.46742 35
      vertex 5.43198 -2.25 35
      vertex 7.85298 -3.25281 35
    endloop
  endfacet
  facet normal 0 0 1
    outer loop
      vertex 7.85298 -3.25281 35
      vertex 5.43198 -2.25 35
      vertex 7.49633 -4.00687 35
    endloop
  endfacet
  facet normal 0 0 1
    outer loop
      vertex 7.49633 -4.00687 35
      vertex 5.43198 -2.25 35
      vertex 7.3811 -4.19912 35
    endloop
  endfacet
  facet normal -0 0 1
    outer loop
      vertex -7.49633 4.00687 35
      vertex -5.43198 2.25 35
      vertex -7.3811 4.19912 35
    endloop
  endfacet
  facet normal -0 0 1
    outer loop
      vertex -7.85298 3.25281 35
      vertex -5.43198 2.25 35
      vertex -7.49633 4.00687 35
    endloop
  endfacet
  facet normal -0 0 1
    outer loop
      vertex -8.13399 2.46742 35
      vertex -5.43198 2.25 35
      vertex -7.85298 3.25281 35
    endloop
  endfacet
  facet normal 0 0 1
    outer loop
      vertex -5.43198 2.25 35
      vertex -8.13399 2.46742 35
      vertex -8.18845 2.25 35
    endloop
  endfacet
  facet normal 0 0 1
    outer loop
      vertex -5.43198 -2.25 35
      vertex -7.49633 -4.00687 35
      vertex -7.3811 -4.19912 35
    endloop
  endfacet
  facet normal 0 0 1
    outer loop
      vertex -5.43198 -2.25 35
      vertex -7.85298 -3.25281 35
      vertex -7.49633 -4.00687 35
    endloop
  endfacet
  facet normal 0 0 1
    outer loop
      vertex -5.43198 -2.25 35
      vertex -8.13399 -2.46742 35
      vertex -7.85298 -3.25281 35
    endloop
  endfacet
  facet normal 0 -0 1
    outer loop
      vertex -8.13399 -2.46742 35
      vertex -5.43198 -2.25 35
      vertex -8.18845 -2.25 35
    endloop
  endfacet
  facet normal 0.514102 -0.857729 0
    outer loop
      vertex -4.19912 7.3811 35
      vertex -4.00687 7.49633 40
      vertex -4.19912 7.3811 40
    endloop
  endfacet
  facet normal 0.514102 -0.857729 0
    outer loop
      vertex -4.00687 7.49633 40
      vertex -4.19912 7.3811 35
      vertex -4.00687 7.49633 35
    endloop
  endfacet
  facet normal 0.970032 -0.242977 0
    outer loop
      vertex -8.18845 2.25 40
      vertex -8.13399 2.46742 35
      vertex -8.13399 2.46742 40
    endloop
  endfacet
  facet normal 0.970032 -0.242977 0
    outer loop
      vertex -8.13399 2.46742 35
      vertex -8.18845 2.25 40
      vertex -8.18845 2.25 35
    endloop
  endfacet
  facet normal -0.427561 0.903986 0
    outer loop
      vertex 4.00687 -7.49633 35
      vertex 3.25281 -7.85298 40
      vertex 4.00687 -7.49633 40
    endloop
  endfacet
  facet normal -0.427561 0.903986 0
    outer loop
      vertex 3.25281 -7.85298 40
      vertex 4.00687 -7.49633 35
      vertex 3.25281 -7.85298 35
    endloop
  endfacet
  facet normal 0.336882 -0.941547 0
    outer loop
      vertex -3.25281 7.85298 35
      vertex -2.46742 8.13399 40
      vertex -3.25281 7.85298 40
    endloop
  endfacet
  facet normal 0.336882 -0.941547 0
    outer loop
      vertex -2.46742 8.13399 40
      vertex -3.25281 7.85298 35
      vertex -2.46742 8.13399 35
    endloop
  endfacet
  facet normal -0.514102 0.857729 0
    outer loop
      vertex 4.19912 -7.3811 35
      vertex 4.00687 -7.49633 40
      vertex 4.19912 -7.3811 40
    endloop
  endfacet
  facet normal -0.514102 0.857729 0
    outer loop
      vertex 4.00687 -7.49633 40
      vertex 4.19912 -7.3811 35
      vertex 4.00687 -7.49633 35
    endloop
  endfacet
  facet normal 0.427561 -0.903986 0
    outer loop
      vertex -4.00687 7.49633 35
      vertex -3.25281 7.85298 40
      vertex -4.00687 7.49633 40
    endloop
  endfacet
  facet normal 0.427561 -0.903986 0
    outer loop
      vertex -3.25281 7.85298 40
      vertex -4.00687 7.49633 35
      vertex -3.25281 7.85298 35
    endloop
  endfacet
  facet normal 0.242977 0.970032 -0
    outer loop
      vertex -2.25 -8.18845 35
      vertex -2.46742 -8.13399 40
      vertex -2.25 -8.18845 40
    endloop
  endfacet
  facet normal 0.242977 0.970032 0
    outer loop
      vertex -2.46742 -8.13399 40
      vertex -2.25 -8.18845 35
      vertex -2.46742 -8.13399 35
    endloop
  endfacet
  facet normal -0.970032 -0.242977 0
    outer loop
      vertex 8.18845 2.25 35
      vertex 8.13399 2.46742 40
      vertex 8.13399 2.46742 35
    endloop
  endfacet
  facet normal -0.970032 -0.242977 0
    outer loop
      vertex 8.13399 2.46742 40
      vertex 8.18845 2.25 35
      vertex 8.18845 2.25 40
    endloop
  endfacet
  facet normal 0.903986 0.427561 0
    outer loop
      vertex -7.49633 -4.00687 40
      vertex -7.85298 -3.25281 35
      vertex -7.85298 -3.25281 40
    endloop
  endfacet
  facet normal 0.903986 0.427561 0
    outer loop
      vertex -7.85298 -3.25281 35
      vertex -7.49633 -4.00687 40
      vertex -7.49633 -4.00687 35
    endloop
  endfacet
  facet normal 0.427561 0.903986 -0
    outer loop
      vertex -3.25281 -7.85298 35
      vertex -4.00687 -7.49633 40
      vertex -3.25281 -7.85298 40
    endloop
  endfacet
  facet normal 0.427561 0.903986 0
    outer loop
      vertex -4.00687 -7.49633 40
      vertex -3.25281 -7.85298 35
      vertex -4.00687 -7.49633 35
    endloop
  endfacet
  facet normal -0.336882 0.941547 0
    outer loop
      vertex 3.25281 -7.85298 35
      vertex 2.46742 -8.13399 40
      vertex 3.25281 -7.85298 40
    endloop
  endfacet
  facet normal -0.336882 0.941547 0
    outer loop
      vertex 2.46742 -8.13399 40
      vertex 3.25281 -7.85298 35
      vertex 2.46742 -8.13399 35
    endloop
  endfacet
  facet normal -0.242977 0.970032 0
    outer loop
      vertex 2.46742 -8.13399 35
      vertex 2.25 -8.18845 40
      vertex 2.46742 -8.13399 40
    endloop
  endfacet
  facet normal -0.242977 0.970032 0
    outer loop
      vertex 2.25 -8.18845 40
      vertex 2.46742 -8.13399 35
      vertex 2.25 -8.18845 35
    endloop
  endfacet
  facet normal 0.903986 -0.427561 0
    outer loop
      vertex -7.85298 3.25281 40
      vertex -7.49633 4.00687 35
      vertex -7.49633 4.00687 40
    endloop
  endfacet
  facet normal 0.903986 -0.427561 0
    outer loop
      vertex -7.49633 4.00687 35
      vertex -7.85298 3.25281 40
      vertex -7.85298 3.25281 35
    endloop
  endfacet
  facet normal -0.903986 0.427561 0
    outer loop
      vertex 7.49633 -4.00687 35
      vertex 7.85298 -3.25281 40
      vertex 7.85298 -3.25281 35
    endloop
  endfacet
  facet normal -0.903986 0.427561 0
    outer loop
      vertex 7.85298 -3.25281 40
      vertex 7.49633 -4.00687 35
      vertex 7.49633 -4.00687 40
    endloop
  endfacet
  facet normal -0.857729 0.514102 0
    outer loop
      vertex 7.3811 -4.19912 35
      vertex 7.49633 -4.00687 40
      vertex 7.49633 -4.00687 35
    endloop
  endfacet
  facet normal -0.857729 0.514102 0
    outer loop
      vertex 7.49633 -4.00687 40
      vertex 7.3811 -4.19912 35
      vertex 7.3811 -4.19912 40
    endloop
  endfacet
  facet normal 0.336882 0.941547 -0
    outer loop
      vertex -2.46742 -8.13399 35
      vertex -3.25281 -7.85298 40
      vertex -2.46742 -8.13399 40
    endloop
  endfacet
  facet normal 0.336882 0.941547 0
    outer loop
      vertex -3.25281 -7.85298 40
      vertex -2.46742 -8.13399 35
      vertex -3.25281 -7.85298 35
    endloop
  endfacet
  facet normal 0.740935 0.671577 0
    outer loop
      vertex 11.5952 9.5159 3
      vertex 10.6066 10.6066 0
      vertex 10.6066 10.6066 3
    endloop
  endfacet
  facet normal 0.740935 0.671577 0
    outer loop
      vertex 10.6066 10.6066 0
      vertex 11.5952 9.5159 3
      vertex 11.5952 9.5159 0
    endloop
  endfacet
  facet normal 0.989176 0.146737 0
    outer loop
      vertex 14.9278 1.47026 3
      vertex 14.7118 2.92635 0
      vertex 14.7118 2.92635 3
    endloop
  endfacet
  facet normal 0.989176 0.146737 0
    outer loop
      vertex 14.7118 2.92635 0
      vertex 14.9278 1.47026 3
      vertex 14.9278 1.47026 0
    endloop
  endfacet
  facet normal 0.998796 0.0490479 0
    outer loop
      vertex 15 0 3
      vertex 14.9278 1.47026 0
      vertex 14.9278 1.47026 3
    endloop
  endfacet
  facet normal 0.998796 0.0490479 0
    outer loop
      vertex 14.9278 1.47026 0
      vertex 15 0 3
      vertex 15 0 0
    endloop
  endfacet
  facet normal 0.970027 0.242996 0
    outer loop
      vertex 14.7118 2.92635 3
      vertex 14.3541 4.35427 0
      vertex 14.3541 4.35427 3
    endloop
  endfacet
  facet normal 0.970027 0.242996 0
    outer loop
      vertex 14.3541 4.35427 0
      vertex 14.7118 2.92635 3
      vertex 14.7118 2.92635 0
    endloop
  endfacet
  facet normal 0.336883 -0.941547 0
    outer loop
      vertex 4.35427 -14.3541 0
      vertex 5.74025 -13.8582 3
      vertex 4.35427 -14.3541 3
    endloop
  endfacet
  facet normal 0.336883 -0.941547 0
    outer loop
      vertex 5.74025 -13.8582 3
      vertex 4.35427 -14.3541 0
      vertex 5.74025 -13.8582 0
    endloop
  endfacet
  facet normal 0.857721 0.514116 0
    outer loop
      vertex 13.2288 7.07095 3
      vertex 12.472 8.33355 0
      vertex 12.472 8.33355 3
    endloop
  endfacet
  facet normal 0.857721 0.514116 0
    outer loop
      vertex 12.472 8.33355 0
      vertex 13.2288 7.07095 3
      vertex 13.2288 7.07095 0
    endloop
  endfacet
  facet normal 0.242996 0.970027 -0
    outer loop
      vertex 4.35427 14.3541 0
      vertex 2.92635 14.7118 3
      vertex 4.35427 14.3541 3
    endloop
  endfacet
  facet normal 0.242996 0.970027 0
    outer loop
      vertex 2.92635 14.7118 3
      vertex 4.35427 14.3541 0
      vertex 2.92635 14.7118 0
    endloop
  endfacet
  facet normal -0.740935 0.671577 0
    outer loop
      vertex -11.5952 9.5159 0
      vertex -10.6066 10.6066 3
      vertex -10.6066 10.6066 0
    endloop
  endfacet
  facet normal -0.740935 0.671577 0
    outer loop
      vertex -10.6066 10.6066 3
      vertex -11.5952 9.5159 0
      vertex -11.5952 9.5159 3
    endloop
  endfacet
  facet normal 0.0490479 -0.998796 0
    outer loop
      vertex 0 -15 0
      vertex 1.47026 -14.9278 3
      vertex 0 -15 3
    endloop
  endfacet
  facet normal 0.0490479 -0.998796 0
    outer loop
      vertex 1.47026 -14.9278 3
      vertex 0 -15 0
      vertex 1.47026 -14.9278 0
    endloop
  endfacet
  facet normal 0.427569 0.903983 -0
    outer loop
      vertex 7.07095 13.2288 0
      vertex 5.74025 13.8582 3
      vertex 7.07095 13.2288 3
    endloop
  endfacet
  facet normal 0.427569 0.903983 0
    outer loop
      vertex 5.74025 13.8582 3
      vertex 7.07095 13.2288 0
      vertex 5.74025 13.8582 0
    endloop
  endfacet
  facet normal 0.671577 0.740935 -0
    outer loop
      vertex 10.6066 10.6066 0
      vertex 9.5159 11.5952 3
      vertex 10.6066 10.6066 3
    endloop
  endfacet
  facet normal 0.671577 0.740935 0
    outer loop
      vertex 9.5159 11.5952 3
      vertex 10.6066 10.6066 0
      vertex 9.5159 11.5952 0
    endloop
  endfacet
  facet normal -0.59566 -0.803237 0
    outer loop
      vertex -9.5159 -11.5952 0
      vertex -8.33355 -12.472 3
      vertex -9.5159 -11.5952 3
    endloop
  endfacet
  facet normal -0.59566 -0.803237 -0
    outer loop
      vertex -8.33355 -12.472 3
      vertex -9.5159 -11.5952 0
      vertex -8.33355 -12.472 0
    endloop
  endfacet
  facet normal 0.242996 -0.970027 0
    outer loop
      vertex 2.92635 -14.7118 0
      vertex 4.35427 -14.3541 3
      vertex 2.92635 -14.7118 3
    endloop
  endfacet
  facet normal 0.242996 -0.970027 0
    outer loop
      vertex 4.35427 -14.3541 3
      vertex 2.92635 -14.7118 0
      vertex 4.35427 -14.3541 0
    endloop
  endfacet
  facet normal 0.989176 -0.146737 0
    outer loop
      vertex 14.7118 -2.92635 3
      vertex 14.9278 -1.47026 0
      vertex 14.9278 -1.47026 3
    endloop
  endfacet
  facet normal 0.989176 -0.146737 0
    outer loop
      vertex 14.9278 -1.47026 0
      vertex 14.7118 -2.92635 3
      vertex 14.7118 -2.92635 0
    endloop
  endfacet
  facet normal 0.514116 -0.857721 0
    outer loop
      vertex 7.07095 -13.2288 0
      vertex 8.33355 -12.472 3
      vertex 7.07095 -13.2288 3
    endloop
  endfacet
  facet normal 0.514116 -0.857721 0
    outer loop
      vertex 8.33355 -12.472 3
      vertex 7.07095 -13.2288 0
      vertex 8.33355 -12.472 0
    endloop
  endfacet
  facet normal -0.242996 -0.970027 0
    outer loop
      vertex -4.35427 -14.3541 0
      vertex -2.92635 -14.7118 3
      vertex -4.35427 -14.3541 3
    endloop
  endfacet
  facet normal -0.242996 -0.970027 -0
    outer loop
      vertex -2.92635 -14.7118 3
      vertex -4.35427 -14.3541 0
      vertex -2.92635 -14.7118 0
    endloop
  endfacet
  facet normal -0.59566 0.803237 0
    outer loop
      vertex -8.33355 12.472 0
      vertex -9.5159 11.5952 3
      vertex -8.33355 12.472 3
    endloop
  endfacet
  facet normal -0.59566 0.803237 0
    outer loop
      vertex -9.5159 11.5952 3
      vertex -8.33355 12.472 0
      vertex -9.5159 11.5952 0
    endloop
  endfacet
  facet normal -0.998796 -0.0490479 0
    outer loop
      vertex -14.9278 -1.47026 0
      vertex -15 0 3
      vertex -15 0 0
    endloop
  endfacet
  facet normal -0.998796 -0.0490479 0
    outer loop
      vertex -15 0 3
      vertex -14.9278 -1.47026 0
      vertex -14.9278 -1.47026 3
    endloop
  endfacet
  facet normal -0.970027 -0.242996 0
    outer loop
      vertex -14.3541 -4.35427 0
      vertex -14.7118 -2.92635 3
      vertex -14.7118 -2.92635 0
    endloop
  endfacet
  facet normal -0.970027 -0.242996 0
    outer loop
      vertex -14.7118 -2.92635 3
      vertex -14.3541 -4.35427 0
      vertex -14.3541 -4.35427 3
    endloop
  endfacet
  facet normal 0.970027 -0.242996 0
    outer loop
      vertex 14.3541 -4.35427 3
      vertex 14.7118 -2.92635 0
      vertex 14.7118 -2.92635 3
    endloop
  endfacet
  facet normal 0.970027 -0.242996 0
    outer loop
      vertex 14.7118 -2.92635 0
      vertex 14.3541 -4.35427 3
      vertex 14.3541 -4.35427 0
    endloop
  endfacet
  facet normal -0.514116 0.857721 0
    outer loop
      vertex -7.07095 13.2288 0
      vertex -8.33355 12.472 3
      vertex -7.07095 13.2288 3
    endloop
  endfacet
  facet normal -0.514116 0.857721 0
    outer loop
      vertex -8.33355 12.472 3
      vertex -7.07095 13.2288 0
      vertex -8.33355 12.472 0
    endloop
  endfacet
  facet normal 0.59566 0.803237 -0
    outer loop
      vertex 9.5159 11.5952 0
      vertex 8.33355 12.472 3
      vertex 9.5159 11.5952 3
    endloop
  endfacet
  facet normal 0.59566 0.803237 0
    outer loop
      vertex 8.33355 12.472 3
      vertex 9.5159 11.5952 0
      vertex 8.33355 12.472 0
    endloop
  endfacet
  facet normal -0.903983 -0.427569 0
    outer loop
      vertex -13.2288 -7.07095 0
      vertex -13.8582 -5.74025 3
      vertex -13.8582 -5.74025 0
    endloop
  endfacet
  facet normal -0.903983 -0.427569 0
    outer loop
      vertex -13.8582 -5.74025 3
      vertex -13.2288 -7.07095 0
      vertex -13.2288 -7.07095 3
    endloop
  endfacet
  facet normal 0.941547 -0.336883 0
    outer loop
      vertex 13.8582 -5.74025 3
      vertex 14.3541 -4.35427 0
      vertex 14.3541 -4.35427 3
    endloop
  endfacet
  facet normal 0.941547 -0.336883 0
    outer loop
      vertex 14.3541 -4.35427 0
      vertex 13.8582 -5.74025 3
      vertex 13.8582 -5.74025 0
    endloop
  endfacet
  facet normal 0.146737 0.989176 -0
    outer loop
      vertex 2.92635 14.7118 0
      vertex 1.47026 14.9278 3
      vertex 2.92635 14.7118 3
    endloop
  endfacet
  facet normal 0.146737 0.989176 0
    outer loop
      vertex 1.47026 14.9278 3
      vertex 2.92635 14.7118 0
      vertex 1.47026 14.9278 0
    endloop
  endfacet
  facet normal -0.427569 0.903983 0
    outer loop
      vertex -5.74025 13.8582 0
      vertex -7.07095 13.2288 3
      vertex -5.74025 13.8582 3
    endloop
  endfacet
  facet normal -0.427569 0.903983 0
    outer loop
      vertex -7.07095 13.2288 3
      vertex -5.74025 13.8582 0
      vertex -7.07095 13.2288 0
    endloop
  endfacet
  facet normal 0.514116 0.857721 -0
    outer loop
      vertex 8.33355 12.472 0
      vertex 7.07095 13.2288 3
      vertex 8.33355 12.472 3
    endloop
  endfacet
  facet normal 0.514116 0.857721 0
    outer loop
      vertex 7.07095 13.2288 3
      vertex 8.33355 12.472 0
      vertex 7.07095 13.2288 0
    endloop
  endfacet
  facet normal 0.427569 -0.903983 0
    outer loop
      vertex 5.74025 -13.8582 0
      vertex 7.07095 -13.2288 3
      vertex 5.74025 -13.8582 3
    endloop
  endfacet
  facet normal 0.427569 -0.903983 0
    outer loop
      vertex 7.07095 -13.2288 3
      vertex 5.74025 -13.8582 0
      vertex 7.07095 -13.2288 0
    endloop
  endfacet
  facet normal -0.941547 -0.336883 0
    outer loop
      vertex -13.8582 -5.74025 0
      vertex -14.3541 -4.35427 3
      vertex -14.3541 -4.35427 0
    endloop
  endfacet
  facet normal -0.941547 -0.336883 0
    outer loop
      vertex -14.3541 -4.35427 3
      vertex -13.8582 -5.74025 0
      vertex -13.8582 -5.74025 3
    endloop
  endfacet
  facet normal 0.857721 -0.514116 0
    outer loop
      vertex 12.472 -8.33355 3
      vertex 13.2288 -7.07095 0
      vertex 13.2288 -7.07095 3
    endloop
  endfacet
  facet normal 0.857721 -0.514116 0
    outer loop
      vertex 13.2288 -7.07095 0
      vertex 12.472 -8.33355 3
      vertex 12.472 -8.33355 0
    endloop
  endfacet
  facet normal 0.903983 -0.427569 0
    outer loop
      vertex 13.2288 -7.07095 3
      vertex 13.8582 -5.74025 0
      vertex 13.8582 -5.74025 3
    endloop
  endfacet
  facet normal 0.903983 -0.427569 0
    outer loop
      vertex 13.8582 -5.74025 0
      vertex 13.2288 -7.07095 3
      vertex 13.2288 -7.07095 0
    endloop
  endfacet
  facet normal 0.998796 -0.0490479 0
    outer loop
      vertex 14.9278 -1.47026 3
      vertex 15 0 0
      vertex 15 0 3
    endloop
  endfacet
  facet normal 0.998796 -0.0490479 0
    outer loop
      vertex 15 0 0
      vertex 14.9278 -1.47026 3
      vertex 14.9278 -1.47026 0
    endloop
  endfacet
  facet normal -0.146737 0.989176 0
    outer loop
      vertex -1.47026 14.9278 0
      vertex -2.92635 14.7118 3
      vertex -1.47026 14.9278 3
    endloop
  endfacet
  facet normal -0.146737 0.989176 0
    outer loop
      vertex -2.92635 14.7118 3
      vertex -1.47026 14.9278 0
      vertex -2.92635 14.7118 0
    endloop
  endfacet
  facet normal 0.146737 -0.989176 0
    outer loop
      vertex 1.47026 -14.9278 0
      vertex 2.92635 -14.7118 3
      vertex 1.47026 -14.9278 3
    endloop
  endfacet
  facet normal 0.146737 -0.989176 0
    outer loop
      vertex 2.92635 -14.7118 3
      vertex 1.47026 -14.9278 0
      vertex 2.92635 -14.7118 0
    endloop
  endfacet
  facet normal 0.941547 0.336883 0
    outer loop
      vertex 14.3541 4.35427 3
      vertex 13.8582 5.74025 0
      vertex 13.8582 5.74025 3
    endloop
  endfacet
  facet normal 0.941547 0.336883 0
    outer loop
      vertex 13.8582 5.74025 0
      vertex 14.3541 4.35427 3
      vertex 14.3541 4.35427 0
    endloop
  endfacet
  facet normal 0.740935 -0.671577 0
    outer loop
      vertex 10.6066 -10.6066 3
      vertex 11.5952 -9.5159 0
      vertex 11.5952 -9.5159 3
    endloop
  endfacet
  facet normal 0.740935 -0.671577 0
    outer loop
      vertex 11.5952 -9.5159 0
      vertex 10.6066 -10.6066 3
      vertex 10.6066 -10.6066 0
    endloop
  endfacet
  facet normal 0.803237 -0.59566 0
    outer loop
      vertex 11.5952 -9.5159 3
      vertex 12.472 -8.33355 0
      vertex 12.472 -8.33355 3
    endloop
  endfacet
  facet normal 0.803237 -0.59566 0
    outer loop
      vertex 12.472 -8.33355 0
      vertex 11.5952 -9.5159 3
      vertex 11.5952 -9.5159 0
    endloop
  endfacet
  facet normal -0.242996 0.970027 0
    outer loop
      vertex -2.92635 14.7118 0
      vertex -4.35427 14.3541 3
      vertex -2.92635 14.7118 3
    endloop
  endfacet
  facet normal -0.242996 0.970027 0
    outer loop
      vertex -4.35427 14.3541 3
      vertex -2.92635 14.7118 0
      vertex -4.35427 14.3541 0
    endloop
  endfacet
  facet normal 0.803237 0.59566 0
    outer loop
      vertex 12.472 8.33355 3
      vertex 11.5952 9.5159 0
      vertex 11.5952 9.5159 3
    endloop
  endfacet
  facet normal 0.803237 0.59566 0
    outer loop
      vertex 11.5952 9.5159 0
      vertex 12.472 8.33355 3
      vertex 12.472 8.33355 0
    endloop
  endfacet
  facet normal 0.0490479 0.998796 -0
    outer loop
      vertex 1.47026 14.9278 0
      vertex 0 15 3
      vertex 1.47026 14.9278 3
    endloop
  endfacet
  facet normal 0.0490479 0.998796 0
    outer loop
      vertex 0 15 3
      vertex 1.47026 14.9278 0
      vertex 0 15 0
    endloop
  endfacet
  facet normal 0.903983 0.427569 0
    outer loop
      vertex 13.8582 5.74025 3
      vertex 13.2288 7.07095 0
      vertex 13.2288 7.07095 3
    endloop
  endfacet
  facet normal 0.903983 0.427569 0
    outer loop
      vertex 13.2288 7.07095 0
      vertex 13.8582 5.74025 3
      vertex 13.8582 5.74025 0
    endloop
  endfacet
  facet normal -0.857721 0.514116 0
    outer loop
      vertex -13.2288 7.07095 0
      vertex -12.472 8.33355 3
      vertex -12.472 8.33355 0
    endloop
  endfacet
  facet normal -0.857721 0.514116 0
    outer loop
      vertex -12.472 8.33355 3
      vertex -13.2288 7.07095 0
      vertex -13.2288 7.07095 3
    endloop
  endfacet
  facet normal -0.671577 0.740935 0
    outer loop
      vertex -9.5159 11.5952 0
      vertex -10.6066 10.6066 3
      vertex -9.5159 11.5952 3
    endloop
  endfacet
  facet normal -0.671577 0.740935 0
    outer loop
      vertex -10.6066 10.6066 3
      vertex -9.5159 11.5952 0
      vertex -10.6066 10.6066 0
    endloop
  endfacet
  facet normal -0.857721 -0.514116 0
    outer loop
      vertex -12.472 -8.33355 0
      vertex -13.2288 -7.07095 3
      vertex -13.2288 -7.07095 0
    endloop
  endfacet
  facet normal -0.857721 -0.514116 0
    outer loop
      vertex -13.2288 -7.07095 3
      vertex -12.472 -8.33355 0
      vertex -12.472 -8.33355 3
    endloop
  endfacet
  facet normal -0.427569 -0.903983 0
    outer loop
      vertex -7.07095 -13.2288 0
      vertex -5.74025 -13.8582 3
      vertex -7.07095 -13.2288 3
    endloop
  endfacet
  facet normal -0.427569 -0.903983 -0
    outer loop
      vertex -5.74025 -13.8582 3
      vertex -7.07095 -13.2288 0
      vertex -5.74025 -13.8582 0
    endloop
  endfacet
  facet normal -0.740935 -0.671577 0
    outer loop
      vertex -10.6066 -10.6066 0
      vertex -11.5952 -9.5159 3
      vertex -11.5952 -9.5159 0
    endloop
  endfacet
  facet normal -0.740935 -0.671577 0
    outer loop
      vertex -11.5952 -9.5159 3
      vertex -10.6066 -10.6066 0
      vertex -10.6066 -10.6066 3
    endloop
  endfacet
  facet normal -0.336883 0.941547 0
    outer loop
      vertex -4.35427 14.3541 0
      vertex -5.74025 13.8582 3
      vertex -4.35427 14.3541 3
    endloop
  endfacet
  facet normal -0.336883 0.941547 0
    outer loop
      vertex -5.74025 13.8582 3
      vertex -4.35427 14.3541 0
      vertex -5.74025 13.8582 0
    endloop
  endfacet
  facet normal -0.514116 -0.857721 0
    outer loop
      vertex -8.33355 -12.472 0
      vertex -7.07095 -13.2288 3
      vertex -8.33355 -12.472 3
    endloop
  endfacet
  facet normal -0.514116 -0.857721 -0
    outer loop
      vertex -7.07095 -13.2288 3
      vertex -8.33355 -12.472 0
      vertex -7.07095 -13.2288 0
    endloop
  endfacet
  facet normal 0.59566 -0.803237 0
    outer loop
      vertex 8.33355 -12.472 0
      vertex 9.5159 -11.5952 3
      vertex 8.33355 -12.472 3
    endloop
  endfacet
  facet normal 0.59566 -0.803237 0
    outer loop
      vertex 9.5159 -11.5952 3
      vertex 8.33355 -12.472 0
      vertex 9.5159 -11.5952 0
    endloop
  endfacet
  facet normal -0.0490479 0.998796 0
    outer loop
      vertex 0 15 0
      vertex -1.47026 14.9278 3
      vertex 0 15 3
    endloop
  endfacet
  facet normal -0.0490479 0.998796 0
    outer loop
      vertex -1.47026 14.9278 3
      vertex 0 15 0
      vertex -1.47026 14.9278 0
    endloop
  endfacet
  facet normal -0.970027 0.242996 0
    outer loop
      vertex -14.7118 2.92635 0
      vertex -14.3541 4.35427 3
      vertex -14.3541 4.35427 0
    endloop
  endfacet
  facet normal -0.970027 0.242996 0
    outer loop
      vertex -14.3541 4.35427 3
      vertex -14.7118 2.92635 0
      vertex -14.7118 2.92635 3
    endloop
  endfacet
  facet normal -0.941547 0.336883 0
    outer loop
      vertex -14.3541 4.35427 0
      vertex -13.8582 5.74025 3
      vertex -13.8582 5.74025 0
    endloop
  endfacet
  facet normal -0.941547 0.336883 0
    outer loop
      vertex -13.8582 5.74025 3
      vertex -14.3541 4.35427 0
      vertex -14.3541 4.35427 3
    endloop
  endfacet
  facet normal 0.336883 0.941547 -0
    outer loop
      vertex 5.74025 13.8582 0
      vertex 4.35427 14.3541 3
      vertex 5.74025 13.8582 3
    endloop
  endfacet
  facet normal 0.336883 0.941547 0
    outer loop
      vertex 4.35427 14.3541 3
      vertex 5.74025 13.8582 0
      vertex 4.35427 14.3541 0
    endloop
  endfacet
  facet normal -0.803237 -0.59566 0
    outer loop
      vertex -11.5952 -9.5159 0
      vertex -12.472 -8.33355 3
      vertex -12.472 -8.33355 0
    endloop
  endfacet
  facet normal -0.803237 -0.59566 0
    outer loop
      vertex -12.472 -8.33355 3
      vertex -11.5952 -9.5159 0
      vertex -11.5952 -9.5159 3
    endloop
  endfacet
  facet normal -0.989176 -0.146737 0
    outer loop
      vertex -14.7118 -2.92635 0
      vertex -14.9278 -1.47026 3
      vertex -14.9278 -1.47026 0
    endloop
  endfacet
  facet normal -0.989176 -0.146737 0
    outer loop
      vertex -14.9278 -1.47026 3
      vertex -14.7118 -2.92635 0
      vertex -14.7118 -2.92635 3
    endloop
  endfacet
  facet normal -0.903983 0.427569 0
    outer loop
      vertex -13.8582 5.74025 0
      vertex -13.2288 7.07095 3
      vertex -13.2288 7.07095 0
    endloop
  endfacet
  facet normal -0.903983 0.427569 0
    outer loop
      vertex -13.2288 7.07095 3
      vertex -13.8582 5.74025 0
      vertex -13.8582 5.74025 3
    endloop
  endfacet
  facet normal 0 0 -1
    outer loop
      vertex 14.9278 -1.47026 0
      vertex 14.9278 1.47026 0
      vertex 15 0 0
    endloop
  endfacet
  facet normal 0 0 -1
    outer loop
      vertex 14.7118 -2.92635 0
      vertex 14.9278 1.47026 0
      vertex 14.9278 -1.47026 0
    endloop
  endfacet
  facet normal 0 0 -1
    outer loop
      vertex 14.7118 -2.92635 0
      vertex 14.7118 2.92635 0
      vertex 14.9278 1.47026 0
    endloop
  endfacet
  facet normal 0 0 -1
    outer loop
      vertex 14.3541 -4.35427 0
      vertex 14.7118 2.92635 0
      vertex 14.7118 -2.92635 0
    endloop
  endfacet
  facet normal 0 0 -1
    outer loop
      vertex 14.3541 -4.35427 0
      vertex 14.3541 4.35427 0
      vertex 14.7118 2.92635 0
    endloop
  endfacet
  facet normal 0 0 -1
    outer loop
      vertex 13.8582 -5.74025 0
      vertex 14.3541 4.35427 0
      vertex 14.3541 -4.35427 0
    endloop
  endfacet
  facet normal 0 0 -1
    outer loop
      vertex 13.8582 -5.74025 0
      vertex 13.8582 5.74025 0
      vertex 14.3541 4.35427 0
    endloop
  endfacet
  facet normal 0 0 -1
    outer loop
      vertex 13.2288 -7.07095 0
      vertex 13.8582 5.74025 0
      vertex 13.8582 -5.74025 0
    endloop
  endfacet
  facet normal 0 0 -1
    outer loop
      vertex 13.2288 -7.07095 0
      vertex 13.2288 7.07095 0
      vertex 13.8582 5.74025 0
    endloop
  endfacet
  facet normal 0 0 -1
    outer loop
      vertex 12.472 -8.33355 0
      vertex 13.2288 7.07095 0
      vertex 13.2288 -7.07095 0
    endloop
  endfacet
  facet normal 0 0 -1
    outer loop
      vertex 12.472 -8.33355 0
      vertex 12.472 8.33355 0
      vertex 13.2288 7.07095 0
    endloop
  endfacet
  facet normal 0 0 -1
    outer loop
      vertex 11.5952 -9.5159 0
      vertex 12.472 8.33355 0
      vertex 12.472 -8.33355 0
    endloop
  endfacet
  facet normal 0 0 -1
    outer loop
      vertex 11.5952 -9.5159 0
      vertex 11.5952 9.5159 0
      vertex 12.472 8.33355 0
    endloop
  endfacet
  facet normal 0 0 -1
    outer loop
      vertex 10.6066 -10.6066 0
      vertex 11.5952 9.5159 0
      vertex 11.5952 -9.5159 0
    endloop
  endfacet
  facet normal 0 0 -1
    outer loop
      vertex 10.6066 -10.6066 0
      vertex 10.6066 10.6066 0
      vertex 11.5952 9.5159 0
    endloop
  endfacet
  facet normal 0 0 -1
    outer loop
      vertex 9.5159 -11.5952 0
      vertex 10.6066 10.6066 0
      vertex 10.6066 -10.6066 0
    endloop
  endfacet
  facet normal 0 0 -1
    outer loop
      vertex 9.5159 -11.5952 0
      vertex 9.5159 11.5952 0
      vertex 10.6066 10.6066 0
    endloop
  endfacet
  facet normal 0 0 -1
    outer loop
      vertex 8.33355 -12.472 0
      vertex 9.5159 11.5952 0
      vertex 9.5159 -11.5952 0
    endloop
  endfacet
  facet normal 0 0 -1
    outer loop
      vertex 8.33355 -12.472 0
      vertex 8.33355 12.472 0
      vertex 9.5159 11.5952 0
    endloop
  endfacet
  facet normal 0 0 -1
    outer loop
      vertex 7.07095 -13.2288 0
      vertex 8.33355 12.472 0
      vertex 8.33355 -12.472 0
    endloop
  endfacet
  facet normal 0 0 -1
    outer loop
      vertex 7.07095 -13.2288 0
      vertex 7.07095 13.2288 0
      vertex 8.33355 12.472 0
    endloop
  endfacet
  facet normal 0 0 -1
    outer loop
      vertex 5.74025 -13.8582 0
      vertex 7.07095 13.2288 0
      vertex 7.07095 -13.2288 0
    endloop
  endfacet
  facet normal 0 0 -1
    outer loop
      vertex 5.74025 -13.8582 0
      vertex 5.74025 13.8582 0
      vertex 7.07095 13.2288 0
    endloop
  endfacet
  facet normal 0 0 -1
    outer loop
      vertex 4.35427 -14.3541 0
      vertex 5.74025 13.8582 0
      vertex 5.74025 -13.8582 0
    endloop
  endfacet
  facet normal 0 0 -1
    outer loop
      vertex 4.35427 -14.3541 0
      vertex 4.35427 14.3541 0
      vertex 5.74025 13.8582 0
    endloop
  endfacet
  facet normal 0 0 -1
    outer loop
      vertex 2.92635 -14.7118 0
      vertex 4.35427 14.3541 0
      vertex 4.35427 -14.3541 0
    endloop
  endfacet
  facet normal 0 0 -1
    outer loop
      vertex 2.92635 -14.7118 0
      vertex 2.92635 14.7118 0
      vertex 4.35427 14.3541 0
    endloop
  endfacet
  facet normal 0 0 -1
    outer loop
      vertex 1.47026 -14.9278 0
      vertex 2.92635 14.7118 0
      vertex 2.92635 -14.7118 0
    endloop
  endfacet
  facet normal 0 0 -1
    outer loop
      vertex 1.47026 -14.9278 0
      vertex 1.47026 14.9278 0
      vertex 2.92635 14.7118 0
    endloop
  endfacet
  facet normal 0 0 -1
    outer loop
      vertex 0 -15 0
      vertex 1.47026 14.9278 0
      vertex 1.47026 -14.9278 0
    endloop
  endfacet
  facet normal 0 0 -1
    outer loop
      vertex 0 -15 0
      vertex 0 15 0
      vertex 1.47026 14.9278 0
    endloop
  endfacet
  facet normal 0 0 -1
    outer loop
      vertex -1.47026 -14.9278 0
      vertex 0 15 0
      vertex 0 -15 0
    endloop
  endfacet
  facet normal 0 0 -1
    outer loop
      vertex -1.47026 -14.9278 0
      vertex -1.47026 14.9278 0
      vertex 0 15 0
    endloop
  endfacet
  facet normal 0 0 -1
    outer loop
      vertex -2.92635 -14.7118 0
      vertex -1.47026 14.9278 0
      vertex -1.47026 -14.9278 0
    endloop
  endfacet
  facet normal 0 0 -1
    outer loop
      vertex -2.92635 -14.7118 0
      vertex -2.92635 14.7118 0
      vertex -1.47026 14.9278 0
    endloop
  endfacet
  facet normal 0 0 -1
    outer loop
      vertex -4.35427 -14.3541 0
      vertex -2.92635 14.7118 0
      vertex -2.92635 -14.7118 0
    endloop
  endfacet
  facet normal 0 0 -1
    outer loop
      vertex -4.35427 -14.3541 0
      vertex -4.35427 14.3541 0
      vertex -2.92635 14.7118 0
    endloop
  endfacet
  facet normal 0 0 -1
    outer loop
      vertex -5.74025 -13.8582 0
      vertex -4.35427 14.3541 0
      vertex -4.35427 -14.3541 0
    endloop
  endfacet
  facet normal 0 0 -1
    outer loop
      vertex -5.74025 -13.8582 0
      vertex -5.74025 13.8582 0
      vertex -4.35427 14.3541 0
    endloop
  endfacet
  facet normal 0 0 -1
    outer loop
      vertex -7.07095 -13.2288 0
      vertex -5.74025 13.8582 0
      vertex -5.74025 -13.8582 0
    endloop
  endfacet
  facet normal 0 0 -1
    outer loop
      vertex -7.07095 -13.2288 0
      vertex -7.07095 13.2288 0
      vertex -5.74025 13.8582 0
    endloop
  endfacet
  facet normal 0 0 -1
    outer loop
      vertex -8.33355 -12.472 0
      vertex -7.07095 13.2288 0
      vertex -7.07095 -13.2288 0
    endloop
  endfacet
  facet normal 0 0 -1
    outer loop
      vertex -8.33355 -12.472 0
      vertex -8.33355 12.472 0
      vertex -7.07095 13.2288 0
    endloop
  endfacet
  facet normal 0 0 -1
    outer loop
      vertex -9.5159 -11.5952 0
      vertex -8.33355 12.472 0
      vertex -8.33355 -12.472 0
    endloop
  endfacet
  facet normal 0 0 -1
    outer loop
      vertex -9.5159 -11.5952 0
      vertex -9.5159 11.5952 0
      vertex -8.33355 12.472 0
    endloop
  endfacet
  facet normal 0 0 -1
    outer loop
      vertex -10.6066 -10.6066 0
      vertex -9.5159 11.5952 0
      vertex -9.5159 -11.5952 0
    endloop
  endfacet
  facet normal 0 0 -1
    outer loop
      vertex -10.6066 -10.6066 0
      vertex -10.6066 10.6066 0
      vertex -9.5159 11.5952 0
    endloop
  endfacet
  facet normal 0 0 -1
    outer loop
      vertex -11.5952 -9.5159 0
      vertex -10.6066 10.6066 0
      vertex -10.6066 -10.6066 0
    endloop
  endfacet
  facet normal 0 0 -1
    outer loop
      vertex -11.5952 -9.5159 0
      vertex -11.5952 9.5159 0
      vertex -10.6066 10.6066 0
    endloop
  endfacet
  facet normal 0 0 -1
    outer loop
      vertex -12.472 -8.33355 0
      vertex -11.5952 9.5159 0
      vertex -11.5952 -9.5159 0
    endloop
  endfacet
  facet normal 0 0 -1
    outer loop
      vertex -12.472 -8.33355 0
      vertex -12.472 8.33355 0
      vertex -11.5952 9.5159 0
    endloop
  endfacet
  facet normal 0 0 -1
    outer loop
      vertex -13.2288 -7.07095 0
      vertex -12.472 8.33355 0
      vertex -12.472 -8.33355 0
    endloop
  endfacet
  facet normal 0 0 -1
    outer loop
      vertex -13.2288 -7.07095 0
      vertex -13.2288 7.07095 0
      vertex -12.472 8.33355 0
    endloop
  endfacet
  facet normal 0 0 -1
    outer loop
      vertex -13.8582 -5.74025 0
      vertex -13.2288 7.07095 0
      vertex -13.2288 -7.07095 0
    endloop
  endfacet
  facet normal 0 0 -1
    outer loop
      vertex -13.8582 -5.74025 0
      vertex -13.8582 5.74025 0
      vertex -13.2288 7.07095 0
    endloop
  endfacet
  facet normal 0 0 -1
    outer loop
      vertex -14.3541 -4.35427 0
      vertex -13.8582 5.74025 0
      vertex -13.8582 -5.74025 0
    endloop
  endfacet
  facet normal 0 0 -1
    outer loop
      vertex -14.3541 -4.35427 0
      vertex -14.3541 4.35427 0
      vertex -13.8582 5.74025 0
    endloop
  endfacet
  facet normal 0 0 -1
    outer loop
      vertex -14.7118 -2.92635 0
      vertex -14.3541 4.35427 0
      vertex -14.3541 -4.35427 0
    endloop
  endfacet
  facet normal 0 0 -1
    outer loop
      vertex -14.7118 -2.92635 0
      vertex -14.7118 2.92635 0
      vertex -14.3541 4.35427 0
    endloop
  endfacet
  facet normal 0 0 -1
    outer loop
      vertex -14.9278 -1.47026 0
      vertex -14.7118 2.92635 0
      vertex -14.7118 -2.92635 0
    endloop
  endfacet
  facet normal 0 0 -1
    outer loop
      vertex -14.9278 -1.47026 0
      vertex -14.9278 1.47026 0
      vertex -14.7118 2.92635 0
    endloop
  endfacet
  facet normal 0 -0 -1
    outer loop
      vertex -14.9278 1.47026 0
      vertex -14.9278 -1.47026 0
      vertex -15 0 0
    endloop
  endfacet
  facet normal -0.671577 -0.740935 0
    outer loop
      vertex -10.6066 -10.6066 0
      vertex -9.5159 -11.5952 3
      vertex -10.6066 -10.6066 3
    endloop
  endfacet
  facet normal -0.671577 -0.740935 -0
    outer loop
      vertex -9.5159 -11.5952 3
      vertex -10.6066 -10.6066 0
      vertex -9.5159 -11.5952 0
    endloop
  endfacet
  facet normal -0.803237 0.59566 0
    outer loop
      vertex -12.472 8.33355 0
      vertex -11.5952 9.5159 3
      vertex -11.5952 9.5159 0
    endloop
  endfacet
  facet normal -0.803237 0.59566 0
    outer loop
      vertex -11.5952 9.5159 3
      vertex -12.472 8.33355 0
      vertex -12.472 8.33355 3
    endloop
  endfacet
  facet normal -0.0490479 -0.998796 0
    outer loop
      vertex -1.47026 -14.9278 0
      vertex 0 -15 3
      vertex -1.47026 -14.9278 3
    endloop
  endfacet
  facet normal -0.0490479 -0.998796 -0
    outer loop
      vertex 0 -15 3
      vertex -1.47026 -14.9278 0
      vertex 0 -15 0
    endloop
  endfacet
  facet normal -0.146737 -0.989176 0
    outer loop
      vertex -2.92635 -14.7118 0
      vertex -1.47026 -14.9278 3
      vertex -2.92635 -14.7118 3
    endloop
  endfacet
  facet normal -0.146737 -0.989176 -0
    outer loop
      vertex -1.47026 -14.9278 3
      vertex -2.92635 -14.7118 0
      vertex -1.47026 -14.9278 0
    endloop
  endfacet
  facet normal -0.989176 0.146737 0
    outer loop
      vertex -14.9278 1.47026 0
      vertex -14.7118 2.92635 3
      vertex -14.7118 2.92635 0
    endloop
  endfacet
  facet normal -0.989176 0.146737 0
    outer loop
      vertex -14.7118 2.92635 3
      vertex -14.9278 1.47026 0
      vertex -14.9278 1.47026 3
    endloop
  endfacet
  facet normal -0.998796 0.0490479 0
    outer loop
      vertex -15 0 0
      vertex -14.9278 1.47026 3
      vertex -14.9278 1.47026 0
    endloop
  endfacet
  facet normal -0.998796 0.0490479 0
    outer loop
      vertex -14.9278 1.47026 3
      vertex -15 0 0
      vertex -15 0 3
    endloop
  endfacet
  facet normal -0.336883 -0.941547 0
    outer loop
      vertex -5.74025 -13.8582 0
      vertex -4.35427 -14.3541 3
      vertex -5.74025 -13.8582 3
    endloop
  endfacet
  facet normal -0.336883 -0.941547 -0
    outer loop
      vertex -4.35427 -14.3541 3
      vertex -5.74025 -13.8582 0
      vertex -4.35427 -14.3541 0
    endloop
  endfacet
  facet normal 0.671577 -0.740935 0
    outer loop
      vertex 9.5159 -11.5952 0
      vertex 10.6066 -10.6066 3
      vertex 9.5159 -11.5952 3
    endloop
  endfacet
  facet normal 0.671577 -0.740935 0
    outer loop
      vertex 10.6066 -10.6066 3
      vertex 9.5159 -11.5952 0
      vertex 10.6066 -10.6066 0
    endloop
  endfacet
  facet normal 0.706681 0.0347029 0.706681
    outer loop
      vertex 14.9278 1.47026 3
      vertex 13 0 5
      vertex 15 0 3
    endloop
  endfacet
  facet normal -0.60687 0.363757 0.706675
    outer loop
      vertex -12.472 8.33355 3
      vertex -13.2288 7.07095 3
      vertex -10.8091 7.22241 5
    endloop
  endfacet
  facet normal 0.302485 0.639622 0.706673
    outer loop
      vertex 7.07095 13.2288 3
      vertex 4.97488 12.0104 5
      vertex 6.12816 11.465 5
    endloop
  endfacet
  facet normal -0.666169 0.238353 0.706687
    outer loop
      vertex -13.8582 5.74025 3
      vertex -14.3541 4.35427 3
      vertex -12.0104 4.97488 5
    endloop
  endfacet
  facet normal -0.686324 0.171923 0.706684
    outer loop
      vertex -12.4402 3.7737 5
      vertex -14.3541 4.35427 3
      vertex -12.7502 2.53617 5
    endloop
  endfacet
  facet normal 0.568278 -0.421481 0.706692
    outer loop
      vertex 10.8091 -7.22241 5
      vertex 10.0491 -8.24711 5
      vertex 11.5952 -9.5159 3
    endloop
  endfacet
  facet normal 0.421452 0.56832 0.706676
    outer loop
      vertex 8.33355 12.472 3
      vertex 7.22241 10.8091 5
      vertex 9.5159 11.5952 3
    endloop
  endfacet
  facet normal 0.56832 0.421452 0.706676
    outer loop
      vertex 11.5952 9.5159 3
      vertex 10.8091 7.22241 5
      vertex 12.472 8.33355 3
    endloop
  endfacet
  facet normal 0.568278 0.421481 0.706692
    outer loop
      vertex 11.5952 9.5159 3
      vertex 10.0491 8.24711 5
      vertex 10.8091 7.22241 5
    endloop
  endfacet
  facet normal 0.606869 -0.363761 0.706673
    outer loop
      vertex 11.465 -6.12816 5
      vertex 10.8091 -7.22241 5
      vertex 13.2288 -7.07095 3
    endloop
  endfacet
  facet normal -0.238365 -0.666168 0.706684
    outer loop
      vertex -3.7737 -12.4402 5
      vertex -4.97488 -12.0104 5
      vertex -4.35427 -14.3541 3
    endloop
  endfacet
  facet normal 0.666169 0.238353 0.706687
    outer loop
      vertex 13.8582 5.74025 3
      vertex 12.0104 4.97488 5
      vertex 14.3541 4.35427 3
    endloop
  endfacet
  facet normal 0.421452 -0.56832 0.706676
    outer loop
      vertex 9.5159 -11.5952 3
      vertex 7.22241 -10.8091 5
      vertex 8.33355 -12.472 3
    endloop
  endfacet
  facet normal 0.302517 -0.639591 0.706687
    outer loop
      vertex 7.07095 -13.2288 3
      vertex 4.97488 -12.0104 5
      vertex 5.74025 -13.8582 3
    endloop
  endfacet
  facet normal -0.171926 -0.686322 0.706685
    outer loop
      vertex -2.53617 -12.7502 5
      vertex -4.35427 -14.3541 3
      vertex -2.92635 -14.7118 3
    endloop
  endfacet
  facet normal -0.706681 -0.0347029 0.706681
    outer loop
      vertex -13 0 5
      vertex -15 0 3
      vertex -14.9278 -1.47026 3
    endloop
  endfacet
  facet normal -0.10382 0.699869 0.706686
    outer loop
      vertex -1.47026 14.9278 3
      vertex -2.53617 12.7502 5
      vertex -1.27422 12.9374 5
    endloop
  endfacet
  facet normal -0.363757 -0.60687 0.706675
    outer loop
      vertex -7.22241 -10.8091 5
      vertex -8.33355 -12.472 3
      vertex -7.07095 -13.2288 3
    endloop
  endfacet
  facet normal 0.475138 0.52426 0.706679
    outer loop
      vertex 10.6066 10.6066 3
      vertex 8.24711 10.0491 5
      vertex 9.19239 9.19239 5
    endloop
  endfacet
  facet normal 0.0347176 0.706675 0.706686
    outer loop
      vertex 1.47026 14.9278 3
      vertex 0 13 5
      vertex 1.27422 12.9374 5
    endloop
  endfacet
  facet normal -0.0347176 -0.706675 0.706686
    outer loop
      vertex -1.27422 -12.9374 5
      vertex -1.47026 -14.9278 3
      vertex 0 -13 5
    endloop
  endfacet
  facet normal 0.238353 0.666169 0.706687
    outer loop
      vertex 5.74025 13.8582 3
      vertex 4.35427 14.3541 3
      vertex 4.97488 12.0104 5
    endloop
  endfacet
  facet normal -0.686322 0.171926 0.706685
    outer loop
      vertex -14.3541 4.35427 3
      vertex -14.7118 2.92635 3
      vertex -12.7502 2.53617 5
    endloop
  endfacet
  facet normal -0.568278 -0.421481 0.706692
    outer loop
      vertex -10.8091 -7.22241 5
      vertex -11.5952 -9.5159 3
      vertex -10.0491 -8.24711 5
    endloop
  endfacet
  facet normal 0.56832 -0.421452 0.706676
    outer loop
      vertex 12.472 -8.33355 3
      vertex 10.8091 -7.22241 5
      vertex 11.5952 -9.5159 3
    endloop
  endfacet
  facet normal -0.686324 -0.171923 0.706684
    outer loop
      vertex -12.7502 -2.53617 5
      vertex -14.3541 -4.35427 3
      vertex -12.4402 -3.7737 5
    endloop
  endfacet
  facet normal -0.568278 0.421481 0.706692
    outer loop
      vertex -10.0491 8.24711 5
      vertex -11.5952 9.5159 3
      vertex -10.8091 7.22241 5
    endloop
  endfacet
  facet normal -0.10382 -0.699869 0.706686
    outer loop
      vertex -1.27422 -12.9374 5
      vertex -2.53617 -12.7502 5
      vertex -1.47026 -14.9278 3
    endloop
  endfacet
  facet normal -0.699869 0.10382 0.706686
    outer loop
      vertex -14.7118 2.92635 3
      vertex -14.9278 1.47026 3
      vertex -12.7502 2.53617 5
    endloop
  endfacet
  facet normal 0.699869 0.10382 0.706686
    outer loop
      vertex 14.7118 2.92635 3
      vertex 12.7502 2.53617 5
      vertex 14.9278 1.47026 3
    endloop
  endfacet
  facet normal -0.639591 0.302517 0.706687
    outer loop
      vertex -13.2288 7.07095 3
      vertex -13.8582 5.74025 3
      vertex -12.0104 4.97488 5
    endloop
  endfacet
  facet normal 0.171923 0.686324 0.706684
    outer loop
      vertex 4.35427 14.3541 3
      vertex 2.53617 12.7502 5
      vertex 3.7737 12.4402 5
    endloop
  endfacet
  facet normal 0.421481 0.568278 0.706692
    outer loop
      vertex 9.5159 11.5952 3
      vertex 7.22241 10.8091 5
      vertex 8.24711 10.0491 5
    endloop
  endfacet
  facet normal 0.238365 -0.666168 0.706684
    outer loop
      vertex 4.97488 -12.0104 5
      vertex 3.7737 -12.4402 5
      vertex 4.35427 -14.3541 3
    endloop
  endfacet
  facet normal 0.639622 -0.302485 0.706673
    outer loop
      vertex 12.0104 -4.97488 5
      vertex 11.465 -6.12816 5
      vertex 13.2288 -7.07095 3
    endloop
  endfacet
  facet normal 0.475155 0.524228 0.706691
    outer loop
      vertex 9.5159 11.5952 3
      vertex 8.24711 10.0491 5
      vertex 10.6066 10.6066 3
    endloop
  endfacet
  facet normal 0.60687 0.363757 0.706675
    outer loop
      vertex 12.472 8.33355 3
      vertex 10.8091 7.22241 5
      vertex 13.2288 7.07095 3
    endloop
  endfacet
  facet normal -0.0347029 -0.706681 0.706681
    outer loop
      vertex 0 -13 5
      vertex -1.47026 -14.9278 3
      vertex 0 -15 3
    endloop
  endfacet
  facet normal 0.706681 -0.0347029 0.706681
    outer loop
      vertex 15 0 3
      vertex 13 0 5
      vertex 14.9278 -1.47026 3
    endloop
  endfacet
  facet normal 0.0347029 0.706681 0.706681
    outer loop
      vertex 0 15 3
      vertex 0 13 5
      vertex 1.47026 14.9278 3
    endloop
  endfacet
  facet normal 0.639622 0.302485 0.706673
    outer loop
      vertex 13.2288 7.07095 3
      vertex 11.465 6.12816 5
      vertex 12.0104 4.97488 5
    endloop
  endfacet
  facet normal 0.686322 0.171926 0.706685
    outer loop
      vertex 14.3541 4.35427 3
      vertex 12.7502 2.53617 5
      vertex 14.7118 2.92635 3
    endloop
  endfacet
  facet normal 0.666168 -0.238365 0.706684
    outer loop
      vertex 12.4402 -3.7737 5
      vertex 12.0104 -4.97488 5
      vertex 14.3541 -4.35427 3
    endloop
  endfacet
  facet normal -0.302485 0.639622 0.706673
    outer loop
      vertex -4.97488 12.0104 5
      vertex -7.07095 13.2288 3
      vertex -6.12816 11.465 5
    endloop
  endfacet
  facet normal 0.60687 -0.363757 0.706675
    outer loop
      vertex 13.2288 -7.07095 3
      vertex 10.8091 -7.22241 5
      vertex 12.472 -8.33355 3
    endloop
  endfacet
  facet normal -0.524228 0.475155 0.706691
    outer loop
      vertex -10.6066 10.6066 3
      vertex -11.5952 9.5159 3
      vertex -10.0491 8.24711 5
    endloop
  endfacet
  facet normal -0.56832 0.421452 0.706676
    outer loop
      vertex -11.5952 9.5159 3
      vertex -12.472 8.33355 3
      vertex -10.8091 7.22241 5
    endloop
  endfacet
  facet normal -0.706675 -0.0347176 0.706686
    outer loop
      vertex -13 0 5
      vertex -14.9278 -1.47026 3
      vertex -12.9374 -1.27422 5
    endloop
  endfacet
  facet normal 0.0347029 -0.706681 0.706681
    outer loop
      vertex 0 -13 5
      vertex 0 -15 3
      vertex 1.47026 -14.9278 3
    endloop
  endfacet
  facet normal 0.302517 0.639591 0.706687
    outer loop
      vertex 5.74025 13.8582 3
      vertex 4.97488 12.0104 5
      vertex 7.07095 13.2288 3
    endloop
  endfacet
  facet normal 0.10382 -0.699869 0.706686
    outer loop
      vertex 2.53617 -12.7502 5
      vertex 1.27422 -12.9374 5
      vertex 1.47026 -14.9278 3
    endloop
  endfacet
  facet normal 0.302485 -0.639622 0.706673
    outer loop
      vertex 6.12816 -11.465 5
      vertex 4.97488 -12.0104 5
      vertex 7.07095 -13.2288 3
    endloop
  endfacet
  facet normal -0.706681 0.0347029 0.706681
    outer loop
      vertex -14.9278 1.47026 3
      vertex -15 0 3
      vertex -13 0 5
    endloop
  endfacet
  facet normal 0.666168 0.238365 0.706684
    outer loop
      vertex 14.3541 4.35427 3
      vertex 12.0104 4.97488 5
      vertex 12.4402 3.7737 5
    endloop
  endfacet
  facet normal -0.0347176 0.706675 0.706686
    outer loop
      vertex 0 13 5
      vertex -1.47026 14.9278 3
      vertex -1.27422 12.9374 5
    endloop
  endfacet
  facet normal 0.606869 0.363761 0.706673
    outer loop
      vertex 13.2288 7.07095 3
      vertex 10.8091 7.22241 5
      vertex 11.465 6.12816 5
    endloop
  endfacet
  facet normal 0.639591 0.302517 0.706687
    outer loop
      vertex 13.2288 7.07095 3
      vertex 12.0104 4.97488 5
      vertex 13.8582 5.74025 3
    endloop
  endfacet
  facet normal -0.475155 0.524228 0.706691
    outer loop
      vertex -9.5159 11.5952 3
      vertex -10.6066 10.6066 3
      vertex -8.24711 10.0491 5
    endloop
  endfacet
  facet normal -0.421481 0.568278 0.706692
    outer loop
      vertex -7.22241 10.8091 5
      vertex -9.5159 11.5952 3
      vertex -8.24711 10.0491 5
    endloop
  endfacet
  facet normal -0.238365 0.666168 0.706684
    outer loop
      vertex -4.35427 14.3541 3
      vertex -4.97488 12.0104 5
      vertex -3.7737 12.4402 5
    endloop
  endfacet
  facet normal -0.666168 0.238365 0.706684
    outer loop
      vertex -12.0104 4.97488 5
      vertex -14.3541 4.35427 3
      vertex -12.4402 3.7737 5
    endloop
  endfacet
  facet normal -0.686322 -0.171926 0.706685
    outer loop
      vertex -12.7502 -2.53617 5
      vertex -14.7118 -2.92635 3
      vertex -14.3541 -4.35427 3
    endloop
  endfacet
  facet normal 0.10382 0.699869 0.706686
    outer loop
      vertex 2.92635 14.7118 3
      vertex 1.47026 14.9278 3
      vertex 2.53617 12.7502 5
    endloop
  endfacet
  facet normal 0.686324 -0.171923 0.706684
    outer loop
      vertex 12.7502 -2.53617 5
      vertex 12.4402 -3.7737 5
      vertex 14.3541 -4.35427 3
    endloop
  endfacet
  facet normal 0.363757 0.60687 0.706675
    outer loop
      vertex 8.33355 12.472 3
      vertex 7.07095 13.2288 3
      vertex 7.22241 10.8091 5
    endloop
  endfacet
  facet normal 0.421481 -0.568278 0.706692
    outer loop
      vertex 8.24711 -10.0491 5
      vertex 7.22241 -10.8091 5
      vertex 9.5159 -11.5952 3
    endloop
  endfacet
  facet normal -0.666169 -0.238353 0.706687
    outer loop
      vertex -12.0104 -4.97488 5
      vertex -14.3541 -4.35427 3
      vertex -13.8582 -5.74025 3
    endloop
  endfacet
  facet normal 0.0347176 -0.706675 0.706686
    outer loop
      vertex 1.27422 -12.9374 5
      vertex 0 -13 5
      vertex 1.47026 -14.9278 3
    endloop
  endfacet
  facet normal -0.238353 0.666169 0.706687
    outer loop
      vertex -4.35427 14.3541 3
      vertex -5.74025 13.8582 3
      vertex -4.97488 12.0104 5
    endloop
  endfacet
  facet normal 0.52426 0.475138 0.706679
    outer loop
      vertex 10.6066 10.6066 3
      vertex 9.19239 9.19239 5
      vertex 10.0491 8.24711 5
    endloop
  endfacet
  facet normal -0.475138 0.52426 0.706679
    outer loop
      vertex -8.24711 10.0491 5
      vertex -10.6066 10.6066 3
      vertex -9.19239 9.19239 5
    endloop
  endfacet
  facet normal 0.363757 -0.60687 0.706675
    outer loop
      vertex 7.22241 -10.8091 5
      vertex 7.07095 -13.2288 3
      vertex 8.33355 -12.472 3
    endloop
  endfacet
  facet normal 0.686322 -0.171926 0.706685
    outer loop
      vertex 14.7118 -2.92635 3
      vertex 12.7502 -2.53617 5
      vertex 14.3541 -4.35427 3
    endloop
  endfacet
  facet normal -0.639622 -0.302485 0.706673
    outer loop
      vertex -12.0104 -4.97488 5
      vertex -13.2288 -7.07095 3
      vertex -11.465 -6.12816 5
    endloop
  endfacet
  facet normal -0.666168 -0.238365 0.706684
    outer loop
      vertex -12.4402 -3.7737 5
      vertex -14.3541 -4.35427 3
      vertex -12.0104 -4.97488 5
    endloop
  endfacet
  facet normal 0.699869 0.10382 0.706686
    outer loop
      vertex 14.9278 1.47026 3
      vertex 12.7502 2.53617 5
      vertex 12.9374 1.27422 5
    endloop
  endfacet
  facet normal 0.171926 -0.686322 0.706685
    outer loop
      vertex 4.35427 -14.3541 3
      vertex 2.53617 -12.7502 5
      vertex 2.92635 -14.7118 3
    endloop
  endfacet
  facet normal 0.475138 -0.52426 0.706679
    outer loop
      vertex 9.19239 -9.19239 5
      vertex 8.24711 -10.0491 5
      vertex 10.6066 -10.6066 3
    endloop
  endfacet
  facet normal -0.52426 -0.475138 0.706679
    outer loop
      vertex -10.0491 -8.24711 5
      vertex -10.6066 -10.6066 3
      vertex -9.19239 -9.19239 5
    endloop
  endfacet
  facet normal 0.699869 -0.10382 0.706686
    outer loop
      vertex 14.9278 -1.47026 3
      vertex 12.7502 -2.53617 5
      vertex 14.7118 -2.92635 3
    endloop
  endfacet
  facet normal -0.171923 0.686324 0.706684
    outer loop
      vertex -2.53617 12.7502 5
      vertex -4.35427 14.3541 3
      vertex -3.7737 12.4402 5
    endloop
  endfacet
  facet normal -0.0347029 0.706681 0.706681
    outer loop
      vertex 0 15 3
      vertex -1.47026 14.9278 3
      vertex 0 13 5
    endloop
  endfacet
  facet normal -0.10382 0.699869 0.706686
    outer loop
      vertex -1.47026 14.9278 3
      vertex -2.92635 14.7118 3
      vertex -2.53617 12.7502 5
    endloop
  endfacet
  facet normal 0.171926 0.686322 0.706685
    outer loop
      vertex 2.92635 14.7118 3
      vertex 2.53617 12.7502 5
      vertex 4.35427 14.3541 3
    endloop
  endfacet
  facet normal 0.10382 0.699869 0.706686
    outer loop
      vertex 1.47026 14.9278 3
      vertex 1.27422 12.9374 5
      vertex 2.53617 12.7502 5
    endloop
  endfacet
  facet normal -0.171926 0.686322 0.706685
    outer loop
      vertex -2.92635 14.7118 3
      vertex -4.35427 14.3541 3
      vertex -2.53617 12.7502 5
    endloop
  endfacet
  facet normal -0.302517 0.639591 0.706687
    outer loop
      vertex -5.74025 13.8582 3
      vertex -7.07095 13.2288 3
      vertex -4.97488 12.0104 5
    endloop
  endfacet
  facet normal -0.238353 -0.666169 0.706687
    outer loop
      vertex -4.97488 -12.0104 5
      vertex -5.74025 -13.8582 3
      vertex -4.35427 -14.3541 3
    endloop
  endfacet
  facet normal -0.52426 0.475138 0.706679
    outer loop
      vertex -9.19239 9.19239 5
      vertex -10.6066 10.6066 3
      vertex -10.0491 8.24711 5
    endloop
  endfacet
  facet normal 0.52426 -0.475138 0.706679
    outer loop
      vertex 10.0491 -8.24711 5
      vertex 9.19239 -9.19239 5
      vertex 10.6066 -10.6066 3
    endloop
  endfacet
  facet normal -0.606869 -0.363761 0.706673
    outer loop
      vertex -11.465 -6.12816 5
      vertex -13.2288 -7.07095 3
      vertex -10.8091 -7.22241 5
    endloop
  endfacet
  facet normal -0.699869 0.10382 0.706686
    outer loop
      vertex -12.7502 2.53617 5
      vertex -14.9278 1.47026 3
      vertex -12.9374 1.27422 5
    endloop
  endfacet
  facet normal -0.706675 0.0347176 0.706686
    outer loop
      vertex -12.9374 1.27422 5
      vertex -14.9278 1.47026 3
      vertex -13 0 5
    endloop
  endfacet
  facet normal -0.699869 -0.10382 0.706686
    outer loop
      vertex -12.9374 -1.27422 5
      vertex -14.9278 -1.47026 3
      vertex -12.7502 -2.53617 5
    endloop
  endfacet
  facet normal -0.639591 -0.302517 0.706687
    outer loop
      vertex -12.0104 -4.97488 5
      vertex -13.8582 -5.74025 3
      vertex -13.2288 -7.07095 3
    endloop
  endfacet
  facet normal -0.606869 0.363761 0.706673
    outer loop
      vertex -10.8091 7.22241 5
      vertex -13.2288 7.07095 3
      vertex -11.465 6.12816 5
    endloop
  endfacet
  facet normal -0.639622 0.302485 0.706673
    outer loop
      vertex -11.465 6.12816 5
      vertex -13.2288 7.07095 3
      vertex -12.0104 4.97488 5
    endloop
  endfacet
  facet normal -0.363757 0.60687 0.706675
    outer loop
      vertex -7.07095 13.2288 3
      vertex -8.33355 12.472 3
      vertex -7.22241 10.8091 5
    endloop
  endfacet
  facet normal 0.524228 0.475155 0.706691
    outer loop
      vertex 10.6066 10.6066 3
      vertex 10.0491 8.24711 5
      vertex 11.5952 9.5159 3
    endloop
  endfacet
  facet normal 0.686324 0.171923 0.706684
    outer loop
      vertex 14.3541 4.35427 3
      vertex 12.4402 3.7737 5
      vertex 12.7502 2.53617 5
    endloop
  endfacet
  facet normal 0.238365 0.666168 0.706684
    outer loop
      vertex 4.35427 14.3541 3
      vertex 3.7737 12.4402 5
      vertex 4.97488 12.0104 5
    endloop
  endfacet
  facet normal 0.363761 -0.606869 0.706673
    outer loop
      vertex 7.22241 -10.8091 5
      vertex 6.12816 -11.465 5
      vertex 7.07095 -13.2288 3
    endloop
  endfacet
  facet normal 0.475155 -0.524228 0.706691
    outer loop
      vertex 10.6066 -10.6066 3
      vertex 8.24711 -10.0491 5
      vertex 9.5159 -11.5952 3
    endloop
  endfacet
  facet normal 0.363761 0.606869 0.706673
    outer loop
      vertex 7.07095 13.2288 3
      vertex 6.12816 11.465 5
      vertex 7.22241 10.8091 5
    endloop
  endfacet
  facet normal 0.524228 -0.475155 0.706691
    outer loop
      vertex 11.5952 -9.5159 3
      vertex 10.0491 -8.24711 5
      vertex 10.6066 -10.6066 3
    endloop
  endfacet
  facet normal -0.475155 -0.524228 0.706691
    outer loop
      vertex -8.24711 -10.0491 5
      vertex -10.6066 -10.6066 3
      vertex -9.5159 -11.5952 3
    endloop
  endfacet
  facet normal -0.363761 0.606869 0.706673
    outer loop
      vertex -7.07095 13.2288 3
      vertex -7.22241 10.8091 5
      vertex -6.12816 11.465 5
    endloop
  endfacet
  facet normal -0.421452 0.56832 0.706676
    outer loop
      vertex -8.33355 12.472 3
      vertex -9.5159 11.5952 3
      vertex -7.22241 10.8091 5
    endloop
  endfacet
  facet normal 0.639591 -0.302517 0.706687
    outer loop
      vertex 13.8582 -5.74025 3
      vertex 12.0104 -4.97488 5
      vertex 13.2288 -7.07095 3
    endloop
  endfacet
  facet normal 0.666169 -0.238353 0.706687
    outer loop
      vertex 14.3541 -4.35427 3
      vertex 12.0104 -4.97488 5
      vertex 13.8582 -5.74025 3
    endloop
  endfacet
  facet normal 0.706675 0.0347176 0.706686
    outer loop
      vertex 14.9278 1.47026 3
      vertex 12.9374 1.27422 5
      vertex 13 0 5
    endloop
  endfacet
  facet normal -0.171923 -0.686324 0.706684
    outer loop
      vertex -3.7737 -12.4402 5
      vertex -4.35427 -14.3541 3
      vertex -2.53617 -12.7502 5
    endloop
  endfacet
  facet normal 0.699869 -0.10382 0.706686
    outer loop
      vertex 12.9374 -1.27422 5
      vertex 12.7502 -2.53617 5
      vertex 14.9278 -1.47026 3
    endloop
  endfacet
  facet normal 0.706675 -0.0347176 0.706686
    outer loop
      vertex 13 0 5
      vertex 12.9374 -1.27422 5
      vertex 14.9278 -1.47026 3
    endloop
  endfacet
  facet normal 0.238353 -0.666169 0.706687
    outer loop
      vertex 4.97488 -12.0104 5
      vertex 4.35427 -14.3541 3
      vertex 5.74025 -13.8582 3
    endloop
  endfacet
  facet normal -0.56832 -0.421452 0.706676
    outer loop
      vertex -10.8091 -7.22241 5
      vertex -12.472 -8.33355 3
      vertex -11.5952 -9.5159 3
    endloop
  endfacet
  facet normal -0.699869 -0.10382 0.706686
    outer loop
      vertex -12.7502 -2.53617 5
      vertex -14.9278 -1.47026 3
      vertex -14.7118 -2.92635 3
    endloop
  endfacet
  facet normal 0.10382 -0.699869 0.706686
    outer loop
      vertex 2.53617 -12.7502 5
      vertex 1.47026 -14.9278 3
      vertex 2.92635 -14.7118 3
    endloop
  endfacet
  facet normal -0.10382 -0.699869 0.706686
    outer loop
      vertex -2.53617 -12.7502 5
      vertex -2.92635 -14.7118 3
      vertex -1.47026 -14.9278 3
    endloop
  endfacet
  facet normal -0.524228 -0.475155 0.706691
    outer loop
      vertex -10.0491 -8.24711 5
      vertex -11.5952 -9.5159 3
      vertex -10.6066 -10.6066 3
    endloop
  endfacet
  facet normal -0.60687 -0.363757 0.706675
    outer loop
      vertex -10.8091 -7.22241 5
      vertex -13.2288 -7.07095 3
      vertex -12.472 -8.33355 3
    endloop
  endfacet
  facet normal -0.363761 -0.606869 0.706673
    outer loop
      vertex -6.12816 -11.465 5
      vertex -7.22241 -10.8091 5
      vertex -7.07095 -13.2288 3
    endloop
  endfacet
  facet normal -0.302485 -0.639622 0.706673
    outer loop
      vertex -6.12816 -11.465 5
      vertex -7.07095 -13.2288 3
      vertex -4.97488 -12.0104 5
    endloop
  endfacet
  facet normal -0.302517 -0.639591 0.706687
    outer loop
      vertex -4.97488 -12.0104 5
      vertex -7.07095 -13.2288 3
      vertex -5.74025 -13.8582 3
    endloop
  endfacet
  facet normal -0.421452 -0.56832 0.706676
    outer loop
      vertex -7.22241 -10.8091 5
      vertex -9.5159 -11.5952 3
      vertex -8.33355 -12.472 3
    endloop
  endfacet
  facet normal -0.421481 -0.568278 0.706692
    outer loop
      vertex -8.24711 -10.0491 5
      vertex -9.5159 -11.5952 3
      vertex -7.22241 -10.8091 5
    endloop
  endfacet
  facet normal 0.171923 -0.686324 0.706684
    outer loop
      vertex 3.7737 -12.4402 5
      vertex 2.53617 -12.7502 5
      vertex 4.35427 -14.3541 3
    endloop
  endfacet
  facet normal -0.475138 -0.52426 0.706679
    outer loop
      vertex -9.19239 -9.19239 5
      vertex -10.6066 -10.6066 3
      vertex -8.24711 -10.0491 5
    endloop
  endfacet
  facet normal 0.699869 -0.10382 0.706686
    outer loop
      vertex 12.9374 -1.27422 5
      vertex 10.947 -1.07819 7
      vertex 12.7502 -2.53617 5
    endloop
  endfacet
  facet normal 0.666199 -0.238324 0.706669
    outer loop
      vertex 10.5263 -3.19313 7
      vertex 10.1627 -4.20952 7
      vertex 12.0104 -4.97488 5
    endloop
  endfacet
  facet normal 0.70668 0.0347379 0.70668
    outer loop
      vertex 13 0 5
      vertex 10.947 1.07819 7
      vertex 11 0 7
    endloop
  endfacet
  facet normal 0.706675 0.0347176 0.706686
    outer loop
      vertex 12.9374 1.27422 5
      vertex 10.947 1.07819 7
      vertex 13 0 5
    endloop
  endfacet
  facet normal -0.60686 -0.363755 0.706685
    outer loop
      vertex -9.70113 -5.18536 7
      vertex -11.465 -6.12816 5
      vertex -10.8091 -7.22241 5
    endloop
  endfacet
  facet normal 0.686323 -0.171918 0.706685
    outer loop
      vertex 10.7886 -2.14599 7
      vertex 10.5263 -3.19313 7
      vertex 12.7502 -2.53617 5
    endloop
  endfacet
  facet normal -0.524258 0.475136 0.706682
    outer loop
      vertex -9.19239 9.19239 5
      vertex -10.0491 8.24711 5
      vertex -7.77817 7.77817 7
    endloop
  endfacet
  facet normal -0.706675 -0.0347176 0.706686
    outer loop
      vertex -10.947 -1.07819 7
      vertex -13 0 5
      vertex -12.9374 -1.27422 5
    endloop
  endfacet
  facet normal 0.171918 -0.686323 0.706685
    outer loop
      vertex 3.19313 -10.5263 7
      vertex 2.14599 -10.7886 7
      vertex 2.53617 -12.7502 5
    endloop
  endfacet
  facet normal -0.699869 -0.10382 0.706686
    outer loop
      vertex -10.947 -1.07819 7
      vertex -12.7502 -2.53617 5
      vertex -10.7886 -2.14599 7
    endloop
  endfacet
  facet normal 0.639611 0.30248 0.706685
    outer loop
      vertex 11.465 6.12816 5
      vertex 9.70113 5.18536 7
      vertex 12.0104 4.97488 5
    endloop
  endfacet
  facet normal 0.30248 -0.639611 0.706685
    outer loop
      vertex 5.18536 -9.70113 7
      vertex 4.97488 -12.0104 5
      vertex 6.12816 -11.465 5
    endloop
  endfacet
  facet normal 0.686324 0.171923 0.706684
    outer loop
      vertex 12.4402 3.7737 5
      vertex 10.5263 3.19313 7
      vertex 12.7502 2.53617 5
    endloop
  endfacet
  facet normal -0.70668 -0.0347379 0.70668
    outer loop
      vertex -11 0 7
      vertex -13 0 5
      vertex -10.947 -1.07819 7
    endloop
  endfacet
  facet normal 0.568291 -0.421491 0.706676
    outer loop
      vertex 10.8091 -7.22241 5
      vertex 8.50311 -6.97833 7
      vertex 10.0491 -8.24711 5
    endloop
  endfacet
  facet normal 0.363755 0.60686 0.706685
    outer loop
      vertex 6.12816 11.465 5
      vertex 5.18536 9.70113 7
      vertex 7.22241 10.8091 5
    endloop
  endfacet
  facet normal -0.171923 -0.686324 0.706684
    outer loop
      vertex -3.19313 -10.5263 7
      vertex -3.7737 -12.4402 5
      vertex -2.53617 -12.7502 5
    endloop
  endfacet
  facet normal 0.363745 0.606871 0.706681
    outer loop
      vertex 7.22241 10.8091 5
      vertex 5.18536 9.70113 7
      vertex 6.11127 9.14616 7
    endloop
  endfacet
  facet normal 0.686323 0.171918 0.706685
    outer loop
      vertex 12.7502 2.53617 5
      vertex 10.5263 3.19313 7
      vertex 10.7886 2.14599 7
    endloop
  endfacet
  facet normal -0.363745 -0.606871 0.706681
    outer loop
      vertex -6.11127 -9.14616 7
      vertex -7.22241 -10.8091 5
      vertex -5.18536 -9.70113 7
    endloop
  endfacet
  facet normal -0.10382 -0.699869 0.706686
    outer loop
      vertex -1.07819 -10.947 7
      vertex -2.53617 -12.7502 5
      vertex -1.27422 -12.9374 5
    endloop
  endfacet
  facet normal -0.421491 0.568291 0.706676
    outer loop
      vertex -7.22241 10.8091 5
      vertex -8.24711 10.0491 5
      vertex -6.97833 8.50311 7
    endloop
  endfacet
  facet normal 0.666168 -0.238365 0.706684
    outer loop
      vertex 12.4402 -3.7737 5
      vertex 10.5263 -3.19313 7
      vertex 12.0104 -4.97488 5
    endloop
  endfacet
  facet normal -0.524258 -0.475136 0.706682
    outer loop
      vertex -7.77817 -7.77817 7
      vertex -10.0491 -8.24711 5
      vertex -9.19239 -9.19239 5
    endloop
  endfacet
  facet normal -0.10382 0.699869 0.706686
    outer loop
      vertex -1.07819 10.947 7
      vertex -2.53617 12.7502 5
      vertex -2.14599 10.7886 7
    endloop
  endfacet
  facet normal 0.524258 0.475136 0.706682
    outer loop
      vertex 9.19239 9.19239 5
      vertex 7.77817 7.77817 7
      vertex 10.0491 8.24711 5
    endloop
  endfacet
  facet normal -0.568291 0.421491 0.706676
    outer loop
      vertex -10.0491 8.24711 5
      vertex -10.8091 7.22241 5
      vertex -8.50311 6.97833 7
    endloop
  endfacet
  facet normal 0.666199 0.238324 0.706669
    outer loop
      vertex 12.0104 4.97488 5
      vertex 10.1627 4.20952 7
      vertex 10.5263 3.19313 7
    endloop
  endfacet
  facet normal 0.363755 -0.60686 0.706685
    outer loop
      vertex 7.22241 -10.8091 5
      vertex 5.18536 -9.70113 7
      vertex 6.12816 -11.465 5
    endloop
  endfacet
  facet normal -0.421474 -0.568297 0.706681
    outer loop
      vertex -6.97833 -8.50311 7
      vertex -7.22241 -10.8091 5
      vertex -6.11127 -9.14616 7
    endloop
  endfacet
  facet normal 0.639603 0.302531 0.70667
    outer loop
      vertex 12.0104 4.97488 5
      vertex 9.70113 5.18536 7
      vertex 10.1627 4.20952 7
    endloop
  endfacet
  facet normal 0.699869 0.10382 0.706686
    outer loop
      vertex 12.7502 2.53617 5
      vertex 10.7886 2.14599 7
      vertex 10.947 1.07819 7
    endloop
  endfacet
  facet normal 0.10382 -0.699869 0.706686
    outer loop
      vertex 2.53617 -12.7502 5
      vertex 1.07819 -10.947 7
      vertex 1.27422 -12.9374 5
    endloop
  endfacet
  facet normal 0.30248 0.639611 0.706685
    outer loop
      vertex 6.12816 11.465 5
      vertex 4.97488 12.0104 5
      vertex 5.18536 9.70113 7
    endloop
  endfacet
  facet normal 0.302531 0.639603 0.70667
    outer loop
      vertex 4.97488 12.0104 5
      vertex 4.20952 10.1627 7
      vertex 5.18536 9.70113 7
    endloop
  endfacet
  facet normal 0.568291 0.421491 0.706676
    outer loop
      vertex 10.0491 8.24711 5
      vertex 8.50311 6.97833 7
      vertex 10.8091 7.22241 5
    endloop
  endfacet
  facet normal -0.475156 -0.524248 0.706676
    outer loop
      vertex -7.77817 -7.77817 7
      vertex -8.24711 -10.0491 5
      vertex -6.97833 -8.50311 7
    endloop
  endfacet
  facet normal 0.10382 -0.699869 0.706686
    outer loop
      vertex 2.14599 -10.7886 7
      vertex 1.07819 -10.947 7
      vertex 2.53617 -12.7502 5
    endloop
  endfacet
  facet normal -0.568297 -0.421474 0.706681
    outer loop
      vertex -9.14616 -6.11127 7
      vertex -10.8091 -7.22241 5
      vertex -8.50311 -6.97833 7
    endloop
  endfacet
  facet normal 0.475136 -0.524258 0.706682
    outer loop
      vertex 9.19239 -9.19239 5
      vertex 7.77817 -7.77817 7
      vertex 8.24711 -10.0491 5
    endloop
  endfacet
  facet normal -0.639611 -0.30248 0.706685
    outer loop
      vertex -9.70113 -5.18536 7
      vertex -12.0104 -4.97488 5
      vertex -11.465 -6.12816 5
    endloop
  endfacet
  facet normal 0.606871 -0.363745 0.706681
    outer loop
      vertex 9.70113 -5.18536 7
      vertex 9.14616 -6.11127 7
      vertex 10.8091 -7.22241 5
    endloop
  endfacet
  facet normal 0.60686 0.363755 0.706685
    outer loop
      vertex 10.8091 7.22241 5
      vertex 9.70113 5.18536 7
      vertex 11.465 6.12816 5
    endloop
  endfacet
  facet normal 0.699869 0.10382 0.706686
    outer loop
      vertex 12.7502 2.53617 5
      vertex 10.947 1.07819 7
      vertex 12.9374 1.27422 5
    endloop
  endfacet
  facet normal -0.686323 -0.171918 0.706685
    outer loop
      vertex -10.7886 -2.14599 7
      vertex -12.7502 -2.53617 5
      vertex -10.5263 -3.19313 7
    endloop
  endfacet
  facet normal -0.666168 -0.238365 0.706684
    outer loop
      vertex -10.5263 -3.19313 7
      vertex -12.4402 -3.7737 5
      vertex -12.0104 -4.97488 5
    endloop
  endfacet
  facet normal -0.171918 -0.686323 0.706685
    outer loop
      vertex -2.14599 -10.7886 7
      vertex -3.19313 -10.5263 7
      vertex -2.53617 -12.7502 5
    endloop
  endfacet
  facet normal -0.238324 -0.666199 0.706669
    outer loop
      vertex -4.20952 -10.1627 7
      vertex -4.97488 -12.0104 5
      vertex -3.19313 -10.5263 7
    endloop
  endfacet
  facet normal 0.238365 0.666168 0.706684
    outer loop
      vertex 3.7737 12.4402 5
      vertex 3.19313 10.5263 7
      vertex 4.97488 12.0104 5
    endloop
  endfacet
  facet normal -0.699869 -0.10382 0.706686
    outer loop
      vertex -10.947 -1.07819 7
      vertex -12.9374 -1.27422 5
      vertex -12.7502 -2.53617 5
    endloop
  endfacet
  facet normal -0.363755 -0.60686 0.706685
    outer loop
      vertex -5.18536 -9.70113 7
      vertex -7.22241 -10.8091 5
      vertex -6.12816 -11.465 5
    endloop
  endfacet
  facet normal -0.10382 0.699869 0.706686
    outer loop
      vertex -1.27422 12.9374 5
      vertex -2.53617 12.7502 5
      vertex -1.07819 10.947 7
    endloop
  endfacet
  facet normal -0.421491 -0.568291 0.706676
    outer loop
      vertex -6.97833 -8.50311 7
      vertex -8.24711 -10.0491 5
      vertex -7.22241 -10.8091 5
    endloop
  endfacet
  facet normal 0.10382 0.699869 0.706686
    outer loop
      vertex 2.53617 12.7502 5
      vertex 1.07819 10.947 7
      vertex 2.14599 10.7886 7
    endloop
  endfacet
  facet normal 0.686324 -0.171923 0.706684
    outer loop
      vertex 12.7502 -2.53617 5
      vertex 10.5263 -3.19313 7
      vertex 12.4402 -3.7737 5
    endloop
  endfacet
  facet normal 0.666168 0.238365 0.706684
    outer loop
      vertex 12.0104 4.97488 5
      vertex 10.5263 3.19313 7
      vertex 12.4402 3.7737 5
    endloop
  endfacet
  facet normal -0.302531 0.639603 0.70667
    outer loop
      vertex -4.97488 12.0104 5
      vertex -5.18536 9.70113 7
      vertex -4.20952 10.1627 7
    endloop
  endfacet
  facet normal 0.0347379 -0.70668 0.70668
    outer loop
      vertex 0 -11 7
      vertex 0 -13 5
      vertex 1.07819 -10.947 7
    endloop
  endfacet
  facet normal 0.421491 0.568291 0.706676
    outer loop
      vertex 7.22241 10.8091 5
      vertex 6.97833 8.50311 7
      vertex 8.24711 10.0491 5
    endloop
  endfacet
  facet normal -0.0347176 0.706675 0.706686
    outer loop
      vertex 0 13 5
      vertex -1.27422 12.9374 5
      vertex -1.07819 10.947 7
    endloop
  endfacet
  facet normal 0.475156 -0.524248 0.706676
    outer loop
      vertex 7.77817 -7.77817 7
      vertex 6.97833 -8.50311 7
      vertex 8.24711 -10.0491 5
    endloop
  endfacet
  facet normal -0.60686 0.363755 0.706685
    outer loop
      vertex -10.8091 7.22241 5
      vertex -11.465 6.12816 5
      vertex -9.70113 5.18536 7
    endloop
  endfacet
  facet normal 0.238324 -0.666199 0.706669
    outer loop
      vertex 4.20952 -10.1627 7
      vertex 3.19313 -10.5263 7
      vertex 4.97488 -12.0104 5
    endloop
  endfacet
  facet normal 0.238324 0.666199 0.706669
    outer loop
      vertex 4.97488 12.0104 5
      vertex 3.19313 10.5263 7
      vertex 4.20952 10.1627 7
    endloop
  endfacet
  facet normal 0.639611 -0.30248 0.706685
    outer loop
      vertex 12.0104 -4.97488 5
      vertex 9.70113 -5.18536 7
      vertex 11.465 -6.12816 5
    endloop
  endfacet
  facet normal 0.706675 -0.0347176 0.706686
    outer loop
      vertex 13 0 5
      vertex 10.947 -1.07819 7
      vertex 12.9374 -1.27422 5
    endloop
  endfacet
  facet normal 0.70668 -0.0347379 0.70668
    outer loop
      vertex 11 0 7
      vertex 10.947 -1.07819 7
      vertex 13 0 5
    endloop
  endfacet
  facet normal -0.0347176 -0.706675 0.706686
    outer loop
      vertex -1.07819 -10.947 7
      vertex -1.27422 -12.9374 5
      vertex 0 -13 5
    endloop
  endfacet
  facet normal 0.60686 -0.363755 0.706685
    outer loop
      vertex 11.465 -6.12816 5
      vertex 9.70113 -5.18536 7
      vertex 10.8091 -7.22241 5
    endloop
  endfacet
  facet normal 0.0347176 -0.706675 0.706686
    outer loop
      vertex 1.07819 -10.947 7
      vertex 0 -13 5
      vertex 1.27422 -12.9374 5
    endloop
  endfacet
  facet normal -0.475156 0.524248 0.706676
    outer loop
      vertex -6.97833 8.50311 7
      vertex -8.24711 10.0491 5
      vertex -7.77817 7.77817 7
    endloop
  endfacet
  facet normal 0.302531 -0.639603 0.70667
    outer loop
      vertex 5.18536 -9.70113 7
      vertex 4.20952 -10.1627 7
      vertex 4.97488 -12.0104 5
    endloop
  endfacet
  facet normal -0.606871 -0.363745 0.706681
    outer loop
      vertex -9.70113 -5.18536 7
      vertex -10.8091 -7.22241 5
      vertex -9.14616 -6.11127 7
    endloop
  endfacet
  facet normal -0.686324 0.171923 0.706684
    outer loop
      vertex -12.4402 3.7737 5
      vertex -12.7502 2.53617 5
      vertex -10.5263 3.19313 7
    endloop
  endfacet
  facet normal -0.686323 0.171918 0.706685
    outer loop
      vertex -10.5263 3.19313 7
      vertex -12.7502 2.53617 5
      vertex -10.7886 2.14599 7
    endloop
  endfacet
  facet normal -0.238365 -0.666168 0.706684
    outer loop
      vertex -3.19313 -10.5263 7
      vertex -4.97488 -12.0104 5
      vertex -3.7737 -12.4402 5
    endloop
  endfacet
  facet normal -0.10382 -0.699869 0.706686
    outer loop
      vertex -2.14599 -10.7886 7
      vertex -2.53617 -12.7502 5
      vertex -1.07819 -10.947 7
    endloop
  endfacet
  facet normal -0.524248 0.475156 0.706676
    outer loop
      vertex -7.77817 7.77817 7
      vertex -10.0491 8.24711 5
      vertex -8.50311 6.97833 7
    endloop
  endfacet
  facet normal -0.666199 -0.238324 0.706669
    outer loop
      vertex -10.5263 -3.19313 7
      vertex -12.0104 -4.97488 5
      vertex -10.1627 -4.20952 7
    endloop
  endfacet
  facet normal -0.639603 -0.302531 0.70667
    outer loop
      vertex -10.1627 -4.20952 7
      vertex -12.0104 -4.97488 5
      vertex -9.70113 -5.18536 7
    endloop
  endfacet
  facet normal -0.686324 -0.171923 0.706684
    outer loop
      vertex -10.5263 -3.19313 7
      vertex -12.7502 -2.53617 5
      vertex -12.4402 -3.7737 5
    endloop
  endfacet
  facet normal 0.0347176 0.706675 0.706686
    outer loop
      vertex 1.27422 12.9374 5
      vertex 0 13 5
      vertex 1.07819 10.947 7
    endloop
  endfacet
  facet normal 0.421474 -0.568297 0.706681
    outer loop
      vertex 6.97833 -8.50311 7
      vertex 6.11127 -9.14616 7
      vertex 7.22241 -10.8091 5
    endloop
  endfacet
  facet normal -0.70668 0.0347379 0.70668
    outer loop
      vertex -10.947 1.07819 7
      vertex -13 0 5
      vertex -11 0 7
    endloop
  endfacet
  facet normal -0.363755 0.60686 0.706685
    outer loop
      vertex -6.12816 11.465 5
      vertex -7.22241 10.8091 5
      vertex -5.18536 9.70113 7
    endloop
  endfacet
  facet normal 0.524248 0.475156 0.706676
    outer loop
      vertex 10.0491 8.24711 5
      vertex 7.77817 7.77817 7
      vertex 8.50311 6.97833 7
    endloop
  endfacet
  facet normal -0.475136 0.524258 0.706682
    outer loop
      vertex -8.24711 10.0491 5
      vertex -9.19239 9.19239 5
      vertex -7.77817 7.77817 7
    endloop
  endfacet
  facet normal 0.475156 0.524248 0.706676
    outer loop
      vertex 8.24711 10.0491 5
      vertex 6.97833 8.50311 7
      vertex 7.77817 7.77817 7
    endloop
  endfacet
  facet normal 0.10382 0.699869 0.706686
    outer loop
      vertex 1.27422 12.9374 5
      vertex 1.07819 10.947 7
      vertex 2.53617 12.7502 5
    endloop
  endfacet
  facet normal -0.302531 -0.639603 0.70667
    outer loop
      vertex -4.20952 -10.1627 7
      vertex -5.18536 -9.70113 7
      vertex -4.97488 -12.0104 5
    endloop
  endfacet
  facet normal -0.30248 -0.639611 0.706685
    outer loop
      vertex -5.18536 -9.70113 7
      vertex -6.12816 -11.465 5
      vertex -4.97488 -12.0104 5
    endloop
  endfacet
  facet normal 0.363745 -0.606871 0.706681
    outer loop
      vertex 6.11127 -9.14616 7
      vertex 5.18536 -9.70113 7
      vertex 7.22241 -10.8091 5
    endloop
  endfacet
  facet normal -0.475136 -0.524258 0.706682
    outer loop
      vertex -7.77817 -7.77817 7
      vertex -9.19239 -9.19239 5
      vertex -8.24711 -10.0491 5
    endloop
  endfacet
  facet normal -0.0347379 0.70668 0.70668
    outer loop
      vertex 0 13 5
      vertex -1.07819 10.947 7
      vertex 0 11 7
    endloop
  endfacet
  facet normal 0.171923 -0.686324 0.706684
    outer loop
      vertex 3.19313 -10.5263 7
      vertex 2.53617 -12.7502 5
      vertex 3.7737 -12.4402 5
    endloop
  endfacet
  facet normal -0.699869 0.10382 0.706686
    outer loop
      vertex -10.7886 2.14599 7
      vertex -12.7502 2.53617 5
      vertex -10.947 1.07819 7
    endloop
  endfacet
  facet normal 0.238365 -0.666168 0.706684
    outer loop
      vertex 4.97488 -12.0104 5
      vertex 3.19313 -10.5263 7
      vertex 3.7737 -12.4402 5
    endloop
  endfacet
  facet normal 0.475136 0.524258 0.706682
    outer loop
      vertex 8.24711 10.0491 5
      vertex 7.77817 7.77817 7
      vertex 9.19239 9.19239 5
    endloop
  endfacet
  facet normal 0.421491 -0.568291 0.706676
    outer loop
      vertex 8.24711 -10.0491 5
      vertex 6.97833 -8.50311 7
      vertex 7.22241 -10.8091 5
    endloop
  endfacet
  facet normal 0.639603 -0.302531 0.70667
    outer loop
      vertex 10.1627 -4.20952 7
      vertex 9.70113 -5.18536 7
      vertex 12.0104 -4.97488 5
    endloop
  endfacet
  facet normal 0.524258 -0.475136 0.706682
    outer loop
      vertex 10.0491 -8.24711 5
      vertex 7.77817 -7.77817 7
      vertex 9.19239 -9.19239 5
    endloop
  endfacet
  facet normal 0.699869 -0.10382 0.706686
    outer loop
      vertex 10.947 -1.07819 7
      vertex 10.7886 -2.14599 7
      vertex 12.7502 -2.53617 5
    endloop
  endfacet
  facet normal -0.524248 -0.475156 0.706676
    outer loop
      vertex -8.50311 -6.97833 7
      vertex -10.0491 -8.24711 5
      vertex -7.77817 -7.77817 7
    endloop
  endfacet
  facet normal -0.568291 -0.421491 0.706676
    outer loop
      vertex -8.50311 -6.97833 7
      vertex -10.8091 -7.22241 5
      vertex -10.0491 -8.24711 5
    endloop
  endfacet
  facet normal 0.421474 0.568297 0.706681
    outer loop
      vertex 7.22241 10.8091 5
      vertex 6.11127 9.14616 7
      vertex 6.97833 8.50311 7
    endloop
  endfacet
  facet normal -0.568297 0.421474 0.706681
    outer loop
      vertex -8.50311 6.97833 7
      vertex -10.8091 7.22241 5
      vertex -9.14616 6.11127 7
    endloop
  endfacet
  facet normal 0.568297 0.421474 0.706681
    outer loop
      vertex 10.8091 7.22241 5
      vertex 8.50311 6.97833 7
      vertex 9.14616 6.11127 7
    endloop
  endfacet
  facet normal -0.0347379 -0.70668 0.70668
    outer loop
      vertex 0 -11 7
      vertex -1.07819 -10.947 7
      vertex 0 -13 5
    endloop
  endfacet
  facet normal 0.0347379 0.70668 0.70668
    outer loop
      vertex 0 13 5
      vertex 0 11 7
      vertex 1.07819 10.947 7
    endloop
  endfacet
  facet normal 0.606871 0.363745 0.706681
    outer loop
      vertex 10.8091 7.22241 5
      vertex 9.14616 6.11127 7
      vertex 9.70113 5.18536 7
    endloop
  endfacet
  facet normal -0.238365 0.666168 0.706684
    outer loop
      vertex -3.7737 12.4402 5
      vertex -4.97488 12.0104 5
      vertex -3.19313 10.5263 7
    endloop
  endfacet
  facet normal 0.171918 0.686323 0.706685
    outer loop
      vertex 2.53617 12.7502 5
      vertex 2.14599 10.7886 7
      vertex 3.19313 10.5263 7
    endloop
  endfacet
  facet normal -0.699869 0.10382 0.706686
    outer loop
      vertex -12.7502 2.53617 5
      vertex -12.9374 1.27422 5
      vertex -10.947 1.07819 7
    endloop
  endfacet
  facet normal 0.568297 -0.421474 0.706681
    outer loop
      vertex 9.14616 -6.11127 7
      vertex 8.50311 -6.97833 7
      vertex 10.8091 -7.22241 5
    endloop
  endfacet
  facet normal 0.524248 -0.475156 0.706676
    outer loop
      vertex 8.50311 -6.97833 7
      vertex 7.77817 -7.77817 7
      vertex 10.0491 -8.24711 5
    endloop
  endfacet
  facet normal -0.30248 0.639611 0.706685
    outer loop
      vertex -4.97488 12.0104 5
      vertex -6.12816 11.465 5
      vertex -5.18536 9.70113 7
    endloop
  endfacet
  facet normal -0.238324 0.666199 0.706669
    outer loop
      vertex -3.19313 10.5263 7
      vertex -4.97488 12.0104 5
      vertex -4.20952 10.1627 7
    endloop
  endfacet
  facet normal -0.171923 0.686324 0.706684
    outer loop
      vertex -2.53617 12.7502 5
      vertex -3.7737 12.4402 5
      vertex -3.19313 10.5263 7
    endloop
  endfacet
  facet normal -0.666199 0.238324 0.706669
    outer loop
      vertex -10.1627 4.20952 7
      vertex -12.0104 4.97488 5
      vertex -10.5263 3.19313 7
    endloop
  endfacet
  facet normal -0.666168 0.238365 0.706684
    outer loop
      vertex -12.0104 4.97488 5
      vertex -12.4402 3.7737 5
      vertex -10.5263 3.19313 7
    endloop
  endfacet
  facet normal -0.363745 0.606871 0.706681
    outer loop
      vertex -5.18536 9.70113 7
      vertex -7.22241 10.8091 5
      vertex -6.11127 9.14616 7
    endloop
  endfacet
  facet normal -0.421474 0.568297 0.706681
    outer loop
      vertex -6.11127 9.14616 7
      vertex -7.22241 10.8091 5
      vertex -6.97833 8.50311 7
    endloop
  endfacet
  facet normal 0.171923 0.686324 0.706684
    outer loop
      vertex 3.7737 12.4402 5
      vertex 2.53617 12.7502 5
      vertex 3.19313 10.5263 7
    endloop
  endfacet
  facet normal -0.171918 0.686323 0.706685
    outer loop
      vertex -2.53617 12.7502 5
      vertex -3.19313 10.5263 7
      vertex -2.14599 10.7886 7
    endloop
  endfacet
  facet normal 0 0 1
    outer loop
      vertex 10 0 7
      vertex 11 0 7
      vertex 10.947 1.07819 7
    endloop
  endfacet
  facet normal 0 0 1
    outer loop
      vertex 9.95185 0.980171 7
      vertex 10.947 1.07819 7
      vertex 10.7886 2.14599 7
    endloop
  endfacet
  facet normal 0 0 1
    outer loop
      vertex 11 0 7
      vertex 10 0 7
      vertex 10.947 -1.07819 7
    endloop
  endfacet
  facet normal 0 0 1
    outer loop
      vertex 9.80785 1.9509 7
      vertex 10.7886 2.14599 7
      vertex 10.5263 3.19313 7
    endloop
  endfacet
  facet normal -0 0 1
    outer loop
      vertex 9.95185 -0.980171 7
      vertex 10.947 -1.07819 7
      vertex 10 0 7
    endloop
  endfacet
  facet normal 0 0 1
    outer loop
      vertex 9.5694 2.90285 7
      vertex 10.5263 3.19313 7
      vertex 10.1627 4.20952 7
    endloop
  endfacet
  facet normal 0 0 1
    outer loop
      vertex 10.947 -1.07819 7
      vertex 9.95185 -0.980171 7
      vertex 10.7886 -2.14599 7
    endloop
  endfacet
  facet normal -0 0 1
    outer loop
      vertex 9.80785 -1.9509 7
      vertex 10.7886 -2.14599 7
      vertex 9.95185 -0.980171 7
    endloop
  endfacet
  facet normal 0 0 1
    outer loop
      vertex 10.947 1.07819 7
      vertex 9.95185 0.980171 7
      vertex 10 0 7
    endloop
  endfacet
  facet normal 0 0 1
    outer loop
      vertex 10.7886 2.14599 7
      vertex 9.80785 1.9509 7
      vertex 9.95185 0.980171 7
    endloop
  endfacet
  facet normal 0 0 1
    outer loop
      vertex 9.2388 3.82683 7
      vertex 10.1627 4.20952 7
      vertex 9.70113 5.18536 7
    endloop
  endfacet
  facet normal 0 0 1
    outer loop
      vertex 10.5263 3.19313 7
      vertex 9.5694 2.90285 7
      vertex 9.80785 1.9509 7
    endloop
  endfacet
  facet normal 0 0 1
    outer loop
      vertex 10.1627 4.20952 7
      vertex 9.2388 3.82683 7
      vertex 9.5694 2.90285 7
    endloop
  endfacet
  facet normal 0 0 1
    outer loop
      vertex 8.81921 4.71397 7
      vertex 9.70113 5.18536 7
      vertex 9.14616 6.11127 7
    endloop
  endfacet
  facet normal 0 0 1
    outer loop
      vertex 9.70113 5.18536 7
      vertex 8.81921 4.71397 7
      vertex 9.2388 3.82683 7
    endloop
  endfacet
  facet normal 0 0 1
    outer loop
      vertex 8.3147 5.5557 7
      vertex 9.14616 6.11127 7
      vertex 8.50311 6.97833 7
    endloop
  endfacet
  facet normal 0 0 1
    outer loop
      vertex 9.14616 6.11127 7
      vertex 8.3147 5.5557 7
      vertex 8.81921 4.71397 7
    endloop
  endfacet
  facet normal 0 0 1
    outer loop
      vertex 7.7301 6.34393 7
      vertex 8.50311 6.97833 7
      vertex 7.77817 7.77817 7
    endloop
  endfacet
  facet normal 0 0 1
    outer loop
      vertex 8.50311 6.97833 7
      vertex 7.7301 6.34393 7
      vertex 8.3147 5.5557 7
    endloop
  endfacet
  facet normal 0 0 1
    outer loop
      vertex 7.77817 7.77817 7
      vertex 7.07107 7.07107 7
      vertex 7.7301 6.34393 7
    endloop
  endfacet
  facet normal 0 0 1
    outer loop
      vertex 6.97833 8.50311 7
      vertex 7.07107 7.07107 7
      vertex 7.77817 7.77817 7
    endloop
  endfacet
  facet normal 0 0 1
    outer loop
      vertex 6.97833 8.50311 7
      vertex 6.34393 7.7301 7
      vertex 7.07107 7.07107 7
    endloop
  endfacet
  facet normal 0 0 1
    outer loop
      vertex 6.11127 9.14616 7
      vertex 6.34393 7.7301 7
      vertex 6.97833 8.50311 7
    endloop
  endfacet
  facet normal 0 0 1
    outer loop
      vertex 6.11127 9.14616 7
      vertex 5.5557 8.3147 7
      vertex 6.34393 7.7301 7
    endloop
  endfacet
  facet normal 0 0 1
    outer loop
      vertex 5.18536 9.70113 7
      vertex 5.5557 8.3147 7
      vertex 6.11127 9.14616 7
    endloop
  endfacet
  facet normal 0 0 1
    outer loop
      vertex 5.18536 9.70113 7
      vertex 4.71397 8.81921 7
      vertex 5.5557 8.3147 7
    endloop
  endfacet
  facet normal 0 0 1
    outer loop
      vertex 4.20952 10.1627 7
      vertex 4.71397 8.81921 7
      vertex 5.18536 9.70113 7
    endloop
  endfacet
  facet normal 0 0 1
    outer loop
      vertex 4.20952 10.1627 7
      vertex 3.82683 9.2388 7
      vertex 4.71397 8.81921 7
    endloop
  endfacet
  facet normal 0 0 1
    outer loop
      vertex 3.19313 10.5263 7
      vertex 3.82683 9.2388 7
      vertex 4.20952 10.1627 7
    endloop
  endfacet
  facet normal 0 0 1
    outer loop
      vertex 3.19313 10.5263 7
      vertex 2.90285 9.5694 7
      vertex 3.82683 9.2388 7
    endloop
  endfacet
  facet normal 0 0 1
    outer loop
      vertex 2.14599 10.7886 7
      vertex 2.90285 9.5694 7
      vertex 3.19313 10.5263 7
    endloop
  endfacet
  facet normal 0 0 1
    outer loop
      vertex 2.14599 10.7886 7
      vertex 1.9509 9.80785 7
      vertex 2.90285 9.5694 7
    endloop
  endfacet
  facet normal 0 0 1
    outer loop
      vertex 1.07819 10.947 7
      vertex 1.9509 9.80785 7
      vertex 2.14599 10.7886 7
    endloop
  endfacet
  facet normal 0 0 1
    outer loop
      vertex 1.07819 10.947 7
      vertex 0.980171 9.95185 7
      vertex 1.9509 9.80785 7
    endloop
  endfacet
  facet normal 0 0 1
    outer loop
      vertex 0 11 7
      vertex 0.980171 9.95185 7
      vertex 1.07819 10.947 7
    endloop
  endfacet
  facet normal 0 0 1
    outer loop
      vertex 0 11 7
      vertex 0 10 7
      vertex 0.980171 9.95185 7
    endloop
  endfacet
  facet normal 0 0 1
    outer loop
      vertex 0 11 7
      vertex -0.980171 9.95185 7
      vertex 0 10 7
    endloop
  endfacet
  facet normal -0 0 1
    outer loop
      vertex -1.07819 10.947 7
      vertex -0.980171 9.95185 7
      vertex 0 11 7
    endloop
  endfacet
  facet normal 0 0 1
    outer loop
      vertex -1.07819 10.947 7
      vertex -1.9509 9.80785 7
      vertex -0.980171 9.95185 7
    endloop
  endfacet
  facet normal -0 0 1
    outer loop
      vertex -2.14599 10.7886 7
      vertex -1.9509 9.80785 7
      vertex -1.07819 10.947 7
    endloop
  endfacet
  facet normal 0 0 1
    outer loop
      vertex -2.14599 10.7886 7
      vertex -2.90285 9.5694 7
      vertex -1.9509 9.80785 7
    endloop
  endfacet
  facet normal -0 0 1
    outer loop
      vertex -3.19313 10.5263 7
      vertex -2.90285 9.5694 7
      vertex -2.14599 10.7886 7
    endloop
  endfacet
  facet normal 0 0 1
    outer loop
      vertex -3.19313 10.5263 7
      vertex -3.82683 9.2388 7
      vertex -2.90285 9.5694 7
    endloop
  endfacet
  facet normal -0 0 1
    outer loop
      vertex -4.20952 10.1627 7
      vertex -3.82683 9.2388 7
      vertex -3.19313 10.5263 7
    endloop
  endfacet
  facet normal 0 0 1
    outer loop
      vertex -4.20952 10.1627 7
      vertex -4.71397 8.81921 7
      vertex -3.82683 9.2388 7
    endloop
  endfacet
  facet normal -0 0 1
    outer loop
      vertex -5.18536 9.70113 7
      vertex -4.71397 8.81921 7
      vertex -4.20952 10.1627 7
    endloop
  endfacet
  facet normal 0 0 1
    outer loop
      vertex -5.18536 9.70113 7
      vertex -5.5557 8.3147 7
      vertex -4.71397 8.81921 7
    endloop
  endfacet
  facet normal -0 0 1
    outer loop
      vertex -6.11127 9.14616 7
      vertex -5.5557 8.3147 7
      vertex -5.18536 9.70113 7
    endloop
  endfacet
  facet normal 0 0 1
    outer loop
      vertex -6.11127 9.14616 7
      vertex -6.34393 7.7301 7
      vertex -5.5557 8.3147 7
    endloop
  endfacet
  facet normal -0 0 1
    outer loop
      vertex -6.97833 8.50311 7
      vertex -6.34393 7.7301 7
      vertex -6.11127 9.14616 7
    endloop
  endfacet
  facet normal 0 0 1
    outer loop
      vertex -6.97833 8.50311 7
      vertex -7.07107 7.07107 7
      vertex -6.34393 7.7301 7
    endloop
  endfacet
  facet normal -0 0 1
    outer loop
      vertex -7.77817 7.77817 7
      vertex -7.07107 7.07107 7
      vertex -6.97833 8.50311 7
    endloop
  endfacet
  facet normal 0 0 1
    outer loop
      vertex -7.07107 7.07107 7
      vertex -7.77817 7.77817 7
      vertex -7.7301 6.34393 7
    endloop
  endfacet
  facet normal -0 0 1
    outer loop
      vertex -8.50311 6.97833 7
      vertex -7.7301 6.34393 7
      vertex -7.77817 7.77817 7
    endloop
  endfacet
  facet normal 0 0 1
    outer loop
      vertex -7.7301 6.34393 7
      vertex -8.50311 6.97833 7
      vertex -8.3147 5.5557 7
    endloop
  endfacet
  facet normal -0 0 1
    outer loop
      vertex -9.14616 6.11127 7
      vertex -8.3147 5.5557 7
      vertex -8.50311 6.97833 7
    endloop
  endfacet
  facet normal 0 0 1
    outer loop
      vertex -8.3147 5.5557 7
      vertex -9.14616 6.11127 7
      vertex -8.81921 4.71397 7
    endloop
  endfacet
  facet normal -0 0 1
    outer loop
      vertex -9.70113 5.18536 7
      vertex -8.81921 4.71397 7
      vertex -9.14616 6.11127 7
    endloop
  endfacet
  facet normal 0 0 1
    outer loop
      vertex -8.81921 4.71397 7
      vertex -9.70113 5.18536 7
      vertex -9.2388 3.82683 7
    endloop
  endfacet
  facet normal -0 0 1
    outer loop
      vertex -10.1627 4.20952 7
      vertex -9.2388 3.82683 7
      vertex -9.70113 5.18536 7
    endloop
  endfacet
  facet normal 0 0 1
    outer loop
      vertex -9.2388 3.82683 7
      vertex -10.1627 4.20952 7
      vertex -9.5694 2.90285 7
    endloop
  endfacet
  facet normal -0 0 1
    outer loop
      vertex -10.5263 3.19313 7
      vertex -9.5694 2.90285 7
      vertex -10.1627 4.20952 7
    endloop
  endfacet
  facet normal -0 0 1
    outer loop
      vertex -10.7886 2.14599 7
      vertex -9.80785 1.9509 7
      vertex -10.5263 3.19313 7
    endloop
  endfacet
  facet normal 0 0 1
    outer loop
      vertex -9.5694 2.90285 7
      vertex -10.5263 3.19313 7
      vertex -9.80785 1.9509 7
    endloop
  endfacet
  facet normal 0 0 1
    outer loop
      vertex 10.7886 -2.14599 7
      vertex 9.80785 -1.9509 7
      vertex 10.5263 -3.19313 7
    endloop
  endfacet
  facet normal -0 0 1
    outer loop
      vertex 9.5694 -2.90285 7
      vertex 10.5263 -3.19313 7
      vertex 9.80785 -1.9509 7
    endloop
  endfacet
  facet normal 0 0 1
    outer loop
      vertex 10.5263 -3.19313 7
      vertex 9.5694 -2.90285 7
      vertex 10.1627 -4.20952 7
    endloop
  endfacet
  facet normal -0 0 1
    outer loop
      vertex 9.2388 -3.82683 7
      vertex 10.1627 -4.20952 7
      vertex 9.5694 -2.90285 7
    endloop
  endfacet
  facet normal 0 0 1
    outer loop
      vertex 10.1627 -4.20952 7
      vertex 9.2388 -3.82683 7
      vertex 9.70113 -5.18536 7
    endloop
  endfacet
  facet normal -0 0 1
    outer loop
      vertex 8.81921 -4.71397 7
      vertex 9.70113 -5.18536 7
      vertex 9.2388 -3.82683 7
    endloop
  endfacet
  facet normal 0 0 1
    outer loop
      vertex 9.70113 -5.18536 7
      vertex 8.81921 -4.71397 7
      vertex 9.14616 -6.11127 7
    endloop
  endfacet
  facet normal -0 0 1
    outer loop
      vertex 8.3147 -5.5557 7
      vertex 9.14616 -6.11127 7
      vertex 8.81921 -4.71397 7
    endloop
  endfacet
  facet normal 0 0 1
    outer loop
      vertex 9.14616 -6.11127 7
      vertex 8.3147 -5.5557 7
      vertex 8.50311 -6.97833 7
    endloop
  endfacet
  facet normal -0 0 1
    outer loop
      vertex 7.7301 -6.34393 7
      vertex 8.50311 -6.97833 7
      vertex 8.3147 -5.5557 7
    endloop
  endfacet
  facet normal 0 0 1
    outer loop
      vertex 8.50311 -6.97833 7
      vertex 7.7301 -6.34393 7
      vertex 7.77817 -7.77817 7
    endloop
  endfacet
  facet normal -0 0 1
    outer loop
      vertex 7.07107 -7.07107 7
      vertex 7.77817 -7.77817 7
      vertex 7.7301 -6.34393 7
    endloop
  endfacet
  facet normal 0 0 1
    outer loop
      vertex 7.07107 -7.07107 7
      vertex 6.97833 -8.50311 7
      vertex 7.77817 -7.77817 7
    endloop
  endfacet
  facet normal -0 0 1
    outer loop
      vertex 6.34393 -7.7301 7
      vertex 6.97833 -8.50311 7
      vertex 7.07107 -7.07107 7
    endloop
  endfacet
  facet normal 0 0 1
    outer loop
      vertex 6.34393 -7.7301 7
      vertex 6.11127 -9.14616 7
      vertex 6.97833 -8.50311 7
    endloop
  endfacet
  facet normal -0 0 1
    outer loop
      vertex 5.5557 -8.3147 7
      vertex 6.11127 -9.14616 7
      vertex 6.34393 -7.7301 7
    endloop
  endfacet
  facet normal 0 0 1
    outer loop
      vertex 5.5557 -8.3147 7
      vertex 5.18536 -9.70113 7
      vertex 6.11127 -9.14616 7
    endloop
  endfacet
  facet normal -0 0 1
    outer loop
      vertex 4.71397 -8.81921 7
      vertex 5.18536 -9.70113 7
      vertex 5.5557 -8.3147 7
    endloop
  endfacet
  facet normal 0 0 1
    outer loop
      vertex 4.71397 -8.81921 7
      vertex 4.20952 -10.1627 7
      vertex 5.18536 -9.70113 7
    endloop
  endfacet
  facet normal -0 0 1
    outer loop
      vertex 3.82683 -9.2388 7
      vertex 4.20952 -10.1627 7
      vertex 4.71397 -8.81921 7
    endloop
  endfacet
  facet normal 0 0 1
    outer loop
      vertex 3.82683 -9.2388 7
      vertex 3.19313 -10.5263 7
      vertex 4.20952 -10.1627 7
    endloop
  endfacet
  facet normal -0 0 1
    outer loop
      vertex 2.90285 -9.5694 7
      vertex 3.19313 -10.5263 7
      vertex 3.82683 -9.2388 7
    endloop
  endfacet
  facet normal 0 0 1
    outer loop
      vertex 2.90285 -9.5694 7
      vertex 2.14599 -10.7886 7
      vertex 3.19313 -10.5263 7
    endloop
  endfacet
  facet normal -0 0 1
    outer loop
      vertex 1.9509 -9.80785 7
      vertex 2.14599 -10.7886 7
      vertex 2.90285 -9.5694 7
    endloop
  endfacet
  facet normal 0 0 1
    outer loop
      vertex 1.9509 -9.80785 7
      vertex 1.07819 -10.947 7
      vertex 2.14599 -10.7886 7
    endloop
  endfacet
  facet normal -0 0 1
    outer loop
      vertex 0.980171 -9.95185 7
      vertex 1.07819 -10.947 7
      vertex 1.9509 -9.80785 7
    endloop
  endfacet
  facet normal -0 0 1
    outer loop
      vertex 0 -10 7
      vertex 1.07819 -10.947 7
      vertex 0.980171 -9.95185 7
    endloop
  endfacet
  facet normal 0 0 1
    outer loop
      vertex 0 -10 7
      vertex 0 -11 7
      vertex 1.07819 -10.947 7
    endloop
  endfacet
  facet normal 0 0 1
    outer loop
      vertex -0.980171 -9.95185 7
      vertex 0 -11 7
      vertex 0 -10 7
    endloop
  endfacet
  facet normal 0 0 1
    outer loop
      vertex -0.980171 -9.95185 7
      vertex -1.07819 -10.947 7
      vertex 0 -11 7
    endloop
  endfacet
  facet normal 0 0 1
    outer loop
      vertex -1.9509 -9.80785 7
      vertex -1.07819 -10.947 7
      vertex -0.980171 -9.95185 7
    endloop
  endfacet
  facet normal 0 0 1
    outer loop
      vertex -1.9509 -9.80785 7
      vertex -2.14599 -10.7886 7
      vertex -1.07819 -10.947 7
    endloop
  endfacet
  facet normal 0 0 1
    outer loop
      vertex -2.90285 -9.5694 7
      vertex -2.14599 -10.7886 7
      vertex -1.9509 -9.80785 7
    endloop
  endfacet
  facet normal 0 0 1
    outer loop
      vertex -2.90285 -9.5694 7
      vertex -3.19313 -10.5263 7
      vertex -2.14599 -10.7886 7
    endloop
  endfacet
  facet normal 0 0 1
    outer loop
      vertex -3.82683 -9.2388 7
      vertex -3.19313 -10.5263 7
      vertex -2.90285 -9.5694 7
    endloop
  endfacet
  facet normal 0 0 1
    outer loop
      vertex -3.82683 -9.2388 7
      vertex -4.20952 -10.1627 7
      vertex -3.19313 -10.5263 7
    endloop
  endfacet
  facet normal 0 0 1
    outer loop
      vertex -4.71397 -8.81921 7
      vertex -4.20952 -10.1627 7
      vertex -3.82683 -9.2388 7
    endloop
  endfacet
  facet normal 0 0 1
    outer loop
      vertex -4.71397 -8.81921 7
      vertex -5.18536 -9.70113 7
      vertex -4.20952 -10.1627 7
    endloop
  endfacet
  facet normal 0 0 1
    outer loop
      vertex -5.5557 -8.3147 7
      vertex -5.18536 -9.70113 7
      vertex -4.71397 -8.81921 7
    endloop
  endfacet
  facet normal 0 0 1
    outer loop
      vertex -5.5557 -8.3147 7
      vertex -6.11127 -9.14616 7
      vertex -5.18536 -9.70113 7
    endloop
  endfacet
  facet normal 0 0 1
    outer loop
      vertex -6.34393 -7.7301 7
      vertex -6.11127 -9.14616 7
      vertex -5.5557 -8.3147 7
    endloop
  endfacet
  facet normal 0 0 1
    outer loop
      vertex -6.34393 -7.7301 7
      vertex -6.97833 -8.50311 7
      vertex -6.11127 -9.14616 7
    endloop
  endfacet
  facet normal 0 0 1
    outer loop
      vertex -7.07107 -7.07107 7
      vertex -6.97833 -8.50311 7
      vertex -6.34393 -7.7301 7
    endloop
  endfacet
  facet normal 0 0 1
    outer loop
      vertex -7.77817 -7.77817 7
      vertex -7.07107 -7.07107 7
      vertex -7.7301 -6.34393 7
    endloop
  endfacet
  facet normal 0 0 1
    outer loop
      vertex -7.07107 -7.07107 7
      vertex -7.77817 -7.77817 7
      vertex -6.97833 -8.50311 7
    endloop
  endfacet
  facet normal 0 0 1
    outer loop
      vertex -8.50311 -6.97833 7
      vertex -7.7301 -6.34393 7
      vertex -8.3147 -5.5557 7
    endloop
  endfacet
  facet normal 0 0 1
    outer loop
      vertex -7.7301 -6.34393 7
      vertex -8.50311 -6.97833 7
      vertex -7.77817 -7.77817 7
    endloop
  endfacet
  facet normal 0 0 1
    outer loop
      vertex -9.14616 -6.11127 7
      vertex -8.3147 -5.5557 7
      vertex -8.81921 -4.71397 7
    endloop
  endfacet
  facet normal 0 0 1
    outer loop
      vertex -8.3147 -5.5557 7
      vertex -9.14616 -6.11127 7
      vertex -8.50311 -6.97833 7
    endloop
  endfacet
  facet normal 0 0 1
    outer loop
      vertex -9.70113 -5.18536 7
      vertex -8.81921 -4.71397 7
      vertex -9.2388 -3.82683 7
    endloop
  endfacet
  facet normal 0 0 1
    outer loop
      vertex -10.1627 -4.20952 7
      vertex -9.2388 -3.82683 7
      vertex -9.5694 -2.90285 7
    endloop
  endfacet
  facet normal 0 0 1
    outer loop
      vertex -8.81921 -4.71397 7
      vertex -9.70113 -5.18536 7
      vertex -9.14616 -6.11127 7
    endloop
  endfacet
  facet normal 0 0 1
    outer loop
      vertex -10.5263 -3.19313 7
      vertex -9.5694 -2.90285 7
      vertex -9.80785 -1.9509 7
    endloop
  endfacet
  facet normal 0 0 1
    outer loop
      vertex -10.7886 -2.14599 7
      vertex -9.80785 -1.9509 7
      vertex -9.95185 -0.980171 7
    endloop
  endfacet
  facet normal 0 0 1
    outer loop
      vertex -9.2388 -3.82683 7
      vertex -10.1627 -4.20952 7
      vertex -9.70113 -5.18536 7
    endloop
  endfacet
  facet normal 0 0 1
    outer loop
      vertex -10.947 -1.07819 7
      vertex -9.95185 -0.980171 7
      vertex -10 0 7
    endloop
  endfacet
  facet normal 0 0 1
    outer loop
      vertex -9.80785 1.9509 7
      vertex -10.7886 2.14599 7
      vertex -9.95185 0.980171 7
    endloop
  endfacet
  facet normal -0 0 1
    outer loop
      vertex -10.947 1.07819 7
      vertex -9.95185 0.980171 7
      vertex -10.7886 2.14599 7
    endloop
  endfacet
  facet normal 0 0 1
    outer loop
      vertex -9.5694 -2.90285 7
      vertex -10.5263 -3.19313 7
      vertex -10.1627 -4.20952 7
    endloop
  endfacet
  facet normal 0 0 1
    outer loop
      vertex -9.95185 0.980171 7
      vertex -10.947 1.07819 7
      vertex -10 0 7
    endloop
  endfacet
  facet normal 0 0 1
    outer loop
      vertex -9.80785 -1.9509 7
      vertex -10.7886 -2.14599 7
      vertex -10.5263 -3.19313 7
    endloop
  endfacet
  facet normal 0 0 1
    outer loop
      vertex -11 0 7
      vertex -10 0 7
      vertex -10.947 1.07819 7
    endloop
  endfacet
  facet normal 0 0 1
    outer loop
      vertex -9.95185 -0.980171 7
      vertex -10.947 -1.07819 7
      vertex -10.7886 -2.14599 7
    endloop
  endfacet
  facet normal 0 0 1
    outer loop
      vertex -10 0 7
      vertex -11 0 7
      vertex -10.947 -1.07819 7
    endloop
  endfacet
  facet normal -0.639603 0.302531 0.70667
    outer loop
      vertex -9.70113 5.18536 7
      vertex -12.0104 4.97488 5
      vertex -10.1627 4.20952 7
    endloop
  endfacet
  facet normal -0.639611 0.30248 0.706685
    outer loop
      vertex -11.465 6.12816 5
      vertex -12.0104 4.97488 5
      vertex -9.70113 5.18536 7
    endloop
  endfacet
  facet normal -0.706675 0.0347176 0.706686
    outer loop
      vertex -12.9374 1.27422 5
      vertex -13 0 5
      vertex -10.947 1.07819 7
    endloop
  endfacet
  facet normal -0.606871 0.363745 0.706681
    outer loop
      vertex -9.14616 6.11127 7
      vertex -10.8091 7.22241 5
      vertex -9.70113 5.18536 7
    endloop
  endfacet
  facet normal 0.996005 0.0489278 0.0747004
    outer loop
      vertex 9.95185 0.980171 7
      vertex 8.5 0 27
      vertex 10 0 7
    endloop
  endfacet
  facet normal 0.967321 0.2423 0.0747004
    outer loop
      vertex 9.80785 1.9509 7
      vertex 8.13399 2.46742 27
      vertex 8.33667 1.65827 27
    endloop
  endfacet
  facet normal 0.335944 0.938915 0.0747004
    outer loop
      vertex 2.90285 9.5694 7
      vertex 2.46742 8.13399 27
      vertex 3.82683 9.2388 7
    endloop
  endfacet
  facet normal 0.901461 0.426367 0.0747003
    outer loop
      vertex 9.2388 3.82683 7
      vertex 7.49633 4.00687 27
      vertex 7.85298 3.25281 27
    endloop
  endfacet
  facet normal 0.986412 0.146326 0.0747004
    outer loop
      vertex 9.80785 1.9509 7
      vertex 8.33667 1.65827 27
      vertex 9.95185 0.980171 7
    endloop
  endfacet
  facet normal 0.669679 -0.738885 0.0747002
    outer loop
      vertex 6.01041 -6.01041 27
      vertex 5.39234 -6.57059 27
      vertex 6.34393 -7.7301 7
    endloop
  endfacet
  facet normal 0.146326 -0.986412 0.0747004
    outer loop
      vertex 1.65827 -8.33667 27
      vertex 0.980171 -9.95185 7
      vertex 1.9509 -9.80785 7
    endloop
  endfacet
  facet normal -0.426364 -0.901462 0.0747004
    outer loop
      vertex -4.00687 -7.49633 27
      vertex -4.71397 -8.81921 7
      vertex -3.82683 -9.2388 7
    endloop
  endfacet
  facet normal 0.669676 0.738887 0.0747003
    outer loop
      vertex 6.34393 7.7301 7
      vertex 6.01041 6.01041 27
      vertex 7.07107 7.07107 7
    endloop
  endfacet
  facet normal 0.855333 0.512664 0.0747004
    outer loop
      vertex 8.81921 4.71397 7
      vertex 7.06749 4.72235 27
      vertex 7.49633 4.00687 27
    endloop
  endfacet
  facet normal 0.0489308 0.996005 0.0747005
    outer loop
      vertex 0.980171 9.95185 7
      vertex 0 8.5 27
      vertex 0.833145 8.45907 27
    endloop
  endfacet
  facet normal 0.996005 -0.0489278 0.0747004
    outer loop
      vertex 10 0 7
      vertex 8.5 0 27
      vertex 9.95185 -0.980171 7
    endloop
  endfacet
  facet normal -0.146326 -0.986412 0.0747004
    outer loop
      vertex -1.65827 -8.33667 27
      vertex -1.9509 -9.80785 7
      vertex -0.980171 -9.95185 7
    endloop
  endfacet
  facet normal 0.146326 0.986412 0.0747004
    outer loop
      vertex 1.9509 9.80785 7
      vertex 0.980171 9.95185 7
      vertex 1.65827 8.33667 27
    endloop
  endfacet
  facet normal 0.426367 -0.901461 0.0747003
    outer loop
      vertex 4.00687 -7.49633 27
      vertex 3.25281 -7.85298 27
      vertex 3.82683 -9.2388 7
    endloop
  endfacet
  facet normal 0.2423 0.967321 0.0747004
    outer loop
      vertex 1.9509 9.80785 7
      vertex 1.65827 8.33667 27
      vertex 2.46742 8.13399 27
    endloop
  endfacet
  facet normal -0.738887 -0.669676 0.0747003
    outer loop
      vertex -6.01041 -6.01041 27
      vertex -7.7301 -6.34393 7
      vertex -7.07107 -7.07107 7
    endloop
  endfacet
  facet normal 0.335944 -0.938915 0.0747004
    outer loop
      vertex 3.82683 -9.2388 7
      vertex 2.46742 -8.13399 27
      vertex 2.90285 -9.5694 7
    endloop
  endfacet
  facet normal -0.0489278 0.996005 0.0747004
    outer loop
      vertex 0 10 7
      vertex -0.980171 9.95185 7
      vertex 0 8.5 27
    endloop
  endfacet
  facet normal 0.855334 0.512664 0.0747005
    outer loop
      vertex 8.3147 5.5557 7
      vertex 7.06749 4.72235 27
      vertex 8.81921 4.71397 7
    endloop
  endfacet
  facet normal 0.426364 0.901462 0.0747004
    outer loop
      vertex 4.71397 8.81921 7
      vertex 3.82683 9.2388 7
      vertex 4.00687 7.49633 27
    endloop
  endfacet
  facet normal -0.938916 0.335941 0.0747003
    outer loop
      vertex -7.85298 3.25281 27
      vertex -9.2388 3.82683 7
      vertex -8.13399 2.46742 27
    endloop
  endfacet
  facet normal 0.986412 -0.146326 0.0747004
    outer loop
      vertex 9.95185 -0.980171 7
      vertex 8.33667 -1.65827 27
      vertex 9.80785 -1.9509 7
    endloop
  endfacet
  facet normal -0.594041 -0.800959 0.0747004
    outer loop
      vertex -4.72235 -7.06749 27
      vertex -6.34393 -7.7301 7
      vertex -5.5557 -8.3147 7
    endloop
  endfacet
  facet normal 0.938916 0.335941 0.0747003
    outer loop
      vertex 9.2388 3.82683 7
      vertex 7.85298 3.25281 27
      vertex 8.13399 2.46742 27
    endloop
  endfacet
  facet normal -0.901461 0.426367 0.0747003
    outer loop
      vertex -7.49633 4.00687 27
      vertex -9.2388 3.82683 7
      vertex -7.85298 3.25281 27
    endloop
  endfacet
  facet normal 0.901461 -0.426367 0.0747003
    outer loop
      vertex 7.85298 -3.25281 27
      vertex 7.49633 -4.00687 27
      vertex 9.2388 -3.82683 7
    endloop
  endfacet
  facet normal 0.512664 0.855334 0.0747005
    outer loop
      vertex 5.5557 8.3147 7
      vertex 4.71397 8.81921 7
      vertex 4.72235 7.06749 27
    endloop
  endfacet
  facet normal 0.938916 -0.335941 0.0747003
    outer loop
      vertex 8.13399 -2.46742 27
      vertex 7.85298 -3.25281 27
      vertex 9.2388 -3.82683 7
    endloop
  endfacet
  facet normal -0.967321 0.2423 0.0747004
    outer loop
      vertex -8.13399 2.46742 27
      vertex -9.80785 1.9509 7
      vertex -8.33667 1.65827 27
    endloop
  endfacet
  facet normal -0.855334 -0.512664 0.0747005
    outer loop
      vertex -7.06749 -4.72235 27
      vertex -8.81921 -4.71397 7
      vertex -8.3147 -5.5557 7
    endloop
  endfacet
  facet normal 0.938915 -0.335944 0.0747004
    outer loop
      vertex 9.5694 -2.90285 7
      vertex 8.13399 -2.46742 27
      vertex 9.2388 -3.82683 7
    endloop
  endfacet
  facet normal 0.738885 -0.669679 0.0747002
    outer loop
      vertex 6.57059 -5.39234 27
      vertex 6.01041 -6.01041 27
      vertex 7.7301 -6.34393 7
    endloop
  endfacet
  facet normal 0.669676 -0.738887 0.0747003
    outer loop
      vertex 7.07107 -7.07107 7
      vertex 6.01041 -6.01041 27
      vertex 6.34393 -7.7301 7
    endloop
  endfacet
  facet normal 0.855334 -0.512664 0.0747005
    outer loop
      vertex 8.81921 -4.71397 7
      vertex 7.06749 -4.72235 27
      vertex 8.3147 -5.5557 7
    endloop
  endfacet
  facet normal -0.426367 0.901461 0.0747003
    outer loop
      vertex -3.82683 9.2388 7
      vertex -4.00687 7.49633 27
      vertex -3.25281 7.85298 27
    endloop
  endfacet
  facet normal 0.512664 0.855333 0.0747004
    outer loop
      vertex 4.71397 8.81921 7
      vertex 4.00687 7.49633 27
      vertex 4.72235 7.06749 27
    endloop
  endfacet
  facet normal 0.335941 0.938916 0.0747003
    outer loop
      vertex 3.82683 9.2388 7
      vertex 2.46742 8.13399 27
      vertex 3.25281 7.85298 27
    endloop
  endfacet
  facet normal 0.594041 -0.800959 0.0747004
    outer loop
      vertex 6.34393 -7.7301 7
      vertex 4.72235 -7.06749 27
      vertex 5.5557 -8.3147 7
    endloop
  endfacet
  facet normal 0.0489308 -0.996005 0.0747005
    outer loop
      vertex 0.833145 -8.45907 27
      vertex 0 -8.5 27
      vertex 0.980171 -9.95185 7
    endloop
  endfacet
  facet normal -0.967321 -0.2423 0.0747004
    outer loop
      vertex -8.33667 -1.65827 27
      vertex -9.80785 -1.9509 7
      vertex -8.13399 -2.46742 27
    endloop
  endfacet
  facet normal 0.800963 0.594036 0.0747001
    outer loop
      vertex 7.7301 6.34393 7
      vertex 6.57059 5.39234 27
      vertex 7.06749 4.72235 27
    endloop
  endfacet
  facet normal 0.938915 0.335944 0.0747004
    outer loop
      vertex 9.2388 3.82683 7
      vertex 8.13399 2.46742 27
      vertex 9.5694 2.90285 7
    endloop
  endfacet
  facet normal -0.2423 0.967321 0.0747004
    outer loop
      vertex -1.9509 9.80785 7
      vertex -2.46742 8.13399 27
      vertex -1.65827 8.33667 27
    endloop
  endfacet
  facet normal 0.669679 0.738885 0.0747002
    outer loop
      vertex 6.34393 7.7301 7
      vertex 5.39234 6.57059 27
      vertex 6.01041 6.01041 27
    endloop
  endfacet
  facet normal 0.800963 -0.594036 0.0747001
    outer loop
      vertex 7.06749 -4.72235 27
      vertex 6.57059 -5.39234 27
      vertex 7.7301 -6.34393 7
    endloop
  endfacet
  facet normal 0.800959 -0.594041 0.0747004
    outer loop
      vertex 8.3147 -5.5557 7
      vertex 7.06749 -4.72235 27
      vertex 7.7301 -6.34393 7
    endloop
  endfacet
  facet normal 0.738887 0.669676 0.0747003
    outer loop
      vertex 7.07107 7.07107 7
      vertex 6.01041 6.01041 27
      vertex 7.7301 6.34393 7
    endloop
  endfacet
  facet normal 0.967321 -0.2423 0.0747004
    outer loop
      vertex 9.80785 -1.9509 7
      vertex 8.13399 -2.46742 27
      vertex 9.5694 -2.90285 7
    endloop
  endfacet
  facet normal -0.335944 0.938915 0.0747004
    outer loop
      vertex -2.90285 9.5694 7
      vertex -3.82683 9.2388 7
      vertex -2.46742 8.13399 27
    endloop
  endfacet
  facet normal 0.800959 0.594041 0.0747004
    outer loop
      vertex 7.7301 6.34393 7
      vertex 7.06749 4.72235 27
      vertex 8.3147 5.5557 7
    endloop
  endfacet
  facet normal 0.0489278 0.996005 0.0747004
    outer loop
      vertex 0 10 7
      vertex 0 8.5 27
      vertex 0.980171 9.95185 7
    endloop
  endfacet
  facet normal -0.800959 0.594041 0.0747004
    outer loop
      vertex -7.7301 6.34393 7
      vertex -8.3147 5.5557 7
      vertex -7.06749 4.72235 27
    endloop
  endfacet
  facet normal 0.986412 0.146326 0.0747005
    outer loop
      vertex 9.95185 0.980171 7
      vertex 8.33667 1.65827 27
      vertex 8.45907 0.833145 27
    endloop
  endfacet
  facet normal 0.967321 0.2423 0.0747004
    outer loop
      vertex 9.5694 2.90285 7
      vertex 8.13399 2.46742 27
      vertex 9.80785 1.9509 7
    endloop
  endfacet
  facet normal -0.335944 -0.938915 0.0747004
    outer loop
      vertex -2.46742 -8.13399 27
      vertex -3.82683 -9.2388 7
      vertex -2.90285 -9.5694 7
    endloop
  endfacet
  facet normal 0.967321 -0.2423 0.0747004
    outer loop
      vertex 8.33667 -1.65827 27
      vertex 8.13399 -2.46742 27
      vertex 9.80785 -1.9509 7
    endloop
  endfacet
  facet normal -0.986412 0.146326 0.0747004
    outer loop
      vertex -9.80785 1.9509 7
      vertex -9.95185 0.980171 7
      vertex -8.33667 1.65827 27
    endloop
  endfacet
  facet normal -0.669676 0.738887 0.0747003
    outer loop
      vertex -6.34393 7.7301 7
      vertex -7.07107 7.07107 7
      vertex -6.01041 6.01041 27
    endloop
  endfacet
  facet normal 0.146326 0.986412 0.0747005
    outer loop
      vertex 0.980171 9.95185 7
      vertex 0.833145 8.45907 27
      vertex 1.65827 8.33667 27
    endloop
  endfacet
  facet normal -0.0489308 -0.996005 0.0747005
    outer loop
      vertex -0.833145 -8.45907 27
      vertex -0.980171 -9.95185 7
      vertex 0 -8.5 27
    endloop
  endfacet
  facet normal -0.996005 -0.0489278 0.0747004
    outer loop
      vertex -8.5 0 27
      vertex -10 0 7
      vertex -9.95185 -0.980171 7
    endloop
  endfacet
  facet normal -0.855334 0.512664 0.0747005
    outer loop
      vertex -8.3147 5.5557 7
      vertex -8.81921 4.71397 7
      vertex -7.06749 4.72235 27
    endloop
  endfacet
  facet normal -0.146326 0.986412 0.0747004
    outer loop
      vertex -0.980171 9.95185 7
      vertex -1.9509 9.80785 7
      vertex -1.65827 8.33667 27
    endloop
  endfacet
  facet normal -0.996005 0.0489278 0.0747004
    outer loop
      vertex -9.95185 0.980171 7
      vertex -10 0 7
      vertex -8.5 0 27
    endloop
  endfacet
  facet normal 0.2423 0.967321 0.0747004
    outer loop
      vertex 2.90285 9.5694 7
      vertex 1.9509 9.80785 7
      vertex 2.46742 8.13399 27
    endloop
  endfacet
  facet normal -0.738887 0.669676 0.0747003
    outer loop
      vertex -7.07107 7.07107 7
      vertex -7.7301 6.34393 7
      vertex -6.01041 6.01041 27
    endloop
  endfacet
  facet normal -0.800963 0.594036 0.0747001
    outer loop
      vertex -6.57059 5.39234 27
      vertex -7.7301 6.34393 7
      vertex -7.06749 4.72235 27
    endloop
  endfacet
  facet normal -0.512664 0.855334 0.0747005
    outer loop
      vertex -4.71397 8.81921 7
      vertex -5.5557 8.3147 7
      vertex -4.72235 7.06749 27
    endloop
  endfacet
  facet normal -0.938916 -0.335941 0.0747003
    outer loop
      vertex -8.13399 -2.46742 27
      vertex -9.2388 -3.82683 7
      vertex -7.85298 -3.25281 27
    endloop
  endfacet
  facet normal -0.938915 0.335944 0.0747004
    outer loop
      vertex -9.2388 3.82683 7
      vertex -9.5694 2.90285 7
      vertex -8.13399 2.46742 27
    endloop
  endfacet
  facet normal -0.996005 -0.0489308 0.0747005
    outer loop
      vertex -8.5 0 27
      vertex -9.95185 -0.980171 7
      vertex -8.45907 -0.833145 27
    endloop
  endfacet
  facet normal -0.669676 -0.738887 0.0747003
    outer loop
      vertex -6.01041 -6.01041 27
      vertex -7.07107 -7.07107 7
      vertex -6.34393 -7.7301 7
    endloop
  endfacet
  facet normal -0.2423 -0.967321 0.0747004
    outer loop
      vertex -2.46742 -8.13399 27
      vertex -2.90285 -9.5694 7
      vertex -1.9509 -9.80785 7
    endloop
  endfacet
  facet normal 0.512664 -0.855334 0.0747005
    outer loop
      vertex 4.72235 -7.06749 27
      vertex 4.71397 -8.81921 7
      vertex 5.5557 -8.3147 7
    endloop
  endfacet
  facet normal 0.594036 -0.800963 0.0747001
    outer loop
      vertex 5.39234 -6.57059 27
      vertex 4.72235 -7.06749 27
      vertex 6.34393 -7.7301 7
    endloop
  endfacet
  facet normal 0.512664 -0.855333 0.0747004
    outer loop
      vertex 4.72235 -7.06749 27
      vertex 4.00687 -7.49633 27
      vertex 4.71397 -8.81921 7
    endloop
  endfacet
  facet normal -0.938915 -0.335944 0.0747004
    outer loop
      vertex -8.13399 -2.46742 27
      vertex -9.5694 -2.90285 7
      vertex -9.2388 -3.82683 7
    endloop
  endfacet
  facet normal -0.855333 -0.512664 0.0747004
    outer loop
      vertex -7.49633 -4.00687 27
      vertex -8.81921 -4.71397 7
      vertex -7.06749 -4.72235 27
    endloop
  endfacet
  facet normal -0.594036 -0.800963 0.0747001
    outer loop
      vertex -5.39234 -6.57059 27
      vertex -6.34393 -7.7301 7
      vertex -4.72235 -7.06749 27
    endloop
  endfacet
  facet normal -0.738885 -0.669679 0.0747002
    outer loop
      vertex -6.57059 -5.39234 27
      vertex -7.7301 -6.34393 7
      vertex -6.01041 -6.01041 27
    endloop
  endfacet
  facet normal 0.996005 -0.0489308 0.0747005
    outer loop
      vertex 8.5 0 27
      vertex 8.45907 -0.833145 27
      vertex 9.95185 -0.980171 7
    endloop
  endfacet
  facet normal -0.0489308 0.996005 0.0747005
    outer loop
      vertex 0 8.5 27
      vertex -0.980171 9.95185 7
      vertex -0.833145 8.45907 27
    endloop
  endfacet
  facet normal 0.738887 -0.669676 0.0747003
    outer loop
      vertex 7.7301 -6.34393 7
      vertex 6.01041 -6.01041 27
      vertex 7.07107 -7.07107 7
    endloop
  endfacet
  facet normal -0.594041 0.800959 0.0747004
    outer loop
      vertex -5.5557 8.3147 7
      vertex -6.34393 7.7301 7
      vertex -4.72235 7.06749 27
    endloop
  endfacet
  facet normal -0.967321 -0.2423 0.0747004
    outer loop
      vertex -8.13399 -2.46742 27
      vertex -9.80785 -1.9509 7
      vertex -9.5694 -2.90285 7
    endloop
  endfacet
  facet normal 0.738885 0.669679 0.0747002
    outer loop
      vertex 7.7301 6.34393 7
      vertex 6.01041 6.01041 27
      vertex 6.57059 5.39234 27
    endloop
  endfacet
  facet normal -0.986412 0.146326 0.0747005
    outer loop
      vertex -8.33667 1.65827 27
      vertex -9.95185 0.980171 7
      vertex -8.45907 0.833145 27
    endloop
  endfacet
  facet normal -0.2423 0.967321 0.0747004
    outer loop
      vertex -1.9509 9.80785 7
      vertex -2.90285 9.5694 7
      vertex -2.46742 8.13399 27
    endloop
  endfacet
  facet normal 0.594041 0.800959 0.0747004
    outer loop
      vertex 5.5557 8.3147 7
      vertex 4.72235 7.06749 27
      vertex 6.34393 7.7301 7
    endloop
  endfacet
  facet normal -0.0489278 -0.996005 0.0747004
    outer loop
      vertex 0 -8.5 27
      vertex -0.980171 -9.95185 7
      vertex 0 -10 7
    endloop
  endfacet
  facet normal -0.901461 -0.426367 0.0747003
    outer loop
      vertex -7.85298 -3.25281 27
      vertex -9.2388 -3.82683 7
      vertex -7.49633 -4.00687 27
    endloop
  endfacet
  facet normal -0.512664 -0.855333 0.0747004
    outer loop
      vertex -4.00687 -7.49633 27
      vertex -4.72235 -7.06749 27
      vertex -4.71397 -8.81921 7
    endloop
  endfacet
  facet normal 0.901462 0.426364 0.0747004
    outer loop
      vertex 8.81921 4.71397 7
      vertex 7.49633 4.00687 27
      vertex 9.2388 3.82683 7
    endloop
  endfacet
  facet normal 0.335941 -0.938916 0.0747003
    outer loop
      vertex 3.25281 -7.85298 27
      vertex 2.46742 -8.13399 27
      vertex 3.82683 -9.2388 7
    endloop
  endfacet
  facet normal -0.146326 0.986412 0.0747005
    outer loop
      vertex -0.980171 9.95185 7
      vertex -1.65827 8.33667 27
      vertex -0.833145 8.45907 27
    endloop
  endfacet
  facet normal 0.996005 0.0489308 0.0747005
    outer loop
      vertex 9.95185 0.980171 7
      vertex 8.45907 0.833145 27
      vertex 8.5 0 27
    endloop
  endfacet
  facet normal 0.855333 -0.512664 0.0747004
    outer loop
      vertex 7.49633 -4.00687 27
      vertex 7.06749 -4.72235 27
      vertex 8.81921 -4.71397 7
    endloop
  endfacet
  facet normal -0.800963 -0.594036 0.0747001
    outer loop
      vertex -7.06749 -4.72235 27
      vertex -7.7301 -6.34393 7
      vertex -6.57059 -5.39234 27
    endloop
  endfacet
  facet normal 0.901462 -0.426364 0.0747004
    outer loop
      vertex 9.2388 -3.82683 7
      vertex 7.49633 -4.00687 27
      vertex 8.81921 -4.71397 7
    endloop
  endfacet
  facet normal -0.967321 0.2423 0.0747004
    outer loop
      vertex -9.5694 2.90285 7
      vertex -9.80785 1.9509 7
      vertex -8.13399 2.46742 27
    endloop
  endfacet
  facet normal -0.996005 0.0489308 0.0747005
    outer loop
      vertex -8.45907 0.833145 27
      vertex -9.95185 0.980171 7
      vertex -8.5 0 27
    endloop
  endfacet
  facet normal -0.800959 -0.594041 0.0747004
    outer loop
      vertex -7.06749 -4.72235 27
      vertex -8.3147 -5.5557 7
      vertex -7.7301 -6.34393 7
    endloop
  endfacet
  facet normal -0.738885 0.669679 0.0747002
    outer loop
      vertex -6.01041 6.01041 27
      vertex -7.7301 6.34393 7
      vertex -6.57059 5.39234 27
    endloop
  endfacet
  facet normal -0.426367 -0.901461 0.0747003
    outer loop
      vertex -3.25281 -7.85298 27
      vertex -4.00687 -7.49633 27
      vertex -3.82683 -9.2388 7
    endloop
  endfacet
  facet normal 0.146326 -0.986412 0.0747005
    outer loop
      vertex 1.65827 -8.33667 27
      vertex 0.833145 -8.45907 27
      vertex 0.980171 -9.95185 7
    endloop
  endfacet
  facet normal -0.669679 0.738885 0.0747002
    outer loop
      vertex -5.39234 6.57059 27
      vertex -6.34393 7.7301 7
      vertex -6.01041 6.01041 27
    endloop
  endfacet
  facet normal 0.426367 0.901461 0.0747003
    outer loop
      vertex 3.82683 9.2388 7
      vertex 3.25281 7.85298 27
      vertex 4.00687 7.49633 27
    endloop
  endfacet
  facet normal -0.669679 -0.738885 0.0747002
    outer loop
      vertex -6.01041 -6.01041 27
      vertex -6.34393 -7.7301 7
      vertex -5.39234 -6.57059 27
    endloop
  endfacet
  facet normal 0.986412 -0.146326 0.0747005
    outer loop
      vertex 8.45907 -0.833145 27
      vertex 8.33667 -1.65827 27
      vertex 9.95185 -0.980171 7
    endloop
  endfacet
  facet normal 0.426364 -0.901462 0.0747004
    outer loop
      vertex 4.00687 -7.49633 27
      vertex 3.82683 -9.2388 7
      vertex 4.71397 -8.81921 7
    endloop
  endfacet
  facet normal -0.986412 -0.146326 0.0747004
    outer loop
      vertex -8.33667 -1.65827 27
      vertex -9.95185 -0.980171 7
      vertex -9.80785 -1.9509 7
    endloop
  endfacet
  facet normal 0.0489278 -0.996005 0.0747004
    outer loop
      vertex 0 -8.5 27
      vertex 0 -10 7
      vertex 0.980171 -9.95185 7
    endloop
  endfacet
  facet normal 0.2423 -0.967321 0.0747004
    outer loop
      vertex 2.46742 -8.13399 27
      vertex 1.9509 -9.80785 7
      vertex 2.90285 -9.5694 7
    endloop
  endfacet
  facet normal -0.335941 0.938916 0.0747003
    outer loop
      vertex -2.46742 8.13399 27
      vertex -3.82683 9.2388 7
      vertex -3.25281 7.85298 27
    endloop
  endfacet
  facet normal 0.594036 0.800963 0.0747001
    outer loop
      vertex 6.34393 7.7301 7
      vertex 4.72235 7.06749 27
      vertex 5.39234 6.57059 27
    endloop
  endfacet
  facet normal -0.901462 -0.426364 0.0747004
    outer loop
      vertex -7.49633 -4.00687 27
      vertex -9.2388 -3.82683 7
      vertex -8.81921 -4.71397 7
    endloop
  endfacet
  facet normal -0.426364 0.901462 0.0747004
    outer loop
      vertex -3.82683 9.2388 7
      vertex -4.71397 8.81921 7
      vertex -4.00687 7.49633 27
    endloop
  endfacet
  facet normal -0.146326 -0.986412 0.0747005
    outer loop
      vertex -0.833145 -8.45907 27
      vertex -1.65827 -8.33667 27
      vertex -0.980171 -9.95185 7
    endloop
  endfacet
  facet normal -0.512664 0.855333 0.0747004
    outer loop
      vertex -4.71397 8.81921 7
      vertex -4.72235 7.06749 27
      vertex -4.00687 7.49633 27
    endloop
  endfacet
  facet normal -0.901462 0.426364 0.0747004
    outer loop
      vertex -8.81921 4.71397 7
      vertex -9.2388 3.82683 7
      vertex -7.49633 4.00687 27
    endloop
  endfacet
  facet normal -0.855333 0.512664 0.0747004
    outer loop
      vertex -7.06749 4.72235 27
      vertex -8.81921 4.71397 7
      vertex -7.49633 4.00687 27
    endloop
  endfacet
  facet normal -0.512664 -0.855334 0.0747005
    outer loop
      vertex -4.72235 -7.06749 27
      vertex -5.5557 -8.3147 7
      vertex -4.71397 -8.81921 7
    endloop
  endfacet
  facet normal 0.2423 -0.967321 0.0747004
    outer loop
      vertex 2.46742 -8.13399 27
      vertex 1.65827 -8.33667 27
      vertex 1.9509 -9.80785 7
    endloop
  endfacet
  facet normal -0.2423 -0.967321 0.0747004
    outer loop
      vertex -1.65827 -8.33667 27
      vertex -2.46742 -8.13399 27
      vertex -1.9509 -9.80785 7
    endloop
  endfacet
  facet normal -0.594036 0.800963 0.0747001
    outer loop
      vertex -4.72235 7.06749 27
      vertex -6.34393 7.7301 7
      vertex -5.39234 6.57059 27
    endloop
  endfacet
  facet normal -0.986412 -0.146326 0.0747005
    outer loop
      vertex -8.45907 -0.833145 27
      vertex -9.95185 -0.980171 7
      vertex -8.33667 -1.65827 27
    endloop
  endfacet
  facet normal -0.335941 -0.938916 0.0747003
    outer loop
      vertex -3.25281 -7.85298 27
      vertex -3.82683 -9.2388 7
      vertex -2.46742 -8.13399 27
    endloop
  endfacet
  facet normal 0.0306753 -0.624406 -0.780497
    outer loop
      vertex 1.07819 -10.947 29
      vertex 0 -8.5 27
      vertex 0.833145 -8.45907 27
    endloop
  endfacet
  facet normal -0.151904 0.606423 -0.780497
    outer loop
      vertex -1.65827 8.33667 27
      vertex -3.19313 10.5263 29
      vertex -2.14599 10.7886 29
    endloop
  endfacet
  facet normal -0.419825 -0.463211 -0.780501
    outer loop
      vertex -5.39234 -6.57059 27
      vertex -6.97833 -8.50311 29
      vertex -6.01041 -6.01041 27
    endloop
  endfacet
  facet normal 0.624401 0.0306933 -0.780501
    outer loop
      vertex 11 0 29
      vertex 8.5 0 27
      vertex 10.947 1.07819 29
    endloop
  endfacet
  facet normal 0.624406 0.0306753 -0.780497
    outer loop
      vertex 8.5 0 27
      vertex 8.45907 0.833145 27
      vertex 10.947 1.07819 29
    endloop
  endfacet
  facet normal -0.372402 0.502131 -0.780501
    outer loop
      vertex -4.72235 7.06749 27
      vertex -6.97833 8.50311 29
      vertex -6.11127 9.14616 29
    endloop
  endfacet
  facet normal 0.588617 -0.210605 -0.780497
    outer loop
      vertex 10.5263 -3.19313 29
      vertex 7.85298 -3.25281 27
      vertex 8.13399 -2.46742 27
    endloop
  endfacet
  facet normal 0.321394 -0.536213 -0.780501
    outer loop
      vertex 5.18536 -9.70113 29
      vertex 4.72235 -7.06749 27
      vertex 6.11127 -9.14616 29
    endloop
  endfacet
  facet normal 0.502131 0.372402 -0.780501
    outer loop
      vertex 9.14616 6.11127 29
      vertex 7.06749 4.72235 27
      vertex 8.50311 6.97833 29
    endloop
  endfacet
  facet normal -0.0306753 -0.624406 -0.780497
    outer loop
      vertex 0 -8.5 27
      vertex -1.07819 -10.947 29
      vertex -0.833145 -8.45907 27
    endloop
  endfacet
  facet normal 0.502131 -0.372402 -0.780501
    outer loop
      vertex 8.50311 -6.97833 29
      vertex 7.06749 -4.72235 27
      vertex 9.14616 -6.11127 29
    endloop
  endfacet
  facet normal -0.502131 0.372402 -0.780501
    outer loop
      vertex -7.06749 4.72235 27
      vertex -9.14616 6.11127 29
      vertex -8.50311 6.97833 29
    endloop
  endfacet
  facet normal 0.0306933 -0.624401 -0.780501
    outer loop
      vertex 1.07819 -10.947 29
      vertex 0 -11 29
      vertex 0 -8.5 27
    endloop
  endfacet
  facet normal -0.463211 -0.419825 -0.780501
    outer loop
      vertex -6.01041 -6.01041 27
      vertex -8.50311 -6.97833 29
      vertex -6.57059 -5.39234 27
    endloop
  endfacet
  facet normal 0.0917338 0.618392 -0.780497
    outer loop
      vertex 1.65827 8.33667 27
      vertex 1.07819 10.947 29
      vertex 2.14599 10.7886 29
    endloop
  endfacet
  facet normal 0.210571 -0.588621 -0.780503
    outer loop
      vertex 4.20952 -10.1627 29
      vertex 3.19313 -10.5263 29
      vertex 3.25281 -7.85298 27
    endloop
  endfacet
  facet normal -0.419831 0.463208 -0.7805
    outer loop
      vertex -6.01041 6.01041 27
      vertex -7.77817 7.77817 29
      vertex -6.97833 8.50311 29
    endloop
  endfacet
  facet normal 0.321394 0.536213 -0.780501
    outer loop
      vertex 6.11127 9.14616 29
      vertex 4.72235 7.06749 27
      vertex 5.18536 9.70113 29
    endloop
  endfacet
  facet normal 0.606425 -0.1519 -0.780496
    outer loop
      vertex 10.5263 -3.19313 29
      vertex 8.13399 -2.46742 27
      vertex 8.33667 -1.65827 27
    endloop
  endfacet
  facet normal -0.606425 -0.1519 -0.780496
    outer loop
      vertex -8.13399 -2.46742 27
      vertex -10.5263 -3.19313 29
      vertex -8.33667 -1.65827 27
    endloop
  endfacet
  facet normal -0.0306933 0.624401 -0.780501
    outer loop
      vertex 0 8.5 27
      vertex -1.07819 10.947 29
      vertex 0 11 29
    endloop
  endfacet
  facet normal 0.624406 -0.0306753 -0.780497
    outer loop
      vertex 10.947 -1.07819 29
      vertex 8.45907 -0.833145 27
      vertex 8.5 0 27
    endloop
  endfacet
  facet normal -0.536213 0.321394 -0.780501
    outer loop
      vertex -7.06749 4.72235 27
      vertex -9.70113 5.18536 29
      vertex -9.14616 6.11127 29
    endloop
  endfacet
  facet normal 0.606423 -0.151904 -0.780497
    outer loop
      vertex 10.5263 -3.19313 29
      vertex 8.33667 -1.65827 27
      vertex 10.7886 -2.14599 29
    endloop
  endfacet
  facet normal -0.606423 0.151904 -0.780497
    outer loop
      vertex -8.33667 1.65827 27
      vertex -10.7886 2.14599 29
      vertex -10.5263 3.19313 29
    endloop
  endfacet
  facet normal 0.267302 -0.565123 -0.780503
    outer loop
      vertex 4.20952 -10.1627 29
      vertex 3.25281 -7.85298 27
      vertex 5.18536 -9.70113 29
    endloop
  endfacet
  facet normal -0.502131 -0.372402 -0.780501
    outer loop
      vertex -8.50311 -6.97833 29
      vertex -9.14616 -6.11127 29
      vertex -7.06749 -4.72235 27
    endloop
  endfacet
  facet normal 0.419831 -0.463208 -0.7805
    outer loop
      vertex 6.97833 -8.50311 29
      vertex 6.01041 -6.01041 27
      vertex 7.77817 -7.77817 29
    endloop
  endfacet
  facet normal -0.321394 0.536213 -0.780501
    outer loop
      vertex -4.72235 7.06749 27
      vertex -6.11127 9.14616 29
      vertex -5.18536 9.70113 29
    endloop
  endfacet
  facet normal -0.463208 -0.419831 -0.7805
    outer loop
      vertex -7.77817 -7.77817 29
      vertex -8.50311 -6.97833 29
      vertex -6.01041 -6.01041 27
    endloop
  endfacet
  facet normal -0.618392 -0.0917338 -0.780497
    outer loop
      vertex -10.7886 -2.14599 29
      vertex -10.947 -1.07819 29
      vertex -8.33667 -1.65827 27
    endloop
  endfacet
  facet normal -0.565131 -0.267292 -0.780501
    outer loop
      vertex -7.49633 -4.00687 27
      vertex -9.70113 -5.18536 29
      vertex -7.85298 -3.25281 27
    endloop
  endfacet
  facet normal -0.588621 -0.210571 -0.780503
    outer loop
      vertex -10.1627 -4.20952 29
      vertex -10.5263 -3.19313 29
      vertex -7.85298 -3.25281 27
    endloop
  endfacet
  facet normal 0.091733 0.618392 -0.780497
    outer loop
      vertex 1.65827 8.33667 27
      vertex 0.833145 8.45907 27
      vertex 1.07819 10.947 29
    endloop
  endfacet
  facet normal -0.565123 -0.267302 -0.780503
    outer loop
      vertex -9.70113 -5.18536 29
      vertex -10.1627 -4.20952 29
      vertex -7.85298 -3.25281 27
    endloop
  endfacet
  facet normal 0.588621 -0.210571 -0.780503
    outer loop
      vertex 10.1627 -4.20952 29
      vertex 7.85298 -3.25281 27
      vertex 10.5263 -3.19313 29
    endloop
  endfacet
  facet normal 0.618392 -0.091733 -0.780497
    outer loop
      vertex 10.947 -1.07819 29
      vertex 8.33667 -1.65827 27
      vertex 8.45907 -0.833145 27
    endloop
  endfacet
  facet normal 0.618392 -0.0917338 -0.780497
    outer loop
      vertex 10.7886 -2.14599 29
      vertex 8.33667 -1.65827 27
      vertex 10.947 -1.07819 29
    endloop
  endfacet
  facet normal 0.624401 -0.0306933 -0.780501
    outer loop
      vertex 10.947 -1.07819 29
      vertex 8.5 0 27
      vertex 11 0 29
    endloop
  endfacet
  facet normal 0.502128 -0.372405 -0.780501
    outer loop
      vertex 8.50311 -6.97833 29
      vertex 6.57059 -5.39234 27
      vertex 7.06749 -4.72235 27
    endloop
  endfacet
  facet normal -0.502128 -0.372405 -0.780501
    outer loop
      vertex -6.57059 -5.39234 27
      vertex -8.50311 -6.97833 29
      vertex -7.06749 -4.72235 27
    endloop
  endfacet
  facet normal 0.372405 0.502128 -0.780501
    outer loop
      vertex 5.39234 6.57059 27
      vertex 4.72235 7.06749 27
      vertex 6.97833 8.50311 29
    endloop
  endfacet
  facet normal 0.565123 0.267302 -0.780503
    outer loop
      vertex 10.1627 4.20952 29
      vertex 7.85298 3.25281 27
      vertex 9.70113 5.18536 29
    endloop
  endfacet
  facet normal -0.618392 -0.091733 -0.780497
    outer loop
      vertex -8.33667 -1.65827 27
      vertex -10.947 -1.07819 29
      vertex -8.45907 -0.833145 27
    endloop
  endfacet
  facet normal -0.267302 0.565123 -0.780503
    outer loop
      vertex -3.25281 7.85298 27
      vertex -5.18536 9.70113 29
      vertex -4.20952 10.1627 29
    endloop
  endfacet
  facet normal -0.0306933 -0.624401 -0.780501
    outer loop
      vertex 0 -11 29
      vertex -1.07819 -10.947 29
      vertex 0 -8.5 27
    endloop
  endfacet
  facet normal 0.372405 -0.502128 -0.780501
    outer loop
      vertex 6.97833 -8.50311 29
      vertex 4.72235 -7.06749 27
      vertex 5.39234 -6.57059 27
    endloop
  endfacet
  facet normal 0.210605 -0.588617 -0.780497
    outer loop
      vertex 3.19313 -10.5263 29
      vertex 2.46742 -8.13399 27
      vertex 3.25281 -7.85298 27
    endloop
  endfacet
  facet normal -0.321392 -0.536214 -0.780501
    outer loop
      vertex -4.00687 -7.49633 27
      vertex -5.18536 -9.70113 29
      vertex -4.72235 -7.06749 27
    endloop
  endfacet
  facet normal -0.210571 0.588621 -0.780503
    outer loop
      vertex -3.25281 7.85298 27
      vertex -4.20952 10.1627 29
      vertex -3.19313 10.5263 29
    endloop
  endfacet
  facet normal -0.0917338 0.618392 -0.780497
    outer loop
      vertex -1.65827 8.33667 27
      vertex -2.14599 10.7886 29
      vertex -1.07819 10.947 29
    endloop
  endfacet
  facet normal 0.267292 -0.565131 -0.780501
    outer loop
      vertex 5.18536 -9.70113 29
      vertex 3.25281 -7.85298 27
      vertex 4.00687 -7.49633 27
    endloop
  endfacet
  facet normal -0.536213 -0.321394 -0.780501
    outer loop
      vertex -9.14616 -6.11127 29
      vertex -9.70113 -5.18536 29
      vertex -7.06749 -4.72235 27
    endloop
  endfacet
  facet normal -0.419825 0.463211 -0.780501
    outer loop
      vertex -6.01041 6.01041 27
      vertex -6.97833 8.50311 29
      vertex -5.39234 6.57059 27
    endloop
  endfacet
  facet normal 0.463208 -0.419831 -0.7805
    outer loop
      vertex 7.77817 -7.77817 29
      vertex 6.01041 -6.01041 27
      vertex 8.50311 -6.97833 29
    endloop
  endfacet
  facet normal -0.151904 -0.606423 -0.780497
    outer loop
      vertex -2.14599 -10.7886 29
      vertex -3.19313 -10.5263 29
      vertex -1.65827 -8.33667 27
    endloop
  endfacet
  facet normal -0.1519 0.606425 -0.780496
    outer loop
      vertex -2.46742 8.13399 27
      vertex -3.19313 10.5263 29
      vertex -1.65827 8.33667 27
    endloop
  endfacet
  facet normal 0.536214 0.321392 -0.780501
    outer loop
      vertex 7.49633 4.00687 27
      vertex 7.06749 4.72235 27
      vertex 9.70113 5.18536 29
    endloop
  endfacet
  facet normal -0.502128 0.372405 -0.780501
    outer loop
      vertex -7.06749 4.72235 27
      vertex -8.50311 6.97833 29
      vertex -6.57059 5.39234 27
    endloop
  endfacet
  facet normal 0.1519 -0.606425 -0.780496
    outer loop
      vertex 3.19313 -10.5263 29
      vertex 1.65827 -8.33667 27
      vertex 2.46742 -8.13399 27
    endloop
  endfacet
  facet normal 0.321392 -0.536214 -0.780501
    outer loop
      vertex 5.18536 -9.70113 29
      vertex 4.00687 -7.49633 27
      vertex 4.72235 -7.06749 27
    endloop
  endfacet
  facet normal 0.536213 -0.321394 -0.780501
    outer loop
      vertex 9.14616 -6.11127 29
      vertex 7.06749 -4.72235 27
      vertex 9.70113 -5.18536 29
    endloop
  endfacet
  facet normal 0.210605 0.588617 -0.780497
    outer loop
      vertex 3.25281 7.85298 27
      vertex 2.46742 8.13399 27
      vertex 3.19313 10.5263 29
    endloop
  endfacet
  facet normal -0.0917338 -0.618392 -0.780497
    outer loop
      vertex -1.07819 -10.947 29
      vertex -2.14599 -10.7886 29
      vertex -1.65827 -8.33667 27
    endloop
  endfacet
  facet normal 0.151904 -0.606423 -0.780497
    outer loop
      vertex 2.14599 -10.7886 29
      vertex 1.65827 -8.33667 27
      vertex 3.19313 -10.5263 29
    endloop
  endfacet
  facet normal 0.0917338 -0.618392 -0.780497
    outer loop
      vertex 2.14599 -10.7886 29
      vertex 1.07819 -10.947 29
      vertex 1.65827 -8.33667 27
    endloop
  endfacet
  facet normal -0.463208 0.419831 -0.7805
    outer loop
      vertex -6.01041 6.01041 27
      vertex -8.50311 6.97833 29
      vertex -7.77817 7.77817 29
    endloop
  endfacet
  facet normal 0.536214 -0.321392 -0.780501
    outer loop
      vertex 9.70113 -5.18536 29
      vertex 7.06749 -4.72235 27
      vertex 7.49633 -4.00687 27
    endloop
  endfacet
  facet normal 0.502128 0.372405 -0.780501
    outer loop
      vertex 7.06749 4.72235 27
      vertex 6.57059 5.39234 27
      vertex 8.50311 6.97833 29
    endloop
  endfacet
  facet normal -0.536214 0.321392 -0.780501
    outer loop
      vertex -7.49633 4.00687 27
      vertex -9.70113 5.18536 29
      vertex -7.06749 4.72235 27
    endloop
  endfacet
  facet normal -0.091733 0.618392 -0.780497
    outer loop
      vertex -0.833145 8.45907 27
      vertex -1.65827 8.33667 27
      vertex -1.07819 10.947 29
    endloop
  endfacet
  facet normal -0.419831 -0.463208 -0.7805
    outer loop
      vertex -6.97833 -8.50311 29
      vertex -7.77817 -7.77817 29
      vertex -6.01041 -6.01041 27
    endloop
  endfacet
  facet normal -0.210605 0.588617 -0.780497
    outer loop
      vertex -2.46742 8.13399 27
      vertex -3.25281 7.85298 27
      vertex -3.19313 10.5263 29
    endloop
  endfacet
  facet normal -0.210571 -0.588621 -0.780503
    outer loop
      vertex -3.19313 -10.5263 29
      vertex -4.20952 -10.1627 29
      vertex -3.25281 -7.85298 27
    endloop
  endfacet
  facet normal 0.463211 -0.419825 -0.780501
    outer loop
      vertex 8.50311 -6.97833 29
      vertex 6.01041 -6.01041 27
      vertex 6.57059 -5.39234 27
    endloop
  endfacet
  facet normal 0.0306933 0.624401 -0.780501
    outer loop
      vertex 1.07819 10.947 29
      vertex 0 8.5 27
      vertex 0 11 29
    endloop
  endfacet
  facet normal 0.1519 0.606425 -0.780496
    outer loop
      vertex 2.46742 8.13399 27
      vertex 1.65827 8.33667 27
      vertex 3.19313 10.5263 29
    endloop
  endfacet
  facet normal 0.267302 0.565123 -0.780503
    outer loop
      vertex 5.18536 9.70113 29
      vertex 3.25281 7.85298 27
      vertex 4.20952 10.1627 29
    endloop
  endfacet
  facet normal -0.588621 0.210571 -0.780503
    outer loop
      vertex -7.85298 3.25281 27
      vertex -10.5263 3.19313 29
      vertex -10.1627 4.20952 29
    endloop
  endfacet
  facet normal -0.624406 -0.0306753 -0.780497
    outer loop
      vertex -8.45907 -0.833145 27
      vertex -10.947 -1.07819 29
      vertex -8.5 0 27
    endloop
  endfacet
  facet normal -0.606423 -0.151904 -0.780497
    outer loop
      vertex -10.5263 -3.19313 29
      vertex -10.7886 -2.14599 29
      vertex -8.33667 -1.65827 27
    endloop
  endfacet
  facet normal -0.372405 0.502128 -0.780501
    outer loop
      vertex -5.39234 6.57059 27
      vertex -6.97833 8.50311 29
      vertex -4.72235 7.06749 27
    endloop
  endfacet
  facet normal -0.267292 0.565131 -0.780501
    outer loop
      vertex -4.00687 7.49633 27
      vertex -5.18536 9.70113 29
      vertex -3.25281 7.85298 27
    endloop
  endfacet
  facet normal 0.419825 0.463211 -0.780501
    outer loop
      vertex 6.01041 6.01041 27
      vertex 5.39234 6.57059 27
      vertex 6.97833 8.50311 29
    endloop
  endfacet
  facet normal 0.210571 0.588621 -0.780503
    outer loop
      vertex 3.25281 7.85298 27
      vertex 3.19313 10.5263 29
      vertex 4.20952 10.1627 29
    endloop
  endfacet
  facet normal -0.624401 -0.0306933 -0.780501
    outer loop
      vertex -10.947 -1.07819 29
      vertex -11 0 29
      vertex -8.5 0 27
    endloop
  endfacet
  facet normal 0.606423 0.151904 -0.780497
    outer loop
      vertex 10.7886 2.14599 29
      vertex 8.33667 1.65827 27
      vertex 10.5263 3.19313 29
    endloop
  endfacet
  facet normal 0.372402 -0.502131 -0.780501
    outer loop
      vertex 6.11127 -9.14616 29
      vertex 4.72235 -7.06749 27
      vertex 6.97833 -8.50311 29
    endloop
  endfacet
  facet normal -0.463211 0.419825 -0.780501
    outer loop
      vertex -6.57059 5.39234 27
      vertex -8.50311 6.97833 29
      vertex -6.01041 6.01041 27
    endloop
  endfacet
  facet normal 0.419825 -0.463211 -0.780501
    outer loop
      vertex 6.97833 -8.50311 29
      vertex 5.39234 -6.57059 27
      vertex 6.01041 -6.01041 27
    endloop
  endfacet
  facet normal 0.565131 -0.267292 -0.780501
    outer loop
      vertex 9.70113 -5.18536 29
      vertex 7.49633 -4.00687 27
      vertex 7.85298 -3.25281 27
    endloop
  endfacet
  facet normal 0.565123 -0.267302 -0.780503
    outer loop
      vertex 9.70113 -5.18536 29
      vertex 7.85298 -3.25281 27
      vertex 10.1627 -4.20952 29
    endloop
  endfacet
  facet normal -0.1519 -0.606425 -0.780496
    outer loop
      vertex -1.65827 -8.33667 27
      vertex -3.19313 -10.5263 29
      vertex -2.46742 -8.13399 27
    endloop
  endfacet
  facet normal -0.588617 -0.210605 -0.780497
    outer loop
      vertex -7.85298 -3.25281 27
      vertex -10.5263 -3.19313 29
      vertex -8.13399 -2.46742 27
    endloop
  endfacet
  facet normal 0.419831 0.463208 -0.7805
    outer loop
      vertex 7.77817 7.77817 29
      vertex 6.01041 6.01041 27
      vertex 6.97833 8.50311 29
    endloop
  endfacet
  facet normal -0.536214 -0.321392 -0.780501
    outer loop
      vertex -7.06749 -4.72235 27
      vertex -9.70113 -5.18536 29
      vertex -7.49633 -4.00687 27
    endloop
  endfacet
  facet normal 0.091733 -0.618392 -0.780497
    outer loop
      vertex 1.07819 -10.947 29
      vertex 0.833145 -8.45907 27
      vertex 1.65827 -8.33667 27
    endloop
  endfacet
  facet normal -0.267302 -0.565123 -0.780503
    outer loop
      vertex -4.20952 -10.1627 29
      vertex -5.18536 -9.70113 29
      vertex -3.25281 -7.85298 27
    endloop
  endfacet
  facet normal -0.606425 0.1519 -0.780496
    outer loop
      vertex -8.33667 1.65827 27
      vertex -10.5263 3.19313 29
      vertex -8.13399 2.46742 27
    endloop
  endfacet
  facet normal -0.210605 -0.588617 -0.780497
    outer loop
      vertex -3.19313 -10.5263 29
      vertex -3.25281 -7.85298 27
      vertex -2.46742 -8.13399 27
    endloop
  endfacet
  facet normal 0.463211 0.419825 -0.780501
    outer loop
      vertex 6.57059 5.39234 27
      vertex 6.01041 6.01041 27
      vertex 8.50311 6.97833 29
    endloop
  endfacet
  facet normal 0.151904 0.606423 -0.780497
    outer loop
      vertex 3.19313 10.5263 29
      vertex 1.65827 8.33667 27
      vertex 2.14599 10.7886 29
    endloop
  endfacet
  facet normal -0.565123 0.267302 -0.780503
    outer loop
      vertex -7.85298 3.25281 27
      vertex -10.1627 4.20952 29
      vertex -9.70113 5.18536 29
    endloop
  endfacet
  facet normal 0.372402 0.502131 -0.780501
    outer loop
      vertex 6.97833 8.50311 29
      vertex 4.72235 7.06749 27
      vertex 6.11127 9.14616 29
    endloop
  endfacet
  facet normal -0.618392 0.0917338 -0.780497
    outer loop
      vertex -8.33667 1.65827 27
      vertex -10.947 1.07819 29
      vertex -10.7886 2.14599 29
    endloop
  endfacet
  facet normal -0.321394 -0.536213 -0.780501
    outer loop
      vertex -5.18536 -9.70113 29
      vertex -6.11127 -9.14616 29
      vertex -4.72235 -7.06749 27
    endloop
  endfacet
  facet normal 0.267292 0.565131 -0.780501
    outer loop
      vertex 4.00687 7.49633 27
      vertex 3.25281 7.85298 27
      vertex 5.18536 9.70113 29
    endloop
  endfacet
  facet normal 0.463208 0.419831 -0.7805
    outer loop
      vertex 8.50311 6.97833 29
      vertex 6.01041 6.01041 27
      vertex 7.77817 7.77817 29
    endloop
  endfacet
  facet normal -0.565131 0.267292 -0.780501
    outer loop
      vertex -7.85298 3.25281 27
      vertex -9.70113 5.18536 29
      vertex -7.49633 4.00687 27
    endloop
  endfacet
  facet normal -0.0306753 0.624406 -0.780497
    outer loop
      vertex -0.833145 8.45907 27
      vertex -1.07819 10.947 29
      vertex 0 8.5 27
    endloop
  endfacet
  facet normal -0.372405 -0.502128 -0.780501
    outer loop
      vertex -4.72235 -7.06749 27
      vertex -6.97833 -8.50311 29
      vertex -5.39234 -6.57059 27
    endloop
  endfacet
  facet normal -0.091733 -0.618392 -0.780497
    outer loop
      vertex -1.07819 -10.947 29
      vertex -1.65827 -8.33667 27
      vertex -0.833145 -8.45907 27
    endloop
  endfacet
  facet normal -0.618392 0.091733 -0.780497
    outer loop
      vertex -8.45907 0.833145 27
      vertex -10.947 1.07819 29
      vertex -8.33667 1.65827 27
    endloop
  endfacet
  facet normal 0.321392 0.536214 -0.780501
    outer loop
      vertex 4.72235 7.06749 27
      vertex 4.00687 7.49633 27
      vertex 5.18536 9.70113 29
    endloop
  endfacet
  facet normal -0.321392 0.536214 -0.780501
    outer loop
      vertex -4.72235 7.06749 27
      vertex -5.18536 9.70113 29
      vertex -4.00687 7.49633 27
    endloop
  endfacet
  facet normal -0.624401 0.0306933 -0.780501
    outer loop
      vertex -8.5 0 27
      vertex -11 0 29
      vertex -10.947 1.07819 29
    endloop
  endfacet
  facet normal -0.588617 0.210605 -0.780497
    outer loop
      vertex -8.13399 2.46742 27
      vertex -10.5263 3.19313 29
      vertex -7.85298 3.25281 27
    endloop
  endfacet
  facet normal 0.0306753 0.624406 -0.780497
    outer loop
      vertex 0.833145 8.45907 27
      vertex 0 8.5 27
      vertex 1.07819 10.947 29
    endloop
  endfacet
  facet normal 0.536213 0.321394 -0.780501
    outer loop
      vertex 9.70113 5.18536 29
      vertex 7.06749 4.72235 27
      vertex 9.14616 6.11127 29
    endloop
  endfacet
  facet normal -0.267292 -0.565131 -0.780501
    outer loop
      vertex -3.25281 -7.85298 27
      vertex -5.18536 -9.70113 29
      vertex -4.00687 -7.49633 27
    endloop
  endfacet
  facet normal -0.624406 0.0306753 -0.780497
    outer loop
      vertex -8.5 0 27
      vertex -10.947 1.07819 29
      vertex -8.45907 0.833145 27
    endloop
  endfacet
  facet normal 0.588621 0.210571 -0.780503
    outer loop
      vertex 10.5263 3.19313 29
      vertex 7.85298 3.25281 27
      vertex 10.1627 4.20952 29
    endloop
  endfacet
  facet normal 0.565131 0.267292 -0.780501
    outer loop
      vertex 7.85298 3.25281 27
      vertex 7.49633 4.00687 27
      vertex 9.70113 5.18536 29
    endloop
  endfacet
  facet normal -0.372402 -0.502131 -0.780501
    outer loop
      vertex -6.11127 -9.14616 29
      vertex -6.97833 -8.50311 29
      vertex -4.72235 -7.06749 27
    endloop
  endfacet
  facet normal 0.588617 0.210605 -0.780497
    outer loop
      vertex 8.13399 2.46742 27
      vertex 7.85298 3.25281 27
      vertex 10.5263 3.19313 29
    endloop
  endfacet
  facet normal 0.606425 0.1519 -0.780496
    outer loop
      vertex 8.33667 1.65827 27
      vertex 8.13399 2.46742 27
      vertex 10.5263 3.19313 29
    endloop
  endfacet
  facet normal 0.618392 0.0917338 -0.780497
    outer loop
      vertex 10.947 1.07819 29
      vertex 8.33667 1.65827 27
      vertex 10.7886 2.14599 29
    endloop
  endfacet
  facet normal 0.618392 0.091733 -0.780497
    outer loop
      vertex 8.45907 0.833145 27
      vertex 8.33667 1.65827 27
      vertex 10.947 1.07819 29
    endloop
  endfacet
  facet normal 0.893564 0.0439244 -0.446782
    outer loop
      vertex 11 0 29
      vertex 10.947 1.07819 29
      vertex 12 0 31
    endloop
  endfacet
  facet normal 0.718585 -0.532937 -0.446782
    outer loop
      vertex 9.27612 -7.61272 31
      vertex 8.50311 -6.97833 29
      vertex 9.97763 -6.66684 31
    endloop
  endfacet
  facet normal -0.532937 0.718585 -0.446782
    outer loop
      vertex -6.97833 8.50311 29
      vertex -7.61272 9.27612 31
      vertex -6.66684 9.97763 31
    endloop
  endfacet
  facet normal 0.301341 -0.842354 -0.446804
    outer loop
      vertex 3.48342 -11.4833 31
      vertex 3.19313 -10.5263 29
      vertex 4.20952 -10.1627 29
    endloop
  endfacet
  facet normal -0.662883 -0.600808 -0.446784
    outer loop
      vertex -8.48528 -8.48528 31
      vertex -8.50311 -6.97833 29
      vertex -7.77817 -7.77817 29
    endloop
  endfacet
  facet normal 0.600805 0.662888 -0.446782
    outer loop
      vertex 8.48528 8.48528 31
      vertex 6.97833 8.50311 29
      vertex 7.61272 9.27612 31
    endloop
  endfacet
  facet normal 0.131276 0.884956 -0.446788
    outer loop
      vertex 2.14599 10.7886 29
      vertex 1.07819 10.947 29
      vertex 2.34108 11.7694 31
    endloop
  endfacet
  facet normal -0.301376 0.842349 -0.446789
    outer loop
      vertex -4.20952 10.1627 29
      vertex -4.5922 11.0866 31
      vertex -3.48342 11.4833 31
    endloop
  endfacet
  facet normal 0.767337 -0.459963 -0.446797
    outer loop
      vertex 9.97763 -6.66684 31
      vertex 9.70113 -5.18536 29
      vertex 10.5831 -5.65676 31
    endloop
  endfacet
  facet normal -0.76736 0.459939 -0.446783
    outer loop
      vertex -9.70113 5.18536 29
      vertex -9.97763 6.66684 31
      vertex -9.14616 6.11127 29
    endloop
  endfacet
  facet normal -0.867836 0.21735 -0.446788
    outer loop
      vertex -10.7886 2.14599 29
      vertex -11.7694 2.34108 31
      vertex -11.4833 3.48342 31
    endloop
  endfacet
  facet normal 0.842349 -0.301376 -0.446789
    outer loop
      vertex 11.0866 -4.5922 31
      vertex 10.1627 -4.20952 29
      vertex 11.4833 -3.48342 31
    endloop
  endfacet
  facet normal 0.532935 0.718586 -0.446783
    outer loop
      vertex 6.97833 8.50311 29
      vertex 6.11127 9.14616 29
      vertex 6.66684 9.97763 31
    endloop
  endfacet
  facet normal 0.217382 0.86782 -0.446804
    outer loop
      vertex 3.19313 10.5263 29
      vertex 2.14599 10.7886 29
      vertex 3.48342 11.4833 31
    endloop
  endfacet
  facet normal 0.131277 0.884956 -0.446788
    outer loop
      vertex 2.34108 11.7694 31
      vertex 1.07819 10.947 29
      vertex 1.17621 11.9422 31
    endloop
  endfacet
  facet normal -0.893564 0.0439244 -0.446782
    outer loop
      vertex -11 0 29
      vertex -12 0 31
      vertex -10.947 1.07819 29
    endloop
  endfacet
  facet normal 0.808735 -0.38253 -0.446788
    outer loop
      vertex 11.0866 -4.5922 31
      vertex 9.70113 -5.18536 29
      vertex 10.1627 -4.20952 29
    endloop
  endfacet
  facet normal -0.867836 -0.21735 -0.446788
    outer loop
      vertex -11.4833 -3.48342 31
      vertex -11.7694 -2.34108 31
      vertex -10.7886 -2.14599 29
    endloop
  endfacet
  facet normal 0.532935 -0.718586 -0.446783
    outer loop
      vertex 6.66684 -9.97763 31
      vertex 6.11127 -9.14616 29
      vertex 6.97833 -8.50311 29
    endloop
  endfacet
  facet normal -0.808735 0.38253 -0.446788
    outer loop
      vertex -10.1627 4.20952 29
      vertex -11.0866 4.5922 31
      vertex -9.70113 5.18536 29
    endloop
  endfacet
  facet normal 0.459963 -0.767337 -0.446797
    outer loop
      vertex 5.65676 -10.5831 31
      vertex 5.18536 -9.70113 29
      vertex 6.66684 -9.97763 31
    endloop
  endfacet
  facet normal -0.131277 0.884956 -0.446788
    outer loop
      vertex -1.07819 10.947 29
      vertex -2.34108 11.7694 31
      vertex -1.17621 11.9422 31
    endloop
  endfacet
  facet normal 0.893561 -0.0439104 -0.446788
    outer loop
      vertex 11.9422 -1.17621 31
      vertex 10.947 -1.07819 29
      vertex 12 0 31
    endloop
  endfacet
  facet normal 0.76736 -0.459939 -0.446783
    outer loop
      vertex 9.97763 -6.66684 31
      vertex 9.14616 -6.11127 29
      vertex 9.70113 -5.18536 29
    endloop
  endfacet
  facet normal -0.21735 0.867836 -0.446788
    outer loop
      vertex -2.14599 10.7886 29
      vertex -3.48342 11.4833 31
      vertex -2.34108 11.7694 31
    endloop
  endfacet
  facet normal 0.382506 0.80874 -0.446799
    outer loop
      vertex 5.18536 9.70113 29
      vertex 4.5922 11.0866 31
      vertex 5.65676 10.5831 31
    endloop
  endfacet
  facet normal 0.884956 0.131277 -0.446788
    outer loop
      vertex 11.9422 1.17621 31
      vertex 10.947 1.07819 29
      vertex 11.7694 2.34108 31
    endloop
  endfacet
  facet normal 0.662883 -0.600808 -0.446784
    outer loop
      vertex 8.48528 -8.48528 31
      vertex 7.77817 -7.77817 29
      vertex 8.50311 -6.97833 29
    endloop
  endfacet
  facet normal 0.867836 -0.21735 -0.446788
    outer loop
      vertex 11.4833 -3.48342 31
      vertex 10.7886 -2.14599 29
      vertex 11.7694 -2.34108 31
    endloop
  endfacet
  facet normal -0.662883 0.600808 -0.446784
    outer loop
      vertex -7.77817 7.77817 29
      vertex -8.50311 6.97833 29
      vertex -8.48528 8.48528 31
    endloop
  endfacet
  facet normal 0.600808 -0.662883 -0.446784
    outer loop
      vertex 8.48528 -8.48528 31
      vertex 6.97833 -8.50311 29
      vertex 7.77817 -7.77817 29
    endloop
  endfacet
  facet normal 0.459963 0.767337 -0.446797
    outer loop
      vertex 6.66684 9.97763 31
      vertex 5.18536 9.70113 29
      vertex 5.65676 10.5831 31
    endloop
  endfacet
  facet normal -0.808735 -0.38253 -0.446788
    outer loop
      vertex -9.70113 -5.18536 29
      vertex -11.0866 -4.5922 31
      vertex -10.1627 -4.20952 29
    endloop
  endfacet
  facet normal 0.459939 -0.76736 -0.446783
    outer loop
      vertex 6.66684 -9.97763 31
      vertex 5.18536 -9.70113 29
      vertex 6.11127 -9.14616 29
    endloop
  endfacet
  facet normal 0.662888 -0.600805 -0.446782
    outer loop
      vertex 9.27612 -7.61272 31
      vertex 8.48528 -8.48528 31
      vertex 8.50311 -6.97833 29
    endloop
  endfacet
  facet normal 0.662888 0.600805 -0.446782
    outer loop
      vertex 8.50311 6.97833 29
      vertex 8.48528 8.48528 31
      vertex 9.27612 7.61272 31
    endloop
  endfacet
  facet normal -0.0439244 0.893564 -0.446782
    outer loop
      vertex 0 11 29
      vertex -1.07819 10.947 29
      vertex 0 12 31
    endloop
  endfacet
  facet normal 0.301376 -0.842349 -0.446789
    outer loop
      vertex 4.5922 -11.0866 31
      vertex 3.48342 -11.4833 31
      vertex 4.20952 -10.1627 29
    endloop
  endfacet
  facet normal -0.767337 0.459963 -0.446797
    outer loop
      vertex -9.70113 5.18536 29
      vertex -10.5831 5.65676 31
      vertex -9.97763 6.66684 31
    endloop
  endfacet
  facet normal 0.842354 0.301341 -0.446804
    outer loop
      vertex 10.5263 3.19313 29
      vertex 10.1627 4.20952 29
      vertex 11.4833 3.48342 31
    endloop
  endfacet
  facet normal 0.21735 0.867836 -0.446788
    outer loop
      vertex 3.48342 11.4833 31
      vertex 2.14599 10.7886 29
      vertex 2.34108 11.7694 31
    endloop
  endfacet
  facet normal -0.767337 -0.459963 -0.446797
    outer loop
      vertex -9.97763 -6.66684 31
      vertex -10.5831 -5.65676 31
      vertex -9.70113 -5.18536 29
    endloop
  endfacet
  facet normal -0.884956 0.131276 -0.446788
    outer loop
      vertex -10.947 1.07819 29
      vertex -11.7694 2.34108 31
      vertex -10.7886 2.14599 29
    endloop
  endfacet
  facet normal 0.217382 -0.86782 -0.446804
    outer loop
      vertex 3.48342 -11.4833 31
      vertex 2.14599 -10.7886 29
      vertex 3.19313 -10.5263 29
    endloop
  endfacet
  facet normal 0.842354 -0.301341 -0.446804
    outer loop
      vertex 11.4833 -3.48342 31
      vertex 10.1627 -4.20952 29
      vertex 10.5263 -3.19313 29
    endloop
  endfacet
  facet normal 0.38253 -0.808735 -0.446788
    outer loop
      vertex 4.5922 -11.0866 31
      vertex 4.20952 -10.1627 29
      vertex 5.18536 -9.70113 29
    endloop
  endfacet
  facet normal -0.532937 -0.718585 -0.446782
    outer loop
      vertex -6.66684 -9.97763 31
      vertex -7.61272 -9.27612 31
      vertex -6.97833 -8.50311 29
    endloop
  endfacet
  facet normal 0.38253 0.808735 -0.446788
    outer loop
      vertex 5.18536 9.70113 29
      vertex 4.20952 10.1627 29
      vertex 4.5922 11.0866 31
    endloop
  endfacet
  facet normal -0.842354 -0.301341 -0.446804
    outer loop
      vertex -10.1627 -4.20952 29
      vertex -11.4833 -3.48342 31
      vertex -10.5263 -3.19313 29
    endloop
  endfacet
  facet normal 0.842349 0.301376 -0.446789
    outer loop
      vertex 11.4833 3.48342 31
      vertex 10.1627 4.20952 29
      vertex 11.0866 4.5922 31
    endloop
  endfacet
  facet normal 0.718586 0.532935 -0.446783
    outer loop
      vertex 9.14616 6.11127 29
      vertex 8.50311 6.97833 29
      vertex 9.97763 6.66684 31
    endloop
  endfacet
  facet normal 0.893561 0.0439104 -0.446788
    outer loop
      vertex 12 0 31
      vertex 10.947 1.07819 29
      vertex 11.9422 1.17621 31
    endloop
  endfacet
  facet normal 0.893564 -0.0439244 -0.446782
    outer loop
      vertex 12 0 31
      vertex 10.947 -1.07819 29
      vertex 11 0 29
    endloop
  endfacet
  facet normal 0.884956 -0.131277 -0.446788
    outer loop
      vertex 11.7694 -2.34108 31
      vertex 10.947 -1.07819 29
      vertex 11.9422 -1.17621 31
    endloop
  endfacet
  facet normal 0.532937 -0.718585 -0.446782
    outer loop
      vertex 7.61272 -9.27612 31
      vertex 6.66684 -9.97763 31
      vertex 6.97833 -8.50311 29
    endloop
  endfacet
  facet normal 0.382506 -0.80874 -0.446799
    outer loop
      vertex 5.65676 -10.5831 31
      vertex 4.5922 -11.0866 31
      vertex 5.18536 -9.70113 29
    endloop
  endfacet
  facet normal -0.217382 0.86782 -0.446804
    outer loop
      vertex -3.19313 10.5263 29
      vertex -3.48342 11.4833 31
      vertex -2.14599 10.7886 29
    endloop
  endfacet
  facet normal -0.86782 0.217382 -0.446804
    outer loop
      vertex -10.7886 2.14599 29
      vertex -11.4833 3.48342 31
      vertex -10.5263 3.19313 29
    endloop
  endfacet
  facet normal 0.301376 0.842349 -0.446789
    outer loop
      vertex 4.20952 10.1627 29
      vertex 3.48342 11.4833 31
      vertex 4.5922 11.0866 31
    endloop
  endfacet
  facet normal 0.301341 0.842354 -0.446804
    outer loop
      vertex 4.20952 10.1627 29
      vertex 3.19313 10.5263 29
      vertex 3.48342 11.4833 31
    endloop
  endfacet
  facet normal 0.86782 0.217382 -0.446804
    outer loop
      vertex 10.7886 2.14599 29
      vertex 10.5263 3.19313 29
      vertex 11.4833 3.48342 31
    endloop
  endfacet
  facet normal 0.80874 -0.382506 -0.446799
    outer loop
      vertex 10.5831 -5.65676 31
      vertex 9.70113 -5.18536 29
      vertex 11.0866 -4.5922 31
    endloop
  endfacet
  facet normal 0.532937 0.718585 -0.446782
    outer loop
      vertex 6.97833 8.50311 29
      vertex 6.66684 9.97763 31
      vertex 7.61272 9.27612 31
    endloop
  endfacet
  facet normal -0.842349 0.301376 -0.446789
    outer loop
      vertex -10.1627 4.20952 29
      vertex -11.4833 3.48342 31
      vertex -11.0866 4.5922 31
    endloop
  endfacet
  facet normal -0.532935 -0.718586 -0.446783
    outer loop
      vertex -6.66684 -9.97763 31
      vertex -6.97833 -8.50311 29
      vertex -6.11127 -9.14616 29
    endloop
  endfacet
  facet normal -0.600808 -0.662883 -0.446784
    outer loop
      vertex -6.97833 -8.50311 29
      vertex -8.48528 -8.48528 31
      vertex -7.77817 -7.77817 29
    endloop
  endfacet
  facet normal -0.76736 -0.459939 -0.446783
    outer loop
      vertex -9.14616 -6.11127 29
      vertex -9.97763 -6.66684 31
      vertex -9.70113 -5.18536 29
    endloop
  endfacet
  facet normal -0.600805 0.662888 -0.446782
    outer loop
      vertex -6.97833 8.50311 29
      vertex -8.48528 8.48528 31
      vertex -7.61272 9.27612 31
    endloop
  endfacet
  facet normal 0.80874 0.382506 -0.446799
    outer loop
      vertex 11.0866 4.5922 31
      vertex 9.70113 5.18536 29
      vertex 10.5831 5.65676 31
    endloop
  endfacet
  facet normal -0.86782 -0.217382 -0.446804
    outer loop
      vertex -10.5263 -3.19313 29
      vertex -11.4833 -3.48342 31
      vertex -10.7886 -2.14599 29
    endloop
  endfacet
  facet normal -0.718586 -0.532935 -0.446783
    outer loop
      vertex -8.50311 -6.97833 29
      vertex -9.97763 -6.66684 31
      vertex -9.14616 -6.11127 29
    endloop
  endfacet
  facet normal 0.718585 0.532937 -0.446782
    outer loop
      vertex 9.97763 6.66684 31
      vertex 8.50311 6.97833 29
      vertex 9.27612 7.61272 31
    endloop
  endfacet
  facet normal -0.600808 0.662883 -0.446784
    outer loop
      vertex -7.77817 7.77817 29
      vertex -8.48528 8.48528 31
      vertex -6.97833 8.50311 29
    endloop
  endfacet
  facet normal 0.0439244 0.893564 -0.446782
    outer loop
      vertex 1.07819 10.947 29
      vertex 0 11 29
      vertex 0 12 31
    endloop
  endfacet
  facet normal -0.893561 -0.0439104 -0.446788
    outer loop
      vertex -11.9422 -1.17621 31
      vertex -12 0 31
      vertex -10.947 -1.07819 29
    endloop
  endfacet
  facet normal 0.718586 -0.532935 -0.446783
    outer loop
      vertex 9.97763 -6.66684 31
      vertex 8.50311 -6.97833 29
      vertex 9.14616 -6.11127 29
    endloop
  endfacet
  facet normal 0.884956 -0.131276 -0.446788
    outer loop
      vertex 11.7694 -2.34108 31
      vertex 10.7886 -2.14599 29
      vertex 10.947 -1.07819 29
    endloop
  endfacet
  facet normal 0.76736 0.459939 -0.446783
    outer loop
      vertex 9.70113 5.18536 29
      vertex 9.14616 6.11127 29
      vertex 9.97763 6.66684 31
    endloop
  endfacet
  facet normal 0.808735 0.38253 -0.446788
    outer loop
      vertex 10.1627 4.20952 29
      vertex 9.70113 5.18536 29
      vertex 11.0866 4.5922 31
    endloop
  endfacet
  facet normal 0.86782 -0.217382 -0.446804
    outer loop
      vertex 11.4833 -3.48342 31
      vertex 10.5263 -3.19313 29
      vertex 10.7886 -2.14599 29
    endloop
  endfacet
  facet normal -0.131276 0.884956 -0.446788
    outer loop
      vertex -2.14599 10.7886 29
      vertex -2.34108 11.7694 31
      vertex -1.07819 10.947 29
    endloop
  endfacet
  facet normal -0.301376 -0.842349 -0.446789
    outer loop
      vertex -3.48342 -11.4833 31
      vertex -4.5922 -11.0866 31
      vertex -4.20952 -10.1627 29
    endloop
  endfacet
  facet normal 0.21735 -0.867836 -0.446788
    outer loop
      vertex 2.34108 -11.7694 31
      vertex 2.14599 -10.7886 29
      vertex 3.48342 -11.4833 31
    endloop
  endfacet
  facet normal 0.600808 0.662883 -0.446784
    outer loop
      vertex 7.77817 7.77817 29
      vertex 6.97833 8.50311 29
      vertex 8.48528 8.48528 31
    endloop
  endfacet
  facet normal 0.662883 0.600808 -0.446784
    outer loop
      vertex 8.50311 6.97833 29
      vertex 7.77817 7.77817 29
      vertex 8.48528 8.48528 31
    endloop
  endfacet
  facet normal 0.459939 0.76736 -0.446783
    outer loop
      vertex 6.11127 9.14616 29
      vertex 5.18536 9.70113 29
      vertex 6.66684 9.97763 31
    endloop
  endfacet
  facet normal -0.459963 -0.767337 -0.446797
    outer loop
      vertex -5.65676 -10.5831 31
      vertex -6.66684 -9.97763 31
      vertex -5.18536 -9.70113 29
    endloop
  endfacet
  facet normal -0.80874 -0.382506 -0.446799
    outer loop
      vertex -10.5831 -5.65676 31
      vertex -11.0866 -4.5922 31
      vertex -9.70113 -5.18536 29
    endloop
  endfacet
  facet normal -0.80874 0.382506 -0.446799
    outer loop
      vertex -9.70113 5.18536 29
      vertex -11.0866 4.5922 31
      vertex -10.5831 5.65676 31
    endloop
  endfacet
  facet normal -0.842354 0.301341 -0.446804
    outer loop
      vertex -10.5263 3.19313 29
      vertex -11.4833 3.48342 31
      vertex -10.1627 4.20952 29
    endloop
  endfacet
  facet normal -0.718586 0.532935 -0.446783
    outer loop
      vertex -9.14616 6.11127 29
      vertex -9.97763 6.66684 31
      vertex -8.50311 6.97833 29
    endloop
  endfacet
  facet normal -0.884956 -0.131276 -0.446788
    outer loop
      vertex -10.7886 -2.14599 29
      vertex -11.7694 -2.34108 31
      vertex -10.947 -1.07819 29
    endloop
  endfacet
  facet normal -0.662888 -0.600805 -0.446782
    outer loop
      vertex -8.48528 -8.48528 31
      vertex -9.27612 -7.61272 31
      vertex -8.50311 -6.97833 29
    endloop
  endfacet
  facet normal -0.718585 -0.532937 -0.446782
    outer loop
      vertex -9.27612 -7.61272 31
      vertex -9.97763 -6.66684 31
      vertex -8.50311 -6.97833 29
    endloop
  endfacet
  facet normal -0.884956 0.131277 -0.446788
    outer loop
      vertex -10.947 1.07819 29
      vertex -11.9422 1.17621 31
      vertex -11.7694 2.34108 31
    endloop
  endfacet
  facet normal -0.893561 0.0439104 -0.446788
    outer loop
      vertex -10.947 1.07819 29
      vertex -12 0 31
      vertex -11.9422 1.17621 31
    endloop
  endfacet
  facet normal -0.217382 -0.86782 -0.446804
    outer loop
      vertex -2.14599 -10.7886 29
      vertex -3.48342 -11.4833 31
      vertex -3.19313 -10.5263 29
    endloop
  endfacet
  facet normal 0.767337 0.459963 -0.446797
    outer loop
      vertex 10.5831 5.65676 31
      vertex 9.70113 5.18536 29
      vertex 9.97763 6.66684 31
    endloop
  endfacet
  facet normal -0.532935 0.718586 -0.446783
    outer loop
      vertex -6.11127 9.14616 29
      vertex -6.97833 8.50311 29
      vertex -6.66684 9.97763 31
    endloop
  endfacet
  facet normal -0.301341 0.842354 -0.446804
    outer loop
      vertex -3.19313 10.5263 29
      vertex -4.20952 10.1627 29
      vertex -3.48342 11.4833 31
    endloop
  endfacet
  facet normal -0.718585 0.532937 -0.446782
    outer loop
      vertex -8.50311 6.97833 29
      vertex -9.97763 6.66684 31
      vertex -9.27612 7.61272 31
    endloop
  endfacet
  facet normal -0.662888 0.600805 -0.446782
    outer loop
      vertex -8.50311 6.97833 29
      vertex -9.27612 7.61272 31
      vertex -8.48528 8.48528 31
    endloop
  endfacet
  facet normal -0.38253 0.808735 -0.446788
    outer loop
      vertex -4.20952 10.1627 29
      vertex -5.18536 9.70113 29
      vertex -4.5922 11.0866 31
    endloop
  endfacet
  facet normal 0.0439104 0.893561 -0.446788
    outer loop
      vertex 1.07819 10.947 29
      vertex 0 12 31
      vertex 1.17621 11.9422 31
    endloop
  endfacet
  facet normal -0.459939 0.76736 -0.446783
    outer loop
      vertex -6.11127 9.14616 29
      vertex -6.66684 9.97763 31
      vertex -5.18536 9.70113 29
    endloop
  endfacet
  facet normal -0.382506 -0.80874 -0.446799
    outer loop
      vertex -4.5922 -11.0866 31
      vertex -5.65676 -10.5831 31
      vertex -5.18536 -9.70113 29
    endloop
  endfacet
  facet normal -0.459939 -0.76736 -0.446783
    outer loop
      vertex -5.18536 -9.70113 29
      vertex -6.66684 -9.97763 31
      vertex -6.11127 -9.14616 29
    endloop
  endfacet
  facet normal 0.131276 -0.884956 -0.446788
    outer loop
      vertex 2.34108 -11.7694 31
      vertex 1.07819 -10.947 29
      vertex 2.14599 -10.7886 29
    endloop
  endfacet
  facet normal 0.0439104 -0.893561 -0.446788
    outer loop
      vertex 1.17621 -11.9422 31
      vertex 0 -12 31
      vertex 1.07819 -10.947 29
    endloop
  endfacet
  facet normal 0.600805 -0.662888 -0.446782
    outer loop
      vertex 7.61272 -9.27612 31
      vertex 6.97833 -8.50311 29
      vertex 8.48528 -8.48528 31
    endloop
  endfacet
  facet normal 0.0439244 -0.893564 -0.446782
    outer loop
      vertex 1.07819 -10.947 29
      vertex 0 -12 31
      vertex 0 -11 29
    endloop
  endfacet
  facet normal 0.131277 -0.884956 -0.446788
    outer loop
      vertex 1.17621 -11.9422 31
      vertex 1.07819 -10.947 29
      vertex 2.34108 -11.7694 31
    endloop
  endfacet
  facet normal -0.0439104 0.893561 -0.446788
    outer loop
      vertex -1.07819 10.947 29
      vertex -1.17621 11.9422 31
      vertex 0 12 31
    endloop
  endfacet
  facet normal -0.21735 -0.867836 -0.446788
    outer loop
      vertex -2.34108 -11.7694 31
      vertex -3.48342 -11.4833 31
      vertex -2.14599 -10.7886 29
    endloop
  endfacet
  facet normal -0.38253 -0.808735 -0.446788
    outer loop
      vertex -4.5922 -11.0866 31
      vertex -5.18536 -9.70113 29
      vertex -4.20952 -10.1627 29
    endloop
  endfacet
  facet normal -0.884956 -0.131277 -0.446788
    outer loop
      vertex -11.7694 -2.34108 31
      vertex -11.9422 -1.17621 31
      vertex -10.947 -1.07819 29
    endloop
  endfacet
  facet normal -0.893564 -0.0439244 -0.446782
    outer loop
      vertex -10.947 -1.07819 29
      vertex -12 0 31
      vertex -11 0 29
    endloop
  endfacet
  facet normal -0.382506 0.80874 -0.446799
    outer loop
      vertex -5.18536 9.70113 29
      vertex -5.65676 10.5831 31
      vertex -4.5922 11.0866 31
    endloop
  endfacet
  facet normal -0.459963 0.767337 -0.446797
    outer loop
      vertex -5.18536 9.70113 29
      vertex -6.66684 9.97763 31
      vertex -5.65676 10.5831 31
    endloop
  endfacet
  facet normal -0.131277 -0.884956 -0.446788
    outer loop
      vertex -1.17621 -11.9422 31
      vertex -2.34108 -11.7694 31
      vertex -1.07819 -10.947 29
    endloop
  endfacet
  facet normal -0.600805 -0.662888 -0.446782
    outer loop
      vertex -7.61272 -9.27612 31
      vertex -8.48528 -8.48528 31
      vertex -6.97833 -8.50311 29
    endloop
  endfacet
  facet normal -0.842349 -0.301376 -0.446789
    outer loop
      vertex -11.0866 -4.5922 31
      vertex -11.4833 -3.48342 31
      vertex -10.1627 -4.20952 29
    endloop
  endfacet
  facet normal -0.301341 -0.842354 -0.446804
    outer loop
      vertex -3.48342 -11.4833 31
      vertex -4.20952 -10.1627 29
      vertex -3.19313 -10.5263 29
    endloop
  endfacet
  facet normal 0.867836 0.21735 -0.446788
    outer loop
      vertex 11.7694 2.34108 31
      vertex 10.7886 2.14599 29
      vertex 11.4833 3.48342 31
    endloop
  endfacet
  facet normal 0.884956 0.131276 -0.446788
    outer loop
      vertex 10.947 1.07819 29
      vertex 10.7886 2.14599 29
      vertex 11.7694 2.34108 31
    endloop
  endfacet
  facet normal -0.0439244 -0.893564 -0.446782
    outer loop
      vertex 0 -12 31
      vertex -1.07819 -10.947 29
      vertex 0 -11 29
    endloop
  endfacet
  facet normal -0.0439104 -0.893561 -0.446788
    outer loop
      vertex 0 -12 31
      vertex -1.17621 -11.9422 31
      vertex -1.07819 -10.947 29
    endloop
  endfacet
  facet normal -0.131276 -0.884956 -0.446788
    outer loop
      vertex -1.07819 -10.947 29
      vertex -2.34108 -11.7694 31
      vertex -2.14599 -10.7886 29
    endloop
  endfacet
endsolid OpenSCAD_Model
