solid OpenSCAD_Model
  facet normal -0.422001 -0.568993 -0.705806
    outer loop
      vertex 16.0154 20.6492 7
      vertex 18.4926 22.5333 4
      vertex 16.5941 20.22 7
    endloop
  endfacet
  facet normal -0.421984 -0.569009 -0.705803
    outer loop
      vertex 18.4926 22.5333 4
      vertex 16.0154 20.6492 7
      vertex 16.1949 24.2373 4
    endloop
  endfacet
  facet normal 0.687183 0.172148 -0.705794
    outer loop
      vertex -25.6549 -5.10307 7
      vertex -25.2062 -6.8942 7
      vertex -28.5899 -5.68688 4
    endloop
  endfacet
  facet normal -0.707563 -0.0347597 -0.705794
    outer loop
      vertex 29.15 0 4
      vertex 26.1575 0 7
      vertex 26.0669 1.84424 7
    endloop
  endfacet
  facet normal -0.707559 -0.0348057 -0.705797
    outer loop
      vertex 29.0096 2.8572 4
      vertex 26.0669 1.84424 7
      vertex 26.0315 2.56388 7
    endloop
  endfacet
  facet normal -0.707566 -0.0347691 -0.705791
    outer loop
      vertex 26.0669 1.84424 7
      vertex 29.0096 2.8572 4
      vertex 29.15 0 4
    endloop
  endfacet
  facet normal -0.475783 -0.524846 -0.70581
    outer loop
      vertex 17.9623 18.98 7
      vertex 20.6122 20.6122 4
      vertex 18.4961 18.4961 7
    endloop
  endfacet
  facet normal -0.47574 -0.524897 -0.7058
    outer loop
      vertex 20.6122 20.6122 4
      vertex 17.9623 18.98 7
      vertex 18.4926 22.5333 4
    endloop
  endfacet
  facet normal -0.524897 -0.47574 -0.7058
    outer loop
      vertex 18.98 17.9623 7
      vertex 20.6122 20.6122 4
      vertex 22.5333 18.4926 4
    endloop
  endfacet
  facet normal -0.524846 -0.475783 -0.70581
    outer loop
      vertex 20.6122 20.6122 4
      vertex 18.98 17.9623 7
      vertex 18.4961 18.4961 7
    endloop
  endfacet
  facet normal 0.475722 -0.524905 -0.705807
    outer loop
      vertex -16.5941 20.22 7
      vertex -17.9623 18.98 7
      vertex -18.4926 22.5333 4
    endloop
  endfacet
  facet normal 0.302895 -0.640394 -0.705797
    outer loop
      vertex -13.7412 25.708 4
      vertex -11.6792 23.3769 7
      vertex -12.3306 23.0688 7
    endloop
  endfacet
  facet normal 0.302889 -0.640398 -0.705796
    outer loop
      vertex -11.6792 23.3769 7
      vertex -13.7412 25.708 4
      vertex -11.1552 26.9311 4
    endloop
  endfacet
  facet normal -0.687183 0.172148 -0.705794
    outer loop
      vertex 25.6549 -5.10307 7
      vertex 28.5899 -5.68688 4
      vertex 25.2062 -6.8942 7
    endloop
  endfacet
  facet normal -0.524897 0.47574 -0.7058
    outer loop
      vertex 20.6122 -20.6122 4
      vertex 18.98 -17.9623 7
      vertex 22.5333 -18.4926 4
    endloop
  endfacet
  facet normal -0.524846 0.475783 -0.70581
    outer loop
      vertex 18.98 -17.9623 7
      vertex 20.6122 -20.6122 4
      vertex 18.4961 -18.4961 7
    endloop
  endfacet
  facet normal -0.640397 -0.302896 -0.705794
    outer loop
      vertex 26.9311 11.1552 4
      vertex 24.1664 10.01 7
      vertex 23.3769 11.6792 7
    endloop
  endfacet
  facet normal -0.47574 0.524897 -0.7058
    outer loop
      vertex 17.9623 -18.98 7
      vertex 20.6122 -20.6122 4
      vertex 18.4926 -22.5333 4
    endloop
  endfacet
  facet normal -0.475783 0.524846 -0.70581
    outer loop
      vertex 20.6122 -20.6122 4
      vertex 17.9623 -18.98 7
      vertex 18.4961 -18.4961 7
    endloop
  endfacet
  facet normal 0.364214 0.607612 -0.705801
    outer loop
      vertex -14.5323 -21.7491 7
      vertex -12.9486 -22.6984 7
      vertex -16.1949 -24.2373 4
    endloop
  endfacet
  facet normal 0.172135 0.687182 -0.705798
    outer loop
      vertex -8.4618 -27.8948 4
      vertex -6.8942 -25.2062 7
      vertex -5.68688 -28.5899 4
    endloop
  endfacet
  facet normal 0.172157 0.687172 -0.705802
    outer loop
      vertex -6.8942 -25.2062 7
      vertex -8.4618 -27.8948 4
      vertex -7.59312 -25.0311 7
    endloop
  endfacet
  facet normal -0.569009 -0.421984 -0.705803
    outer loop
      vertex 20.6492 16.0154 7
      vertex 22.5333 18.4926 4
      vertex 24.2373 16.1949 4
    endloop
  endfacet
  facet normal -0.568993 -0.422001 -0.705806
    outer loop
      vertex 22.5333 18.4926 4
      vertex 20.6492 16.0154 7
      vertex 20.22 16.5941 7
    endloop
  endfacet
  facet normal -0.687183 -0.172148 -0.705794
    outer loop
      vertex 28.5899 5.68688 4
      vertex 25.6549 5.10307 7
      vertex 25.2062 6.8942 7
    endloop
  endfacet
  facet normal -0.103934 0.700751 -0.705794
    outer loop
      vertex 5.10307 -25.6549 7
      vertex 5.68688 -28.5899 4
      vertex 3.27659 -25.9258 7
    endloop
  endfacet
  facet normal 0.103926 -0.70075 -0.705796
    outer loop
      vertex -3.27659 25.9258 7
      vertex -2.8572 29.0096 4
      vertex -2.56388 26.0315 7
    endloop
  endfacet
  facet normal 0.103936 -0.70075 -0.705795
    outer loop
      vertex -2.8572 29.0096 4
      vertex -3.27659 25.9258 7
      vertex -5.68688 28.5899 4
    endloop
  endfacet
  facet normal -0.70075 0.103936 -0.705795
    outer loop
      vertex 25.9258 -3.27659 7
      vertex 29.0096 -2.8572 4
      vertex 28.5899 -5.68688 4
    endloop
  endfacet
  facet normal -0.70075 0.103926 -0.705796
    outer loop
      vertex 29.0096 -2.8572 4
      vertex 25.9258 -3.27659 7
      vertex 26.0315 -2.56388 7
    endloop
  endfacet
  facet normal -0.364214 -0.607612 -0.705801
    outer loop
      vertex 16.1949 24.2373 4
      vertex 14.5323 21.7491 7
      vertex 12.9486 22.6984 7
    endloop
  endfacet
  facet normal 0.667013 0.23864 -0.705794
    outer loop
      vertex -26.9311 -11.1552 4
      vertex -24.4091 -9.33164 7
      vertex -24.1664 -10.01 7
    endloop
  endfacet
  facet normal 0.667005 0.238655 -0.705796
    outer loop
      vertex -24.4091 -9.33164 7
      vertex -26.9311 -11.1552 4
      vertex -27.8948 -8.4618 4
    endloop
  endfacet
  facet normal -0.23864 0.667013 -0.705794
    outer loop
      vertex 11.1552 -26.9311 4
      vertex 9.33164 -24.4091 7
      vertex 10.01 -24.1664 7
    endloop
  endfacet
  facet normal -0.238655 0.667005 -0.705796
    outer loop
      vertex 9.33164 -24.4091 7
      vertex 11.1552 -26.9311 4
      vertex 8.4618 -27.8948 4
    endloop
  endfacet
  facet normal 0.0347691 0.707566 -0.705791
    outer loop
      vertex -2.8572 -29.0096 4
      vertex -1.84424 -26.0669 7
      vertex 0 -29.15 4
    endloop
  endfacet
  facet normal 0.0348057 0.707559 -0.705797
    outer loop
      vertex -1.84424 -26.0669 7
      vertex -2.8572 -29.0096 4
      vertex -2.56388 -26.0315 7
    endloop
  endfacet
  facet normal -0.238638 0.667005 -0.705801
    outer loop
      vertex 9.33164 -24.4091 7
      vertex 8.4618 -27.8948 4
      vertex 7.59312 -25.0311 7
    endloop
  endfacet
  facet normal 0.364187 -0.607634 -0.705797
    outer loop
      vertex -12.9486 22.6984 7
      vertex -13.7412 25.708 4
      vertex -12.3306 23.0688 7
    endloop
  endfacet
  facet normal 0.364201 -0.607628 -0.705794
    outer loop
      vertex -13.7412 25.708 4
      vertex -12.9486 22.6984 7
      vertex -16.1949 24.2373 4
    endloop
  endfacet
  facet normal -0.172148 -0.687183 -0.705794
    outer loop
      vertex 5.68688 28.5899 4
      vertex 6.8942 25.2062 7
      vertex 5.10307 25.6549 7
    endloop
  endfacet
  facet normal -0.687182 -0.172135 -0.705798
    outer loop
      vertex 25.2062 6.8942 7
      vertex 27.8948 8.4618 4
      vertex 28.5899 5.68688 4
    endloop
  endfacet
  facet normal -0.687172 -0.172157 -0.705802
    outer loop
      vertex 27.8948 8.4618 4
      vertex 25.2062 6.8942 7
      vertex 25.0311 7.59312 7
    endloop
  endfacet
  facet normal -0.0347691 -0.707566 -0.705791
    outer loop
      vertex 2.8572 29.0096 4
      vertex 1.84424 26.0669 7
      vertex 0 29.15 4
    endloop
  endfacet
  facet normal -0.0348057 -0.707559 -0.705797
    outer loop
      vertex 1.84424 26.0669 7
      vertex 2.8572 29.0096 4
      vertex 2.56388 26.0315 7
    endloop
  endfacet
  facet normal -0.0347597 0.707563 -0.705794
    outer loop
      vertex 0 -26.1575 7
      vertex 1.84424 -26.0669 7
      vertex 0 -29.15 4
    endloop
  endfacet
  facet normal 0.640397 0.302896 -0.705794
    outer loop
      vertex -24.1664 -10.01 7
      vertex -23.3769 -11.6792 7
      vertex -26.9311 -11.1552 4
    endloop
  endfacet
  facet normal -0.524905 -0.475722 -0.705807
    outer loop
      vertex 22.5333 18.4926 4
      vertex 20.22 16.5941 7
      vertex 18.98 17.9623 7
    endloop
  endfacet
  facet normal -0.569008 -0.421989 -0.705801
    outer loop
      vertex 24.2373 16.1949 4
      vertex 21.7491 14.5323 7
      vertex 20.6492 16.0154 7
    endloop
  endfacet
  facet normal 0.667005 -0.238638 -0.705801
    outer loop
      vertex -24.4091 9.33164 7
      vertex -25.0311 7.59312 7
      vertex -27.8948 8.4618 4
    endloop
  endfacet
  facet normal -0.667005 0.238638 -0.705801
    outer loop
      vertex 25.0311 -7.59312 7
      vertex 27.8948 -8.4618 4
      vertex 24.4091 -9.33164 7
    endloop
  endfacet
  facet normal -0.700751 -0.103934 -0.705794
    outer loop
      vertex 28.5899 5.68688 4
      vertex 25.9258 3.27659 7
      vertex 25.6549 5.10307 7
    endloop
  endfacet
  facet normal -0.23864 -0.667013 -0.705794
    outer loop
      vertex 9.33164 24.4091 7
      vertex 11.1552 26.9311 4
      vertex 10.01 24.1664 7
    endloop
  endfacet
  facet normal -0.238655 -0.667005 -0.705796
    outer loop
      vertex 11.1552 26.9311 4
      vertex 9.33164 24.4091 7
      vertex 8.4618 27.8948 4
    endloop
  endfacet
  facet normal -0.667005 0.238655 -0.705796
    outer loop
      vertex 26.9311 -11.1552 4
      vertex 24.4091 -9.33164 7
      vertex 27.8948 -8.4618 4
    endloop
  endfacet
  facet normal -0.667013 0.23864 -0.705794
    outer loop
      vertex 24.4091 -9.33164 7
      vertex 26.9311 -11.1552 4
      vertex 24.1664 -10.01 7
    endloop
  endfacet
  facet normal 0.103934 -0.700751 -0.705794
    outer loop
      vertex -3.27659 25.9258 7
      vertex -5.10307 25.6549 7
      vertex -5.68688 28.5899 4
    endloop
  endfacet
  facet normal 0.524846 -0.475783 -0.70581
    outer loop
      vertex -18.98 17.9623 7
      vertex -20.6122 20.6122 4
      vertex -18.4961 18.4961 7
    endloop
  endfacet
  facet normal 0.524897 -0.47574 -0.7058
    outer loop
      vertex -20.6122 20.6122 4
      vertex -18.98 17.9623 7
      vertex -22.5333 18.4926 4
    endloop
  endfacet
  facet normal -0.569009 0.421984 -0.705803
    outer loop
      vertex 22.5333 -18.4926 4
      vertex 20.6492 -16.0154 7
      vertex 24.2373 -16.1949 4
    endloop
  endfacet
  facet normal -0.568993 0.422001 -0.705806
    outer loop
      vertex 20.6492 -16.0154 7
      vertex 22.5333 -18.4926 4
      vertex 20.22 -16.5941 7
    endloop
  endfacet
  facet normal -0.700751 0.103934 -0.705794
    outer loop
      vertex 25.9258 -3.27659 7
      vertex 28.5899 -5.68688 4
      vertex 25.6549 -5.10307 7
    endloop
  endfacet
  facet normal -0.103936 -0.70075 -0.705795
    outer loop
      vertex 3.27659 25.9258 7
      vertex 2.8572 29.0096 4
      vertex 5.68688 28.5899 4
    endloop
  endfacet
  facet normal -0.103926 -0.70075 -0.705796
    outer loop
      vertex 2.8572 29.0096 4
      vertex 3.27659 25.9258 7
      vertex 2.56388 26.0315 7
    endloop
  endfacet
  facet normal -0.172157 -0.687172 -0.705802
    outer loop
      vertex 6.8942 25.2062 7
      vertex 8.4618 27.8948 4
      vertex 7.59312 25.0311 7
    endloop
  endfacet
  facet normal -0.172135 -0.687182 -0.705798
    outer loop
      vertex 8.4618 27.8948 4
      vertex 6.8942 25.2062 7
      vertex 5.68688 28.5899 4
    endloop
  endfacet
  facet normal -0.0347597 -0.707563 -0.705794
    outer loop
      vertex 0 29.15 4
      vertex 1.84424 26.0669 7
      vertex 0 26.1575 7
    endloop
  endfacet
  facet normal -0.70075 -0.103926 -0.705796
    outer loop
      vertex 25.9258 3.27659 7
      vertex 29.0096 2.8572 4
      vertex 26.0315 2.56388 7
    endloop
  endfacet
  facet normal -0.70075 -0.103936 -0.705795
    outer loop
      vertex 29.0096 2.8572 4
      vertex 25.9258 3.27659 7
      vertex 28.5899 5.68688 4
    endloop
  endfacet
  facet normal 0.707563 -0.0347597 -0.705794
    outer loop
      vertex -26.0669 1.84424 7
      vertex -26.1575 0 7
      vertex -29.15 0 4
    endloop
  endfacet
  facet normal -0.607612 -0.364214 -0.705801
    outer loop
      vertex 24.2373 16.1949 4
      vertex 22.6984 12.9486 7
      vertex 21.7491 14.5323 7
    endloop
  endfacet
  facet normal -0.103934 -0.700751 -0.705794
    outer loop
      vertex 5.68688 28.5899 4
      vertex 5.10307 25.6549 7
      vertex 3.27659 25.9258 7
    endloop
  endfacet
  facet normal 0.172157 -0.687172 -0.705802
    outer loop
      vertex -8.4618 27.8948 4
      vertex -6.8942 25.2062 7
      vertex -7.59312 25.0311 7
    endloop
  endfacet
  facet normal 0.172135 -0.687182 -0.705798
    outer loop
      vertex -6.8942 25.2062 7
      vertex -8.4618 27.8948 4
      vertex -5.68688 28.5899 4
    endloop
  endfacet
  facet normal 0.524846 0.475783 -0.70581
    outer loop
      vertex -20.6122 -20.6122 4
      vertex -18.98 -17.9623 7
      vertex -18.4961 -18.4961 7
    endloop
  endfacet
  facet normal 0.524897 0.47574 -0.7058
    outer loop
      vertex -18.98 -17.9623 7
      vertex -20.6122 -20.6122 4
      vertex -22.5333 -18.4926 4
    endloop
  endfacet
  facet normal 0.700751 0.103934 -0.705794
    outer loop
      vertex -25.9258 -3.27659 7
      vertex -25.6549 -5.10307 7
      vertex -28.5899 -5.68688 4
    endloop
  endfacet
  facet normal 0.707559 0.0348057 -0.705797
    outer loop
      vertex -29.0096 -2.8572 4
      vertex -26.0669 -1.84424 7
      vertex -26.0315 -2.56388 7
    endloop
  endfacet
  facet normal 0.707566 0.0347691 -0.705791
    outer loop
      vertex -26.0669 -1.84424 7
      vertex -29.0096 -2.8572 4
      vertex -29.15 0 4
    endloop
  endfacet
  facet normal -0.302895 -0.640394 -0.705797
    outer loop
      vertex 11.6792 23.3769 7
      vertex 13.7412 25.708 4
      vertex 12.3306 23.0688 7
    endloop
  endfacet
  facet normal -0.302889 -0.640398 -0.705796
    outer loop
      vertex 13.7412 25.708 4
      vertex 11.6792 23.3769 7
      vertex 11.1552 26.9311 4
    endloop
  endfacet
  facet normal 0.0347597 0.707563 -0.705794
    outer loop
      vertex 0 -26.1575 7
      vertex 0 -29.15 4
      vertex -1.84424 -26.0669 7
    endloop
  endfacet
  facet normal -0.421984 0.569009 -0.705803
    outer loop
      vertex 16.0154 -20.6492 7
      vertex 18.4926 -22.5333 4
      vertex 16.1949 -24.2373 4
    endloop
  endfacet
  facet normal -0.422001 0.568993 -0.705806
    outer loop
      vertex 18.4926 -22.5333 4
      vertex 16.0154 -20.6492 7
      vertex 16.5941 -20.22 7
    endloop
  endfacet
  facet normal 0.421984 0.569009 -0.705803
    outer loop
      vertex -18.4926 -22.5333 4
      vertex -16.0154 -20.6492 7
      vertex -16.1949 -24.2373 4
    endloop
  endfacet
  facet normal 0.422001 0.568993 -0.705806
    outer loop
      vertex -16.0154 -20.6492 7
      vertex -18.4926 -22.5333 4
      vertex -16.5941 -20.22 7
    endloop
  endfacet
  facet normal -0.687182 0.172135 -0.705798
    outer loop
      vertex 27.8948 -8.4618 4
      vertex 25.2062 -6.8942 7
      vertex 28.5899 -5.68688 4
    endloop
  endfacet
  facet normal -0.687172 0.172157 -0.705802
    outer loop
      vertex 25.2062 -6.8942 7
      vertex 27.8948 -8.4618 4
      vertex 25.0311 -7.59312 7
    endloop
  endfacet
  facet normal 0.421989 -0.569008 -0.705801
    outer loop
      vertex -14.5323 21.7491 7
      vertex -16.0154 20.6492 7
      vertex -16.1949 24.2373 4
    endloop
  endfacet
  facet normal -0.707566 0.0347691 -0.705791
    outer loop
      vertex 29.0096 -2.8572 4
      vertex 26.0669 -1.84424 7
      vertex 29.15 0 4
    endloop
  endfacet
  facet normal -0.707559 0.0348057 -0.705797
    outer loop
      vertex 26.0669 -1.84424 7
      vertex 29.0096 -2.8572 4
      vertex 26.0315 -2.56388 7
    endloop
  endfacet
  facet normal -0.707563 0.0347597 -0.705794
    outer loop
      vertex 26.1575 0 7
      vertex 29.15 0 4
      vertex 26.0669 -1.84424 7
    endloop
  endfacet
  facet normal -0.640398 -0.302889 -0.705796
    outer loop
      vertex 23.3769 11.6792 7
      vertex 25.708 13.7412 4
      vertex 26.9311 11.1552 4
    endloop
  endfacet
  facet normal -0.640394 -0.302895 -0.705797
    outer loop
      vertex 25.708 13.7412 4
      vertex 23.3769 11.6792 7
      vertex 23.0688 12.3306 7
    endloop
  endfacet
  facet normal 0.238655 0.667005 -0.705796
    outer loop
      vertex -11.1552 -26.9311 4
      vertex -9.33164 -24.4091 7
      vertex -8.4618 -27.8948 4
    endloop
  endfacet
  facet normal 0.23864 0.667013 -0.705794
    outer loop
      vertex -9.33164 -24.4091 7
      vertex -11.1552 -26.9311 4
      vertex -10.01 -24.1664 7
    endloop
  endfacet
  facet normal -0.172148 0.687183 -0.705794
    outer loop
      vertex 6.8942 -25.2062 7
      vertex 5.68688 -28.5899 4
      vertex 5.10307 -25.6549 7
    endloop
  endfacet
  facet normal -0.640397 0.302896 -0.705794
    outer loop
      vertex 24.1664 -10.01 7
      vertex 26.9311 -11.1552 4
      vertex 23.3769 -11.6792 7
    endloop
  endfacet
  facet normal 0.47574 0.524897 -0.7058
    outer loop
      vertex -20.6122 -20.6122 4
      vertex -17.9623 -18.98 7
      vertex -18.4926 -22.5333 4
    endloop
  endfacet
  facet normal 0.475783 0.524846 -0.70581
    outer loop
      vertex -17.9623 -18.98 7
      vertex -20.6122 -20.6122 4
      vertex -18.4961 -18.4961 7
    endloop
  endfacet
  facet normal 0.640394 -0.302895 -0.705797
    outer loop
      vertex -23.3769 11.6792 7
      vertex -25.708 13.7412 4
      vertex -23.0688 12.3306 7
    endloop
  endfacet
  facet normal 0.640398 -0.302889 -0.705796
    outer loop
      vertex -25.708 13.7412 4
      vertex -23.3769 11.6792 7
      vertex -26.9311 11.1552 4
    endloop
  endfacet
  facet normal -0.667005 -0.238655 -0.705796
    outer loop
      vertex 24.4091 9.33164 7
      vertex 26.9311 11.1552 4
      vertex 27.8948 8.4618 4
    endloop
  endfacet
  facet normal -0.667013 -0.23864 -0.705794
    outer loop
      vertex 26.9311 11.1552 4
      vertex 24.4091 9.33164 7
      vertex 24.1664 10.01 7
    endloop
  endfacet
  facet normal -0.667005 -0.238638 -0.705801
    outer loop
      vertex 27.8948 8.4618 4
      vertex 25.0311 7.59312 7
      vertex 24.4091 9.33164 7
    endloop
  endfacet
  facet normal 0.667013 -0.23864 -0.705794
    outer loop
      vertex -24.4091 9.33164 7
      vertex -26.9311 11.1552 4
      vertex -24.1664 10.01 7
    endloop
  endfacet
  facet normal 0.667005 -0.238655 -0.705796
    outer loop
      vertex -26.9311 11.1552 4
      vertex -24.4091 9.33164 7
      vertex -27.8948 8.4618 4
    endloop
  endfacet
  facet normal 0.687172 -0.172157 -0.705802
    outer loop
      vertex -25.2062 6.8942 7
      vertex -27.8948 8.4618 4
      vertex -25.0311 7.59312 7
    endloop
  endfacet
  facet normal 0.687182 -0.172135 -0.705798
    outer loop
      vertex -27.8948 8.4618 4
      vertex -25.2062 6.8942 7
      vertex -28.5899 5.68688 4
    endloop
  endfacet
  facet normal 0.687172 0.172157 -0.705802
    outer loop
      vertex -27.8948 -8.4618 4
      vertex -25.2062 -6.8942 7
      vertex -25.0311 -7.59312 7
    endloop
  endfacet
  facet normal 0.687182 0.172135 -0.705798
    outer loop
      vertex -25.2062 -6.8942 7
      vertex -27.8948 -8.4618 4
      vertex -28.5899 -5.68688 4
    endloop
  endfacet
  facet normal 0.568993 0.422001 -0.705806
    outer loop
      vertex -22.5333 -18.4926 4
      vertex -20.6492 -16.0154 7
      vertex -20.22 -16.5941 7
    endloop
  endfacet
  facet normal 0.569009 0.421984 -0.705803
    outer loop
      vertex -20.6492 -16.0154 7
      vertex -22.5333 -18.4926 4
      vertex -24.2373 -16.1949 4
    endloop
  endfacet
  facet normal 0.667005 0.238638 -0.705801
    outer loop
      vertex -25.0311 -7.59312 7
      vertex -24.4091 -9.33164 7
      vertex -27.8948 -8.4618 4
    endloop
  endfacet
  facet normal 0.0348057 -0.707559 -0.705797
    outer loop
      vertex -2.8572 29.0096 4
      vertex -1.84424 26.0669 7
      vertex -2.56388 26.0315 7
    endloop
  endfacet
  facet normal 0.0347691 -0.707566 -0.705791
    outer loop
      vertex -1.84424 26.0669 7
      vertex -2.8572 29.0096 4
      vertex 0 29.15 4
    endloop
  endfacet
  facet normal -0.607634 -0.364187 -0.705797
    outer loop
      vertex 22.6984 12.9486 7
      vertex 25.708 13.7412 4
      vertex 23.0688 12.3306 7
    endloop
  endfacet
  facet normal -0.607628 -0.364201 -0.705794
    outer loop
      vertex 25.708 13.7412 4
      vertex 22.6984 12.9486 7
      vertex 24.2373 16.1949 4
    endloop
  endfacet
  facet normal -0.569008 0.421989 -0.705801
    outer loop
      vertex 21.7491 -14.5323 7
      vertex 24.2373 -16.1949 4
      vertex 20.6492 -16.0154 7
    endloop
  endfacet
  facet normal 0.103926 0.70075 -0.705796
    outer loop
      vertex -2.8572 -29.0096 4
      vertex -3.27659 -25.9258 7
      vertex -2.56388 -26.0315 7
    endloop
  endfacet
  facet normal 0.103936 0.70075 -0.705795
    outer loop
      vertex -3.27659 -25.9258 7
      vertex -2.8572 -29.0096 4
      vertex -5.68688 -28.5899 4
    endloop
  endfacet
  facet normal 0.70075 0.103936 -0.705795
    outer loop
      vertex -29.0096 -2.8572 4
      vertex -25.9258 -3.27659 7
      vertex -28.5899 -5.68688 4
    endloop
  endfacet
  facet normal 0.70075 0.103926 -0.705796
    outer loop
      vertex -25.9258 -3.27659 7
      vertex -29.0096 -2.8572 4
      vertex -26.0315 -2.56388 7
    endloop
  endfacet
  facet normal 0.0347597 -0.707563 -0.705794
    outer loop
      vertex 0 29.15 4
      vertex 0 26.1575 7
      vertex -1.84424 26.0669 7
    endloop
  endfacet
  facet normal 0.103934 0.700751 -0.705794
    outer loop
      vertex -5.10307 -25.6549 7
      vertex -3.27659 -25.9258 7
      vertex -5.68688 -28.5899 4
    endloop
  endfacet
  facet normal 0.475783 -0.524846 -0.70581
    outer loop
      vertex -20.6122 20.6122 4
      vertex -17.9623 18.98 7
      vertex -18.4961 18.4961 7
    endloop
  endfacet
  facet normal 0.47574 -0.524897 -0.7058
    outer loop
      vertex -17.9623 18.98 7
      vertex -20.6122 20.6122 4
      vertex -18.4926 22.5333 4
    endloop
  endfacet
  facet normal -0.238638 -0.667005 -0.705801
    outer loop
      vertex 8.4618 27.8948 4
      vertex 9.33164 24.4091 7
      vertex 7.59312 25.0311 7
    endloop
  endfacet
  facet normal -0.524905 0.475722 -0.705807
    outer loop
      vertex 20.22 -16.5941 7
      vertex 22.5333 -18.4926 4
      vertex 18.98 -17.9623 7
    endloop
  endfacet
  facet normal 0.475722 0.524905 -0.705807
    outer loop
      vertex -17.9623 -18.98 7
      vertex -16.5941 -20.22 7
      vertex -18.4926 -22.5333 4
    endloop
  endfacet
  facet normal -0.475722 -0.524905 -0.705807
    outer loop
      vertex 18.4926 22.5333 4
      vertex 17.9623 18.98 7
      vertex 16.5941 20.22 7
    endloop
  endfacet
  facet normal -0.302896 -0.640397 -0.705794
    outer loop
      vertex 11.1552 26.9311 4
      vertex 11.6792 23.3769 7
      vertex 10.01 24.1664 7
    endloop
  endfacet
  facet normal 0.238638 0.667005 -0.705801
    outer loop
      vertex -7.59312 -25.0311 7
      vertex -8.4618 -27.8948 4
      vertex -9.33164 -24.4091 7
    endloop
  endfacet
  facet normal -0.607612 0.364214 -0.705801
    outer loop
      vertex 22.6984 -12.9486 7
      vertex 24.2373 -16.1949 4
      vertex 21.7491 -14.5323 7
    endloop
  endfacet
  facet normal 0.707563 0.0347597 -0.705794
    outer loop
      vertex -26.1575 0 7
      vertex -26.0669 -1.84424 7
      vertex -29.15 0 4
    endloop
  endfacet
  facet normal -0.607628 0.364201 -0.705794
    outer loop
      vertex 22.6984 -12.9486 7
      vertex 25.708 -13.7412 4
      vertex 24.2373 -16.1949 4
    endloop
  endfacet
  facet normal -0.607634 0.364187 -0.705797
    outer loop
      vertex 25.708 -13.7412 4
      vertex 22.6984 -12.9486 7
      vertex 23.0688 -12.3306 7
    endloop
  endfacet
  facet normal -0.640398 0.302889 -0.705796
    outer loop
      vertex 25.708 -13.7412 4
      vertex 23.3769 -11.6792 7
      vertex 26.9311 -11.1552 4
    endloop
  endfacet
  facet normal -0.640394 0.302895 -0.705797
    outer loop
      vertex 23.3769 -11.6792 7
      vertex 25.708 -13.7412 4
      vertex 23.0688 -12.3306 7
    endloop
  endfacet
  facet normal -0.364201 0.607628 -0.705794
    outer loop
      vertex 13.7412 -25.708 4
      vertex 12.9486 -22.6984 7
      vertex 16.1949 -24.2373 4
    endloop
  endfacet
  facet normal -0.364187 0.607634 -0.705797
    outer loop
      vertex 12.9486 -22.6984 7
      vertex 13.7412 -25.708 4
      vertex 12.3306 -23.0688 7
    endloop
  endfacet
  facet normal -0.364214 0.607612 -0.705801
    outer loop
      vertex 14.5323 -21.7491 7
      vertex 16.1949 -24.2373 4
      vertex 12.9486 -22.6984 7
    endloop
  endfacet
  facet normal 0.607612 0.364214 -0.705801
    outer loop
      vertex -22.6984 -12.9486 7
      vertex -21.7491 -14.5323 7
      vertex -24.2373 -16.1949 4
    endloop
  endfacet
  facet normal 0.607628 0.364201 -0.705794
    outer loop
      vertex -25.708 -13.7412 4
      vertex -22.6984 -12.9486 7
      vertex -24.2373 -16.1949 4
    endloop
  endfacet
  facet normal 0.607634 0.364187 -0.705797
    outer loop
      vertex -22.6984 -12.9486 7
      vertex -25.708 -13.7412 4
      vertex -23.0688 -12.3306 7
    endloop
  endfacet
  facet normal 0.23864 -0.667013 -0.705794
    outer loop
      vertex -11.1552 26.9311 4
      vertex -9.33164 24.4091 7
      vertex -10.01 24.1664 7
    endloop
  endfacet
  facet normal 0.238655 -0.667005 -0.705796
    outer loop
      vertex -9.33164 24.4091 7
      vertex -11.1552 26.9311 4
      vertex -8.4618 27.8948 4
    endloop
  endfacet
  facet normal 0.302896 0.640397 -0.705794
    outer loop
      vertex -10.01 -24.1664 7
      vertex -11.1552 -26.9311 4
      vertex -11.6792 -23.3769 7
    endloop
  endfacet
  facet normal 0.172148 -0.687183 -0.705794
    outer loop
      vertex -5.68688 28.5899 4
      vertex -5.10307 25.6549 7
      vertex -6.8942 25.2062 7
    endloop
  endfacet
  facet normal 0.569008 0.421989 -0.705801
    outer loop
      vertex -21.7491 -14.5323 7
      vertex -20.6492 -16.0154 7
      vertex -24.2373 -16.1949 4
    endloop
  endfacet
  facet normal 0.640394 0.302895 -0.705797
    outer loop
      vertex -25.708 -13.7412 4
      vertex -23.3769 -11.6792 7
      vertex -23.0688 -12.3306 7
    endloop
  endfacet
  facet normal 0.640398 0.302889 -0.705796
    outer loop
      vertex -23.3769 -11.6792 7
      vertex -25.708 -13.7412 4
      vertex -26.9311 -11.1552 4
    endloop
  endfacet
  facet normal -0.172157 0.687172 -0.705802
    outer loop
      vertex 8.4618 -27.8948 4
      vertex 6.8942 -25.2062 7
      vertex 7.59312 -25.0311 7
    endloop
  endfacet
  facet normal -0.172135 0.687182 -0.705798
    outer loop
      vertex 6.8942 -25.2062 7
      vertex 8.4618 -27.8948 4
      vertex 5.68688 -28.5899 4
    endloop
  endfacet
  facet normal -0.0348057 0.707559 -0.705797
    outer loop
      vertex 2.8572 -29.0096 4
      vertex 1.84424 -26.0669 7
      vertex 2.56388 -26.0315 7
    endloop
  endfacet
  facet normal -0.0347691 0.707566 -0.705791
    outer loop
      vertex 1.84424 -26.0669 7
      vertex 2.8572 -29.0096 4
      vertex 0 -29.15 4
    endloop
  endfacet
  facet normal -0.103936 0.70075 -0.705795
    outer loop
      vertex 2.8572 -29.0096 4
      vertex 3.27659 -25.9258 7
      vertex 5.68688 -28.5899 4
    endloop
  endfacet
  facet normal -0.103926 0.70075 -0.705796
    outer loop
      vertex 3.27659 -25.9258 7
      vertex 2.8572 -29.0096 4
      vertex 2.56388 -26.0315 7
    endloop
  endfacet
  facet normal 0.302896 -0.640397 -0.705794
    outer loop
      vertex -11.1552 26.9311 4
      vertex -10.01 24.1664 7
      vertex -11.6792 23.3769 7
    endloop
  endfacet
  facet normal 0.421989 0.569008 -0.705801
    outer loop
      vertex -16.0154 -20.6492 7
      vertex -14.5323 -21.7491 7
      vertex -16.1949 -24.2373 4
    endloop
  endfacet
  facet normal 0.302889 0.640398 -0.705796
    outer loop
      vertex -13.7412 -25.708 4
      vertex -11.6792 -23.3769 7
      vertex -11.1552 -26.9311 4
    endloop
  endfacet
  facet normal 0.302895 0.640394 -0.705797
    outer loop
      vertex -11.6792 -23.3769 7
      vertex -13.7412 -25.708 4
      vertex -12.3306 -23.0688 7
    endloop
  endfacet
  facet normal -0.302895 0.640394 -0.705797
    outer loop
      vertex 13.7412 -25.708 4
      vertex 11.6792 -23.3769 7
      vertex 12.3306 -23.0688 7
    endloop
  endfacet
  facet normal -0.302889 0.640398 -0.705796
    outer loop
      vertex 11.6792 -23.3769 7
      vertex 13.7412 -25.708 4
      vertex 11.1552 -26.9311 4
    endloop
  endfacet
  facet normal 0.687183 -0.172148 -0.705794
    outer loop
      vertex -25.2062 6.8942 7
      vertex -25.6549 5.10307 7
      vertex -28.5899 5.68688 4
    endloop
  endfacet
  facet normal 0.607612 -0.364214 -0.705801
    outer loop
      vertex -21.7491 14.5323 7
      vertex -22.6984 12.9486 7
      vertex -24.2373 16.1949 4
    endloop
  endfacet
  facet normal 0.70075 -0.103926 -0.705796
    outer loop
      vertex -29.0096 2.8572 4
      vertex -25.9258 3.27659 7
      vertex -26.0315 2.56388 7
    endloop
  endfacet
  facet normal 0.70075 -0.103936 -0.705795
    outer loop
      vertex -25.9258 3.27659 7
      vertex -29.0096 2.8572 4
      vertex -28.5899 5.68688 4
    endloop
  endfacet
  facet normal 0.364187 0.607634 -0.705797
    outer loop
      vertex -13.7412 -25.708 4
      vertex -12.9486 -22.6984 7
      vertex -12.3306 -23.0688 7
    endloop
  endfacet
  facet normal 0.364201 0.607628 -0.705794
    outer loop
      vertex -12.9486 -22.6984 7
      vertex -13.7412 -25.708 4
      vertex -16.1949 -24.2373 4
    endloop
  endfacet
  facet normal -0.302896 0.640397 -0.705794
    outer loop
      vertex 11.6792 -23.3769 7
      vertex 11.1552 -26.9311 4
      vertex 10.01 -24.1664 7
    endloop
  endfacet
  facet normal -0.421989 -0.569008 -0.705801
    outer loop
      vertex 16.1949 24.2373 4
      vertex 16.0154 20.6492 7
      vertex 14.5323 21.7491 7
    endloop
  endfacet
  facet normal 0.707559 -0.0348057 -0.705797
    outer loop
      vertex -26.0669 1.84424 7
      vertex -29.0096 2.8572 4
      vertex -26.0315 2.56388 7
    endloop
  endfacet
  facet normal 0.707566 -0.0347691 -0.705791
    outer loop
      vertex -29.0096 2.8572 4
      vertex -26.0669 1.84424 7
      vertex -29.15 0 4
    endloop
  endfacet
  facet normal -0.364201 -0.607628 -0.705794
    outer loop
      vertex 12.9486 22.6984 7
      vertex 13.7412 25.708 4
      vertex 16.1949 24.2373 4
    endloop
  endfacet
  facet normal -0.364187 -0.607634 -0.705797
    outer loop
      vertex 13.7412 25.708 4
      vertex 12.9486 22.6984 7
      vertex 12.3306 23.0688 7
    endloop
  endfacet
  facet normal 0.524905 0.475722 -0.705807
    outer loop
      vertex -20.22 -16.5941 7
      vertex -18.98 -17.9623 7
      vertex -22.5333 -18.4926 4
    endloop
  endfacet
  facet normal 0.422001 -0.568993 -0.705806
    outer loop
      vertex -18.4926 22.5333 4
      vertex -16.0154 20.6492 7
      vertex -16.5941 20.22 7
    endloop
  endfacet
  facet normal 0.421984 -0.569009 -0.705803
    outer loop
      vertex -16.0154 20.6492 7
      vertex -18.4926 22.5333 4
      vertex -16.1949 24.2373 4
    endloop
  endfacet
  facet normal 0.172148 0.687183 -0.705794
    outer loop
      vertex -5.10307 -25.6549 7
      vertex -5.68688 -28.5899 4
      vertex -6.8942 -25.2062 7
    endloop
  endfacet
  facet normal -0.475722 0.524905 -0.705807
    outer loop
      vertex 17.9623 -18.98 7
      vertex 18.4926 -22.5333 4
      vertex 16.5941 -20.22 7
    endloop
  endfacet
  facet normal 0.238638 -0.667005 -0.705801
    outer loop
      vertex -8.4618 27.8948 4
      vertex -7.59312 25.0311 7
      vertex -9.33164 24.4091 7
    endloop
  endfacet
  facet normal 0.607634 -0.364187 -0.705797
    outer loop
      vertex -25.708 13.7412 4
      vertex -22.6984 12.9486 7
      vertex -23.0688 12.3306 7
    endloop
  endfacet
  facet normal 0.607628 -0.364201 -0.705794
    outer loop
      vertex -22.6984 12.9486 7
      vertex -25.708 13.7412 4
      vertex -24.2373 16.1949 4
    endloop
  endfacet
  facet normal -0.421989 0.569008 -0.705801
    outer loop
      vertex 16.0154 -20.6492 7
      vertex 16.1949 -24.2373 4
      vertex 14.5323 -21.7491 7
    endloop
  endfacet
  facet normal 0.640397 -0.302896 -0.705794
    outer loop
      vertex -23.3769 11.6792 7
      vertex -24.1664 10.01 7
      vertex -26.9311 11.1552 4
    endloop
  endfacet
  facet normal 0.569008 -0.421989 -0.705801
    outer loop
      vertex -20.6492 16.0154 7
      vertex -21.7491 14.5323 7
      vertex -24.2373 16.1949 4
    endloop
  endfacet
  facet normal 0.700751 -0.103934 -0.705794
    outer loop
      vertex -25.6549 5.10307 7
      vertex -25.9258 3.27659 7
      vertex -28.5899 5.68688 4
    endloop
  endfacet
  facet normal 0.524905 -0.475722 -0.705807
    outer loop
      vertex -18.98 17.9623 7
      vertex -20.22 16.5941 7
      vertex -22.5333 18.4926 4
    endloop
  endfacet
  facet normal 0.568993 -0.422001 -0.705806
    outer loop
      vertex -20.6492 16.0154 7
      vertex -22.5333 18.4926 4
      vertex -20.22 16.5941 7
    endloop
  endfacet
  facet normal 0.569009 -0.421984 -0.705803
    outer loop
      vertex -22.5333 18.4926 4
      vertex -20.6492 16.0154 7
      vertex -24.2373 16.1949 4
    endloop
  endfacet
  facet normal 0.364214 -0.607612 -0.705801
    outer loop
      vertex -12.9486 22.6984 7
      vertex -14.5323 21.7491 7
      vertex -16.1949 24.2373 4
    endloop
  endfacet
  facet normal -0.707563 -0.0347597 0.705794
    outer loop
      vertex 26.1575 0 1
      vertex 29.15 0 4
      vertex 26.0669 1.84424 1
    endloop
  endfacet
  facet normal -0.607612 0.364214 0.705801
    outer loop
      vertex 24.2373 -16.1949 4
      vertex 22.6984 -12.9486 1
      vertex 21.7491 -14.5323 1
    endloop
  endfacet
  facet normal -0.667005 0.238638 0.705801
    outer loop
      vertex 27.8948 -8.4618 4
      vertex 25.0311 -7.59312 1
      vertex 24.4091 -9.33164 1
    endloop
  endfacet
  facet normal -0.707559 -0.0348057 0.705797
    outer loop
      vertex 26.0669 1.84424 1
      vertex 29.0096 2.8572 4
      vertex 26.0315 2.56388 1
    endloop
  endfacet
  facet normal -0.707566 -0.0347691 0.705791
    outer loop
      vertex 29.0096 2.8572 4
      vertex 26.0669 1.84424 1
      vertex 29.15 0 4
    endloop
  endfacet
  facet normal 0.568993 0.422001 0.705806
    outer loop
      vertex -20.6492 -16.0154 1
      vertex -22.5333 -18.4926 4
      vertex -20.22 -16.5941 1
    endloop
  endfacet
  facet normal 0.569009 0.421984 0.705803
    outer loop
      vertex -22.5333 -18.4926 4
      vertex -20.6492 -16.0154 1
      vertex -24.2373 -16.1949 4
    endloop
  endfacet
  facet normal 0.0347691 0.707566 0.705791
    outer loop
      vertex -1.84424 -26.0669 1
      vertex -2.8572 -29.0096 4
      vertex 0 -29.15 4
    endloop
  endfacet
  facet normal 0.0348057 0.707559 0.705797
    outer loop
      vertex -2.8572 -29.0096 4
      vertex -1.84424 -26.0669 1
      vertex -2.56388 -26.0315 1
    endloop
  endfacet
  facet normal -0.687183 0.172148 0.705794
    outer loop
      vertex 28.5899 -5.68688 4
      vertex 25.6549 -5.10307 1
      vertex 25.2062 -6.8942 1
    endloop
  endfacet
  facet normal 0.707566 0.0347691 0.705791
    outer loop
      vertex -29.0096 -2.8572 4
      vertex -26.0669 -1.84424 1
      vertex -29.15 0 4
    endloop
  endfacet
  facet normal 0.707559 0.0348057 0.705797
    outer loop
      vertex -26.0669 -1.84424 1
      vertex -29.0096 -2.8572 4
      vertex -26.0315 -2.56388 1
    endloop
  endfacet
  facet normal -0.687182 -0.172135 0.705798
    outer loop
      vertex 27.8948 8.4618 4
      vertex 25.2062 6.8942 1
      vertex 28.5899 5.68688 4
    endloop
  endfacet
  facet normal -0.687172 -0.172157 0.705802
    outer loop
      vertex 25.2062 6.8942 1
      vertex 27.8948 8.4618 4
      vertex 25.0311 7.59312 1
    endloop
  endfacet
  facet normal -0.364201 -0.607628 0.705794
    outer loop
      vertex 13.7412 25.708 4
      vertex 12.9486 22.6984 1
      vertex 16.1949 24.2373 4
    endloop
  endfacet
  facet normal -0.364187 -0.607634 0.705797
    outer loop
      vertex 12.9486 22.6984 1
      vertex 13.7412 25.708 4
      vertex 12.3306 23.0688 1
    endloop
  endfacet
  facet normal 0.421984 -0.569009 0.705803
    outer loop
      vertex -18.4926 22.5333 4
      vertex -16.0154 20.6492 1
      vertex -16.1949 24.2373 4
    endloop
  endfacet
  facet normal 0.422001 -0.568993 0.705806
    outer loop
      vertex -16.0154 20.6492 1
      vertex -18.4926 22.5333 4
      vertex -16.5941 20.22 1
    endloop
  endfacet
  facet normal -0.700751 -0.103934 0.705794
    outer loop
      vertex 25.9258 3.27659 1
      vertex 28.5899 5.68688 4
      vertex 25.6549 5.10307 1
    endloop
  endfacet
  facet normal 0.364214 -0.607612 0.705801
    outer loop
      vertex -14.5323 21.7491 1
      vertex -12.9486 22.6984 1
      vertex -16.1949 24.2373 4
    endloop
  endfacet
  facet normal 0.700751 0.103934 0.705794
    outer loop
      vertex -25.6549 -5.10307 1
      vertex -25.9258 -3.27659 1
      vertex -28.5899 -5.68688 4
    endloop
  endfacet
  facet normal -0.667005 -0.238655 0.705796
    outer loop
      vertex 26.9311 11.1552 4
      vertex 24.4091 9.33164 1
      vertex 27.8948 8.4618 4
    endloop
  endfacet
  facet normal -0.667013 -0.23864 0.705794
    outer loop
      vertex 24.4091 9.33164 1
      vertex 26.9311 11.1552 4
      vertex 24.1664 10.01 1
    endloop
  endfacet
  facet normal 0.687183 -0.172148 0.705794
    outer loop
      vertex -25.6549 5.10307 1
      vertex -25.2062 6.8942 1
      vertex -28.5899 5.68688 4
    endloop
  endfacet
  facet normal 0.640397 0.302896 0.705794
    outer loop
      vertex -23.3769 -11.6792 1
      vertex -24.1664 -10.01 1
      vertex -26.9311 -11.1552 4
    endloop
  endfacet
  facet normal 0.302889 -0.640398 0.705796
    outer loop
      vertex -13.7412 25.708 4
      vertex -11.6792 23.3769 1
      vertex -11.1552 26.9311 4
    endloop
  endfacet
  facet normal 0.302895 -0.640394 0.705797
    outer loop
      vertex -11.6792 23.3769 1
      vertex -13.7412 25.708 4
      vertex -12.3306 23.0688 1
    endloop
  endfacet
  facet normal 0.103934 0.700751 0.705794
    outer loop
      vertex -3.27659 -25.9258 1
      vertex -5.10307 -25.6549 1
      vertex -5.68688 -28.5899 4
    endloop
  endfacet
  facet normal -0.667005 0.238655 0.705796
    outer loop
      vertex 24.4091 -9.33164 1
      vertex 26.9311 -11.1552 4
      vertex 27.8948 -8.4618 4
    endloop
  endfacet
  facet normal -0.667013 0.23864 0.705794
    outer loop
      vertex 26.9311 -11.1552 4
      vertex 24.4091 -9.33164 1
      vertex 24.1664 -10.01 1
    endloop
  endfacet
  facet normal -0.70075 0.103926 0.705796
    outer loop
      vertex 25.9258 -3.27659 1
      vertex 29.0096 -2.8572 4
      vertex 26.0315 -2.56388 1
    endloop
  endfacet
  facet normal -0.70075 0.103936 0.705795
    outer loop
      vertex 29.0096 -2.8572 4
      vertex 25.9258 -3.27659 1
      vertex 28.5899 -5.68688 4
    endloop
  endfacet
  facet normal -0.0347597 -0.707563 0.705794
    outer loop
      vertex 1.84424 26.0669 1
      vertex 0 29.15 4
      vertex 0 26.1575 1
    endloop
  endfacet
  facet normal 0.607634 0.364187 0.705797
    outer loop
      vertex -25.708 -13.7412 4
      vertex -22.6984 -12.9486 1
      vertex -23.0688 -12.3306 1
    endloop
  endfacet
  facet normal 0.607628 0.364201 0.705794
    outer loop
      vertex -22.6984 -12.9486 1
      vertex -25.708 -13.7412 4
      vertex -24.2373 -16.1949 4
    endloop
  endfacet
  facet normal -0.524897 0.47574 0.7058
    outer loop
      vertex 18.98 -17.9623 1
      vertex 20.6122 -20.6122 4
      vertex 22.5333 -18.4926 4
    endloop
  endfacet
  facet normal -0.524846 0.475783 0.70581
    outer loop
      vertex 20.6122 -20.6122 4
      vertex 18.98 -17.9623 1
      vertex 18.4961 -18.4961 1
    endloop
  endfacet
  facet normal 0.707563 -0.0347597 0.705794
    outer loop
      vertex -26.1575 0 1
      vertex -26.0669 1.84424 1
      vertex -29.15 0 4
    endloop
  endfacet
  facet normal -0.569009 0.421984 0.705803
    outer loop
      vertex 20.6492 -16.0154 1
      vertex 22.5333 -18.4926 4
      vertex 24.2373 -16.1949 4
    endloop
  endfacet
  facet normal -0.568993 0.422001 0.705806
    outer loop
      vertex 22.5333 -18.4926 4
      vertex 20.6492 -16.0154 1
      vertex 20.22 -16.5941 1
    endloop
  endfacet
  facet normal 0.172148 -0.687183 0.705794
    outer loop
      vertex -5.10307 25.6549 1
      vertex -5.68688 28.5899 4
      vertex -6.8942 25.2062 1
    endloop
  endfacet
  facet normal -0.0347597 0.707563 0.705794
    outer loop
      vertex 1.84424 -26.0669 1
      vertex 0 -26.1575 1
      vertex 0 -29.15 4
    endloop
  endfacet
  facet normal -0.475783 0.524846 0.70581
    outer loop
      vertex 17.9623 -18.98 1
      vertex 20.6122 -20.6122 4
      vertex 18.4961 -18.4961 1
    endloop
  endfacet
  facet normal -0.47574 0.524897 0.7058
    outer loop
      vertex 20.6122 -20.6122 4
      vertex 17.9623 -18.98 1
      vertex 18.4926 -22.5333 4
    endloop
  endfacet
  facet normal -0.302895 0.640394 0.705797
    outer loop
      vertex 11.6792 -23.3769 1
      vertex 13.7412 -25.708 4
      vertex 12.3306 -23.0688 1
    endloop
  endfacet
  facet normal -0.302889 0.640398 0.705796
    outer loop
      vertex 13.7412 -25.708 4
      vertex 11.6792 -23.3769 1
      vertex 11.1552 -26.9311 4
    endloop
  endfacet
  facet normal -0.640397 0.302896 0.705794
    outer loop
      vertex 26.9311 -11.1552 4
      vertex 24.1664 -10.01 1
      vertex 23.3769 -11.6792 1
    endloop
  endfacet
  facet normal -0.524897 -0.47574 0.7058
    outer loop
      vertex 20.6122 20.6122 4
      vertex 18.98 17.9623 1
      vertex 22.5333 18.4926 4
    endloop
  endfacet
  facet normal -0.524846 -0.475783 0.70581
    outer loop
      vertex 18.98 17.9623 1
      vertex 20.6122 20.6122 4
      vertex 18.4961 18.4961 1
    endloop
  endfacet
  facet normal -0.607634 0.364187 0.705797
    outer loop
      vertex 22.6984 -12.9486 1
      vertex 25.708 -13.7412 4
      vertex 23.0688 -12.3306 1
    endloop
  endfacet
  facet normal -0.607628 0.364201 0.705794
    outer loop
      vertex 25.708 -13.7412 4
      vertex 22.6984 -12.9486 1
      vertex 24.2373 -16.1949 4
    endloop
  endfacet
  facet normal -0.421989 0.569008 0.705801
    outer loop
      vertex 16.1949 -24.2373 4
      vertex 16.0154 -20.6492 1
      vertex 14.5323 -21.7491 1
    endloop
  endfacet
  facet normal 0.238638 -0.667005 0.705801
    outer loop
      vertex -7.59312 25.0311 1
      vertex -8.4618 27.8948 4
      vertex -9.33164 24.4091 1
    endloop
  endfacet
  facet normal 0.172135 -0.687182 0.705798
    outer loop
      vertex -8.4618 27.8948 4
      vertex -6.8942 25.2062 1
      vertex -5.68688 28.5899 4
    endloop
  endfacet
  facet normal 0.172157 -0.687172 0.705802
    outer loop
      vertex -6.8942 25.2062 1
      vertex -8.4618 27.8948 4
      vertex -7.59312 25.0311 1
    endloop
  endfacet
  facet normal 0.172157 0.687172 0.705802
    outer loop
      vertex -8.4618 -27.8948 4
      vertex -6.8942 -25.2062 1
      vertex -7.59312 -25.0311 1
    endloop
  endfacet
  facet normal 0.172135 0.687182 0.705798
    outer loop
      vertex -6.8942 -25.2062 1
      vertex -8.4618 -27.8948 4
      vertex -5.68688 -28.5899 4
    endloop
  endfacet
  facet normal -0.421989 -0.569008 0.705801
    outer loop
      vertex 16.0154 20.6492 1
      vertex 16.1949 24.2373 4
      vertex 14.5323 21.7491 1
    endloop
  endfacet
  facet normal -0.172148 -0.687183 0.705794
    outer loop
      vertex 6.8942 25.2062 1
      vertex 5.68688 28.5899 4
      vertex 5.10307 25.6549 1
    endloop
  endfacet
  facet normal -0.707559 0.0348057 0.705797
    outer loop
      vertex 29.0096 -2.8572 4
      vertex 26.0669 -1.84424 1
      vertex 26.0315 -2.56388 1
    endloop
  endfacet
  facet normal -0.707566 0.0347691 0.705791
    outer loop
      vertex 26.0669 -1.84424 1
      vertex 29.0096 -2.8572 4
      vertex 29.15 0 4
    endloop
  endfacet
  facet normal 0.302895 0.640394 0.705797
    outer loop
      vertex -13.7412 -25.708 4
      vertex -11.6792 -23.3769 1
      vertex -12.3306 -23.0688 1
    endloop
  endfacet
  facet normal 0.302889 0.640398 0.705796
    outer loop
      vertex -11.6792 -23.3769 1
      vertex -13.7412 -25.708 4
      vertex -11.1552 -26.9311 4
    endloop
  endfacet
  facet normal 0.607612 0.364214 0.705801
    outer loop
      vertex -21.7491 -14.5323 1
      vertex -22.6984 -12.9486 1
      vertex -24.2373 -16.1949 4
    endloop
  endfacet
  facet normal 0.0348057 -0.707559 0.705797
    outer loop
      vertex -1.84424 26.0669 1
      vertex -2.8572 29.0096 4
      vertex -2.56388 26.0315 1
    endloop
  endfacet
  facet normal 0.0347691 -0.707566 0.705791
    outer loop
      vertex -2.8572 29.0096 4
      vertex -1.84424 26.0669 1
      vertex 0 29.15 4
    endloop
  endfacet
  facet normal 0.0347597 0.707563 0.705794
    outer loop
      vertex 0 -29.15 4
      vertex 0 -26.1575 1
      vertex -1.84424 -26.0669 1
    endloop
  endfacet
  facet normal 0.70075 0.103926 0.705796
    outer loop
      vertex -29.0096 -2.8572 4
      vertex -25.9258 -3.27659 1
      vertex -26.0315 -2.56388 1
    endloop
  endfacet
  facet normal 0.70075 0.103936 0.705795
    outer loop
      vertex -25.9258 -3.27659 1
      vertex -29.0096 -2.8572 4
      vertex -28.5899 -5.68688 4
    endloop
  endfacet
  facet normal -0.23864 -0.667013 0.705794
    outer loop
      vertex 11.1552 26.9311 4
      vertex 9.33164 24.4091 1
      vertex 10.01 24.1664 1
    endloop
  endfacet
  facet normal -0.238655 -0.667005 0.705796
    outer loop
      vertex 9.33164 24.4091 1
      vertex 11.1552 26.9311 4
      vertex 8.4618 27.8948 4
    endloop
  endfacet
  facet normal -0.23864 0.667013 0.705794
    outer loop
      vertex 9.33164 -24.4091 1
      vertex 11.1552 -26.9311 4
      vertex 10.01 -24.1664 1
    endloop
  endfacet
  facet normal -0.238655 0.667005 0.705796
    outer loop
      vertex 11.1552 -26.9311 4
      vertex 9.33164 -24.4091 1
      vertex 8.4618 -27.8948 4
    endloop
  endfacet
  facet normal -0.569008 -0.421989 0.705801
    outer loop
      vertex 21.7491 14.5323 1
      vertex 24.2373 16.1949 4
      vertex 20.6492 16.0154 1
    endloop
  endfacet
  facet normal 0.707559 -0.0348057 0.705797
    outer loop
      vertex -29.0096 2.8572 4
      vertex -26.0669 1.84424 1
      vertex -26.0315 2.56388 1
    endloop
  endfacet
  facet normal 0.707566 -0.0347691 0.705791
    outer loop
      vertex -26.0669 1.84424 1
      vertex -29.0096 2.8572 4
      vertex -29.15 0 4
    endloop
  endfacet
  facet normal 0.475783 0.524846 0.70581
    outer loop
      vertex -20.6122 -20.6122 4
      vertex -17.9623 -18.98 1
      vertex -18.4961 -18.4961 1
    endloop
  endfacet
  facet normal 0.47574 0.524897 0.7058
    outer loop
      vertex -17.9623 -18.98 1
      vertex -20.6122 -20.6122 4
      vertex -18.4926 -22.5333 4
    endloop
  endfacet
  facet normal -0.70075 -0.103936 0.705795
    outer loop
      vertex 25.9258 3.27659 1
      vertex 29.0096 2.8572 4
      vertex 28.5899 5.68688 4
    endloop
  endfacet
  facet normal -0.70075 -0.103926 0.705796
    outer loop
      vertex 29.0096 2.8572 4
      vertex 25.9258 3.27659 1
      vertex 26.0315 2.56388 1
    endloop
  endfacet
  facet normal -0.700751 0.103934 0.705794
    outer loop
      vertex 28.5899 -5.68688 4
      vertex 25.9258 -3.27659 1
      vertex 25.6549 -5.10307 1
    endloop
  endfacet
  facet normal 0.421989 0.569008 0.705801
    outer loop
      vertex -14.5323 -21.7491 1
      vertex -16.0154 -20.6492 1
      vertex -16.1949 -24.2373 4
    endloop
  endfacet
  facet normal -0.238638 -0.667005 0.705801
    outer loop
      vertex 9.33164 24.4091 1
      vertex 8.4618 27.8948 4
      vertex 7.59312 25.0311 1
    endloop
  endfacet
  facet normal -0.524905 -0.475722 0.705807
    outer loop
      vertex 20.22 16.5941 1
      vertex 22.5333 18.4926 4
      vertex 18.98 17.9623 1
    endloop
  endfacet
  facet normal 0.524846 0.475783 0.70581
    outer loop
      vertex -18.98 -17.9623 1
      vertex -20.6122 -20.6122 4
      vertex -18.4961 -18.4961 1
    endloop
  endfacet
  facet normal 0.524897 0.47574 0.7058
    outer loop
      vertex -20.6122 -20.6122 4
      vertex -18.98 -17.9623 1
      vertex -22.5333 -18.4926 4
    endloop
  endfacet
  facet normal -0.569009 -0.421984 0.705803
    outer loop
      vertex 22.5333 18.4926 4
      vertex 20.6492 16.0154 1
      vertex 24.2373 16.1949 4
    endloop
  endfacet
  facet normal -0.568993 -0.422001 0.705806
    outer loop
      vertex 20.6492 16.0154 1
      vertex 22.5333 18.4926 4
      vertex 20.22 16.5941 1
    endloop
  endfacet
  facet normal -0.640398 0.302889 0.705796
    outer loop
      vertex 23.3769 -11.6792 1
      vertex 25.708 -13.7412 4
      vertex 26.9311 -11.1552 4
    endloop
  endfacet
  facet normal -0.640394 0.302895 0.705797
    outer loop
      vertex 25.708 -13.7412 4
      vertex 23.3769 -11.6792 1
      vertex 23.0688 -12.3306 1
    endloop
  endfacet
  facet normal -0.364201 0.607628 0.705794
    outer loop
      vertex 12.9486 -22.6984 1
      vertex 13.7412 -25.708 4
      vertex 16.1949 -24.2373 4
    endloop
  endfacet
  facet normal -0.364187 0.607634 0.705797
    outer loop
      vertex 13.7412 -25.708 4
      vertex 12.9486 -22.6984 1
      vertex 12.3306 -23.0688 1
    endloop
  endfacet
  facet normal 0.524846 -0.475783 0.70581
    outer loop
      vertex -20.6122 20.6122 4
      vertex -18.98 17.9623 1
      vertex -18.4961 18.4961 1
    endloop
  endfacet
  facet normal 0.524897 -0.47574 0.7058
    outer loop
      vertex -18.98 17.9623 1
      vertex -20.6122 20.6122 4
      vertex -22.5333 18.4926 4
    endloop
  endfacet
  facet normal -0.707563 0.0347597 0.705794
    outer loop
      vertex 29.15 0 4
      vertex 26.1575 0 1
      vertex 26.0669 -1.84424 1
    endloop
  endfacet
  facet normal -0.640397 -0.302896 0.705794
    outer loop
      vertex 24.1664 10.01 1
      vertex 26.9311 11.1552 4
      vertex 23.3769 11.6792 1
    endloop
  endfacet
  facet normal 0.568993 -0.422001 0.705806
    outer loop
      vertex -22.5333 18.4926 4
      vertex -20.6492 16.0154 1
      vertex -20.22 16.5941 1
    endloop
  endfacet
  facet normal 0.569009 -0.421984 0.705803
    outer loop
      vertex -20.6492 16.0154 1
      vertex -22.5333 18.4926 4
      vertex -24.2373 16.1949 4
    endloop
  endfacet
  facet normal -0.687182 0.172135 0.705798
    outer loop
      vertex 25.2062 -6.8942 1
      vertex 27.8948 -8.4618 4
      vertex 28.5899 -5.68688 4
    endloop
  endfacet
  facet normal -0.687172 0.172157 0.705802
    outer loop
      vertex 27.8948 -8.4618 4
      vertex 25.2062 -6.8942 1
      vertex 25.0311 -7.59312 1
    endloop
  endfacet
  facet normal 0.23864 0.667013 0.705794
    outer loop
      vertex -11.1552 -26.9311 4
      vertex -9.33164 -24.4091 1
      vertex -10.01 -24.1664 1
    endloop
  endfacet
  facet normal 0.238655 0.667005 0.705796
    outer loop
      vertex -9.33164 -24.4091 1
      vertex -11.1552 -26.9311 4
      vertex -8.4618 -27.8948 4
    endloop
  endfacet
  facet normal -0.103934 0.700751 0.705794
    outer loop
      vertex 5.68688 -28.5899 4
      vertex 5.10307 -25.6549 1
      vertex 3.27659 -25.9258 1
    endloop
  endfacet
  facet normal 0.475722 0.524905 0.705807
    outer loop
      vertex -16.5941 -20.22 1
      vertex -17.9623 -18.98 1
      vertex -18.4926 -22.5333 4
    endloop
  endfacet
  facet normal -0.103936 0.70075 0.705795
    outer loop
      vertex 3.27659 -25.9258 1
      vertex 2.8572 -29.0096 4
      vertex 5.68688 -28.5899 4
    endloop
  endfacet
  facet normal -0.103926 0.70075 0.705796
    outer loop
      vertex 2.8572 -29.0096 4
      vertex 3.27659 -25.9258 1
      vertex 2.56388 -26.0315 1
    endloop
  endfacet
  facet normal -0.0348057 0.707559 0.705797
    outer loop
      vertex 1.84424 -26.0669 1
      vertex 2.8572 -29.0096 4
      vertex 2.56388 -26.0315 1
    endloop
  endfacet
  facet normal -0.0347691 0.707566 0.705791
    outer loop
      vertex 2.8572 -29.0096 4
      vertex 1.84424 -26.0669 1
      vertex 0 -29.15 4
    endloop
  endfacet
  facet normal -0.607628 -0.364201 0.705794
    outer loop
      vertex 22.6984 12.9486 1
      vertex 25.708 13.7412 4
      vertex 24.2373 16.1949 4
    endloop
  endfacet
  facet normal -0.607634 -0.364187 0.705797
    outer loop
      vertex 25.708 13.7412 4
      vertex 22.6984 12.9486 1
      vertex 23.0688 12.3306 1
    endloop
  endfacet
  facet normal -0.475722 0.524905 0.705807
    outer loop
      vertex 18.4926 -22.5333 4
      vertex 17.9623 -18.98 1
      vertex 16.5941 -20.22 1
    endloop
  endfacet
  facet normal -0.422001 0.568993 0.705806
    outer loop
      vertex 16.0154 -20.6492 1
      vertex 18.4926 -22.5333 4
      vertex 16.5941 -20.22 1
    endloop
  endfacet
  facet normal -0.421984 0.569009 0.705803
    outer loop
      vertex 18.4926 -22.5333 4
      vertex 16.0154 -20.6492 1
      vertex 16.1949 -24.2373 4
    endloop
  endfacet
  facet normal -0.172157 0.687172 0.705802
    outer loop
      vertex 6.8942 -25.2062 1
      vertex 8.4618 -27.8948 4
      vertex 7.59312 -25.0311 1
    endloop
  endfacet
  facet normal -0.172135 0.687182 0.705798
    outer loop
      vertex 8.4618 -27.8948 4
      vertex 6.8942 -25.2062 1
      vertex 5.68688 -28.5899 4
    endloop
  endfacet
  facet normal -0.238638 0.667005 0.705801
    outer loop
      vertex 8.4618 -27.8948 4
      vertex 9.33164 -24.4091 1
      vertex 7.59312 -25.0311 1
    endloop
  endfacet
  facet normal 0.421989 -0.569008 0.705801
    outer loop
      vertex -16.0154 20.6492 1
      vertex -14.5323 21.7491 1
      vertex -16.1949 24.2373 4
    endloop
  endfacet
  facet normal -0.302896 0.640397 0.705794
    outer loop
      vertex 11.1552 -26.9311 4
      vertex 11.6792 -23.3769 1
      vertex 10.01 -24.1664 1
    endloop
  endfacet
  facet normal -0.524905 0.475722 0.705807
    outer loop
      vertex 22.5333 -18.4926 4
      vertex 20.22 -16.5941 1
      vertex 18.98 -17.9623 1
    endloop
  endfacet
  facet normal 0.667005 0.238638 0.705801
    outer loop
      vertex -24.4091 -9.33164 1
      vertex -25.0311 -7.59312 1
      vertex -27.8948 -8.4618 4
    endloop
  endfacet
  facet normal 0.47574 -0.524897 0.7058
    outer loop
      vertex -20.6122 20.6122 4
      vertex -17.9623 18.98 1
      vertex -18.4926 22.5333 4
    endloop
  endfacet
  facet normal 0.475783 -0.524846 0.70581
    outer loop
      vertex -17.9623 18.98 1
      vertex -20.6122 20.6122 4
      vertex -18.4961 18.4961 1
    endloop
  endfacet
  facet normal 0.640394 -0.302895 0.705797
    outer loop
      vertex -25.708 13.7412 4
      vertex -23.3769 11.6792 1
      vertex -23.0688 12.3306 1
    endloop
  endfacet
  facet normal 0.640398 -0.302889 0.705796
    outer loop
      vertex -23.3769 11.6792 1
      vertex -25.708 13.7412 4
      vertex -26.9311 11.1552 4
    endloop
  endfacet
  facet normal 0.687172 0.172157 0.705802
    outer loop
      vertex -25.2062 -6.8942 1
      vertex -27.8948 -8.4618 4
      vertex -25.0311 -7.59312 1
    endloop
  endfacet
  facet normal 0.687182 0.172135 0.705798
    outer loop
      vertex -27.8948 -8.4618 4
      vertex -25.2062 -6.8942 1
      vertex -28.5899 -5.68688 4
    endloop
  endfacet
  facet normal -0.103934 -0.700751 0.705794
    outer loop
      vertex 5.10307 25.6549 1
      vertex 5.68688 28.5899 4
      vertex 3.27659 25.9258 1
    endloop
  endfacet
  facet normal 0.687172 -0.172157 0.705802
    outer loop
      vertex -27.8948 8.4618 4
      vertex -25.2062 6.8942 1
      vertex -25.0311 7.59312 1
    endloop
  endfacet
  facet normal 0.687182 -0.172135 0.705798
    outer loop
      vertex -25.2062 6.8942 1
      vertex -27.8948 8.4618 4
      vertex -28.5899 5.68688 4
    endloop
  endfacet
  facet normal 0.238638 0.667005 0.705801
    outer loop
      vertex -8.4618 -27.8948 4
      vertex -7.59312 -25.0311 1
      vertex -9.33164 -24.4091 1
    endloop
  endfacet
  facet normal 0.302896 -0.640397 0.705794
    outer loop
      vertex -10.01 24.1664 1
      vertex -11.1552 26.9311 4
      vertex -11.6792 23.3769 1
    endloop
  endfacet
  facet normal -0.172157 -0.687172 0.705802
    outer loop
      vertex 8.4618 27.8948 4
      vertex 6.8942 25.2062 1
      vertex 7.59312 25.0311 1
    endloop
  endfacet
  facet normal -0.172135 -0.687182 0.705798
    outer loop
      vertex 6.8942 25.2062 1
      vertex 8.4618 27.8948 4
      vertex 5.68688 28.5899 4
    endloop
  endfacet
  facet normal 0.422001 0.568993 0.705806
    outer loop
      vertex -18.4926 -22.5333 4
      vertex -16.0154 -20.6492 1
      vertex -16.5941 -20.22 1
    endloop
  endfacet
  facet normal 0.421984 0.569009 0.705803
    outer loop
      vertex -16.0154 -20.6492 1
      vertex -18.4926 -22.5333 4
      vertex -16.1949 -24.2373 4
    endloop
  endfacet
  facet normal -0.569008 0.421989 0.705801
    outer loop
      vertex 24.2373 -16.1949 4
      vertex 21.7491 -14.5323 1
      vertex 20.6492 -16.0154 1
    endloop
  endfacet
  facet normal -0.302895 -0.640394 0.705797
    outer loop
      vertex 13.7412 25.708 4
      vertex 11.6792 23.3769 1
      vertex 12.3306 23.0688 1
    endloop
  endfacet
  facet normal -0.302889 -0.640398 0.705796
    outer loop
      vertex 11.6792 23.3769 1
      vertex 13.7412 25.708 4
      vertex 11.1552 26.9311 4
    endloop
  endfacet
  facet normal -0.364214 -0.607612 0.705801
    outer loop
      vertex 14.5323 21.7491 1
      vertex 16.1949 24.2373 4
      vertex 12.9486 22.6984 1
    endloop
  endfacet
  facet normal -0.47574 -0.524897 0.7058
    outer loop
      vertex 17.9623 18.98 1
      vertex 20.6122 20.6122 4
      vertex 18.4926 22.5333 4
    endloop
  endfacet
  facet normal -0.475783 -0.524846 0.70581
    outer loop
      vertex 20.6122 20.6122 4
      vertex 17.9623 18.98 1
      vertex 18.4961 18.4961 1
    endloop
  endfacet
  facet normal -0.687183 -0.172148 0.705794
    outer loop
      vertex 25.6549 5.10307 1
      vertex 28.5899 5.68688 4
      vertex 25.2062 6.8942 1
    endloop
  endfacet
  facet normal 0.302896 0.640397 0.705794
    outer loop
      vertex -11.1552 -26.9311 4
      vertex -10.01 -24.1664 1
      vertex -11.6792 -23.3769 1
    endloop
  endfacet
  facet normal 0.607628 -0.364201 0.705794
    outer loop
      vertex -25.708 13.7412 4
      vertex -22.6984 12.9486 1
      vertex -24.2373 16.1949 4
    endloop
  endfacet
  facet normal 0.607634 -0.364187 0.705797
    outer loop
      vertex -22.6984 12.9486 1
      vertex -25.708 13.7412 4
      vertex -23.0688 12.3306 1
    endloop
  endfacet
  facet normal -0.640398 -0.302889 0.705796
    outer loop
      vertex 25.708 13.7412 4
      vertex 23.3769 11.6792 1
      vertex 26.9311 11.1552 4
    endloop
  endfacet
  facet normal -0.640394 -0.302895 0.705797
    outer loop
      vertex 23.3769 11.6792 1
      vertex 25.708 13.7412 4
      vertex 23.0688 12.3306 1
    endloop
  endfacet
  facet normal -0.0347691 -0.707566 0.705791
    outer loop
      vertex 1.84424 26.0669 1
      vertex 2.8572 29.0096 4
      vertex 0 29.15 4
    endloop
  endfacet
  facet normal -0.0348057 -0.707559 0.705797
    outer loop
      vertex 2.8572 29.0096 4
      vertex 1.84424 26.0669 1
      vertex 2.56388 26.0315 1
    endloop
  endfacet
  facet normal -0.103936 -0.70075 0.705795
    outer loop
      vertex 2.8572 29.0096 4
      vertex 3.27659 25.9258 1
      vertex 5.68688 28.5899 4
    endloop
  endfacet
  facet normal -0.103926 -0.70075 0.705796
    outer loop
      vertex 3.27659 25.9258 1
      vertex 2.8572 29.0096 4
      vertex 2.56388 26.0315 1
    endloop
  endfacet
  facet normal 0.364187 0.607634 0.705797
    outer loop
      vertex -12.9486 -22.6984 1
      vertex -13.7412 -25.708 4
      vertex -12.3306 -23.0688 1
    endloop
  endfacet
  facet normal 0.364201 0.607628 0.705794
    outer loop
      vertex -13.7412 -25.708 4
      vertex -12.9486 -22.6984 1
      vertex -16.1949 -24.2373 4
    endloop
  endfacet
  facet normal -0.172148 0.687183 0.705794
    outer loop
      vertex 5.68688 -28.5899 4
      vertex 6.8942 -25.2062 1
      vertex 5.10307 -25.6549 1
    endloop
  endfacet
  facet normal -0.364214 0.607612 0.705801
    outer loop
      vertex 16.1949 -24.2373 4
      vertex 14.5323 -21.7491 1
      vertex 12.9486 -22.6984 1
    endloop
  endfacet
  facet normal 0.569008 -0.421989 0.705801
    outer loop
      vertex -21.7491 14.5323 1
      vertex -20.6492 16.0154 1
      vertex -24.2373 16.1949 4
    endloop
  endfacet
  facet normal 0.103934 -0.700751 0.705794
    outer loop
      vertex -5.10307 25.6549 1
      vertex -3.27659 25.9258 1
      vertex -5.68688 28.5899 4
    endloop
  endfacet
  facet normal 0.707563 0.0347597 0.705794
    outer loop
      vertex -26.0669 -1.84424 1
      vertex -26.1575 0 1
      vertex -29.15 0 4
    endloop
  endfacet
  facet normal -0.667005 -0.238638 0.705801
    outer loop
      vertex 25.0311 7.59312 1
      vertex 27.8948 8.4618 4
      vertex 24.4091 9.33164 1
    endloop
  endfacet
  facet normal 0.640397 -0.302896 0.705794
    outer loop
      vertex -24.1664 10.01 1
      vertex -23.3769 11.6792 1
      vertex -26.9311 11.1552 4
    endloop
  endfacet
  facet normal 0.475722 -0.524905 0.705807
    outer loop
      vertex -17.9623 18.98 1
      vertex -16.5941 20.22 1
      vertex -18.4926 22.5333 4
    endloop
  endfacet
  facet normal 0.364187 -0.607634 0.705797
    outer loop
      vertex -13.7412 25.708 4
      vertex -12.9486 22.6984 1
      vertex -12.3306 23.0688 1
    endloop
  endfacet
  facet normal 0.364201 -0.607628 0.705794
    outer loop
      vertex -12.9486 22.6984 1
      vertex -13.7412 25.708 4
      vertex -16.1949 24.2373 4
    endloop
  endfacet
  facet normal 0.103926 0.70075 0.705796
    outer loop
      vertex -3.27659 -25.9258 1
      vertex -2.8572 -29.0096 4
      vertex -2.56388 -26.0315 1
    endloop
  endfacet
  facet normal 0.103936 0.70075 0.705795
    outer loop
      vertex -2.8572 -29.0096 4
      vertex -3.27659 -25.9258 1
      vertex -5.68688 -28.5899 4
    endloop
  endfacet
  facet normal 0.667013 -0.23864 0.705794
    outer loop
      vertex -26.9311 11.1552 4
      vertex -24.4091 9.33164 1
      vertex -24.1664 10.01 1
    endloop
  endfacet
  facet normal 0.667005 -0.238655 0.705796
    outer loop
      vertex -24.4091 9.33164 1
      vertex -26.9311 11.1552 4
      vertex -27.8948 8.4618 4
    endloop
  endfacet
  facet normal -0.607612 -0.364214 0.705801
    outer loop
      vertex 22.6984 12.9486 1
      vertex 24.2373 16.1949 4
      vertex 21.7491 14.5323 1
    endloop
  endfacet
  facet normal 0.667005 -0.238638 0.705801
    outer loop
      vertex -25.0311 7.59312 1
      vertex -24.4091 9.33164 1
      vertex -27.8948 8.4618 4
    endloop
  endfacet
  facet normal 0.569008 0.421989 0.705801
    outer loop
      vertex -20.6492 -16.0154 1
      vertex -21.7491 -14.5323 1
      vertex -24.2373 -16.1949 4
    endloop
  endfacet
  facet normal 0.103926 -0.70075 0.705796
    outer loop
      vertex -2.8572 29.0096 4
      vertex -3.27659 25.9258 1
      vertex -2.56388 26.0315 1
    endloop
  endfacet
  facet normal 0.103936 -0.70075 0.705795
    outer loop
      vertex -3.27659 25.9258 1
      vertex -2.8572 29.0096 4
      vertex -5.68688 28.5899 4
    endloop
  endfacet
  facet normal 0.0347597 -0.707563 0.705794
    outer loop
      vertex 0 26.1575 1
      vertex 0 29.15 4
      vertex -1.84424 26.0669 1
    endloop
  endfacet
  facet normal 0.524905 -0.475722 0.705807
    outer loop
      vertex -20.22 16.5941 1
      vertex -18.98 17.9623 1
      vertex -22.5333 18.4926 4
    endloop
  endfacet
  facet normal 0.607612 -0.364214 0.705801
    outer loop
      vertex -22.6984 12.9486 1
      vertex -21.7491 14.5323 1
      vertex -24.2373 16.1949 4
    endloop
  endfacet
  facet normal 0.700751 -0.103934 0.705794
    outer loop
      vertex -25.9258 3.27659 1
      vertex -25.6549 5.10307 1
      vertex -28.5899 5.68688 4
    endloop
  endfacet
  facet normal 0.640394 0.302895 0.705797
    outer loop
      vertex -23.3769 -11.6792 1
      vertex -25.708 -13.7412 4
      vertex -23.0688 -12.3306 1
    endloop
  endfacet
  facet normal 0.640398 0.302889 0.705796
    outer loop
      vertex -25.708 -13.7412 4
      vertex -23.3769 -11.6792 1
      vertex -26.9311 -11.1552 4
    endloop
  endfacet
  facet normal 0.524905 0.475722 0.705807
    outer loop
      vertex -18.98 -17.9623 1
      vertex -20.22 -16.5941 1
      vertex -22.5333 -18.4926 4
    endloop
  endfacet
  facet normal 0.687183 0.172148 0.705794
    outer loop
      vertex -25.2062 -6.8942 1
      vertex -25.6549 -5.10307 1
      vertex -28.5899 -5.68688 4
    endloop
  endfacet
  facet normal 0.238655 -0.667005 0.705796
    outer loop
      vertex -11.1552 26.9311 4
      vertex -9.33164 24.4091 1
      vertex -8.4618 27.8948 4
    endloop
  endfacet
  facet normal 0.23864 -0.667013 0.705794
    outer loop
      vertex -9.33164 24.4091 1
      vertex -11.1552 26.9311 4
      vertex -10.01 24.1664 1
    endloop
  endfacet
  facet normal 0.172148 0.687183 0.705794
    outer loop
      vertex -5.68688 -28.5899 4
      vertex -5.10307 -25.6549 1
      vertex -6.8942 -25.2062 1
    endloop
  endfacet
  facet normal 0.70075 -0.103936 0.705795
    outer loop
      vertex -29.0096 2.8572 4
      vertex -25.9258 3.27659 1
      vertex -28.5899 5.68688 4
    endloop
  endfacet
  facet normal 0.70075 -0.103926 0.705796
    outer loop
      vertex -25.9258 3.27659 1
      vertex -29.0096 2.8572 4
      vertex -26.0315 2.56388 1
    endloop
  endfacet
  facet normal 0.667013 0.23864 0.705794
    outer loop
      vertex -24.4091 -9.33164 1
      vertex -26.9311 -11.1552 4
      vertex -24.1664 -10.01 1
    endloop
  endfacet
  facet normal 0.667005 0.238655 0.705796
    outer loop
      vertex -26.9311 -11.1552 4
      vertex -24.4091 -9.33164 1
      vertex -27.8948 -8.4618 4
    endloop
  endfacet
  facet normal -0.421984 -0.569009 0.705803
    outer loop
      vertex 16.0154 20.6492 1
      vertex 18.4926 22.5333 4
      vertex 16.1949 24.2373 4
    endloop
  endfacet
  facet normal -0.422001 -0.568993 0.705806
    outer loop
      vertex 18.4926 22.5333 4
      vertex 16.0154 20.6492 1
      vertex 16.5941 20.22 1
    endloop
  endfacet
  facet normal -0.475722 -0.524905 0.705807
    outer loop
      vertex 17.9623 18.98 1
      vertex 18.4926 22.5333 4
      vertex 16.5941 20.22 1
    endloop
  endfacet
  facet normal -0.302896 -0.640397 0.705794
    outer loop
      vertex 11.6792 23.3769 1
      vertex 11.1552 26.9311 4
      vertex 10.01 24.1664 1
    endloop
  endfacet
  facet normal 0.364214 0.607612 0.705801
    outer loop
      vertex -12.9486 -22.6984 1
      vertex -14.5323 -21.7491 1
      vertex -16.1949 -24.2373 4
    endloop
  endfacet
  facet normal 0.989177 0.14673 0
    outer loop
      vertex 32.6421 3.21496 8
      vertex 32.1698 6.39896 0
      vertex 32.1698 6.39896 8
    endloop
  endfacet
  facet normal 0.989177 0.14673 0
    outer loop
      vertex 32.1698 6.39896 0
      vertex 32.6421 3.21496 8
      vertex 32.6421 3.21496 0
    endloop
  endfacet
  facet normal 0.998796 0.049055 0
    outer loop
      vertex 32.8 0 8
      vertex 32.6421 3.21496 0
      vertex 32.6421 3.21496 8
    endloop
  endfacet
  facet normal 0.998796 0.049055 0
    outer loop
      vertex 32.6421 3.21496 0
      vertex 32.8 0 8
      vertex 32.8 0 0
    endloop
  endfacet
  facet normal 0.970025 0.243005 0
    outer loop
      vertex 32.1698 6.39896 8
      vertex 31.3876 9.52134 0
      vertex 31.3876 9.52134 8
    endloop
  endfacet
  facet normal 0.970025 0.243005 0
    outer loop
      vertex 31.3876 9.52134 0
      vertex 32.1698 6.39896 8
      vertex 32.1698 6.39896 0
    endloop
  endfacet
  facet normal -0.336893 -0.941543 0
    outer loop
      vertex -12.552 -30.3032 0
      vertex -9.52134 -31.3876 8
      vertex -12.552 -30.3032 8
    endloop
  endfacet
  facet normal -0.336893 -0.941543 -0
    outer loop
      vertex -9.52134 -31.3876 8
      vertex -12.552 -30.3032 0
      vertex -9.52134 -31.3876 0
    endloop
  endfacet
  facet normal 0.514098 0.857731 -0
    outer loop
      vertex 18.2227 27.2722 0
      vertex 15.4618 28.927 8
      vertex 18.2227 27.2722 8
    endloop
  endfacet
  facet normal 0.514098 0.857731 0
    outer loop
      vertex 15.4618 28.927 8
      vertex 18.2227 27.2722 0
      vertex 15.4618 28.927 0
    endloop
  endfacet
  facet normal -0.14673 0.989177 0
    outer loop
      vertex -3.21496 32.6421 0
      vertex -6.39896 32.1698 8
      vertex -3.21496 32.6421 8
    endloop
  endfacet
  facet normal -0.14673 0.989177 0
    outer loop
      vertex -6.39896 32.1698 8
      vertex -3.21496 32.6421 0
      vertex -6.39896 32.1698 0
    endloop
  endfacet
  facet normal 0.941543 0.336893 0
    outer loop
      vertex 31.3876 9.52134 8
      vertex 30.3032 12.552 0
      vertex 30.3032 12.552 8
    endloop
  endfacet
  facet normal 0.941543 0.336893 0
    outer loop
      vertex 30.3032 12.552 0
      vertex 31.3876 9.52134 8
      vertex 31.3876 9.52134 0
    endloop
  endfacet
  facet normal 0.427547 0.903993 -0
    outer loop
      vertex 15.4618 28.927 0
      vertex 12.552 30.3032 8
      vertex 15.4618 28.927 8
    endloop
  endfacet
  facet normal 0.427547 0.903993 0
    outer loop
      vertex 12.552 30.3032 8
      vertex 15.4618 28.927 0
      vertex 12.552 30.3032 0
    endloop
  endfacet
  facet normal -0.671552 0.740957 0
    outer loop
      vertex -20.8081 25.3547 0
      vertex -23.1931 23.1931 8
      vertex -20.8081 25.3547 8
    endloop
  endfacet
  facet normal -0.671552 0.740957 0
    outer loop
      vertex -23.1931 23.1931 8
      vertex -20.8081 25.3547 0
      vertex -23.1931 23.1931 0
    endloop
  endfacet
  facet normal -0.740957 0.671552 0
    outer loop
      vertex -25.3547 20.8081 0
      vertex -23.1931 23.1931 8
      vertex -23.1931 23.1931 0
    endloop
  endfacet
  facet normal -0.740957 0.671552 0
    outer loop
      vertex -23.1931 23.1931 8
      vertex -25.3547 20.8081 0
      vertex -25.3547 20.8081 8
    endloop
  endfacet
  facet normal -0.998796 -0.049055 0
    outer loop
      vertex -32.6421 -3.21496 0
      vertex -32.8 0 8
      vertex -32.8 0 0
    endloop
  endfacet
  facet normal -0.998796 -0.049055 0
    outer loop
      vertex -32.8 0 8
      vertex -32.6421 -3.21496 0
      vertex -32.6421 -3.21496 8
    endloop
  endfacet
  facet normal 0.998796 -0.049055 0
    outer loop
      vertex 32.6421 -3.21496 8
      vertex 32.8 0 0
      vertex 32.8 0 8
    endloop
  endfacet
  facet normal 0.998796 -0.049055 0
    outer loop
      vertex 32.8 0 0
      vertex 32.6421 -3.21496 8
      vertex 32.6421 -3.21496 0
    endloop
  endfacet
  facet normal -0.803202 -0.595707 0
    outer loop
      vertex -25.3547 -20.8081 0
      vertex -27.2722 -18.2227 8
      vertex -27.2722 -18.2227 0
    endloop
  endfacet
  facet normal -0.803202 -0.595707 0
    outer loop
      vertex -27.2722 -18.2227 8
      vertex -25.3547 -20.8081 0
      vertex -25.3547 -20.8081 8
    endloop
  endfacet
  facet normal -0.595707 0.803202 0
    outer loop
      vertex -18.2227 27.2722 0
      vertex -20.8081 25.3547 8
      vertex -18.2227 27.2722 8
    endloop
  endfacet
  facet normal -0.595707 0.803202 0
    outer loop
      vertex -20.8081 25.3547 8
      vertex -18.2227 27.2722 0
      vertex -20.8081 25.3547 0
    endloop
  endfacet
  facet normal 0.595707 0.803202 -0
    outer loop
      vertex 20.8081 25.3547 0
      vertex 18.2227 27.2722 8
      vertex 20.8081 25.3547 8
    endloop
  endfacet
  facet normal 0.595707 0.803202 0
    outer loop
      vertex 18.2227 27.2722 8
      vertex 20.8081 25.3547 0
      vertex 18.2227 27.2722 0
    endloop
  endfacet
  facet normal -0.941543 0.336893 0
    outer loop
      vertex -31.3876 9.52134 0
      vertex -30.3032 12.552 8
      vertex -30.3032 12.552 0
    endloop
  endfacet
  facet normal -0.941543 0.336893 0
    outer loop
      vertex -30.3032 12.552 8
      vertex -31.3876 9.52134 0
      vertex -31.3876 9.52134 8
    endloop
  endfacet
  facet normal 0.989177 -0.14673 0
    outer loop
      vertex 32.1698 -6.39896 8
      vertex 32.6421 -3.21496 0
      vertex 32.6421 -3.21496 8
    endloop
  endfacet
  facet normal 0.989177 -0.14673 0
    outer loop
      vertex 32.6421 -3.21496 0
      vertex 32.1698 -6.39896 8
      vertex 32.1698 -6.39896 0
    endloop
  endfacet
  facet normal -0.803202 0.595707 0
    outer loop
      vertex -27.2722 18.2227 0
      vertex -25.3547 20.8081 8
      vertex -25.3547 20.8081 0
    endloop
  endfacet
  facet normal -0.803202 0.595707 0
    outer loop
      vertex -25.3547 20.8081 8
      vertex -27.2722 18.2227 0
      vertex -27.2722 18.2227 8
    endloop
  endfacet
  facet normal -0.243005 0.970025 0
    outer loop
      vertex -6.39896 32.1698 0
      vertex -9.52134 31.3876 8
      vertex -6.39896 32.1698 8
    endloop
  endfacet
  facet normal -0.243005 0.970025 0
    outer loop
      vertex -9.52134 31.3876 8
      vertex -6.39896 32.1698 0
      vertex -9.52134 31.3876 0
    endloop
  endfacet
  facet normal -0.243005 -0.970025 0
    outer loop
      vertex -9.52134 -31.3876 0
      vertex -6.39896 -32.1698 8
      vertex -9.52134 -31.3876 8
    endloop
  endfacet
  facet normal -0.243005 -0.970025 -0
    outer loop
      vertex -6.39896 -32.1698 8
      vertex -9.52134 -31.3876 0
      vertex -6.39896 -32.1698 0
    endloop
  endfacet
  facet normal -0.903993 -0.427547 0
    outer loop
      vertex -28.927 -15.4618 0
      vertex -30.3032 -12.552 8
      vertex -30.3032 -12.552 0
    endloop
  endfacet
  facet normal -0.903993 -0.427547 0
    outer loop
      vertex -30.3032 -12.552 8
      vertex -28.927 -15.4618 0
      vertex -28.927 -15.4618 8
    endloop
  endfacet
  facet normal -0.049055 0.998796 0
    outer loop
      vertex 0 32.8 0
      vertex -3.21496 32.6421 8
      vertex 0 32.8 8
    endloop
  endfacet
  facet normal -0.049055 0.998796 0
    outer loop
      vertex -3.21496 32.6421 8
      vertex 0 32.8 0
      vertex -3.21496 32.6421 0
    endloop
  endfacet
  facet normal 0.049055 -0.998796 0
    outer loop
      vertex 0 -32.8 0
      vertex 3.21496 -32.6421 8
      vertex 0 -32.8 8
    endloop
  endfacet
  facet normal 0.049055 -0.998796 0
    outer loop
      vertex 3.21496 -32.6421 8
      vertex 0 -32.8 0
      vertex 3.21496 -32.6421 0
    endloop
  endfacet
  facet normal 0.740957 -0.671552 0
    outer loop
      vertex 23.1931 -23.1931 8
      vertex 25.3547 -20.8081 0
      vertex 25.3547 -20.8081 8
    endloop
  endfacet
  facet normal 0.740957 -0.671552 0
    outer loop
      vertex 25.3547 -20.8081 0
      vertex 23.1931 -23.1931 8
      vertex 23.1931 -23.1931 0
    endloop
  endfacet
  facet normal -0.970025 -0.243005 0
    outer loop
      vertex -31.3876 -9.52134 0
      vertex -32.1698 -6.39896 8
      vertex -32.1698 -6.39896 0
    endloop
  endfacet
  facet normal -0.970025 -0.243005 0
    outer loop
      vertex -32.1698 -6.39896 8
      vertex -31.3876 -9.52134 0
      vertex -31.3876 -9.52134 8
    endloop
  endfacet
  facet normal -0.336893 0.941543 0
    outer loop
      vertex -9.52134 31.3876 0
      vertex -12.552 30.3032 8
      vertex -9.52134 31.3876 8
    endloop
  endfacet
  facet normal -0.336893 0.941543 0
    outer loop
      vertex -12.552 30.3032 8
      vertex -9.52134 31.3876 0
      vertex -12.552 30.3032 0
    endloop
  endfacet
  facet normal 0.970025 -0.243005 0
    outer loop
      vertex 31.3876 -9.52134 8
      vertex 32.1698 -6.39896 0
      vertex 32.1698 -6.39896 8
    endloop
  endfacet
  facet normal 0.970025 -0.243005 0
    outer loop
      vertex 32.1698 -6.39896 0
      vertex 31.3876 -9.52134 8
      vertex 31.3876 -9.52134 0
    endloop
  endfacet
  facet normal -0.998796 0.049055 0
    outer loop
      vertex -32.8 0 0
      vertex -32.6421 3.21496 8
      vertex -32.6421 3.21496 0
    endloop
  endfacet
  facet normal -0.998796 0.049055 0
    outer loop
      vertex -32.6421 3.21496 8
      vertex -32.8 0 0
      vertex -32.8 0 8
    endloop
  endfacet
  facet normal 0.671552 -0.740957 0
    outer loop
      vertex 20.8081 -25.3547 0
      vertex 23.1931 -23.1931 8
      vertex 20.8081 -25.3547 8
    endloop
  endfacet
  facet normal 0.671552 -0.740957 0
    outer loop
      vertex 23.1931 -23.1931 8
      vertex 20.8081 -25.3547 0
      vertex 23.1931 -23.1931 0
    endloop
  endfacet
  facet normal 0.14673 -0.989177 0
    outer loop
      vertex 3.21496 -32.6421 0
      vertex 6.39896 -32.1698 8
      vertex 3.21496 -32.6421 8
    endloop
  endfacet
  facet normal 0.14673 -0.989177 0
    outer loop
      vertex 6.39896 -32.1698 8
      vertex 3.21496 -32.6421 0
      vertex 6.39896 -32.1698 0
    endloop
  endfacet
  facet normal 0.427547 -0.903993 0
    outer loop
      vertex 12.552 -30.3032 0
      vertex 15.4618 -28.927 8
      vertex 12.552 -30.3032 8
    endloop
  endfacet
  facet normal 0.427547 -0.903993 0
    outer loop
      vertex 15.4618 -28.927 8
      vertex 12.552 -30.3032 0
      vertex 15.4618 -28.927 0
    endloop
  endfacet
  facet normal 0.803202 0.595707 0
    outer loop
      vertex 27.2722 18.2227 8
      vertex 25.3547 20.8081 0
      vertex 25.3547 20.8081 8
    endloop
  endfacet
  facet normal 0.803202 0.595707 0
    outer loop
      vertex 25.3547 20.8081 0
      vertex 27.2722 18.2227 8
      vertex 27.2722 18.2227 0
    endloop
  endfacet
  facet normal 0.336893 -0.941543 0
    outer loop
      vertex 9.52134 -31.3876 0
      vertex 12.552 -30.3032 8
      vertex 9.52134 -31.3876 8
    endloop
  endfacet
  facet normal 0.336893 -0.941543 0
    outer loop
      vertex 12.552 -30.3032 8
      vertex 9.52134 -31.3876 0
      vertex 12.552 -30.3032 0
    endloop
  endfacet
  facet normal 0.049055 0.998796 -0
    outer loop
      vertex 3.21496 32.6421 0
      vertex 0 32.8 8
      vertex 3.21496 32.6421 8
    endloop
  endfacet
  facet normal 0.049055 0.998796 0
    outer loop
      vertex 0 32.8 8
      vertex 3.21496 32.6421 0
      vertex 0 32.8 0
    endloop
  endfacet
  facet normal -0.941543 -0.336893 0
    outer loop
      vertex -30.3032 -12.552 0
      vertex -31.3876 -9.52134 8
      vertex -31.3876 -9.52134 0
    endloop
  endfacet
  facet normal -0.941543 -0.336893 0
    outer loop
      vertex -31.3876 -9.52134 8
      vertex -30.3032 -12.552 0
      vertex -30.3032 -12.552 8
    endloop
  endfacet
  facet normal 0.671552 0.740957 -0
    outer loop
      vertex 23.1931 23.1931 0
      vertex 20.8081 25.3547 8
      vertex 23.1931 23.1931 8
    endloop
  endfacet
  facet normal 0.671552 0.740957 0
    outer loop
      vertex 20.8081 25.3547 8
      vertex 23.1931 23.1931 0
      vertex 20.8081 25.3547 0
    endloop
  endfacet
  facet normal 0.903993 0.427547 0
    outer loop
      vertex 30.3032 12.552 8
      vertex 28.927 15.4618 0
      vertex 28.927 15.4618 8
    endloop
  endfacet
  facet normal 0.903993 0.427547 0
    outer loop
      vertex 28.927 15.4618 0
      vertex 30.3032 12.552 8
      vertex 30.3032 12.552 0
    endloop
  endfacet
  facet normal 0.857731 -0.514098 0
    outer loop
      vertex 27.2722 -18.2227 8
      vertex 28.927 -15.4618 0
      vertex 28.927 -15.4618 8
    endloop
  endfacet
  facet normal 0.857731 -0.514098 0
    outer loop
      vertex 28.927 -15.4618 0
      vertex 27.2722 -18.2227 8
      vertex 27.2722 -18.2227 0
    endloop
  endfacet
  facet normal 0.336893 0.941543 -0
    outer loop
      vertex 12.552 30.3032 0
      vertex 9.52134 31.3876 8
      vertex 12.552 30.3032 8
    endloop
  endfacet
  facet normal 0.336893 0.941543 0
    outer loop
      vertex 9.52134 31.3876 8
      vertex 12.552 30.3032 0
      vertex 9.52134 31.3876 0
    endloop
  endfacet
  facet normal -0.740957 -0.671552 0
    outer loop
      vertex -23.1931 -23.1931 0
      vertex -25.3547 -20.8081 8
      vertex -25.3547 -20.8081 0
    endloop
  endfacet
  facet normal -0.740957 -0.671552 0
    outer loop
      vertex -25.3547 -20.8081 8
      vertex -23.1931 -23.1931 0
      vertex -23.1931 -23.1931 8
    endloop
  endfacet
  facet normal -0.970025 0.243005 0
    outer loop
      vertex -32.1698 6.39896 0
      vertex -31.3876 9.52134 8
      vertex -31.3876 9.52134 0
    endloop
  endfacet
  facet normal -0.970025 0.243005 0
    outer loop
      vertex -31.3876 9.52134 8
      vertex -32.1698 6.39896 0
      vertex -32.1698 6.39896 8
    endloop
  endfacet
  facet normal 0.857731 0.514098 0
    outer loop
      vertex 28.927 15.4618 8
      vertex 27.2722 18.2227 0
      vertex 27.2722 18.2227 8
    endloop
  endfacet
  facet normal 0.857731 0.514098 0
    outer loop
      vertex 27.2722 18.2227 0
      vertex 28.927 15.4618 8
      vertex 28.927 15.4618 0
    endloop
  endfacet
  facet normal -0.903993 0.427547 0
    outer loop
      vertex -30.3032 12.552 0
      vertex -28.927 15.4618 8
      vertex -28.927 15.4618 0
    endloop
  endfacet
  facet normal -0.903993 0.427547 0
    outer loop
      vertex -28.927 15.4618 8
      vertex -30.3032 12.552 0
      vertex -30.3032 12.552 8
    endloop
  endfacet
  facet normal 0.514098 -0.857731 0
    outer loop
      vertex 15.4618 -28.927 0
      vertex 18.2227 -27.2722 8
      vertex 15.4618 -28.927 8
    endloop
  endfacet
  facet normal 0.514098 -0.857731 0
    outer loop
      vertex 18.2227 -27.2722 8
      vertex 15.4618 -28.927 0
      vertex 18.2227 -27.2722 0
    endloop
  endfacet
  facet normal -0.857731 -0.514098 0
    outer loop
      vertex -27.2722 -18.2227 0
      vertex -28.927 -15.4618 8
      vertex -28.927 -15.4618 0
    endloop
  endfacet
  facet normal -0.857731 -0.514098 0
    outer loop
      vertex -28.927 -15.4618 8
      vertex -27.2722 -18.2227 0
      vertex -27.2722 -18.2227 8
    endloop
  endfacet
  facet normal 0.903993 -0.427547 0
    outer loop
      vertex 28.927 -15.4618 8
      vertex 30.3032 -12.552 0
      vertex 30.3032 -12.552 8
    endloop
  endfacet
  facet normal 0.903993 -0.427547 0
    outer loop
      vertex 30.3032 -12.552 0
      vertex 28.927 -15.4618 8
      vertex 28.927 -15.4618 0
    endloop
  endfacet
  facet normal -0.857731 0.514098 0
    outer loop
      vertex -28.927 15.4618 0
      vertex -27.2722 18.2227 8
      vertex -27.2722 18.2227 0
    endloop
  endfacet
  facet normal -0.857731 0.514098 0
    outer loop
      vertex -27.2722 18.2227 8
      vertex -28.927 15.4618 0
      vertex -28.927 15.4618 8
    endloop
  endfacet
  facet normal -0.671552 -0.740957 0
    outer loop
      vertex -23.1931 -23.1931 0
      vertex -20.8081 -25.3547 8
      vertex -23.1931 -23.1931 8
    endloop
  endfacet
  facet normal -0.671552 -0.740957 -0
    outer loop
      vertex -20.8081 -25.3547 8
      vertex -23.1931 -23.1931 0
      vertex -20.8081 -25.3547 0
    endloop
  endfacet
  facet normal 0.803202 -0.595707 0
    outer loop
      vertex 25.3547 -20.8081 8
      vertex 27.2722 -18.2227 0
      vertex 27.2722 -18.2227 8
    endloop
  endfacet
  facet normal 0.803202 -0.595707 0
    outer loop
      vertex 27.2722 -18.2227 0
      vertex 25.3547 -20.8081 8
      vertex 25.3547 -20.8081 0
    endloop
  endfacet
  facet normal -0.049055 -0.998796 0
    outer loop
      vertex -3.21496 -32.6421 0
      vertex 0 -32.8 8
      vertex -3.21496 -32.6421 8
    endloop
  endfacet
  facet normal -0.049055 -0.998796 -0
    outer loop
      vertex 0 -32.8 8
      vertex -3.21496 -32.6421 0
      vertex 0 -32.8 0
    endloop
  endfacet
  facet normal 0 0 -1
    outer loop
      vertex 27.8 0 0
      vertex 32.8 0 0
      vertex 32.6421 -3.21496 0
    endloop
  endfacet
  facet normal 0 0 -1
    outer loop
      vertex 27.6661 -2.72488 0
      vertex 32.6421 -3.21496 0
      vertex 32.1698 -6.39896 0
    endloop
  endfacet
  facet normal 0 0 -1
    outer loop
      vertex 32.8 0 0
      vertex 27.8 0 0
      vertex 32.6421 3.21496 0
    endloop
  endfacet
  facet normal 0 0 -1
    outer loop
      vertex 27.2658 -5.42351 0
      vertex 32.1698 -6.39896 0
      vertex 31.3876 -9.52134 0
    endloop
  endfacet
  facet normal 0 0 -1
    outer loop
      vertex 27.6661 2.72488 0
      vertex 32.6421 3.21496 0
      vertex 27.8 0 0
    endloop
  endfacet
  facet normal 0 0 -1
    outer loop
      vertex 26.6029 -8.06991 0
      vertex 31.3876 -9.52134 0
      vertex 30.3032 -12.552 0
    endloop
  endfacet
  facet normal -0 0 -1
    outer loop
      vertex 32.6421 3.21496 0
      vertex 27.6661 2.72488 0
      vertex 32.1698 6.39896 0
    endloop
  endfacet
  facet normal 0 0 -1
    outer loop
      vertex 25.6838 -10.6386 0
      vertex 30.3032 -12.552 0
      vertex 28.927 -15.4618 0
    endloop
  endfacet
  facet normal 0 0 -1
    outer loop
      vertex 27.2658 5.42351 0
      vertex 32.1698 6.39896 0
      vertex 27.6661 2.72488 0
    endloop
  endfacet
  facet normal -0 0 -1
    outer loop
      vertex 32.1698 6.39896 0
      vertex 27.2658 5.42351 0
      vertex 31.3876 9.52134 0
    endloop
  endfacet
  facet normal 0 0 -1
    outer loop
      vertex 32.6421 -3.21496 0
      vertex 27.6661 -2.72488 0
      vertex 27.8 0 0
    endloop
  endfacet
  facet normal 0 0 -1
    outer loop
      vertex 24.5174 -13.1048 0
      vertex 28.927 -15.4618 0
      vertex 27.2722 -18.2227 0
    endloop
  endfacet
  facet normal 0 0 -1
    outer loop
      vertex 32.1698 -6.39896 0
      vertex 27.2658 -5.42351 0
      vertex 27.6661 -2.72488 0
    endloop
  endfacet
  facet normal 0 0 -1
    outer loop
      vertex 31.3876 -9.52134 0
      vertex 26.6029 -8.06991 0
      vertex 27.2658 -5.42351 0
    endloop
  endfacet
  facet normal 0 0 -1
    outer loop
      vertex 30.3032 -12.552 0
      vertex 25.6838 -10.6386 0
      vertex 26.6029 -8.06991 0
    endloop
  endfacet
  facet normal 0 0 -1
    outer loop
      vertex 23.1149 -15.4449 0
      vertex 27.2722 -18.2227 0
      vertex 25.3547 -20.8081 0
    endloop
  endfacet
  facet normal 0 0 -1
    outer loop
      vertex 28.927 -15.4618 0
      vertex 24.5174 -13.1048 0
      vertex 25.6838 -10.6386 0
    endloop
  endfacet
  facet normal 0 0 -1
    outer loop
      vertex 21.4897 -17.6361 0
      vertex 25.3547 -20.8081 0
      vertex 23.1931 -23.1931 0
    endloop
  endfacet
  facet normal 0 0 -1
    outer loop
      vertex 27.2722 -18.2227 0
      vertex 23.1149 -15.4449 0
      vertex 24.5174 -13.1048 0
    endloop
  endfacet
  facet normal 0 0 -1
    outer loop
      vertex 25.3547 -20.8081 0
      vertex 21.4897 -17.6361 0
      vertex 23.1149 -15.4449 0
    endloop
  endfacet
  facet normal 0 0 -1
    outer loop
      vertex 19.6576 -19.6576 0
      vertex 23.1931 -23.1931 0
      vertex 20.8081 -25.3547 0
    endloop
  endfacet
  facet normal 0 0 -1
    outer loop
      vertex 23.1931 -23.1931 0
      vertex 19.6576 -19.6576 0
      vertex 21.4897 -17.6361 0
    endloop
  endfacet
  facet normal 0 0 -1
    outer loop
      vertex 17.6361 -21.4897 0
      vertex 20.8081 -25.3547 0
      vertex 18.2227 -27.2722 0
    endloop
  endfacet
  facet normal 0 0 -1
    outer loop
      vertex 20.8081 -25.3547 0
      vertex 17.6361 -21.4897 0
      vertex 19.6576 -19.6576 0
    endloop
  endfacet
  facet normal 0 0 -1
    outer loop
      vertex 15.4449 -23.1149 0
      vertex 18.2227 -27.2722 0
      vertex 15.4618 -28.927 0
    endloop
  endfacet
  facet normal 0 0 -1
    outer loop
      vertex 18.2227 -27.2722 0
      vertex 15.4449 -23.1149 0
      vertex 17.6361 -21.4897 0
    endloop
  endfacet
  facet normal 0 0 -1
    outer loop
      vertex 15.4618 -28.927 0
      vertex 13.1048 -24.5174 0
      vertex 15.4449 -23.1149 0
    endloop
  endfacet
  facet normal 0 0 -1
    outer loop
      vertex 12.552 -30.3032 0
      vertex 13.1048 -24.5174 0
      vertex 15.4618 -28.927 0
    endloop
  endfacet
  facet normal 0 0 -1
    outer loop
      vertex 12.552 -30.3032 0
      vertex 10.6386 -25.6838 0
      vertex 13.1048 -24.5174 0
    endloop
  endfacet
  facet normal 0 0 -1
    outer loop
      vertex 9.52134 -31.3876 0
      vertex 10.6386 -25.6838 0
      vertex 12.552 -30.3032 0
    endloop
  endfacet
  facet normal 0 0 -1
    outer loop
      vertex 9.52134 -31.3876 0
      vertex 8.06991 -26.6029 0
      vertex 10.6386 -25.6838 0
    endloop
  endfacet
  facet normal 0 0 -1
    outer loop
      vertex 6.39896 -32.1698 0
      vertex 8.06991 -26.6029 0
      vertex 9.52134 -31.3876 0
    endloop
  endfacet
  facet normal 0 0 -1
    outer loop
      vertex 6.39896 -32.1698 0
      vertex 5.42351 -27.2658 0
      vertex 8.06991 -26.6029 0
    endloop
  endfacet
  facet normal 0 0 -1
    outer loop
      vertex 3.21496 -32.6421 0
      vertex 5.42351 -27.2658 0
      vertex 6.39896 -32.1698 0
    endloop
  endfacet
  facet normal 0 0 -1
    outer loop
      vertex 3.21496 -32.6421 0
      vertex 2.72488 -27.6661 0
      vertex 5.42351 -27.2658 0
    endloop
  endfacet
  facet normal 0 0 -1
    outer loop
      vertex 0 -32.8 0
      vertex 2.72488 -27.6661 0
      vertex 3.21496 -32.6421 0
    endloop
  endfacet
  facet normal 0 0 -1
    outer loop
      vertex 0 -32.8 0
      vertex 0 -27.8 0
      vertex 2.72488 -27.6661 0
    endloop
  endfacet
  facet normal 0 0 -1
    outer loop
      vertex 0 -32.8 0
      vertex -2.72488 -27.6661 0
      vertex 0 -27.8 0
    endloop
  endfacet
  facet normal 0 0 -1
    outer loop
      vertex -3.21496 -32.6421 0
      vertex -2.72488 -27.6661 0
      vertex 0 -32.8 0
    endloop
  endfacet
  facet normal 0 0 -1
    outer loop
      vertex -3.21496 -32.6421 0
      vertex -5.42351 -27.2658 0
      vertex -2.72488 -27.6661 0
    endloop
  endfacet
  facet normal 0 0 -1
    outer loop
      vertex -6.39896 -32.1698 0
      vertex -5.42351 -27.2658 0
      vertex -3.21496 -32.6421 0
    endloop
  endfacet
  facet normal 0 0 -1
    outer loop
      vertex -6.39896 -32.1698 0
      vertex -8.06991 -26.6029 0
      vertex -5.42351 -27.2658 0
    endloop
  endfacet
  facet normal 0 0 -1
    outer loop
      vertex -9.52134 -31.3876 0
      vertex -8.06991 -26.6029 0
      vertex -6.39896 -32.1698 0
    endloop
  endfacet
  facet normal 0 0 -1
    outer loop
      vertex -9.52134 -31.3876 0
      vertex -10.6386 -25.6838 0
      vertex -8.06991 -26.6029 0
    endloop
  endfacet
  facet normal 0 0 -1
    outer loop
      vertex -12.552 -30.3032 0
      vertex -10.6386 -25.6838 0
      vertex -9.52134 -31.3876 0
    endloop
  endfacet
  facet normal 0 0 -1
    outer loop
      vertex -12.552 -30.3032 0
      vertex -13.1048 -24.5174 0
      vertex -10.6386 -25.6838 0
    endloop
  endfacet
  facet normal 0 0 -1
    outer loop
      vertex -15.4618 -28.927 0
      vertex -13.1048 -24.5174 0
      vertex -12.552 -30.3032 0
    endloop
  endfacet
  facet normal -0 0 -1
    outer loop
      vertex -13.1048 -24.5174 0
      vertex -15.4618 -28.927 0
      vertex -15.4449 -23.1149 0
    endloop
  endfacet
  facet normal 0 0 -1
    outer loop
      vertex -18.2227 -27.2722 0
      vertex -15.4449 -23.1149 0
      vertex -15.4618 -28.927 0
    endloop
  endfacet
  facet normal -0 0 -1
    outer loop
      vertex -15.4449 -23.1149 0
      vertex -18.2227 -27.2722 0
      vertex -17.6361 -21.4897 0
    endloop
  endfacet
  facet normal 0 0 -1
    outer loop
      vertex -20.8081 -25.3547 0
      vertex -17.6361 -21.4897 0
      vertex -18.2227 -27.2722 0
    endloop
  endfacet
  facet normal -0 0 -1
    outer loop
      vertex -17.6361 -21.4897 0
      vertex -20.8081 -25.3547 0
      vertex -19.6576 -19.6576 0
    endloop
  endfacet
  facet normal 0 0 -1
    outer loop
      vertex -23.1931 -23.1931 0
      vertex -19.6576 -19.6576 0
      vertex -20.8081 -25.3547 0
    endloop
  endfacet
  facet normal -0 0 -1
    outer loop
      vertex -19.6576 -19.6576 0
      vertex -23.1931 -23.1931 0
      vertex -21.4897 -17.6361 0
    endloop
  endfacet
  facet normal 0 0 -1
    outer loop
      vertex -25.3547 -20.8081 0
      vertex -21.4897 -17.6361 0
      vertex -23.1931 -23.1931 0
    endloop
  endfacet
  facet normal -0 0 -1
    outer loop
      vertex -21.4897 -17.6361 0
      vertex -25.3547 -20.8081 0
      vertex -23.1149 -15.4449 0
    endloop
  endfacet
  facet normal 0 0 -1
    outer loop
      vertex -27.2722 -18.2227 0
      vertex -23.1149 -15.4449 0
      vertex -25.3547 -20.8081 0
    endloop
  endfacet
  facet normal -0 0 -1
    outer loop
      vertex -23.1149 -15.4449 0
      vertex -27.2722 -18.2227 0
      vertex -24.5174 -13.1048 0
    endloop
  endfacet
  facet normal 0 0 -1
    outer loop
      vertex -28.927 -15.4618 0
      vertex -24.5174 -13.1048 0
      vertex -27.2722 -18.2227 0
    endloop
  endfacet
  facet normal -0 0 -1
    outer loop
      vertex -24.5174 -13.1048 0
      vertex -28.927 -15.4618 0
      vertex -25.6838 -10.6386 0
    endloop
  endfacet
  facet normal 0 0 -1
    outer loop
      vertex -30.3032 -12.552 0
      vertex -25.6838 -10.6386 0
      vertex -28.927 -15.4618 0
    endloop
  endfacet
  facet normal -0 0 -1
    outer loop
      vertex -25.6838 -10.6386 0
      vertex -30.3032 -12.552 0
      vertex -26.6029 -8.06991 0
    endloop
  endfacet
  facet normal 0 0 -1
    outer loop
      vertex -31.3876 -9.52134 0
      vertex -26.6029 -8.06991 0
      vertex -30.3032 -12.552 0
    endloop
  endfacet
  facet normal -0 0 -1
    outer loop
      vertex -26.6029 -8.06991 0
      vertex -31.3876 -9.52134 0
      vertex -27.2658 -5.42351 0
    endloop
  endfacet
  facet normal 0 0 -1
    outer loop
      vertex 26.6029 8.06991 0
      vertex 31.3876 9.52134 0
      vertex 27.2658 5.42351 0
    endloop
  endfacet
  facet normal -0 0 -1
    outer loop
      vertex 31.3876 9.52134 0
      vertex 26.6029 8.06991 0
      vertex 30.3032 12.552 0
    endloop
  endfacet
  facet normal 0 0 -1
    outer loop
      vertex 25.6838 10.6386 0
      vertex 30.3032 12.552 0
      vertex 26.6029 8.06991 0
    endloop
  endfacet
  facet normal -0 0 -1
    outer loop
      vertex 30.3032 12.552 0
      vertex 25.6838 10.6386 0
      vertex 28.927 15.4618 0
    endloop
  endfacet
  facet normal 0 0 -1
    outer loop
      vertex 24.5174 13.1048 0
      vertex 28.927 15.4618 0
      vertex 25.6838 10.6386 0
    endloop
  endfacet
  facet normal -0 0 -1
    outer loop
      vertex 28.927 15.4618 0
      vertex 24.5174 13.1048 0
      vertex 27.2722 18.2227 0
    endloop
  endfacet
  facet normal 0 0 -1
    outer loop
      vertex 23.1149 15.4449 0
      vertex 27.2722 18.2227 0
      vertex 24.5174 13.1048 0
    endloop
  endfacet
  facet normal -0 0 -1
    outer loop
      vertex 27.2722 18.2227 0
      vertex 23.1149 15.4449 0
      vertex 25.3547 20.8081 0
    endloop
  endfacet
  facet normal 0 0 -1
    outer loop
      vertex 21.4897 17.6361 0
      vertex 25.3547 20.8081 0
      vertex 23.1149 15.4449 0
    endloop
  endfacet
  facet normal -0 0 -1
    outer loop
      vertex 25.3547 20.8081 0
      vertex 21.4897 17.6361 0
      vertex 23.1931 23.1931 0
    endloop
  endfacet
  facet normal 0 0 -1
    outer loop
      vertex 19.6576 19.6576 0
      vertex 23.1931 23.1931 0
      vertex 21.4897 17.6361 0
    endloop
  endfacet
  facet normal -0 0 -1
    outer loop
      vertex 23.1931 23.1931 0
      vertex 19.6576 19.6576 0
      vertex 20.8081 25.3547 0
    endloop
  endfacet
  facet normal 0 0 -1
    outer loop
      vertex 17.6361 21.4897 0
      vertex 20.8081 25.3547 0
      vertex 19.6576 19.6576 0
    endloop
  endfacet
  facet normal -0 0 -1
    outer loop
      vertex 20.8081 25.3547 0
      vertex 17.6361 21.4897 0
      vertex 18.2227 27.2722 0
    endloop
  endfacet
  facet normal 0 0 -1
    outer loop
      vertex 15.4449 23.1149 0
      vertex 18.2227 27.2722 0
      vertex 17.6361 21.4897 0
    endloop
  endfacet
  facet normal -0 0 -1
    outer loop
      vertex 18.2227 27.2722 0
      vertex 15.4449 23.1149 0
      vertex 15.4618 28.927 0
    endloop
  endfacet
  facet normal 0 0 -1
    outer loop
      vertex 13.1048 24.5174 0
      vertex 15.4618 28.927 0
      vertex 15.4449 23.1149 0
    endloop
  endfacet
  facet normal 0 0 -1
    outer loop
      vertex 13.1048 24.5174 0
      vertex 12.552 30.3032 0
      vertex 15.4618 28.927 0
    endloop
  endfacet
  facet normal 0 0 -1
    outer loop
      vertex 10.6386 25.6838 0
      vertex 12.552 30.3032 0
      vertex 13.1048 24.5174 0
    endloop
  endfacet
  facet normal 0 0 -1
    outer loop
      vertex 10.6386 25.6838 0
      vertex 9.52134 31.3876 0
      vertex 12.552 30.3032 0
    endloop
  endfacet
  facet normal 0 0 -1
    outer loop
      vertex 8.06991 26.6029 0
      vertex 9.52134 31.3876 0
      vertex 10.6386 25.6838 0
    endloop
  endfacet
  facet normal 0 0 -1
    outer loop
      vertex 8.06991 26.6029 0
      vertex 6.39896 32.1698 0
      vertex 9.52134 31.3876 0
    endloop
  endfacet
  facet normal 0 0 -1
    outer loop
      vertex 5.42351 27.2658 0
      vertex 6.39896 32.1698 0
      vertex 8.06991 26.6029 0
    endloop
  endfacet
  facet normal 0 0 -1
    outer loop
      vertex 5.42351 27.2658 0
      vertex 3.21496 32.6421 0
      vertex 6.39896 32.1698 0
    endloop
  endfacet
  facet normal 0 0 -1
    outer loop
      vertex 2.72488 27.6661 0
      vertex 3.21496 32.6421 0
      vertex 5.42351 27.2658 0
    endloop
  endfacet
  facet normal 0 0 -1
    outer loop
      vertex 0 27.8 0
      vertex 3.21496 32.6421 0
      vertex 2.72488 27.6661 0
    endloop
  endfacet
  facet normal 0 0 -1
    outer loop
      vertex 0 27.8 0
      vertex 0 32.8 0
      vertex 3.21496 32.6421 0
    endloop
  endfacet
  facet normal 0 0 -1
    outer loop
      vertex -2.72488 27.6661 0
      vertex 0 32.8 0
      vertex 0 27.8 0
    endloop
  endfacet
  facet normal 0 0 -1
    outer loop
      vertex -2.72488 27.6661 0
      vertex -3.21496 32.6421 0
      vertex 0 32.8 0
    endloop
  endfacet
  facet normal 0 0 -1
    outer loop
      vertex -5.42351 27.2658 0
      vertex -3.21496 32.6421 0
      vertex -2.72488 27.6661 0
    endloop
  endfacet
  facet normal 0 0 -1
    outer loop
      vertex -5.42351 27.2658 0
      vertex -6.39896 32.1698 0
      vertex -3.21496 32.6421 0
    endloop
  endfacet
  facet normal 0 0 -1
    outer loop
      vertex -8.06991 26.6029 0
      vertex -6.39896 32.1698 0
      vertex -5.42351 27.2658 0
    endloop
  endfacet
  facet normal 0 0 -1
    outer loop
      vertex -8.06991 26.6029 0
      vertex -9.52134 31.3876 0
      vertex -6.39896 32.1698 0
    endloop
  endfacet
  facet normal 0 0 -1
    outer loop
      vertex -10.6386 25.6838 0
      vertex -9.52134 31.3876 0
      vertex -8.06991 26.6029 0
    endloop
  endfacet
  facet normal 0 0 -1
    outer loop
      vertex -10.6386 25.6838 0
      vertex -12.552 30.3032 0
      vertex -9.52134 31.3876 0
    endloop
  endfacet
  facet normal 0 0 -1
    outer loop
      vertex -13.1048 24.5174 0
      vertex -12.552 30.3032 0
      vertex -10.6386 25.6838 0
    endloop
  endfacet
  facet normal 0 0 -1
    outer loop
      vertex -15.4618 28.927 0
      vertex -13.1048 24.5174 0
      vertex -15.4449 23.1149 0
    endloop
  endfacet
  facet normal 0 0 -1
    outer loop
      vertex -13.1048 24.5174 0
      vertex -15.4618 28.927 0
      vertex -12.552 30.3032 0
    endloop
  endfacet
  facet normal 0 0 -1
    outer loop
      vertex -18.2227 27.2722 0
      vertex -15.4449 23.1149 0
      vertex -17.6361 21.4897 0
    endloop
  endfacet
  facet normal 0 0 -1
    outer loop
      vertex -15.4449 23.1149 0
      vertex -18.2227 27.2722 0
      vertex -15.4618 28.927 0
    endloop
  endfacet
  facet normal 0 0 -1
    outer loop
      vertex -20.8081 25.3547 0
      vertex -17.6361 21.4897 0
      vertex -19.6576 19.6576 0
    endloop
  endfacet
  facet normal 0 0 -1
    outer loop
      vertex -17.6361 21.4897 0
      vertex -20.8081 25.3547 0
      vertex -18.2227 27.2722 0
    endloop
  endfacet
  facet normal 0 0 -1
    outer loop
      vertex -23.1931 23.1931 0
      vertex -19.6576 19.6576 0
      vertex -21.4897 17.6361 0
    endloop
  endfacet
  facet normal 0 0 -1
    outer loop
      vertex -25.3547 20.8081 0
      vertex -21.4897 17.6361 0
      vertex -23.1149 15.4449 0
    endloop
  endfacet
  facet normal 0 0 -1
    outer loop
      vertex -19.6576 19.6576 0
      vertex -23.1931 23.1931 0
      vertex -20.8081 25.3547 0
    endloop
  endfacet
  facet normal 0 0 -1
    outer loop
      vertex -27.2722 18.2227 0
      vertex -23.1149 15.4449 0
      vertex -24.5174 13.1048 0
    endloop
  endfacet
  facet normal 0 0 -1
    outer loop
      vertex -21.4897 17.6361 0
      vertex -25.3547 20.8081 0
      vertex -23.1931 23.1931 0
    endloop
  endfacet
  facet normal 0 0 -1
    outer loop
      vertex -28.927 15.4618 0
      vertex -24.5174 13.1048 0
      vertex -25.6838 10.6386 0
    endloop
  endfacet
  facet normal 0 0 -1
    outer loop
      vertex -30.3032 12.552 0
      vertex -25.6838 10.6386 0
      vertex -26.6029 8.06991 0
    endloop
  endfacet
  facet normal 0 0 -1
    outer loop
      vertex -31.3876 9.52134 0
      vertex -26.6029 8.06991 0
      vertex -27.2658 5.42351 0
    endloop
  endfacet
  facet normal 0 0 -1
    outer loop
      vertex -23.1149 15.4449 0
      vertex -27.2722 18.2227 0
      vertex -25.3547 20.8081 0
    endloop
  endfacet
  facet normal 0 0 -1
    outer loop
      vertex -32.1698 6.39896 0
      vertex -27.2658 5.42351 0
      vertex -27.6661 2.72488 0
    endloop
  endfacet
  facet normal 0 0 -1
    outer loop
      vertex -32.6421 3.21496 0
      vertex -27.6661 2.72488 0
      vertex -27.8 0 0
    endloop
  endfacet
  facet normal 0 0 -1
    outer loop
      vertex -32.1698 -6.39896 0
      vertex -27.2658 -5.42351 0
      vertex -31.3876 -9.52134 0
    endloop
  endfacet
  facet normal 0 0 -1
    outer loop
      vertex -24.5174 13.1048 0
      vertex -28.927 15.4618 0
      vertex -27.2722 18.2227 0
    endloop
  endfacet
  facet normal -0 0 -1
    outer loop
      vertex -27.2658 -5.42351 0
      vertex -32.1698 -6.39896 0
      vertex -27.6661 -2.72488 0
    endloop
  endfacet
  facet normal 0 0 -1
    outer loop
      vertex -25.6838 10.6386 0
      vertex -30.3032 12.552 0
      vertex -28.927 15.4618 0
    endloop
  endfacet
  facet normal 0 0 -1
    outer loop
      vertex -32.6421 -3.21496 0
      vertex -27.6661 -2.72488 0
      vertex -32.1698 -6.39896 0
    endloop
  endfacet
  facet normal 0 0 -1
    outer loop
      vertex -26.6029 8.06991 0
      vertex -31.3876 9.52134 0
      vertex -30.3032 12.552 0
    endloop
  endfacet
  facet normal -0 0 -1
    outer loop
      vertex -27.6661 -2.72488 0
      vertex -32.6421 -3.21496 0
      vertex -27.8 0 0
    endloop
  endfacet
  facet normal 0 0 -1
    outer loop
      vertex -27.2658 5.42351 0
      vertex -32.1698 6.39896 0
      vertex -31.3876 9.52134 0
    endloop
  endfacet
  facet normal 0 0 -1
    outer loop
      vertex -32.8 0 0
      vertex -27.8 0 0
      vertex -32.6421 -3.21496 0
    endloop
  endfacet
  facet normal 0 0 -1
    outer loop
      vertex -27.6661 2.72488 0
      vertex -32.6421 3.21496 0
      vertex -32.1698 6.39896 0
    endloop
  endfacet
  facet normal 0 0 -1
    outer loop
      vertex -27.8 0 0
      vertex -32.8 0 0
      vertex -32.6421 3.21496 0
    endloop
  endfacet
  facet normal 0.941543 -0.336893 0
    outer loop
      vertex 30.3032 -12.552 8
      vertex 31.3876 -9.52134 0
      vertex 31.3876 -9.52134 8
    endloop
  endfacet
  facet normal 0.941543 -0.336893 0
    outer loop
      vertex 31.3876 -9.52134 0
      vertex 30.3032 -12.552 8
      vertex 30.3032 -12.552 0
    endloop
  endfacet
  facet normal 0.740957 0.671552 0
    outer loop
      vertex 25.3547 20.8081 8
      vertex 23.1931 23.1931 0
      vertex 23.1931 23.1931 8
    endloop
  endfacet
  facet normal 0.740957 0.671552 0
    outer loop
      vertex 23.1931 23.1931 0
      vertex 25.3547 20.8081 8
      vertex 25.3547 20.8081 0
    endloop
  endfacet
  facet normal 0.14673 0.989177 -0
    outer loop
      vertex 6.39896 32.1698 0
      vertex 3.21496 32.6421 8
      vertex 6.39896 32.1698 8
    endloop
  endfacet
  facet normal 0.14673 0.989177 0
    outer loop
      vertex 3.21496 32.6421 8
      vertex 6.39896 32.1698 0
      vertex 3.21496 32.6421 0
    endloop
  endfacet
  facet normal -0.989177 0.14673 0
    outer loop
      vertex -32.6421 3.21496 0
      vertex -32.1698 6.39896 8
      vertex -32.1698 6.39896 0
    endloop
  endfacet
  facet normal -0.989177 0.14673 0
    outer loop
      vertex -32.1698 6.39896 8
      vertex -32.6421 3.21496 0
      vertex -32.6421 3.21496 8
    endloop
  endfacet
  facet normal -0.989177 -0.14673 0
    outer loop
      vertex -32.1698 -6.39896 0
      vertex -32.6421 -3.21496 8
      vertex -32.6421 -3.21496 0
    endloop
  endfacet
  facet normal -0.989177 -0.14673 0
    outer loop
      vertex -32.6421 -3.21496 8
      vertex -32.1698 -6.39896 0
      vertex -32.1698 -6.39896 8
    endloop
  endfacet
  facet normal 0.243005 -0.970025 0
    outer loop
      vertex 6.39896 -32.1698 0
      vertex 9.52134 -31.3876 8
      vertex 6.39896 -32.1698 8
    endloop
  endfacet
  facet normal 0.243005 -0.970025 0
    outer loop
      vertex 9.52134 -31.3876 8
      vertex 6.39896 -32.1698 0
      vertex 9.52134 -31.3876 0
    endloop
  endfacet
  facet normal 0.595707 -0.803202 0
    outer loop
      vertex 18.2227 -27.2722 0
      vertex 20.8081 -25.3547 8
      vertex 18.2227 -27.2722 8
    endloop
  endfacet
  facet normal 0.595707 -0.803202 0
    outer loop
      vertex 20.8081 -25.3547 8
      vertex 18.2227 -27.2722 0
      vertex 20.8081 -25.3547 0
    endloop
  endfacet
  facet normal -0.427547 0.903993 0
    outer loop
      vertex -12.552 30.3032 0
      vertex -15.4618 28.927 8
      vertex -12.552 30.3032 8
    endloop
  endfacet
  facet normal -0.427547 0.903993 0
    outer loop
      vertex -15.4618 28.927 8
      vertex -12.552 30.3032 0
      vertex -15.4618 28.927 0
    endloop
  endfacet
  facet normal -0.514098 0.857731 0
    outer loop
      vertex -15.4618 28.927 0
      vertex -18.2227 27.2722 8
      vertex -15.4618 28.927 8
    endloop
  endfacet
  facet normal -0.514098 0.857731 0
    outer loop
      vertex -18.2227 27.2722 8
      vertex -15.4618 28.927 0
      vertex -18.2227 27.2722 0
    endloop
  endfacet
  facet normal -0.595707 -0.803202 0
    outer loop
      vertex -20.8081 -25.3547 0
      vertex -18.2227 -27.2722 8
      vertex -20.8081 -25.3547 8
    endloop
  endfacet
  facet normal -0.595707 -0.803202 -0
    outer loop
      vertex -18.2227 -27.2722 8
      vertex -20.8081 -25.3547 0
      vertex -18.2227 -27.2722 0
    endloop
  endfacet
  facet normal 0.243005 0.970025 -0
    outer loop
      vertex 9.52134 31.3876 0
      vertex 6.39896 32.1698 8
      vertex 9.52134 31.3876 8
    endloop
  endfacet
  facet normal 0.243005 0.970025 0
    outer loop
      vertex 6.39896 32.1698 8
      vertex 9.52134 31.3876 0
      vertex 6.39896 32.1698 0
    endloop
  endfacet
  facet normal -0.14673 -0.989177 0
    outer loop
      vertex -6.39896 -32.1698 0
      vertex -3.21496 -32.6421 8
      vertex -6.39896 -32.1698 8
    endloop
  endfacet
  facet normal -0.14673 -0.989177 -0
    outer loop
      vertex -3.21496 -32.6421 8
      vertex -6.39896 -32.1698 0
      vertex -3.21496 -32.6421 0
    endloop
  endfacet
  facet normal -0.427547 -0.903993 0
    outer loop
      vertex -15.4618 -28.927 0
      vertex -12.552 -30.3032 8
      vertex -15.4618 -28.927 8
    endloop
  endfacet
  facet normal -0.427547 -0.903993 -0
    outer loop
      vertex -12.552 -30.3032 8
      vertex -15.4618 -28.927 0
      vertex -12.552 -30.3032 0
    endloop
  endfacet
  facet normal -0.514098 -0.857731 0
    outer loop
      vertex -18.2227 -27.2722 0
      vertex -15.4618 -28.927 8
      vertex -18.2227 -27.2722 8
    endloop
  endfacet
  facet normal -0.514098 -0.857731 -0
    outer loop
      vertex -15.4618 -28.927 8
      vertex -18.2227 -27.2722 0
      vertex -15.4618 -28.927 0
    endloop
  endfacet
  facet normal 0 0 1
    outer loop
      vertex 27.8 0 8
      vertex 32.8 0 8
      vertex 32.6421 3.21496 8
    endloop
  endfacet
  facet normal 0 0 1
    outer loop
      vertex 27.6661 2.72488 8
      vertex 32.6421 3.21496 8
      vertex 32.1698 6.39896 8
    endloop
  endfacet
  facet normal 0 0 1
    outer loop
      vertex 32.8 0 8
      vertex 27.8 0 8
      vertex 32.6421 -3.21496 8
    endloop
  endfacet
  facet normal 0 0 1
    outer loop
      vertex 27.2658 5.42351 8
      vertex 32.1698 6.39896 8
      vertex 31.3876 9.52134 8
    endloop
  endfacet
  facet normal -0 0 1
    outer loop
      vertex 27.6661 -2.72488 8
      vertex 32.6421 -3.21496 8
      vertex 27.8 0 8
    endloop
  endfacet
  facet normal 0 0 1
    outer loop
      vertex 26.6029 8.06991 8
      vertex 31.3876 9.52134 8
      vertex 30.3032 12.552 8
    endloop
  endfacet
  facet normal 0 0 1
    outer loop
      vertex 32.6421 -3.21496 8
      vertex 27.6661 -2.72488 8
      vertex 32.1698 -6.39896 8
    endloop
  endfacet
  facet normal 0 0 1
    outer loop
      vertex 25.6838 10.6386 8
      vertex 30.3032 12.552 8
      vertex 28.927 15.4618 8
    endloop
  endfacet
  facet normal -0 0 1
    outer loop
      vertex 27.2658 -5.42351 8
      vertex 32.1698 -6.39896 8
      vertex 27.6661 -2.72488 8
    endloop
  endfacet
  facet normal 0 0 1
    outer loop
      vertex 32.1698 -6.39896 8
      vertex 27.2658 -5.42351 8
      vertex 31.3876 -9.52134 8
    endloop
  endfacet
  facet normal 0 0 1
    outer loop
      vertex 32.6421 3.21496 8
      vertex 27.6661 2.72488 8
      vertex 27.8 0 8
    endloop
  endfacet
  facet normal 0 0 1
    outer loop
      vertex 24.5174 13.1048 8
      vertex 28.927 15.4618 8
      vertex 27.2722 18.2227 8
    endloop
  endfacet
  facet normal 0 0 1
    outer loop
      vertex 32.1698 6.39896 8
      vertex 27.2658 5.42351 8
      vertex 27.6661 2.72488 8
    endloop
  endfacet
  facet normal 0 0 1
    outer loop
      vertex 31.3876 9.52134 8
      vertex 26.6029 8.06991 8
      vertex 27.2658 5.42351 8
    endloop
  endfacet
  facet normal 0 0 1
    outer loop
      vertex 30.3032 12.552 8
      vertex 25.6838 10.6386 8
      vertex 26.6029 8.06991 8
    endloop
  endfacet
  facet normal 0 0 1
    outer loop
      vertex 23.1149 15.4449 8
      vertex 27.2722 18.2227 8
      vertex 25.3547 20.8081 8
    endloop
  endfacet
  facet normal 0 0 1
    outer loop
      vertex 28.927 15.4618 8
      vertex 24.5174 13.1048 8
      vertex 25.6838 10.6386 8
    endloop
  endfacet
  facet normal 0 0 1
    outer loop
      vertex 21.4897 17.6361 8
      vertex 25.3547 20.8081 8
      vertex 23.1931 23.1931 8
    endloop
  endfacet
  facet normal 0 0 1
    outer loop
      vertex 27.2722 18.2227 8
      vertex 23.1149 15.4449 8
      vertex 24.5174 13.1048 8
    endloop
  endfacet
  facet normal 0 0 1
    outer loop
      vertex 25.3547 20.8081 8
      vertex 21.4897 17.6361 8
      vertex 23.1149 15.4449 8
    endloop
  endfacet
  facet normal 0 0 1
    outer loop
      vertex 19.6576 19.6576 8
      vertex 23.1931 23.1931 8
      vertex 20.8081 25.3547 8
    endloop
  endfacet
  facet normal 0 0 1
    outer loop
      vertex 23.1931 23.1931 8
      vertex 19.6576 19.6576 8
      vertex 21.4897 17.6361 8
    endloop
  endfacet
  facet normal 0 0 1
    outer loop
      vertex 17.6361 21.4897 8
      vertex 20.8081 25.3547 8
      vertex 18.2227 27.2722 8
    endloop
  endfacet
  facet normal 0 0 1
    outer loop
      vertex 20.8081 25.3547 8
      vertex 17.6361 21.4897 8
      vertex 19.6576 19.6576 8
    endloop
  endfacet
  facet normal 0 0 1
    outer loop
      vertex 15.4449 23.1149 8
      vertex 18.2227 27.2722 8
      vertex 15.4618 28.927 8
    endloop
  endfacet
  facet normal 0 0 1
    outer loop
      vertex 18.2227 27.2722 8
      vertex 15.4449 23.1149 8
      vertex 17.6361 21.4897 8
    endloop
  endfacet
  facet normal 0 0 1
    outer loop
      vertex 15.4618 28.927 8
      vertex 13.1048 24.5174 8
      vertex 15.4449 23.1149 8
    endloop
  endfacet
  facet normal 0 0 1
    outer loop
      vertex 12.552 30.3032 8
      vertex 13.1048 24.5174 8
      vertex 15.4618 28.927 8
    endloop
  endfacet
  facet normal 0 0 1
    outer loop
      vertex 12.552 30.3032 8
      vertex 10.6386 25.6838 8
      vertex 13.1048 24.5174 8
    endloop
  endfacet
  facet normal 0 0 1
    outer loop
      vertex 9.52134 31.3876 8
      vertex 10.6386 25.6838 8
      vertex 12.552 30.3032 8
    endloop
  endfacet
  facet normal 0 0 1
    outer loop
      vertex 9.52134 31.3876 8
      vertex 8.06991 26.6029 8
      vertex 10.6386 25.6838 8
    endloop
  endfacet
  facet normal 0 0 1
    outer loop
      vertex 6.39896 32.1698 8
      vertex 8.06991 26.6029 8
      vertex 9.52134 31.3876 8
    endloop
  endfacet
  facet normal 0 0 1
    outer loop
      vertex 6.39896 32.1698 8
      vertex 5.42351 27.2658 8
      vertex 8.06991 26.6029 8
    endloop
  endfacet
  facet normal 0 0 1
    outer loop
      vertex 3.21496 32.6421 8
      vertex 5.42351 27.2658 8
      vertex 6.39896 32.1698 8
    endloop
  endfacet
  facet normal 0 0 1
    outer loop
      vertex 3.21496 32.6421 8
      vertex 2.72488 27.6661 8
      vertex 5.42351 27.2658 8
    endloop
  endfacet
  facet normal 0 0 1
    outer loop
      vertex 0 32.8 8
      vertex 2.72488 27.6661 8
      vertex 3.21496 32.6421 8
    endloop
  endfacet
  facet normal 0 0 1
    outer loop
      vertex 0 32.8 8
      vertex 0 27.8 8
      vertex 2.72488 27.6661 8
    endloop
  endfacet
  facet normal 0 0 1
    outer loop
      vertex 0 32.8 8
      vertex -2.72488 27.6661 8
      vertex 0 27.8 8
    endloop
  endfacet
  facet normal -0 0 1
    outer loop
      vertex -3.21496 32.6421 8
      vertex -2.72488 27.6661 8
      vertex 0 32.8 8
    endloop
  endfacet
  facet normal 0 0 1
    outer loop
      vertex -3.21496 32.6421 8
      vertex -5.42351 27.2658 8
      vertex -2.72488 27.6661 8
    endloop
  endfacet
  facet normal -0 0 1
    outer loop
      vertex -6.39896 32.1698 8
      vertex -5.42351 27.2658 8
      vertex -3.21496 32.6421 8
    endloop
  endfacet
  facet normal 0 0 1
    outer loop
      vertex -6.39896 32.1698 8
      vertex -8.06991 26.6029 8
      vertex -5.42351 27.2658 8
    endloop
  endfacet
  facet normal -0 0 1
    outer loop
      vertex -9.52134 31.3876 8
      vertex -8.06991 26.6029 8
      vertex -6.39896 32.1698 8
    endloop
  endfacet
  facet normal 0 0 1
    outer loop
      vertex -9.52134 31.3876 8
      vertex -10.6386 25.6838 8
      vertex -8.06991 26.6029 8
    endloop
  endfacet
  facet normal -0 0 1
    outer loop
      vertex -12.552 30.3032 8
      vertex -10.6386 25.6838 8
      vertex -9.52134 31.3876 8
    endloop
  endfacet
  facet normal 0 0 1
    outer loop
      vertex -12.552 30.3032 8
      vertex -13.1048 24.5174 8
      vertex -10.6386 25.6838 8
    endloop
  endfacet
  facet normal -0 0 1
    outer loop
      vertex -15.4618 28.927 8
      vertex -13.1048 24.5174 8
      vertex -12.552 30.3032 8
    endloop
  endfacet
  facet normal 0 0 1
    outer loop
      vertex -13.1048 24.5174 8
      vertex -15.4618 28.927 8
      vertex -15.4449 23.1149 8
    endloop
  endfacet
  facet normal -0 0 1
    outer loop
      vertex -18.2227 27.2722 8
      vertex -15.4449 23.1149 8
      vertex -15.4618 28.927 8
    endloop
  endfacet
  facet normal 0 0 1
    outer loop
      vertex -15.4449 23.1149 8
      vertex -18.2227 27.2722 8
      vertex -17.6361 21.4897 8
    endloop
  endfacet
  facet normal -0 0 1
    outer loop
      vertex -20.8081 25.3547 8
      vertex -17.6361 21.4897 8
      vertex -18.2227 27.2722 8
    endloop
  endfacet
  facet normal 0 0 1
    outer loop
      vertex -17.6361 21.4897 8
      vertex -20.8081 25.3547 8
      vertex -19.6576 19.6576 8
    endloop
  endfacet
  facet normal -0 0 1
    outer loop
      vertex -23.1931 23.1931 8
      vertex -19.6576 19.6576 8
      vertex -20.8081 25.3547 8
    endloop
  endfacet
  facet normal 0 0 1
    outer loop
      vertex -19.6576 19.6576 8
      vertex -23.1931 23.1931 8
      vertex -21.4897 17.6361 8
    endloop
  endfacet
  facet normal -0 0 1
    outer loop
      vertex -25.3547 20.8081 8
      vertex -21.4897 17.6361 8
      vertex -23.1931 23.1931 8
    endloop
  endfacet
  facet normal 0 0 1
    outer loop
      vertex -21.4897 17.6361 8
      vertex -25.3547 20.8081 8
      vertex -23.1149 15.4449 8
    endloop
  endfacet
  facet normal -0 0 1
    outer loop
      vertex -27.2722 18.2227 8
      vertex -23.1149 15.4449 8
      vertex -25.3547 20.8081 8
    endloop
  endfacet
  facet normal 0 0 1
    outer loop
      vertex -23.1149 15.4449 8
      vertex -27.2722 18.2227 8
      vertex -24.5174 13.1048 8
    endloop
  endfacet
  facet normal -0 0 1
    outer loop
      vertex -28.927 15.4618 8
      vertex -24.5174 13.1048 8
      vertex -27.2722 18.2227 8
    endloop
  endfacet
  facet normal 0 0 1
    outer loop
      vertex -24.5174 13.1048 8
      vertex -28.927 15.4618 8
      vertex -25.6838 10.6386 8
    endloop
  endfacet
  facet normal -0 0 1
    outer loop
      vertex -30.3032 12.552 8
      vertex -25.6838 10.6386 8
      vertex -28.927 15.4618 8
    endloop
  endfacet
  facet normal 0 0 1
    outer loop
      vertex -25.6838 10.6386 8
      vertex -30.3032 12.552 8
      vertex -26.6029 8.06991 8
    endloop
  endfacet
  facet normal -0 0 1
    outer loop
      vertex -31.3876 9.52134 8
      vertex -26.6029 8.06991 8
      vertex -30.3032 12.552 8
    endloop
  endfacet
  facet normal 0 0 1
    outer loop
      vertex -26.6029 8.06991 8
      vertex -31.3876 9.52134 8
      vertex -27.2658 5.42351 8
    endloop
  endfacet
  facet normal -0 0 1
    outer loop
      vertex 26.6029 -8.06991 8
      vertex 31.3876 -9.52134 8
      vertex 27.2658 -5.42351 8
    endloop
  endfacet
  facet normal 0 0 1
    outer loop
      vertex 31.3876 -9.52134 8
      vertex 26.6029 -8.06991 8
      vertex 30.3032 -12.552 8
    endloop
  endfacet
  facet normal -0 0 1
    outer loop
      vertex 25.6838 -10.6386 8
      vertex 30.3032 -12.552 8
      vertex 26.6029 -8.06991 8
    endloop
  endfacet
  facet normal 0 0 1
    outer loop
      vertex 30.3032 -12.552 8
      vertex 25.6838 -10.6386 8
      vertex 28.927 -15.4618 8
    endloop
  endfacet
  facet normal -0 0 1
    outer loop
      vertex 24.5174 -13.1048 8
      vertex 28.927 -15.4618 8
      vertex 25.6838 -10.6386 8
    endloop
  endfacet
  facet normal 0 0 1
    outer loop
      vertex 28.927 -15.4618 8
      vertex 24.5174 -13.1048 8
      vertex 27.2722 -18.2227 8
    endloop
  endfacet
  facet normal -0 0 1
    outer loop
      vertex 23.1149 -15.4449 8
      vertex 27.2722 -18.2227 8
      vertex 24.5174 -13.1048 8
    endloop
  endfacet
  facet normal 0 0 1
    outer loop
      vertex 27.2722 -18.2227 8
      vertex 23.1149 -15.4449 8
      vertex 25.3547 -20.8081 8
    endloop
  endfacet
  facet normal -0 0 1
    outer loop
      vertex 21.4897 -17.6361 8
      vertex 25.3547 -20.8081 8
      vertex 23.1149 -15.4449 8
    endloop
  endfacet
  facet normal 0 0 1
    outer loop
      vertex 25.3547 -20.8081 8
      vertex 21.4897 -17.6361 8
      vertex 23.1931 -23.1931 8
    endloop
  endfacet
  facet normal -0 0 1
    outer loop
      vertex 19.6576 -19.6576 8
      vertex 23.1931 -23.1931 8
      vertex 21.4897 -17.6361 8
    endloop
  endfacet
  facet normal 0 0 1
    outer loop
      vertex 23.1931 -23.1931 8
      vertex 19.6576 -19.6576 8
      vertex 20.8081 -25.3547 8
    endloop
  endfacet
  facet normal -0 0 1
    outer loop
      vertex 17.6361 -21.4897 8
      vertex 20.8081 -25.3547 8
      vertex 19.6576 -19.6576 8
    endloop
  endfacet
  facet normal 0 0 1
    outer loop
      vertex 20.8081 -25.3547 8
      vertex 17.6361 -21.4897 8
      vertex 18.2227 -27.2722 8
    endloop
  endfacet
  facet normal -0 0 1
    outer loop
      vertex 15.4449 -23.1149 8
      vertex 18.2227 -27.2722 8
      vertex 17.6361 -21.4897 8
    endloop
  endfacet
  facet normal 0 0 1
    outer loop
      vertex 18.2227 -27.2722 8
      vertex 15.4449 -23.1149 8
      vertex 15.4618 -28.927 8
    endloop
  endfacet
  facet normal -0 0 1
    outer loop
      vertex 13.1048 -24.5174 8
      vertex 15.4618 -28.927 8
      vertex 15.4449 -23.1149 8
    endloop
  endfacet
  facet normal 0 0 1
    outer loop
      vertex 13.1048 -24.5174 8
      vertex 12.552 -30.3032 8
      vertex 15.4618 -28.927 8
    endloop
  endfacet
  facet normal -0 0 1
    outer loop
      vertex 10.6386 -25.6838 8
      vertex 12.552 -30.3032 8
      vertex 13.1048 -24.5174 8
    endloop
  endfacet
  facet normal 0 0 1
    outer loop
      vertex 10.6386 -25.6838 8
      vertex 9.52134 -31.3876 8
      vertex 12.552 -30.3032 8
    endloop
  endfacet
  facet normal -0 0 1
    outer loop
      vertex 8.06991 -26.6029 8
      vertex 9.52134 -31.3876 8
      vertex 10.6386 -25.6838 8
    endloop
  endfacet
  facet normal 0 0 1
    outer loop
      vertex 8.06991 -26.6029 8
      vertex 6.39896 -32.1698 8
      vertex 9.52134 -31.3876 8
    endloop
  endfacet
  facet normal -0 0 1
    outer loop
      vertex 5.42351 -27.2658 8
      vertex 6.39896 -32.1698 8
      vertex 8.06991 -26.6029 8
    endloop
  endfacet
  facet normal 0 0 1
    outer loop
      vertex 5.42351 -27.2658 8
      vertex 3.21496 -32.6421 8
      vertex 6.39896 -32.1698 8
    endloop
  endfacet
  facet normal -0 0 1
    outer loop
      vertex 2.72488 -27.6661 8
      vertex 3.21496 -32.6421 8
      vertex 5.42351 -27.2658 8
    endloop
  endfacet
  facet normal -0 0 1
    outer loop
      vertex 0 -27.8 8
      vertex 3.21496 -32.6421 8
      vertex 2.72488 -27.6661 8
    endloop
  endfacet
  facet normal 0 0 1
    outer loop
      vertex 0 -27.8 8
      vertex 0 -32.8 8
      vertex 3.21496 -32.6421 8
    endloop
  endfacet
  facet normal 0 0 1
    outer loop
      vertex -2.72488 -27.6661 8
      vertex 0 -32.8 8
      vertex 0 -27.8 8
    endloop
  endfacet
  facet normal 0 0 1
    outer loop
      vertex -2.72488 -27.6661 8
      vertex -3.21496 -32.6421 8
      vertex 0 -32.8 8
    endloop
  endfacet
  facet normal 0 0 1
    outer loop
      vertex -5.42351 -27.2658 8
      vertex -3.21496 -32.6421 8
      vertex -2.72488 -27.6661 8
    endloop
  endfacet
  facet normal 0 0 1
    outer loop
      vertex -5.42351 -27.2658 8
      vertex -6.39896 -32.1698 8
      vertex -3.21496 -32.6421 8
    endloop
  endfacet
  facet normal 0 0 1
    outer loop
      vertex -8.06991 -26.6029 8
      vertex -6.39896 -32.1698 8
      vertex -5.42351 -27.2658 8
    endloop
  endfacet
  facet normal 0 0 1
    outer loop
      vertex -8.06991 -26.6029 8
      vertex -9.52134 -31.3876 8
      vertex -6.39896 -32.1698 8
    endloop
  endfacet
  facet normal 0 0 1
    outer loop
      vertex -10.6386 -25.6838 8
      vertex -9.52134 -31.3876 8
      vertex -8.06991 -26.6029 8
    endloop
  endfacet
  facet normal 0 0 1
    outer loop
      vertex -10.6386 -25.6838 8
      vertex -12.552 -30.3032 8
      vertex -9.52134 -31.3876 8
    endloop
  endfacet
  facet normal 0 0 1
    outer loop
      vertex -13.1048 -24.5174 8
      vertex -12.552 -30.3032 8
      vertex -10.6386 -25.6838 8
    endloop
  endfacet
  facet normal 0 0 1
    outer loop
      vertex -15.4618 -28.927 8
      vertex -13.1048 -24.5174 8
      vertex -15.4449 -23.1149 8
    endloop
  endfacet
  facet normal 0 0 1
    outer loop
      vertex -13.1048 -24.5174 8
      vertex -15.4618 -28.927 8
      vertex -12.552 -30.3032 8
    endloop
  endfacet
  facet normal 0 0 1
    outer loop
      vertex -18.2227 -27.2722 8
      vertex -15.4449 -23.1149 8
      vertex -17.6361 -21.4897 8
    endloop
  endfacet
  facet normal 0 0 1
    outer loop
      vertex -15.4449 -23.1149 8
      vertex -18.2227 -27.2722 8
      vertex -15.4618 -28.927 8
    endloop
  endfacet
  facet normal 0 0 1
    outer loop
      vertex -20.8081 -25.3547 8
      vertex -17.6361 -21.4897 8
      vertex -19.6576 -19.6576 8
    endloop
  endfacet
  facet normal 0 0 1
    outer loop
      vertex -17.6361 -21.4897 8
      vertex -20.8081 -25.3547 8
      vertex -18.2227 -27.2722 8
    endloop
  endfacet
  facet normal 0 0 1
    outer loop
      vertex -23.1931 -23.1931 8
      vertex -19.6576 -19.6576 8
      vertex -21.4897 -17.6361 8
    endloop
  endfacet
  facet normal 0 0 1
    outer loop
      vertex -25.3547 -20.8081 8
      vertex -21.4897 -17.6361 8
      vertex -23.1149 -15.4449 8
    endloop
  endfacet
  facet normal 0 0 1
    outer loop
      vertex -19.6576 -19.6576 8
      vertex -23.1931 -23.1931 8
      vertex -20.8081 -25.3547 8
    endloop
  endfacet
  facet normal 0 0 1
    outer loop
      vertex -27.2722 -18.2227 8
      vertex -23.1149 -15.4449 8
      vertex -24.5174 -13.1048 8
    endloop
  endfacet
  facet normal 0 0 1
    outer loop
      vertex -21.4897 -17.6361 8
      vertex -25.3547 -20.8081 8
      vertex -23.1931 -23.1931 8
    endloop
  endfacet
  facet normal 0 0 1
    outer loop
      vertex -28.927 -15.4618 8
      vertex -24.5174 -13.1048 8
      vertex -25.6838 -10.6386 8
    endloop
  endfacet
  facet normal 0 0 1
    outer loop
      vertex -30.3032 -12.552 8
      vertex -25.6838 -10.6386 8
      vertex -26.6029 -8.06991 8
    endloop
  endfacet
  facet normal 0 0 1
    outer loop
      vertex -31.3876 -9.52134 8
      vertex -26.6029 -8.06991 8
      vertex -27.2658 -5.42351 8
    endloop
  endfacet
  facet normal 0 0 1
    outer loop
      vertex -23.1149 -15.4449 8
      vertex -27.2722 -18.2227 8
      vertex -25.3547 -20.8081 8
    endloop
  endfacet
  facet normal 0 0 1
    outer loop
      vertex -32.1698 -6.39896 8
      vertex -27.2658 -5.42351 8
      vertex -27.6661 -2.72488 8
    endloop
  endfacet
  facet normal 0 0 1
    outer loop
      vertex -32.6421 -3.21496 8
      vertex -27.6661 -2.72488 8
      vertex -27.8 0 8
    endloop
  endfacet
  facet normal -0 0 1
    outer loop
      vertex -32.1698 6.39896 8
      vertex -27.2658 5.42351 8
      vertex -31.3876 9.52134 8
    endloop
  endfacet
  facet normal 0 0 1
    outer loop
      vertex -24.5174 -13.1048 8
      vertex -28.927 -15.4618 8
      vertex -27.2722 -18.2227 8
    endloop
  endfacet
  facet normal 0 0 1
    outer loop
      vertex -27.2658 5.42351 8
      vertex -32.1698 6.39896 8
      vertex -27.6661 2.72488 8
    endloop
  endfacet
  facet normal 0 0 1
    outer loop
      vertex -25.6838 -10.6386 8
      vertex -30.3032 -12.552 8
      vertex -28.927 -15.4618 8
    endloop
  endfacet
  facet normal -0 0 1
    outer loop
      vertex -32.6421 3.21496 8
      vertex -27.6661 2.72488 8
      vertex -32.1698 6.39896 8
    endloop
  endfacet
  facet normal 0 0 1
    outer loop
      vertex -26.6029 -8.06991 8
      vertex -31.3876 -9.52134 8
      vertex -30.3032 -12.552 8
    endloop
  endfacet
  facet normal 0 0 1
    outer loop
      vertex -27.6661 2.72488 8
      vertex -32.6421 3.21496 8
      vertex -27.8 0 8
    endloop
  endfacet
  facet normal 0 0 1
    outer loop
      vertex -27.2658 -5.42351 8
      vertex -32.1698 -6.39896 8
      vertex -31.3876 -9.52134 8
    endloop
  endfacet
  facet normal 0 0 1
    outer loop
      vertex -32.8 0 8
      vertex -27.8 0 8
      vertex -32.6421 3.21496 8
    endloop
  endfacet
  facet normal 0 0 1
    outer loop
      vertex -27.6661 -2.72488 8
      vertex -32.6421 -3.21496 8
      vertex -32.1698 -6.39896 8
    endloop
  endfacet
  facet normal 0 0 1
    outer loop
      vertex -27.8 0 8
      vertex -32.8 0 8
      vertex -32.6421 -3.21496 8
    endloop
  endfacet
  facet normal 0.146729 -0.989177 0
    outer loop
      vertex -5.42351 27.2658 0
      vertex -2.72488 27.6661 1
      vertex -5.42351 27.2658 1
    endloop
  endfacet
  facet normal 0.146729 -0.989177 0
    outer loop
      vertex -2.72488 27.6661 1
      vertex -5.42351 27.2658 0
      vertex -2.72488 27.6661 0
    endloop
  endfacet
  facet normal -0.989177 -0.146729 0
    outer loop
      vertex 27.6661 2.72488 0
      vertex 27.2658 5.42351 1
      vertex 27.2658 5.42351 0
    endloop
  endfacet
  facet normal -0.989177 -0.146729 0
    outer loop
      vertex 27.2658 5.42351 1
      vertex 27.6661 2.72488 0
      vertex 27.6661 2.72488 1
    endloop
  endfacet
  facet normal -0.998795 -0.0490806 0
    outer loop
      vertex 27.8 0 0
      vertex 27.6661 2.72488 1
      vertex 27.6661 2.72488 0
    endloop
  endfacet
  facet normal -0.998795 -0.0490806 0
    outer loop
      vertex 27.6661 2.72488 1
      vertex 27.8 0 0
      vertex 27.8 0 1
    endloop
  endfacet
  facet normal -0.97003 -0.242984 0
    outer loop
      vertex 27.2658 5.42351 0
      vertex 26.6029 8.06991 1
      vertex 26.6029 8.06991 0
    endloop
  endfacet
  facet normal -0.97003 -0.242984 0
    outer loop
      vertex 26.6029 8.06991 1
      vertex 27.2658 5.42351 0
      vertex 27.2658 5.42351 1
    endloop
  endfacet
  facet normal -0.998795 0.0490806 0
    outer loop
      vertex 27.6661 -2.72488 0
      vertex 27.8 0 1
      vertex 27.8 0 0
    endloop
  endfacet
  facet normal -0.998795 0.0490806 0
    outer loop
      vertex 27.8 0 1
      vertex 27.6661 -2.72488 0
      vertex 27.6661 -2.72488 1
    endloop
  endfacet
  facet normal -0.427547 -0.903993 0
    outer loop
      vertex 10.6386 25.6838 0
      vertex 13.1048 24.5174 1
      vertex 10.6386 25.6838 1
    endloop
  endfacet
  facet normal -0.427547 -0.903993 -0
    outer loop
      vertex 13.1048 24.5174 1
      vertex 10.6386 25.6838 0
      vertex 13.1048 24.5174 0
    endloop
  endfacet
  facet normal -0.336892 -0.941543 0
    outer loop
      vertex 8.06991 26.6029 0
      vertex 10.6386 25.6838 1
      vertex 8.06991 26.6029 1
    endloop
  endfacet
  facet normal -0.336892 -0.941543 -0
    outer loop
      vertex 10.6386 25.6838 1
      vertex 8.06991 26.6029 0
      vertex 10.6386 25.6838 0
    endloop
  endfacet
  facet normal -0.803191 -0.595722 0
    outer loop
      vertex 23.1149 15.4449 0
      vertex 21.4897 17.6361 1
      vertex 21.4897 17.6361 0
    endloop
  endfacet
  facet normal -0.803191 -0.595722 0
    outer loop
      vertex 21.4897 17.6361 1
      vertex 23.1149 15.4449 0
      vertex 23.1149 15.4449 1
    endloop
  endfacet
  facet normal -0.514075 -0.857745 0
    outer loop
      vertex 13.1048 24.5174 0
      vertex 15.4449 23.1149 1
      vertex 13.1048 24.5174 1
    endloop
  endfacet
  facet normal -0.514075 -0.857745 -0
    outer loop
      vertex 15.4449 23.1149 1
      vertex 13.1048 24.5174 0
      vertex 15.4449 23.1149 0
    endloop
  endfacet
  facet normal 0.989177 0.146729 0
    outer loop
      vertex -27.2658 -5.42351 1
      vertex -27.6661 -2.72488 0
      vertex -27.6661 -2.72488 1
    endloop
  endfacet
  facet normal 0.989177 0.146729 0
    outer loop
      vertex -27.6661 -2.72488 0
      vertex -27.2658 -5.42351 1
      vertex -27.2658 -5.42351 0
    endloop
  endfacet
  facet normal -0.740966 -0.671543 0
    outer loop
      vertex 21.4897 17.6361 0
      vertex 19.6576 19.6576 1
      vertex 19.6576 19.6576 0
    endloop
  endfacet
  facet normal -0.740966 -0.671543 0
    outer loop
      vertex 19.6576 19.6576 1
      vertex 21.4897 17.6361 0
      vertex 21.4897 17.6361 1
    endloop
  endfacet
  facet normal 0.427547 0.903993 -0
    outer loop
      vertex -10.6386 -25.6838 0
      vertex -13.1048 -24.5174 1
      vertex -10.6386 -25.6838 1
    endloop
  endfacet
  facet normal 0.427547 0.903993 0
    outer loop
      vertex -13.1048 -24.5174 1
      vertex -10.6386 -25.6838 0
      vertex -13.1048 -24.5174 0
    endloop
  endfacet
  facet normal 0.514075 0.857745 -0
    outer loop
      vertex -13.1048 -24.5174 0
      vertex -15.4449 -23.1149 1
      vertex -13.1048 -24.5174 1
    endloop
  endfacet
  facet normal 0.514075 0.857745 0
    outer loop
      vertex -15.4449 -23.1149 1
      vertex -13.1048 -24.5174 0
      vertex -15.4449 -23.1149 0
    endloop
  endfacet
  facet normal 0.242984 -0.97003 0
    outer loop
      vertex -8.06991 26.6029 0
      vertex -5.42351 27.2658 1
      vertex -8.06991 26.6029 1
    endloop
  endfacet
  facet normal 0.242984 -0.97003 0
    outer loop
      vertex -5.42351 27.2658 1
      vertex -8.06991 26.6029 0
      vertex -5.42351 27.2658 0
    endloop
  endfacet
  facet normal 0.595722 -0.803191 0
    outer loop
      vertex -17.6361 21.4897 0
      vertex -15.4449 23.1149 1
      vertex -17.6361 21.4897 1
    endloop
  endfacet
  facet normal 0.595722 -0.803191 0
    outer loop
      vertex -15.4449 23.1149 1
      vertex -17.6361 21.4897 0
      vertex -15.4449 23.1149 0
    endloop
  endfacet
  facet normal 0.336892 -0.941543 0
    outer loop
      vertex -10.6386 25.6838 0
      vertex -8.06991 26.6029 1
      vertex -10.6386 25.6838 1
    endloop
  endfacet
  facet normal 0.336892 -0.941543 0
    outer loop
      vertex -8.06991 26.6029 1
      vertex -10.6386 25.6838 0
      vertex -8.06991 26.6029 0
    endloop
  endfacet
  facet normal -0.903993 0.427547 0
    outer loop
      vertex 24.5174 -13.1048 0
      vertex 25.6838 -10.6386 1
      vertex 25.6838 -10.6386 0
    endloop
  endfacet
  facet normal -0.903993 0.427547 0
    outer loop
      vertex 25.6838 -10.6386 1
      vertex 24.5174 -13.1048 0
      vertex 24.5174 -13.1048 1
    endloop
  endfacet
  facet normal 0.0490806 -0.998795 0
    outer loop
      vertex -2.72488 27.6661 0
      vertex 0 27.8 1
      vertex -2.72488 27.6661 1
    endloop
  endfacet
  facet normal 0.0490806 -0.998795 0
    outer loop
      vertex 0 27.8 1
      vertex -2.72488 27.6661 0
      vertex 0 27.8 0
    endloop
  endfacet
  facet normal 0.903993 -0.427547 0
    outer loop
      vertex -25.6838 10.6386 1
      vertex -24.5174 13.1048 0
      vertex -24.5174 13.1048 1
    endloop
  endfacet
  facet normal 0.903993 -0.427547 0
    outer loop
      vertex -24.5174 13.1048 0
      vertex -25.6838 10.6386 1
      vertex -25.6838 10.6386 0
    endloop
  endfacet
  facet normal -0.989177 0.146729 0
    outer loop
      vertex 27.2658 -5.42351 0
      vertex 27.6661 -2.72488 1
      vertex 27.6661 -2.72488 0
    endloop
  endfacet
  facet normal -0.989177 0.146729 0
    outer loop
      vertex 27.6661 -2.72488 1
      vertex 27.2658 -5.42351 0
      vertex 27.2658 -5.42351 1
    endloop
  endfacet
  facet normal -0.146729 0.989177 0
    outer loop
      vertex 5.42351 -27.2658 0
      vertex 2.72488 -27.6661 1
      vertex 5.42351 -27.2658 1
    endloop
  endfacet
  facet normal -0.146729 0.989177 0
    outer loop
      vertex 2.72488 -27.6661 1
      vertex 5.42351 -27.2658 0
      vertex 2.72488 -27.6661 0
    endloop
  endfacet
  facet normal -0.146729 -0.989177 0
    outer loop
      vertex 2.72488 27.6661 0
      vertex 5.42351 27.2658 1
      vertex 2.72488 27.6661 1
    endloop
  endfacet
  facet normal -0.146729 -0.989177 -0
    outer loop
      vertex 5.42351 27.2658 1
      vertex 2.72488 27.6661 0
      vertex 5.42351 27.2658 0
    endloop
  endfacet
  facet normal -0.857745 0.514075 0
    outer loop
      vertex 23.1149 -15.4449 0
      vertex 24.5174 -13.1048 1
      vertex 24.5174 -13.1048 0
    endloop
  endfacet
  facet normal -0.857745 0.514075 0
    outer loop
      vertex 24.5174 -13.1048 1
      vertex 23.1149 -15.4449 0
      vertex 23.1149 -15.4449 1
    endloop
  endfacet
  facet normal -0.595722 0.803191 0
    outer loop
      vertex 17.6361 -21.4897 0
      vertex 15.4449 -23.1149 1
      vertex 17.6361 -21.4897 1
    endloop
  endfacet
  facet normal -0.595722 0.803191 0
    outer loop
      vertex 15.4449 -23.1149 1
      vertex 17.6361 -21.4897 0
      vertex 15.4449 -23.1149 0
    endloop
  endfacet
  facet normal -0.0490806 -0.998795 0
    outer loop
      vertex 0 27.8 0
      vertex 2.72488 27.6661 1
      vertex 0 27.8 1
    endloop
  endfacet
  facet normal -0.0490806 -0.998795 -0
    outer loop
      vertex 2.72488 27.6661 1
      vertex 0 27.8 0
      vertex 2.72488 27.6661 0
    endloop
  endfacet
  facet normal 0.146729 0.989177 -0
    outer loop
      vertex -2.72488 -27.6661 0
      vertex -5.42351 -27.2658 1
      vertex -2.72488 -27.6661 1
    endloop
  endfacet
  facet normal 0.146729 0.989177 0
    outer loop
      vertex -5.42351 -27.2658 1
      vertex -2.72488 -27.6661 0
      vertex -5.42351 -27.2658 0
    endloop
  endfacet
  facet normal -0.242984 0.97003 0
    outer loop
      vertex 8.06991 -26.6029 0
      vertex 5.42351 -27.2658 1
      vertex 8.06991 -26.6029 1
    endloop
  endfacet
  facet normal -0.242984 0.97003 0
    outer loop
      vertex 5.42351 -27.2658 1
      vertex 8.06991 -26.6029 0
      vertex 5.42351 -27.2658 0
    endloop
  endfacet
  facet normal -0.427547 0.903993 0
    outer loop
      vertex 13.1048 -24.5174 0
      vertex 10.6386 -25.6838 1
      vertex 13.1048 -24.5174 1
    endloop
  endfacet
  facet normal -0.427547 0.903993 0
    outer loop
      vertex 10.6386 -25.6838 1
      vertex 13.1048 -24.5174 0
      vertex 10.6386 -25.6838 0
    endloop
  endfacet
  facet normal -0.336892 0.941543 0
    outer loop
      vertex 10.6386 -25.6838 0
      vertex 8.06991 -26.6029 1
      vertex 10.6386 -25.6838 1
    endloop
  endfacet
  facet normal -0.336892 0.941543 0
    outer loop
      vertex 8.06991 -26.6029 1
      vertex 10.6386 -25.6838 0
      vertex 8.06991 -26.6029 0
    endloop
  endfacet
  facet normal 0.740966 0.671543 0
    outer loop
      vertex -19.6576 -19.6576 1
      vertex -21.4897 -17.6361 0
      vertex -21.4897 -17.6361 1
    endloop
  endfacet
  facet normal 0.740966 0.671543 0
    outer loop
      vertex -21.4897 -17.6361 0
      vertex -19.6576 -19.6576 1
      vertex -19.6576 -19.6576 0
    endloop
  endfacet
  facet normal 0.803191 0.595722 0
    outer loop
      vertex -21.4897 -17.6361 1
      vertex -23.1149 -15.4449 0
      vertex -23.1149 -15.4449 1
    endloop
  endfacet
  facet normal 0.803191 0.595722 0
    outer loop
      vertex -23.1149 -15.4449 0
      vertex -21.4897 -17.6361 1
      vertex -21.4897 -17.6361 0
    endloop
  endfacet
  facet normal -0.595722 -0.803191 0
    outer loop
      vertex 15.4449 23.1149 0
      vertex 17.6361 21.4897 1
      vertex 15.4449 23.1149 1
    endloop
  endfacet
  facet normal -0.595722 -0.803191 -0
    outer loop
      vertex 17.6361 21.4897 1
      vertex 15.4449 23.1149 0
      vertex 17.6361 21.4897 0
    endloop
  endfacet
  facet normal 0.595722 0.803191 -0
    outer loop
      vertex -15.4449 -23.1149 0
      vertex -17.6361 -21.4897 1
      vertex -15.4449 -23.1149 1
    endloop
  endfacet
  facet normal 0.595722 0.803191 0
    outer loop
      vertex -17.6361 -21.4897 1
      vertex -15.4449 -23.1149 0
      vertex -17.6361 -21.4897 0
    endloop
  endfacet
  facet normal 0.427547 -0.903993 0
    outer loop
      vertex -13.1048 24.5174 0
      vertex -10.6386 25.6838 1
      vertex -13.1048 24.5174 1
    endloop
  endfacet
  facet normal 0.427547 -0.903993 0
    outer loop
      vertex -10.6386 25.6838 1
      vertex -13.1048 24.5174 0
      vertex -10.6386 25.6838 0
    endloop
  endfacet
  facet normal 0.941543 0.336892 0
    outer loop
      vertex -25.6838 -10.6386 1
      vertex -26.6029 -8.06991 0
      vertex -26.6029 -8.06991 1
    endloop
  endfacet
  facet normal 0.941543 0.336892 0
    outer loop
      vertex -26.6029 -8.06991 0
      vertex -25.6838 -10.6386 1
      vertex -25.6838 -10.6386 0
    endloop
  endfacet
  facet normal -0.740966 0.671543 0
    outer loop
      vertex 19.6576 -19.6576 0
      vertex 21.4897 -17.6361 1
      vertex 21.4897 -17.6361 0
    endloop
  endfacet
  facet normal -0.740966 0.671543 0
    outer loop
      vertex 21.4897 -17.6361 1
      vertex 19.6576 -19.6576 0
      vertex 19.6576 -19.6576 1
    endloop
  endfacet
  facet normal 0.998795 0.0490806 0
    outer loop
      vertex -27.6661 -2.72488 1
      vertex -27.8 0 0
      vertex -27.8 0 1
    endloop
  endfacet
  facet normal 0.998795 0.0490806 0
    outer loop
      vertex -27.8 0 0
      vertex -27.6661 -2.72488 1
      vertex -27.6661 -2.72488 0
    endloop
  endfacet
  facet normal -0.803191 0.595722 0
    outer loop
      vertex 21.4897 -17.6361 0
      vertex 23.1149 -15.4449 1
      vertex 23.1149 -15.4449 0
    endloop
  endfacet
  facet normal -0.803191 0.595722 0
    outer loop
      vertex 23.1149 -15.4449 1
      vertex 21.4897 -17.6361 0
      vertex 21.4897 -17.6361 1
    endloop
  endfacet
  facet normal -0.97003 0.242984 0
    outer loop
      vertex 26.6029 -8.06991 0
      vertex 27.2658 -5.42351 1
      vertex 27.2658 -5.42351 0
    endloop
  endfacet
  facet normal -0.97003 0.242984 0
    outer loop
      vertex 27.2658 -5.42351 1
      vertex 26.6029 -8.06991 0
      vertex 26.6029 -8.06991 1
    endloop
  endfacet
  facet normal 0.97003 -0.242984 0
    outer loop
      vertex -27.2658 5.42351 1
      vertex -26.6029 8.06991 0
      vertex -26.6029 8.06991 1
    endloop
  endfacet
  facet normal 0.97003 -0.242984 0
    outer loop
      vertex -26.6029 8.06991 0
      vertex -27.2658 5.42351 1
      vertex -27.2658 5.42351 0
    endloop
  endfacet
  facet normal 0.671543 0.740966 -0
    outer loop
      vertex -17.6361 -21.4897 0
      vertex -19.6576 -19.6576 1
      vertex -17.6361 -21.4897 1
    endloop
  endfacet
  facet normal 0.671543 0.740966 0
    outer loop
      vertex -19.6576 -19.6576 1
      vertex -17.6361 -21.4897 0
      vertex -19.6576 -19.6576 0
    endloop
  endfacet
  facet normal -0.941543 -0.336892 0
    outer loop
      vertex 26.6029 8.06991 0
      vertex 25.6838 10.6386 1
      vertex 25.6838 10.6386 0
    endloop
  endfacet
  facet normal -0.941543 -0.336892 0
    outer loop
      vertex 25.6838 10.6386 1
      vertex 26.6029 8.06991 0
      vertex 26.6029 8.06991 1
    endloop
  endfacet
  facet normal 0.671543 -0.740966 0
    outer loop
      vertex -19.6576 19.6576 0
      vertex -17.6361 21.4897 1
      vertex -19.6576 19.6576 1
    endloop
  endfacet
  facet normal 0.671543 -0.740966 0
    outer loop
      vertex -17.6361 21.4897 1
      vertex -19.6576 19.6576 0
      vertex -17.6361 21.4897 0
    endloop
  endfacet
  facet normal -0.903993 -0.427547 0
    outer loop
      vertex 25.6838 10.6386 0
      vertex 24.5174 13.1048 1
      vertex 24.5174 13.1048 0
    endloop
  endfacet
  facet normal -0.903993 -0.427547 0
    outer loop
      vertex 24.5174 13.1048 1
      vertex 25.6838 10.6386 0
      vertex 25.6838 10.6386 1
    endloop
  endfacet
  facet normal 0.242984 0.97003 -0
    outer loop
      vertex -5.42351 -27.2658 0
      vertex -8.06991 -26.6029 1
      vertex -5.42351 -27.2658 1
    endloop
  endfacet
  facet normal 0.242984 0.97003 0
    outer loop
      vertex -8.06991 -26.6029 1
      vertex -5.42351 -27.2658 0
      vertex -8.06991 -26.6029 0
    endloop
  endfacet
  facet normal -0.941543 0.336892 0
    outer loop
      vertex 25.6838 -10.6386 0
      vertex 26.6029 -8.06991 1
      vertex 26.6029 -8.06991 0
    endloop
  endfacet
  facet normal -0.941543 0.336892 0
    outer loop
      vertex 26.6029 -8.06991 1
      vertex 25.6838 -10.6386 0
      vertex 25.6838 -10.6386 1
    endloop
  endfacet
  facet normal -0.857745 -0.514075 0
    outer loop
      vertex 24.5174 13.1048 0
      vertex 23.1149 15.4449 1
      vertex 23.1149 15.4449 0
    endloop
  endfacet
  facet normal -0.857745 -0.514075 0
    outer loop
      vertex 23.1149 15.4449 1
      vertex 24.5174 13.1048 0
      vertex 24.5174 13.1048 1
    endloop
  endfacet
  facet normal -0.671543 0.740966 0
    outer loop
      vertex 19.6576 -19.6576 0
      vertex 17.6361 -21.4897 1
      vertex 19.6576 -19.6576 1
    endloop
  endfacet
  facet normal -0.671543 0.740966 0
    outer loop
      vertex 17.6361 -21.4897 1
      vertex 19.6576 -19.6576 0
      vertex 17.6361 -21.4897 0
    endloop
  endfacet
  facet normal 0.803191 -0.595722 0
    outer loop
      vertex -23.1149 15.4449 1
      vertex -21.4897 17.6361 0
      vertex -21.4897 17.6361 1
    endloop
  endfacet
  facet normal 0.803191 -0.595722 0
    outer loop
      vertex -21.4897 17.6361 0
      vertex -23.1149 15.4449 1
      vertex -23.1149 15.4449 0
    endloop
  endfacet
  facet normal 0.857745 -0.514075 0
    outer loop
      vertex -24.5174 13.1048 1
      vertex -23.1149 15.4449 0
      vertex -23.1149 15.4449 1
    endloop
  endfacet
  facet normal 0.857745 -0.514075 0
    outer loop
      vertex -23.1149 15.4449 0
      vertex -24.5174 13.1048 1
      vertex -24.5174 13.1048 0
    endloop
  endfacet
  facet normal 0.740966 -0.671543 0
    outer loop
      vertex -21.4897 17.6361 1
      vertex -19.6576 19.6576 0
      vertex -19.6576 19.6576 1
    endloop
  endfacet
  facet normal 0.740966 -0.671543 0
    outer loop
      vertex -19.6576 19.6576 0
      vertex -21.4897 17.6361 1
      vertex -21.4897 17.6361 0
    endloop
  endfacet
  facet normal 0.97003 0.242984 0
    outer loop
      vertex -26.6029 -8.06991 1
      vertex -27.2658 -5.42351 0
      vertex -27.2658 -5.42351 1
    endloop
  endfacet
  facet normal 0.97003 0.242984 0
    outer loop
      vertex -27.2658 -5.42351 0
      vertex -26.6029 -8.06991 1
      vertex -26.6029 -8.06991 0
    endloop
  endfacet
  facet normal -0.0490806 0.998795 0
    outer loop
      vertex 2.72488 -27.6661 0
      vertex 0 -27.8 1
      vertex 2.72488 -27.6661 1
    endloop
  endfacet
  facet normal -0.0490806 0.998795 0
    outer loop
      vertex 0 -27.8 1
      vertex 2.72488 -27.6661 0
      vertex 0 -27.8 0
    endloop
  endfacet
  facet normal 0.989177 -0.146729 0
    outer loop
      vertex -27.6661 2.72488 1
      vertex -27.2658 5.42351 0
      vertex -27.2658 5.42351 1
    endloop
  endfacet
  facet normal 0.989177 -0.146729 0
    outer loop
      vertex -27.2658 5.42351 0
      vertex -27.6661 2.72488 1
      vertex -27.6661 2.72488 0
    endloop
  endfacet
  facet normal -0.242984 -0.97003 0
    outer loop
      vertex 5.42351 27.2658 0
      vertex 8.06991 26.6029 1
      vertex 5.42351 27.2658 1
    endloop
  endfacet
  facet normal -0.242984 -0.97003 -0
    outer loop
      vertex 8.06991 26.6029 1
      vertex 5.42351 27.2658 0
      vertex 8.06991 26.6029 0
    endloop
  endfacet
  facet normal 0.903993 0.427547 0
    outer loop
      vertex -24.5174 -13.1048 1
      vertex -25.6838 -10.6386 0
      vertex -25.6838 -10.6386 1
    endloop
  endfacet
  facet normal 0.903993 0.427547 0
    outer loop
      vertex -25.6838 -10.6386 0
      vertex -24.5174 -13.1048 1
      vertex -24.5174 -13.1048 0
    endloop
  endfacet
  facet normal -0.671543 -0.740966 0
    outer loop
      vertex 17.6361 21.4897 0
      vertex 19.6576 19.6576 1
      vertex 17.6361 21.4897 1
    endloop
  endfacet
  facet normal -0.671543 -0.740966 -0
    outer loop
      vertex 19.6576 19.6576 1
      vertex 17.6361 21.4897 0
      vertex 19.6576 19.6576 0
    endloop
  endfacet
  facet normal -0.514075 0.857745 0
    outer loop
      vertex 15.4449 -23.1149 0
      vertex 13.1048 -24.5174 1
      vertex 15.4449 -23.1149 1
    endloop
  endfacet
  facet normal -0.514075 0.857745 0
    outer loop
      vertex 13.1048 -24.5174 1
      vertex 15.4449 -23.1149 0
      vertex 13.1048 -24.5174 0
    endloop
  endfacet
  facet normal 0.0490806 0.998795 -0
    outer loop
      vertex 0 -27.8 0
      vertex -2.72488 -27.6661 1
      vertex 0 -27.8 1
    endloop
  endfacet
  facet normal 0.0490806 0.998795 0
    outer loop
      vertex -2.72488 -27.6661 1
      vertex 0 -27.8 0
      vertex -2.72488 -27.6661 0
    endloop
  endfacet
  facet normal 0.514075 -0.857745 0
    outer loop
      vertex -15.4449 23.1149 0
      vertex -13.1048 24.5174 1
      vertex -15.4449 23.1149 1
    endloop
  endfacet
  facet normal 0.514075 -0.857745 0
    outer loop
      vertex -13.1048 24.5174 1
      vertex -15.4449 23.1149 0
      vertex -13.1048 24.5174 0
    endloop
  endfacet
  facet normal 0 0 -1
    outer loop
      vertex 26.0669 -1.84424 1
      vertex 27.8 0 1
      vertex 27.6661 -2.72488 1
    endloop
  endfacet
  facet normal 0 0 -1
    outer loop
      vertex 25.9258 -3.27659 1
      vertex 27.6661 -2.72488 1
      vertex 27.2658 -5.42351 1
    endloop
  endfacet
  facet normal -0 0 -1
    outer loop
      vertex 27.8 0 1
      vertex 26.0669 -1.84424 1
      vertex 26.1575 0 1
    endloop
  endfacet
  facet normal 0 0 -1
    outer loop
      vertex 25.2062 -6.8942 1
      vertex 27.2658 -5.42351 1
      vertex 26.6029 -8.06991 1
    endloop
  endfacet
  facet normal 0 0 -1
    outer loop
      vertex 26.0669 1.84424 1
      vertex 27.8 0 1
      vertex 26.1575 0 1
    endloop
  endfacet
  facet normal 0 0 -1
    outer loop
      vertex 26.0315 2.56388 1
      vertex 27.6661 2.72488 1
      vertex 26.0669 1.84424 1
    endloop
  endfacet
  facet normal 0 0 -1
    outer loop
      vertex 27.8 0 1
      vertex 26.0669 1.84424 1
      vertex 27.6661 2.72488 1
    endloop
  endfacet
  facet normal 0 0 -1
    outer loop
      vertex 27.6661 -2.72488 1
      vertex 26.0315 -2.56388 1
      vertex 26.0669 -1.84424 1
    endloop
  endfacet
  facet normal -0 0 -1
    outer loop
      vertex 27.6661 -2.72488 1
      vertex 25.9258 -3.27659 1
      vertex 26.0315 -2.56388 1
    endloop
  endfacet
  facet normal 0 0 -1
    outer loop
      vertex 24.4091 -9.33164 1
      vertex 26.6029 -8.06991 1
      vertex 25.6838 -10.6386 1
    endloop
  endfacet
  facet normal 0 0 -1
    outer loop
      vertex 27.2658 -5.42351 1
      vertex 25.6549 -5.10307 1
      vertex 25.9258 -3.27659 1
    endloop
  endfacet
  facet normal -0 0 -1
    outer loop
      vertex 27.2658 -5.42351 1
      vertex 25.2062 -6.8942 1
      vertex 25.6549 -5.10307 1
    endloop
  endfacet
  facet normal 0 0 -1
    outer loop
      vertex 26.6029 -8.06991 1
      vertex 25.0311 -7.59312 1
      vertex 25.2062 -6.8942 1
    endloop
  endfacet
  facet normal 0 0 -1
    outer loop
      vertex 23.3769 -11.6792 1
      vertex 25.6838 -10.6386 1
      vertex 24.5174 -13.1048 1
    endloop
  endfacet
  facet normal -0 0 -1
    outer loop
      vertex 26.6029 -8.06991 1
      vertex 24.4091 -9.33164 1
      vertex 25.0311 -7.59312 1
    endloop
  endfacet
  facet normal 0 0 -1
    outer loop
      vertex 25.6838 -10.6386 1
      vertex 24.1664 -10.01 1
      vertex 24.4091 -9.33164 1
    endloop
  endfacet
  facet normal -0 0 -1
    outer loop
      vertex 25.6838 -10.6386 1
      vertex 23.3769 -11.6792 1
      vertex 24.1664 -10.01 1
    endloop
  endfacet
  facet normal 0 0 -1
    outer loop
      vertex 22.6984 -12.9486 1
      vertex 24.5174 -13.1048 1
      vertex 23.1149 -15.4449 1
    endloop
  endfacet
  facet normal 0 0 -1
    outer loop
      vertex 24.5174 -13.1048 1
      vertex 23.0688 -12.3306 1
      vertex 23.3769 -11.6792 1
    endloop
  endfacet
  facet normal 0 0 -1
    outer loop
      vertex 24.5174 -13.1048 1
      vertex 22.6984 -12.9486 1
      vertex 23.0688 -12.3306 1
    endloop
  endfacet
  facet normal 0 0 -1
    outer loop
      vertex 23.1149 -15.4449 1
      vertex 21.7491 -14.5323 1
      vertex 22.6984 -12.9486 1
    endloop
  endfacet
  facet normal 0 0 -1
    outer loop
      vertex 20.6492 -16.0154 1
      vertex 23.1149 -15.4449 1
      vertex 21.4897 -17.6361 1
    endloop
  endfacet
  facet normal -0 0 -1
    outer loop
      vertex 23.1149 -15.4449 1
      vertex 20.6492 -16.0154 1
      vertex 21.7491 -14.5323 1
    endloop
  endfacet
  facet normal 0 0 -1
    outer loop
      vertex 21.4897 -17.6361 1
      vertex 20.22 -16.5941 1
      vertex 20.6492 -16.0154 1
    endloop
  endfacet
  facet normal 0 0 -1
    outer loop
      vertex 18.98 -17.9623 1
      vertex 21.4897 -17.6361 1
      vertex 19.6576 -19.6576 1
    endloop
  endfacet
  facet normal -0 0 -1
    outer loop
      vertex 21.4897 -17.6361 1
      vertex 18.98 -17.9623 1
      vertex 20.22 -16.5941 1
    endloop
  endfacet
  facet normal 0 0 -1
    outer loop
      vertex 19.6576 -19.6576 1
      vertex 18.4961 -18.4961 1
      vertex 18.98 -17.9623 1
    endloop
  endfacet
  facet normal 0 0 -1
    outer loop
      vertex 19.6576 -19.6576 1
      vertex 17.9623 -18.98 1
      vertex 18.4961 -18.4961 1
    endloop
  endfacet
  facet normal 0 0 -1
    outer loop
      vertex 17.6361 -21.4897 1
      vertex 17.9623 -18.98 1
      vertex 19.6576 -19.6576 1
    endloop
  endfacet
  facet normal 0 0 -1
    outer loop
      vertex 17.6361 -21.4897 1
      vertex 16.5941 -20.22 1
      vertex 17.9623 -18.98 1
    endloop
  endfacet
  facet normal 0 0 -1
    outer loop
      vertex 17.6361 -21.4897 1
      vertex 16.0154 -20.6492 1
      vertex 16.5941 -20.22 1
    endloop
  endfacet
  facet normal 0 0 -1
    outer loop
      vertex 15.4449 -23.1149 1
      vertex 16.0154 -20.6492 1
      vertex 17.6361 -21.4897 1
    endloop
  endfacet
  facet normal 0 0 -1
    outer loop
      vertex 15.4449 -23.1149 1
      vertex 14.5323 -21.7491 1
      vertex 16.0154 -20.6492 1
    endloop
  endfacet
  facet normal 0 0 -1
    outer loop
      vertex 12.9486 -22.6984 1
      vertex 15.4449 -23.1149 1
      vertex 13.1048 -24.5174 1
    endloop
  endfacet
  facet normal 0 0 -1
    outer loop
      vertex 15.4449 -23.1149 1
      vertex 12.9486 -22.6984 1
      vertex 14.5323 -21.7491 1
    endloop
  endfacet
  facet normal 0 0 -1
    outer loop
      vertex 13.1048 -24.5174 1
      vertex 12.3306 -23.0688 1
      vertex 12.9486 -22.6984 1
    endloop
  endfacet
  facet normal 0 0 -1
    outer loop
      vertex 13.1048 -24.5174 1
      vertex 11.6792 -23.3769 1
      vertex 12.3306 -23.0688 1
    endloop
  endfacet
  facet normal 0 0 -1
    outer loop
      vertex 10.6386 -25.6838 1
      vertex 11.6792 -23.3769 1
      vertex 13.1048 -24.5174 1
    endloop
  endfacet
  facet normal 0 0 -1
    outer loop
      vertex 10.6386 -25.6838 1
      vertex 10.01 -24.1664 1
      vertex 11.6792 -23.3769 1
    endloop
  endfacet
  facet normal 0 0 -1
    outer loop
      vertex 10.6386 -25.6838 1
      vertex 9.33164 -24.4091 1
      vertex 10.01 -24.1664 1
    endloop
  endfacet
  facet normal 0 0 -1
    outer loop
      vertex 8.06991 -26.6029 1
      vertex 9.33164 -24.4091 1
      vertex 10.6386 -25.6838 1
    endloop
  endfacet
  facet normal 0 0 -1
    outer loop
      vertex 8.06991 -26.6029 1
      vertex 7.59312 -25.0311 1
      vertex 9.33164 -24.4091 1
    endloop
  endfacet
  facet normal 0 0 -1
    outer loop
      vertex 8.06991 -26.6029 1
      vertex 6.8942 -25.2062 1
      vertex 7.59312 -25.0311 1
    endloop
  endfacet
  facet normal 0 0 -1
    outer loop
      vertex 5.42351 -27.2658 1
      vertex 6.8942 -25.2062 1
      vertex 8.06991 -26.6029 1
    endloop
  endfacet
  facet normal 0 0 -1
    outer loop
      vertex 5.42351 -27.2658 1
      vertex 5.10307 -25.6549 1
      vertex 6.8942 -25.2062 1
    endloop
  endfacet
  facet normal 0 0 -1
    outer loop
      vertex 5.42351 -27.2658 1
      vertex 3.27659 -25.9258 1
      vertex 5.10307 -25.6549 1
    endloop
  endfacet
  facet normal 0 0 -1
    outer loop
      vertex 2.72488 -27.6661 1
      vertex 3.27659 -25.9258 1
      vertex 5.42351 -27.2658 1
    endloop
  endfacet
  facet normal 0 0 -1
    outer loop
      vertex 2.72488 -27.6661 1
      vertex 2.56388 -26.0315 1
      vertex 3.27659 -25.9258 1
    endloop
  endfacet
  facet normal 0 0 -1
    outer loop
      vertex 2.72488 -27.6661 1
      vertex 1.84424 -26.0669 1
      vertex 2.56388 -26.0315 1
    endloop
  endfacet
  facet normal 0 0 -1
    outer loop
      vertex 0 -27.8 1
      vertex 1.84424 -26.0669 1
      vertex 2.72488 -27.6661 1
    endloop
  endfacet
  facet normal 0 0 -1
    outer loop
      vertex 0 -27.8 1
      vertex 0 -26.1575 1
      vertex 1.84424 -26.0669 1
    endloop
  endfacet
  facet normal 0 0 -1
    outer loop
      vertex 0 -27.8 1
      vertex -1.84424 -26.0669 1
      vertex 0 -26.1575 1
    endloop
  endfacet
  facet normal 0 0 -1
    outer loop
      vertex -2.72488 -27.6661 1
      vertex -1.84424 -26.0669 1
      vertex 0 -27.8 1
    endloop
  endfacet
  facet normal -0 0 -1
    outer loop
      vertex -1.84424 -26.0669 1
      vertex -2.72488 -27.6661 1
      vertex -2.56388 -26.0315 1
    endloop
  endfacet
  facet normal 0 0 -1
    outer loop
      vertex -2.72488 -27.6661 1
      vertex -3.27659 -25.9258 1
      vertex -2.56388 -26.0315 1
    endloop
  endfacet
  facet normal 0 0 -1
    outer loop
      vertex -5.42351 -27.2658 1
      vertex -3.27659 -25.9258 1
      vertex -2.72488 -27.6661 1
    endloop
  endfacet
  facet normal -0 0 -1
    outer loop
      vertex -3.27659 -25.9258 1
      vertex -5.42351 -27.2658 1
      vertex -5.10307 -25.6549 1
    endloop
  endfacet
  facet normal 0 0 -1
    outer loop
      vertex -5.42351 -27.2658 1
      vertex -6.8942 -25.2062 1
      vertex -5.10307 -25.6549 1
    endloop
  endfacet
  facet normal 0 0 -1
    outer loop
      vertex -8.06991 -26.6029 1
      vertex -6.8942 -25.2062 1
      vertex -5.42351 -27.2658 1
    endloop
  endfacet
  facet normal -0 0 -1
    outer loop
      vertex -6.8942 -25.2062 1
      vertex -8.06991 -26.6029 1
      vertex -7.59312 -25.0311 1
    endloop
  endfacet
  facet normal 0 0 -1
    outer loop
      vertex -8.06991 -26.6029 1
      vertex -9.33164 -24.4091 1
      vertex -7.59312 -25.0311 1
    endloop
  endfacet
  facet normal 0 0 -1
    outer loop
      vertex -10.6386 -25.6838 1
      vertex -9.33164 -24.4091 1
      vertex -8.06991 -26.6029 1
    endloop
  endfacet
  facet normal -0 0 -1
    outer loop
      vertex -9.33164 -24.4091 1
      vertex -10.6386 -25.6838 1
      vertex -10.01 -24.1664 1
    endloop
  endfacet
  facet normal 0 0 -1
    outer loop
      vertex -10.6386 -25.6838 1
      vertex -11.6792 -23.3769 1
      vertex -10.01 -24.1664 1
    endloop
  endfacet
  facet normal 0 0 -1
    outer loop
      vertex -13.1048 -24.5174 1
      vertex -11.6792 -23.3769 1
      vertex -10.6386 -25.6838 1
    endloop
  endfacet
  facet normal -0 0 -1
    outer loop
      vertex -11.6792 -23.3769 1
      vertex -13.1048 -24.5174 1
      vertex -12.3306 -23.0688 1
    endloop
  endfacet
  facet normal -0 0 -1
    outer loop
      vertex -12.3306 -23.0688 1
      vertex -13.1048 -24.5174 1
      vertex -12.9486 -22.6984 1
    endloop
  endfacet
  facet normal 0 0 -1
    outer loop
      vertex -15.4449 -23.1149 1
      vertex -12.9486 -22.6984 1
      vertex -13.1048 -24.5174 1
    endloop
  endfacet
  facet normal -0 0 -1
    outer loop
      vertex -12.9486 -22.6984 1
      vertex -15.4449 -23.1149 1
      vertex -14.5323 -21.7491 1
    endloop
  endfacet
  facet normal 0 0 -1
    outer loop
      vertex -15.4449 -23.1149 1
      vertex -16.0154 -20.6492 1
      vertex -14.5323 -21.7491 1
    endloop
  endfacet
  facet normal 0 0 -1
    outer loop
      vertex -17.6361 -21.4897 1
      vertex -16.0154 -20.6492 1
      vertex -15.4449 -23.1149 1
    endloop
  endfacet
  facet normal -0 0 -1
    outer loop
      vertex -16.0154 -20.6492 1
      vertex -17.6361 -21.4897 1
      vertex -16.5941 -20.22 1
    endloop
  endfacet
  facet normal 0 0 -1
    outer loop
      vertex -17.6361 -21.4897 1
      vertex -17.9623 -18.98 1
      vertex -16.5941 -20.22 1
    endloop
  endfacet
  facet normal 0 0 -1
    outer loop
      vertex -19.6576 -19.6576 1
      vertex -17.9623 -18.98 1
      vertex -17.6361 -21.4897 1
    endloop
  endfacet
  facet normal -0 0 -1
    outer loop
      vertex -17.9623 -18.98 1
      vertex -19.6576 -19.6576 1
      vertex -18.4961 -18.4961 1
    endloop
  endfacet
  facet normal -0 0 -1
    outer loop
      vertex -18.4961 -18.4961 1
      vertex -19.6576 -19.6576 1
      vertex -18.98 -17.9623 1
    endloop
  endfacet
  facet normal 0 0 -1
    outer loop
      vertex -21.4897 -17.6361 1
      vertex -18.98 -17.9623 1
      vertex -19.6576 -19.6576 1
    endloop
  endfacet
  facet normal 0 0 -1
    outer loop
      vertex -18.98 -17.9623 1
      vertex -21.4897 -17.6361 1
      vertex -20.22 -16.5941 1
    endloop
  endfacet
  facet normal -0 0 -1
    outer loop
      vertex -20.22 -16.5941 1
      vertex -21.4897 -17.6361 1
      vertex -20.6492 -16.0154 1
    endloop
  endfacet
  facet normal 0 0 -1
    outer loop
      vertex -23.1149 -15.4449 1
      vertex -20.6492 -16.0154 1
      vertex -21.4897 -17.6361 1
    endloop
  endfacet
  facet normal 0 0 -1
    outer loop
      vertex -20.6492 -16.0154 1
      vertex -23.1149 -15.4449 1
      vertex -21.7491 -14.5323 1
    endloop
  endfacet
  facet normal -0 0 -1
    outer loop
      vertex -21.7491 -14.5323 1
      vertex -23.1149 -15.4449 1
      vertex -22.6984 -12.9486 1
    endloop
  endfacet
  facet normal 0 0 -1
    outer loop
      vertex -24.5174 -13.1048 1
      vertex -22.6984 -12.9486 1
      vertex -23.1149 -15.4449 1
    endloop
  endfacet
  facet normal -0 0 -1
    outer loop
      vertex -22.6984 -12.9486 1
      vertex -24.5174 -13.1048 1
      vertex -23.0688 -12.3306 1
    endloop
  endfacet
  facet normal -0 0 -1
    outer loop
      vertex -23.0688 -12.3306 1
      vertex -24.5174 -13.1048 1
      vertex -23.3769 -11.6792 1
    endloop
  endfacet
  facet normal 0 0 -1
    outer loop
      vertex -25.6838 -10.6386 1
      vertex -23.3769 -11.6792 1
      vertex -24.5174 -13.1048 1
    endloop
  endfacet
  facet normal 0 0 -1
    outer loop
      vertex -23.3769 -11.6792 1
      vertex -25.6838 -10.6386 1
      vertex -24.1664 -10.01 1
    endloop
  endfacet
  facet normal -0 0 -1
    outer loop
      vertex -24.1664 -10.01 1
      vertex -25.6838 -10.6386 1
      vertex -24.4091 -9.33164 1
    endloop
  endfacet
  facet normal 0 0 -1
    outer loop
      vertex -26.6029 -8.06991 1
      vertex -24.4091 -9.33164 1
      vertex -25.6838 -10.6386 1
    endloop
  endfacet
  facet normal 0 0 -1
    outer loop
      vertex -24.4091 -9.33164 1
      vertex -26.6029 -8.06991 1
      vertex -25.0311 -7.59312 1
    endloop
  endfacet
  facet normal -0 0 -1
    outer loop
      vertex -25.0311 -7.59312 1
      vertex -26.6029 -8.06991 1
      vertex -25.2062 -6.8942 1
    endloop
  endfacet
  facet normal 0 0 -1
    outer loop
      vertex -27.2658 -5.42351 1
      vertex -25.2062 -6.8942 1
      vertex -26.6029 -8.06991 1
    endloop
  endfacet
  facet normal 0 0 -1
    outer loop
      vertex -25.2062 -6.8942 1
      vertex -27.2658 -5.42351 1
      vertex -25.6549 -5.10307 1
    endloop
  endfacet
  facet normal -0 0 -1
    outer loop
      vertex -25.6549 -5.10307 1
      vertex -27.2658 -5.42351 1
      vertex -25.9258 -3.27659 1
    endloop
  endfacet
  facet normal 0 0 -1
    outer loop
      vertex -27.6661 -2.72488 1
      vertex -25.9258 -3.27659 1
      vertex -27.2658 -5.42351 1
    endloop
  endfacet
  facet normal 0 0 -1
    outer loop
      vertex -25.9258 -3.27659 1
      vertex -27.6661 -2.72488 1
      vertex -26.0315 -2.56388 1
    endloop
  endfacet
  facet normal 0 0 -1
    outer loop
      vertex 25.9258 3.27659 1
      vertex 27.6661 2.72488 1
      vertex 26.0315 2.56388 1
    endloop
  endfacet
  facet normal 0 0 -1
    outer loop
      vertex 27.6661 2.72488 1
      vertex 25.9258 3.27659 1
      vertex 27.2658 5.42351 1
    endloop
  endfacet
  facet normal 0 0 -1
    outer loop
      vertex 25.6549 5.10307 1
      vertex 27.2658 5.42351 1
      vertex 25.9258 3.27659 1
    endloop
  endfacet
  facet normal 0 0 -1
    outer loop
      vertex 25.2062 6.8942 1
      vertex 27.2658 5.42351 1
      vertex 25.6549 5.10307 1
    endloop
  endfacet
  facet normal 0 0 -1
    outer loop
      vertex 27.2658 5.42351 1
      vertex 25.2062 6.8942 1
      vertex 26.6029 8.06991 1
    endloop
  endfacet
  facet normal 0 0 -1
    outer loop
      vertex 25.0311 7.59312 1
      vertex 26.6029 8.06991 1
      vertex 25.2062 6.8942 1
    endloop
  endfacet
  facet normal 0 0 -1
    outer loop
      vertex 24.4091 9.33164 1
      vertex 26.6029 8.06991 1
      vertex 25.0311 7.59312 1
    endloop
  endfacet
  facet normal 0 0 -1
    outer loop
      vertex 26.6029 8.06991 1
      vertex 24.4091 9.33164 1
      vertex 25.6838 10.6386 1
    endloop
  endfacet
  facet normal 0 0 -1
    outer loop
      vertex 24.1664 10.01 1
      vertex 25.6838 10.6386 1
      vertex 24.4091 9.33164 1
    endloop
  endfacet
  facet normal 0 0 -1
    outer loop
      vertex 23.3769 11.6792 1
      vertex 25.6838 10.6386 1
      vertex 24.1664 10.01 1
    endloop
  endfacet
  facet normal 0 0 -1
    outer loop
      vertex 25.6838 10.6386 1
      vertex 23.3769 11.6792 1
      vertex 24.5174 13.1048 1
    endloop
  endfacet
  facet normal 0 0 -1
    outer loop
      vertex 23.0688 12.3306 1
      vertex 24.5174 13.1048 1
      vertex 23.3769 11.6792 1
    endloop
  endfacet
  facet normal 0 0 -1
    outer loop
      vertex 22.6984 12.9486 1
      vertex 24.5174 13.1048 1
      vertex 23.0688 12.3306 1
    endloop
  endfacet
  facet normal -0 0 -1
    outer loop
      vertex 24.5174 13.1048 1
      vertex 22.6984 12.9486 1
      vertex 23.1149 15.4449 1
    endloop
  endfacet
  facet normal 0 0 -1
    outer loop
      vertex 21.7491 14.5323 1
      vertex 23.1149 15.4449 1
      vertex 22.6984 12.9486 1
    endloop
  endfacet
  facet normal 0 0 -1
    outer loop
      vertex 20.6492 16.0154 1
      vertex 23.1149 15.4449 1
      vertex 21.7491 14.5323 1
    endloop
  endfacet
  facet normal 0 0 -1
    outer loop
      vertex 23.1149 15.4449 1
      vertex 20.6492 16.0154 1
      vertex 21.4897 17.6361 1
    endloop
  endfacet
  facet normal 0 0 -1
    outer loop
      vertex 20.22 16.5941 1
      vertex 21.4897 17.6361 1
      vertex 20.6492 16.0154 1
    endloop
  endfacet
  facet normal 0 0 -1
    outer loop
      vertex 18.98 17.9623 1
      vertex 21.4897 17.6361 1
      vertex 20.22 16.5941 1
    endloop
  endfacet
  facet normal 0 0 -1
    outer loop
      vertex 21.4897 17.6361 1
      vertex 18.98 17.9623 1
      vertex 19.6576 19.6576 1
    endloop
  endfacet
  facet normal 0 0 -1
    outer loop
      vertex 18.4961 18.4961 1
      vertex 19.6576 19.6576 1
      vertex 18.98 17.9623 1
    endloop
  endfacet
  facet normal 0 0 -1
    outer loop
      vertex 17.9623 18.98 1
      vertex 19.6576 19.6576 1
      vertex 18.4961 18.4961 1
    endloop
  endfacet
  facet normal 0 0 -1
    outer loop
      vertex 17.9623 18.98 1
      vertex 17.6361 21.4897 1
      vertex 19.6576 19.6576 1
    endloop
  endfacet
  facet normal 0 0 -1
    outer loop
      vertex 16.5941 20.22 1
      vertex 17.6361 21.4897 1
      vertex 17.9623 18.98 1
    endloop
  endfacet
  facet normal 0 0 -1
    outer loop
      vertex 16.0154 20.6492 1
      vertex 17.6361 21.4897 1
      vertex 16.5941 20.22 1
    endloop
  endfacet
  facet normal 0 0 -1
    outer loop
      vertex 16.0154 20.6492 1
      vertex 15.4449 23.1149 1
      vertex 17.6361 21.4897 1
    endloop
  endfacet
  facet normal 0 0 -1
    outer loop
      vertex 14.5323 21.7491 1
      vertex 15.4449 23.1149 1
      vertex 16.0154 20.6492 1
    endloop
  endfacet
  facet normal 0 0 -1
    outer loop
      vertex 12.9486 22.6984 1
      vertex 15.4449 23.1149 1
      vertex 14.5323 21.7491 1
    endloop
  endfacet
  facet normal -0 0 -1
    outer loop
      vertex 15.4449 23.1149 1
      vertex 12.9486 22.6984 1
      vertex 13.1048 24.5174 1
    endloop
  endfacet
  facet normal 0 0 -1
    outer loop
      vertex 12.3306 23.0688 1
      vertex 13.1048 24.5174 1
      vertex 12.9486 22.6984 1
    endloop
  endfacet
  facet normal 0 0 -1
    outer loop
      vertex 11.6792 23.3769 1
      vertex 13.1048 24.5174 1
      vertex 12.3306 23.0688 1
    endloop
  endfacet
  facet normal 0 0 -1
    outer loop
      vertex 11.6792 23.3769 1
      vertex 10.6386 25.6838 1
      vertex 13.1048 24.5174 1
    endloop
  endfacet
  facet normal 0 0 -1
    outer loop
      vertex 10.01 24.1664 1
      vertex 10.6386 25.6838 1
      vertex 11.6792 23.3769 1
    endloop
  endfacet
  facet normal 0 0 -1
    outer loop
      vertex 9.33164 24.4091 1
      vertex 10.6386 25.6838 1
      vertex 10.01 24.1664 1
    endloop
  endfacet
  facet normal 0 0 -1
    outer loop
      vertex 9.33164 24.4091 1
      vertex 8.06991 26.6029 1
      vertex 10.6386 25.6838 1
    endloop
  endfacet
  facet normal 0 0 -1
    outer loop
      vertex 7.59312 25.0311 1
      vertex 8.06991 26.6029 1
      vertex 9.33164 24.4091 1
    endloop
  endfacet
  facet normal 0 0 -1
    outer loop
      vertex 6.8942 25.2062 1
      vertex 8.06991 26.6029 1
      vertex 7.59312 25.0311 1
    endloop
  endfacet
  facet normal 0 0 -1
    outer loop
      vertex 6.8942 25.2062 1
      vertex 5.42351 27.2658 1
      vertex 8.06991 26.6029 1
    endloop
  endfacet
  facet normal 0 0 -1
    outer loop
      vertex 5.10307 25.6549 1
      vertex 5.42351 27.2658 1
      vertex 6.8942 25.2062 1
    endloop
  endfacet
  facet normal 0 0 -1
    outer loop
      vertex 3.27659 25.9258 1
      vertex 5.42351 27.2658 1
      vertex 5.10307 25.6549 1
    endloop
  endfacet
  facet normal 0 0 -1
    outer loop
      vertex 3.27659 25.9258 1
      vertex 2.72488 27.6661 1
      vertex 5.42351 27.2658 1
    endloop
  endfacet
  facet normal 0 0 -1
    outer loop
      vertex 2.56388 26.0315 1
      vertex 2.72488 27.6661 1
      vertex 3.27659 25.9258 1
    endloop
  endfacet
  facet normal 0 0 -1
    outer loop
      vertex 1.84424 26.0669 1
      vertex 2.72488 27.6661 1
      vertex 2.56388 26.0315 1
    endloop
  endfacet
  facet normal 0 0 -1
    outer loop
      vertex 0 27.8 1
      vertex 1.84424 26.0669 1
      vertex 0 26.1575 1
    endloop
  endfacet
  facet normal 0 0 -1
    outer loop
      vertex 1.84424 26.0669 1
      vertex 0 27.8 1
      vertex 2.72488 27.6661 1
    endloop
  endfacet
  facet normal 0 0 -1
    outer loop
      vertex -1.84424 26.0669 1
      vertex 0 27.8 1
      vertex 0 26.1575 1
    endloop
  endfacet
  facet normal 0 0 -1
    outer loop
      vertex -2.72488 27.6661 1
      vertex -1.84424 26.0669 1
      vertex -2.56388 26.0315 1
    endloop
  endfacet
  facet normal 0 0 -1
    outer loop
      vertex -1.84424 26.0669 1
      vertex -2.72488 27.6661 1
      vertex 0 27.8 1
    endloop
  endfacet
  facet normal 0 0 -1
    outer loop
      vertex -3.27659 25.9258 1
      vertex -2.72488 27.6661 1
      vertex -2.56388 26.0315 1
    endloop
  endfacet
  facet normal 0 0 -1
    outer loop
      vertex -5.42351 27.2658 1
      vertex -3.27659 25.9258 1
      vertex -5.10307 25.6549 1
    endloop
  endfacet
  facet normal 0 0 -1
    outer loop
      vertex -3.27659 25.9258 1
      vertex -5.42351 27.2658 1
      vertex -2.72488 27.6661 1
    endloop
  endfacet
  facet normal 0 0 -1
    outer loop
      vertex -6.8942 25.2062 1
      vertex -5.42351 27.2658 1
      vertex -5.10307 25.6549 1
    endloop
  endfacet
  facet normal 0 0 -1
    outer loop
      vertex -8.06991 26.6029 1
      vertex -6.8942 25.2062 1
      vertex -7.59312 25.0311 1
    endloop
  endfacet
  facet normal 0 0 -1
    outer loop
      vertex -6.8942 25.2062 1
      vertex -8.06991 26.6029 1
      vertex -5.42351 27.2658 1
    endloop
  endfacet
  facet normal 0 0 -1
    outer loop
      vertex -9.33164 24.4091 1
      vertex -8.06991 26.6029 1
      vertex -7.59312 25.0311 1
    endloop
  endfacet
  facet normal 0 0 -1
    outer loop
      vertex -10.6386 25.6838 1
      vertex -9.33164 24.4091 1
      vertex -10.01 24.1664 1
    endloop
  endfacet
  facet normal 0 0 -1
    outer loop
      vertex -9.33164 24.4091 1
      vertex -10.6386 25.6838 1
      vertex -8.06991 26.6029 1
    endloop
  endfacet
  facet normal 0 0 -1
    outer loop
      vertex -11.6792 23.3769 1
      vertex -10.6386 25.6838 1
      vertex -10.01 24.1664 1
    endloop
  endfacet
  facet normal 0 0 -1
    outer loop
      vertex -13.1048 24.5174 1
      vertex -11.6792 23.3769 1
      vertex -12.3306 23.0688 1
    endloop
  endfacet
  facet normal 0 0 -1
    outer loop
      vertex -13.1048 24.5174 1
      vertex -12.3306 23.0688 1
      vertex -12.9486 22.6984 1
    endloop
  endfacet
  facet normal 0 0 -1
    outer loop
      vertex -11.6792 23.3769 1
      vertex -13.1048 24.5174 1
      vertex -10.6386 25.6838 1
    endloop
  endfacet
  facet normal 0 0 -1
    outer loop
      vertex -15.4449 23.1149 1
      vertex -12.9486 22.6984 1
      vertex -14.5323 21.7491 1
    endloop
  endfacet
  facet normal 0 0 -1
    outer loop
      vertex -12.9486 22.6984 1
      vertex -15.4449 23.1149 1
      vertex -13.1048 24.5174 1
    endloop
  endfacet
  facet normal 0 0 -1
    outer loop
      vertex -16.0154 20.6492 1
      vertex -15.4449 23.1149 1
      vertex -14.5323 21.7491 1
    endloop
  endfacet
  facet normal 0 0 -1
    outer loop
      vertex -17.6361 21.4897 1
      vertex -16.0154 20.6492 1
      vertex -16.5941 20.22 1
    endloop
  endfacet
  facet normal 0 0 -1
    outer loop
      vertex -16.0154 20.6492 1
      vertex -17.6361 21.4897 1
      vertex -15.4449 23.1149 1
    endloop
  endfacet
  facet normal 0 0 -1
    outer loop
      vertex -17.9623 18.98 1
      vertex -17.6361 21.4897 1
      vertex -16.5941 20.22 1
    endloop
  endfacet
  facet normal 0 0 -1
    outer loop
      vertex -19.6576 19.6576 1
      vertex -17.9623 18.98 1
      vertex -18.4961 18.4961 1
    endloop
  endfacet
  facet normal 0 0 -1
    outer loop
      vertex -19.6576 19.6576 1
      vertex -18.4961 18.4961 1
      vertex -18.98 17.9623 1
    endloop
  endfacet
  facet normal 0 0 -1
    outer loop
      vertex -17.9623 18.98 1
      vertex -19.6576 19.6576 1
      vertex -17.6361 21.4897 1
    endloop
  endfacet
  facet normal 0 0 -1
    outer loop
      vertex -21.4897 17.6361 1
      vertex -18.98 17.9623 1
      vertex -20.22 16.5941 1
    endloop
  endfacet
  facet normal 0 0 -1
    outer loop
      vertex -21.4897 17.6361 1
      vertex -20.22 16.5941 1
      vertex -20.6492 16.0154 1
    endloop
  endfacet
  facet normal -0 0 -1
    outer loop
      vertex -18.98 17.9623 1
      vertex -21.4897 17.6361 1
      vertex -19.6576 19.6576 1
    endloop
  endfacet
  facet normal 0 0 -1
    outer loop
      vertex -23.1149 15.4449 1
      vertex -20.6492 16.0154 1
      vertex -21.7491 14.5323 1
    endloop
  endfacet
  facet normal 0 0 -1
    outer loop
      vertex -23.1149 15.4449 1
      vertex -21.7491 14.5323 1
      vertex -22.6984 12.9486 1
    endloop
  endfacet
  facet normal 0 0 -1
    outer loop
      vertex -24.5174 13.1048 1
      vertex -22.6984 12.9486 1
      vertex -23.0688 12.3306 1
    endloop
  endfacet
  facet normal -0 0 -1
    outer loop
      vertex -20.6492 16.0154 1
      vertex -23.1149 15.4449 1
      vertex -21.4897 17.6361 1
    endloop
  endfacet
  facet normal 0 0 -1
    outer loop
      vertex -24.5174 13.1048 1
      vertex -23.0688 12.3306 1
      vertex -23.3769 11.6792 1
    endloop
  endfacet
  facet normal 0 0 -1
    outer loop
      vertex -25.6838 10.6386 1
      vertex -23.3769 11.6792 1
      vertex -24.1664 10.01 1
    endloop
  endfacet
  facet normal 0 0 -1
    outer loop
      vertex -25.6838 10.6386 1
      vertex -24.1664 10.01 1
      vertex -24.4091 9.33164 1
    endloop
  endfacet
  facet normal 0 0 -1
    outer loop
      vertex -22.6984 12.9486 1
      vertex -24.5174 13.1048 1
      vertex -23.1149 15.4449 1
    endloop
  endfacet
  facet normal 0 0 -1
    outer loop
      vertex -26.6029 8.06991 1
      vertex -24.4091 9.33164 1
      vertex -25.0311 7.59312 1
    endloop
  endfacet
  facet normal 0 0 -1
    outer loop
      vertex -26.6029 8.06991 1
      vertex -25.0311 7.59312 1
      vertex -25.2062 6.8942 1
    endloop
  endfacet
  facet normal 0 0 -1
    outer loop
      vertex -27.2658 5.42351 1
      vertex -25.2062 6.8942 1
      vertex -25.6549 5.10307 1
    endloop
  endfacet
  facet normal -0 0 -1
    outer loop
      vertex -23.3769 11.6792 1
      vertex -25.6838 10.6386 1
      vertex -24.5174 13.1048 1
    endloop
  endfacet
  facet normal 0 0 -1
    outer loop
      vertex -27.2658 5.42351 1
      vertex -25.6549 5.10307 1
      vertex -25.9258 3.27659 1
    endloop
  endfacet
  facet normal 0 0 -1
    outer loop
      vertex -27.6661 2.72488 1
      vertex -25.9258 3.27659 1
      vertex -26.0315 2.56388 1
    endloop
  endfacet
  facet normal 0 0 -1
    outer loop
      vertex -27.6661 2.72488 1
      vertex -26.0315 2.56388 1
      vertex -26.0669 1.84424 1
    endloop
  endfacet
  facet normal 0 0 -1
    outer loop
      vertex -27.8 0 1
      vertex -26.0669 1.84424 1
      vertex -26.1575 0 1
    endloop
  endfacet
  facet normal -0 0 -1
    outer loop
      vertex -26.0315 -2.56388 1
      vertex -27.6661 -2.72488 1
      vertex -26.0669 -1.84424 1
    endloop
  endfacet
  facet normal -0 0 -1
    outer loop
      vertex -24.4091 9.33164 1
      vertex -26.6029 8.06991 1
      vertex -25.6838 10.6386 1
    endloop
  endfacet
  facet normal 0 0 -1
    outer loop
      vertex -27.8 0 1
      vertex -26.0669 -1.84424 1
      vertex -27.6661 -2.72488 1
    endloop
  endfacet
  facet normal -0 0 -1
    outer loop
      vertex -25.2062 6.8942 1
      vertex -27.2658 5.42351 1
      vertex -26.6029 8.06991 1
    endloop
  endfacet
  facet normal 0 0 -1
    outer loop
      vertex -26.0669 -1.84424 1
      vertex -27.8 0 1
      vertex -26.1575 0 1
    endloop
  endfacet
  facet normal -0 0 -1
    outer loop
      vertex -25.9258 3.27659 1
      vertex -27.6661 2.72488 1
      vertex -27.2658 5.42351 1
    endloop
  endfacet
  facet normal -0 0 -1
    outer loop
      vertex -26.0669 1.84424 1
      vertex -27.8 0 1
      vertex -27.6661 2.72488 1
    endloop
  endfacet
  facet normal 0.941543 -0.336892 0
    outer loop
      vertex -26.6029 8.06991 1
      vertex -25.6838 10.6386 0
      vertex -25.6838 10.6386 1
    endloop
  endfacet
  facet normal 0.941543 -0.336892 0
    outer loop
      vertex -25.6838 10.6386 0
      vertex -26.6029 8.06991 1
      vertex -26.6029 8.06991 0
    endloop
  endfacet
  facet normal 0.998795 -0.0490806 0
    outer loop
      vertex -27.8 0 1
      vertex -27.6661 2.72488 0
      vertex -27.6661 2.72488 1
    endloop
  endfacet
  facet normal 0.998795 -0.0490806 0
    outer loop
      vertex -27.6661 2.72488 0
      vertex -27.8 0 1
      vertex -27.8 0 0
    endloop
  endfacet
  facet normal 0.857745 0.514075 0
    outer loop
      vertex -23.1149 -15.4449 1
      vertex -24.5174 -13.1048 0
      vertex -24.5174 -13.1048 1
    endloop
  endfacet
  facet normal 0.857745 0.514075 0
    outer loop
      vertex -24.5174 -13.1048 0
      vertex -23.1149 -15.4449 1
      vertex -23.1149 -15.4449 0
    endloop
  endfacet
  facet normal 0.336892 0.941543 -0
    outer loop
      vertex -8.06991 -26.6029 0
      vertex -10.6386 -25.6838 1
      vertex -8.06991 -26.6029 1
    endloop
  endfacet
  facet normal 0.336892 0.941543 0
    outer loop
      vertex -10.6386 -25.6838 1
      vertex -8.06991 -26.6029 0
      vertex -10.6386 -25.6838 0
    endloop
  endfacet
  facet normal -0.0490806 0.998795 0
    outer loop
      vertex 2.72488 -27.6661 7
      vertex 0 -27.8 8
      vertex 2.72488 -27.6661 8
    endloop
  endfacet
  facet normal -0.0490806 0.998795 0
    outer loop
      vertex 0 -27.8 8
      vertex 2.72488 -27.6661 7
      vertex 0 -27.8 7
    endloop
  endfacet
  facet normal -0.857745 -0.514075 0
    outer loop
      vertex 24.5174 13.1048 7
      vertex 23.1149 15.4449 8
      vertex 23.1149 15.4449 7
    endloop
  endfacet
  facet normal -0.857745 -0.514075 0
    outer loop
      vertex 23.1149 15.4449 8
      vertex 24.5174 13.1048 7
      vertex 24.5174 13.1048 8
    endloop
  endfacet
  facet normal 0.857745 -0.514075 0
    outer loop
      vertex -24.5174 13.1048 8
      vertex -23.1149 15.4449 7
      vertex -23.1149 15.4449 8
    endloop
  endfacet
  facet normal 0.857745 -0.514075 0
    outer loop
      vertex -23.1149 15.4449 7
      vertex -24.5174 13.1048 8
      vertex -24.5174 13.1048 7
    endloop
  endfacet
  facet normal 0.998795 -0.0490806 0
    outer loop
      vertex -27.8 0 8
      vertex -27.6661 2.72488 7
      vertex -27.6661 2.72488 8
    endloop
  endfacet
  facet normal 0.998795 -0.0490806 0
    outer loop
      vertex -27.6661 2.72488 7
      vertex -27.8 0 8
      vertex -27.8 0 7
    endloop
  endfacet
  facet normal 0.514075 0.857745 -0
    outer loop
      vertex -13.1048 -24.5174 7
      vertex -15.4449 -23.1149 8
      vertex -13.1048 -24.5174 8
    endloop
  endfacet
  facet normal 0.514075 0.857745 0
    outer loop
      vertex -15.4449 -23.1149 8
      vertex -13.1048 -24.5174 7
      vertex -15.4449 -23.1149 7
    endloop
  endfacet
  facet normal -0.595722 0.803191 0
    outer loop
      vertex 17.6361 -21.4897 7
      vertex 15.4449 -23.1149 8
      vertex 17.6361 -21.4897 8
    endloop
  endfacet
  facet normal -0.595722 0.803191 0
    outer loop
      vertex 15.4449 -23.1149 8
      vertex 17.6361 -21.4897 7
      vertex 15.4449 -23.1149 7
    endloop
  endfacet
  facet normal 0.671543 0.740966 -0
    outer loop
      vertex -17.6361 -21.4897 7
      vertex -19.6576 -19.6576 8
      vertex -17.6361 -21.4897 8
    endloop
  endfacet
  facet normal 0.671543 0.740966 0
    outer loop
      vertex -19.6576 -19.6576 8
      vertex -17.6361 -21.4897 7
      vertex -19.6576 -19.6576 7
    endloop
  endfacet
  facet normal 0.0490806 0.998795 -0
    outer loop
      vertex 0 -27.8 7
      vertex -2.72488 -27.6661 8
      vertex 0 -27.8 8
    endloop
  endfacet
  facet normal 0.0490806 0.998795 0
    outer loop
      vertex -2.72488 -27.6661 8
      vertex 0 -27.8 7
      vertex -2.72488 -27.6661 7
    endloop
  endfacet
  facet normal -0.903993 0.427547 0
    outer loop
      vertex 24.5174 -13.1048 7
      vertex 25.6838 -10.6386 8
      vertex 25.6838 -10.6386 7
    endloop
  endfacet
  facet normal -0.903993 0.427547 0
    outer loop
      vertex 25.6838 -10.6386 8
      vertex 24.5174 -13.1048 7
      vertex 24.5174 -13.1048 8
    endloop
  endfacet
  facet normal -0.146729 0.989177 0
    outer loop
      vertex 5.42351 -27.2658 7
      vertex 2.72488 -27.6661 8
      vertex 5.42351 -27.2658 8
    endloop
  endfacet
  facet normal -0.146729 0.989177 0
    outer loop
      vertex 2.72488 -27.6661 8
      vertex 5.42351 -27.2658 7
      vertex 2.72488 -27.6661 7
    endloop
  endfacet
  facet normal 0.989177 -0.146729 0
    outer loop
      vertex -27.6661 2.72488 8
      vertex -27.2658 5.42351 7
      vertex -27.2658 5.42351 8
    endloop
  endfacet
  facet normal 0.989177 -0.146729 0
    outer loop
      vertex -27.2658 5.42351 7
      vertex -27.6661 2.72488 8
      vertex -27.6661 2.72488 7
    endloop
  endfacet
  facet normal 0.595722 -0.803191 0
    outer loop
      vertex -17.6361 21.4897 7
      vertex -15.4449 23.1149 8
      vertex -17.6361 21.4897 8
    endloop
  endfacet
  facet normal 0.595722 -0.803191 0
    outer loop
      vertex -15.4449 23.1149 8
      vertex -17.6361 21.4897 7
      vertex -15.4449 23.1149 7
    endloop
  endfacet
  facet normal 0.857745 0.514075 0
    outer loop
      vertex -23.1149 -15.4449 8
      vertex -24.5174 -13.1048 7
      vertex -24.5174 -13.1048 8
    endloop
  endfacet
  facet normal 0.857745 0.514075 0
    outer loop
      vertex -24.5174 -13.1048 7
      vertex -23.1149 -15.4449 8
      vertex -23.1149 -15.4449 7
    endloop
  endfacet
  facet normal -0.998795 0.0490806 0
    outer loop
      vertex 27.6661 -2.72488 7
      vertex 27.8 0 8
      vertex 27.8 0 7
    endloop
  endfacet
  facet normal -0.998795 0.0490806 0
    outer loop
      vertex 27.8 0 8
      vertex 27.6661 -2.72488 7
      vertex 27.6661 -2.72488 8
    endloop
  endfacet
  facet normal 0.336892 -0.941543 0
    outer loop
      vertex -10.6386 25.6838 7
      vertex -8.06991 26.6029 8
      vertex -10.6386 25.6838 8
    endloop
  endfacet
  facet normal 0.336892 -0.941543 0
    outer loop
      vertex -8.06991 26.6029 8
      vertex -10.6386 25.6838 7
      vertex -8.06991 26.6029 7
    endloop
  endfacet
  facet normal -0.989177 -0.146729 0
    outer loop
      vertex 27.6661 2.72488 7
      vertex 27.2658 5.42351 8
      vertex 27.2658 5.42351 7
    endloop
  endfacet
  facet normal -0.989177 -0.146729 0
    outer loop
      vertex 27.2658 5.42351 8
      vertex 27.6661 2.72488 7
      vertex 27.6661 2.72488 8
    endloop
  endfacet
  facet normal 0.998795 0.0490806 0
    outer loop
      vertex -27.6661 -2.72488 8
      vertex -27.8 0 7
      vertex -27.8 0 8
    endloop
  endfacet
  facet normal 0.998795 0.0490806 0
    outer loop
      vertex -27.8 0 7
      vertex -27.6661 -2.72488 8
      vertex -27.6661 -2.72488 7
    endloop
  endfacet
  facet normal -0.989177 0.146729 0
    outer loop
      vertex 27.2658 -5.42351 7
      vertex 27.6661 -2.72488 8
      vertex 27.6661 -2.72488 7
    endloop
  endfacet
  facet normal -0.989177 0.146729 0
    outer loop
      vertex 27.6661 -2.72488 8
      vertex 27.2658 -5.42351 7
      vertex 27.2658 -5.42351 8
    endloop
  endfacet
  facet normal -0.998795 -0.0490806 0
    outer loop
      vertex 27.8 0 7
      vertex 27.6661 2.72488 8
      vertex 27.6661 2.72488 7
    endloop
  endfacet
  facet normal -0.998795 -0.0490806 0
    outer loop
      vertex 27.6661 2.72488 8
      vertex 27.8 0 7
      vertex 27.8 0 8
    endloop
  endfacet
  facet normal -0.803191 -0.595722 0
    outer loop
      vertex 23.1149 15.4449 7
      vertex 21.4897 17.6361 8
      vertex 21.4897 17.6361 7
    endloop
  endfacet
  facet normal -0.803191 -0.595722 0
    outer loop
      vertex 21.4897 17.6361 8
      vertex 23.1149 15.4449 7
      vertex 23.1149 15.4449 8
    endloop
  endfacet
  facet normal 0.146729 -0.989177 0
    outer loop
      vertex -5.42351 27.2658 7
      vertex -2.72488 27.6661 8
      vertex -5.42351 27.2658 8
    endloop
  endfacet
  facet normal 0.146729 -0.989177 0
    outer loop
      vertex -2.72488 27.6661 8
      vertex -5.42351 27.2658 7
      vertex -2.72488 27.6661 7
    endloop
  endfacet
  facet normal -0.595722 -0.803191 0
    outer loop
      vertex 15.4449 23.1149 7
      vertex 17.6361 21.4897 8
      vertex 15.4449 23.1149 8
    endloop
  endfacet
  facet normal -0.595722 -0.803191 -0
    outer loop
      vertex 17.6361 21.4897 8
      vertex 15.4449 23.1149 7
      vertex 17.6361 21.4897 7
    endloop
  endfacet
  facet normal -0.740966 0.671543 0
    outer loop
      vertex 19.6576 -19.6576 7
      vertex 21.4897 -17.6361 8
      vertex 21.4897 -17.6361 7
    endloop
  endfacet
  facet normal -0.740966 0.671543 0
    outer loop
      vertex 21.4897 -17.6361 8
      vertex 19.6576 -19.6576 7
      vertex 19.6576 -19.6576 8
    endloop
  endfacet
  facet normal 0.97003 0.242984 0
    outer loop
      vertex -26.6029 -8.06991 8
      vertex -27.2658 -5.42351 7
      vertex -27.2658 -5.42351 8
    endloop
  endfacet
  facet normal 0.97003 0.242984 0
    outer loop
      vertex -27.2658 -5.42351 7
      vertex -26.6029 -8.06991 8
      vertex -26.6029 -8.06991 7
    endloop
  endfacet
  facet normal -0.97003 0.242984 0
    outer loop
      vertex 26.6029 -8.06991 7
      vertex 27.2658 -5.42351 8
      vertex 27.2658 -5.42351 7
    endloop
  endfacet
  facet normal -0.97003 0.242984 0
    outer loop
      vertex 27.2658 -5.42351 8
      vertex 26.6029 -8.06991 7
      vertex 26.6029 -8.06991 8
    endloop
  endfacet
  facet normal -0.97003 -0.242984 0
    outer loop
      vertex 27.2658 5.42351 7
      vertex 26.6029 8.06991 8
      vertex 26.6029 8.06991 7
    endloop
  endfacet
  facet normal -0.97003 -0.242984 0
    outer loop
      vertex 26.6029 8.06991 8
      vertex 27.2658 5.42351 7
      vertex 27.2658 5.42351 8
    endloop
  endfacet
  facet normal -0.427547 -0.903993 0
    outer loop
      vertex 10.6386 25.6838 7
      vertex 13.1048 24.5174 8
      vertex 10.6386 25.6838 8
    endloop
  endfacet
  facet normal -0.427547 -0.903993 -0
    outer loop
      vertex 13.1048 24.5174 8
      vertex 10.6386 25.6838 7
      vertex 13.1048 24.5174 7
    endloop
  endfacet
  facet normal 0.903993 0.427547 0
    outer loop
      vertex -24.5174 -13.1048 8
      vertex -25.6838 -10.6386 7
      vertex -25.6838 -10.6386 8
    endloop
  endfacet
  facet normal 0.903993 0.427547 0
    outer loop
      vertex -25.6838 -10.6386 7
      vertex -24.5174 -13.1048 8
      vertex -24.5174 -13.1048 7
    endloop
  endfacet
  facet normal 0.740966 -0.671543 0
    outer loop
      vertex -21.4897 17.6361 8
      vertex -19.6576 19.6576 7
      vertex -19.6576 19.6576 8
    endloop
  endfacet
  facet normal 0.740966 -0.671543 0
    outer loop
      vertex -19.6576 19.6576 7
      vertex -21.4897 17.6361 8
      vertex -21.4897 17.6361 7
    endloop
  endfacet
  facet normal -0.803191 0.595722 0
    outer loop
      vertex 21.4897 -17.6361 7
      vertex 23.1149 -15.4449 8
      vertex 23.1149 -15.4449 7
    endloop
  endfacet
  facet normal -0.803191 0.595722 0
    outer loop
      vertex 23.1149 -15.4449 8
      vertex 21.4897 -17.6361 7
      vertex 21.4897 -17.6361 8
    endloop
  endfacet
  facet normal 0.0490806 -0.998795 0
    outer loop
      vertex -2.72488 27.6661 7
      vertex 0 27.8 8
      vertex -2.72488 27.6661 8
    endloop
  endfacet
  facet normal 0.0490806 -0.998795 0
    outer loop
      vertex 0 27.8 8
      vertex -2.72488 27.6661 7
      vertex 0 27.8 7
    endloop
  endfacet
  facet normal 0.595722 0.803191 -0
    outer loop
      vertex -15.4449 -23.1149 7
      vertex -17.6361 -21.4897 8
      vertex -15.4449 -23.1149 8
    endloop
  endfacet
  facet normal 0.595722 0.803191 0
    outer loop
      vertex -17.6361 -21.4897 8
      vertex -15.4449 -23.1149 7
      vertex -17.6361 -21.4897 7
    endloop
  endfacet
  facet normal -0.740966 -0.671543 0
    outer loop
      vertex 21.4897 17.6361 7
      vertex 19.6576 19.6576 8
      vertex 19.6576 19.6576 7
    endloop
  endfacet
  facet normal -0.740966 -0.671543 0
    outer loop
      vertex 19.6576 19.6576 8
      vertex 21.4897 17.6361 7
      vertex 21.4897 17.6361 8
    endloop
  endfacet
  facet normal -0.903993 -0.427547 0
    outer loop
      vertex 25.6838 10.6386 7
      vertex 24.5174 13.1048 8
      vertex 24.5174 13.1048 7
    endloop
  endfacet
  facet normal -0.903993 -0.427547 0
    outer loop
      vertex 24.5174 13.1048 8
      vertex 25.6838 10.6386 7
      vertex 25.6838 10.6386 8
    endloop
  endfacet
  facet normal -0.336892 0.941543 0
    outer loop
      vertex 10.6386 -25.6838 7
      vertex 8.06991 -26.6029 8
      vertex 10.6386 -25.6838 8
    endloop
  endfacet
  facet normal -0.336892 0.941543 0
    outer loop
      vertex 8.06991 -26.6029 8
      vertex 10.6386 -25.6838 7
      vertex 8.06991 -26.6029 7
    endloop
  endfacet
  facet normal -0.427547 0.903993 0
    outer loop
      vertex 13.1048 -24.5174 7
      vertex 10.6386 -25.6838 8
      vertex 13.1048 -24.5174 8
    endloop
  endfacet
  facet normal -0.427547 0.903993 0
    outer loop
      vertex 10.6386 -25.6838 8
      vertex 13.1048 -24.5174 7
      vertex 10.6386 -25.6838 7
    endloop
  endfacet
  facet normal 0.242984 -0.97003 0
    outer loop
      vertex -8.06991 26.6029 7
      vertex -5.42351 27.2658 8
      vertex -8.06991 26.6029 8
    endloop
  endfacet
  facet normal 0.242984 -0.97003 0
    outer loop
      vertex -5.42351 27.2658 8
      vertex -8.06991 26.6029 7
      vertex -5.42351 27.2658 7
    endloop
  endfacet
  facet normal -0.671543 0.740966 0
    outer loop
      vertex 19.6576 -19.6576 7
      vertex 17.6361 -21.4897 8
      vertex 19.6576 -19.6576 8
    endloop
  endfacet
  facet normal -0.671543 0.740966 0
    outer loop
      vertex 17.6361 -21.4897 8
      vertex 19.6576 -19.6576 7
      vertex 17.6361 -21.4897 7
    endloop
  endfacet
  facet normal -0.336892 -0.941543 0
    outer loop
      vertex 8.06991 26.6029 7
      vertex 10.6386 25.6838 8
      vertex 8.06991 26.6029 8
    endloop
  endfacet
  facet normal -0.336892 -0.941543 -0
    outer loop
      vertex 10.6386 25.6838 8
      vertex 8.06991 26.6029 7
      vertex 10.6386 25.6838 7
    endloop
  endfacet
  facet normal -0.941543 -0.336892 0
    outer loop
      vertex 26.6029 8.06991 7
      vertex 25.6838 10.6386 8
      vertex 25.6838 10.6386 7
    endloop
  endfacet
  facet normal -0.941543 -0.336892 0
    outer loop
      vertex 25.6838 10.6386 8
      vertex 26.6029 8.06991 7
      vertex 26.6029 8.06991 8
    endloop
  endfacet
  facet normal 0.941543 0.336892 0
    outer loop
      vertex -25.6838 -10.6386 8
      vertex -26.6029 -8.06991 7
      vertex -26.6029 -8.06991 8
    endloop
  endfacet
  facet normal 0.941543 0.336892 0
    outer loop
      vertex -26.6029 -8.06991 7
      vertex -25.6838 -10.6386 8
      vertex -25.6838 -10.6386 7
    endloop
  endfacet
  facet normal 0.242984 0.97003 -0
    outer loop
      vertex -5.42351 -27.2658 7
      vertex -8.06991 -26.6029 8
      vertex -5.42351 -27.2658 8
    endloop
  endfacet
  facet normal 0.242984 0.97003 0
    outer loop
      vertex -8.06991 -26.6029 8
      vertex -5.42351 -27.2658 7
      vertex -8.06991 -26.6029 7
    endloop
  endfacet
  facet normal 0.941543 -0.336892 0
    outer loop
      vertex -26.6029 8.06991 8
      vertex -25.6838 10.6386 7
      vertex -25.6838 10.6386 8
    endloop
  endfacet
  facet normal 0.941543 -0.336892 0
    outer loop
      vertex -25.6838 10.6386 7
      vertex -26.6029 8.06991 8
      vertex -26.6029 8.06991 7
    endloop
  endfacet
  facet normal 0.671543 -0.740966 0
    outer loop
      vertex -19.6576 19.6576 7
      vertex -17.6361 21.4897 8
      vertex -19.6576 19.6576 8
    endloop
  endfacet
  facet normal 0.671543 -0.740966 0
    outer loop
      vertex -17.6361 21.4897 8
      vertex -19.6576 19.6576 7
      vertex -17.6361 21.4897 7
    endloop
  endfacet
  facet normal -0.514075 -0.857745 0
    outer loop
      vertex 13.1048 24.5174 7
      vertex 15.4449 23.1149 8
      vertex 13.1048 24.5174 8
    endloop
  endfacet
  facet normal -0.514075 -0.857745 -0
    outer loop
      vertex 15.4449 23.1149 8
      vertex 13.1048 24.5174 7
      vertex 15.4449 23.1149 7
    endloop
  endfacet
  facet normal -0.242984 -0.97003 0
    outer loop
      vertex 5.42351 27.2658 7
      vertex 8.06991 26.6029 8
      vertex 5.42351 27.2658 8
    endloop
  endfacet
  facet normal -0.242984 -0.97003 -0
    outer loop
      vertex 8.06991 26.6029 8
      vertex 5.42351 27.2658 7
      vertex 8.06991 26.6029 7
    endloop
  endfacet
  facet normal 0.803191 -0.595722 0
    outer loop
      vertex -23.1149 15.4449 8
      vertex -21.4897 17.6361 7
      vertex -21.4897 17.6361 8
    endloop
  endfacet
  facet normal 0.803191 -0.595722 0
    outer loop
      vertex -21.4897 17.6361 7
      vertex -23.1149 15.4449 8
      vertex -23.1149 15.4449 7
    endloop
  endfacet
  facet normal 0.97003 -0.242984 0
    outer loop
      vertex -27.2658 5.42351 8
      vertex -26.6029 8.06991 7
      vertex -26.6029 8.06991 8
    endloop
  endfacet
  facet normal 0.97003 -0.242984 0
    outer loop
      vertex -26.6029 8.06991 7
      vertex -27.2658 5.42351 8
      vertex -27.2658 5.42351 7
    endloop
  endfacet
  facet normal -0.671543 -0.740966 0
    outer loop
      vertex 17.6361 21.4897 7
      vertex 19.6576 19.6576 8
      vertex 17.6361 21.4897 8
    endloop
  endfacet
  facet normal -0.671543 -0.740966 -0
    outer loop
      vertex 19.6576 19.6576 8
      vertex 17.6361 21.4897 7
      vertex 19.6576 19.6576 7
    endloop
  endfacet
  facet normal 0.427547 -0.903993 0
    outer loop
      vertex -13.1048 24.5174 7
      vertex -10.6386 25.6838 8
      vertex -13.1048 24.5174 8
    endloop
  endfacet
  facet normal 0.427547 -0.903993 0
    outer loop
      vertex -10.6386 25.6838 8
      vertex -13.1048 24.5174 7
      vertex -10.6386 25.6838 7
    endloop
  endfacet
  facet normal -0.857745 0.514075 0
    outer loop
      vertex 23.1149 -15.4449 7
      vertex 24.5174 -13.1048 8
      vertex 24.5174 -13.1048 7
    endloop
  endfacet
  facet normal -0.857745 0.514075 0
    outer loop
      vertex 24.5174 -13.1048 8
      vertex 23.1149 -15.4449 7
      vertex 23.1149 -15.4449 8
    endloop
  endfacet
  facet normal -0.941543 0.336892 0
    outer loop
      vertex 25.6838 -10.6386 7
      vertex 26.6029 -8.06991 8
      vertex 26.6029 -8.06991 7
    endloop
  endfacet
  facet normal -0.941543 0.336892 0
    outer loop
      vertex 26.6029 -8.06991 8
      vertex 25.6838 -10.6386 7
      vertex 25.6838 -10.6386 8
    endloop
  endfacet
  facet normal 0.903993 -0.427547 0
    outer loop
      vertex -25.6838 10.6386 8
      vertex -24.5174 13.1048 7
      vertex -24.5174 13.1048 8
    endloop
  endfacet
  facet normal 0.903993 -0.427547 0
    outer loop
      vertex -24.5174 13.1048 7
      vertex -25.6838 10.6386 8
      vertex -25.6838 10.6386 7
    endloop
  endfacet
  facet normal 0.803191 0.595722 0
    outer loop
      vertex -21.4897 -17.6361 8
      vertex -23.1149 -15.4449 7
      vertex -23.1149 -15.4449 8
    endloop
  endfacet
  facet normal 0.803191 0.595722 0
    outer loop
      vertex -23.1149 -15.4449 7
      vertex -21.4897 -17.6361 8
      vertex -21.4897 -17.6361 7
    endloop
  endfacet
  facet normal -0.242984 0.97003 0
    outer loop
      vertex 8.06991 -26.6029 7
      vertex 5.42351 -27.2658 8
      vertex 8.06991 -26.6029 8
    endloop
  endfacet
  facet normal -0.242984 0.97003 0
    outer loop
      vertex 5.42351 -27.2658 8
      vertex 8.06991 -26.6029 7
      vertex 5.42351 -27.2658 7
    endloop
  endfacet
  facet normal -0.146729 -0.989177 0
    outer loop
      vertex 2.72488 27.6661 7
      vertex 5.42351 27.2658 8
      vertex 2.72488 27.6661 8
    endloop
  endfacet
  facet normal -0.146729 -0.989177 -0
    outer loop
      vertex 5.42351 27.2658 8
      vertex 2.72488 27.6661 7
      vertex 5.42351 27.2658 7
    endloop
  endfacet
  facet normal 0.514075 -0.857745 0
    outer loop
      vertex -15.4449 23.1149 7
      vertex -13.1048 24.5174 8
      vertex -15.4449 23.1149 8
    endloop
  endfacet
  facet normal 0.514075 -0.857745 0
    outer loop
      vertex -13.1048 24.5174 8
      vertex -15.4449 23.1149 7
      vertex -13.1048 24.5174 7
    endloop
  endfacet
  facet normal -0.0490806 -0.998795 0
    outer loop
      vertex 0 27.8 7
      vertex 2.72488 27.6661 8
      vertex 0 27.8 8
    endloop
  endfacet
  facet normal -0.0490806 -0.998795 -0
    outer loop
      vertex 2.72488 27.6661 8
      vertex 0 27.8 7
      vertex 2.72488 27.6661 7
    endloop
  endfacet
  facet normal -0.514075 0.857745 0
    outer loop
      vertex 15.4449 -23.1149 7
      vertex 13.1048 -24.5174 8
      vertex 15.4449 -23.1149 8
    endloop
  endfacet
  facet normal -0.514075 0.857745 0
    outer loop
      vertex 13.1048 -24.5174 8
      vertex 15.4449 -23.1149 7
      vertex 13.1048 -24.5174 7
    endloop
  endfacet
  facet normal 0.740966 0.671543 0
    outer loop
      vertex -19.6576 -19.6576 8
      vertex -21.4897 -17.6361 7
      vertex -21.4897 -17.6361 8
    endloop
  endfacet
  facet normal 0.740966 0.671543 0
    outer loop
      vertex -21.4897 -17.6361 7
      vertex -19.6576 -19.6576 8
      vertex -19.6576 -19.6576 7
    endloop
  endfacet
  facet normal 0.146729 0.989177 -0
    outer loop
      vertex -2.72488 -27.6661 7
      vertex -5.42351 -27.2658 8
      vertex -2.72488 -27.6661 8
    endloop
  endfacet
  facet normal 0.146729 0.989177 0
    outer loop
      vertex -5.42351 -27.2658 8
      vertex -2.72488 -27.6661 7
      vertex -5.42351 -27.2658 7
    endloop
  endfacet
  facet normal 0.336892 0.941543 -0
    outer loop
      vertex -8.06991 -26.6029 7
      vertex -10.6386 -25.6838 8
      vertex -8.06991 -26.6029 8
    endloop
  endfacet
  facet normal 0.336892 0.941543 0
    outer loop
      vertex -10.6386 -25.6838 8
      vertex -8.06991 -26.6029 7
      vertex -10.6386 -25.6838 7
    endloop
  endfacet
  facet normal 0.989177 0.146729 0
    outer loop
      vertex -27.2658 -5.42351 8
      vertex -27.6661 -2.72488 7
      vertex -27.6661 -2.72488 8
    endloop
  endfacet
  facet normal 0.989177 0.146729 0
    outer loop
      vertex -27.6661 -2.72488 7
      vertex -27.2658 -5.42351 8
      vertex -27.2658 -5.42351 7
    endloop
  endfacet
  facet normal 0.427547 0.903993 -0
    outer loop
      vertex -10.6386 -25.6838 7
      vertex -13.1048 -24.5174 8
      vertex -10.6386 -25.6838 8
    endloop
  endfacet
  facet normal 0.427547 0.903993 0
    outer loop
      vertex -13.1048 -24.5174 8
      vertex -10.6386 -25.6838 7
      vertex -13.1048 -24.5174 7
    endloop
  endfacet
  facet normal -0 0 1
    outer loop
      vertex 26.0669 1.84424 7
      vertex 27.8 0 7
      vertex 27.6661 2.72488 7
    endloop
  endfacet
  facet normal -0 0 1
    outer loop
      vertex 25.9258 3.27659 7
      vertex 27.6661 2.72488 7
      vertex 27.2658 5.42351 7
    endloop
  endfacet
  facet normal 0 0 1
    outer loop
      vertex 27.8 0 7
      vertex 26.0669 1.84424 7
      vertex 26.1575 0 7
    endloop
  endfacet
  facet normal -0 0 1
    outer loop
      vertex 25.2062 6.8942 7
      vertex 27.2658 5.42351 7
      vertex 26.6029 8.06991 7
    endloop
  endfacet
  facet normal 0 0 1
    outer loop
      vertex 26.0669 -1.84424 7
      vertex 27.8 0 7
      vertex 26.1575 0 7
    endloop
  endfacet
  facet normal -0 0 1
    outer loop
      vertex 26.0315 -2.56388 7
      vertex 27.6661 -2.72488 7
      vertex 26.0669 -1.84424 7
    endloop
  endfacet
  facet normal 0 0 1
    outer loop
      vertex 27.8 0 7
      vertex 26.0669 -1.84424 7
      vertex 27.6661 -2.72488 7
    endloop
  endfacet
  facet normal 0 0 1
    outer loop
      vertex 27.6661 2.72488 7
      vertex 26.0315 2.56388 7
      vertex 26.0669 1.84424 7
    endloop
  endfacet
  facet normal 0 0 1
    outer loop
      vertex 27.6661 2.72488 7
      vertex 25.9258 3.27659 7
      vertex 26.0315 2.56388 7
    endloop
  endfacet
  facet normal -0 0 1
    outer loop
      vertex 24.4091 9.33164 7
      vertex 26.6029 8.06991 7
      vertex 25.6838 10.6386 7
    endloop
  endfacet
  facet normal 0 0 1
    outer loop
      vertex 27.2658 5.42351 7
      vertex 25.6549 5.10307 7
      vertex 25.9258 3.27659 7
    endloop
  endfacet
  facet normal 0 0 1
    outer loop
      vertex 27.2658 5.42351 7
      vertex 25.2062 6.8942 7
      vertex 25.6549 5.10307 7
    endloop
  endfacet
  facet normal 0 0 1
    outer loop
      vertex 26.6029 8.06991 7
      vertex 25.0311 7.59312 7
      vertex 25.2062 6.8942 7
    endloop
  endfacet
  facet normal -0 0 1
    outer loop
      vertex 23.3769 11.6792 7
      vertex 25.6838 10.6386 7
      vertex 24.5174 13.1048 7
    endloop
  endfacet
  facet normal 0 0 1
    outer loop
      vertex 26.6029 8.06991 7
      vertex 24.4091 9.33164 7
      vertex 25.0311 7.59312 7
    endloop
  endfacet
  facet normal 0 0 1
    outer loop
      vertex 25.6838 10.6386 7
      vertex 24.1664 10.01 7
      vertex 24.4091 9.33164 7
    endloop
  endfacet
  facet normal 0 0 1
    outer loop
      vertex 25.6838 10.6386 7
      vertex 23.3769 11.6792 7
      vertex 24.1664 10.01 7
    endloop
  endfacet
  facet normal 0 0 1
    outer loop
      vertex 22.6984 12.9486 7
      vertex 24.5174 13.1048 7
      vertex 23.1149 15.4449 7
    endloop
  endfacet
  facet normal 0 0 1
    outer loop
      vertex 24.5174 13.1048 7
      vertex 23.0688 12.3306 7
      vertex 23.3769 11.6792 7
    endloop
  endfacet
  facet normal 0 0 1
    outer loop
      vertex 24.5174 13.1048 7
      vertex 22.6984 12.9486 7
      vertex 23.0688 12.3306 7
    endloop
  endfacet
  facet normal 0 0 1
    outer loop
      vertex 23.1149 15.4449 7
      vertex 21.7491 14.5323 7
      vertex 22.6984 12.9486 7
    endloop
  endfacet
  facet normal -0 0 1
    outer loop
      vertex 20.6492 16.0154 7
      vertex 23.1149 15.4449 7
      vertex 21.4897 17.6361 7
    endloop
  endfacet
  facet normal 0 0 1
    outer loop
      vertex 23.1149 15.4449 7
      vertex 20.6492 16.0154 7
      vertex 21.7491 14.5323 7
    endloop
  endfacet
  facet normal 0 0 1
    outer loop
      vertex 21.4897 17.6361 7
      vertex 20.22 16.5941 7
      vertex 20.6492 16.0154 7
    endloop
  endfacet
  facet normal -0 0 1
    outer loop
      vertex 18.98 17.9623 7
      vertex 21.4897 17.6361 7
      vertex 19.6576 19.6576 7
    endloop
  endfacet
  facet normal 0 0 1
    outer loop
      vertex 21.4897 17.6361 7
      vertex 18.98 17.9623 7
      vertex 20.22 16.5941 7
    endloop
  endfacet
  facet normal 0 0 1
    outer loop
      vertex 19.6576 19.6576 7
      vertex 18.4961 18.4961 7
      vertex 18.98 17.9623 7
    endloop
  endfacet
  facet normal 0 0 1
    outer loop
      vertex 19.6576 19.6576 7
      vertex 17.9623 18.98 7
      vertex 18.4961 18.4961 7
    endloop
  endfacet
  facet normal 0 0 1
    outer loop
      vertex 17.6361 21.4897 7
      vertex 17.9623 18.98 7
      vertex 19.6576 19.6576 7
    endloop
  endfacet
  facet normal 0 0 1
    outer loop
      vertex 17.6361 21.4897 7
      vertex 16.5941 20.22 7
      vertex 17.9623 18.98 7
    endloop
  endfacet
  facet normal 0 0 1
    outer loop
      vertex 17.6361 21.4897 7
      vertex 16.0154 20.6492 7
      vertex 16.5941 20.22 7
    endloop
  endfacet
  facet normal 0 0 1
    outer loop
      vertex 15.4449 23.1149 7
      vertex 16.0154 20.6492 7
      vertex 17.6361 21.4897 7
    endloop
  endfacet
  facet normal 0 0 1
    outer loop
      vertex 15.4449 23.1149 7
      vertex 14.5323 21.7491 7
      vertex 16.0154 20.6492 7
    endloop
  endfacet
  facet normal 0 0 1
    outer loop
      vertex 12.9486 22.6984 7
      vertex 15.4449 23.1149 7
      vertex 13.1048 24.5174 7
    endloop
  endfacet
  facet normal 0 0 1
    outer loop
      vertex 15.4449 23.1149 7
      vertex 12.9486 22.6984 7
      vertex 14.5323 21.7491 7
    endloop
  endfacet
  facet normal 0 0 1
    outer loop
      vertex 13.1048 24.5174 7
      vertex 12.3306 23.0688 7
      vertex 12.9486 22.6984 7
    endloop
  endfacet
  facet normal 0 0 1
    outer loop
      vertex 13.1048 24.5174 7
      vertex 11.6792 23.3769 7
      vertex 12.3306 23.0688 7
    endloop
  endfacet
  facet normal 0 0 1
    outer loop
      vertex 10.6386 25.6838 7
      vertex 11.6792 23.3769 7
      vertex 13.1048 24.5174 7
    endloop
  endfacet
  facet normal 0 0 1
    outer loop
      vertex 10.6386 25.6838 7
      vertex 10.01 24.1664 7
      vertex 11.6792 23.3769 7
    endloop
  endfacet
  facet normal 0 0 1
    outer loop
      vertex 10.6386 25.6838 7
      vertex 9.33164 24.4091 7
      vertex 10.01 24.1664 7
    endloop
  endfacet
  facet normal 0 0 1
    outer loop
      vertex 8.06991 26.6029 7
      vertex 9.33164 24.4091 7
      vertex 10.6386 25.6838 7
    endloop
  endfacet
  facet normal 0 0 1
    outer loop
      vertex 8.06991 26.6029 7
      vertex 7.59312 25.0311 7
      vertex 9.33164 24.4091 7
    endloop
  endfacet
  facet normal 0 0 1
    outer loop
      vertex 8.06991 26.6029 7
      vertex 6.8942 25.2062 7
      vertex 7.59312 25.0311 7
    endloop
  endfacet
  facet normal 0 0 1
    outer loop
      vertex 5.42351 27.2658 7
      vertex 6.8942 25.2062 7
      vertex 8.06991 26.6029 7
    endloop
  endfacet
  facet normal 0 0 1
    outer loop
      vertex 5.42351 27.2658 7
      vertex 5.10307 25.6549 7
      vertex 6.8942 25.2062 7
    endloop
  endfacet
  facet normal 0 0 1
    outer loop
      vertex 5.42351 27.2658 7
      vertex 3.27659 25.9258 7
      vertex 5.10307 25.6549 7
    endloop
  endfacet
  facet normal 0 0 1
    outer loop
      vertex 2.72488 27.6661 7
      vertex 3.27659 25.9258 7
      vertex 5.42351 27.2658 7
    endloop
  endfacet
  facet normal 0 0 1
    outer loop
      vertex 2.72488 27.6661 7
      vertex 2.56388 26.0315 7
      vertex 3.27659 25.9258 7
    endloop
  endfacet
  facet normal 0 0 1
    outer loop
      vertex 2.72488 27.6661 7
      vertex 1.84424 26.0669 7
      vertex 2.56388 26.0315 7
    endloop
  endfacet
  facet normal 0 0 1
    outer loop
      vertex 0 27.8 7
      vertex 1.84424 26.0669 7
      vertex 2.72488 27.6661 7
    endloop
  endfacet
  facet normal 0 0 1
    outer loop
      vertex 0 27.8 7
      vertex 0 26.1575 7
      vertex 1.84424 26.0669 7
    endloop
  endfacet
  facet normal 0 0 1
    outer loop
      vertex 0 27.8 7
      vertex -1.84424 26.0669 7
      vertex 0 26.1575 7
    endloop
  endfacet
  facet normal -0 0 1
    outer loop
      vertex -2.72488 27.6661 7
      vertex -1.84424 26.0669 7
      vertex 0 27.8 7
    endloop
  endfacet
  facet normal 0 0 1
    outer loop
      vertex -1.84424 26.0669 7
      vertex -2.72488 27.6661 7
      vertex -2.56388 26.0315 7
    endloop
  endfacet
  facet normal 0 0 1
    outer loop
      vertex -2.72488 27.6661 7
      vertex -3.27659 25.9258 7
      vertex -2.56388 26.0315 7
    endloop
  endfacet
  facet normal -0 0 1
    outer loop
      vertex -5.42351 27.2658 7
      vertex -3.27659 25.9258 7
      vertex -2.72488 27.6661 7
    endloop
  endfacet
  facet normal 0 0 1
    outer loop
      vertex -3.27659 25.9258 7
      vertex -5.42351 27.2658 7
      vertex -5.10307 25.6549 7
    endloop
  endfacet
  facet normal 0 0 1
    outer loop
      vertex -5.42351 27.2658 7
      vertex -6.8942 25.2062 7
      vertex -5.10307 25.6549 7
    endloop
  endfacet
  facet normal -0 0 1
    outer loop
      vertex -8.06991 26.6029 7
      vertex -6.8942 25.2062 7
      vertex -5.42351 27.2658 7
    endloop
  endfacet
  facet normal 0 0 1
    outer loop
      vertex -6.8942 25.2062 7
      vertex -8.06991 26.6029 7
      vertex -7.59312 25.0311 7
    endloop
  endfacet
  facet normal 0 0 1
    outer loop
      vertex -8.06991 26.6029 7
      vertex -9.33164 24.4091 7
      vertex -7.59312 25.0311 7
    endloop
  endfacet
  facet normal -0 0 1
    outer loop
      vertex -10.6386 25.6838 7
      vertex -9.33164 24.4091 7
      vertex -8.06991 26.6029 7
    endloop
  endfacet
  facet normal 0 0 1
    outer loop
      vertex -9.33164 24.4091 7
      vertex -10.6386 25.6838 7
      vertex -10.01 24.1664 7
    endloop
  endfacet
  facet normal 0 0 1
    outer loop
      vertex -10.6386 25.6838 7
      vertex -11.6792 23.3769 7
      vertex -10.01 24.1664 7
    endloop
  endfacet
  facet normal -0 0 1
    outer loop
      vertex -13.1048 24.5174 7
      vertex -11.6792 23.3769 7
      vertex -10.6386 25.6838 7
    endloop
  endfacet
  facet normal 0 0 1
    outer loop
      vertex -11.6792 23.3769 7
      vertex -13.1048 24.5174 7
      vertex -12.3306 23.0688 7
    endloop
  endfacet
  facet normal 0 0 1
    outer loop
      vertex -12.3306 23.0688 7
      vertex -13.1048 24.5174 7
      vertex -12.9486 22.6984 7
    endloop
  endfacet
  facet normal -0 0 1
    outer loop
      vertex -15.4449 23.1149 7
      vertex -12.9486 22.6984 7
      vertex -13.1048 24.5174 7
    endloop
  endfacet
  facet normal 0 0 1
    outer loop
      vertex -12.9486 22.6984 7
      vertex -15.4449 23.1149 7
      vertex -14.5323 21.7491 7
    endloop
  endfacet
  facet normal 0 0 1
    outer loop
      vertex -15.4449 23.1149 7
      vertex -16.0154 20.6492 7
      vertex -14.5323 21.7491 7
    endloop
  endfacet
  facet normal -0 0 1
    outer loop
      vertex -17.6361 21.4897 7
      vertex -16.0154 20.6492 7
      vertex -15.4449 23.1149 7
    endloop
  endfacet
  facet normal 0 0 1
    outer loop
      vertex -16.0154 20.6492 7
      vertex -17.6361 21.4897 7
      vertex -16.5941 20.22 7
    endloop
  endfacet
  facet normal 0 0 1
    outer loop
      vertex -17.6361 21.4897 7
      vertex -17.9623 18.98 7
      vertex -16.5941 20.22 7
    endloop
  endfacet
  facet normal -0 0 1
    outer loop
      vertex -19.6576 19.6576 7
      vertex -17.9623 18.98 7
      vertex -17.6361 21.4897 7
    endloop
  endfacet
  facet normal 0 0 1
    outer loop
      vertex -17.9623 18.98 7
      vertex -19.6576 19.6576 7
      vertex -18.4961 18.4961 7
    endloop
  endfacet
  facet normal 0 0 1
    outer loop
      vertex -18.4961 18.4961 7
      vertex -19.6576 19.6576 7
      vertex -18.98 17.9623 7
    endloop
  endfacet
  facet normal 0 0 1
    outer loop
      vertex -21.4897 17.6361 7
      vertex -18.98 17.9623 7
      vertex -19.6576 19.6576 7
    endloop
  endfacet
  facet normal 0 0 1
    outer loop
      vertex -18.98 17.9623 7
      vertex -21.4897 17.6361 7
      vertex -20.22 16.5941 7
    endloop
  endfacet
  facet normal 0 0 1
    outer loop
      vertex -20.22 16.5941 7
      vertex -21.4897 17.6361 7
      vertex -20.6492 16.0154 7
    endloop
  endfacet
  facet normal 0 0 1
    outer loop
      vertex -23.1149 15.4449 7
      vertex -20.6492 16.0154 7
      vertex -21.4897 17.6361 7
    endloop
  endfacet
  facet normal 0 0 1
    outer loop
      vertex -20.6492 16.0154 7
      vertex -23.1149 15.4449 7
      vertex -21.7491 14.5323 7
    endloop
  endfacet
  facet normal 0 0 1
    outer loop
      vertex -21.7491 14.5323 7
      vertex -23.1149 15.4449 7
      vertex -22.6984 12.9486 7
    endloop
  endfacet
  facet normal -0 0 1
    outer loop
      vertex -24.5174 13.1048 7
      vertex -22.6984 12.9486 7
      vertex -23.1149 15.4449 7
    endloop
  endfacet
  facet normal 0 0 1
    outer loop
      vertex -22.6984 12.9486 7
      vertex -24.5174 13.1048 7
      vertex -23.0688 12.3306 7
    endloop
  endfacet
  facet normal 0 0 1
    outer loop
      vertex -23.0688 12.3306 7
      vertex -24.5174 13.1048 7
      vertex -23.3769 11.6792 7
    endloop
  endfacet
  facet normal 0 0 1
    outer loop
      vertex -25.6838 10.6386 7
      vertex -23.3769 11.6792 7
      vertex -24.5174 13.1048 7
    endloop
  endfacet
  facet normal 0 0 1
    outer loop
      vertex -23.3769 11.6792 7
      vertex -25.6838 10.6386 7
      vertex -24.1664 10.01 7
    endloop
  endfacet
  facet normal 0 0 1
    outer loop
      vertex -24.1664 10.01 7
      vertex -25.6838 10.6386 7
      vertex -24.4091 9.33164 7
    endloop
  endfacet
  facet normal 0 0 1
    outer loop
      vertex -26.6029 8.06991 7
      vertex -24.4091 9.33164 7
      vertex -25.6838 10.6386 7
    endloop
  endfacet
  facet normal 0 0 1
    outer loop
      vertex -24.4091 9.33164 7
      vertex -26.6029 8.06991 7
      vertex -25.0311 7.59312 7
    endloop
  endfacet
  facet normal 0 0 1
    outer loop
      vertex -25.0311 7.59312 7
      vertex -26.6029 8.06991 7
      vertex -25.2062 6.8942 7
    endloop
  endfacet
  facet normal 0 0 1
    outer loop
      vertex -27.2658 5.42351 7
      vertex -25.2062 6.8942 7
      vertex -26.6029 8.06991 7
    endloop
  endfacet
  facet normal 0 0 1
    outer loop
      vertex -25.2062 6.8942 7
      vertex -27.2658 5.42351 7
      vertex -25.6549 5.10307 7
    endloop
  endfacet
  facet normal 0 0 1
    outer loop
      vertex -25.6549 5.10307 7
      vertex -27.2658 5.42351 7
      vertex -25.9258 3.27659 7
    endloop
  endfacet
  facet normal 0 0 1
    outer loop
      vertex -27.6661 2.72488 7
      vertex -25.9258 3.27659 7
      vertex -27.2658 5.42351 7
    endloop
  endfacet
  facet normal 0 0 1
    outer loop
      vertex -25.9258 3.27659 7
      vertex -27.6661 2.72488 7
      vertex -26.0315 2.56388 7
    endloop
  endfacet
  facet normal 0 0 1
    outer loop
      vertex 25.9258 -3.27659 7
      vertex 27.6661 -2.72488 7
      vertex 26.0315 -2.56388 7
    endloop
  endfacet
  facet normal 0 0 1
    outer loop
      vertex 27.6661 -2.72488 7
      vertex 25.9258 -3.27659 7
      vertex 27.2658 -5.42351 7
    endloop
  endfacet
  facet normal -0 0 1
    outer loop
      vertex 25.6549 -5.10307 7
      vertex 27.2658 -5.42351 7
      vertex 25.9258 -3.27659 7
    endloop
  endfacet
  facet normal 0 0 1
    outer loop
      vertex 25.2062 -6.8942 7
      vertex 27.2658 -5.42351 7
      vertex 25.6549 -5.10307 7
    endloop
  endfacet
  facet normal 0 0 1
    outer loop
      vertex 27.2658 -5.42351 7
      vertex 25.2062 -6.8942 7
      vertex 26.6029 -8.06991 7
    endloop
  endfacet
  facet normal -0 0 1
    outer loop
      vertex 25.0311 -7.59312 7
      vertex 26.6029 -8.06991 7
      vertex 25.2062 -6.8942 7
    endloop
  endfacet
  facet normal 0 0 1
    outer loop
      vertex 24.4091 -9.33164 7
      vertex 26.6029 -8.06991 7
      vertex 25.0311 -7.59312 7
    endloop
  endfacet
  facet normal 0 0 1
    outer loop
      vertex 26.6029 -8.06991 7
      vertex 24.4091 -9.33164 7
      vertex 25.6838 -10.6386 7
    endloop
  endfacet
  facet normal -0 0 1
    outer loop
      vertex 24.1664 -10.01 7
      vertex 25.6838 -10.6386 7
      vertex 24.4091 -9.33164 7
    endloop
  endfacet
  facet normal 0 0 1
    outer loop
      vertex 23.3769 -11.6792 7
      vertex 25.6838 -10.6386 7
      vertex 24.1664 -10.01 7
    endloop
  endfacet
  facet normal 0 0 1
    outer loop
      vertex 25.6838 -10.6386 7
      vertex 23.3769 -11.6792 7
      vertex 24.5174 -13.1048 7
    endloop
  endfacet
  facet normal -0 0 1
    outer loop
      vertex 23.0688 -12.3306 7
      vertex 24.5174 -13.1048 7
      vertex 23.3769 -11.6792 7
    endloop
  endfacet
  facet normal -0 0 1
    outer loop
      vertex 22.6984 -12.9486 7
      vertex 24.5174 -13.1048 7
      vertex 23.0688 -12.3306 7
    endloop
  endfacet
  facet normal 0 0 1
    outer loop
      vertex 24.5174 -13.1048 7
      vertex 22.6984 -12.9486 7
      vertex 23.1149 -15.4449 7
    endloop
  endfacet
  facet normal -0 0 1
    outer loop
      vertex 21.7491 -14.5323 7
      vertex 23.1149 -15.4449 7
      vertex 22.6984 -12.9486 7
    endloop
  endfacet
  facet normal 0 0 1
    outer loop
      vertex 20.6492 -16.0154 7
      vertex 23.1149 -15.4449 7
      vertex 21.7491 -14.5323 7
    endloop
  endfacet
  facet normal 0 0 1
    outer loop
      vertex 23.1149 -15.4449 7
      vertex 20.6492 -16.0154 7
      vertex 21.4897 -17.6361 7
    endloop
  endfacet
  facet normal -0 0 1
    outer loop
      vertex 20.22 -16.5941 7
      vertex 21.4897 -17.6361 7
      vertex 20.6492 -16.0154 7
    endloop
  endfacet
  facet normal 0 0 1
    outer loop
      vertex 18.98 -17.9623 7
      vertex 21.4897 -17.6361 7
      vertex 20.22 -16.5941 7
    endloop
  endfacet
  facet normal 0 0 1
    outer loop
      vertex 21.4897 -17.6361 7
      vertex 18.98 -17.9623 7
      vertex 19.6576 -19.6576 7
    endloop
  endfacet
  facet normal -0 0 1
    outer loop
      vertex 18.4961 -18.4961 7
      vertex 19.6576 -19.6576 7
      vertex 18.98 -17.9623 7
    endloop
  endfacet
  facet normal -0 0 1
    outer loop
      vertex 17.9623 -18.98 7
      vertex 19.6576 -19.6576 7
      vertex 18.4961 -18.4961 7
    endloop
  endfacet
  facet normal 0 0 1
    outer loop
      vertex 17.9623 -18.98 7
      vertex 17.6361 -21.4897 7
      vertex 19.6576 -19.6576 7
    endloop
  endfacet
  facet normal -0 0 1
    outer loop
      vertex 16.5941 -20.22 7
      vertex 17.6361 -21.4897 7
      vertex 17.9623 -18.98 7
    endloop
  endfacet
  facet normal -0 0 1
    outer loop
      vertex 16.0154 -20.6492 7
      vertex 17.6361 -21.4897 7
      vertex 16.5941 -20.22 7
    endloop
  endfacet
  facet normal 0 0 1
    outer loop
      vertex 16.0154 -20.6492 7
      vertex 15.4449 -23.1149 7
      vertex 17.6361 -21.4897 7
    endloop
  endfacet
  facet normal -0 0 1
    outer loop
      vertex 14.5323 -21.7491 7
      vertex 15.4449 -23.1149 7
      vertex 16.0154 -20.6492 7
    endloop
  endfacet
  facet normal -0 0 1
    outer loop
      vertex 12.9486 -22.6984 7
      vertex 15.4449 -23.1149 7
      vertex 14.5323 -21.7491 7
    endloop
  endfacet
  facet normal 0 0 1
    outer loop
      vertex 15.4449 -23.1149 7
      vertex 12.9486 -22.6984 7
      vertex 13.1048 -24.5174 7
    endloop
  endfacet
  facet normal -0 0 1
    outer loop
      vertex 12.3306 -23.0688 7
      vertex 13.1048 -24.5174 7
      vertex 12.9486 -22.6984 7
    endloop
  endfacet
  facet normal -0 0 1
    outer loop
      vertex 11.6792 -23.3769 7
      vertex 13.1048 -24.5174 7
      vertex 12.3306 -23.0688 7
    endloop
  endfacet
  facet normal 0 0 1
    outer loop
      vertex 11.6792 -23.3769 7
      vertex 10.6386 -25.6838 7
      vertex 13.1048 -24.5174 7
    endloop
  endfacet
  facet normal -0 0 1
    outer loop
      vertex 10.01 -24.1664 7
      vertex 10.6386 -25.6838 7
      vertex 11.6792 -23.3769 7
    endloop
  endfacet
  facet normal -0 0 1
    outer loop
      vertex 9.33164 -24.4091 7
      vertex 10.6386 -25.6838 7
      vertex 10.01 -24.1664 7
    endloop
  endfacet
  facet normal 0 0 1
    outer loop
      vertex 9.33164 -24.4091 7
      vertex 8.06991 -26.6029 7
      vertex 10.6386 -25.6838 7
    endloop
  endfacet
  facet normal -0 0 1
    outer loop
      vertex 7.59312 -25.0311 7
      vertex 8.06991 -26.6029 7
      vertex 9.33164 -24.4091 7
    endloop
  endfacet
  facet normal -0 0 1
    outer loop
      vertex 6.8942 -25.2062 7
      vertex 8.06991 -26.6029 7
      vertex 7.59312 -25.0311 7
    endloop
  endfacet
  facet normal 0 0 1
    outer loop
      vertex 6.8942 -25.2062 7
      vertex 5.42351 -27.2658 7
      vertex 8.06991 -26.6029 7
    endloop
  endfacet
  facet normal -0 0 1
    outer loop
      vertex 5.10307 -25.6549 7
      vertex 5.42351 -27.2658 7
      vertex 6.8942 -25.2062 7
    endloop
  endfacet
  facet normal -0 0 1
    outer loop
      vertex 3.27659 -25.9258 7
      vertex 5.42351 -27.2658 7
      vertex 5.10307 -25.6549 7
    endloop
  endfacet
  facet normal 0 0 1
    outer loop
      vertex 3.27659 -25.9258 7
      vertex 2.72488 -27.6661 7
      vertex 5.42351 -27.2658 7
    endloop
  endfacet
  facet normal -0 0 1
    outer loop
      vertex 2.56388 -26.0315 7
      vertex 2.72488 -27.6661 7
      vertex 3.27659 -25.9258 7
    endloop
  endfacet
  facet normal -0 0 1
    outer loop
      vertex 1.84424 -26.0669 7
      vertex 2.72488 -27.6661 7
      vertex 2.56388 -26.0315 7
    endloop
  endfacet
  facet normal 0 0 1
    outer loop
      vertex 0 -27.8 7
      vertex 1.84424 -26.0669 7
      vertex 0 -26.1575 7
    endloop
  endfacet
  facet normal 0 0 1
    outer loop
      vertex 1.84424 -26.0669 7
      vertex 0 -27.8 7
      vertex 2.72488 -27.6661 7
    endloop
  endfacet
  facet normal 0 0 1
    outer loop
      vertex -1.84424 -26.0669 7
      vertex 0 -27.8 7
      vertex 0 -26.1575 7
    endloop
  endfacet
  facet normal 0 0 1
    outer loop
      vertex -2.72488 -27.6661 7
      vertex -1.84424 -26.0669 7
      vertex -2.56388 -26.0315 7
    endloop
  endfacet
  facet normal 0 0 1
    outer loop
      vertex -1.84424 -26.0669 7
      vertex -2.72488 -27.6661 7
      vertex 0 -27.8 7
    endloop
  endfacet
  facet normal 0 0 1
    outer loop
      vertex -3.27659 -25.9258 7
      vertex -2.72488 -27.6661 7
      vertex -2.56388 -26.0315 7
    endloop
  endfacet
  facet normal 0 0 1
    outer loop
      vertex -5.42351 -27.2658 7
      vertex -3.27659 -25.9258 7
      vertex -5.10307 -25.6549 7
    endloop
  endfacet
  facet normal 0 0 1
    outer loop
      vertex -3.27659 -25.9258 7
      vertex -5.42351 -27.2658 7
      vertex -2.72488 -27.6661 7
    endloop
  endfacet
  facet normal 0 0 1
    outer loop
      vertex -6.8942 -25.2062 7
      vertex -5.42351 -27.2658 7
      vertex -5.10307 -25.6549 7
    endloop
  endfacet
  facet normal 0 0 1
    outer loop
      vertex -8.06991 -26.6029 7
      vertex -6.8942 -25.2062 7
      vertex -7.59312 -25.0311 7
    endloop
  endfacet
  facet normal 0 0 1
    outer loop
      vertex -6.8942 -25.2062 7
      vertex -8.06991 -26.6029 7
      vertex -5.42351 -27.2658 7
    endloop
  endfacet
  facet normal 0 0 1
    outer loop
      vertex -9.33164 -24.4091 7
      vertex -8.06991 -26.6029 7
      vertex -7.59312 -25.0311 7
    endloop
  endfacet
  facet normal 0 0 1
    outer loop
      vertex -10.6386 -25.6838 7
      vertex -9.33164 -24.4091 7
      vertex -10.01 -24.1664 7
    endloop
  endfacet
  facet normal 0 0 1
    outer loop
      vertex -9.33164 -24.4091 7
      vertex -10.6386 -25.6838 7
      vertex -8.06991 -26.6029 7
    endloop
  endfacet
  facet normal 0 0 1
    outer loop
      vertex -11.6792 -23.3769 7
      vertex -10.6386 -25.6838 7
      vertex -10.01 -24.1664 7
    endloop
  endfacet
  facet normal 0 0 1
    outer loop
      vertex -13.1048 -24.5174 7
      vertex -11.6792 -23.3769 7
      vertex -12.3306 -23.0688 7
    endloop
  endfacet
  facet normal 0 0 1
    outer loop
      vertex -13.1048 -24.5174 7
      vertex -12.3306 -23.0688 7
      vertex -12.9486 -22.6984 7
    endloop
  endfacet
  facet normal 0 0 1
    outer loop
      vertex -11.6792 -23.3769 7
      vertex -13.1048 -24.5174 7
      vertex -10.6386 -25.6838 7
    endloop
  endfacet
  facet normal 0 0 1
    outer loop
      vertex -15.4449 -23.1149 7
      vertex -12.9486 -22.6984 7
      vertex -14.5323 -21.7491 7
    endloop
  endfacet
  facet normal 0 0 1
    outer loop
      vertex -12.9486 -22.6984 7
      vertex -15.4449 -23.1149 7
      vertex -13.1048 -24.5174 7
    endloop
  endfacet
  facet normal 0 0 1
    outer loop
      vertex -16.0154 -20.6492 7
      vertex -15.4449 -23.1149 7
      vertex -14.5323 -21.7491 7
    endloop
  endfacet
  facet normal 0 0 1
    outer loop
      vertex -17.6361 -21.4897 7
      vertex -16.0154 -20.6492 7
      vertex -16.5941 -20.22 7
    endloop
  endfacet
  facet normal 0 0 1
    outer loop
      vertex -16.0154 -20.6492 7
      vertex -17.6361 -21.4897 7
      vertex -15.4449 -23.1149 7
    endloop
  endfacet
  facet normal 0 0 1
    outer loop
      vertex -17.9623 -18.98 7
      vertex -17.6361 -21.4897 7
      vertex -16.5941 -20.22 7
    endloop
  endfacet
  facet normal 0 0 1
    outer loop
      vertex -19.6576 -19.6576 7
      vertex -17.9623 -18.98 7
      vertex -18.4961 -18.4961 7
    endloop
  endfacet
  facet normal 0 0 1
    outer loop
      vertex -19.6576 -19.6576 7
      vertex -18.4961 -18.4961 7
      vertex -18.98 -17.9623 7
    endloop
  endfacet
  facet normal 0 0 1
    outer loop
      vertex -17.9623 -18.98 7
      vertex -19.6576 -19.6576 7
      vertex -17.6361 -21.4897 7
    endloop
  endfacet
  facet normal -0 0 1
    outer loop
      vertex -21.4897 -17.6361 7
      vertex -18.98 -17.9623 7
      vertex -20.22 -16.5941 7
    endloop
  endfacet
  facet normal 0 0 1
    outer loop
      vertex -21.4897 -17.6361 7
      vertex -20.22 -16.5941 7
      vertex -20.6492 -16.0154 7
    endloop
  endfacet
  facet normal 0 0 1
    outer loop
      vertex -18.98 -17.9623 7
      vertex -21.4897 -17.6361 7
      vertex -19.6576 -19.6576 7
    endloop
  endfacet
  facet normal -0 0 1
    outer loop
      vertex -23.1149 -15.4449 7
      vertex -20.6492 -16.0154 7
      vertex -21.7491 -14.5323 7
    endloop
  endfacet
  facet normal 0 0 1
    outer loop
      vertex -23.1149 -15.4449 7
      vertex -21.7491 -14.5323 7
      vertex -22.6984 -12.9486 7
    endloop
  endfacet
  facet normal 0 0 1
    outer loop
      vertex -24.5174 -13.1048 7
      vertex -22.6984 -12.9486 7
      vertex -23.0688 -12.3306 7
    endloop
  endfacet
  facet normal 0 0 1
    outer loop
      vertex -20.6492 -16.0154 7
      vertex -23.1149 -15.4449 7
      vertex -21.4897 -17.6361 7
    endloop
  endfacet
  facet normal 0 0 1
    outer loop
      vertex -24.5174 -13.1048 7
      vertex -23.0688 -12.3306 7
      vertex -23.3769 -11.6792 7
    endloop
  endfacet
  facet normal -0 0 1
    outer loop
      vertex -25.6838 -10.6386 7
      vertex -23.3769 -11.6792 7
      vertex -24.1664 -10.01 7
    endloop
  endfacet
  facet normal 0 0 1
    outer loop
      vertex -25.6838 -10.6386 7
      vertex -24.1664 -10.01 7
      vertex -24.4091 -9.33164 7
    endloop
  endfacet
  facet normal 0 0 1
    outer loop
      vertex -22.6984 -12.9486 7
      vertex -24.5174 -13.1048 7
      vertex -23.1149 -15.4449 7
    endloop
  endfacet
  facet normal -0 0 1
    outer loop
      vertex -26.6029 -8.06991 7
      vertex -24.4091 -9.33164 7
      vertex -25.0311 -7.59312 7
    endloop
  endfacet
  facet normal 0 0 1
    outer loop
      vertex -26.6029 -8.06991 7
      vertex -25.0311 -7.59312 7
      vertex -25.2062 -6.8942 7
    endloop
  endfacet
  facet normal -0 0 1
    outer loop
      vertex -27.2658 -5.42351 7
      vertex -25.2062 -6.8942 7
      vertex -25.6549 -5.10307 7
    endloop
  endfacet
  facet normal 0 0 1
    outer loop
      vertex -23.3769 -11.6792 7
      vertex -25.6838 -10.6386 7
      vertex -24.5174 -13.1048 7
    endloop
  endfacet
  facet normal 0 0 1
    outer loop
      vertex -27.2658 -5.42351 7
      vertex -25.6549 -5.10307 7
      vertex -25.9258 -3.27659 7
    endloop
  endfacet
  facet normal -0 0 1
    outer loop
      vertex -27.6661 -2.72488 7
      vertex -25.9258 -3.27659 7
      vertex -26.0315 -2.56388 7
    endloop
  endfacet
  facet normal 0 0 1
    outer loop
      vertex -27.6661 -2.72488 7
      vertex -26.0315 -2.56388 7
      vertex -26.0669 -1.84424 7
    endloop
  endfacet
  facet normal -0 0 1
    outer loop
      vertex -27.8 0 7
      vertex -26.0669 -1.84424 7
      vertex -26.1575 0 7
    endloop
  endfacet
  facet normal 0 0 1
    outer loop
      vertex -26.0315 2.56388 7
      vertex -27.6661 2.72488 7
      vertex -26.0669 1.84424 7
    endloop
  endfacet
  facet normal 0 0 1
    outer loop
      vertex -24.4091 -9.33164 7
      vertex -26.6029 -8.06991 7
      vertex -25.6838 -10.6386 7
    endloop
  endfacet
  facet normal 0 0 1
    outer loop
      vertex -27.8 0 7
      vertex -26.0669 1.84424 7
      vertex -27.6661 2.72488 7
    endloop
  endfacet
  facet normal 0 0 1
    outer loop
      vertex -25.2062 -6.8942 7
      vertex -27.2658 -5.42351 7
      vertex -26.6029 -8.06991 7
    endloop
  endfacet
  facet normal 0 0 1
    outer loop
      vertex -26.0669 1.84424 7
      vertex -27.8 0 7
      vertex -26.1575 0 7
    endloop
  endfacet
  facet normal 0 0 1
    outer loop
      vertex -25.9258 -3.27659 7
      vertex -27.6661 -2.72488 7
      vertex -27.2658 -5.42351 7
    endloop
  endfacet
  facet normal 0 0 1
    outer loop
      vertex -26.0669 -1.84424 7
      vertex -27.8 0 7
      vertex -27.6661 -2.72488 7
    endloop
  endfacet
  facet normal 0.706681 0.034716 0.706681
    outer loop
      vertex 9.20546 0.906658 4
      vertex 5.25 0 8
      vertex 9.25 0 4
    endloop
  endfacet
  facet normal 0.302511 -0.639601 0.70668
    outer loop
      vertex 2.47483 -4.63009 8
      vertex 2.00909 -4.85037 8
      vertex 3.53982 -8.54589 4
    endloop
  endfacet
  facet normal 0.524253 -0.475144 0.706681
    outer loop
      vertex 4.0583 -3.33056 8
      vertex 3.71231 -3.71231 8
      vertex 6.54074 -6.54074 4
    endloop
  endfacet
  facet normal -0.238359 0.666174 0.706681
    outer loop
      vertex -2.68513 8.8517 4
      vertex -3.53982 8.54589 4
      vertex -1.52399 5.02394 8
    endloop
  endfacet
  facet normal 0.363748 0.60687 0.70668
    outer loop
      vertex 4.36042 8.15777 4
      vertex 2.91674 4.36522 8
      vertex 5.13902 7.69109 4
    endloop
  endfacet
  facet normal -0.706681 0.034716 0.706681
    outer loop
      vertex -9.20546 0.906658 4
      vertex -9.25 0 4
      vertex -5.25 0 8
    endloop
  endfacet
  facet normal 0.10382 0.699874 0.706681
    outer loop
      vertex 1.80459 9.07226 4
      vertex 0.906658 9.20546 4
      vertex 1.02422 5.14912 8
    endloop
  endfacet
  facet normal 0.524246 0.47515 0.706681
    outer loop
      vertex 6.54074 6.54074 4
      vertex 4.0583 3.33056 8
      vertex 7.15035 5.86814 4
    endloop
  endfacet
  facet normal -0.238359 0.666174 0.706681
    outer loop
      vertex -1.52399 5.02394 8
      vertex -3.53982 8.54589 4
      vertex -2.00909 4.85037 8
    endloop
  endfacet
  facet normal -0.68633 0.171914 0.70668
    outer loop
      vertex -8.8517 2.68513 4
      vertex -9.07226 1.80459 4
      vertex -5.02394 1.52399 8
    endloop
  endfacet
  facet normal 0.70668 0.0347168 0.706681
    outer loop
      vertex 9.20546 0.906658 4
      vertex 5.22472 0.514589 8
      vertex 5.25 0 8
    endloop
  endfacet
  facet normal 0.5683 -0.42147 0.706681
    outer loop
      vertex 7.69109 -5.13902 4
      vertex 4.0583 -3.33056 8
      vertex 7.15035 -5.86814 4
    endloop
  endfacet
  facet normal -0.42147 0.5683 0.706681
    outer loop
      vertex -5.13902 7.69109 4
      vertex -5.86814 7.15035 4
      vertex -3.33056 4.0583 8
    endloop
  endfacet
  facet normal -0.302511 0.639601 0.70668
    outer loop
      vertex -2.00909 4.85037 8
      vertex -3.53982 8.54589 4
      vertex -2.47483 4.63009 8
    endloop
  endfacet
  facet normal 0.68633 -0.171914 0.70668
    outer loop
      vertex 9.07226 -1.80459 4
      vertex 5.02394 -1.52399 8
      vertex 8.8517 -2.68513 4
    endloop
  endfacet
  facet normal 0.238359 0.666174 0.706681
    outer loop
      vertex 3.53982 8.54589 4
      vertex 1.52399 5.02394 8
      vertex 2.00909 4.85037 8
    endloop
  endfacet
  facet normal -0.475144 0.524253 0.706681
    outer loop
      vertex -3.33056 4.0583 8
      vertex -6.54074 6.54074 4
      vertex -3.71231 3.71231 8
    endloop
  endfacet
  facet normal 0.686331 0.171909 0.706681
    outer loop
      vertex 9.07226 1.80459 4
      vertex 5.02394 1.52399 8
      vertex 5.14912 1.02422 8
    endloop
  endfacet
  facet normal 0.238359 -0.666174 0.706681
    outer loop
      vertex 3.53982 -8.54589 4
      vertex 1.52399 -5.02394 8
      vertex 2.68513 -8.8517 4
    endloop
  endfacet
  facet normal -0.699874 0.10382 0.706681
    outer loop
      vertex -9.07226 1.80459 4
      vertex -9.20546 0.906658 4
      vertex -5.14912 1.02422 8
    endloop
  endfacet
  facet normal -0.699874 0.103821 0.706681
    outer loop
      vertex -5.14912 1.02422 8
      vertex -9.20546 0.906658 4
      vertex -5.22472 0.514589 8
    endloop
  endfacet
  facet normal 0.699874 -0.103821 0.706681
    outer loop
      vertex 5.22472 -0.514589 8
      vertex 5.14912 -1.02422 8
      vertex 9.20546 -0.906658 4
    endloop
  endfacet
  facet normal -0.666174 -0.238359 0.706681
    outer loop
      vertex -5.02394 -1.52399 8
      vertex -8.8517 -2.68513 4
      vertex -8.54589 -3.53982 4
    endloop
  endfacet
  facet normal -0.171909 0.686331 0.706681
    outer loop
      vertex -1.02422 5.14912 8
      vertex -1.80459 9.07226 4
      vertex -1.52399 5.02394 8
    endloop
  endfacet
  facet normal 0.56829 0.421486 0.70668
    outer loop
      vertex 7.69109 5.13902 4
      vertex 4.0583 3.33056 8
      vertex 4.36522 2.91674 8
    endloop
  endfacet
  facet normal 0.103821 0.699874 0.706681
    outer loop
      vertex 0.906658 9.20546 4
      vertex 0.514589 5.22472 8
      vertex 1.02422 5.14912 8
    endloop
  endfacet
  facet normal 0.034716 -0.706681 0.706681
    outer loop
      vertex 0 -5.25 8
      vertex 0 -9.25 4
      vertex 0.906658 -9.20546 4
    endloop
  endfacet
  facet normal -0.666174 -0.238359 0.706681
    outer loop
      vertex -5.02394 -1.52399 8
      vertex -8.54589 -3.53982 4
      vertex -4.85037 -2.00909 8
    endloop
  endfacet
  facet normal 0.666174 0.238359 0.706681
    outer loop
      vertex 8.54589 3.53982 4
      vertex 5.02394 1.52399 8
      vertex 8.8517 2.68513 4
    endloop
  endfacet
  facet normal -0.034716 -0.706681 0.706681
    outer loop
      vertex 0 -5.25 8
      vertex -0.906658 -9.20546 4
      vertex 0 -9.25 4
    endloop
  endfacet
  facet normal 0.706681 -0.034716 0.706681
    outer loop
      vertex 9.25 0 4
      vertex 5.25 0 8
      vertex 9.20546 -0.906658 4
    endloop
  endfacet
  facet normal -0.421486 -0.56829 0.70668
    outer loop
      vertex -3.33056 -4.0583 8
      vertex -5.13902 -7.69109 4
      vertex -2.91674 -4.36522 8
    endloop
  endfacet
  facet normal 0.606872 0.363744 0.70668
    outer loop
      vertex 8.15777 4.36042 4
      vertex 4.36522 2.91674 8
      vertex 4.63009 2.47483 8
    endloop
  endfacet
  facet normal 0.70668 -0.0347168 0.706681
    outer loop
      vertex 5.25 0 8
      vertex 5.22472 -0.514589 8
      vertex 9.20546 -0.906658 4
    endloop
  endfacet
  facet normal 0.56829 -0.421486 0.70668
    outer loop
      vertex 4.36522 -2.91674 8
      vertex 4.0583 -3.33056 8
      vertex 7.69109 -5.13902 4
    endloop
  endfacet
  facet normal -0.68633 -0.171914 0.70668
    outer loop
      vertex -5.02394 -1.52399 8
      vertex -9.07226 -1.80459 4
      vertex -8.8517 -2.68513 4
    endloop
  endfacet
  facet normal 0.475144 0.524253 0.706681
    outer loop
      vertex 6.54074 6.54074 4
      vertex 3.33056 4.0583 8
      vertex 3.71231 3.71231 8
    endloop
  endfacet
  facet normal -0.639601 -0.302513 0.70668
    outer loop
      vertex -4.63009 -2.47483 8
      vertex -8.54589 -3.53982 4
      vertex -8.15777 -4.36042 4
    endloop
  endfacet
  facet normal -0.0347168 0.70668 0.706681
    outer loop
      vertex 0 5.25 8
      vertex -0.906658 9.20546 4
      vertex -0.514589 5.22472 8
    endloop
  endfacet
  facet normal 0.666174 0.238359 0.706681
    outer loop
      vertex 8.54589 3.53982 4
      vertex 4.85037 2.00909 8
      vertex 5.02394 1.52399 8
    endloop
  endfacet
  facet normal 0.666174 -0.238359 0.706681
    outer loop
      vertex 8.8517 -2.68513 4
      vertex 5.02394 -1.52399 8
      vertex 8.54589 -3.53982 4
    endloop
  endfacet
  facet normal -0.10382 0.699874 0.706681
    outer loop
      vertex -0.906658 9.20546 4
      vertex -1.80459 9.07226 4
      vertex -1.02422 5.14912 8
    endloop
  endfacet
  facet normal 0.42147 -0.5683 0.706681
    outer loop
      vertex 5.86814 -7.15035 4
      vertex 3.33056 -4.0583 8
      vertex 5.13902 -7.69109 4
    endloop
  endfacet
  facet normal 0.699874 0.10382 0.706681
    outer loop
      vertex 9.07226 1.80459 4
      vertex 5.14912 1.02422 8
      vertex 9.20546 0.906658 4
    endloop
  endfacet
  facet normal 0.686331 -0.171909 0.706681
    outer loop
      vertex 5.14912 -1.02422 8
      vertex 5.02394 -1.52399 8
      vertex 9.07226 -1.80459 4
    endloop
  endfacet
  facet normal -0.363748 0.60687 0.70668
    outer loop
      vertex -4.36042 8.15777 4
      vertex -5.13902 7.69109 4
      vertex -2.91674 4.36522 8
    endloop
  endfacet
  facet normal 0.5683 0.42147 0.706681
    outer loop
      vertex 7.15035 5.86814 4
      vertex 4.0583 3.33056 8
      vertex 7.69109 5.13902 4
    endloop
  endfacet
  facet normal 0.363744 0.606872 0.70668
    outer loop
      vertex 4.36042 8.15777 4
      vertex 2.47483 4.63009 8
      vertex 2.91674 4.36522 8
    endloop
  endfacet
  facet normal 0.47515 0.524246 0.706681
    outer loop
      vertex 5.86814 7.15035 4
      vertex 3.33056 4.0583 8
      vertex 6.54074 6.54074 4
    endloop
  endfacet
  facet normal -0.5683 -0.42147 0.706681
    outer loop
      vertex -4.0583 -3.33056 8
      vertex -7.69109 -5.13902 4
      vertex -7.15035 -5.86814 4
    endloop
  endfacet
  facet normal 0.60687 0.363748 0.70668
    outer loop
      vertex 7.69109 5.13902 4
      vertex 4.36522 2.91674 8
      vertex 8.15777 4.36042 4
    endloop
  endfacet
  facet normal 0.0347168 0.70668 0.706681
    outer loop
      vertex 0.906658 9.20546 4
      vertex 0 5.25 8
      vertex 0.514589 5.22472 8
    endloop
  endfacet
  facet normal -0.686331 0.171909 0.706681
    outer loop
      vertex -5.02394 1.52399 8
      vertex -9.07226 1.80459 4
      vertex -5.14912 1.02422 8
    endloop
  endfacet
  facet normal -0.171914 0.68633 0.70668
    outer loop
      vertex -1.80459 9.07226 4
      vertex -2.68513 8.8517 4
      vertex -1.52399 5.02394 8
    endloop
  endfacet
  facet normal 0.699874 -0.10382 0.706681
    outer loop
      vertex 9.20546 -0.906658 4
      vertex 5.14912 -1.02422 8
      vertex 9.07226 -1.80459 4
    endloop
  endfacet
  facet normal -0.706681 -0.034716 0.706681
    outer loop
      vertex -5.25 0 8
      vertex -9.25 0 4
      vertex -9.20546 -0.906658 4
    endloop
  endfacet
  facet normal -0.666174 0.238359 0.706681
    outer loop
      vertex -8.54589 3.53982 4
      vertex -8.8517 2.68513 4
      vertex -5.02394 1.52399 8
    endloop
  endfacet
  facet normal -0.302513 -0.639601 0.70668
    outer loop
      vertex -2.47483 -4.63009 8
      vertex -4.36042 -8.15777 4
      vertex -3.53982 -8.54589 4
    endloop
  endfacet
  facet normal 0.034716 0.706681 0.706681
    outer loop
      vertex 0 9.25 4
      vertex 0 5.25 8
      vertex 0.906658 9.20546 4
    endloop
  endfacet
  facet normal -0.70668 0.0347168 0.706681
    outer loop
      vertex -5.22472 0.514589 8
      vertex -9.20546 0.906658 4
      vertex -5.25 0 8
    endloop
  endfacet
  facet normal 0.524253 0.475144 0.706681
    outer loop
      vertex 6.54074 6.54074 4
      vertex 3.71231 3.71231 8
      vertex 4.0583 3.33056 8
    endloop
  endfacet
  facet normal 0.68633 0.171914 0.70668
    outer loop
      vertex 8.8517 2.68513 4
      vertex 5.02394 1.52399 8
      vertex 9.07226 1.80459 4
    endloop
  endfacet
  facet normal 0.103821 -0.699874 0.706681
    outer loop
      vertex 1.02422 -5.14912 8
      vertex 0.514589 -5.22472 8
      vertex 0.906658 -9.20546 4
    endloop
  endfacet
  facet normal 0.639601 0.302513 0.70668
    outer loop
      vertex 8.15777 4.36042 4
      vertex 4.63009 2.47483 8
      vertex 8.54589 3.53982 4
    endloop
  endfacet
  facet normal -0.47515 0.524246 0.706681
    outer loop
      vertex -5.86814 7.15035 4
      vertex -6.54074 6.54074 4
      vertex -3.33056 4.0583 8
    endloop
  endfacet
  facet normal 0.60687 -0.363748 0.70668
    outer loop
      vertex 8.15777 -4.36042 4
      vertex 4.36522 -2.91674 8
      vertex 7.69109 -5.13902 4
    endloop
  endfacet
  facet normal -0.5683 0.42147 0.706681
    outer loop
      vertex -7.15035 5.86814 4
      vertex -7.69109 5.13902 4
      vertex -4.0583 3.33056 8
    endloop
  endfacet
  facet normal -0.524253 0.475144 0.706681
    outer loop
      vertex -3.71231 3.71231 8
      vertex -6.54074 6.54074 4
      vertex -4.0583 3.33056 8
    endloop
  endfacet
  facet normal -0.363748 -0.60687 0.70668
    outer loop
      vertex -2.91674 -4.36522 8
      vertex -5.13902 -7.69109 4
      vertex -4.36042 -8.15777 4
    endloop
  endfacet
  facet normal 0.639601 -0.302513 0.70668
    outer loop
      vertex 8.54589 -3.53982 4
      vertex 4.63009 -2.47483 8
      vertex 8.15777 -4.36042 4
    endloop
  endfacet
  facet normal 0.606872 -0.363744 0.70668
    outer loop
      vertex 4.63009 -2.47483 8
      vertex 4.36522 -2.91674 8
      vertex 8.15777 -4.36042 4
    endloop
  endfacet
  facet normal 0.524246 -0.47515 0.706681
    outer loop
      vertex 7.15035 -5.86814 4
      vertex 4.0583 -3.33056 8
      vertex 6.54074 -6.54074 4
    endloop
  endfacet
  facet normal 0.302513 -0.639601 0.70668
    outer loop
      vertex 4.36042 -8.15777 4
      vertex 2.47483 -4.63009 8
      vertex 3.53982 -8.54589 4
    endloop
  endfacet
  facet normal 0.421486 -0.56829 0.70668
    outer loop
      vertex 3.33056 -4.0583 8
      vertex 2.91674 -4.36522 8
      vertex 5.13902 -7.69109 4
    endloop
  endfacet
  facet normal -0.56829 -0.421486 0.70668
    outer loop
      vertex -4.36522 -2.91674 8
      vertex -7.69109 -5.13902 4
      vertex -4.0583 -3.33056 8
    endloop
  endfacet
  facet normal -0.70668 -0.0347168 0.706681
    outer loop
      vertex -5.25 0 8
      vertex -9.20546 -0.906658 4
      vertex -5.22472 -0.514589 8
    endloop
  endfacet
  facet normal -0.639601 -0.302511 0.70668
    outer loop
      vertex -4.85037 -2.00909 8
      vertex -8.54589 -3.53982 4
      vertex -4.63009 -2.47483 8
    endloop
  endfacet
  facet normal 0.42147 0.5683 0.706681
    outer loop
      vertex 5.13902 7.69109 4
      vertex 3.33056 4.0583 8
      vertex 5.86814 7.15035 4
    endloop
  endfacet
  facet normal -0.56829 0.421486 0.70668
    outer loop
      vertex -4.0583 3.33056 8
      vertex -7.69109 5.13902 4
      vertex -4.36522 2.91674 8
    endloop
  endfacet
  facet normal -0.524246 0.47515 0.706681
    outer loop
      vertex -6.54074 6.54074 4
      vertex -7.15035 5.86814 4
      vertex -4.0583 3.33056 8
    endloop
  endfacet
  facet normal 0.238359 0.666174 0.706681
    outer loop
      vertex 2.68513 8.8517 4
      vertex 1.52399 5.02394 8
      vertex 3.53982 8.54589 4
    endloop
  endfacet
  facet normal 0.171914 0.68633 0.70668
    outer loop
      vertex 1.80459 9.07226 4
      vertex 1.52399 5.02394 8
      vertex 2.68513 8.8517 4
    endloop
  endfacet
  facet normal 0.421486 0.56829 0.70668
    outer loop
      vertex 5.13902 7.69109 4
      vertex 2.91674 4.36522 8
      vertex 3.33056 4.0583 8
    endloop
  endfacet
  facet normal 0.363748 -0.60687 0.70668
    outer loop
      vertex 5.13902 -7.69109 4
      vertex 2.91674 -4.36522 8
      vertex 4.36042 -8.15777 4
    endloop
  endfacet
  facet normal -0.103821 0.699874 0.706681
    outer loop
      vertex -0.906658 9.20546 4
      vertex -1.02422 5.14912 8
      vertex -0.514589 5.22472 8
    endloop
  endfacet
  facet normal -0.686331 -0.171909 0.706681
    outer loop
      vertex -5.14912 -1.02422 8
      vertex -9.07226 -1.80459 4
      vertex -5.02394 -1.52399 8
    endloop
  endfacet
  facet normal -0.60687 0.363748 0.70668
    outer loop
      vertex -7.69109 5.13902 4
      vertex -8.15777 4.36042 4
      vertex -4.36522 2.91674 8
    endloop
  endfacet
  facet normal -0.666174 0.238359 0.706681
    outer loop
      vertex -4.85037 2.00909 8
      vertex -8.54589 3.53982 4
      vertex -5.02394 1.52399 8
    endloop
  endfacet
  facet normal 0.699874 0.103821 0.706681
    outer loop
      vertex 9.20546 0.906658 4
      vertex 5.14912 1.02422 8
      vertex 5.22472 0.514589 8
    endloop
  endfacet
  facet normal 0.363744 -0.606872 0.70668
    outer loop
      vertex 2.91674 -4.36522 8
      vertex 2.47483 -4.63009 8
      vertex 4.36042 -8.15777 4
    endloop
  endfacet
  facet normal 0.666174 -0.238359 0.706681
    outer loop
      vertex 5.02394 -1.52399 8
      vertex 4.85037 -2.00909 8
      vertex 8.54589 -3.53982 4
    endloop
  endfacet
  facet normal 0.639601 -0.302511 0.70668
    outer loop
      vertex 4.85037 -2.00909 8
      vertex 4.63009 -2.47483 8
      vertex 8.54589 -3.53982 4
    endloop
  endfacet
  facet normal -0.699874 -0.103821 0.706681
    outer loop
      vertex -5.22472 -0.514589 8
      vertex -9.20546 -0.906658 4
      vertex -5.14912 -1.02422 8
    endloop
  endfacet
  facet normal -0.421486 0.56829 0.70668
    outer loop
      vertex -2.91674 4.36522 8
      vertex -5.13902 7.69109 4
      vertex -3.33056 4.0583 8
    endloop
  endfacet
  facet normal -0.639601 0.302511 0.70668
    outer loop
      vertex -4.63009 2.47483 8
      vertex -8.54589 3.53982 4
      vertex -4.85037 2.00909 8
    endloop
  endfacet
  facet normal -0.606872 0.363744 0.70668
    outer loop
      vertex -4.36522 2.91674 8
      vertex -8.15777 4.36042 4
      vertex -4.63009 2.47483 8
    endloop
  endfacet
  facet normal 0.0347168 -0.70668 0.706681
    outer loop
      vertex 0.514589 -5.22472 8
      vertex 0 -5.25 8
      vertex 0.906658 -9.20546 4
    endloop
  endfacet
  facet normal 0.171914 -0.68633 0.70668
    outer loop
      vertex 2.68513 -8.8517 4
      vertex 1.52399 -5.02394 8
      vertex 1.80459 -9.07226 4
    endloop
  endfacet
  facet normal 0.639601 0.302511 0.70668
    outer loop
      vertex 8.54589 3.53982 4
      vertex 4.63009 2.47483 8
      vertex 4.85037 2.00909 8
    endloop
  endfacet
  facet normal 0.302513 0.639601 0.70668
    outer loop
      vertex 3.53982 8.54589 4
      vertex 2.47483 4.63009 8
      vertex 4.36042 8.15777 4
    endloop
  endfacet
  facet normal -0.42147 -0.5683 0.706681
    outer loop
      vertex -3.33056 -4.0583 8
      vertex -5.86814 -7.15035 4
      vertex -5.13902 -7.69109 4
    endloop
  endfacet
  facet normal 0.475144 -0.524253 0.706681
    outer loop
      vertex 3.71231 -3.71231 8
      vertex 3.33056 -4.0583 8
      vertex 6.54074 -6.54074 4
    endloop
  endfacet
  facet normal -0.639601 0.302513 0.70668
    outer loop
      vertex -8.15777 4.36042 4
      vertex -8.54589 3.53982 4
      vertex -4.63009 2.47483 8
    endloop
  endfacet
  facet normal 0.47515 -0.524246 0.706681
    outer loop
      vertex 6.54074 -6.54074 4
      vertex 3.33056 -4.0583 8
      vertex 5.86814 -7.15035 4
    endloop
  endfacet
  facet normal 0.302511 0.639601 0.70668
    outer loop
      vertex 3.53982 8.54589 4
      vertex 2.00909 4.85037 8
      vertex 2.47483 4.63009 8
    endloop
  endfacet
  facet normal -0.699874 -0.10382 0.706681
    outer loop
      vertex -5.14912 -1.02422 8
      vertex -9.20546 -0.906658 4
      vertex -9.07226 -1.80459 4
    endloop
  endfacet
  facet normal -0.171914 -0.68633 0.70668
    outer loop
      vertex -1.52399 -5.02394 8
      vertex -2.68513 -8.8517 4
      vertex -1.80459 -9.07226 4
    endloop
  endfacet
  facet normal -0.034716 0.706681 0.706681
    outer loop
      vertex 0 9.25 4
      vertex -0.906658 9.20546 4
      vertex 0 5.25 8
    endloop
  endfacet
  facet normal -0.10382 -0.699874 0.706681
    outer loop
      vertex -1.02422 -5.14912 8
      vertex -1.80459 -9.07226 4
      vertex -0.906658 -9.20546 4
    endloop
  endfacet
  facet normal 0.238359 -0.666174 0.706681
    outer loop
      vertex 2.00909 -4.85037 8
      vertex 1.52399 -5.02394 8
      vertex 3.53982 -8.54589 4
    endloop
  endfacet
  facet normal -0.524246 -0.47515 0.706681
    outer loop
      vertex -4.0583 -3.33056 8
      vertex -7.15035 -5.86814 4
      vertex -6.54074 -6.54074 4
    endloop
  endfacet
  facet normal 0.171909 0.686331 0.706681
    outer loop
      vertex 1.80459 9.07226 4
      vertex 1.02422 5.14912 8
      vertex 1.52399 5.02394 8
    endloop
  endfacet
  facet normal -0.302513 0.639601 0.70668
    outer loop
      vertex -3.53982 8.54589 4
      vertex -4.36042 8.15777 4
      vertex -2.47483 4.63009 8
    endloop
  endfacet
  facet normal -0.60687 -0.363748 0.70668
    outer loop
      vertex -4.36522 -2.91674 8
      vertex -8.15777 -4.36042 4
      vertex -7.69109 -5.13902 4
    endloop
  endfacet
  facet normal -0.524253 -0.475144 0.706681
    outer loop
      vertex -4.0583 -3.33056 8
      vertex -6.54074 -6.54074 4
      vertex -3.71231 -3.71231 8
    endloop
  endfacet
  facet normal 0.10382 -0.699874 0.706681
    outer loop
      vertex 1.02422 -5.14912 8
      vertex 0.906658 -9.20546 4
      vertex 1.80459 -9.07226 4
    endloop
  endfacet
  facet normal -0.475144 -0.524253 0.706681
    outer loop
      vertex -3.71231 -3.71231 8
      vertex -6.54074 -6.54074 4
      vertex -3.33056 -4.0583 8
    endloop
  endfacet
  facet normal -0.47515 -0.524246 0.706681
    outer loop
      vertex -3.33056 -4.0583 8
      vertex -6.54074 -6.54074 4
      vertex -5.86814 -7.15035 4
    endloop
  endfacet
  facet normal -0.0347168 -0.70668 0.706681
    outer loop
      vertex -0.514589 -5.22472 8
      vertex -0.906658 -9.20546 4
      vertex 0 -5.25 8
    endloop
  endfacet
  facet normal -0.238359 -0.666174 0.706681
    outer loop
      vertex -1.52399 -5.02394 8
      vertex -3.53982 -8.54589 4
      vertex -2.68513 -8.8517 4
    endloop
  endfacet
  facet normal -0.171909 -0.686331 0.706681
    outer loop
      vertex -1.52399 -5.02394 8
      vertex -1.80459 -9.07226 4
      vertex -1.02422 -5.14912 8
    endloop
  endfacet
  facet normal -0.302511 -0.639601 0.70668
    outer loop
      vertex -2.47483 -4.63009 8
      vertex -3.53982 -8.54589 4
      vertex -2.00909 -4.85037 8
    endloop
  endfacet
  facet normal -0.363744 0.606872 0.70668
    outer loop
      vertex -2.47483 4.63009 8
      vertex -4.36042 8.15777 4
      vertex -2.91674 4.36522 8
    endloop
  endfacet
  facet normal 0.171909 -0.686331 0.706681
    outer loop
      vertex 1.52399 -5.02394 8
      vertex 1.02422 -5.14912 8
      vertex 1.80459 -9.07226 4
    endloop
  endfacet
  facet normal -0.103821 -0.699874 0.706681
    outer loop
      vertex -0.514589 -5.22472 8
      vertex -1.02422 -5.14912 8
      vertex -0.906658 -9.20546 4
    endloop
  endfacet
  facet normal -0.363744 -0.606872 0.70668
    outer loop
      vertex -2.91674 -4.36522 8
      vertex -4.36042 -8.15777 4
      vertex -2.47483 -4.63009 8
    endloop
  endfacet
  facet normal -0.606872 -0.363744 0.70668
    outer loop
      vertex -4.63009 -2.47483 8
      vertex -8.15777 -4.36042 4
      vertex -4.36522 -2.91674 8
    endloop
  endfacet
  facet normal -0.238359 -0.666174 0.706681
    outer loop
      vertex -2.00909 -4.85037 8
      vertex -3.53982 -8.54589 4
      vertex -1.52399 -5.02394 8
    endloop
  endfacet
  facet normal 0 0 -1
    outer loop
      vertex 5.25 0 8
      vertex 8.25 0 8
      vertex 8.21027 -0.80864 8
    endloop
  endfacet
  facet normal 0 0 -1
    outer loop
      vertex 5.22472 -0.514589 8
      vertex 8.21027 -0.80864 8
      vertex 8.09148 -1.60949 8
    endloop
  endfacet
  facet normal 0 0 -1
    outer loop
      vertex 8.25 0 8
      vertex 5.25 0 8
      vertex 8.21027 0.80864 8
    endloop
  endfacet
  facet normal 0 0 -1
    outer loop
      vertex 5.14912 -1.02422 8
      vertex 8.09148 -1.60949 8
      vertex 7.89476 -2.39485 8
    endloop
  endfacet
  facet normal 0 0 -1
    outer loop
      vertex 5.22472 0.514589 8
      vertex 8.21027 0.80864 8
      vertex 5.25 0 8
    endloop
  endfacet
  facet normal 0 0 -1
    outer loop
      vertex 5.02394 -1.52399 8
      vertex 7.89476 -2.39485 8
      vertex 7.62201 -3.15714 8
    endloop
  endfacet
  facet normal -0 0 -1
    outer loop
      vertex 8.21027 0.80864 8
      vertex 5.22472 0.514589 8
      vertex 8.09148 1.60949 8
    endloop
  endfacet
  facet normal 0 0 -1
    outer loop
      vertex 4.85037 -2.00909 8
      vertex 7.62201 -3.15714 8
      vertex 7.27585 -3.88902 8
    endloop
  endfacet
  facet normal 0 0 -1
    outer loop
      vertex 5.14912 1.02422 8
      vertex 8.09148 1.60949 8
      vertex 5.22472 0.514589 8
    endloop
  endfacet
  facet normal 0 0 -1
    outer loop
      vertex 4.63009 -2.47483 8
      vertex 7.27585 -3.88902 8
      vertex 6.85962 -4.58345 8
    endloop
  endfacet
  facet normal -0 0 -1
    outer loop
      vertex 8.09148 1.60949 8
      vertex 5.14912 1.02422 8
      vertex 7.89476 2.39485 8
    endloop
  endfacet
  facet normal 0 0 -1
    outer loop
      vertex 4.36522 -2.91674 8
      vertex 6.85962 -4.58345 8
      vertex 6.37734 -5.23374 8
    endloop
  endfacet
  facet normal 0 0 -1
    outer loop
      vertex 5.02394 1.52399 8
      vertex 7.89476 2.39485 8
      vertex 5.14912 1.02422 8
    endloop
  endfacet
  facet normal 0 0 -1
    outer loop
      vertex 4.0583 -3.33056 8
      vertex 6.37734 -5.23374 8
      vertex 5.83363 -5.83363 8
    endloop
  endfacet
  facet normal -0 0 -1
    outer loop
      vertex 7.89476 2.39485 8
      vertex 5.02394 1.52399 8
      vertex 7.62201 3.15714 8
    endloop
  endfacet
  facet normal 0 0 -1
    outer loop
      vertex 4.85037 2.00909 8
      vertex 7.62201 3.15714 8
      vertex 5.02394 1.52399 8
    endloop
  endfacet
  facet normal 0 0 -1
    outer loop
      vertex 3.71231 -3.71231 8
      vertex 5.83363 -5.83363 8
      vertex 5.23374 -6.37734 8
    endloop
  endfacet
  facet normal 0 0 -1
    outer loop
      vertex 8.21027 -0.80864 8
      vertex 5.22472 -0.514589 8
      vertex 5.25 0 8
    endloop
  endfacet
  facet normal 0 0 -1
    outer loop
      vertex 8.09148 -1.60949 8
      vertex 5.14912 -1.02422 8
      vertex 5.22472 -0.514589 8
    endloop
  endfacet
  facet normal 0 0 -1
    outer loop
      vertex 7.89476 -2.39485 8
      vertex 5.02394 -1.52399 8
      vertex 5.14912 -1.02422 8
    endloop
  endfacet
  facet normal 0 0 -1
    outer loop
      vertex 7.62201 -3.15714 8
      vertex 4.85037 -2.00909 8
      vertex 5.02394 -1.52399 8
    endloop
  endfacet
  facet normal 0 0 -1
    outer loop
      vertex 7.27585 -3.88902 8
      vertex 4.63009 -2.47483 8
      vertex 4.85037 -2.00909 8
    endloop
  endfacet
  facet normal 0 0 -1
    outer loop
      vertex 3.33056 -4.0583 8
      vertex 5.23374 -6.37734 8
      vertex 4.58345 -6.85962 8
    endloop
  endfacet
  facet normal 0 0 -1
    outer loop
      vertex 6.85962 -4.58345 8
      vertex 4.36522 -2.91674 8
      vertex 4.63009 -2.47483 8
    endloop
  endfacet
  facet normal 0 0 -1
    outer loop
      vertex 6.37734 -5.23374 8
      vertex 4.0583 -3.33056 8
      vertex 4.36522 -2.91674 8
    endloop
  endfacet
  facet normal 0 0 -1
    outer loop
      vertex 2.91674 -4.36522 8
      vertex 4.58345 -6.85962 8
      vertex 3.88902 -7.27585 8
    endloop
  endfacet
  facet normal 0 0 -1
    outer loop
      vertex 5.83363 -5.83363 8
      vertex 3.71231 -3.71231 8
      vertex 4.0583 -3.33056 8
    endloop
  endfacet
  facet normal 0 0 -1
    outer loop
      vertex 5.23374 -6.37734 8
      vertex 3.33056 -4.0583 8
      vertex 3.71231 -3.71231 8
    endloop
  endfacet
  facet normal 0 0 -1
    outer loop
      vertex 2.47483 -4.63009 8
      vertex 3.88902 -7.27585 8
      vertex 3.15714 -7.62201 8
    endloop
  endfacet
  facet normal 0 0 -1
    outer loop
      vertex 4.58345 -6.85962 8
      vertex 2.91674 -4.36522 8
      vertex 3.33056 -4.0583 8
    endloop
  endfacet
  facet normal 0 0 -1
    outer loop
      vertex 3.88902 -7.27585 8
      vertex 2.47483 -4.63009 8
      vertex 2.91674 -4.36522 8
    endloop
  endfacet
  facet normal 0 0 -1
    outer loop
      vertex 2.00909 -4.85037 8
      vertex 3.15714 -7.62201 8
      vertex 2.39485 -7.89476 8
    endloop
  endfacet
  facet normal 0 0 -1
    outer loop
      vertex 3.15714 -7.62201 8
      vertex 2.00909 -4.85037 8
      vertex 2.47483 -4.63009 8
    endloop
  endfacet
  facet normal 0 0 -1
    outer loop
      vertex 1.52399 -5.02394 8
      vertex 2.39485 -7.89476 8
      vertex 1.60949 -8.09148 8
    endloop
  endfacet
  facet normal 0 0 -1
    outer loop
      vertex 2.39485 -7.89476 8
      vertex 1.52399 -5.02394 8
      vertex 2.00909 -4.85037 8
    endloop
  endfacet
  facet normal 0 0 -1
    outer loop
      vertex 1.60949 -8.09148 8
      vertex 1.02422 -5.14912 8
      vertex 1.52399 -5.02394 8
    endloop
  endfacet
  facet normal 0 0 -1
    outer loop
      vertex 0.80864 -8.21027 8
      vertex 1.02422 -5.14912 8
      vertex 1.60949 -8.09148 8
    endloop
  endfacet
  facet normal 0 0 -1
    outer loop
      vertex 0.80864 -8.21027 8
      vertex 0.514589 -5.22472 8
      vertex 1.02422 -5.14912 8
    endloop
  endfacet
  facet normal 0 0 -1
    outer loop
      vertex 0 -8.25 8
      vertex 0.514589 -5.22472 8
      vertex 0.80864 -8.21027 8
    endloop
  endfacet
  facet normal 0 0 -1
    outer loop
      vertex 0 -8.25 8
      vertex 0 -5.25 8
      vertex 0.514589 -5.22472 8
    endloop
  endfacet
  facet normal 0 0 -1
    outer loop
      vertex 0 -8.25 8
      vertex -0.514589 -5.22472 8
      vertex 0 -5.25 8
    endloop
  endfacet
  facet normal 0 0 -1
    outer loop
      vertex -0.80864 -8.21027 8
      vertex -0.514589 -5.22472 8
      vertex 0 -8.25 8
    endloop
  endfacet
  facet normal 0 0 -1
    outer loop
      vertex -0.80864 -8.21027 8
      vertex -1.02422 -5.14912 8
      vertex -0.514589 -5.22472 8
    endloop
  endfacet
  facet normal 0 0 -1
    outer loop
      vertex -1.60949 -8.09148 8
      vertex -1.02422 -5.14912 8
      vertex -0.80864 -8.21027 8
    endloop
  endfacet
  facet normal -0 0 -1
    outer loop
      vertex -1.02422 -5.14912 8
      vertex -1.60949 -8.09148 8
      vertex -1.52399 -5.02394 8
    endloop
  endfacet
  facet normal 0 0 -1
    outer loop
      vertex -2.39485 -7.89476 8
      vertex -1.52399 -5.02394 8
      vertex -1.60949 -8.09148 8
    endloop
  endfacet
  facet normal -0 0 -1
    outer loop
      vertex -1.52399 -5.02394 8
      vertex -2.39485 -7.89476 8
      vertex -2.00909 -4.85037 8
    endloop
  endfacet
  facet normal 0 0 -1
    outer loop
      vertex -3.15714 -7.62201 8
      vertex -2.00909 -4.85037 8
      vertex -2.39485 -7.89476 8
    endloop
  endfacet
  facet normal -0 0 -1
    outer loop
      vertex -2.00909 -4.85037 8
      vertex -3.15714 -7.62201 8
      vertex -2.47483 -4.63009 8
    endloop
  endfacet
  facet normal 0 0 -1
    outer loop
      vertex -3.88902 -7.27585 8
      vertex -2.47483 -4.63009 8
      vertex -3.15714 -7.62201 8
    endloop
  endfacet
  facet normal -0 0 -1
    outer loop
      vertex -2.47483 -4.63009 8
      vertex -3.88902 -7.27585 8
      vertex -2.91674 -4.36522 8
    endloop
  endfacet
  facet normal 0 0 -1
    outer loop
      vertex -4.58345 -6.85962 8
      vertex -2.91674 -4.36522 8
      vertex -3.88902 -7.27585 8
    endloop
  endfacet
  facet normal -0 0 -1
    outer loop
      vertex -2.91674 -4.36522 8
      vertex -4.58345 -6.85962 8
      vertex -3.33056 -4.0583 8
    endloop
  endfacet
  facet normal 0 0 -1
    outer loop
      vertex -5.23374 -6.37734 8
      vertex -3.33056 -4.0583 8
      vertex -4.58345 -6.85962 8
    endloop
  endfacet
  facet normal -0 0 -1
    outer loop
      vertex -3.33056 -4.0583 8
      vertex -5.23374 -6.37734 8
      vertex -3.71231 -3.71231 8
    endloop
  endfacet
  facet normal 0 0 -1
    outer loop
      vertex -5.83363 -5.83363 8
      vertex -3.71231 -3.71231 8
      vertex -5.23374 -6.37734 8
    endloop
  endfacet
  facet normal -0 0 -1
    outer loop
      vertex -3.71231 -3.71231 8
      vertex -5.83363 -5.83363 8
      vertex -4.0583 -3.33056 8
    endloop
  endfacet
  facet normal 0 0 -1
    outer loop
      vertex -6.37734 -5.23374 8
      vertex -4.0583 -3.33056 8
      vertex -5.83363 -5.83363 8
    endloop
  endfacet
  facet normal -0 0 -1
    outer loop
      vertex -4.0583 -3.33056 8
      vertex -6.37734 -5.23374 8
      vertex -4.36522 -2.91674 8
    endloop
  endfacet
  facet normal 0 0 -1
    outer loop
      vertex -6.85962 -4.58345 8
      vertex -4.36522 -2.91674 8
      vertex -6.37734 -5.23374 8
    endloop
  endfacet
  facet normal -0 0 -1
    outer loop
      vertex -4.36522 -2.91674 8
      vertex -6.85962 -4.58345 8
      vertex -4.63009 -2.47483 8
    endloop
  endfacet
  facet normal 0 0 -1
    outer loop
      vertex -7.27585 -3.88902 8
      vertex -4.63009 -2.47483 8
      vertex -6.85962 -4.58345 8
    endloop
  endfacet
  facet normal -0 0 -1
    outer loop
      vertex -4.63009 -2.47483 8
      vertex -7.27585 -3.88902 8
      vertex -4.85037 -2.00909 8
    endloop
  endfacet
  facet normal 0 0 -1
    outer loop
      vertex -7.62201 -3.15714 8
      vertex -4.85037 -2.00909 8
      vertex -7.27585 -3.88902 8
    endloop
  endfacet
  facet normal -0 0 -1
    outer loop
      vertex 7.62201 3.15714 8
      vertex 4.85037 2.00909 8
      vertex 7.27585 3.88902 8
    endloop
  endfacet
  facet normal 0 0 -1
    outer loop
      vertex 4.63009 2.47483 8
      vertex 7.27585 3.88902 8
      vertex 4.85037 2.00909 8
    endloop
  endfacet
  facet normal -0 0 -1
    outer loop
      vertex 7.27585 3.88902 8
      vertex 4.63009 2.47483 8
      vertex 6.85962 4.58345 8
    endloop
  endfacet
  facet normal 0 0 -1
    outer loop
      vertex 4.36522 2.91674 8
      vertex 6.85962 4.58345 8
      vertex 4.63009 2.47483 8
    endloop
  endfacet
  facet normal -0 0 -1
    outer loop
      vertex 6.85962 4.58345 8
      vertex 4.36522 2.91674 8
      vertex 6.37734 5.23374 8
    endloop
  endfacet
  facet normal 0 0 -1
    outer loop
      vertex 4.0583 3.33056 8
      vertex 6.37734 5.23374 8
      vertex 4.36522 2.91674 8
    endloop
  endfacet
  facet normal -0 0 -1
    outer loop
      vertex 6.37734 5.23374 8
      vertex 4.0583 3.33056 8
      vertex 5.83363 5.83363 8
    endloop
  endfacet
  facet normal 0 0 -1
    outer loop
      vertex 3.71231 3.71231 8
      vertex 5.83363 5.83363 8
      vertex 4.0583 3.33056 8
    endloop
  endfacet
  facet normal -0 0 -1
    outer loop
      vertex 5.83363 5.83363 8
      vertex 3.71231 3.71231 8
      vertex 5.23374 6.37734 8
    endloop
  endfacet
  facet normal 0 0 -1
    outer loop
      vertex 3.33056 4.0583 8
      vertex 5.23374 6.37734 8
      vertex 3.71231 3.71231 8
    endloop
  endfacet
  facet normal -0 0 -1
    outer loop
      vertex 5.23374 6.37734 8
      vertex 3.33056 4.0583 8
      vertex 4.58345 6.85962 8
    endloop
  endfacet
  facet normal 0 0 -1
    outer loop
      vertex 2.91674 4.36522 8
      vertex 4.58345 6.85962 8
      vertex 3.33056 4.0583 8
    endloop
  endfacet
  facet normal -0 0 -1
    outer loop
      vertex 4.58345 6.85962 8
      vertex 2.91674 4.36522 8
      vertex 3.88902 7.27585 8
    endloop
  endfacet
  facet normal 0 0 -1
    outer loop
      vertex 2.47483 4.63009 8
      vertex 3.88902 7.27585 8
      vertex 2.91674 4.36522 8
    endloop
  endfacet
  facet normal -0 0 -1
    outer loop
      vertex 3.88902 7.27585 8
      vertex 2.47483 4.63009 8
      vertex 3.15714 7.62201 8
    endloop
  endfacet
  facet normal 0 0 -1
    outer loop
      vertex 2.00909 4.85037 8
      vertex 3.15714 7.62201 8
      vertex 2.47483 4.63009 8
    endloop
  endfacet
  facet normal -0 0 -1
    outer loop
      vertex 3.15714 7.62201 8
      vertex 2.00909 4.85037 8
      vertex 2.39485 7.89476 8
    endloop
  endfacet
  facet normal 0 0 -1
    outer loop
      vertex 1.52399 5.02394 8
      vertex 2.39485 7.89476 8
      vertex 2.00909 4.85037 8
    endloop
  endfacet
  facet normal -0 0 -1
    outer loop
      vertex 2.39485 7.89476 8
      vertex 1.52399 5.02394 8
      vertex 1.60949 8.09148 8
    endloop
  endfacet
  facet normal 0 0 -1
    outer loop
      vertex 1.02422 5.14912 8
      vertex 1.60949 8.09148 8
      vertex 1.52399 5.02394 8
    endloop
  endfacet
  facet normal 0 0 -1
    outer loop
      vertex 1.02422 5.14912 8
      vertex 0.80864 8.21027 8
      vertex 1.60949 8.09148 8
    endloop
  endfacet
  facet normal 0 0 -1
    outer loop
      vertex 0.514589 5.22472 8
      vertex 0.80864 8.21027 8
      vertex 1.02422 5.14912 8
    endloop
  endfacet
  facet normal 0 0 -1
    outer loop
      vertex 0 5.25 8
      vertex 0.80864 8.21027 8
      vertex 0.514589 5.22472 8
    endloop
  endfacet
  facet normal 0 0 -1
    outer loop
      vertex 0 5.25 8
      vertex 0 8.25 8
      vertex 0.80864 8.21027 8
    endloop
  endfacet
  facet normal 0 0 -1
    outer loop
      vertex -0.514589 5.22472 8
      vertex 0 8.25 8
      vertex 0 5.25 8
    endloop
  endfacet
  facet normal 0 0 -1
    outer loop
      vertex -0.514589 5.22472 8
      vertex -0.80864 8.21027 8
      vertex 0 8.25 8
    endloop
  endfacet
  facet normal 0 0 -1
    outer loop
      vertex -1.02422 5.14912 8
      vertex -0.80864 8.21027 8
      vertex -0.514589 5.22472 8
    endloop
  endfacet
  facet normal 0 0 -1
    outer loop
      vertex -1.60949 8.09148 8
      vertex -1.02422 5.14912 8
      vertex -1.52399 5.02394 8
    endloop
  endfacet
  facet normal 0 0 -1
    outer loop
      vertex -1.02422 5.14912 8
      vertex -1.60949 8.09148 8
      vertex -0.80864 8.21027 8
    endloop
  endfacet
  facet normal 0 0 -1
    outer loop
      vertex -2.39485 7.89476 8
      vertex -1.52399 5.02394 8
      vertex -2.00909 4.85037 8
    endloop
  endfacet
  facet normal 0 0 -1
    outer loop
      vertex -1.52399 5.02394 8
      vertex -2.39485 7.89476 8
      vertex -1.60949 8.09148 8
    endloop
  endfacet
  facet normal 0 0 -1
    outer loop
      vertex -3.15714 7.62201 8
      vertex -2.00909 4.85037 8
      vertex -2.47483 4.63009 8
    endloop
  endfacet
  facet normal 0 0 -1
    outer loop
      vertex -3.88902 7.27585 8
      vertex -2.47483 4.63009 8
      vertex -2.91674 4.36522 8
    endloop
  endfacet
  facet normal 0 0 -1
    outer loop
      vertex -2.00909 4.85037 8
      vertex -3.15714 7.62201 8
      vertex -2.39485 7.89476 8
    endloop
  endfacet
  facet normal 0 0 -1
    outer loop
      vertex -4.58345 6.85962 8
      vertex -2.91674 4.36522 8
      vertex -3.33056 4.0583 8
    endloop
  endfacet
  facet normal 0 0 -1
    outer loop
      vertex -5.23374 6.37734 8
      vertex -3.33056 4.0583 8
      vertex -3.71231 3.71231 8
    endloop
  endfacet
  facet normal 0 0 -1
    outer loop
      vertex -2.47483 4.63009 8
      vertex -3.88902 7.27585 8
      vertex -3.15714 7.62201 8
    endloop
  endfacet
  facet normal 0 0 -1
    outer loop
      vertex -5.83363 5.83363 8
      vertex -3.71231 3.71231 8
      vertex -4.0583 3.33056 8
    endloop
  endfacet
  facet normal 0 0 -1
    outer loop
      vertex -6.37734 5.23374 8
      vertex -4.0583 3.33056 8
      vertex -4.36522 2.91674 8
    endloop
  endfacet
  facet normal 0 0 -1
    outer loop
      vertex -2.91674 4.36522 8
      vertex -4.58345 6.85962 8
      vertex -3.88902 7.27585 8
    endloop
  endfacet
  facet normal 0 0 -1
    outer loop
      vertex -6.85962 4.58345 8
      vertex -4.36522 2.91674 8
      vertex -4.63009 2.47483 8
    endloop
  endfacet
  facet normal 0 0 -1
    outer loop
      vertex -7.27585 3.88902 8
      vertex -4.63009 2.47483 8
      vertex -4.85037 2.00909 8
    endloop
  endfacet
  facet normal 0 0 -1
    outer loop
      vertex -7.62201 3.15714 8
      vertex -4.85037 2.00909 8
      vertex -5.02394 1.52399 8
    endloop
  endfacet
  facet normal 0 0 -1
    outer loop
      vertex -7.89476 2.39485 8
      vertex -5.02394 1.52399 8
      vertex -5.14912 1.02422 8
    endloop
  endfacet
  facet normal 0 0 -1
    outer loop
      vertex -8.09148 1.60949 8
      vertex -5.14912 1.02422 8
      vertex -5.22472 0.514589 8
    endloop
  endfacet
  facet normal 0 0 -1
    outer loop
      vertex -3.33056 4.0583 8
      vertex -5.23374 6.37734 8
      vertex -4.58345 6.85962 8
    endloop
  endfacet
  facet normal 0 0 -1
    outer loop
      vertex -8.21027 0.80864 8
      vertex -5.22472 0.514589 8
      vertex -5.25 0 8
    endloop
  endfacet
  facet normal -0 0 -1
    outer loop
      vertex -4.85037 -2.00909 8
      vertex -7.62201 -3.15714 8
      vertex -5.02394 -1.52399 8
    endloop
  endfacet
  facet normal 0 0 -1
    outer loop
      vertex -3.71231 3.71231 8
      vertex -5.83363 5.83363 8
      vertex -5.23374 6.37734 8
    endloop
  endfacet
  facet normal 0 0 -1
    outer loop
      vertex -7.89476 -2.39485 8
      vertex -5.02394 -1.52399 8
      vertex -7.62201 -3.15714 8
    endloop
  endfacet
  facet normal 0 0 -1
    outer loop
      vertex -4.0583 3.33056 8
      vertex -6.37734 5.23374 8
      vertex -5.83363 5.83363 8
    endloop
  endfacet
  facet normal -0 0 -1
    outer loop
      vertex -5.02394 -1.52399 8
      vertex -7.89476 -2.39485 8
      vertex -5.14912 -1.02422 8
    endloop
  endfacet
  facet normal 0 0 -1
    outer loop
      vertex -4.36522 2.91674 8
      vertex -6.85962 4.58345 8
      vertex -6.37734 5.23374 8
    endloop
  endfacet
  facet normal 0 0 -1
    outer loop
      vertex -8.09148 -1.60949 8
      vertex -5.14912 -1.02422 8
      vertex -7.89476 -2.39485 8
    endloop
  endfacet
  facet normal 0 0 -1
    outer loop
      vertex -4.63009 2.47483 8
      vertex -7.27585 3.88902 8
      vertex -6.85962 4.58345 8
    endloop
  endfacet
  facet normal -0 0 -1
    outer loop
      vertex -5.14912 -1.02422 8
      vertex -8.09148 -1.60949 8
      vertex -5.22472 -0.514589 8
    endloop
  endfacet
  facet normal 0 0 -1
    outer loop
      vertex -4.85037 2.00909 8
      vertex -7.62201 3.15714 8
      vertex -7.27585 3.88902 8
    endloop
  endfacet
  facet normal 0 0 -1
    outer loop
      vertex -8.21027 -0.80864 8
      vertex -5.22472 -0.514589 8
      vertex -8.09148 -1.60949 8
    endloop
  endfacet
  facet normal 0 0 -1
    outer loop
      vertex -5.02394 1.52399 8
      vertex -7.89476 2.39485 8
      vertex -7.62201 3.15714 8
    endloop
  endfacet
  facet normal -0 0 -1
    outer loop
      vertex -5.22472 -0.514589 8
      vertex -8.21027 -0.80864 8
      vertex -5.25 0 8
    endloop
  endfacet
  facet normal 0 0 -1
    outer loop
      vertex -5.14912 1.02422 8
      vertex -8.09148 1.60949 8
      vertex -7.89476 2.39485 8
    endloop
  endfacet
  facet normal 0 0 -1
    outer loop
      vertex -8.25 0 8
      vertex -5.25 0 8
      vertex -8.21027 -0.80864 8
    endloop
  endfacet
  facet normal 0 0 -1
    outer loop
      vertex -5.22472 0.514589 8
      vertex -8.21027 0.80864 8
      vertex -8.09148 1.60949 8
    endloop
  endfacet
  facet normal 0 0 -1
    outer loop
      vertex -5.25 0 8
      vertex -8.25 0 8
      vertex -8.21027 0.80864 8
    endloop
  endfacet
  facet normal 0.706681 0.034716 -0.706681
    outer loop
      vertex 9.25 0 4
      vertex 5.25 0 0
      vertex 9.20546 0.906658 4
    endloop
  endfacet
  facet normal -0.363748 -0.60687 -0.70668
    outer loop
      vertex -4.36042 -8.15777 4
      vertex -5.13902 -7.69109 4
      vertex -2.91674 -4.36522 0
    endloop
  endfacet
  facet normal 0.68633 0.171914 -0.70668
    outer loop
      vertex 9.07226 1.80459 4
      vertex 5.02394 1.52399 0
      vertex 8.8517 2.68513 4
    endloop
  endfacet
  facet normal 0.10382 -0.699874 -0.706681
    outer loop
      vertex 1.80459 -9.07226 4
      vertex 0.906658 -9.20546 4
      vertex 1.02422 -5.14912 0
    endloop
  endfacet
  facet normal 0.524246 -0.47515 -0.706681
    outer loop
      vertex 6.54074 -6.54074 4
      vertex 4.0583 -3.33056 0
      vertex 7.15035 -5.86814 4
    endloop
  endfacet
  facet normal -0.70668 -0.0347168 -0.706681
    outer loop
      vertex -5.22472 -0.514589 0
      vertex -9.20546 -0.906658 4
      vertex -5.25 0 0
    endloop
  endfacet
  facet normal 0.666174 -0.238359 -0.706681
    outer loop
      vertex 8.54589 -3.53982 4
      vertex 5.02394 -1.52399 0
      vertex 8.8517 -2.68513 4
    endloop
  endfacet
  facet normal -0.686331 0.171909 -0.706681
    outer loop
      vertex -5.14912 1.02422 0
      vertex -9.07226 1.80459 4
      vertex -5.02394 1.52399 0
    endloop
  endfacet
  facet normal -0.475144 -0.524253 -0.706681
    outer loop
      vertex -3.33056 -4.0583 0
      vertex -6.54074 -6.54074 4
      vertex -3.71231 -3.71231 0
    endloop
  endfacet
  facet normal -0.60687 0.363748 -0.70668
    outer loop
      vertex -4.36522 2.91674 0
      vertex -8.15777 4.36042 4
      vertex -7.69109 5.13902 4
    endloop
  endfacet
  facet normal 0.42147 -0.5683 -0.706681
    outer loop
      vertex 5.13902 -7.69109 4
      vertex 3.33056 -4.0583 0
      vertex 5.86814 -7.15035 4
    endloop
  endfacet
  facet normal -0.0347168 0.70668 -0.706681
    outer loop
      vertex -0.514589 5.22472 0
      vertex -0.906658 9.20546 4
      vertex 0 5.25 0
    endloop
  endfacet
  facet normal 0.238359 0.666174 -0.706681
    outer loop
      vertex 3.53982 8.54589 4
      vertex 1.52399 5.02394 0
      vertex 2.68513 8.8517 4
    endloop
  endfacet
  facet normal -0.5683 -0.42147 -0.706681
    outer loop
      vertex -7.15035 -5.86814 4
      vertex -7.69109 -5.13902 4
      vertex -4.0583 -3.33056 0
    endloop
  endfacet
  facet normal 0.524253 0.475144 -0.706681
    outer loop
      vertex 4.0583 3.33056 0
      vertex 3.71231 3.71231 0
      vertex 6.54074 6.54074 4
    endloop
  endfacet
  facet normal -0.699874 -0.10382 -0.706681
    outer loop
      vertex -9.07226 -1.80459 4
      vertex -9.20546 -0.906658 4
      vertex -5.14912 -1.02422 0
    endloop
  endfacet
  facet normal 0.606872 -0.363744 -0.70668
    outer loop
      vertex 8.15777 -4.36042 4
      vertex 4.36522 -2.91674 0
      vertex 4.63009 -2.47483 0
    endloop
  endfacet
  facet normal -0.699874 -0.103821 -0.706681
    outer loop
      vertex -5.14912 -1.02422 0
      vertex -9.20546 -0.906658 4
      vertex -5.22472 -0.514589 0
    endloop
  endfacet
  facet normal 0.699874 0.10382 -0.706681
    outer loop
      vertex 9.20546 0.906658 4
      vertex 5.14912 1.02422 0
      vertex 9.07226 1.80459 4
    endloop
  endfacet
  facet normal 0.56829 -0.421486 -0.70668
    outer loop
      vertex 7.69109 -5.13902 4
      vertex 4.0583 -3.33056 0
      vertex 4.36522 -2.91674 0
    endloop
  endfacet
  facet normal 0.103821 -0.699874 -0.706681
    outer loop
      vertex 0.906658 -9.20546 4
      vertex 0.514589 -5.22472 0
      vertex 1.02422 -5.14912 0
    endloop
  endfacet
  facet normal 0.706681 -0.034716 -0.706681
    outer loop
      vertex 9.20546 -0.906658 4
      vertex 5.25 0 0
      vertex 9.25 0 4
    endloop
  endfacet
  facet normal -0.034716 0.706681 -0.706681
    outer loop
      vertex 0 5.25 0
      vertex -0.906658 9.20546 4
      vertex 0 9.25 4
    endloop
  endfacet
  facet normal 0.363748 -0.60687 -0.70668
    outer loop
      vertex 4.36042 -8.15777 4
      vertex 2.91674 -4.36522 0
      vertex 5.13902 -7.69109 4
    endloop
  endfacet
  facet normal 0.034716 0.706681 -0.706681
    outer loop
      vertex 0.906658 9.20546 4
      vertex 0 5.25 0
      vertex 0 9.25 4
    endloop
  endfacet
  facet normal -0.171909 0.686331 -0.706681
    outer loop
      vertex -1.52399 5.02394 0
      vertex -1.80459 9.07226 4
      vertex -1.02422 5.14912 0
    endloop
  endfacet
  facet normal -0.421486 -0.56829 -0.70668
    outer loop
      vertex -2.91674 -4.36522 0
      vertex -5.13902 -7.69109 4
      vertex -3.33056 -4.0583 0
    endloop
  endfacet
  facet normal 0.42147 0.5683 -0.706681
    outer loop
      vertex 5.86814 7.15035 4
      vertex 3.33056 4.0583 0
      vertex 5.13902 7.69109 4
    endloop
  endfacet
  facet normal -0.68633 0.171914 -0.70668
    outer loop
      vertex -5.02394 1.52399 0
      vertex -9.07226 1.80459 4
      vertex -8.8517 2.68513 4
    endloop
  endfacet
  facet normal 0.034716 -0.706681 -0.706681
    outer loop
      vertex 0.906658 -9.20546 4
      vertex 0 -9.25 4
      vertex 0 -5.25 0
    endloop
  endfacet
  facet normal 0.302511 0.639601 -0.70668
    outer loop
      vertex 2.47483 4.63009 0
      vertex 2.00909 4.85037 0
      vertex 3.53982 8.54589 4
    endloop
  endfacet
  facet normal 0.699874 -0.10382 -0.706681
    outer loop
      vertex 9.07226 -1.80459 4
      vertex 5.14912 -1.02422 0
      vertex 9.20546 -0.906658 4
    endloop
  endfacet
  facet normal -0.699874 0.103821 -0.706681
    outer loop
      vertex -5.22472 0.514589 0
      vertex -9.20546 0.906658 4
      vertex -5.14912 1.02422 0
    endloop
  endfacet
  facet normal -0.524253 -0.475144 -0.706681
    outer loop
      vertex -3.71231 -3.71231 0
      vertex -6.54074 -6.54074 4
      vertex -4.0583 -3.33056 0
    endloop
  endfacet
  facet normal -0.606872 -0.363744 -0.70668
    outer loop
      vertex -4.36522 -2.91674 0
      vertex -8.15777 -4.36042 4
      vertex -4.63009 -2.47483 0
    endloop
  endfacet
  facet normal -0.666174 -0.238359 -0.706681
    outer loop
      vertex -4.85037 -2.00909 0
      vertex -8.54589 -3.53982 4
      vertex -5.02394 -1.52399 0
    endloop
  endfacet
  facet normal -0.706681 -0.034716 -0.706681
    outer loop
      vertex -9.20546 -0.906658 4
      vertex -9.25 0 4
      vertex -5.25 0 0
    endloop
  endfacet
  facet normal 0.699874 0.103821 -0.706681
    outer loop
      vertex 5.22472 0.514589 0
      vertex 5.14912 1.02422 0
      vertex 9.20546 0.906658 4
    endloop
  endfacet
  facet normal 0.524253 -0.475144 -0.706681
    outer loop
      vertex 6.54074 -6.54074 4
      vertex 3.71231 -3.71231 0
      vertex 4.0583 -3.33056 0
    endloop
  endfacet
  facet normal -0.639601 0.302513 -0.70668
    outer loop
      vertex -4.63009 2.47483 0
      vertex -8.54589 3.53982 4
      vertex -8.15777 4.36042 4
    endloop
  endfacet
  facet normal -0.666174 -0.238359 -0.706681
    outer loop
      vertex -8.54589 -3.53982 4
      vertex -8.8517 -2.68513 4
      vertex -5.02394 -1.52399 0
    endloop
  endfacet
  facet normal 0.666174 0.238359 -0.706681
    outer loop
      vertex 8.8517 2.68513 4
      vertex 5.02394 1.52399 0
      vertex 8.54589 3.53982 4
    endloop
  endfacet
  facet normal -0.103821 0.699874 -0.706681
    outer loop
      vertex -0.514589 5.22472 0
      vertex -1.02422 5.14912 0
      vertex -0.906658 9.20546 4
    endloop
  endfacet
  facet normal 0.686331 0.171909 -0.706681
    outer loop
      vertex 5.14912 1.02422 0
      vertex 5.02394 1.52399 0
      vertex 9.07226 1.80459 4
    endloop
  endfacet
  facet normal -0.68633 -0.171914 -0.70668
    outer loop
      vertex -8.8517 -2.68513 4
      vertex -9.07226 -1.80459 4
      vertex -5.02394 -1.52399 0
    endloop
  endfacet
  facet normal 0.686331 -0.171909 -0.706681
    outer loop
      vertex 9.07226 -1.80459 4
      vertex 5.02394 -1.52399 0
      vertex 5.14912 -1.02422 0
    endloop
  endfacet
  facet normal 0.475144 -0.524253 -0.706681
    outer loop
      vertex 6.54074 -6.54074 4
      vertex 3.33056 -4.0583 0
      vertex 3.71231 -3.71231 0
    endloop
  endfacet
  facet normal 0.5683 -0.42147 -0.706681
    outer loop
      vertex 7.15035 -5.86814 4
      vertex 4.0583 -3.33056 0
      vertex 7.69109 -5.13902 4
    endloop
  endfacet
  facet normal -0.56829 -0.421486 -0.70668
    outer loop
      vertex -4.0583 -3.33056 0
      vertex -7.69109 -5.13902 4
      vertex -4.36522 -2.91674 0
    endloop
  endfacet
  facet normal -0.302511 -0.639601 -0.70668
    outer loop
      vertex -2.00909 -4.85037 0
      vertex -3.53982 -8.54589 4
      vertex -2.47483 -4.63009 0
    endloop
  endfacet
  facet normal 0.363744 0.606872 -0.70668
    outer loop
      vertex 2.91674 4.36522 0
      vertex 2.47483 4.63009 0
      vertex 4.36042 8.15777 4
    endloop
  endfacet
  facet normal -0.034716 -0.706681 -0.706681
    outer loop
      vertex 0 -9.25 4
      vertex -0.906658 -9.20546 4
      vertex 0 -5.25 0
    endloop
  endfacet
  facet normal 0.302513 0.639601 -0.70668
    outer loop
      vertex 4.36042 8.15777 4
      vertex 2.47483 4.63009 0
      vertex 3.53982 8.54589 4
    endloop
  endfacet
  facet normal -0.103821 -0.699874 -0.706681
    outer loop
      vertex -0.906658 -9.20546 4
      vertex -1.02422 -5.14912 0
      vertex -0.514589 -5.22472 0
    endloop
  endfacet
  facet normal 0.60687 -0.363748 -0.70668
    outer loop
      vertex 7.69109 -5.13902 4
      vertex 4.36522 -2.91674 0
      vertex 8.15777 -4.36042 4
    endloop
  endfacet
  facet normal -0.42147 0.5683 -0.706681
    outer loop
      vertex -3.33056 4.0583 0
      vertex -5.86814 7.15035 4
      vertex -5.13902 7.69109 4
    endloop
  endfacet
  facet normal 0.0347168 -0.70668 -0.706681
    outer loop
      vertex 0.906658 -9.20546 4
      vertex 0 -5.25 0
      vertex 0.514589 -5.22472 0
    endloop
  endfacet
  facet normal -0.42147 -0.5683 -0.706681
    outer loop
      vertex -5.13902 -7.69109 4
      vertex -5.86814 -7.15035 4
      vertex -3.33056 -4.0583 0
    endloop
  endfacet
  facet normal -0.171914 -0.68633 -0.70668
    outer loop
      vertex -1.80459 -9.07226 4
      vertex -2.68513 -8.8517 4
      vertex -1.52399 -5.02394 0
    endloop
  endfacet
  facet normal 0.56829 0.421486 -0.70668
    outer loop
      vertex 4.36522 2.91674 0
      vertex 4.0583 3.33056 0
      vertex 7.69109 5.13902 4
    endloop
  endfacet
  facet normal 0.60687 0.363748 -0.70668
    outer loop
      vertex 8.15777 4.36042 4
      vertex 4.36522 2.91674 0
      vertex 7.69109 5.13902 4
    endloop
  endfacet
  facet normal 0.524246 0.47515 -0.706681
    outer loop
      vertex 7.15035 5.86814 4
      vertex 4.0583 3.33056 0
      vertex 6.54074 6.54074 4
    endloop
  endfacet
  facet normal 0.47515 -0.524246 -0.706681
    outer loop
      vertex 5.86814 -7.15035 4
      vertex 3.33056 -4.0583 0
      vertex 6.54074 -6.54074 4
    endloop
  endfacet
  facet normal -0.475144 0.524253 -0.706681
    outer loop
      vertex -3.71231 3.71231 0
      vertex -6.54074 6.54074 4
      vertex -3.33056 4.0583 0
    endloop
  endfacet
  facet normal -0.70668 0.0347168 -0.706681
    outer loop
      vertex -5.25 0 0
      vertex -9.20546 0.906658 4
      vertex -5.22472 0.514589 0
    endloop
  endfacet
  facet normal 0.5683 0.42147 -0.706681
    outer loop
      vertex 7.69109 5.13902 4
      vertex 4.0583 3.33056 0
      vertex 7.15035 5.86814 4
    endloop
  endfacet
  facet normal -0.238359 -0.666174 -0.706681
    outer loop
      vertex -2.68513 -8.8517 4
      vertex -3.53982 -8.54589 4
      vertex -1.52399 -5.02394 0
    endloop
  endfacet
  facet normal 0.639601 0.302513 -0.70668
    outer loop
      vertex 8.54589 3.53982 4
      vertex 4.63009 2.47483 0
      vertex 8.15777 4.36042 4
    endloop
  endfacet
  facet normal 0.68633 -0.171914 -0.70668
    outer loop
      vertex 8.8517 -2.68513 4
      vertex 5.02394 -1.52399 0
      vertex 9.07226 -1.80459 4
    endloop
  endfacet
  facet normal -0.302513 0.639601 -0.70668
    outer loop
      vertex -2.47483 4.63009 0
      vertex -4.36042 8.15777 4
      vertex -3.53982 8.54589 4
    endloop
  endfacet
  facet normal 0.639601 -0.302513 -0.70668
    outer loop
      vertex 8.15777 -4.36042 4
      vertex 4.63009 -2.47483 0
      vertex 8.54589 -3.53982 4
    endloop
  endfacet
  facet normal 0.421486 0.56829 -0.70668
    outer loop
      vertex 3.33056 4.0583 0
      vertex 2.91674 4.36522 0
      vertex 5.13902 7.69109 4
    endloop
  endfacet
  facet normal 0.666174 0.238359 -0.706681
    outer loop
      vertex 5.02394 1.52399 0
      vertex 4.85037 2.00909 0
      vertex 8.54589 3.53982 4
    endloop
  endfacet
  facet normal 0.666174 -0.238359 -0.706681
    outer loop
      vertex 8.54589 -3.53982 4
      vertex 4.85037 -2.00909 0
      vertex 5.02394 -1.52399 0
    endloop
  endfacet
  facet normal 0.70668 0.0347168 -0.706681
    outer loop
      vertex 5.25 0 0
      vertex 5.22472 0.514589 0
      vertex 9.20546 0.906658 4
    endloop
  endfacet
  facet normal 0.606872 0.363744 -0.70668
    outer loop
      vertex 4.63009 2.47483 0
      vertex 4.36522 2.91674 0
      vertex 8.15777 4.36042 4
    endloop
  endfacet
  facet normal -0.171909 -0.686331 -0.706681
    outer loop
      vertex -1.02422 -5.14912 0
      vertex -1.80459 -9.07226 4
      vertex -1.52399 -5.02394 0
    endloop
  endfacet
  facet normal 0.10382 0.699874 -0.706681
    outer loop
      vertex 1.02422 5.14912 0
      vertex 0.906658 9.20546 4
      vertex 1.80459 9.07226 4
    endloop
  endfacet
  facet normal -0.238359 -0.666174 -0.706681
    outer loop
      vertex -1.52399 -5.02394 0
      vertex -3.53982 -8.54589 4
      vertex -2.00909 -4.85037 0
    endloop
  endfacet
  facet normal -0.666174 0.238359 -0.706681
    outer loop
      vertex -5.02394 1.52399 0
      vertex -8.54589 3.53982 4
      vertex -4.85037 2.00909 0
    endloop
  endfacet
  facet normal -0.666174 0.238359 -0.706681
    outer loop
      vertex -5.02394 1.52399 0
      vertex -8.8517 2.68513 4
      vertex -8.54589 3.53982 4
    endloop
  endfacet
  facet normal -0.524246 -0.47515 -0.706681
    outer loop
      vertex -6.54074 -6.54074 4
      vertex -7.15035 -5.86814 4
      vertex -4.0583 -3.33056 0
    endloop
  endfacet
  facet normal 0.70668 -0.0347168 -0.706681
    outer loop
      vertex 9.20546 -0.906658 4
      vertex 5.22472 -0.514589 0
      vertex 5.25 0 0
    endloop
  endfacet
  facet normal -0.5683 0.42147 -0.706681
    outer loop
      vertex -4.0583 3.33056 0
      vertex -7.69109 5.13902 4
      vertex -7.15035 5.86814 4
    endloop
  endfacet
  facet normal 0.238359 -0.666174 -0.706681
    outer loop
      vertex 3.53982 -8.54589 4
      vertex 1.52399 -5.02394 0
      vertex 2.00909 -4.85037 0
    endloop
  endfacet
  facet normal 0.238359 -0.666174 -0.706681
    outer loop
      vertex 2.68513 -8.8517 4
      vertex 1.52399 -5.02394 0
      vertex 3.53982 -8.54589 4
    endloop
  endfacet
  facet normal 0.171914 -0.68633 -0.70668
    outer loop
      vertex 1.80459 -9.07226 4
      vertex 1.52399 -5.02394 0
      vertex 2.68513 -8.8517 4
    endloop
  endfacet
  facet normal -0.639601 0.302511 -0.70668
    outer loop
      vertex -4.85037 2.00909 0
      vertex -8.54589 3.53982 4
      vertex -4.63009 2.47483 0
    endloop
  endfacet
  facet normal -0.421486 0.56829 -0.70668
    outer loop
      vertex -3.33056 4.0583 0
      vertex -5.13902 7.69109 4
      vertex -2.91674 4.36522 0
    endloop
  endfacet
  facet normal -0.56829 0.421486 -0.70668
    outer loop
      vertex -4.36522 2.91674 0
      vertex -7.69109 5.13902 4
      vertex -4.0583 3.33056 0
    endloop
  endfacet
  facet normal -0.686331 -0.171909 -0.706681
    outer loop
      vertex -5.02394 -1.52399 0
      vertex -9.07226 -1.80459 4
      vertex -5.14912 -1.02422 0
    endloop
  endfacet
  facet normal -0.238359 0.666174 -0.706681
    outer loop
      vertex -1.52399 5.02394 0
      vertex -3.53982 8.54589 4
      vertex -2.68513 8.8517 4
    endloop
  endfacet
  facet normal 0.421486 -0.56829 -0.70668
    outer loop
      vertex 5.13902 -7.69109 4
      vertex 2.91674 -4.36522 0
      vertex 3.33056 -4.0583 0
    endloop
  endfacet
  facet normal -0.60687 -0.363748 -0.70668
    outer loop
      vertex -7.69109 -5.13902 4
      vertex -8.15777 -4.36042 4
      vertex -4.36522 -2.91674 0
    endloop
  endfacet
  facet normal 0.699874 -0.103821 -0.706681
    outer loop
      vertex 9.20546 -0.906658 4
      vertex 5.14912 -1.02422 0
      vertex 5.22472 -0.514589 0
    endloop
  endfacet
  facet normal 0.363744 -0.606872 -0.70668
    outer loop
      vertex 4.36042 -8.15777 4
      vertex 2.47483 -4.63009 0
      vertex 2.91674 -4.36522 0
    endloop
  endfacet
  facet normal 0.103821 0.699874 -0.706681
    outer loop
      vertex 1.02422 5.14912 0
      vertex 0.514589 5.22472 0
      vertex 0.906658 9.20546 4
    endloop
  endfacet
  facet normal -0.699874 0.10382 -0.706681
    outer loop
      vertex -5.14912 1.02422 0
      vertex -9.20546 0.906658 4
      vertex -9.07226 1.80459 4
    endloop
  endfacet
  facet normal 0.171914 0.68633 -0.70668
    outer loop
      vertex 2.68513 8.8517 4
      vertex 1.52399 5.02394 0
      vertex 1.80459 9.07226 4
    endloop
  endfacet
  facet normal -0.639601 -0.302513 -0.70668
    outer loop
      vertex -8.15777 -4.36042 4
      vertex -8.54589 -3.53982 4
      vertex -4.63009 -2.47483 0
    endloop
  endfacet
  facet normal -0.171914 0.68633 -0.70668
    outer loop
      vertex -1.52399 5.02394 0
      vertex -2.68513 8.8517 4
      vertex -1.80459 9.07226 4
    endloop
  endfacet
  facet normal 0.47515 0.524246 -0.706681
    outer loop
      vertex 6.54074 6.54074 4
      vertex 3.33056 4.0583 0
      vertex 5.86814 7.15035 4
    endloop
  endfacet
  facet normal 0.302513 -0.639601 -0.70668
    outer loop
      vertex 3.53982 -8.54589 4
      vertex 2.47483 -4.63009 0
      vertex 4.36042 -8.15777 4
    endloop
  endfacet
  facet normal -0.363748 0.60687 -0.70668
    outer loop
      vertex -2.91674 4.36522 0
      vertex -5.13902 7.69109 4
      vertex -4.36042 8.15777 4
    endloop
  endfacet
  facet normal 0.0347168 0.70668 -0.706681
    outer loop
      vertex 0.514589 5.22472 0
      vertex 0 5.25 0
      vertex 0.906658 9.20546 4
    endloop
  endfacet
  facet normal 0.639601 -0.302511 -0.70668
    outer loop
      vertex 8.54589 -3.53982 4
      vertex 4.63009 -2.47483 0
      vertex 4.85037 -2.00909 0
    endloop
  endfacet
  facet normal -0.47515 -0.524246 -0.706681
    outer loop
      vertex -5.86814 -7.15035 4
      vertex -6.54074 -6.54074 4
      vertex -3.33056 -4.0583 0
    endloop
  endfacet
  facet normal -0.639601 -0.302511 -0.70668
    outer loop
      vertex -4.63009 -2.47483 0
      vertex -8.54589 -3.53982 4
      vertex -4.85037 -2.00909 0
    endloop
  endfacet
  facet normal -0.363744 -0.606872 -0.70668
    outer loop
      vertex -2.47483 -4.63009 0
      vertex -4.36042 -8.15777 4
      vertex -2.91674 -4.36522 0
    endloop
  endfacet
  facet normal 0.639601 0.302511 -0.70668
    outer loop
      vertex 4.85037 2.00909 0
      vertex 4.63009 2.47483 0
      vertex 8.54589 3.53982 4
    endloop
  endfacet
  facet normal 0.302511 -0.639601 -0.70668
    outer loop
      vertex 3.53982 -8.54589 4
      vertex 2.00909 -4.85037 0
      vertex 2.47483 -4.63009 0
    endloop
  endfacet
  facet normal -0.706681 0.034716 -0.706681
    outer loop
      vertex -5.25 0 0
      vertex -9.25 0 4
      vertex -9.20546 0.906658 4
    endloop
  endfacet
  facet normal -0.302513 -0.639601 -0.70668
    outer loop
      vertex -3.53982 -8.54589 4
      vertex -4.36042 -8.15777 4
      vertex -2.47483 -4.63009 0
    endloop
  endfacet
  facet normal 0.475144 0.524253 -0.706681
    outer loop
      vertex 3.71231 3.71231 0
      vertex 3.33056 4.0583 0
      vertex 6.54074 6.54074 4
    endloop
  endfacet
  facet normal 0.238359 0.666174 -0.706681
    outer loop
      vertex 2.00909 4.85037 0
      vertex 1.52399 5.02394 0
      vertex 3.53982 8.54589 4
    endloop
  endfacet
  facet normal -0.10382 -0.699874 -0.706681
    outer loop
      vertex -0.906658 -9.20546 4
      vertex -1.80459 -9.07226 4
      vertex -1.02422 -5.14912 0
    endloop
  endfacet
  facet normal -0.10382 0.699874 -0.706681
    outer loop
      vertex -1.02422 5.14912 0
      vertex -1.80459 9.07226 4
      vertex -0.906658 9.20546 4
    endloop
  endfacet
  facet normal -0.47515 0.524246 -0.706681
    outer loop
      vertex -3.33056 4.0583 0
      vertex -6.54074 6.54074 4
      vertex -5.86814 7.15035 4
    endloop
  endfacet
  facet normal -0.524246 0.47515 -0.706681
    outer loop
      vertex -4.0583 3.33056 0
      vertex -7.15035 5.86814 4
      vertex -6.54074 6.54074 4
    endloop
  endfacet
  facet normal 0.171909 -0.686331 -0.706681
    outer loop
      vertex 1.80459 -9.07226 4
      vertex 1.02422 -5.14912 0
      vertex 1.52399 -5.02394 0
    endloop
  endfacet
  facet normal -0.524253 0.475144 -0.706681
    outer loop
      vertex -4.0583 3.33056 0
      vertex -6.54074 6.54074 4
      vertex -3.71231 3.71231 0
    endloop
  endfacet
  facet normal -0.302511 0.639601 -0.70668
    outer loop
      vertex -2.47483 4.63009 0
      vertex -3.53982 8.54589 4
      vertex -2.00909 4.85037 0
    endloop
  endfacet
  facet normal 0.363748 0.60687 -0.70668
    outer loop
      vertex 5.13902 7.69109 4
      vertex 2.91674 4.36522 0
      vertex 4.36042 8.15777 4
    endloop
  endfacet
  facet normal 0.171909 0.686331 -0.706681
    outer loop
      vertex 1.52399 5.02394 0
      vertex 1.02422 5.14912 0
      vertex 1.80459 9.07226 4
    endloop
  endfacet
  facet normal -0.0347168 -0.70668 -0.706681
    outer loop
      vertex 0 -5.25 0
      vertex -0.906658 -9.20546 4
      vertex -0.514589 -5.22472 0
    endloop
  endfacet
  facet normal -0.363744 0.606872 -0.70668
    outer loop
      vertex -2.91674 4.36522 0
      vertex -4.36042 8.15777 4
      vertex -2.47483 4.63009 0
    endloop
  endfacet
  facet normal -0.606872 0.363744 -0.70668
    outer loop
      vertex -4.63009 2.47483 0
      vertex -8.15777 4.36042 4
      vertex -4.36522 2.91674 0
    endloop
  endfacet
  facet normal -0.238359 0.666174 -0.706681
    outer loop
      vertex -2.00909 4.85037 0
      vertex -3.53982 8.54589 4
      vertex -1.52399 5.02394 0
    endloop
  endfacet
  facet normal 0 0 -1
    outer loop
      vertex 4.8 0 0
      vertex 5.25 0 0
      vertex 5.22472 -0.514589 0
    endloop
  endfacet
  facet normal 0 0 -1
    outer loop
      vertex 4.77689 -0.470482 0
      vertex 5.22472 -0.514589 0
      vertex 5.14912 -1.02422 0
    endloop
  endfacet
  facet normal 0 0 -1
    outer loop
      vertex 5.25 0 0
      vertex 4.8 0 0
      vertex 5.22472 0.514589 0
    endloop
  endfacet
  facet normal 0 0 -1
    outer loop
      vertex 4.70777 -0.936433 0
      vertex 5.14912 -1.02422 0
      vertex 5.02394 -1.52399 0
    endloop
  endfacet
  facet normal 0 0 -1
    outer loop
      vertex 4.77689 0.470482 0
      vertex 5.22472 0.514589 0
      vertex 4.8 0 0
    endloop
  endfacet
  facet normal 0 0 -1
    outer loop
      vertex 4.59331 -1.39337 0
      vertex 5.02394 -1.52399 0
      vertex 4.85037 -2.00909 0
    endloop
  endfacet
  facet normal -0 0 -1
    outer loop
      vertex 5.22472 0.514589 0
      vertex 4.77689 0.470482 0
      vertex 5.14912 1.02422 0
    endloop
  endfacet
  facet normal 0 0 -1
    outer loop
      vertex 4.70777 0.936433 0
      vertex 5.14912 1.02422 0
      vertex 4.77689 0.470482 0
    endloop
  endfacet
  facet normal 0 0 -1
    outer loop
      vertex 5.22472 -0.514589 0
      vertex 4.77689 -0.470482 0
      vertex 4.8 0 0
    endloop
  endfacet
  facet normal 0 0 -1
    outer loop
      vertex 5.14912 -1.02422 0
      vertex 4.70777 -0.936433 0
      vertex 4.77689 -0.470482 0
    endloop
  endfacet
  facet normal 0 0 -1
    outer loop
      vertex 4.43462 -1.83688 0
      vertex 4.85037 -2.00909 0
      vertex 4.63009 -2.47483 0
    endloop
  endfacet
  facet normal 0 0 -1
    outer loop
      vertex 5.02394 -1.52399 0
      vertex 4.59331 -1.39337 0
      vertex 4.70777 -0.936433 0
    endloop
  endfacet
  facet normal 0 0 -1
    outer loop
      vertex 4.85037 -2.00909 0
      vertex 4.43462 -1.83688 0
      vertex 4.59331 -1.39337 0
    endloop
  endfacet
  facet normal 0 0 -1
    outer loop
      vertex 4.23322 -2.2627 0
      vertex 4.63009 -2.47483 0
      vertex 4.36522 -2.91674 0
    endloop
  endfacet
  facet normal 0 0 -1
    outer loop
      vertex 4.63009 -2.47483 0
      vertex 4.23322 -2.2627 0
      vertex 4.43462 -1.83688 0
    endloop
  endfacet
  facet normal 0 0 -1
    outer loop
      vertex 3.99105 -2.66674 0
      vertex 4.36522 -2.91674 0
      vertex 4.0583 -3.33056 0
    endloop
  endfacet
  facet normal 0 0 -1
    outer loop
      vertex 4.36522 -2.91674 0
      vertex 3.99105 -2.66674 0
      vertex 4.23322 -2.2627 0
    endloop
  endfacet
  facet normal 0 0 -1
    outer loop
      vertex 3.71045 -3.04509 0
      vertex 4.0583 -3.33056 0
      vertex 3.71231 -3.71231 0
    endloop
  endfacet
  facet normal 0 0 -1
    outer loop
      vertex 4.0583 -3.33056 0
      vertex 3.71045 -3.04509 0
      vertex 3.99105 -2.66674 0
    endloop
  endfacet
  facet normal 0 0 -1
    outer loop
      vertex 3.71231 -3.71231 0
      vertex 3.39411 -3.39411 0
      vertex 3.71045 -3.04509 0
    endloop
  endfacet
  facet normal 0 0 -1
    outer loop
      vertex 3.33056 -4.0583 0
      vertex 3.39411 -3.39411 0
      vertex 3.71231 -3.71231 0
    endloop
  endfacet
  facet normal 0 0 -1
    outer loop
      vertex 3.33056 -4.0583 0
      vertex 3.04509 -3.71045 0
      vertex 3.39411 -3.39411 0
    endloop
  endfacet
  facet normal 0 0 -1
    outer loop
      vertex 2.91674 -4.36522 0
      vertex 3.04509 -3.71045 0
      vertex 3.33056 -4.0583 0
    endloop
  endfacet
  facet normal 0 0 -1
    outer loop
      vertex 2.91674 -4.36522 0
      vertex 2.66674 -3.99105 0
      vertex 3.04509 -3.71045 0
    endloop
  endfacet
  facet normal 0 0 -1
    outer loop
      vertex 2.47483 -4.63009 0
      vertex 2.66674 -3.99105 0
      vertex 2.91674 -4.36522 0
    endloop
  endfacet
  facet normal 0 0 -1
    outer loop
      vertex 2.47483 -4.63009 0
      vertex 2.2627 -4.23322 0
      vertex 2.66674 -3.99105 0
    endloop
  endfacet
  facet normal 0 0 -1
    outer loop
      vertex 2.00909 -4.85037 0
      vertex 2.2627 -4.23322 0
      vertex 2.47483 -4.63009 0
    endloop
  endfacet
  facet normal 0 0 -1
    outer loop
      vertex 2.00909 -4.85037 0
      vertex 1.83688 -4.43462 0
      vertex 2.2627 -4.23322 0
    endloop
  endfacet
  facet normal 0 0 -1
    outer loop
      vertex 1.52399 -5.02394 0
      vertex 1.83688 -4.43462 0
      vertex 2.00909 -4.85037 0
    endloop
  endfacet
  facet normal 0 0 -1
    outer loop
      vertex 1.52399 -5.02394 0
      vertex 1.39337 -4.59331 0
      vertex 1.83688 -4.43462 0
    endloop
  endfacet
  facet normal 0 0 -1
    outer loop
      vertex 1.02422 -5.14912 0
      vertex 1.39337 -4.59331 0
      vertex 1.52399 -5.02394 0
    endloop
  endfacet
  facet normal 0 0 -1
    outer loop
      vertex 1.02422 -5.14912 0
      vertex 0.936433 -4.70777 0
      vertex 1.39337 -4.59331 0
    endloop
  endfacet
  facet normal 0 0 -1
    outer loop
      vertex 0.514589 -5.22472 0
      vertex 0.936433 -4.70777 0
      vertex 1.02422 -5.14912 0
    endloop
  endfacet
  facet normal 0 0 -1
    outer loop
      vertex 0.514589 -5.22472 0
      vertex 0.470482 -4.77689 0
      vertex 0.936433 -4.70777 0
    endloop
  endfacet
  facet normal 0 0 -1
    outer loop
      vertex 0 -5.25 0
      vertex 0.470482 -4.77689 0
      vertex 0.514589 -5.22472 0
    endloop
  endfacet
  facet normal 0 0 -1
    outer loop
      vertex 0 -5.25 0
      vertex 0 -4.8 0
      vertex 0.470482 -4.77689 0
    endloop
  endfacet
  facet normal 0 0 -1
    outer loop
      vertex 0 -5.25 0
      vertex -0.470482 -4.77689 0
      vertex 0 -4.8 0
    endloop
  endfacet
  facet normal 0 0 -1
    outer loop
      vertex -0.514589 -5.22472 0
      vertex -0.470482 -4.77689 0
      vertex 0 -5.25 0
    endloop
  endfacet
  facet normal 0 0 -1
    outer loop
      vertex -0.514589 -5.22472 0
      vertex -0.936433 -4.70777 0
      vertex -0.470482 -4.77689 0
    endloop
  endfacet
  facet normal 0 0 -1
    outer loop
      vertex -1.02422 -5.14912 0
      vertex -0.936433 -4.70777 0
      vertex -0.514589 -5.22472 0
    endloop
  endfacet
  facet normal 0 0 -1
    outer loop
      vertex -1.02422 -5.14912 0
      vertex -1.39337 -4.59331 0
      vertex -0.936433 -4.70777 0
    endloop
  endfacet
  facet normal 0 0 -1
    outer loop
      vertex -1.52399 -5.02394 0
      vertex -1.39337 -4.59331 0
      vertex -1.02422 -5.14912 0
    endloop
  endfacet
  facet normal 0 0 -1
    outer loop
      vertex -1.52399 -5.02394 0
      vertex -1.83688 -4.43462 0
      vertex -1.39337 -4.59331 0
    endloop
  endfacet
  facet normal 0 0 -1
    outer loop
      vertex -2.00909 -4.85037 0
      vertex -1.83688 -4.43462 0
      vertex -1.52399 -5.02394 0
    endloop
  endfacet
  facet normal 0 0 -1
    outer loop
      vertex -2.00909 -4.85037 0
      vertex -2.2627 -4.23322 0
      vertex -1.83688 -4.43462 0
    endloop
  endfacet
  facet normal 0 0 -1
    outer loop
      vertex -2.47483 -4.63009 0
      vertex -2.2627 -4.23322 0
      vertex -2.00909 -4.85037 0
    endloop
  endfacet
  facet normal 0 0 -1
    outer loop
      vertex -2.47483 -4.63009 0
      vertex -2.66674 -3.99105 0
      vertex -2.2627 -4.23322 0
    endloop
  endfacet
  facet normal 0 0 -1
    outer loop
      vertex -2.91674 -4.36522 0
      vertex -2.66674 -3.99105 0
      vertex -2.47483 -4.63009 0
    endloop
  endfacet
  facet normal 0 0 -1
    outer loop
      vertex -2.91674 -4.36522 0
      vertex -3.04509 -3.71045 0
      vertex -2.66674 -3.99105 0
    endloop
  endfacet
  facet normal 0 0 -1
    outer loop
      vertex -3.33056 -4.0583 0
      vertex -3.04509 -3.71045 0
      vertex -2.91674 -4.36522 0
    endloop
  endfacet
  facet normal 0 0 -1
    outer loop
      vertex -3.33056 -4.0583 0
      vertex -3.39411 -3.39411 0
      vertex -3.04509 -3.71045 0
    endloop
  endfacet
  facet normal 0 0 -1
    outer loop
      vertex -3.71231 -3.71231 0
      vertex -3.39411 -3.39411 0
      vertex -3.33056 -4.0583 0
    endloop
  endfacet
  facet normal -0 0 -1
    outer loop
      vertex -3.39411 -3.39411 0
      vertex -3.71231 -3.71231 0
      vertex -3.71045 -3.04509 0
    endloop
  endfacet
  facet normal 0 0 -1
    outer loop
      vertex -4.0583 -3.33056 0
      vertex -3.71045 -3.04509 0
      vertex -3.71231 -3.71231 0
    endloop
  endfacet
  facet normal -0 0 -1
    outer loop
      vertex -3.71045 -3.04509 0
      vertex -4.0583 -3.33056 0
      vertex -3.99105 -2.66674 0
    endloop
  endfacet
  facet normal 0 0 -1
    outer loop
      vertex -4.36522 -2.91674 0
      vertex -3.99105 -2.66674 0
      vertex -4.0583 -3.33056 0
    endloop
  endfacet
  facet normal -0 0 -1
    outer loop
      vertex -3.99105 -2.66674 0
      vertex -4.36522 -2.91674 0
      vertex -4.23322 -2.2627 0
    endloop
  endfacet
  facet normal 0 0 -1
    outer loop
      vertex -4.63009 -2.47483 0
      vertex -4.23322 -2.2627 0
      vertex -4.36522 -2.91674 0
    endloop
  endfacet
  facet normal -0 0 -1
    outer loop
      vertex -4.23322 -2.2627 0
      vertex -4.63009 -2.47483 0
      vertex -4.43462 -1.83688 0
    endloop
  endfacet
  facet normal 0 0 -1
    outer loop
      vertex -4.85037 -2.00909 0
      vertex -4.43462 -1.83688 0
      vertex -4.63009 -2.47483 0
    endloop
  endfacet
  facet normal -0 0 -1
    outer loop
      vertex -4.43462 -1.83688 0
      vertex -4.85037 -2.00909 0
      vertex -4.59331 -1.39337 0
    endloop
  endfacet
  facet normal 0 0 -1
    outer loop
      vertex -5.02394 -1.52399 0
      vertex -4.59331 -1.39337 0
      vertex -4.85037 -2.00909 0
    endloop
  endfacet
  facet normal 0 0 -1
    outer loop
      vertex -5.14912 -1.02422 0
      vertex -4.70777 -0.936433 0
      vertex -5.02394 -1.52399 0
    endloop
  endfacet
  facet normal -0 0 -1
    outer loop
      vertex -4.59331 -1.39337 0
      vertex -5.02394 -1.52399 0
      vertex -4.70777 -0.936433 0
    endloop
  endfacet
  facet normal -0 0 -1
    outer loop
      vertex 5.14912 1.02422 0
      vertex 4.70777 0.936433 0
      vertex 5.02394 1.52399 0
    endloop
  endfacet
  facet normal 0 0 -1
    outer loop
      vertex 4.59331 1.39337 0
      vertex 5.02394 1.52399 0
      vertex 4.70777 0.936433 0
    endloop
  endfacet
  facet normal -0 0 -1
    outer loop
      vertex 5.02394 1.52399 0
      vertex 4.59331 1.39337 0
      vertex 4.85037 2.00909 0
    endloop
  endfacet
  facet normal 0 0 -1
    outer loop
      vertex 4.43462 1.83688 0
      vertex 4.85037 2.00909 0
      vertex 4.59331 1.39337 0
    endloop
  endfacet
  facet normal -0 0 -1
    outer loop
      vertex 4.85037 2.00909 0
      vertex 4.43462 1.83688 0
      vertex 4.63009 2.47483 0
    endloop
  endfacet
  facet normal 0 0 -1
    outer loop
      vertex 4.23322 2.2627 0
      vertex 4.63009 2.47483 0
      vertex 4.43462 1.83688 0
    endloop
  endfacet
  facet normal -0 0 -1
    outer loop
      vertex 4.63009 2.47483 0
      vertex 4.23322 2.2627 0
      vertex 4.36522 2.91674 0
    endloop
  endfacet
  facet normal 0 0 -1
    outer loop
      vertex 3.99105 2.66674 0
      vertex 4.36522 2.91674 0
      vertex 4.23322 2.2627 0
    endloop
  endfacet
  facet normal -0 0 -1
    outer loop
      vertex 4.36522 2.91674 0
      vertex 3.99105 2.66674 0
      vertex 4.0583 3.33056 0
    endloop
  endfacet
  facet normal 0 0 -1
    outer loop
      vertex 3.71045 3.04509 0
      vertex 4.0583 3.33056 0
      vertex 3.99105 2.66674 0
    endloop
  endfacet
  facet normal -0 0 -1
    outer loop
      vertex 4.0583 3.33056 0
      vertex 3.71045 3.04509 0
      vertex 3.71231 3.71231 0
    endloop
  endfacet
  facet normal 0 0 -1
    outer loop
      vertex 3.39411 3.39411 0
      vertex 3.71231 3.71231 0
      vertex 3.71045 3.04509 0
    endloop
  endfacet
  facet normal 0 0 -1
    outer loop
      vertex 3.39411 3.39411 0
      vertex 3.33056 4.0583 0
      vertex 3.71231 3.71231 0
    endloop
  endfacet
  facet normal 0 0 -1
    outer loop
      vertex 3.04509 3.71045 0
      vertex 3.33056 4.0583 0
      vertex 3.39411 3.39411 0
    endloop
  endfacet
  facet normal 0 0 -1
    outer loop
      vertex 3.04509 3.71045 0
      vertex 2.91674 4.36522 0
      vertex 3.33056 4.0583 0
    endloop
  endfacet
  facet normal 0 0 -1
    outer loop
      vertex 2.66674 3.99105 0
      vertex 2.91674 4.36522 0
      vertex 3.04509 3.71045 0
    endloop
  endfacet
  facet normal 0 0 -1
    outer loop
      vertex 2.66674 3.99105 0
      vertex 2.47483 4.63009 0
      vertex 2.91674 4.36522 0
    endloop
  endfacet
  facet normal 0 0 -1
    outer loop
      vertex 2.2627 4.23322 0
      vertex 2.47483 4.63009 0
      vertex 2.66674 3.99105 0
    endloop
  endfacet
  facet normal 0 0 -1
    outer loop
      vertex 2.2627 4.23322 0
      vertex 2.00909 4.85037 0
      vertex 2.47483 4.63009 0
    endloop
  endfacet
  facet normal 0 0 -1
    outer loop
      vertex 1.83688 4.43462 0
      vertex 2.00909 4.85037 0
      vertex 2.2627 4.23322 0
    endloop
  endfacet
  facet normal 0 0 -1
    outer loop
      vertex 1.83688 4.43462 0
      vertex 1.52399 5.02394 0
      vertex 2.00909 4.85037 0
    endloop
  endfacet
  facet normal 0 0 -1
    outer loop
      vertex 1.39337 4.59331 0
      vertex 1.52399 5.02394 0
      vertex 1.83688 4.43462 0
    endloop
  endfacet
  facet normal 0 0 -1
    outer loop
      vertex 1.39337 4.59331 0
      vertex 1.02422 5.14912 0
      vertex 1.52399 5.02394 0
    endloop
  endfacet
  facet normal 0 0 -1
    outer loop
      vertex 0.936433 4.70777 0
      vertex 1.02422 5.14912 0
      vertex 1.39337 4.59331 0
    endloop
  endfacet
  facet normal 0 0 -1
    outer loop
      vertex 0.936433 4.70777 0
      vertex 0.514589 5.22472 0
      vertex 1.02422 5.14912 0
    endloop
  endfacet
  facet normal 0 0 -1
    outer loop
      vertex 0.470482 4.77689 0
      vertex 0.514589 5.22472 0
      vertex 0.936433 4.70777 0
    endloop
  endfacet
  facet normal 0 0 -1
    outer loop
      vertex 0 4.8 0
      vertex 0.514589 5.22472 0
      vertex 0.470482 4.77689 0
    endloop
  endfacet
  facet normal 0 0 -1
    outer loop
      vertex 0 4.8 0
      vertex 0 5.25 0
      vertex 0.514589 5.22472 0
    endloop
  endfacet
  facet normal 0 0 -1
    outer loop
      vertex -0.470482 4.77689 0
      vertex 0 5.25 0
      vertex 0 4.8 0
    endloop
  endfacet
  facet normal 0 0 -1
    outer loop
      vertex -0.470482 4.77689 0
      vertex -0.514589 5.22472 0
      vertex 0 5.25 0
    endloop
  endfacet
  facet normal 0 0 -1
    outer loop
      vertex -0.936433 4.70777 0
      vertex -0.514589 5.22472 0
      vertex -0.470482 4.77689 0
    endloop
  endfacet
  facet normal 0 0 -1
    outer loop
      vertex -0.936433 4.70777 0
      vertex -1.02422 5.14912 0
      vertex -0.514589 5.22472 0
    endloop
  endfacet
  facet normal 0 0 -1
    outer loop
      vertex -1.39337 4.59331 0
      vertex -1.02422 5.14912 0
      vertex -0.936433 4.70777 0
    endloop
  endfacet
  facet normal 0 0 -1
    outer loop
      vertex -1.39337 4.59331 0
      vertex -1.52399 5.02394 0
      vertex -1.02422 5.14912 0
    endloop
  endfacet
  facet normal 0 0 -1
    outer loop
      vertex -1.83688 4.43462 0
      vertex -1.52399 5.02394 0
      vertex -1.39337 4.59331 0
    endloop
  endfacet
  facet normal 0 0 -1
    outer loop
      vertex -1.83688 4.43462 0
      vertex -2.00909 4.85037 0
      vertex -1.52399 5.02394 0
    endloop
  endfacet
  facet normal 0 0 -1
    outer loop
      vertex -2.2627 4.23322 0
      vertex -2.00909 4.85037 0
      vertex -1.83688 4.43462 0
    endloop
  endfacet
  facet normal 0 0 -1
    outer loop
      vertex -2.2627 4.23322 0
      vertex -2.47483 4.63009 0
      vertex -2.00909 4.85037 0
    endloop
  endfacet
  facet normal 0 0 -1
    outer loop
      vertex -2.66674 3.99105 0
      vertex -2.47483 4.63009 0
      vertex -2.2627 4.23322 0
    endloop
  endfacet
  facet normal 0 0 -1
    outer loop
      vertex -2.66674 3.99105 0
      vertex -2.91674 4.36522 0
      vertex -2.47483 4.63009 0
    endloop
  endfacet
  facet normal 0 0 -1
    outer loop
      vertex -3.04509 3.71045 0
      vertex -2.91674 4.36522 0
      vertex -2.66674 3.99105 0
    endloop
  endfacet
  facet normal 0 0 -1
    outer loop
      vertex -3.04509 3.71045 0
      vertex -3.33056 4.0583 0
      vertex -2.91674 4.36522 0
    endloop
  endfacet
  facet normal 0 0 -1
    outer loop
      vertex -3.39411 3.39411 0
      vertex -3.33056 4.0583 0
      vertex -3.04509 3.71045 0
    endloop
  endfacet
  facet normal 0 0 -1
    outer loop
      vertex -3.71231 3.71231 0
      vertex -3.39411 3.39411 0
      vertex -3.71045 3.04509 0
    endloop
  endfacet
  facet normal 0 0 -1
    outer loop
      vertex -3.39411 3.39411 0
      vertex -3.71231 3.71231 0
      vertex -3.33056 4.0583 0
    endloop
  endfacet
  facet normal 0 0 -1
    outer loop
      vertex -4.0583 3.33056 0
      vertex -3.71045 3.04509 0
      vertex -3.99105 2.66674 0
    endloop
  endfacet
  facet normal 0 0 -1
    outer loop
      vertex -3.71045 3.04509 0
      vertex -4.0583 3.33056 0
      vertex -3.71231 3.71231 0
    endloop
  endfacet
  facet normal 0 0 -1
    outer loop
      vertex -4.36522 2.91674 0
      vertex -3.99105 2.66674 0
      vertex -4.23322 2.2627 0
    endloop
  endfacet
  facet normal 0 0 -1
    outer loop
      vertex -3.99105 2.66674 0
      vertex -4.36522 2.91674 0
      vertex -4.0583 3.33056 0
    endloop
  endfacet
  facet normal 0 0 -1
    outer loop
      vertex -4.63009 2.47483 0
      vertex -4.23322 2.2627 0
      vertex -4.43462 1.83688 0
    endloop
  endfacet
  facet normal 0 0 -1
    outer loop
      vertex -4.85037 2.00909 0
      vertex -4.43462 1.83688 0
      vertex -4.59331 1.39337 0
    endloop
  endfacet
  facet normal 0 0 -1
    outer loop
      vertex -4.23322 2.2627 0
      vertex -4.63009 2.47483 0
      vertex -4.36522 2.91674 0
    endloop
  endfacet
  facet normal 0 0 -1
    outer loop
      vertex -5.02394 1.52399 0
      vertex -4.59331 1.39337 0
      vertex -4.70777 0.936433 0
    endloop
  endfacet
  facet normal 0 0 -1
    outer loop
      vertex -5.14912 1.02422 0
      vertex -4.70777 0.936433 0
      vertex -4.77689 0.470482 0
    endloop
  endfacet
  facet normal 0 0 -1
    outer loop
      vertex -4.43462 1.83688 0
      vertex -4.85037 2.00909 0
      vertex -4.63009 2.47483 0
    endloop
  endfacet
  facet normal 0 0 -1
    outer loop
      vertex -5.22472 0.514589 0
      vertex -4.77689 0.470482 0
      vertex -4.8 0 0
    endloop
  endfacet
  facet normal -0 0 -1
    outer loop
      vertex -4.70777 -0.936433 0
      vertex -5.14912 -1.02422 0
      vertex -4.77689 -0.470482 0
    endloop
  endfacet
  facet normal 0 0 -1
    outer loop
      vertex -5.22472 -0.514589 0
      vertex -4.77689 -0.470482 0
      vertex -5.14912 -1.02422 0
    endloop
  endfacet
  facet normal 0 0 -1
    outer loop
      vertex -4.59331 1.39337 0
      vertex -5.02394 1.52399 0
      vertex -4.85037 2.00909 0
    endloop
  endfacet
  facet normal -0 0 -1
    outer loop
      vertex -4.77689 -0.470482 0
      vertex -5.22472 -0.514589 0
      vertex -4.8 0 0
    endloop
  endfacet
  facet normal 0 0 -1
    outer loop
      vertex -4.70777 0.936433 0
      vertex -5.14912 1.02422 0
      vertex -5.02394 1.52399 0
    endloop
  endfacet
  facet normal 0 0 -1
    outer loop
      vertex -5.25 0 0
      vertex -4.8 0 0
      vertex -5.22472 -0.514589 0
    endloop
  endfacet
  facet normal 0 0 -1
    outer loop
      vertex -4.77689 0.470482 0
      vertex -5.22472 0.514589 0
      vertex -5.14912 1.02422 0
    endloop
  endfacet
  facet normal 0 0 -1
    outer loop
      vertex -4.8 0 0
      vertex -5.25 0 0
      vertex -5.22472 0.514589 0
    endloop
  endfacet
  facet normal 0.857726 -0.514107 0
    outer loop
      vertex 6.85962 -4.58345 14
      vertex 7.27585 -3.88902 8
      vertex 7.27585 -3.88902 14
    endloop
  endfacet
  facet normal 0.857726 -0.514107 0
    outer loop
      vertex 7.27585 -3.88902 8
      vertex 6.85962 -4.58345 14
      vertex 6.85962 -4.58345 8
    endloop
  endfacet
  facet normal 0.989177 0.146725 0
    outer loop
      vertex 8.21027 0.80864 14
      vertex 8.09148 1.60949 8
      vertex 8.09148 1.60949 14
    endloop
  endfacet
  facet normal 0.989177 0.146725 0
    outer loop
      vertex 8.09148 1.60949 8
      vertex 8.21027 0.80864 14
      vertex 8.21027 0.80864 8
    endloop
  endfacet
  facet normal 0.998795 0.0490727 0
    outer loop
      vertex 8.25 0 14
      vertex 8.21027 0.80864 8
      vertex 8.21027 0.80864 14
    endloop
  endfacet
  facet normal 0.998795 0.0490727 0
    outer loop
      vertex 8.21027 0.80864 8
      vertex 8.25 0 14
      vertex 8.25 0 8
    endloop
  endfacet
  facet normal 0.970032 0.242977 0
    outer loop
      vertex 8.09148 1.60949 14
      vertex 7.89476 2.39485 8
      vertex 7.89476 2.39485 14
    endloop
  endfacet
  facet normal 0.970032 0.242977 0
    outer loop
      vertex 7.89476 2.39485 8
      vertex 8.09148 1.60949 14
      vertex 8.09148 1.60949 8
    endloop
  endfacet
  facet normal 0.857726 0.514107 0
    outer loop
      vertex 7.27585 3.88902 14
      vertex 6.85962 4.58345 8
      vertex 6.85962 4.58345 14
    endloop
  endfacet
  facet normal 0.857726 0.514107 0
    outer loop
      vertex 6.85962 4.58345 8
      vertex 7.27585 3.88902 14
      vertex 7.27585 3.88902 8
    endloop
  endfacet
  facet normal -0.970032 -0.242977 0
    outer loop
      vertex -7.89476 -2.39485 8
      vertex -8.09148 -1.60949 14
      vertex -8.09148 -1.60949 8
    endloop
  endfacet
  facet normal -0.970032 -0.242977 0
    outer loop
      vertex -8.09148 -1.60949 14
      vertex -7.89476 -2.39485 8
      vertex -7.89476 -2.39485 14
    endloop
  endfacet
  facet normal -0.427562 0.903986 0
    outer loop
      vertex -3.15714 7.62201 8
      vertex -3.88902 7.27585 14
      vertex -3.15714 7.62201 14
    endloop
  endfacet
  facet normal -0.427562 0.903986 0
    outer loop
      vertex -3.88902 7.27585 14
      vertex -3.15714 7.62201 8
      vertex -3.88902 7.27585 8
    endloop
  endfacet
  facet normal -0.514107 0.857726 0
    outer loop
      vertex -3.88902 7.27585 8
      vertex -4.58345 6.85962 14
      vertex -3.88902 7.27585 14
    endloop
  endfacet
  facet normal -0.514107 0.857726 0
    outer loop
      vertex -4.58345 6.85962 14
      vertex -3.88902 7.27585 8
      vertex -4.58345 6.85962 8
    endloop
  endfacet
  facet normal 0.67156 0.74095 -0
    outer loop
      vertex 5.83363 5.83363 8
      vertex 5.23374 6.37734 14
      vertex 5.83363 5.83363 14
    endloop
  endfacet
  facet normal 0.67156 0.74095 0
    outer loop
      vertex 5.23374 6.37734 14
      vertex 5.83363 5.83363 8
      vertex 5.23374 6.37734 8
    endloop
  endfacet
  facet normal 0.941545 -0.336888 0
    outer loop
      vertex 7.62201 -3.15714 14
      vertex 7.89476 -2.39485 8
      vertex 7.89476 -2.39485 14
    endloop
  endfacet
  facet normal 0.941545 -0.336888 0
    outer loop
      vertex 7.89476 -2.39485 8
      vertex 7.62201 -3.15714 14
      vertex 7.62201 -3.15714 8
    endloop
  endfacet
  facet normal 0.74095 0.67156 0
    outer loop
      vertex 6.37734 5.23374 14
      vertex 5.83363 5.83363 8
      vertex 5.83363 5.83363 14
    endloop
  endfacet
  facet normal 0.74095 0.67156 0
    outer loop
      vertex 5.83363 5.83363 8
      vertex 6.37734 5.23374 14
      vertex 6.37734 5.23374 8
    endloop
  endfacet
  facet normal -0.67156 0.74095 0
    outer loop
      vertex -5.23374 6.37734 8
      vertex -5.83363 5.83363 14
      vertex -5.23374 6.37734 14
    endloop
  endfacet
  facet normal -0.67156 0.74095 0
    outer loop
      vertex -5.83363 5.83363 14
      vertex -5.23374 6.37734 8
      vertex -5.83363 5.83363 8
    endloop
  endfacet
  facet normal 0.514107 0.857726 -0
    outer loop
      vertex 4.58345 6.85962 8
      vertex 3.88902 7.27585 14
      vertex 4.58345 6.85962 14
    endloop
  endfacet
  facet normal 0.514107 0.857726 0
    outer loop
      vertex 3.88902 7.27585 14
      vertex 4.58345 6.85962 8
      vertex 3.88902 7.27585 8
    endloop
  endfacet
  facet normal 0.595693 0.803212 -0
    outer loop
      vertex 5.23374 6.37734 8
      vertex 4.58345 6.85962 14
      vertex 5.23374 6.37734 14
    endloop
  endfacet
  facet normal 0.595693 0.803212 0
    outer loop
      vertex 4.58345 6.85962 14
      vertex 5.23374 6.37734 8
      vertex 4.58345 6.85962 8
    endloop
  endfacet
  facet normal 0.336888 -0.941545 0
    outer loop
      vertex 2.39485 -7.89476 8
      vertex 3.15714 -7.62201 14
      vertex 2.39485 -7.89476 14
    endloop
  endfacet
  facet normal 0.336888 -0.941545 0
    outer loop
      vertex 3.15714 -7.62201 14
      vertex 2.39485 -7.89476 8
      vertex 3.15714 -7.62201 8
    endloop
  endfacet
  facet normal -0.146725 -0.989177 0
    outer loop
      vertex -1.60949 -8.09148 8
      vertex -0.80864 -8.21027 14
      vertex -1.60949 -8.09148 14
    endloop
  endfacet
  facet normal -0.146725 -0.989177 -0
    outer loop
      vertex -0.80864 -8.21027 14
      vertex -1.60949 -8.09148 8
      vertex -0.80864 -8.21027 8
    endloop
  endfacet
  facet normal 0.336888 0.941545 -0
    outer loop
      vertex 3.15714 7.62201 8
      vertex 2.39485 7.89476 14
      vertex 3.15714 7.62201 14
    endloop
  endfacet
  facet normal 0.336888 0.941545 0
    outer loop
      vertex 2.39485 7.89476 14
      vertex 3.15714 7.62201 8
      vertex 2.39485 7.89476 8
    endloop
  endfacet
  facet normal 0.803212 -0.595693 0
    outer loop
      vertex 6.37734 -5.23374 14
      vertex 6.85962 -4.58345 8
      vertex 6.85962 -4.58345 14
    endloop
  endfacet
  facet normal 0.803212 -0.595693 0
    outer loop
      vertex 6.85962 -4.58345 8
      vertex 6.37734 -5.23374 14
      vertex 6.37734 -5.23374 8
    endloop
  endfacet
  facet normal -0.857726 0.514107 0
    outer loop
      vertex -7.27585 3.88902 8
      vertex -6.85962 4.58345 14
      vertex -6.85962 4.58345 8
    endloop
  endfacet
  facet normal -0.857726 0.514107 0
    outer loop
      vertex -6.85962 4.58345 14
      vertex -7.27585 3.88902 8
      vertex -7.27585 3.88902 14
    endloop
  endfacet
  facet normal -0.989177 0.146725 0
    outer loop
      vertex -8.21027 0.80864 8
      vertex -8.09148 1.60949 14
      vertex -8.09148 1.60949 8
    endloop
  endfacet
  facet normal -0.989177 0.146725 0
    outer loop
      vertex -8.09148 1.60949 14
      vertex -8.21027 0.80864 8
      vertex -8.21027 0.80864 14
    endloop
  endfacet
  facet normal 0.998795 -0.0490727 0
    outer loop
      vertex 8.21027 -0.80864 14
      vertex 8.25 0 8
      vertex 8.25 0 14
    endloop
  endfacet
  facet normal 0.998795 -0.0490727 0
    outer loop
      vertex 8.25 0 8
      vertex 8.21027 -0.80864 14
      vertex 8.21027 -0.80864 8
    endloop
  endfacet
  facet normal -0.903986 -0.427562 0
    outer loop
      vertex -7.27585 -3.88902 8
      vertex -7.62201 -3.15714 14
      vertex -7.62201 -3.15714 8
    endloop
  endfacet
  facet normal -0.903986 -0.427562 0
    outer loop
      vertex -7.62201 -3.15714 14
      vertex -7.27585 -3.88902 8
      vertex -7.27585 -3.88902 14
    endloop
  endfacet
  facet normal -0.998795 -0.0490727 0
    outer loop
      vertex -8.21027 -0.80864 8
      vertex -8.25 0 14
      vertex -8.25 0 8
    endloop
  endfacet
  facet normal -0.998795 -0.0490727 0
    outer loop
      vertex -8.25 0 14
      vertex -8.21027 -0.80864 8
      vertex -8.21027 -0.80864 14
    endloop
  endfacet
  facet normal 0.514107 -0.857726 0
    outer loop
      vertex 3.88902 -7.27585 8
      vertex 4.58345 -6.85962 14
      vertex 3.88902 -7.27585 14
    endloop
  endfacet
  facet normal 0.514107 -0.857726 0
    outer loop
      vertex 4.58345 -6.85962 14
      vertex 3.88902 -7.27585 8
      vertex 4.58345 -6.85962 8
    endloop
  endfacet
  facet normal 0.903986 0.427562 0
    outer loop
      vertex 7.62201 3.15714 14
      vertex 7.27585 3.88902 8
      vertex 7.27585 3.88902 14
    endloop
  endfacet
  facet normal 0.903986 0.427562 0
    outer loop
      vertex 7.27585 3.88902 8
      vertex 7.62201 3.15714 14
      vertex 7.62201 3.15714 8
    endloop
  endfacet
  facet normal -0.242977 0.970032 0
    outer loop
      vertex -1.60949 8.09148 8
      vertex -2.39485 7.89476 14
      vertex -1.60949 8.09148 14
    endloop
  endfacet
  facet normal -0.242977 0.970032 0
    outer loop
      vertex -2.39485 7.89476 14
      vertex -1.60949 8.09148 8
      vertex -2.39485 7.89476 8
    endloop
  endfacet
  facet normal 0.146725 -0.989177 0
    outer loop
      vertex 0.80864 -8.21027 8
      vertex 1.60949 -8.09148 14
      vertex 0.80864 -8.21027 14
    endloop
  endfacet
  facet normal 0.146725 -0.989177 0
    outer loop
      vertex 1.60949 -8.09148 14
      vertex 0.80864 -8.21027 8
      vertex 1.60949 -8.09148 8
    endloop
  endfacet
  facet normal -0.941545 -0.336888 0
    outer loop
      vertex -7.62201 -3.15714 8
      vertex -7.89476 -2.39485 14
      vertex -7.89476 -2.39485 8
    endloop
  endfacet
  facet normal -0.941545 -0.336888 0
    outer loop
      vertex -7.89476 -2.39485 14
      vertex -7.62201 -3.15714 8
      vertex -7.62201 -3.15714 14
    endloop
  endfacet
  facet normal 0.989177 -0.146725 0
    outer loop
      vertex 8.09148 -1.60949 14
      vertex 8.21027 -0.80864 8
      vertex 8.21027 -0.80864 14
    endloop
  endfacet
  facet normal 0.989177 -0.146725 0
    outer loop
      vertex 8.21027 -0.80864 8
      vertex 8.09148 -1.60949 14
      vertex 8.09148 -1.60949 8
    endloop
  endfacet
  facet normal 0.427562 -0.903986 0
    outer loop
      vertex 3.15714 -7.62201 8
      vertex 3.88902 -7.27585 14
      vertex 3.15714 -7.62201 14
    endloop
  endfacet
  facet normal 0.427562 -0.903986 0
    outer loop
      vertex 3.88902 -7.27585 14
      vertex 3.15714 -7.62201 8
      vertex 3.88902 -7.27585 8
    endloop
  endfacet
  facet normal -0.336888 0.941545 0
    outer loop
      vertex -2.39485 7.89476 8
      vertex -3.15714 7.62201 14
      vertex -2.39485 7.89476 14
    endloop
  endfacet
  facet normal -0.336888 0.941545 0
    outer loop
      vertex -3.15714 7.62201 14
      vertex -2.39485 7.89476 8
      vertex -3.15714 7.62201 8
    endloop
  endfacet
  facet normal -0.427562 -0.903986 0
    outer loop
      vertex -3.88902 -7.27585 8
      vertex -3.15714 -7.62201 14
      vertex -3.88902 -7.27585 14
    endloop
  endfacet
  facet normal -0.427562 -0.903986 -0
    outer loop
      vertex -3.15714 -7.62201 14
      vertex -3.88902 -7.27585 8
      vertex -3.15714 -7.62201 8
    endloop
  endfacet
  facet normal -0.595693 0.803212 0
    outer loop
      vertex -4.58345 6.85962 8
      vertex -5.23374 6.37734 14
      vertex -4.58345 6.85962 14
    endloop
  endfacet
  facet normal -0.595693 0.803212 0
    outer loop
      vertex -5.23374 6.37734 14
      vertex -4.58345 6.85962 8
      vertex -5.23374 6.37734 8
    endloop
  endfacet
  facet normal 0.595693 -0.803212 0
    outer loop
      vertex 4.58345 -6.85962 8
      vertex 5.23374 -6.37734 14
      vertex 4.58345 -6.85962 14
    endloop
  endfacet
  facet normal 0.595693 -0.803212 0
    outer loop
      vertex 5.23374 -6.37734 14
      vertex 4.58345 -6.85962 8
      vertex 5.23374 -6.37734 8
    endloop
  endfacet
  facet normal 0.146725 0.989177 -0
    outer loop
      vertex 1.60949 8.09148 8
      vertex 0.80864 8.21027 14
      vertex 1.60949 8.09148 14
    endloop
  endfacet
  facet normal 0.146725 0.989177 0
    outer loop
      vertex 0.80864 8.21027 14
      vertex 1.60949 8.09148 8
      vertex 0.80864 8.21027 8
    endloop
  endfacet
  facet normal -0.0490727 -0.998795 0
    outer loop
      vertex -0.80864 -8.21027 8
      vertex 0 -8.25 14
      vertex -0.80864 -8.21027 14
    endloop
  endfacet
  facet normal -0.0490727 -0.998795 -0
    outer loop
      vertex 0 -8.25 14
      vertex -0.80864 -8.21027 8
      vertex 0 -8.25 8
    endloop
  endfacet
  facet normal 0.0490727 -0.998795 0
    outer loop
      vertex 0 -8.25 8
      vertex 0.80864 -8.21027 14
      vertex 0 -8.25 14
    endloop
  endfacet
  facet normal 0.0490727 -0.998795 0
    outer loop
      vertex 0.80864 -8.21027 14
      vertex 0 -8.25 8
      vertex 0.80864 -8.21027 8
    endloop
  endfacet
  facet normal -0.941545 0.336888 0
    outer loop
      vertex -7.89476 2.39485 8
      vertex -7.62201 3.15714 14
      vertex -7.62201 3.15714 8
    endloop
  endfacet
  facet normal -0.941545 0.336888 0
    outer loop
      vertex -7.62201 3.15714 14
      vertex -7.89476 2.39485 8
      vertex -7.89476 2.39485 14
    endloop
  endfacet
  facet normal 0.242977 0.970032 -0
    outer loop
      vertex 2.39485 7.89476 8
      vertex 1.60949 8.09148 14
      vertex 2.39485 7.89476 14
    endloop
  endfacet
  facet normal 0.242977 0.970032 0
    outer loop
      vertex 1.60949 8.09148 14
      vertex 2.39485 7.89476 8
      vertex 1.60949 8.09148 8
    endloop
  endfacet
  facet normal -0.595693 -0.803212 0
    outer loop
      vertex -5.23374 -6.37734 8
      vertex -4.58345 -6.85962 14
      vertex -5.23374 -6.37734 14
    endloop
  endfacet
  facet normal -0.595693 -0.803212 -0
    outer loop
      vertex -4.58345 -6.85962 14
      vertex -5.23374 -6.37734 8
      vertex -4.58345 -6.85962 8
    endloop
  endfacet
  facet normal -0.970032 0.242977 0
    outer loop
      vertex -8.09148 1.60949 8
      vertex -7.89476 2.39485 14
      vertex -7.89476 2.39485 8
    endloop
  endfacet
  facet normal -0.970032 0.242977 0
    outer loop
      vertex -7.89476 2.39485 14
      vertex -8.09148 1.60949 8
      vertex -8.09148 1.60949 14
    endloop
  endfacet
  facet normal 0.427562 0.903986 -0
    outer loop
      vertex 3.88902 7.27585 8
      vertex 3.15714 7.62201 14
      vertex 3.88902 7.27585 14
    endloop
  endfacet
  facet normal 0.427562 0.903986 0
    outer loop
      vertex 3.15714 7.62201 14
      vertex 3.88902 7.27585 8
      vertex 3.15714 7.62201 8
    endloop
  endfacet
  facet normal -0.803212 0.595693 0
    outer loop
      vertex -6.85962 4.58345 8
      vertex -6.37734 5.23374 14
      vertex -6.37734 5.23374 8
    endloop
  endfacet
  facet normal -0.803212 0.595693 0
    outer loop
      vertex -6.37734 5.23374 14
      vertex -6.85962 4.58345 8
      vertex -6.85962 4.58345 14
    endloop
  endfacet
  facet normal 0.903986 -0.427562 0
    outer loop
      vertex 7.27585 -3.88902 14
      vertex 7.62201 -3.15714 8
      vertex 7.62201 -3.15714 14
    endloop
  endfacet
  facet normal 0.903986 -0.427562 0
    outer loop
      vertex 7.62201 -3.15714 8
      vertex 7.27585 -3.88902 14
      vertex 7.27585 -3.88902 8
    endloop
  endfacet
  facet normal -0.336888 -0.941545 0
    outer loop
      vertex -3.15714 -7.62201 8
      vertex -2.39485 -7.89476 14
      vertex -3.15714 -7.62201 14
    endloop
  endfacet
  facet normal -0.336888 -0.941545 -0
    outer loop
      vertex -2.39485 -7.89476 14
      vertex -3.15714 -7.62201 8
      vertex -2.39485 -7.89476 8
    endloop
  endfacet
  facet normal 0.941545 0.336888 0
    outer loop
      vertex 7.89476 2.39485 14
      vertex 7.62201 3.15714 8
      vertex 7.62201 3.15714 14
    endloop
  endfacet
  facet normal 0.941545 0.336888 0
    outer loop
      vertex 7.62201 3.15714 8
      vertex 7.89476 2.39485 14
      vertex 7.89476 2.39485 8
    endloop
  endfacet
  facet normal -0.803212 -0.595693 0
    outer loop
      vertex -6.37734 -5.23374 8
      vertex -6.85962 -4.58345 14
      vertex -6.85962 -4.58345 8
    endloop
  endfacet
  facet normal -0.803212 -0.595693 0
    outer loop
      vertex -6.85962 -4.58345 14
      vertex -6.37734 -5.23374 8
      vertex -6.37734 -5.23374 14
    endloop
  endfacet
  facet normal 0.0490727 0.998795 -0
    outer loop
      vertex 0.80864 8.21027 8
      vertex 0 8.25 14
      vertex 0.80864 8.21027 14
    endloop
  endfacet
  facet normal 0.0490727 0.998795 0
    outer loop
      vertex 0 8.25 14
      vertex 0.80864 8.21027 8
      vertex 0 8.25 8
    endloop
  endfacet
  facet normal 0.74095 -0.67156 0
    outer loop
      vertex 5.83363 -5.83363 14
      vertex 6.37734 -5.23374 8
      vertex 6.37734 -5.23374 14
    endloop
  endfacet
  facet normal 0.74095 -0.67156 0
    outer loop
      vertex 6.37734 -5.23374 8
      vertex 5.83363 -5.83363 14
      vertex 5.83363 -5.83363 8
    endloop
  endfacet
  facet normal -0.0490727 0.998795 0
    outer loop
      vertex 0 8.25 8
      vertex -0.80864 8.21027 14
      vertex 0 8.25 14
    endloop
  endfacet
  facet normal -0.0490727 0.998795 0
    outer loop
      vertex -0.80864 8.21027 14
      vertex 0 8.25 8
      vertex -0.80864 8.21027 8
    endloop
  endfacet
  facet normal -0.998795 0.0490727 0
    outer loop
      vertex -8.25 0 8
      vertex -8.21027 0.80864 14
      vertex -8.21027 0.80864 8
    endloop
  endfacet
  facet normal -0.998795 0.0490727 0
    outer loop
      vertex -8.21027 0.80864 14
      vertex -8.25 0 8
      vertex -8.25 0 14
    endloop
  endfacet
  facet normal -0.146725 0.989177 0
    outer loop
      vertex -0.80864 8.21027 8
      vertex -1.60949 8.09148 14
      vertex -0.80864 8.21027 14
    endloop
  endfacet
  facet normal -0.146725 0.989177 0
    outer loop
      vertex -1.60949 8.09148 14
      vertex -0.80864 8.21027 8
      vertex -1.60949 8.09148 8
    endloop
  endfacet
  facet normal -0.989177 -0.146725 0
    outer loop
      vertex -8.09148 -1.60949 8
      vertex -8.21027 -0.80864 14
      vertex -8.21027 -0.80864 8
    endloop
  endfacet
  facet normal -0.989177 -0.146725 0
    outer loop
      vertex -8.21027 -0.80864 14
      vertex -8.09148 -1.60949 8
      vertex -8.09148 -1.60949 14
    endloop
  endfacet
  facet normal -0.903986 0.427562 0
    outer loop
      vertex -7.62201 3.15714 8
      vertex -7.27585 3.88902 14
      vertex -7.27585 3.88902 8
    endloop
  endfacet
  facet normal -0.903986 0.427562 0
    outer loop
      vertex -7.27585 3.88902 14
      vertex -7.62201 3.15714 8
      vertex -7.62201 3.15714 14
    endloop
  endfacet
  facet normal 0.242977 -0.970032 0
    outer loop
      vertex 1.60949 -8.09148 8
      vertex 2.39485 -7.89476 14
      vertex 1.60949 -8.09148 14
    endloop
  endfacet
  facet normal 0.242977 -0.970032 0
    outer loop
      vertex 2.39485 -7.89476 14
      vertex 1.60949 -8.09148 8
      vertex 2.39485 -7.89476 8
    endloop
  endfacet
  facet normal 0.803212 0.595693 0
    outer loop
      vertex 6.85962 4.58345 14
      vertex 6.37734 5.23374 8
      vertex 6.37734 5.23374 14
    endloop
  endfacet
  facet normal 0.803212 0.595693 0
    outer loop
      vertex 6.37734 5.23374 8
      vertex 6.85962 4.58345 14
      vertex 6.85962 4.58345 8
    endloop
  endfacet
  facet normal -0.74095 -0.67156 0
    outer loop
      vertex -5.83363 -5.83363 8
      vertex -6.37734 -5.23374 14
      vertex -6.37734 -5.23374 8
    endloop
  endfacet
  facet normal -0.74095 -0.67156 0
    outer loop
      vertex -6.37734 -5.23374 14
      vertex -5.83363 -5.83363 8
      vertex -5.83363 -5.83363 14
    endloop
  endfacet
  facet normal 0.970032 -0.242977 0
    outer loop
      vertex 7.89476 -2.39485 14
      vertex 8.09148 -1.60949 8
      vertex 8.09148 -1.60949 14
    endloop
  endfacet
  facet normal 0.970032 -0.242977 0
    outer loop
      vertex 8.09148 -1.60949 8
      vertex 7.89476 -2.39485 14
      vertex 7.89476 -2.39485 8
    endloop
  endfacet
  facet normal -0.67156 -0.74095 0
    outer loop
      vertex -5.83363 -5.83363 8
      vertex -5.23374 -6.37734 14
      vertex -5.83363 -5.83363 14
    endloop
  endfacet
  facet normal -0.67156 -0.74095 -0
    outer loop
      vertex -5.23374 -6.37734 14
      vertex -5.83363 -5.83363 8
      vertex -5.23374 -6.37734 8
    endloop
  endfacet
  facet normal -0.74095 0.67156 0
    outer loop
      vertex -6.37734 5.23374 8
      vertex -5.83363 5.83363 14
      vertex -5.83363 5.83363 8
    endloop
  endfacet
  facet normal -0.74095 0.67156 0
    outer loop
      vertex -5.83363 5.83363 14
      vertex -6.37734 5.23374 8
      vertex -6.37734 5.23374 14
    endloop
  endfacet
  facet normal -0.514107 -0.857726 0
    outer loop
      vertex -4.58345 -6.85962 8
      vertex -3.88902 -7.27585 14
      vertex -4.58345 -6.85962 14
    endloop
  endfacet
  facet normal -0.514107 -0.857726 -0
    outer loop
      vertex -3.88902 -7.27585 14
      vertex -4.58345 -6.85962 8
      vertex -3.88902 -7.27585 8
    endloop
  endfacet
  facet normal -0.242977 -0.970032 0
    outer loop
      vertex -2.39485 -7.89476 8
      vertex -1.60949 -8.09148 14
      vertex -2.39485 -7.89476 14
    endloop
  endfacet
  facet normal -0.242977 -0.970032 -0
    outer loop
      vertex -1.60949 -8.09148 14
      vertex -2.39485 -7.89476 8
      vertex -1.60949 -8.09148 8
    endloop
  endfacet
  facet normal -0.857726 -0.514107 0
    outer loop
      vertex -6.85962 -4.58345 8
      vertex -7.27585 -3.88902 14
      vertex -7.27585 -3.88902 8
    endloop
  endfacet
  facet normal -0.857726 -0.514107 0
    outer loop
      vertex -7.27585 -3.88902 14
      vertex -6.85962 -4.58345 8
      vertex -6.85962 -4.58345 14
    endloop
  endfacet
  facet normal 0.67156 -0.74095 0
    outer loop
      vertex 5.23374 -6.37734 8
      vertex 5.83363 -5.83363 14
      vertex 5.23374 -6.37734 14
    endloop
  endfacet
  facet normal 0.67156 -0.74095 0
    outer loop
      vertex 5.83363 -5.83363 14
      vertex 5.23374 -6.37734 8
      vertex 5.83363 -5.83363 8
    endloop
  endfacet
  facet normal 0 0 1
    outer loop
      vertex 4.8 0 14
      vertex 8.25 0 14
      vertex 8.21027 0.80864 14
    endloop
  endfacet
  facet normal 0 0 1
    outer loop
      vertex 4.77689 0.470482 14
      vertex 8.21027 0.80864 14
      vertex 8.09148 1.60949 14
    endloop
  endfacet
  facet normal 0 0 1
    outer loop
      vertex 8.25 0 14
      vertex 4.8 0 14
      vertex 8.21027 -0.80864 14
    endloop
  endfacet
  facet normal 0 0 1
    outer loop
      vertex 4.70777 0.936433 14
      vertex 8.09148 1.60949 14
      vertex 7.89476 2.39485 14
    endloop
  endfacet
  facet normal -0 0 1
    outer loop
      vertex 4.77689 -0.470482 14
      vertex 8.21027 -0.80864 14
      vertex 4.8 0 14
    endloop
  endfacet
  facet normal 0 0 1
    outer loop
      vertex 4.59331 1.39337 14
      vertex 7.89476 2.39485 14
      vertex 7.62201 3.15714 14
    endloop
  endfacet
  facet normal 0 0 1
    outer loop
      vertex 8.21027 -0.80864 14
      vertex 4.77689 -0.470482 14
      vertex 8.09148 -1.60949 14
    endloop
  endfacet
  facet normal 0 0 1
    outer loop
      vertex 4.43462 1.83688 14
      vertex 7.62201 3.15714 14
      vertex 7.27585 3.88902 14
    endloop
  endfacet
  facet normal -0 0 1
    outer loop
      vertex 4.70777 -0.936433 14
      vertex 8.09148 -1.60949 14
      vertex 4.77689 -0.470482 14
    endloop
  endfacet
  facet normal 0 0 1
    outer loop
      vertex 4.23322 2.2627 14
      vertex 7.27585 3.88902 14
      vertex 6.85962 4.58345 14
    endloop
  endfacet
  facet normal 0 0 1
    outer loop
      vertex 8.09148 -1.60949 14
      vertex 4.70777 -0.936433 14
      vertex 7.89476 -2.39485 14
    endloop
  endfacet
  facet normal 0 0 1
    outer loop
      vertex 3.99105 2.66674 14
      vertex 6.85962 4.58345 14
      vertex 6.37734 5.23374 14
    endloop
  endfacet
  facet normal -0 0 1
    outer loop
      vertex 4.59331 -1.39337 14
      vertex 7.89476 -2.39485 14
      vertex 4.70777 -0.936433 14
    endloop
  endfacet
  facet normal 0 0 1
    outer loop
      vertex 3.71045 3.04509 14
      vertex 6.37734 5.23374 14
      vertex 5.83363 5.83363 14
    endloop
  endfacet
  facet normal 0 0 1
    outer loop
      vertex 7.89476 -2.39485 14
      vertex 4.59331 -1.39337 14
      vertex 7.62201 -3.15714 14
    endloop
  endfacet
  facet normal 0 0 1
    outer loop
      vertex 3.39411 3.39411 14
      vertex 5.83363 5.83363 14
      vertex 5.23374 6.37734 14
    endloop
  endfacet
  facet normal -0 0 1
    outer loop
      vertex 4.43462 -1.83688 14
      vertex 7.62201 -3.15714 14
      vertex 4.59331 -1.39337 14
    endloop
  endfacet
  facet normal 0 0 1
    outer loop
      vertex 7.62201 -3.15714 14
      vertex 4.43462 -1.83688 14
      vertex 7.27585 -3.88902 14
    endloop
  endfacet
  facet normal 0 0 1
    outer loop
      vertex 8.21027 0.80864 14
      vertex 4.77689 0.470482 14
      vertex 4.8 0 14
    endloop
  endfacet
  facet normal 0 0 1
    outer loop
      vertex 8.09148 1.60949 14
      vertex 4.70777 0.936433 14
      vertex 4.77689 0.470482 14
    endloop
  endfacet
  facet normal 0 0 1
    outer loop
      vertex 7.89476 2.39485 14
      vertex 4.59331 1.39337 14
      vertex 4.70777 0.936433 14
    endloop
  endfacet
  facet normal 0 0 1
    outer loop
      vertex 3.04509 3.71045 14
      vertex 5.23374 6.37734 14
      vertex 4.58345 6.85962 14
    endloop
  endfacet
  facet normal 0 0 1
    outer loop
      vertex 7.62201 3.15714 14
      vertex 4.43462 1.83688 14
      vertex 4.59331 1.39337 14
    endloop
  endfacet
  facet normal 0 0 1
    outer loop
      vertex 7.27585 3.88902 14
      vertex 4.23322 2.2627 14
      vertex 4.43462 1.83688 14
    endloop
  endfacet
  facet normal 0 0 1
    outer loop
      vertex 6.85962 4.58345 14
      vertex 3.99105 2.66674 14
      vertex 4.23322 2.2627 14
    endloop
  endfacet
  facet normal 0 0 1
    outer loop
      vertex 2.66674 3.99105 14
      vertex 4.58345 6.85962 14
      vertex 3.88902 7.27585 14
    endloop
  endfacet
  facet normal 0 0 1
    outer loop
      vertex 6.37734 5.23374 14
      vertex 3.71045 3.04509 14
      vertex 3.99105 2.66674 14
    endloop
  endfacet
  facet normal 0 0 1
    outer loop
      vertex 5.83363 5.83363 14
      vertex 3.39411 3.39411 14
      vertex 3.71045 3.04509 14
    endloop
  endfacet
  facet normal 0 0 1
    outer loop
      vertex 2.2627 4.23322 14
      vertex 3.88902 7.27585 14
      vertex 3.15714 7.62201 14
    endloop
  endfacet
  facet normal 0 0 1
    outer loop
      vertex 5.23374 6.37734 14
      vertex 3.04509 3.71045 14
      vertex 3.39411 3.39411 14
    endloop
  endfacet
  facet normal 0 0 1
    outer loop
      vertex 4.58345 6.85962 14
      vertex 2.66674 3.99105 14
      vertex 3.04509 3.71045 14
    endloop
  endfacet
  facet normal 0 0 1
    outer loop
      vertex 1.83688 4.43462 14
      vertex 3.15714 7.62201 14
      vertex 2.39485 7.89476 14
    endloop
  endfacet
  facet normal 0 0 1
    outer loop
      vertex 3.88902 7.27585 14
      vertex 2.2627 4.23322 14
      vertex 2.66674 3.99105 14
    endloop
  endfacet
  facet normal 0 0 1
    outer loop
      vertex 3.15714 7.62201 14
      vertex 1.83688 4.43462 14
      vertex 2.2627 4.23322 14
    endloop
  endfacet
  facet normal 0 0 1
    outer loop
      vertex 1.39337 4.59331 14
      vertex 2.39485 7.89476 14
      vertex 1.60949 8.09148 14
    endloop
  endfacet
  facet normal 0 0 1
    outer loop
      vertex 2.39485 7.89476 14
      vertex 1.39337 4.59331 14
      vertex 1.83688 4.43462 14
    endloop
  endfacet
  facet normal 0 0 1
    outer loop
      vertex 1.60949 8.09148 14
      vertex 0.936433 4.70777 14
      vertex 1.39337 4.59331 14
    endloop
  endfacet
  facet normal 0 0 1
    outer loop
      vertex 0.80864 8.21027 14
      vertex 0.936433 4.70777 14
      vertex 1.60949 8.09148 14
    endloop
  endfacet
  facet normal 0 0 1
    outer loop
      vertex 0.80864 8.21027 14
      vertex 0.470482 4.77689 14
      vertex 0.936433 4.70777 14
    endloop
  endfacet
  facet normal 0 0 1
    outer loop
      vertex 0 8.25 14
      vertex 0.470482 4.77689 14
      vertex 0.80864 8.21027 14
    endloop
  endfacet
  facet normal 0 0 1
    outer loop
      vertex 0 8.25 14
      vertex 0 4.8 14
      vertex 0.470482 4.77689 14
    endloop
  endfacet
  facet normal 0 0 1
    outer loop
      vertex 0 8.25 14
      vertex -0.470482 4.77689 14
      vertex 0 4.8 14
    endloop
  endfacet
  facet normal -0 0 1
    outer loop
      vertex -0.80864 8.21027 14
      vertex -0.470482 4.77689 14
      vertex 0 8.25 14
    endloop
  endfacet
  facet normal 0 0 1
    outer loop
      vertex -0.80864 8.21027 14
      vertex -0.936433 4.70777 14
      vertex -0.470482 4.77689 14
    endloop
  endfacet
  facet normal -0 0 1
    outer loop
      vertex -1.60949 8.09148 14
      vertex -0.936433 4.70777 14
      vertex -0.80864 8.21027 14
    endloop
  endfacet
  facet normal 0 0 1
    outer loop
      vertex -0.936433 4.70777 14
      vertex -1.60949 8.09148 14
      vertex -1.39337 4.59331 14
    endloop
  endfacet
  facet normal -0 0 1
    outer loop
      vertex -2.39485 7.89476 14
      vertex -1.39337 4.59331 14
      vertex -1.60949 8.09148 14
    endloop
  endfacet
  facet normal 0 0 1
    outer loop
      vertex -1.39337 4.59331 14
      vertex -2.39485 7.89476 14
      vertex -1.83688 4.43462 14
    endloop
  endfacet
  facet normal -0 0 1
    outer loop
      vertex -3.15714 7.62201 14
      vertex -1.83688 4.43462 14
      vertex -2.39485 7.89476 14
    endloop
  endfacet
  facet normal 0 0 1
    outer loop
      vertex -1.83688 4.43462 14
      vertex -3.15714 7.62201 14
      vertex -2.2627 4.23322 14
    endloop
  endfacet
  facet normal -0 0 1
    outer loop
      vertex -3.88902 7.27585 14
      vertex -2.2627 4.23322 14
      vertex -3.15714 7.62201 14
    endloop
  endfacet
  facet normal 0 0 1
    outer loop
      vertex -2.2627 4.23322 14
      vertex -3.88902 7.27585 14
      vertex -2.66674 3.99105 14
    endloop
  endfacet
  facet normal -0 0 1
    outer loop
      vertex -4.58345 6.85962 14
      vertex -2.66674 3.99105 14
      vertex -3.88902 7.27585 14
    endloop
  endfacet
  facet normal 0 0 1
    outer loop
      vertex -2.66674 3.99105 14
      vertex -4.58345 6.85962 14
      vertex -3.04509 3.71045 14
    endloop
  endfacet
  facet normal -0 0 1
    outer loop
      vertex -5.23374 6.37734 14
      vertex -3.04509 3.71045 14
      vertex -4.58345 6.85962 14
    endloop
  endfacet
  facet normal 0 0 1
    outer loop
      vertex -3.04509 3.71045 14
      vertex -5.23374 6.37734 14
      vertex -3.39411 3.39411 14
    endloop
  endfacet
  facet normal -0 0 1
    outer loop
      vertex -5.83363 5.83363 14
      vertex -3.39411 3.39411 14
      vertex -5.23374 6.37734 14
    endloop
  endfacet
  facet normal 0 0 1
    outer loop
      vertex -3.39411 3.39411 14
      vertex -5.83363 5.83363 14
      vertex -3.71045 3.04509 14
    endloop
  endfacet
  facet normal -0 0 1
    outer loop
      vertex -6.37734 5.23374 14
      vertex -3.71045 3.04509 14
      vertex -5.83363 5.83363 14
    endloop
  endfacet
  facet normal 0 0 1
    outer loop
      vertex -3.71045 3.04509 14
      vertex -6.37734 5.23374 14
      vertex -3.99105 2.66674 14
    endloop
  endfacet
  facet normal -0 0 1
    outer loop
      vertex -6.85962 4.58345 14
      vertex -3.99105 2.66674 14
      vertex -6.37734 5.23374 14
    endloop
  endfacet
  facet normal 0 0 1
    outer loop
      vertex -3.99105 2.66674 14
      vertex -6.85962 4.58345 14
      vertex -4.23322 2.2627 14
    endloop
  endfacet
  facet normal -0 0 1
    outer loop
      vertex -7.27585 3.88902 14
      vertex -4.23322 2.2627 14
      vertex -6.85962 4.58345 14
    endloop
  endfacet
  facet normal 0 0 1
    outer loop
      vertex -4.23322 2.2627 14
      vertex -7.27585 3.88902 14
      vertex -4.43462 1.83688 14
    endloop
  endfacet
  facet normal -0 0 1
    outer loop
      vertex 4.23322 -2.2627 14
      vertex 7.27585 -3.88902 14
      vertex 4.43462 -1.83688 14
    endloop
  endfacet
  facet normal 0 0 1
    outer loop
      vertex 7.27585 -3.88902 14
      vertex 4.23322 -2.2627 14
      vertex 6.85962 -4.58345 14
    endloop
  endfacet
  facet normal -0 0 1
    outer loop
      vertex 3.99105 -2.66674 14
      vertex 6.85962 -4.58345 14
      vertex 4.23322 -2.2627 14
    endloop
  endfacet
  facet normal 0 0 1
    outer loop
      vertex 6.85962 -4.58345 14
      vertex 3.99105 -2.66674 14
      vertex 6.37734 -5.23374 14
    endloop
  endfacet
  facet normal -0 0 1
    outer loop
      vertex 3.71045 -3.04509 14
      vertex 6.37734 -5.23374 14
      vertex 3.99105 -2.66674 14
    endloop
  endfacet
  facet normal 0 0 1
    outer loop
      vertex 6.37734 -5.23374 14
      vertex 3.71045 -3.04509 14
      vertex 5.83363 -5.83363 14
    endloop
  endfacet
  facet normal -0 0 1
    outer loop
      vertex 3.39411 -3.39411 14
      vertex 5.83363 -5.83363 14
      vertex 3.71045 -3.04509 14
    endloop
  endfacet
  facet normal 0 0 1
    outer loop
      vertex 5.83363 -5.83363 14
      vertex 3.39411 -3.39411 14
      vertex 5.23374 -6.37734 14
    endloop
  endfacet
  facet normal -0 0 1
    outer loop
      vertex 3.04509 -3.71045 14
      vertex 5.23374 -6.37734 14
      vertex 3.39411 -3.39411 14
    endloop
  endfacet
  facet normal 0 0 1
    outer loop
      vertex 5.23374 -6.37734 14
      vertex 3.04509 -3.71045 14
      vertex 4.58345 -6.85962 14
    endloop
  endfacet
  facet normal -0 0 1
    outer loop
      vertex 2.66674 -3.99105 14
      vertex 4.58345 -6.85962 14
      vertex 3.04509 -3.71045 14
    endloop
  endfacet
  facet normal 0 0 1
    outer loop
      vertex 4.58345 -6.85962 14
      vertex 2.66674 -3.99105 14
      vertex 3.88902 -7.27585 14
    endloop
  endfacet
  facet normal -0 0 1
    outer loop
      vertex 2.2627 -4.23322 14
      vertex 3.88902 -7.27585 14
      vertex 2.66674 -3.99105 14
    endloop
  endfacet
  facet normal 0 0 1
    outer loop
      vertex 3.88902 -7.27585 14
      vertex 2.2627 -4.23322 14
      vertex 3.15714 -7.62201 14
    endloop
  endfacet
  facet normal -0 0 1
    outer loop
      vertex 1.83688 -4.43462 14
      vertex 3.15714 -7.62201 14
      vertex 2.2627 -4.23322 14
    endloop
  endfacet
  facet normal 0 0 1
    outer loop
      vertex 3.15714 -7.62201 14
      vertex 1.83688 -4.43462 14
      vertex 2.39485 -7.89476 14
    endloop
  endfacet
  facet normal -0 0 1
    outer loop
      vertex 1.39337 -4.59331 14
      vertex 2.39485 -7.89476 14
      vertex 1.83688 -4.43462 14
    endloop
  endfacet
  facet normal 0 0 1
    outer loop
      vertex 2.39485 -7.89476 14
      vertex 1.39337 -4.59331 14
      vertex 1.60949 -8.09148 14
    endloop
  endfacet
  facet normal -0 0 1
    outer loop
      vertex 0.936433 -4.70777 14
      vertex 1.60949 -8.09148 14
      vertex 1.39337 -4.59331 14
    endloop
  endfacet
  facet normal 0 0 1
    outer loop
      vertex 0.936433 -4.70777 14
      vertex 0.80864 -8.21027 14
      vertex 1.60949 -8.09148 14
    endloop
  endfacet
  facet normal -0 0 1
    outer loop
      vertex 0.470482 -4.77689 14
      vertex 0.80864 -8.21027 14
      vertex 0.936433 -4.70777 14
    endloop
  endfacet
  facet normal -0 0 1
    outer loop
      vertex 0 -4.8 14
      vertex 0.80864 -8.21027 14
      vertex 0.470482 -4.77689 14
    endloop
  endfacet
  facet normal 0 0 1
    outer loop
      vertex 0 -4.8 14
      vertex 0 -8.25 14
      vertex 0.80864 -8.21027 14
    endloop
  endfacet
  facet normal 0 0 1
    outer loop
      vertex -0.470482 -4.77689 14
      vertex 0 -8.25 14
      vertex 0 -4.8 14
    endloop
  endfacet
  facet normal 0 0 1
    outer loop
      vertex -0.470482 -4.77689 14
      vertex -0.80864 -8.21027 14
      vertex 0 -8.25 14
    endloop
  endfacet
  facet normal 0 0 1
    outer loop
      vertex -0.936433 -4.70777 14
      vertex -0.80864 -8.21027 14
      vertex -0.470482 -4.77689 14
    endloop
  endfacet
  facet normal 0 0 1
    outer loop
      vertex -1.60949 -8.09148 14
      vertex -0.936433 -4.70777 14
      vertex -1.39337 -4.59331 14
    endloop
  endfacet
  facet normal 0 0 1
    outer loop
      vertex -0.936433 -4.70777 14
      vertex -1.60949 -8.09148 14
      vertex -0.80864 -8.21027 14
    endloop
  endfacet
  facet normal 0 0 1
    outer loop
      vertex -2.39485 -7.89476 14
      vertex -1.39337 -4.59331 14
      vertex -1.83688 -4.43462 14
    endloop
  endfacet
  facet normal 0 0 1
    outer loop
      vertex -3.15714 -7.62201 14
      vertex -1.83688 -4.43462 14
      vertex -2.2627 -4.23322 14
    endloop
  endfacet
  facet normal 0 0 1
    outer loop
      vertex -1.39337 -4.59331 14
      vertex -2.39485 -7.89476 14
      vertex -1.60949 -8.09148 14
    endloop
  endfacet
  facet normal 0 0 1
    outer loop
      vertex -3.88902 -7.27585 14
      vertex -2.2627 -4.23322 14
      vertex -2.66674 -3.99105 14
    endloop
  endfacet
  facet normal 0 0 1
    outer loop
      vertex -4.58345 -6.85962 14
      vertex -2.66674 -3.99105 14
      vertex -3.04509 -3.71045 14
    endloop
  endfacet
  facet normal 0 0 1
    outer loop
      vertex -1.83688 -4.43462 14
      vertex -3.15714 -7.62201 14
      vertex -2.39485 -7.89476 14
    endloop
  endfacet
  facet normal 0 0 1
    outer loop
      vertex -5.23374 -6.37734 14
      vertex -3.04509 -3.71045 14
      vertex -3.39411 -3.39411 14
    endloop
  endfacet
  facet normal 0 0 1
    outer loop
      vertex -5.83363 -5.83363 14
      vertex -3.39411 -3.39411 14
      vertex -3.71045 -3.04509 14
    endloop
  endfacet
  facet normal 0 0 1
    outer loop
      vertex -2.2627 -4.23322 14
      vertex -3.88902 -7.27585 14
      vertex -3.15714 -7.62201 14
    endloop
  endfacet
  facet normal 0 0 1
    outer loop
      vertex -6.37734 -5.23374 14
      vertex -3.71045 -3.04509 14
      vertex -3.99105 -2.66674 14
    endloop
  endfacet
  facet normal 0 0 1
    outer loop
      vertex -6.85962 -4.58345 14
      vertex -3.99105 -2.66674 14
      vertex -4.23322 -2.2627 14
    endloop
  endfacet
  facet normal 0 0 1
    outer loop
      vertex -7.27585 -3.88902 14
      vertex -4.23322 -2.2627 14
      vertex -4.43462 -1.83688 14
    endloop
  endfacet
  facet normal 0 0 1
    outer loop
      vertex -2.66674 -3.99105 14
      vertex -4.58345 -6.85962 14
      vertex -3.88902 -7.27585 14
    endloop
  endfacet
  facet normal 0 0 1
    outer loop
      vertex -7.62201 -3.15714 14
      vertex -4.43462 -1.83688 14
      vertex -4.59331 -1.39337 14
    endloop
  endfacet
  facet normal 0 0 1
    outer loop
      vertex -7.89476 -2.39485 14
      vertex -4.59331 -1.39337 14
      vertex -4.70777 -0.936433 14
    endloop
  endfacet
  facet normal 0 0 1
    outer loop
      vertex -8.09148 -1.60949 14
      vertex -4.70777 -0.936433 14
      vertex -4.77689 -0.470482 14
    endloop
  endfacet
  facet normal 0 0 1
    outer loop
      vertex -8.21027 -0.80864 14
      vertex -4.77689 -0.470482 14
      vertex -4.8 0 14
    endloop
  endfacet
  facet normal -0 0 1
    outer loop
      vertex -7.62201 3.15714 14
      vertex -4.43462 1.83688 14
      vertex -7.27585 3.88902 14
    endloop
  endfacet
  facet normal 0 0 1
    outer loop
      vertex -3.04509 -3.71045 14
      vertex -5.23374 -6.37734 14
      vertex -4.58345 -6.85962 14
    endloop
  endfacet
  facet normal 0 0 1
    outer loop
      vertex -4.43462 1.83688 14
      vertex -7.62201 3.15714 14
      vertex -4.59331 1.39337 14
    endloop
  endfacet
  facet normal 0 0 1
    outer loop
      vertex -3.39411 -3.39411 14
      vertex -5.83363 -5.83363 14
      vertex -5.23374 -6.37734 14
    endloop
  endfacet
  facet normal -0 0 1
    outer loop
      vertex -7.89476 2.39485 14
      vertex -4.59331 1.39337 14
      vertex -7.62201 3.15714 14
    endloop
  endfacet
  facet normal 0 0 1
    outer loop
      vertex -3.71045 -3.04509 14
      vertex -6.37734 -5.23374 14
      vertex -5.83363 -5.83363 14
    endloop
  endfacet
  facet normal 0 0 1
    outer loop
      vertex -4.59331 1.39337 14
      vertex -7.89476 2.39485 14
      vertex -4.70777 0.936433 14
    endloop
  endfacet
  facet normal 0 0 1
    outer loop
      vertex -3.99105 -2.66674 14
      vertex -6.85962 -4.58345 14
      vertex -6.37734 -5.23374 14
    endloop
  endfacet
  facet normal -0 0 1
    outer loop
      vertex -8.09148 1.60949 14
      vertex -4.70777 0.936433 14
      vertex -7.89476 2.39485 14
    endloop
  endfacet
  facet normal 0 0 1
    outer loop
      vertex -4.23322 -2.2627 14
      vertex -7.27585 -3.88902 14
      vertex -6.85962 -4.58345 14
    endloop
  endfacet
  facet normal 0 0 1
    outer loop
      vertex -4.70777 0.936433 14
      vertex -8.09148 1.60949 14
      vertex -4.77689 0.470482 14
    endloop
  endfacet
  facet normal 0 0 1
    outer loop
      vertex -4.43462 -1.83688 14
      vertex -7.62201 -3.15714 14
      vertex -7.27585 -3.88902 14
    endloop
  endfacet
  facet normal -0 0 1
    outer loop
      vertex -8.21027 0.80864 14
      vertex -4.77689 0.470482 14
      vertex -8.09148 1.60949 14
    endloop
  endfacet
  facet normal 0 0 1
    outer loop
      vertex -4.59331 -1.39337 14
      vertex -7.89476 -2.39485 14
      vertex -7.62201 -3.15714 14
    endloop
  endfacet
  facet normal 0 0 1
    outer loop
      vertex -4.77689 0.470482 14
      vertex -8.21027 0.80864 14
      vertex -4.8 0 14
    endloop
  endfacet
  facet normal 0 0 1
    outer loop
      vertex -4.70777 -0.936433 14
      vertex -8.09148 -1.60949 14
      vertex -7.89476 -2.39485 14
    endloop
  endfacet
  facet normal 0 0 1
    outer loop
      vertex -8.25 0 14
      vertex -4.8 0 14
      vertex -8.21027 0.80864 14
    endloop
  endfacet
  facet normal 0 0 1
    outer loop
      vertex -4.77689 -0.470482 14
      vertex -8.21027 -0.80864 14
      vertex -8.09148 -1.60949 14
    endloop
  endfacet
  facet normal 0 0 1
    outer loop
      vertex -4.8 0 14
      vertex -8.25 0 14
      vertex -8.21027 -0.80864 14
    endloop
  endfacet
  facet normal -0.941544 -0.336889 0
    outer loop
      vertex 4.59331 1.39337 0
      vertex 4.43462 1.83688 14
      vertex 4.43462 1.83688 0
    endloop
  endfacet
  facet normal -0.941544 -0.336889 0
    outer loop
      vertex 4.43462 1.83688 14
      vertex 4.59331 1.39337 0
      vertex 4.59331 1.39337 14
    endloop
  endfacet
  facet normal -0.146736 -0.989176 0
    outer loop
      vertex 0.470482 4.77689 0
      vertex 0.936433 4.70777 14
      vertex 0.470482 4.77689 14
    endloop
  endfacet
  facet normal -0.146736 -0.989176 -0
    outer loop
      vertex 0.936433 4.70777 14
      vertex 0.470482 4.77689 0
      vertex 0.936433 4.70777 0
    endloop
  endfacet
  facet normal -0.989176 -0.146736 0
    outer loop
      vertex 4.77689 0.470482 0
      vertex 4.70777 0.936433 14
      vertex 4.70777 0.936433 0
    endloop
  endfacet
  facet normal -0.989176 -0.146736 0
    outer loop
      vertex 4.70777 0.936433 14
      vertex 4.77689 0.470482 0
      vertex 4.77689 0.470482 14
    endloop
  endfacet
  facet normal -0.998796 -0.0490607 0
    outer loop
      vertex 4.8 0 0
      vertex 4.77689 0.470482 14
      vertex 4.77689 0.470482 0
    endloop
  endfacet
  facet normal -0.998796 -0.0490607 0
    outer loop
      vertex 4.77689 0.470482 14
      vertex 4.8 0 0
      vertex 4.8 0 14
    endloop
  endfacet
  facet normal -0.97003 -0.242987 0
    outer loop
      vertex 4.70777 0.936433 0
      vertex 4.59331 1.39337 14
      vertex 4.59331 1.39337 0
    endloop
  endfacet
  facet normal -0.97003 -0.242987 0
    outer loop
      vertex 4.59331 1.39337 14
      vertex 4.70777 0.936433 0
      vertex 4.70777 0.936433 14
    endloop
  endfacet
  facet normal -0.803211 -0.595695 0
    outer loop
      vertex 3.99105 2.66674 0
      vertex 3.71045 3.04509 14
      vertex 3.71045 3.04509 0
    endloop
  endfacet
  facet normal -0.803211 -0.595695 0
    outer loop
      vertex 3.71045 3.04509 14
      vertex 3.99105 2.66674 0
      vertex 3.99105 2.66674 14
    endloop
  endfacet
  facet normal -0.857731 0.514099 0
    outer loop
      vertex 3.99105 -2.66674 0
      vertex 4.23322 -2.2627 14
      vertex 4.23322 -2.2627 0
    endloop
  endfacet
  facet normal -0.857731 0.514099 0
    outer loop
      vertex 4.23322 -2.2627 14
      vertex 3.99105 -2.66674 0
      vertex 3.99105 -2.66674 14
    endloop
  endfacet
  facet normal 0.803211 -0.595695 0
    outer loop
      vertex -3.99105 2.66674 14
      vertex -3.71045 3.04509 0
      vertex -3.71045 3.04509 14
    endloop
  endfacet
  facet normal 0.803211 -0.595695 0
    outer loop
      vertex -3.71045 3.04509 0
      vertex -3.99105 2.66674 14
      vertex -3.99105 2.66674 0
    endloop
  endfacet
  facet normal -0.998796 0.0490607 0
    outer loop
      vertex 4.77689 -0.470482 0
      vertex 4.8 0 14
      vertex 4.8 0 0
    endloop
  endfacet
  facet normal -0.998796 0.0490607 0
    outer loop
      vertex 4.8 0 14
      vertex 4.77689 -0.470482 0
      vertex 4.77689 -0.470482 14
    endloop
  endfacet
  facet normal 0.336889 -0.941544 0
    outer loop
      vertex -1.83688 4.43462 0
      vertex -1.39337 4.59331 14
      vertex -1.83688 4.43462 14
    endloop
  endfacet
  facet normal 0.336889 -0.941544 0
    outer loop
      vertex -1.39337 4.59331 14
      vertex -1.83688 4.43462 0
      vertex -1.39337 4.59331 0
    endloop
  endfacet
  facet normal -0.803211 0.595695 0
    outer loop
      vertex 3.71045 -3.04509 0
      vertex 3.99105 -2.66674 14
      vertex 3.99105 -2.66674 0
    endloop
  endfacet
  facet normal -0.803211 0.595695 0
    outer loop
      vertex 3.99105 -2.66674 14
      vertex 3.71045 -3.04509 0
      vertex 3.71045 -3.04509 14
    endloop
  endfacet
  facet normal 0.989176 -0.146736 0
    outer loop
      vertex -4.77689 0.470482 14
      vertex -4.70777 0.936433 0
      vertex -4.70777 0.936433 14
    endloop
  endfacet
  facet normal 0.989176 -0.146736 0
    outer loop
      vertex -4.70777 0.936433 0
      vertex -4.77689 0.470482 14
      vertex -4.77689 0.470482 0
    endloop
  endfacet
  facet normal 0.595695 0.803211 -0
    outer loop
      vertex -2.66674 -3.99105 0
      vertex -3.04509 -3.71045 14
      vertex -2.66674 -3.99105 14
    endloop
  endfacet
  facet normal 0.595695 0.803211 0
    outer loop
      vertex -3.04509 -3.71045 14
      vertex -2.66674 -3.99105 0
      vertex -3.04509 -3.71045 0
    endloop
  endfacet
  facet normal 0.740944 -0.671567 0
    outer loop
      vertex -3.71045 3.04509 14
      vertex -3.39411 3.39411 0
      vertex -3.39411 3.39411 14
    endloop
  endfacet
  facet normal 0.740944 -0.671567 0
    outer loop
      vertex -3.39411 3.39411 0
      vertex -3.71045 3.04509 14
      vertex -3.71045 3.04509 0
    endloop
  endfacet
  facet normal -0.514099 0.857731 0
    outer loop
      vertex 2.66674 -3.99105 0
      vertex 2.2627 -4.23322 14
      vertex 2.66674 -3.99105 14
    endloop
  endfacet
  facet normal -0.514099 0.857731 0
    outer loop
      vertex 2.2627 -4.23322 14
      vertex 2.66674 -3.99105 0
      vertex 2.2627 -4.23322 0
    endloop
  endfacet
  facet normal -0.595695 0.803211 0
    outer loop
      vertex 3.04509 -3.71045 0
      vertex 2.66674 -3.99105 14
      vertex 3.04509 -3.71045 14
    endloop
  endfacet
  facet normal -0.595695 0.803211 0
    outer loop
      vertex 2.66674 -3.99105 14
      vertex 3.04509 -3.71045 0
      vertex 2.66674 -3.99105 0
    endloop
  endfacet
  facet normal -0.336889 0.941544 0
    outer loop
      vertex 1.83688 -4.43462 0
      vertex 1.39337 -4.59331 14
      vertex 1.83688 -4.43462 14
    endloop
  endfacet
  facet normal -0.336889 0.941544 0
    outer loop
      vertex 1.39337 -4.59331 14
      vertex 1.83688 -4.43462 0
      vertex 1.39337 -4.59331 0
    endloop
  endfacet
  facet normal -0.427559 0.903988 0
    outer loop
      vertex 2.2627 -4.23322 0
      vertex 1.83688 -4.43462 14
      vertex 2.2627 -4.23322 14
    endloop
  endfacet
  facet normal -0.427559 0.903988 0
    outer loop
      vertex 1.83688 -4.43462 14
      vertex 2.2627 -4.23322 0
      vertex 1.83688 -4.43462 0
    endloop
  endfacet
  facet normal 0.671567 -0.740944 0
    outer loop
      vertex -3.39411 3.39411 0
      vertex -3.04509 3.71045 14
      vertex -3.39411 3.39411 14
    endloop
  endfacet
  facet normal 0.671567 -0.740944 0
    outer loop
      vertex -3.04509 3.71045 14
      vertex -3.39411 3.39411 0
      vertex -3.04509 3.71045 0
    endloop
  endfacet
  facet normal 0.146736 -0.989176 0
    outer loop
      vertex -0.936433 4.70777 0
      vertex -0.470482 4.77689 14
      vertex -0.936433 4.70777 14
    endloop
  endfacet
  facet normal 0.146736 -0.989176 0
    outer loop
      vertex -0.470482 4.77689 14
      vertex -0.936433 4.70777 0
      vertex -0.470482 4.77689 0
    endloop
  endfacet
  facet normal -0.0490607 -0.998796 0
    outer loop
      vertex 0 4.8 0
      vertex 0.470482 4.77689 14
      vertex 0 4.8 14
    endloop
  endfacet
  facet normal -0.0490607 -0.998796 -0
    outer loop
      vertex 0.470482 4.77689 14
      vertex 0 4.8 0
      vertex 0.470482 4.77689 0
    endloop
  endfacet
  facet normal -0.336889 -0.941544 0
    outer loop
      vertex 1.39337 4.59331 0
      vertex 1.83688 4.43462 14
      vertex 1.39337 4.59331 14
    endloop
  endfacet
  facet normal -0.336889 -0.941544 -0
    outer loop
      vertex 1.83688 4.43462 14
      vertex 1.39337 4.59331 0
      vertex 1.83688 4.43462 0
    endloop
  endfacet
  facet normal -0.740944 -0.671567 0
    outer loop
      vertex 3.71045 3.04509 0
      vertex 3.39411 3.39411 14
      vertex 3.39411 3.39411 0
    endloop
  endfacet
  facet normal -0.740944 -0.671567 0
    outer loop
      vertex 3.39411 3.39411 14
      vertex 3.71045 3.04509 0
      vertex 3.71045 3.04509 14
    endloop
  endfacet
  facet normal 0.427559 -0.903988 0
    outer loop
      vertex -2.2627 4.23322 0
      vertex -1.83688 4.43462 14
      vertex -2.2627 4.23322 14
    endloop
  endfacet
  facet normal 0.427559 -0.903988 0
    outer loop
      vertex -1.83688 4.43462 14
      vertex -2.2627 4.23322 0
      vertex -1.83688 4.43462 0
    endloop
  endfacet
  facet normal 0.242987 -0.97003 0
    outer loop
      vertex -1.39337 4.59331 0
      vertex -0.936433 4.70777 14
      vertex -1.39337 4.59331 14
    endloop
  endfacet
  facet normal 0.242987 -0.97003 0
    outer loop
      vertex -0.936433 4.70777 14
      vertex -1.39337 4.59331 0
      vertex -0.936433 4.70777 0
    endloop
  endfacet
  facet normal -0.903988 -0.427559 0
    outer loop
      vertex 4.43462 1.83688 0
      vertex 4.23322 2.2627 14
      vertex 4.23322 2.2627 0
    endloop
  endfacet
  facet normal -0.903988 -0.427559 0
    outer loop
      vertex 4.23322 2.2627 14
      vertex 4.43462 1.83688 0
      vertex 4.43462 1.83688 14
    endloop
  endfacet
  facet normal -0.595695 -0.803211 0
    outer loop
      vertex 2.66674 3.99105 0
      vertex 3.04509 3.71045 14
      vertex 2.66674 3.99105 14
    endloop
  endfacet
  facet normal -0.595695 -0.803211 -0
    outer loop
      vertex 3.04509 3.71045 14
      vertex 2.66674 3.99105 0
      vertex 3.04509 3.71045 0
    endloop
  endfacet
  facet normal -0.903988 0.427559 0
    outer loop
      vertex 4.23322 -2.2627 0
      vertex 4.43462 -1.83688 14
      vertex 4.43462 -1.83688 0
    endloop
  endfacet
  facet normal -0.903988 0.427559 0
    outer loop
      vertex 4.43462 -1.83688 14
      vertex 4.23322 -2.2627 0
      vertex 4.23322 -2.2627 14
    endloop
  endfacet
  facet normal 0.242987 0.97003 -0
    outer loop
      vertex -0.936433 -4.70777 0
      vertex -1.39337 -4.59331 14
      vertex -0.936433 -4.70777 14
    endloop
  endfacet
  facet normal 0.242987 0.97003 0
    outer loop
      vertex -1.39337 -4.59331 14
      vertex -0.936433 -4.70777 0
      vertex -1.39337 -4.59331 0
    endloop
  endfacet
  facet normal 0.803211 0.595695 0
    outer loop
      vertex -3.71045 -3.04509 14
      vertex -3.99105 -2.66674 0
      vertex -3.99105 -2.66674 14
    endloop
  endfacet
  facet normal 0.803211 0.595695 0
    outer loop
      vertex -3.99105 -2.66674 0
      vertex -3.71045 -3.04509 14
      vertex -3.71045 -3.04509 0
    endloop
  endfacet
  facet normal 0.998796 -0.0490607 0
    outer loop
      vertex -4.8 0 14
      vertex -4.77689 0.470482 0
      vertex -4.77689 0.470482 14
    endloop
  endfacet
  facet normal 0.998796 -0.0490607 0
    outer loop
      vertex -4.77689 0.470482 0
      vertex -4.8 0 14
      vertex -4.8 0 0
    endloop
  endfacet
  facet normal -0.146736 0.989176 0
    outer loop
      vertex 0.936433 -4.70777 0
      vertex 0.470482 -4.77689 14
      vertex 0.936433 -4.70777 14
    endloop
  endfacet
  facet normal -0.146736 0.989176 0
    outer loop
      vertex 0.470482 -4.77689 14
      vertex 0.936433 -4.70777 0
      vertex 0.470482 -4.77689 0
    endloop
  endfacet
  facet normal -0.97003 0.242987 0
    outer loop
      vertex 4.59331 -1.39337 0
      vertex 4.70777 -0.936433 14
      vertex 4.70777 -0.936433 0
    endloop
  endfacet
  facet normal -0.97003 0.242987 0
    outer loop
      vertex 4.70777 -0.936433 14
      vertex 4.59331 -1.39337 0
      vertex 4.59331 -1.39337 14
    endloop
  endfacet
  facet normal 0.514099 -0.857731 0
    outer loop
      vertex -2.66674 3.99105 0
      vertex -2.2627 4.23322 14
      vertex -2.66674 3.99105 14
    endloop
  endfacet
  facet normal 0.514099 -0.857731 0
    outer loop
      vertex -2.2627 4.23322 14
      vertex -2.66674 3.99105 0
      vertex -2.2627 4.23322 0
    endloop
  endfacet
  facet normal -0.427559 -0.903988 0
    outer loop
      vertex 1.83688 4.43462 0
      vertex 2.2627 4.23322 14
      vertex 1.83688 4.43462 14
    endloop
  endfacet
  facet normal -0.427559 -0.903988 -0
    outer loop
      vertex 2.2627 4.23322 14
      vertex 1.83688 4.43462 0
      vertex 2.2627 4.23322 0
    endloop
  endfacet
  facet normal -0.514099 -0.857731 0
    outer loop
      vertex 2.2627 4.23322 0
      vertex 2.66674 3.99105 14
      vertex 2.2627 4.23322 14
    endloop
  endfacet
  facet normal -0.514099 -0.857731 -0
    outer loop
      vertex 2.66674 3.99105 14
      vertex 2.2627 4.23322 0
      vertex 2.66674 3.99105 0
    endloop
  endfacet
  facet normal 0.857731 0.514099 0
    outer loop
      vertex -3.99105 -2.66674 14
      vertex -4.23322 -2.2627 0
      vertex -4.23322 -2.2627 14
    endloop
  endfacet
  facet normal 0.857731 0.514099 0
    outer loop
      vertex -4.23322 -2.2627 0
      vertex -3.99105 -2.66674 14
      vertex -3.99105 -2.66674 0
    endloop
  endfacet
  facet normal -0.242987 0.97003 0
    outer loop
      vertex 1.39337 -4.59331 0
      vertex 0.936433 -4.70777 14
      vertex 1.39337 -4.59331 14
    endloop
  endfacet
  facet normal -0.242987 0.97003 0
    outer loop
      vertex 0.936433 -4.70777 14
      vertex 1.39337 -4.59331 0
      vertex 0.936433 -4.70777 0
    endloop
  endfacet
  facet normal 0.595695 -0.803211 0
    outer loop
      vertex -3.04509 3.71045 0
      vertex -2.66674 3.99105 14
      vertex -3.04509 3.71045 14
    endloop
  endfacet
  facet normal 0.595695 -0.803211 0
    outer loop
      vertex -2.66674 3.99105 14
      vertex -3.04509 3.71045 0
      vertex -2.66674 3.99105 0
    endloop
  endfacet
  facet normal 0.740944 0.671567 0
    outer loop
      vertex -3.39411 -3.39411 14
      vertex -3.71045 -3.04509 0
      vertex -3.71045 -3.04509 14
    endloop
  endfacet
  facet normal 0.740944 0.671567 0
    outer loop
      vertex -3.71045 -3.04509 0
      vertex -3.39411 -3.39411 14
      vertex -3.39411 -3.39411 0
    endloop
  endfacet
  facet normal -0.989176 0.146736 0
    outer loop
      vertex 4.70777 -0.936433 0
      vertex 4.77689 -0.470482 14
      vertex 4.77689 -0.470482 0
    endloop
  endfacet
  facet normal -0.989176 0.146736 0
    outer loop
      vertex 4.77689 -0.470482 14
      vertex 4.70777 -0.936433 0
      vertex 4.70777 -0.936433 14
    endloop
  endfacet
  facet normal -0.857731 -0.514099 0
    outer loop
      vertex 4.23322 2.2627 0
      vertex 3.99105 2.66674 14
      vertex 3.99105 2.66674 0
    endloop
  endfacet
  facet normal -0.857731 -0.514099 0
    outer loop
      vertex 3.99105 2.66674 14
      vertex 4.23322 2.2627 0
      vertex 4.23322 2.2627 14
    endloop
  endfacet
  facet normal -0.242987 -0.97003 0
    outer loop
      vertex 0.936433 4.70777 0
      vertex 1.39337 4.59331 14
      vertex 0.936433 4.70777 14
    endloop
  endfacet
  facet normal -0.242987 -0.97003 -0
    outer loop
      vertex 1.39337 4.59331 14
      vertex 0.936433 4.70777 0
      vertex 1.39337 4.59331 0
    endloop
  endfacet
  facet normal 0.903988 0.427559 0
    outer loop
      vertex -4.23322 -2.2627 14
      vertex -4.43462 -1.83688 0
      vertex -4.43462 -1.83688 14
    endloop
  endfacet
  facet normal 0.903988 0.427559 0
    outer loop
      vertex -4.43462 -1.83688 0
      vertex -4.23322 -2.2627 14
      vertex -4.23322 -2.2627 0
    endloop
  endfacet
  facet normal -0.671567 0.740944 0
    outer loop
      vertex 3.39411 -3.39411 0
      vertex 3.04509 -3.71045 14
      vertex 3.39411 -3.39411 14
    endloop
  endfacet
  facet normal -0.671567 0.740944 0
    outer loop
      vertex 3.04509 -3.71045 14
      vertex 3.39411 -3.39411 0
      vertex 3.04509 -3.71045 0
    endloop
  endfacet
  facet normal -0.740944 0.671567 0
    outer loop
      vertex 3.39411 -3.39411 0
      vertex 3.71045 -3.04509 14
      vertex 3.71045 -3.04509 0
    endloop
  endfacet
  facet normal -0.740944 0.671567 0
    outer loop
      vertex 3.71045 -3.04509 14
      vertex 3.39411 -3.39411 0
      vertex 3.39411 -3.39411 14
    endloop
  endfacet
  facet normal 0.146736 0.989176 -0
    outer loop
      vertex -0.470482 -4.77689 0
      vertex -0.936433 -4.70777 14
      vertex -0.470482 -4.77689 14
    endloop
  endfacet
  facet normal 0.146736 0.989176 0
    outer loop
      vertex -0.936433 -4.70777 14
      vertex -0.470482 -4.77689 0
      vertex -0.936433 -4.70777 0
    endloop
  endfacet
  facet normal -0.671567 -0.740944 0
    outer loop
      vertex 3.04509 3.71045 0
      vertex 3.39411 3.39411 14
      vertex 3.04509 3.71045 14
    endloop
  endfacet
  facet normal -0.671567 -0.740944 -0
    outer loop
      vertex 3.39411 3.39411 14
      vertex 3.04509 3.71045 0
      vertex 3.39411 3.39411 0
    endloop
  endfacet
  facet normal 0.857731 -0.514099 0
    outer loop
      vertex -4.23322 2.2627 14
      vertex -3.99105 2.66674 0
      vertex -3.99105 2.66674 14
    endloop
  endfacet
  facet normal 0.857731 -0.514099 0
    outer loop
      vertex -3.99105 2.66674 0
      vertex -4.23322 2.2627 14
      vertex -4.23322 2.2627 0
    endloop
  endfacet
  facet normal -0.0490607 0.998796 0
    outer loop
      vertex 0.470482 -4.77689 0
      vertex 0 -4.8 14
      vertex 0.470482 -4.77689 14
    endloop
  endfacet
  facet normal -0.0490607 0.998796 0
    outer loop
      vertex 0 -4.8 14
      vertex 0.470482 -4.77689 0
      vertex 0 -4.8 0
    endloop
  endfacet
  facet normal 0.336889 0.941544 -0
    outer loop
      vertex -1.39337 -4.59331 0
      vertex -1.83688 -4.43462 14
      vertex -1.39337 -4.59331 14
    endloop
  endfacet
  facet normal 0.336889 0.941544 0
    outer loop
      vertex -1.83688 -4.43462 14
      vertex -1.39337 -4.59331 0
      vertex -1.83688 -4.43462 0
    endloop
  endfacet
  facet normal -0.941544 0.336889 0
    outer loop
      vertex 4.43462 -1.83688 0
      vertex 4.59331 -1.39337 14
      vertex 4.59331 -1.39337 0
    endloop
  endfacet
  facet normal -0.941544 0.336889 0
    outer loop
      vertex 4.59331 -1.39337 14
      vertex 4.43462 -1.83688 0
      vertex 4.43462 -1.83688 14
    endloop
  endfacet
  facet normal 0.989176 0.146736 0
    outer loop
      vertex -4.70777 -0.936433 14
      vertex -4.77689 -0.470482 0
      vertex -4.77689 -0.470482 14
    endloop
  endfacet
  facet normal 0.989176 0.146736 0
    outer loop
      vertex -4.77689 -0.470482 0
      vertex -4.70777 -0.936433 14
      vertex -4.70777 -0.936433 0
    endloop
  endfacet
  facet normal 0.97003 -0.242987 0
    outer loop
      vertex -4.70777 0.936433 14
      vertex -4.59331 1.39337 0
      vertex -4.59331 1.39337 14
    endloop
  endfacet
  facet normal 0.97003 -0.242987 0
    outer loop
      vertex -4.59331 1.39337 0
      vertex -4.70777 0.936433 14
      vertex -4.70777 0.936433 0
    endloop
  endfacet
  facet normal 0.0490607 -0.998796 0
    outer loop
      vertex -0.470482 4.77689 0
      vertex 0 4.8 14
      vertex -0.470482 4.77689 14
    endloop
  endfacet
  facet normal 0.0490607 -0.998796 0
    outer loop
      vertex 0 4.8 14
      vertex -0.470482 4.77689 0
      vertex 0 4.8 0
    endloop
  endfacet
  facet normal 0.0490607 0.998796 -0
    outer loop
      vertex 0 -4.8 0
      vertex -0.470482 -4.77689 14
      vertex 0 -4.8 14
    endloop
  endfacet
  facet normal 0.0490607 0.998796 0
    outer loop
      vertex -0.470482 -4.77689 14
      vertex 0 -4.8 0
      vertex -0.470482 -4.77689 0
    endloop
  endfacet
  facet normal 0.514099 0.857731 -0
    outer loop
      vertex -2.2627 -4.23322 0
      vertex -2.66674 -3.99105 14
      vertex -2.2627 -4.23322 14
    endloop
  endfacet
  facet normal 0.514099 0.857731 0
    outer loop
      vertex -2.66674 -3.99105 14
      vertex -2.2627 -4.23322 0
      vertex -2.66674 -3.99105 0
    endloop
  endfacet
  facet normal 0.97003 0.242987 0
    outer loop
      vertex -4.59331 -1.39337 14
      vertex -4.70777 -0.936433 0
      vertex -4.70777 -0.936433 14
    endloop
  endfacet
  facet normal 0.97003 0.242987 0
    outer loop
      vertex -4.70777 -0.936433 0
      vertex -4.59331 -1.39337 14
      vertex -4.59331 -1.39337 0
    endloop
  endfacet
  facet normal 0.671567 0.740944 -0
    outer loop
      vertex -3.04509 -3.71045 0
      vertex -3.39411 -3.39411 14
      vertex -3.04509 -3.71045 14
    endloop
  endfacet
  facet normal 0.671567 0.740944 0
    outer loop
      vertex -3.39411 -3.39411 14
      vertex -3.04509 -3.71045 0
      vertex -3.39411 -3.39411 0
    endloop
  endfacet
  facet normal 0.903988 -0.427559 0
    outer loop
      vertex -4.43462 1.83688 14
      vertex -4.23322 2.2627 0
      vertex -4.23322 2.2627 14
    endloop
  endfacet
  facet normal 0.903988 -0.427559 0
    outer loop
      vertex -4.23322 2.2627 0
      vertex -4.43462 1.83688 14
      vertex -4.43462 1.83688 0
    endloop
  endfacet
  facet normal 0.998796 0.0490607 0
    outer loop
      vertex -4.77689 -0.470482 14
      vertex -4.8 0 0
      vertex -4.8 0 14
    endloop
  endfacet
  facet normal 0.998796 0.0490607 0
    outer loop
      vertex -4.8 0 0
      vertex -4.77689 -0.470482 14
      vertex -4.77689 -0.470482 0
    endloop
  endfacet
  facet normal 0.941544 0.336889 0
    outer loop
      vertex -4.43462 -1.83688 14
      vertex -4.59331 -1.39337 0
      vertex -4.59331 -1.39337 14
    endloop
  endfacet
  facet normal 0.941544 0.336889 0
    outer loop
      vertex -4.59331 -1.39337 0
      vertex -4.43462 -1.83688 14
      vertex -4.43462 -1.83688 0
    endloop
  endfacet
  facet normal 0.427559 0.903988 -0
    outer loop
      vertex -1.83688 -4.43462 0
      vertex -2.2627 -4.23322 14
      vertex -1.83688 -4.43462 14
    endloop
  endfacet
  facet normal 0.427559 0.903988 0
    outer loop
      vertex -2.2627 -4.23322 14
      vertex -1.83688 -4.43462 0
      vertex -2.2627 -4.23322 0
    endloop
  endfacet
  facet normal 0.941544 -0.336889 0
    outer loop
      vertex -4.59331 1.39337 14
      vertex -4.43462 1.83688 0
      vertex -4.43462 1.83688 14
    endloop
  endfacet
  facet normal 0.941544 -0.336889 0
    outer loop
      vertex -4.43462 1.83688 0
      vertex -4.59331 1.39337 14
      vertex -4.59331 1.39337 0
    endloop
  endfacet
  facet normal 0.706681 0.0346849 0.706681
    outer loop
      vertex 28.4055 0.906658 4
      vertex 24.45 0 8
      vertex 28.45 0 4
    endloop
  endfacet
  facet normal 0.302533 -0.639593 0.706679
    outer loop
      vertex 21.6748 -4.63009 8
      vertex 21.2091 -4.85037 8
      vertex 22.7398 -8.54589 4
    endloop
  endfacet
  facet normal 0.524247 -0.475153 0.706679
    outer loop
      vertex 23.2583 -3.33056 8
      vertex 22.9123 -3.71231 8
      vertex 25.7407 -6.54074 4
    endloop
  endfacet
  facet normal -0.238356 0.666176 0.706679
    outer loop
      vertex 16.5149 8.8517 4
      vertex 15.6602 8.54589 4
      vertex 17.676 5.02394 8
    endloop
  endfacet
  facet normal 0.363747 0.606869 0.706681
    outer loop
      vertex 23.5604 8.15777 4
      vertex 22.1167 4.36522 8
      vertex 24.339 7.69109 4
    endloop
  endfacet
  facet normal -0.706681 0.034716 0.706681
    outer loop
      vertex 9.99454 0.906658 4
      vertex 9.95 0 4
      vertex 13.95 0 8
    endloop
  endfacet
  facet normal 0.103823 0.699873 0.706681
    outer loop
      vertex 21.0046 9.07226 4
      vertex 20.1067 9.20546 4
      vertex 20.2242 5.14912 8
    endloop
  endfacet
  facet normal 0.524252 0.475148 0.706678
    outer loop
      vertex 25.7407 6.54074 4
      vertex 23.2583 3.33056 8
      vertex 26.3503 5.86814 4
    endloop
  endfacet
  facet normal -0.238359 0.666175 0.70668
    outer loop
      vertex 17.676 5.02394 8
      vertex 15.6602 8.54589 4
      vertex 17.1909 4.85037 8
    endloop
  endfacet
  facet normal -0.686318 0.171942 0.706685
    outer loop
      vertex 10.3483 2.68513 4
      vertex 10.1277 1.80459 4
      vertex 14.1761 1.52399 8
    endloop
  endfacet
  facet normal 0.706673 0.0347439 0.706687
    outer loop
      vertex 28.4055 0.906658 4
      vertex 24.4247 0.514589 8
      vertex 24.45 0 8
    endloop
  endfacet
  facet normal 0.568279 -0.421502 0.706679
    outer loop
      vertex 26.8911 -5.13902 4
      vertex 23.2583 -3.33056 8
      vertex 26.3503 -5.86814 4
    endloop
  endfacet
  facet normal -0.42148 0.568297 0.706677
    outer loop
      vertex 14.061 7.69109 4
      vertex 13.3319 7.15035 4
      vertex 15.8694 4.0583 8
    endloop
  endfacet
  facet normal -0.302533 0.639593 0.706679
    outer loop
      vertex 17.1909 4.85037 8
      vertex 15.6602 8.54589 4
      vertex 16.7252 4.63009 8
    endloop
  endfacet
  facet normal 0.686318 -0.171942 0.706685
    outer loop
      vertex 28.2723 -1.80459 4
      vertex 24.2239 -1.52399 8
      vertex 28.0517 -2.68513 4
    endloop
  endfacet
  facet normal 0.238359 0.666175 0.70668
    outer loop
      vertex 22.7398 8.54589 4
      vertex 20.724 5.02394 8
      vertex 21.2091 4.85037 8
    endloop
  endfacet
  facet normal -0.475178 0.524222 0.70668
    outer loop
      vertex 15.8694 4.0583 8
      vertex 12.6593 6.54074 4
      vertex 15.4877 3.71231 8
    endloop
  endfacet
  facet normal 0.68632 0.171934 0.706685
    outer loop
      vertex 28.2723 1.80459 4
      vertex 24.2239 1.52399 8
      vertex 24.3491 1.02422 8
    endloop
  endfacet
  facet normal 0.238356 -0.666176 0.706679
    outer loop
      vertex 22.7398 -8.54589 4
      vertex 20.724 -5.02394 8
      vertex 21.8851 -8.8517 4
    endloop
  endfacet
  facet normal -0.699874 0.103789 0.706685
    outer loop
      vertex 10.1277 1.80459 4
      vertex 9.99454 0.906658 4
      vertex 14.0509 1.02422 8
    endloop
  endfacet
  facet normal -0.699872 0.103821 0.706682
    outer loop
      vertex 14.0509 1.02422 8
      vertex 9.99454 0.906658 4
      vertex 13.9753 0.514589 8
    endloop
  endfacet
  facet normal 0.699869 -0.10382 0.706686
    outer loop
      vertex 24.4247 -0.514589 8
      vertex 24.3491 -1.02422 8
      vertex 28.4055 -0.906658 4
    endloop
  endfacet
  facet normal -0.666173 -0.23835 0.706684
    outer loop
      vertex 14.1761 -1.52399 8
      vertex 10.3483 -2.68513 4
      vertex 10.6541 -3.53982 4
    endloop
  endfacet
  facet normal -0.171899 0.686332 0.706682
    outer loop
      vertex 18.1758 5.14912 8
      vertex 17.3954 9.07226 4
      vertex 17.676 5.02394 8
    endloop
  endfacet
  facet normal 0.568301 0.421467 0.706682
    outer loop
      vertex 26.8911 5.13902 4
      vertex 23.2583 3.33056 8
      vertex 23.5652 2.91674 8
    endloop
  endfacet
  facet normal 0.103827 0.699873 0.706681
    outer loop
      vertex 20.1067 9.20546 4
      vertex 19.7146 5.22472 8
      vertex 20.2242 5.14912 8
    endloop
  endfacet
  facet normal 0.0347144 -0.706681 0.706681
    outer loop
      vertex 19.2 -5.25 8
      vertex 19.2 -9.25 4
      vertex 20.1067 -9.20546 4
    endloop
  endfacet
  facet normal -0.666208 -0.238275 0.706677
    outer loop
      vertex 14.1761 -1.52399 8
      vertex 10.6541 -3.53982 4
      vertex 14.3496 -2.00909 8
    endloop
  endfacet
  facet normal 0.666173 0.23835 0.706684
    outer loop
      vertex 27.7459 3.53982 4
      vertex 24.2239 1.52399 8
      vertex 28.0517 2.68513 4
    endloop
  endfacet
  facet normal -0.0347144 -0.706681 0.706681
    outer loop
      vertex 19.2 -5.25 8
      vertex 18.2933 -9.20546 4
      vertex 19.2 -9.25 4
    endloop
  endfacet
  facet normal 0.706681 -0.0346849 0.706681
    outer loop
      vertex 28.45 0 4
      vertex 24.45 0 8
      vertex 28.4055 -0.906658 4
    endloop
  endfacet
  facet normal -0.421432 -0.568327 0.706682
    outer loop
      vertex 15.8694 -4.0583 8
      vertex 14.061 -7.69109 4
      vertex 16.2833 -4.36522 8
    endloop
  endfacet
  facet normal 0.606853 0.363774 0.706681
    outer loop
      vertex 27.3578 4.36042 4
      vertex 23.5652 2.91674 8
      vertex 23.8301 2.47483 8
    endloop
  endfacet
  facet normal 0.706673 -0.0347439 0.706687
    outer loop
      vertex 24.45 0 8
      vertex 24.4247 -0.514589 8
      vertex 28.4055 -0.906658 4
    endloop
  endfacet
  facet normal 0.568301 -0.421467 0.706682
    outer loop
      vertex 23.5652 -2.91674 8
      vertex 23.2583 -3.33056 8
      vertex 26.8911 -5.13902 4
    endloop
  endfacet
  facet normal -0.686318 -0.171942 0.706685
    outer loop
      vertex 14.1761 -1.52399 8
      vertex 10.1277 -1.80459 4
      vertex 10.3483 -2.68513 4
    endloop
  endfacet
  facet normal 0.475178 0.524222 0.70668
    outer loop
      vertex 25.7407 6.54074 4
      vertex 22.5306 4.0583 8
      vertex 22.9123 3.71231 8
    endloop
  endfacet
  facet normal -0.639606 -0.302499 0.706682
    outer loop
      vertex 14.5699 -2.47483 8
      vertex 10.6541 -3.53982 4
      vertex 11.0422 -4.36042 4
    endloop
  endfacet
  facet normal -0.0347161 0.70668 0.706681
    outer loop
      vertex 19.2 5.25 8
      vertex 18.2933 9.20546 4
      vertex 18.6854 5.22472 8
    endloop
  endfacet
  facet normal 0.666208 0.238275 0.706677
    outer loop
      vertex 27.7459 3.53982 4
      vertex 24.0504 2.00909 8
      vertex 24.2239 1.52399 8
    endloop
  endfacet
  facet normal 0.666173 -0.23835 0.706684
    outer loop
      vertex 28.0517 -2.68513 4
      vertex 24.2239 -1.52399 8
      vertex 27.7459 -3.53982 4
    endloop
  endfacet
  facet normal -0.103823 0.699873 0.706681
    outer loop
      vertex 18.2933 9.20546 4
      vertex 17.3954 9.07226 4
      vertex 18.1758 5.14912 8
    endloop
  endfacet
  facet normal 0.42148 -0.568297 0.706677
    outer loop
      vertex 25.0681 -7.15035 4
      vertex 22.5306 -4.0583 8
      vertex 24.339 -7.69109 4
    endloop
  endfacet
  facet normal 0.699869 0.103819 0.706686
    outer loop
      vertex 28.2723 1.80459 4
      vertex 24.3491 1.02422 8
      vertex 28.4055 0.906658 4
    endloop
  endfacet
  facet normal 0.68632 -0.171934 0.706685
    outer loop
      vertex 24.3491 -1.02422 8
      vertex 24.2239 -1.52399 8
      vertex 28.2723 -1.80459 4
    endloop
  endfacet
  facet normal -0.363747 0.606869 0.706681
    outer loop
      vertex 14.8396 8.15777 4
      vertex 14.061 7.69109 4
      vertex 16.2833 4.36522 8
    endloop
  endfacet
  facet normal 0.568279 0.421502 0.706679
    outer loop
      vertex 26.3503 5.86814 4
      vertex 23.2583 3.33056 8
      vertex 26.8911 5.13902 4
    endloop
  endfacet
  facet normal 0.36375 0.606868 0.706681
    outer loop
      vertex 23.5604 8.15777 4
      vertex 21.6748 4.63009 8
      vertex 22.1167 4.36522 8
    endloop
  endfacet
  facet normal 0.475153 0.52425 0.706677
    outer loop
      vertex 25.0681 7.15035 4
      vertex 22.5306 4.0583 8
      vertex 25.7407 6.54074 4
    endloop
  endfacet
  facet normal -0.568279 -0.421502 0.706679
    outer loop
      vertex 15.1417 -3.33056 8
      vertex 11.5089 -5.13902 4
      vertex 12.0497 -5.86814 4
    endloop
  endfacet
  facet normal 0.606861 0.363758 0.706683
    outer loop
      vertex 26.8911 5.13902 4
      vertex 23.5652 2.91674 8
      vertex 27.3578 4.36042 4
    endloop
  endfacet
  facet normal 0.0347161 0.70668 0.706681
    outer loop
      vertex 20.1067 9.20546 4
      vertex 19.2 5.25 8
      vertex 19.7146 5.22472 8
    endloop
  endfacet
  facet normal -0.68632 0.171934 0.706685
    outer loop
      vertex 14.1761 1.52399 8
      vertex 10.1277 1.80459 4
      vertex 14.0509 1.02422 8
    endloop
  endfacet
  facet normal -0.171921 0.686329 0.70668
    outer loop
      vertex 17.3954 9.07226 4
      vertex 16.5149 8.8517 4
      vertex 17.676 5.02394 8
    endloop
  endfacet
  facet normal 0.699869 -0.103819 0.706686
    outer loop
      vertex 28.4055 -0.906658 4
      vertex 24.3491 -1.02422 8
      vertex 28.2723 -1.80459 4
    endloop
  endfacet
  facet normal -0.706681 -0.034716 0.706681
    outer loop
      vertex 13.95 0 8
      vertex 9.95 0 4
      vertex 9.99454 -0.906658 4
    endloop
  endfacet
  facet normal -0.666173 0.23835 0.706684
    outer loop
      vertex 10.6541 3.53982 4
      vertex 10.3483 2.68513 4
      vertex 14.1761 1.52399 8
    endloop
  endfacet
  facet normal -0.302512 -0.6396 0.706681
    outer loop
      vertex 16.7252 -4.63009 8
      vertex 14.8396 -8.15777 4
      vertex 15.6602 -8.54589 4
    endloop
  endfacet
  facet normal 0.0347144 0.706681 0.706681
    outer loop
      vertex 19.2 9.25 4
      vertex 19.2 5.25 8
      vertex 20.1067 9.20546 4
    endloop
  endfacet
  facet normal -0.706677 0.0347441 0.706683
    outer loop
      vertex 13.9753 0.514589 8
      vertex 9.99454 0.906658 4
      vertex 13.95 0 8
    endloop
  endfacet
  facet normal 0.524247 0.475153 0.706679
    outer loop
      vertex 25.7407 6.54074 4
      vertex 22.9123 3.71231 8
      vertex 23.2583 3.33056 8
    endloop
  endfacet
  facet normal 0.686318 0.171942 0.706685
    outer loop
      vertex 28.0517 2.68513 4
      vertex 24.2239 1.52399 8
      vertex 28.2723 1.80459 4
    endloop
  endfacet
  facet normal 0.103827 -0.699873 0.706681
    outer loop
      vertex 20.2242 -5.14912 8
      vertex 19.7146 -5.22472 8
      vertex 20.1067 -9.20546 4
    endloop
  endfacet
  facet normal 0.639606 0.302499 0.706682
    outer loop
      vertex 27.3578 4.36042 4
      vertex 23.8301 2.47483 8
      vertex 27.7459 3.53982 4
    endloop
  endfacet
  facet normal -0.475153 0.52425 0.706677
    outer loop
      vertex 13.3319 7.15035 4
      vertex 12.6593 6.54074 4
      vertex 15.8694 4.0583 8
    endloop
  endfacet
  facet normal 0.606861 -0.363758 0.706683
    outer loop
      vertex 27.3578 -4.36042 4
      vertex 23.5652 -2.91674 8
      vertex 26.8911 -5.13902 4
    endloop
  endfacet
  facet normal -0.568279 0.421502 0.706679
    outer loop
      vertex 12.0497 5.86814 4
      vertex 11.5089 5.13902 4
      vertex 15.1417 3.33056 8
    endloop
  endfacet
  facet normal -0.524247 0.475153 0.706679
    outer loop
      vertex 15.4877 3.71231 8
      vertex 12.6593 6.54074 4
      vertex 15.1417 3.33056 8
    endloop
  endfacet
  facet normal -0.363747 -0.606869 0.706681
    outer loop
      vertex 16.2833 -4.36522 8
      vertex 14.061 -7.69109 4
      vertex 14.8396 -8.15777 4
    endloop
  endfacet
  facet normal 0.639606 -0.302499 0.706682
    outer loop
      vertex 27.7459 -3.53982 4
      vertex 23.8301 -2.47483 8
      vertex 27.3578 -4.36042 4
    endloop
  endfacet
  facet normal 0.606853 -0.363774 0.706681
    outer loop
      vertex 23.8301 -2.47483 8
      vertex 23.5652 -2.91674 8
      vertex 27.3578 -4.36042 4
    endloop
  endfacet
  facet normal 0.524252 -0.475148 0.706678
    outer loop
      vertex 26.3503 -5.86814 4
      vertex 23.2583 -3.33056 8
      vertex 25.7407 -6.54074 4
    endloop
  endfacet
  facet normal 0.302512 -0.6396 0.706681
    outer loop
      vertex 23.5604 -8.15777 4
      vertex 21.6748 -4.63009 8
      vertex 22.7398 -8.54589 4
    endloop
  endfacet
  facet normal 0.421432 -0.568327 0.706682
    outer loop
      vertex 22.5306 -4.0583 8
      vertex 22.1167 -4.36522 8
      vertex 24.339 -7.69109 4
    endloop
  endfacet
  facet normal -0.568301 -0.421467 0.706682
    outer loop
      vertex 14.8348 -2.91674 8
      vertex 11.5089 -5.13902 4
      vertex 15.1417 -3.33056 8
    endloop
  endfacet
  facet normal -0.706677 -0.0347441 0.706683
    outer loop
      vertex 13.95 0 8
      vertex 9.99454 -0.906658 4
      vertex 13.9753 -0.514589 8
    endloop
  endfacet
  facet normal -0.639593 -0.302534 0.706678
    outer loop
      vertex 14.3496 -2.00909 8
      vertex 10.6541 -3.53982 4
      vertex 14.5699 -2.47483 8
    endloop
  endfacet
  facet normal 0.42148 0.568297 0.706677
    outer loop
      vertex 24.339 7.69109 4
      vertex 22.5306 4.0583 8
      vertex 25.0681 7.15035 4
    endloop
  endfacet
  facet normal -0.568301 0.421467 0.706682
    outer loop
      vertex 15.1417 3.33056 8
      vertex 11.5089 5.13902 4
      vertex 14.8348 2.91674 8
    endloop
  endfacet
  facet normal -0.524252 0.475148 0.706678
    outer loop
      vertex 12.6593 6.54074 4
      vertex 12.0497 5.86814 4
      vertex 15.1417 3.33056 8
    endloop
  endfacet
  facet normal 0.238356 0.666176 0.706679
    outer loop
      vertex 21.8851 8.8517 4
      vertex 20.724 5.02394 8
      vertex 22.7398 8.54589 4
    endloop
  endfacet
  facet normal 0.171921 0.686329 0.70668
    outer loop
      vertex 21.0046 9.07226 4
      vertex 20.724 5.02394 8
      vertex 21.8851 8.8517 4
    endloop
  endfacet
  facet normal 0.421432 0.568327 0.706682
    outer loop
      vertex 24.339 7.69109 4
      vertex 22.1167 4.36522 8
      vertex 22.5306 4.0583 8
    endloop
  endfacet
  facet normal 0.363747 -0.606869 0.706681
    outer loop
      vertex 24.339 -7.69109 4
      vertex 22.1167 -4.36522 8
      vertex 23.5604 -8.15777 4
    endloop
  endfacet
  facet normal -0.103827 0.699873 0.706681
    outer loop
      vertex 18.2933 9.20546 4
      vertex 18.1758 5.14912 8
      vertex 18.6854 5.22472 8
    endloop
  endfacet
  facet normal -0.68632 -0.171934 0.706685
    outer loop
      vertex 14.0509 -1.02422 8
      vertex 10.1277 -1.80459 4
      vertex 14.1761 -1.52399 8
    endloop
  endfacet
  facet normal -0.606861 0.363758 0.706683
    outer loop
      vertex 11.5089 5.13902 4
      vertex 11.0422 4.36042 4
      vertex 14.8348 2.91674 8
    endloop
  endfacet
  facet normal -0.666208 0.238275 0.706677
    outer loop
      vertex 14.3496 2.00909 8
      vertex 10.6541 3.53982 4
      vertex 14.1761 1.52399 8
    endloop
  endfacet
  facet normal 0.699869 0.10382 0.706686
    outer loop
      vertex 28.4055 0.906658 4
      vertex 24.3491 1.02422 8
      vertex 24.4247 0.514589 8
    endloop
  endfacet
  facet normal 0.36375 -0.606868 0.706681
    outer loop
      vertex 22.1167 -4.36522 8
      vertex 21.6748 -4.63009 8
      vertex 23.5604 -8.15777 4
    endloop
  endfacet
  facet normal 0.666208 -0.238275 0.706677
    outer loop
      vertex 24.2239 -1.52399 8
      vertex 24.0504 -2.00909 8
      vertex 27.7459 -3.53982 4
    endloop
  endfacet
  facet normal 0.639593 -0.302534 0.706678
    outer loop
      vertex 24.0504 -2.00909 8
      vertex 23.8301 -2.47483 8
      vertex 27.7459 -3.53982 4
    endloop
  endfacet
  facet normal -0.699872 -0.103821 0.706682
    outer loop
      vertex 13.9753 -0.514589 8
      vertex 9.99454 -0.906658 4
      vertex 14.0509 -1.02422 8
    endloop
  endfacet
  facet normal -0.421432 0.568327 0.706682
    outer loop
      vertex 16.2833 4.36522 8
      vertex 14.061 7.69109 4
      vertex 15.8694 4.0583 8
    endloop
  endfacet
  facet normal -0.639593 0.302534 0.706678
    outer loop
      vertex 14.5699 2.47483 8
      vertex 10.6541 3.53982 4
      vertex 14.3496 2.00909 8
    endloop
  endfacet
  facet normal -0.606853 0.363774 0.706681
    outer loop
      vertex 14.8348 2.91674 8
      vertex 11.0422 4.36042 4
      vertex 14.5699 2.47483 8
    endloop
  endfacet
  facet normal 0.0347161 -0.70668 0.706681
    outer loop
      vertex 19.7146 -5.22472 8
      vertex 19.2 -5.25 8
      vertex 20.1067 -9.20546 4
    endloop
  endfacet
  facet normal 0.171921 -0.686329 0.70668
    outer loop
      vertex 21.8851 -8.8517 4
      vertex 20.724 -5.02394 8
      vertex 21.0046 -9.07226 4
    endloop
  endfacet
  facet normal 0.639593 0.302534 0.706678
    outer loop
      vertex 27.7459 3.53982 4
      vertex 23.8301 2.47483 8
      vertex 24.0504 2.00909 8
    endloop
  endfacet
  facet normal 0.302512 0.6396 0.706681
    outer loop
      vertex 22.7398 8.54589 4
      vertex 21.6748 4.63009 8
      vertex 23.5604 8.15777 4
    endloop
  endfacet
  facet normal -0.42148 -0.568297 0.706677
    outer loop
      vertex 15.8694 -4.0583 8
      vertex 13.3319 -7.15035 4
      vertex 14.061 -7.69109 4
    endloop
  endfacet
  facet normal 0.475178 -0.524222 0.70668
    outer loop
      vertex 22.9123 -3.71231 8
      vertex 22.5306 -4.0583 8
      vertex 25.7407 -6.54074 4
    endloop
  endfacet
  facet normal -0.639606 0.302499 0.706682
    outer loop
      vertex 11.0422 4.36042 4
      vertex 10.6541 3.53982 4
      vertex 14.5699 2.47483 8
    endloop
  endfacet
  facet normal 0.475153 -0.52425 0.706677
    outer loop
      vertex 25.7407 -6.54074 4
      vertex 22.5306 -4.0583 8
      vertex 25.0681 -7.15035 4
    endloop
  endfacet
  facet normal 0.302533 0.639593 0.706679
    outer loop
      vertex 22.7398 8.54589 4
      vertex 21.2091 4.85037 8
      vertex 21.6748 4.63009 8
    endloop
  endfacet
  facet normal -0.699874 -0.103789 0.706685
    outer loop
      vertex 14.0509 -1.02422 8
      vertex 9.99454 -0.906658 4
      vertex 10.1277 -1.80459 4
    endloop
  endfacet
  facet normal -0.171921 -0.686329 0.70668
    outer loop
      vertex 17.676 -5.02394 8
      vertex 16.5149 -8.8517 4
      vertex 17.3954 -9.07226 4
    endloop
  endfacet
  facet normal -0.0347144 0.706681 0.706681
    outer loop
      vertex 19.2 9.25 4
      vertex 18.2933 9.20546 4
      vertex 19.2 5.25 8
    endloop
  endfacet
  facet normal -0.103823 -0.699873 0.706681
    outer loop
      vertex 18.1758 -5.14912 8
      vertex 17.3954 -9.07226 4
      vertex 18.2933 -9.20546 4
    endloop
  endfacet
  facet normal 0.238359 -0.666175 0.70668
    outer loop
      vertex 21.2091 -4.85037 8
      vertex 20.724 -5.02394 8
      vertex 22.7398 -8.54589 4
    endloop
  endfacet
  facet normal -0.524252 -0.475148 0.706678
    outer loop
      vertex 15.1417 -3.33056 8
      vertex 12.0497 -5.86814 4
      vertex 12.6593 -6.54074 4
    endloop
  endfacet
  facet normal 0.171899 0.686332 0.706682
    outer loop
      vertex 21.0046 9.07226 4
      vertex 20.2242 5.14912 8
      vertex 20.724 5.02394 8
    endloop
  endfacet
  facet normal -0.302512 0.6396 0.706681
    outer loop
      vertex 15.6602 8.54589 4
      vertex 14.8396 8.15777 4
      vertex 16.7252 4.63009 8
    endloop
  endfacet
  facet normal -0.606861 -0.363758 0.706683
    outer loop
      vertex 14.8348 -2.91674 8
      vertex 11.0422 -4.36042 4
      vertex 11.5089 -5.13902 4
    endloop
  endfacet
  facet normal -0.524247 -0.475153 0.706679
    outer loop
      vertex 15.1417 -3.33056 8
      vertex 12.6593 -6.54074 4
      vertex 15.4877 -3.71231 8
    endloop
  endfacet
  facet normal 0.103823 -0.699873 0.706681
    outer loop
      vertex 20.2242 -5.14912 8
      vertex 20.1067 -9.20546 4
      vertex 21.0046 -9.07226 4
    endloop
  endfacet
  facet normal -0.475178 -0.524222 0.70668
    outer loop
      vertex 15.4877 -3.71231 8
      vertex 12.6593 -6.54074 4
      vertex 15.8694 -4.0583 8
    endloop
  endfacet
  facet normal -0.475153 -0.52425 0.706677
    outer loop
      vertex 15.8694 -4.0583 8
      vertex 12.6593 -6.54074 4
      vertex 13.3319 -7.15035 4
    endloop
  endfacet
  facet normal -0.0347161 -0.70668 0.706681
    outer loop
      vertex 18.6854 -5.22472 8
      vertex 18.2933 -9.20546 4
      vertex 19.2 -5.25 8
    endloop
  endfacet
  facet normal -0.238356 -0.666176 0.706679
    outer loop
      vertex 17.676 -5.02394 8
      vertex 15.6602 -8.54589 4
      vertex 16.5149 -8.8517 4
    endloop
  endfacet
  facet normal -0.171899 -0.686332 0.706682
    outer loop
      vertex 17.676 -5.02394 8
      vertex 17.3954 -9.07226 4
      vertex 18.1758 -5.14912 8
    endloop
  endfacet
  facet normal -0.302533 -0.639593 0.706679
    outer loop
      vertex 16.7252 -4.63009 8
      vertex 15.6602 -8.54589 4
      vertex 17.1909 -4.85037 8
    endloop
  endfacet
  facet normal -0.36375 0.606868 0.706681
    outer loop
      vertex 16.7252 4.63009 8
      vertex 14.8396 8.15777 4
      vertex 16.2833 4.36522 8
    endloop
  endfacet
  facet normal 0.171899 -0.686332 0.706682
    outer loop
      vertex 20.724 -5.02394 8
      vertex 20.2242 -5.14912 8
      vertex 21.0046 -9.07226 4
    endloop
  endfacet
  facet normal -0.103827 -0.699873 0.706681
    outer loop
      vertex 18.6854 -5.22472 8
      vertex 18.1758 -5.14912 8
      vertex 18.2933 -9.20546 4
    endloop
  endfacet
  facet normal -0.36375 -0.606868 0.706681
    outer loop
      vertex 16.2833 -4.36522 8
      vertex 14.8396 -8.15777 4
      vertex 16.7252 -4.63009 8
    endloop
  endfacet
  facet normal -0.606853 -0.363774 0.706681
    outer loop
      vertex 14.5699 -2.47483 8
      vertex 11.0422 -4.36042 4
      vertex 14.8348 -2.91674 8
    endloop
  endfacet
  facet normal -0.238359 -0.666175 0.70668
    outer loop
      vertex 17.1909 -4.85037 8
      vertex 15.6602 -8.54589 4
      vertex 17.676 -5.02394 8
    endloop
  endfacet
  facet normal 0 0 1
    outer loop
      vertex 22.4 0 8
      vertex 24.45 0 8
      vertex 24.4247 0.514589 8
    endloop
  endfacet
  facet normal 0 0 1
    outer loop
      vertex 22.3846 0.313654 8
      vertex 24.4247 0.514589 8
      vertex 24.3491 1.02422 8
    endloop
  endfacet
  facet normal 0 0 1
    outer loop
      vertex 24.45 0 8
      vertex 22.4 0 8
      vertex 24.4247 -0.514589 8
    endloop
  endfacet
  facet normal 0 0 1
    outer loop
      vertex 22.3385 0.624289 8
      vertex 24.3491 1.02422 8
      vertex 24.2239 1.52399 8
    endloop
  endfacet
  facet normal -0 0 1
    outer loop
      vertex 22.3846 -0.313654 8
      vertex 24.4247 -0.514589 8
      vertex 22.4 0 8
    endloop
  endfacet
  facet normal 0 0 1
    outer loop
      vertex 22.2622 0.92891 8
      vertex 24.2239 1.52399 8
      vertex 24.0504 2.00909 8
    endloop
  endfacet
  facet normal 0 0 1
    outer loop
      vertex 24.4247 -0.514589 8
      vertex 22.3846 -0.313654 8
      vertex 24.3491 -1.02422 8
    endloop
  endfacet
  facet normal 0 0 1
    outer loop
      vertex 22.1564 1.22459 8
      vertex 24.0504 2.00909 8
      vertex 23.8301 2.47483 8
    endloop
  endfacet
  facet normal -0 0 1
    outer loop
      vertex 22.3385 -0.624289 8
      vertex 24.3491 -1.02422 8
      vertex 22.3846 -0.313654 8
    endloop
  endfacet
  facet normal 0 0 1
    outer loop
      vertex 22.0221 1.50847 8
      vertex 23.8301 2.47483 8
      vertex 23.5652 2.91674 8
    endloop
  endfacet
  facet normal 0 0 1
    outer loop
      vertex 24.3491 -1.02422 8
      vertex 22.3385 -0.624289 8
      vertex 24.2239 -1.52399 8
    endloop
  endfacet
  facet normal 0 0 1
    outer loop
      vertex 21.8607 1.77782 8
      vertex 23.5652 2.91674 8
      vertex 23.2583 3.33056 8
    endloop
  endfacet
  facet normal -0 0 1
    outer loop
      vertex 22.2622 -0.92891 8
      vertex 24.2239 -1.52399 8
      vertex 22.3385 -0.624289 8
    endloop
  endfacet
  facet normal 0 0 1
    outer loop
      vertex 21.6736 2.03006 8
      vertex 23.2583 3.33056 8
      vertex 22.9123 3.71231 8
    endloop
  endfacet
  facet normal 0 0 1
    outer loop
      vertex 24.2239 -1.52399 8
      vertex 22.2622 -0.92891 8
      vertex 24.0504 -2.00909 8
    endloop
  endfacet
  facet normal 0 0 1
    outer loop
      vertex 21.4627 2.26274 8
      vertex 22.9123 3.71231 8
      vertex 22.5306 4.0583 8
    endloop
  endfacet
  facet normal -0 0 1
    outer loop
      vertex 22.1564 -1.22459 8
      vertex 24.0504 -2.00909 8
      vertex 22.2622 -0.92891 8
    endloop
  endfacet
  facet normal 0 0 1
    outer loop
      vertex 24.0504 -2.00909 8
      vertex 22.1564 -1.22459 8
      vertex 23.8301 -2.47483 8
    endloop
  endfacet
  facet normal 0 0 1
    outer loop
      vertex 24.4247 0.514589 8
      vertex 22.3846 0.313654 8
      vertex 22.4 0 8
    endloop
  endfacet
  facet normal 0 0 1
    outer loop
      vertex 24.3491 1.02422 8
      vertex 22.3385 0.624289 8
      vertex 22.3846 0.313654 8
    endloop
  endfacet
  facet normal 0 0 1
    outer loop
      vertex 24.2239 1.52399 8
      vertex 22.2622 0.92891 8
      vertex 22.3385 0.624289 8
    endloop
  endfacet
  facet normal 0 0 1
    outer loop
      vertex 24.0504 2.00909 8
      vertex 22.1564 1.22459 8
      vertex 22.2622 0.92891 8
    endloop
  endfacet
  facet normal 0 0 1
    outer loop
      vertex 21.2301 2.47363 8
      vertex 22.5306 4.0583 8
      vertex 22.1167 4.36522 8
    endloop
  endfacet
  facet normal 0 0 1
    outer loop
      vertex 23.8301 2.47483 8
      vertex 22.0221 1.50847 8
      vertex 22.1564 1.22459 8
    endloop
  endfacet
  facet normal 0 0 1
    outer loop
      vertex 23.5652 2.91674 8
      vertex 21.8607 1.77782 8
      vertex 22.0221 1.50847 8
    endloop
  endfacet
  facet normal 0 0 1
    outer loop
      vertex 20.9778 2.6607 8
      vertex 22.1167 4.36522 8
      vertex 21.6748 4.63009 8
    endloop
  endfacet
  facet normal 0 0 1
    outer loop
      vertex 23.2583 3.33056 8
      vertex 21.6736 2.03006 8
      vertex 21.8607 1.77782 8
    endloop
  endfacet
  facet normal 0 0 1
    outer loop
      vertex 22.9123 3.71231 8
      vertex 21.4627 2.26274 8
      vertex 21.6736 2.03006 8
    endloop
  endfacet
  facet normal 0 0 1
    outer loop
      vertex 22.5306 4.0583 8
      vertex 21.2301 2.47363 8
      vertex 21.4627 2.26274 8
    endloop
  endfacet
  facet normal 0 0 1
    outer loop
      vertex 20.7085 2.82215 8
      vertex 21.6748 4.63009 8
      vertex 21.2091 4.85037 8
    endloop
  endfacet
  facet normal 0 0 1
    outer loop
      vertex 22.1167 4.36522 8
      vertex 20.9778 2.6607 8
      vertex 21.2301 2.47363 8
    endloop
  endfacet
  facet normal 0 0 1
    outer loop
      vertex 20.4246 2.95641 8
      vertex 21.2091 4.85037 8
      vertex 20.724 5.02394 8
    endloop
  endfacet
  facet normal 0 0 1
    outer loop
      vertex 21.6748 4.63009 8
      vertex 20.7085 2.82215 8
      vertex 20.9778 2.6607 8
    endloop
  endfacet
  facet normal 0 0 1
    outer loop
      vertex 21.2091 4.85037 8
      vertex 20.4246 2.95641 8
      vertex 20.7085 2.82215 8
    endloop
  endfacet
  facet normal 0 0 1
    outer loop
      vertex 20.1289 3.06221 8
      vertex 20.724 5.02394 8
      vertex 20.2242 5.14912 8
    endloop
  endfacet
  facet normal 0 0 1
    outer loop
      vertex 20.724 5.02394 8
      vertex 20.1289 3.06221 8
      vertex 20.4246 2.95641 8
    endloop
  endfacet
  facet normal 0 0 1
    outer loop
      vertex 20.2242 5.14912 8
      vertex 19.8243 3.13851 8
      vertex 20.1289 3.06221 8
    endloop
  endfacet
  facet normal 0 0 1
    outer loop
      vertex 19.7146 5.22472 8
      vertex 19.8243 3.13851 8
      vertex 20.2242 5.14912 8
    endloop
  endfacet
  facet normal 0 0 1
    outer loop
      vertex 19.7146 5.22472 8
      vertex 19.5137 3.18459 8
      vertex 19.8243 3.13851 8
    endloop
  endfacet
  facet normal 0 0 1
    outer loop
      vertex 19.2 5.25 8
      vertex 19.5137 3.18459 8
      vertex 19.7146 5.22472 8
    endloop
  endfacet
  facet normal 0 0 1
    outer loop
      vertex 19.2 5.25 8
      vertex 19.2 3.2 8
      vertex 19.5137 3.18459 8
    endloop
  endfacet
  facet normal 0 0 1
    outer loop
      vertex 19.2 5.25 8
      vertex 18.8863 3.18459 8
      vertex 19.2 3.2 8
    endloop
  endfacet
  facet normal -0 0 1
    outer loop
      vertex 18.6854 5.22472 8
      vertex 18.8863 3.18459 8
      vertex 19.2 5.25 8
    endloop
  endfacet
  facet normal 0 0 1
    outer loop
      vertex 18.6854 5.22472 8
      vertex 18.5757 3.13851 8
      vertex 18.8863 3.18459 8
    endloop
  endfacet
  facet normal -0 0 1
    outer loop
      vertex 18.1758 5.14912 8
      vertex 18.5757 3.13851 8
      vertex 18.6854 5.22472 8
    endloop
  endfacet
  facet normal 0 0 1
    outer loop
      vertex 18.5757 3.13851 8
      vertex 18.1758 5.14912 8
      vertex 18.2711 3.06221 8
    endloop
  endfacet
  facet normal -0 0 1
    outer loop
      vertex 17.676 5.02394 8
      vertex 18.2711 3.06221 8
      vertex 18.1758 5.14912 8
    endloop
  endfacet
  facet normal 0 0 1
    outer loop
      vertex 18.2711 3.06221 8
      vertex 17.676 5.02394 8
      vertex 17.9754 2.95641 8
    endloop
  endfacet
  facet normal -0 0 1
    outer loop
      vertex 17.1909 4.85037 8
      vertex 17.9754 2.95641 8
      vertex 17.676 5.02394 8
    endloop
  endfacet
  facet normal 0 0 1
    outer loop
      vertex 17.9754 2.95641 8
      vertex 17.1909 4.85037 8
      vertex 17.6915 2.82215 8
    endloop
  endfacet
  facet normal -0 0 1
    outer loop
      vertex 16.7252 4.63009 8
      vertex 17.6915 2.82215 8
      vertex 17.1909 4.85037 8
    endloop
  endfacet
  facet normal 0 0 1
    outer loop
      vertex 17.6915 2.82215 8
      vertex 16.7252 4.63009 8
      vertex 17.4222 2.6607 8
    endloop
  endfacet
  facet normal -0 0 1
    outer loop
      vertex 16.2833 4.36522 8
      vertex 17.4222 2.6607 8
      vertex 16.7252 4.63009 8
    endloop
  endfacet
  facet normal 0 0 1
    outer loop
      vertex 17.4222 2.6607 8
      vertex 16.2833 4.36522 8
      vertex 17.1699 2.47363 8
    endloop
  endfacet
  facet normal -0 0 1
    outer loop
      vertex 15.8694 4.0583 8
      vertex 17.1699 2.47363 8
      vertex 16.2833 4.36522 8
    endloop
  endfacet
  facet normal 0 0 1
    outer loop
      vertex 17.1699 2.47363 8
      vertex 15.8694 4.0583 8
      vertex 16.9373 2.26274 8
    endloop
  endfacet
  facet normal -0 0 1
    outer loop
      vertex 15.4877 3.71231 8
      vertex 16.9373 2.26274 8
      vertex 15.8694 4.0583 8
    endloop
  endfacet
  facet normal 0 0 1
    outer loop
      vertex 16.9373 2.26274 8
      vertex 15.4877 3.71231 8
      vertex 16.7264 2.03006 8
    endloop
  endfacet
  facet normal -0 0 1
    outer loop
      vertex 15.1417 3.33056 8
      vertex 16.7264 2.03006 8
      vertex 15.4877 3.71231 8
    endloop
  endfacet
  facet normal 0 0 1
    outer loop
      vertex 16.7264 2.03006 8
      vertex 15.1417 3.33056 8
      vertex 16.5393 1.77782 8
    endloop
  endfacet
  facet normal -0 0 1
    outer loop
      vertex 14.8348 2.91674 8
      vertex 16.5393 1.77782 8
      vertex 15.1417 3.33056 8
    endloop
  endfacet
  facet normal 0 0 1
    outer loop
      vertex 16.5393 1.77782 8
      vertex 14.8348 2.91674 8
      vertex 16.3779 1.50847 8
    endloop
  endfacet
  facet normal 0 0 1
    outer loop
      vertex 16.3779 1.50847 8
      vertex 14.5699 2.47483 8
      vertex 16.2436 1.22459 8
    endloop
  endfacet
  facet normal -0 0 1
    outer loop
      vertex 14.5699 2.47483 8
      vertex 16.3779 1.50847 8
      vertex 14.8348 2.91674 8
    endloop
  endfacet
  facet normal -0 0 1
    outer loop
      vertex 22.0221 -1.50847 8
      vertex 23.8301 -2.47483 8
      vertex 22.1564 -1.22459 8
    endloop
  endfacet
  facet normal 0 0 1
    outer loop
      vertex 23.8301 -2.47483 8
      vertex 22.0221 -1.50847 8
      vertex 23.5652 -2.91674 8
    endloop
  endfacet
  facet normal -0 0 1
    outer loop
      vertex 21.8607 -1.77782 8
      vertex 23.5652 -2.91674 8
      vertex 22.0221 -1.50847 8
    endloop
  endfacet
  facet normal 0 0 1
    outer loop
      vertex 23.5652 -2.91674 8
      vertex 21.8607 -1.77782 8
      vertex 23.2583 -3.33056 8
    endloop
  endfacet
  facet normal -0 0 1
    outer loop
      vertex 21.6736 -2.03006 8
      vertex 23.2583 -3.33056 8
      vertex 21.8607 -1.77782 8
    endloop
  endfacet
  facet normal 0 0 1
    outer loop
      vertex 23.2583 -3.33056 8
      vertex 21.6736 -2.03006 8
      vertex 22.9123 -3.71231 8
    endloop
  endfacet
  facet normal -0 0 1
    outer loop
      vertex 21.4627 -2.26274 8
      vertex 22.9123 -3.71231 8
      vertex 21.6736 -2.03006 8
    endloop
  endfacet
  facet normal 0 0 1
    outer loop
      vertex 22.9123 -3.71231 8
      vertex 21.4627 -2.26274 8
      vertex 22.5306 -4.0583 8
    endloop
  endfacet
  facet normal -0 0 1
    outer loop
      vertex 21.2301 -2.47363 8
      vertex 22.5306 -4.0583 8
      vertex 21.4627 -2.26274 8
    endloop
  endfacet
  facet normal 0 0 1
    outer loop
      vertex 22.5306 -4.0583 8
      vertex 21.2301 -2.47363 8
      vertex 22.1167 -4.36522 8
    endloop
  endfacet
  facet normal -0 0 1
    outer loop
      vertex 20.9778 -2.6607 8
      vertex 22.1167 -4.36522 8
      vertex 21.2301 -2.47363 8
    endloop
  endfacet
  facet normal 0 0 1
    outer loop
      vertex 22.1167 -4.36522 8
      vertex 20.9778 -2.6607 8
      vertex 21.6748 -4.63009 8
    endloop
  endfacet
  facet normal -0 0 1
    outer loop
      vertex 20.7085 -2.82215 8
      vertex 21.6748 -4.63009 8
      vertex 20.9778 -2.6607 8
    endloop
  endfacet
  facet normal 0 0 1
    outer loop
      vertex 21.6748 -4.63009 8
      vertex 20.7085 -2.82215 8
      vertex 21.2091 -4.85037 8
    endloop
  endfacet
  facet normal -0 0 1
    outer loop
      vertex 20.4246 -2.95641 8
      vertex 21.2091 -4.85037 8
      vertex 20.7085 -2.82215 8
    endloop
  endfacet
  facet normal 0 0 1
    outer loop
      vertex 21.2091 -4.85037 8
      vertex 20.4246 -2.95641 8
      vertex 20.724 -5.02394 8
    endloop
  endfacet
  facet normal -0 0 1
    outer loop
      vertex 20.1289 -3.06221 8
      vertex 20.724 -5.02394 8
      vertex 20.4246 -2.95641 8
    endloop
  endfacet
  facet normal 0 0 1
    outer loop
      vertex 20.724 -5.02394 8
      vertex 20.1289 -3.06221 8
      vertex 20.2242 -5.14912 8
    endloop
  endfacet
  facet normal -0 0 1
    outer loop
      vertex 19.8243 -3.13851 8
      vertex 20.2242 -5.14912 8
      vertex 20.1289 -3.06221 8
    endloop
  endfacet
  facet normal 0 0 1
    outer loop
      vertex 19.8243 -3.13851 8
      vertex 19.7146 -5.22472 8
      vertex 20.2242 -5.14912 8
    endloop
  endfacet
  facet normal -0 0 1
    outer loop
      vertex 19.5137 -3.18459 8
      vertex 19.7146 -5.22472 8
      vertex 19.8243 -3.13851 8
    endloop
  endfacet
  facet normal -0 0 1
    outer loop
      vertex 19.2 -3.2 8
      vertex 19.7146 -5.22472 8
      vertex 19.5137 -3.18459 8
    endloop
  endfacet
  facet normal 0 0 1
    outer loop
      vertex 19.2 -3.2 8
      vertex 19.2 -5.25 8
      vertex 19.7146 -5.22472 8
    endloop
  endfacet
  facet normal 0 0 1
    outer loop
      vertex 18.8863 -3.18459 8
      vertex 19.2 -5.25 8
      vertex 19.2 -3.2 8
    endloop
  endfacet
  facet normal 0 0 1
    outer loop
      vertex 18.8863 -3.18459 8
      vertex 18.6854 -5.22472 8
      vertex 19.2 -5.25 8
    endloop
  endfacet
  facet normal 0 0 1
    outer loop
      vertex 18.5757 -3.13851 8
      vertex 18.6854 -5.22472 8
      vertex 18.8863 -3.18459 8
    endloop
  endfacet
  facet normal 0 0 1
    outer loop
      vertex 18.1758 -5.14912 8
      vertex 18.5757 -3.13851 8
      vertex 18.2711 -3.06221 8
    endloop
  endfacet
  facet normal 0 0 1
    outer loop
      vertex 18.5757 -3.13851 8
      vertex 18.1758 -5.14912 8
      vertex 18.6854 -5.22472 8
    endloop
  endfacet
  facet normal 0 0 1
    outer loop
      vertex 17.676 -5.02394 8
      vertex 18.2711 -3.06221 8
      vertex 17.9754 -2.95641 8
    endloop
  endfacet
  facet normal 0 0 1
    outer loop
      vertex 17.1909 -4.85037 8
      vertex 17.9754 -2.95641 8
      vertex 17.6915 -2.82215 8
    endloop
  endfacet
  facet normal 0 0 1
    outer loop
      vertex 18.2711 -3.06221 8
      vertex 17.676 -5.02394 8
      vertex 18.1758 -5.14912 8
    endloop
  endfacet
  facet normal 0 0 1
    outer loop
      vertex 16.7252 -4.63009 8
      vertex 17.6915 -2.82215 8
      vertex 17.4222 -2.6607 8
    endloop
  endfacet
  facet normal 0 0 1
    outer loop
      vertex 17.9754 -2.95641 8
      vertex 17.1909 -4.85037 8
      vertex 17.676 -5.02394 8
    endloop
  endfacet
  facet normal 0 0 1
    outer loop
      vertex 16.2833 -4.36522 8
      vertex 17.4222 -2.6607 8
      vertex 17.1699 -2.47363 8
    endloop
  endfacet
  facet normal 0 0 1
    outer loop
      vertex 15.8694 -4.0583 8
      vertex 17.1699 -2.47363 8
      vertex 16.9373 -2.26274 8
    endloop
  endfacet
  facet normal 0 0 1
    outer loop
      vertex 15.4877 -3.71231 8
      vertex 16.9373 -2.26274 8
      vertex 16.7264 -2.03006 8
    endloop
  endfacet
  facet normal 0 0 1
    outer loop
      vertex 17.6915 -2.82215 8
      vertex 16.7252 -4.63009 8
      vertex 17.1909 -4.85037 8
    endloop
  endfacet
  facet normal 0 0 1
    outer loop
      vertex 15.1417 -3.33056 8
      vertex 16.7264 -2.03006 8
      vertex 16.5393 -1.77782 8
    endloop
  endfacet
  facet normal 0 0 1
    outer loop
      vertex 14.8348 -2.91674 8
      vertex 16.5393 -1.77782 8
      vertex 16.3779 -1.50847 8
    endloop
  endfacet
  facet normal 0 0 1
    outer loop
      vertex 17.4222 -2.6607 8
      vertex 16.2833 -4.36522 8
      vertex 16.7252 -4.63009 8
    endloop
  endfacet
  facet normal 0 0 1
    outer loop
      vertex 14.5699 -2.47483 8
      vertex 16.3779 -1.50847 8
      vertex 16.2436 -1.22459 8
    endloop
  endfacet
  facet normal 0 0 1
    outer loop
      vertex 14.3496 -2.00909 8
      vertex 16.2436 -1.22459 8
      vertex 16.1378 -0.92891 8
    endloop
  endfacet
  facet normal 0 0 1
    outer loop
      vertex 14.1761 -1.52399 8
      vertex 16.1378 -0.92891 8
      vertex 16.0615 -0.624289 8
    endloop
  endfacet
  facet normal 0 0 1
    outer loop
      vertex 14.0509 -1.02422 8
      vertex 16.0615 -0.624289 8
      vertex 16.0154 -0.313654 8
    endloop
  endfacet
  facet normal 0 0 1
    outer loop
      vertex 17.1699 -2.47363 8
      vertex 15.8694 -4.0583 8
      vertex 16.2833 -4.36522 8
    endloop
  endfacet
  facet normal 0 0 1
    outer loop
      vertex 13.9753 -0.514589 8
      vertex 16.0154 -0.313654 8
      vertex 16 0 8
    endloop
  endfacet
  facet normal -0 0 1
    outer loop
      vertex 14.3496 2.00909 8
      vertex 16.2436 1.22459 8
      vertex 14.5699 2.47483 8
    endloop
  endfacet
  facet normal 0 0 1
    outer loop
      vertex 16.2436 1.22459 8
      vertex 14.3496 2.00909 8
      vertex 16.1378 0.92891 8
    endloop
  endfacet
  facet normal 0 0 1
    outer loop
      vertex 16.9373 -2.26274 8
      vertex 15.4877 -3.71231 8
      vertex 15.8694 -4.0583 8
    endloop
  endfacet
  facet normal -0 0 1
    outer loop
      vertex 14.1761 1.52399 8
      vertex 16.1378 0.92891 8
      vertex 14.3496 2.00909 8
    endloop
  endfacet
  facet normal 0 0 1
    outer loop
      vertex 16.7264 -2.03006 8
      vertex 15.1417 -3.33056 8
      vertex 15.4877 -3.71231 8
    endloop
  endfacet
  facet normal 0 0 1
    outer loop
      vertex 16.1378 0.92891 8
      vertex 14.1761 1.52399 8
      vertex 16.0615 0.624289 8
    endloop
  endfacet
  facet normal 0 0 1
    outer loop
      vertex 16.5393 -1.77782 8
      vertex 14.8348 -2.91674 8
      vertex 15.1417 -3.33056 8
    endloop
  endfacet
  facet normal -0 0 1
    outer loop
      vertex 14.0509 1.02422 8
      vertex 16.0615 0.624289 8
      vertex 14.1761 1.52399 8
    endloop
  endfacet
  facet normal 0 0 1
    outer loop
      vertex 16.3779 -1.50847 8
      vertex 14.5699 -2.47483 8
      vertex 14.8348 -2.91674 8
    endloop
  endfacet
  facet normal 0 0 1
    outer loop
      vertex 16.0615 0.624289 8
      vertex 14.0509 1.02422 8
      vertex 16.0154 0.313654 8
    endloop
  endfacet
  facet normal 0 0 1
    outer loop
      vertex 16.2436 -1.22459 8
      vertex 14.3496 -2.00909 8
      vertex 14.5699 -2.47483 8
    endloop
  endfacet
  facet normal -0 0 1
    outer loop
      vertex 13.9753 0.514589 8
      vertex 16.0154 0.313654 8
      vertex 14.0509 1.02422 8
    endloop
  endfacet
  facet normal 0 0 1
    outer loop
      vertex 16.1378 -0.92891 8
      vertex 14.1761 -1.52399 8
      vertex 14.3496 -2.00909 8
    endloop
  endfacet
  facet normal 0 0 1
    outer loop
      vertex 16.0154 0.313654 8
      vertex 13.9753 0.514589 8
      vertex 16 0 8
    endloop
  endfacet
  facet normal 0 0 1
    outer loop
      vertex 16.0615 -0.624289 8
      vertex 14.0509 -1.02422 8
      vertex 14.1761 -1.52399 8
    endloop
  endfacet
  facet normal 0 0 1
    outer loop
      vertex 13.95 0 8
      vertex 16 0 8
      vertex 13.9753 0.514589 8
    endloop
  endfacet
  facet normal 0 0 1
    outer loop
      vertex 16.0154 -0.313654 8
      vertex 13.9753 -0.514589 8
      vertex 14.0509 -1.02422 8
    endloop
  endfacet
  facet normal 0 0 1
    outer loop
      vertex 16 0 8
      vertex 13.95 0 8
      vertex 13.9753 -0.514589 8
    endloop
  endfacet
  facet normal 0.706681 0.0346849 -0.706681
    outer loop
      vertex 28.45 0 4
      vertex 24.45 0 0
      vertex 28.4055 0.906658 4
    endloop
  endfacet
  facet normal -0.363747 -0.606869 -0.706681
    outer loop
      vertex 14.8396 -8.15777 4
      vertex 14.061 -7.69109 4
      vertex 16.2833 -4.36522 0
    endloop
  endfacet
  facet normal 0.686318 0.171942 -0.706685
    outer loop
      vertex 28.2723 1.80459 4
      vertex 24.2239 1.52399 0
      vertex 28.0517 2.68513 4
    endloop
  endfacet
  facet normal 0.103823 -0.699873 -0.706681
    outer loop
      vertex 21.0046 -9.07226 4
      vertex 20.1067 -9.20546 4
      vertex 20.2242 -5.14912 0
    endloop
  endfacet
  facet normal 0.524252 -0.475148 -0.706678
    outer loop
      vertex 25.7407 -6.54074 4
      vertex 23.2583 -3.33056 0
      vertex 26.3503 -5.86814 4
    endloop
  endfacet
  facet normal -0.706677 -0.0347441 -0.706683
    outer loop
      vertex 13.9753 -0.514589 0
      vertex 9.99454 -0.906658 4
      vertex 13.95 0 0
    endloop
  endfacet
  facet normal 0.666173 -0.23835 -0.706684
    outer loop
      vertex 27.7459 -3.53982 4
      vertex 24.2239 -1.52399 0
      vertex 28.0517 -2.68513 4
    endloop
  endfacet
  facet normal -0.68632 0.171934 -0.706685
    outer loop
      vertex 14.0509 1.02422 0
      vertex 10.1277 1.80459 4
      vertex 14.1761 1.52399 0
    endloop
  endfacet
  facet normal -0.475178 -0.524222 -0.70668
    outer loop
      vertex 15.8694 -4.0583 0
      vertex 12.6593 -6.54074 4
      vertex 15.4877 -3.71231 0
    endloop
  endfacet
  facet normal -0.606861 0.363758 -0.706683
    outer loop
      vertex 14.8348 2.91674 0
      vertex 11.0422 4.36042 4
      vertex 11.5089 5.13902 4
    endloop
  endfacet
  facet normal 0.42148 -0.568297 -0.706677
    outer loop
      vertex 24.339 -7.69109 4
      vertex 22.5306 -4.0583 0
      vertex 25.0681 -7.15035 4
    endloop
  endfacet
  facet normal -0.0347161 0.70668 -0.706681
    outer loop
      vertex 18.6854 5.22472 0
      vertex 18.2933 9.20546 4
      vertex 19.2 5.25 0
    endloop
  endfacet
  facet normal 0.238356 0.666176 -0.706679
    outer loop
      vertex 22.7398 8.54589 4
      vertex 20.724 5.02394 0
      vertex 21.8851 8.8517 4
    endloop
  endfacet
  facet normal -0.568279 -0.421502 -0.706679
    outer loop
      vertex 12.0497 -5.86814 4
      vertex 11.5089 -5.13902 4
      vertex 15.1417 -3.33056 0
    endloop
  endfacet
  facet normal 0.524247 0.475153 -0.706679
    outer loop
      vertex 23.2583 3.33056 0
      vertex 22.9123 3.71231 0
      vertex 25.7407 6.54074 4
    endloop
  endfacet
  facet normal -0.699874 -0.103789 -0.706685
    outer loop
      vertex 10.1277 -1.80459 4
      vertex 9.99454 -0.906658 4
      vertex 14.0509 -1.02422 0
    endloop
  endfacet
  facet normal 0.606853 -0.363774 -0.706681
    outer loop
      vertex 27.3578 -4.36042 4
      vertex 23.5652 -2.91674 0
      vertex 23.8301 -2.47483 0
    endloop
  endfacet
  facet normal -0.699872 -0.103821 -0.706682
    outer loop
      vertex 14.0509 -1.02422 0
      vertex 9.99454 -0.906658 4
      vertex 13.9753 -0.514589 0
    endloop
  endfacet
  facet normal 0.699869 0.103819 -0.706686
    outer loop
      vertex 28.4055 0.906658 4
      vertex 24.3491 1.02422 0
      vertex 28.2723 1.80459 4
    endloop
  endfacet
  facet normal 0.568301 -0.421467 -0.706682
    outer loop
      vertex 26.8911 -5.13902 4
      vertex 23.2583 -3.33056 0
      vertex 23.5652 -2.91674 0
    endloop
  endfacet
  facet normal 0.103827 -0.699873 -0.706681
    outer loop
      vertex 20.1067 -9.20546 4
      vertex 19.7146 -5.22472 0
      vertex 20.2242 -5.14912 0
    endloop
  endfacet
  facet normal 0.706681 -0.0346849 -0.706681
    outer loop
      vertex 28.4055 -0.906658 4
      vertex 24.45 0 0
      vertex 28.45 0 4
    endloop
  endfacet
  facet normal -0.0347144 0.706681 -0.706681
    outer loop
      vertex 19.2 5.25 0
      vertex 18.2933 9.20546 4
      vertex 19.2 9.25 4
    endloop
  endfacet
  facet normal 0.363747 -0.606869 -0.706681
    outer loop
      vertex 23.5604 -8.15777 4
      vertex 22.1167 -4.36522 0
      vertex 24.339 -7.69109 4
    endloop
  endfacet
  facet normal 0.0347144 0.706681 -0.706681
    outer loop
      vertex 20.1067 9.20546 4
      vertex 19.2 5.25 0
      vertex 19.2 9.25 4
    endloop
  endfacet
  facet normal -0.171899 0.686332 -0.706682
    outer loop
      vertex 17.676 5.02394 0
      vertex 17.3954 9.07226 4
      vertex 18.1758 5.14912 0
    endloop
  endfacet
  facet normal -0.421432 -0.568327 -0.706682
    outer loop
      vertex 16.2833 -4.36522 0
      vertex 14.061 -7.69109 4
      vertex 15.8694 -4.0583 0
    endloop
  endfacet
  facet normal 0.42148 0.568297 -0.706677
    outer loop
      vertex 25.0681 7.15035 4
      vertex 22.5306 4.0583 0
      vertex 24.339 7.69109 4
    endloop
  endfacet
  facet normal -0.686318 0.171942 -0.706685
    outer loop
      vertex 14.1761 1.52399 0
      vertex 10.1277 1.80459 4
      vertex 10.3483 2.68513 4
    endloop
  endfacet
  facet normal 0.0347144 -0.706681 -0.706681
    outer loop
      vertex 20.1067 -9.20546 4
      vertex 19.2 -9.25 4
      vertex 19.2 -5.25 0
    endloop
  endfacet
  facet normal 0.302533 0.639593 -0.706679
    outer loop
      vertex 21.6748 4.63009 0
      vertex 21.2091 4.85037 0
      vertex 22.7398 8.54589 4
    endloop
  endfacet
  facet normal 0.699869 -0.103819 -0.706686
    outer loop
      vertex 28.2723 -1.80459 4
      vertex 24.3491 -1.02422 0
      vertex 28.4055 -0.906658 4
    endloop
  endfacet
  facet normal -0.699872 0.103821 -0.706682
    outer loop
      vertex 13.9753 0.514589 0
      vertex 9.99454 0.906658 4
      vertex 14.0509 1.02422 0
    endloop
  endfacet
  facet normal -0.524247 -0.475153 -0.706679
    outer loop
      vertex 15.4877 -3.71231 0
      vertex 12.6593 -6.54074 4
      vertex 15.1417 -3.33056 0
    endloop
  endfacet
  facet normal -0.606853 -0.363774 -0.706681
    outer loop
      vertex 14.8348 -2.91674 0
      vertex 11.0422 -4.36042 4
      vertex 14.5699 -2.47483 0
    endloop
  endfacet
  facet normal -0.666208 -0.238275 -0.706677
    outer loop
      vertex 14.3496 -2.00909 0
      vertex 10.6541 -3.53982 4
      vertex 14.1761 -1.52399 0
    endloop
  endfacet
  facet normal -0.706681 -0.034716 -0.706681
    outer loop
      vertex 9.99454 -0.906658 4
      vertex 9.95 0 4
      vertex 13.95 0 0
    endloop
  endfacet
  facet normal 0.699869 0.10382 -0.706686
    outer loop
      vertex 24.4247 0.514589 0
      vertex 24.3491 1.02422 0
      vertex 28.4055 0.906658 4
    endloop
  endfacet
  facet normal 0.524247 -0.475153 -0.706679
    outer loop
      vertex 25.7407 -6.54074 4
      vertex 22.9123 -3.71231 0
      vertex 23.2583 -3.33056 0
    endloop
  endfacet
  facet normal -0.639606 0.302499 -0.706682
    outer loop
      vertex 14.5699 2.47483 0
      vertex 10.6541 3.53982 4
      vertex 11.0422 4.36042 4
    endloop
  endfacet
  facet normal -0.666173 -0.23835 -0.706684
    outer loop
      vertex 10.6541 -3.53982 4
      vertex 10.3483 -2.68513 4
      vertex 14.1761 -1.52399 0
    endloop
  endfacet
  facet normal 0.666173 0.23835 -0.706684
    outer loop
      vertex 28.0517 2.68513 4
      vertex 24.2239 1.52399 0
      vertex 27.7459 3.53982 4
    endloop
  endfacet
  facet normal -0.103827 0.699873 -0.706681
    outer loop
      vertex 18.6854 5.22472 0
      vertex 18.1758 5.14912 0
      vertex 18.2933 9.20546 4
    endloop
  endfacet
  facet normal 0.68632 0.171934 -0.706685
    outer loop
      vertex 24.3491 1.02422 0
      vertex 24.2239 1.52399 0
      vertex 28.2723 1.80459 4
    endloop
  endfacet
  facet normal -0.686318 -0.171942 -0.706685
    outer loop
      vertex 10.3483 -2.68513 4
      vertex 10.1277 -1.80459 4
      vertex 14.1761 -1.52399 0
    endloop
  endfacet
  facet normal 0.68632 -0.171934 -0.706685
    outer loop
      vertex 28.2723 -1.80459 4
      vertex 24.2239 -1.52399 0
      vertex 24.3491 -1.02422 0
    endloop
  endfacet
  facet normal 0.475178 -0.524222 -0.70668
    outer loop
      vertex 25.7407 -6.54074 4
      vertex 22.5306 -4.0583 0
      vertex 22.9123 -3.71231 0
    endloop
  endfacet
  facet normal 0.568279 -0.421502 -0.706679
    outer loop
      vertex 26.3503 -5.86814 4
      vertex 23.2583 -3.33056 0
      vertex 26.8911 -5.13902 4
    endloop
  endfacet
  facet normal -0.568301 -0.421467 -0.706682
    outer loop
      vertex 15.1417 -3.33056 0
      vertex 11.5089 -5.13902 4
      vertex 14.8348 -2.91674 0
    endloop
  endfacet
  facet normal -0.302533 -0.639593 -0.706679
    outer loop
      vertex 17.1909 -4.85037 0
      vertex 15.6602 -8.54589 4
      vertex 16.7252 -4.63009 0
    endloop
  endfacet
  facet normal 0.36375 0.606868 -0.706681
    outer loop
      vertex 22.1167 4.36522 0
      vertex 21.6748 4.63009 0
      vertex 23.5604 8.15777 4
    endloop
  endfacet
  facet normal -0.0347144 -0.706681 -0.706681
    outer loop
      vertex 19.2 -9.25 4
      vertex 18.2933 -9.20546 4
      vertex 19.2 -5.25 0
    endloop
  endfacet
  facet normal 0.302512 0.6396 -0.706681
    outer loop
      vertex 23.5604 8.15777 4
      vertex 21.6748 4.63009 0
      vertex 22.7398 8.54589 4
    endloop
  endfacet
  facet normal -0.103827 -0.699873 -0.706681
    outer loop
      vertex 18.2933 -9.20546 4
      vertex 18.1758 -5.14912 0
      vertex 18.6854 -5.22472 0
    endloop
  endfacet
  facet normal 0.606861 -0.363758 -0.706683
    outer loop
      vertex 26.8911 -5.13902 4
      vertex 23.5652 -2.91674 0
      vertex 27.3578 -4.36042 4
    endloop
  endfacet
  facet normal -0.42148 0.568297 -0.706677
    outer loop
      vertex 15.8694 4.0583 0
      vertex 13.3319 7.15035 4
      vertex 14.061 7.69109 4
    endloop
  endfacet
  facet normal 0.0347161 -0.70668 -0.706681
    outer loop
      vertex 20.1067 -9.20546 4
      vertex 19.2 -5.25 0
      vertex 19.7146 -5.22472 0
    endloop
  endfacet
  facet normal -0.42148 -0.568297 -0.706677
    outer loop
      vertex 14.061 -7.69109 4
      vertex 13.3319 -7.15035 4
      vertex 15.8694 -4.0583 0
    endloop
  endfacet
  facet normal -0.171921 -0.686329 -0.70668
    outer loop
      vertex 17.3954 -9.07226 4
      vertex 16.5149 -8.8517 4
      vertex 17.676 -5.02394 0
    endloop
  endfacet
  facet normal 0.568301 0.421467 -0.706682
    outer loop
      vertex 23.5652 2.91674 0
      vertex 23.2583 3.33056 0
      vertex 26.8911 5.13902 4
    endloop
  endfacet
  facet normal 0.606861 0.363758 -0.706683
    outer loop
      vertex 27.3578 4.36042 4
      vertex 23.5652 2.91674 0
      vertex 26.8911 5.13902 4
    endloop
  endfacet
  facet normal 0.524252 0.475148 -0.706678
    outer loop
      vertex 26.3503 5.86814 4
      vertex 23.2583 3.33056 0
      vertex 25.7407 6.54074 4
    endloop
  endfacet
  facet normal 0.475153 -0.52425 -0.706677
    outer loop
      vertex 25.0681 -7.15035 4
      vertex 22.5306 -4.0583 0
      vertex 25.7407 -6.54074 4
    endloop
  endfacet
  facet normal -0.475178 0.524222 -0.70668
    outer loop
      vertex 15.4877 3.71231 0
      vertex 12.6593 6.54074 4
      vertex 15.8694 4.0583 0
    endloop
  endfacet
  facet normal -0.706677 0.0347441 -0.706683
    outer loop
      vertex 13.95 0 0
      vertex 9.99454 0.906658 4
      vertex 13.9753 0.514589 0
    endloop
  endfacet
  facet normal 0.568279 0.421502 -0.706679
    outer loop
      vertex 26.8911 5.13902 4
      vertex 23.2583 3.33056 0
      vertex 26.3503 5.86814 4
    endloop
  endfacet
  facet normal -0.238356 -0.666176 -0.706679
    outer loop
      vertex 16.5149 -8.8517 4
      vertex 15.6602 -8.54589 4
      vertex 17.676 -5.02394 0
    endloop
  endfacet
  facet normal 0.639606 0.302499 -0.706682
    outer loop
      vertex 27.7459 3.53982 4
      vertex 23.8301 2.47483 0
      vertex 27.3578 4.36042 4
    endloop
  endfacet
  facet normal 0.686318 -0.171942 -0.706685
    outer loop
      vertex 28.0517 -2.68513 4
      vertex 24.2239 -1.52399 0
      vertex 28.2723 -1.80459 4
    endloop
  endfacet
  facet normal -0.302512 0.6396 -0.706681
    outer loop
      vertex 16.7252 4.63009 0
      vertex 14.8396 8.15777 4
      vertex 15.6602 8.54589 4
    endloop
  endfacet
  facet normal 0.639606 -0.302499 -0.706682
    outer loop
      vertex 27.3578 -4.36042 4
      vertex 23.8301 -2.47483 0
      vertex 27.7459 -3.53982 4
    endloop
  endfacet
  facet normal 0.421432 0.568327 -0.706682
    outer loop
      vertex 22.5306 4.0583 0
      vertex 22.1167 4.36522 0
      vertex 24.339 7.69109 4
    endloop
  endfacet
  facet normal 0.666208 0.238275 -0.706677
    outer loop
      vertex 24.2239 1.52399 0
      vertex 24.0504 2.00909 0
      vertex 27.7459 3.53982 4
    endloop
  endfacet
  facet normal 0.666208 -0.238275 -0.706677
    outer loop
      vertex 27.7459 -3.53982 4
      vertex 24.0504 -2.00909 0
      vertex 24.2239 -1.52399 0
    endloop
  endfacet
  facet normal 0.706673 0.0347439 -0.706687
    outer loop
      vertex 24.45 0 0
      vertex 24.4247 0.514589 0
      vertex 28.4055 0.906658 4
    endloop
  endfacet
  facet normal 0.606853 0.363774 -0.706681
    outer loop
      vertex 23.8301 2.47483 0
      vertex 23.5652 2.91674 0
      vertex 27.3578 4.36042 4
    endloop
  endfacet
  facet normal -0.171899 -0.686332 -0.706682
    outer loop
      vertex 18.1758 -5.14912 0
      vertex 17.3954 -9.07226 4
      vertex 17.676 -5.02394 0
    endloop
  endfacet
  facet normal 0.103823 0.699873 -0.706681
    outer loop
      vertex 20.2242 5.14912 0
      vertex 20.1067 9.20546 4
      vertex 21.0046 9.07226 4
    endloop
  endfacet
  facet normal -0.238359 -0.666175 -0.70668
    outer loop
      vertex 17.676 -5.02394 0
      vertex 15.6602 -8.54589 4
      vertex 17.1909 -4.85037 0
    endloop
  endfacet
  facet normal -0.666208 0.238275 -0.706677
    outer loop
      vertex 14.1761 1.52399 0
      vertex 10.6541 3.53982 4
      vertex 14.3496 2.00909 0
    endloop
  endfacet
  facet normal -0.666173 0.23835 -0.706684
    outer loop
      vertex 14.1761 1.52399 0
      vertex 10.3483 2.68513 4
      vertex 10.6541 3.53982 4
    endloop
  endfacet
  facet normal -0.524252 -0.475148 -0.706678
    outer loop
      vertex 12.6593 -6.54074 4
      vertex 12.0497 -5.86814 4
      vertex 15.1417 -3.33056 0
    endloop
  endfacet
  facet normal 0.706673 -0.0347439 -0.706687
    outer loop
      vertex 28.4055 -0.906658 4
      vertex 24.4247 -0.514589 0
      vertex 24.45 0 0
    endloop
  endfacet
  facet normal -0.568279 0.421502 -0.706679
    outer loop
      vertex 15.1417 3.33056 0
      vertex 11.5089 5.13902 4
      vertex 12.0497 5.86814 4
    endloop
  endfacet
  facet normal 0.238359 -0.666175 -0.70668
    outer loop
      vertex 22.7398 -8.54589 4
      vertex 20.724 -5.02394 0
      vertex 21.2091 -4.85037 0
    endloop
  endfacet
  facet normal 0.238356 -0.666176 -0.706679
    outer loop
      vertex 21.8851 -8.8517 4
      vertex 20.724 -5.02394 0
      vertex 22.7398 -8.54589 4
    endloop
  endfacet
  facet normal 0.171921 -0.686329 -0.70668
    outer loop
      vertex 21.0046 -9.07226 4
      vertex 20.724 -5.02394 0
      vertex 21.8851 -8.8517 4
    endloop
  endfacet
  facet normal -0.639593 0.302534 -0.706678
    outer loop
      vertex 14.3496 2.00909 0
      vertex 10.6541 3.53982 4
      vertex 14.5699 2.47483 0
    endloop
  endfacet
  facet normal -0.421432 0.568327 -0.706682
    outer loop
      vertex 15.8694 4.0583 0
      vertex 14.061 7.69109 4
      vertex 16.2833 4.36522 0
    endloop
  endfacet
  facet normal -0.568301 0.421467 -0.706682
    outer loop
      vertex 14.8348 2.91674 0
      vertex 11.5089 5.13902 4
      vertex 15.1417 3.33056 0
    endloop
  endfacet
  facet normal -0.68632 -0.171934 -0.706685
    outer loop
      vertex 14.1761 -1.52399 0
      vertex 10.1277 -1.80459 4
      vertex 14.0509 -1.02422 0
    endloop
  endfacet
  facet normal -0.238356 0.666176 -0.706679
    outer loop
      vertex 17.676 5.02394 0
      vertex 15.6602 8.54589 4
      vertex 16.5149 8.8517 4
    endloop
  endfacet
  facet normal 0.421432 -0.568327 -0.706682
    outer loop
      vertex 24.339 -7.69109 4
      vertex 22.1167 -4.36522 0
      vertex 22.5306 -4.0583 0
    endloop
  endfacet
  facet normal -0.606861 -0.363758 -0.706683
    outer loop
      vertex 11.5089 -5.13902 4
      vertex 11.0422 -4.36042 4
      vertex 14.8348 -2.91674 0
    endloop
  endfacet
  facet normal 0.699869 -0.10382 -0.706686
    outer loop
      vertex 28.4055 -0.906658 4
      vertex 24.3491 -1.02422 0
      vertex 24.4247 -0.514589 0
    endloop
  endfacet
  facet normal 0.36375 -0.606868 -0.706681
    outer loop
      vertex 23.5604 -8.15777 4
      vertex 21.6748 -4.63009 0
      vertex 22.1167 -4.36522 0
    endloop
  endfacet
  facet normal 0.103827 0.699873 -0.706681
    outer loop
      vertex 20.2242 5.14912 0
      vertex 19.7146 5.22472 0
      vertex 20.1067 9.20546 4
    endloop
  endfacet
  facet normal -0.699874 0.103789 -0.706685
    outer loop
      vertex 14.0509 1.02422 0
      vertex 9.99454 0.906658 4
      vertex 10.1277 1.80459 4
    endloop
  endfacet
  facet normal 0.171921 0.686329 -0.70668
    outer loop
      vertex 21.8851 8.8517 4
      vertex 20.724 5.02394 0
      vertex 21.0046 9.07226 4
    endloop
  endfacet
  facet normal -0.639606 -0.302499 -0.706682
    outer loop
      vertex 11.0422 -4.36042 4
      vertex 10.6541 -3.53982 4
      vertex 14.5699 -2.47483 0
    endloop
  endfacet
  facet normal -0.171921 0.686329 -0.70668
    outer loop
      vertex 17.676 5.02394 0
      vertex 16.5149 8.8517 4
      vertex 17.3954 9.07226 4
    endloop
  endfacet
  facet normal 0.475153 0.52425 -0.706677
    outer loop
      vertex 25.7407 6.54074 4
      vertex 22.5306 4.0583 0
      vertex 25.0681 7.15035 4
    endloop
  endfacet
  facet normal 0.302512 -0.6396 -0.706681
    outer loop
      vertex 22.7398 -8.54589 4
      vertex 21.6748 -4.63009 0
      vertex 23.5604 -8.15777 4
    endloop
  endfacet
  facet normal -0.363747 0.606869 -0.706681
    outer loop
      vertex 16.2833 4.36522 0
      vertex 14.061 7.69109 4
      vertex 14.8396 8.15777 4
    endloop
  endfacet
  facet normal 0.0347161 0.70668 -0.706681
    outer loop
      vertex 19.7146 5.22472 0
      vertex 19.2 5.25 0
      vertex 20.1067 9.20546 4
    endloop
  endfacet
  facet normal 0.639593 -0.302534 -0.706678
    outer loop
      vertex 27.7459 -3.53982 4
      vertex 23.8301 -2.47483 0
      vertex 24.0504 -2.00909 0
    endloop
  endfacet
  facet normal -0.475153 -0.52425 -0.706677
    outer loop
      vertex 13.3319 -7.15035 4
      vertex 12.6593 -6.54074 4
      vertex 15.8694 -4.0583 0
    endloop
  endfacet
  facet normal -0.639593 -0.302534 -0.706678
    outer loop
      vertex 14.5699 -2.47483 0
      vertex 10.6541 -3.53982 4
      vertex 14.3496 -2.00909 0
    endloop
  endfacet
  facet normal -0.36375 -0.606868 -0.706681
    outer loop
      vertex 16.7252 -4.63009 0
      vertex 14.8396 -8.15777 4
      vertex 16.2833 -4.36522 0
    endloop
  endfacet
  facet normal 0.639593 0.302534 -0.706678
    outer loop
      vertex 24.0504 2.00909 0
      vertex 23.8301 2.47483 0
      vertex 27.7459 3.53982 4
    endloop
  endfacet
  facet normal 0.302533 -0.639593 -0.706679
    outer loop
      vertex 22.7398 -8.54589 4
      vertex 21.2091 -4.85037 0
      vertex 21.6748 -4.63009 0
    endloop
  endfacet
  facet normal -0.706681 0.034716 -0.706681
    outer loop
      vertex 13.95 0 0
      vertex 9.95 0 4
      vertex 9.99454 0.906658 4
    endloop
  endfacet
  facet normal -0.302512 -0.6396 -0.706681
    outer loop
      vertex 15.6602 -8.54589 4
      vertex 14.8396 -8.15777 4
      vertex 16.7252 -4.63009 0
    endloop
  endfacet
  facet normal 0.475178 0.524222 -0.70668
    outer loop
      vertex 22.9123 3.71231 0
      vertex 22.5306 4.0583 0
      vertex 25.7407 6.54074 4
    endloop
  endfacet
  facet normal 0.238359 0.666175 -0.70668
    outer loop
      vertex 21.2091 4.85037 0
      vertex 20.724 5.02394 0
      vertex 22.7398 8.54589 4
    endloop
  endfacet
  facet normal -0.103823 -0.699873 -0.706681
    outer loop
      vertex 18.2933 -9.20546 4
      vertex 17.3954 -9.07226 4
      vertex 18.1758 -5.14912 0
    endloop
  endfacet
  facet normal -0.103823 0.699873 -0.706681
    outer loop
      vertex 18.1758 5.14912 0
      vertex 17.3954 9.07226 4
      vertex 18.2933 9.20546 4
    endloop
  endfacet
  facet normal -0.475153 0.52425 -0.706677
    outer loop
      vertex 15.8694 4.0583 0
      vertex 12.6593 6.54074 4
      vertex 13.3319 7.15035 4
    endloop
  endfacet
  facet normal -0.524252 0.475148 -0.706678
    outer loop
      vertex 15.1417 3.33056 0
      vertex 12.0497 5.86814 4
      vertex 12.6593 6.54074 4
    endloop
  endfacet
  facet normal 0.171899 -0.686332 -0.706682
    outer loop
      vertex 21.0046 -9.07226 4
      vertex 20.2242 -5.14912 0
      vertex 20.724 -5.02394 0
    endloop
  endfacet
  facet normal -0.524247 0.475153 -0.706679
    outer loop
      vertex 15.1417 3.33056 0
      vertex 12.6593 6.54074 4
      vertex 15.4877 3.71231 0
    endloop
  endfacet
  facet normal -0.302533 0.639593 -0.706679
    outer loop
      vertex 16.7252 4.63009 0
      vertex 15.6602 8.54589 4
      vertex 17.1909 4.85037 0
    endloop
  endfacet
  facet normal 0.363747 0.606869 -0.706681
    outer loop
      vertex 24.339 7.69109 4
      vertex 22.1167 4.36522 0
      vertex 23.5604 8.15777 4
    endloop
  endfacet
  facet normal 0.171899 0.686332 -0.706682
    outer loop
      vertex 20.724 5.02394 0
      vertex 20.2242 5.14912 0
      vertex 21.0046 9.07226 4
    endloop
  endfacet
  facet normal -0.0347161 -0.70668 -0.706681
    outer loop
      vertex 19.2 -5.25 0
      vertex 18.2933 -9.20546 4
      vertex 18.6854 -5.22472 0
    endloop
  endfacet
  facet normal -0.36375 0.606868 -0.706681
    outer loop
      vertex 16.2833 4.36522 0
      vertex 14.8396 8.15777 4
      vertex 16.7252 4.63009 0
    endloop
  endfacet
  facet normal -0.606853 0.363774 -0.706681
    outer loop
      vertex 14.5699 2.47483 0
      vertex 11.0422 4.36042 4
      vertex 14.8348 2.91674 0
    endloop
  endfacet
  facet normal -0.238359 0.666175 -0.70668
    outer loop
      vertex 17.1909 4.85037 0
      vertex 15.6602 8.54589 4
      vertex 17.676 5.02394 0
    endloop
  endfacet
  facet normal 0 0 -1
    outer loop
      vertex 24.4247 -0.514589 0
      vertex 24.4247 0.514589 0
      vertex 24.45 0 0
    endloop
  endfacet
  facet normal 0 0 -1
    outer loop
      vertex 24.3491 -1.02422 0
      vertex 24.4247 0.514589 0
      vertex 24.4247 -0.514589 0
    endloop
  endfacet
  facet normal 0 0 -1
    outer loop
      vertex 24.3491 -1.02422 0
      vertex 24.3491 1.02422 0
      vertex 24.4247 0.514589 0
    endloop
  endfacet
  facet normal 0 0 -1
    outer loop
      vertex 24.2239 -1.52399 0
      vertex 24.3491 1.02422 0
      vertex 24.3491 -1.02422 0
    endloop
  endfacet
  facet normal 0 0 -1
    outer loop
      vertex 24.2239 -1.52399 0
      vertex 24.2239 1.52399 0
      vertex 24.3491 1.02422 0
    endloop
  endfacet
  facet normal 0 0 -1
    outer loop
      vertex 24.0504 -2.00909 0
      vertex 24.2239 1.52399 0
      vertex 24.2239 -1.52399 0
    endloop
  endfacet
  facet normal 0 0 -1
    outer loop
      vertex 24.0504 -2.00909 0
      vertex 24.0504 2.00909 0
      vertex 24.2239 1.52399 0
    endloop
  endfacet
  facet normal 0 0 -1
    outer loop
      vertex 23.8301 -2.47483 0
      vertex 24.0504 2.00909 0
      vertex 24.0504 -2.00909 0
    endloop
  endfacet
  facet normal 0 0 -1
    outer loop
      vertex 23.8301 -2.47483 0
      vertex 23.8301 2.47483 0
      vertex 24.0504 2.00909 0
    endloop
  endfacet
  facet normal 0 0 -1
    outer loop
      vertex 23.5652 -2.91674 0
      vertex 23.8301 2.47483 0
      vertex 23.8301 -2.47483 0
    endloop
  endfacet
  facet normal 0 0 -1
    outer loop
      vertex 23.5652 -2.91674 0
      vertex 23.5652 2.91674 0
      vertex 23.8301 2.47483 0
    endloop
  endfacet
  facet normal 0 0 -1
    outer loop
      vertex 23.2583 -3.33056 0
      vertex 23.5652 2.91674 0
      vertex 23.5652 -2.91674 0
    endloop
  endfacet
  facet normal 0 0 -1
    outer loop
      vertex 23.2583 -3.33056 0
      vertex 23.2583 3.33056 0
      vertex 23.5652 2.91674 0
    endloop
  endfacet
  facet normal 0 0 -1
    outer loop
      vertex 22.9123 -3.71231 0
      vertex 23.2583 3.33056 0
      vertex 23.2583 -3.33056 0
    endloop
  endfacet
  facet normal 0 0 -1
    outer loop
      vertex 22.9123 -3.71231 0
      vertex 22.9123 3.71231 0
      vertex 23.2583 3.33056 0
    endloop
  endfacet
  facet normal 0 0 -1
    outer loop
      vertex 22.5306 -4.0583 0
      vertex 22.9123 3.71231 0
      vertex 22.9123 -3.71231 0
    endloop
  endfacet
  facet normal 0 0 -1
    outer loop
      vertex 22.5306 -4.0583 0
      vertex 22.5306 4.0583 0
      vertex 22.9123 3.71231 0
    endloop
  endfacet
  facet normal 0 0 -1
    outer loop
      vertex 22.1167 -4.36522 0
      vertex 22.5306 4.0583 0
      vertex 22.5306 -4.0583 0
    endloop
  endfacet
  facet normal 0 0 -1
    outer loop
      vertex 22.1167 -4.36522 0
      vertex 22.1167 4.36522 0
      vertex 22.5306 4.0583 0
    endloop
  endfacet
  facet normal 0 0 -1
    outer loop
      vertex 21.6748 -4.63009 0
      vertex 22.1167 4.36522 0
      vertex 22.1167 -4.36522 0
    endloop
  endfacet
  facet normal 0 0 -1
    outer loop
      vertex 21.6748 -4.63009 0
      vertex 21.6748 4.63009 0
      vertex 22.1167 4.36522 0
    endloop
  endfacet
  facet normal 0 0 -1
    outer loop
      vertex 21.2091 -4.85037 0
      vertex 21.6748 4.63009 0
      vertex 21.6748 -4.63009 0
    endloop
  endfacet
  facet normal 0 0 -1
    outer loop
      vertex 21.2091 -4.85037 0
      vertex 21.2091 4.85037 0
      vertex 21.6748 4.63009 0
    endloop
  endfacet
  facet normal 0 0 -1
    outer loop
      vertex 20.724 -5.02394 0
      vertex 21.2091 4.85037 0
      vertex 21.2091 -4.85037 0
    endloop
  endfacet
  facet normal 0 0 -1
    outer loop
      vertex 20.724 -5.02394 0
      vertex 20.724 5.02394 0
      vertex 21.2091 4.85037 0
    endloop
  endfacet
  facet normal 0 0 -1
    outer loop
      vertex 20.2242 -5.14912 0
      vertex 20.724 5.02394 0
      vertex 20.724 -5.02394 0
    endloop
  endfacet
  facet normal 0 0 -1
    outer loop
      vertex 20.2242 -5.14912 0
      vertex 20.2242 5.14912 0
      vertex 20.724 5.02394 0
    endloop
  endfacet
  facet normal 0 0 -1
    outer loop
      vertex 19.7146 -5.22472 0
      vertex 20.2242 5.14912 0
      vertex 20.2242 -5.14912 0
    endloop
  endfacet
  facet normal 0 0 -1
    outer loop
      vertex 19.7146 -5.22472 0
      vertex 19.7146 5.22472 0
      vertex 20.2242 5.14912 0
    endloop
  endfacet
  facet normal 0 0 -1
    outer loop
      vertex 19.2 -5.25 0
      vertex 19.7146 5.22472 0
      vertex 19.7146 -5.22472 0
    endloop
  endfacet
  facet normal 0 0 -1
    outer loop
      vertex 19.2 -5.25 0
      vertex 19.2 5.25 0
      vertex 19.7146 5.22472 0
    endloop
  endfacet
  facet normal 0 0 -1
    outer loop
      vertex 18.6854 -5.22472 0
      vertex 19.2 5.25 0
      vertex 19.2 -5.25 0
    endloop
  endfacet
  facet normal 0 0 -1
    outer loop
      vertex 18.6854 -5.22472 0
      vertex 18.6854 5.22472 0
      vertex 19.2 5.25 0
    endloop
  endfacet
  facet normal 0 0 -1
    outer loop
      vertex 18.1758 -5.14912 0
      vertex 18.6854 5.22472 0
      vertex 18.6854 -5.22472 0
    endloop
  endfacet
  facet normal 0 0 -1
    outer loop
      vertex 18.1758 -5.14912 0
      vertex 18.1758 5.14912 0
      vertex 18.6854 5.22472 0
    endloop
  endfacet
  facet normal 0 0 -1
    outer loop
      vertex 17.676 -5.02394 0
      vertex 18.1758 5.14912 0
      vertex 18.1758 -5.14912 0
    endloop
  endfacet
  facet normal 0 0 -1
    outer loop
      vertex 17.676 -5.02394 0
      vertex 17.676 5.02394 0
      vertex 18.1758 5.14912 0
    endloop
  endfacet
  facet normal 0 0 -1
    outer loop
      vertex 17.1909 -4.85037 0
      vertex 17.676 5.02394 0
      vertex 17.676 -5.02394 0
    endloop
  endfacet
  facet normal 0 0 -1
    outer loop
      vertex 17.1909 -4.85037 0
      vertex 17.1909 4.85037 0
      vertex 17.676 5.02394 0
    endloop
  endfacet
  facet normal 0 0 -1
    outer loop
      vertex 16.7252 -4.63009 0
      vertex 17.1909 4.85037 0
      vertex 17.1909 -4.85037 0
    endloop
  endfacet
  facet normal 0 0 -1
    outer loop
      vertex 16.7252 -4.63009 0
      vertex 16.7252 4.63009 0
      vertex 17.1909 4.85037 0
    endloop
  endfacet
  facet normal 0 0 -1
    outer loop
      vertex 16.2833 -4.36522 0
      vertex 16.7252 4.63009 0
      vertex 16.7252 -4.63009 0
    endloop
  endfacet
  facet normal 0 0 -1
    outer loop
      vertex 16.2833 -4.36522 0
      vertex 16.2833 4.36522 0
      vertex 16.7252 4.63009 0
    endloop
  endfacet
  facet normal 0 0 -1
    outer loop
      vertex 15.8694 -4.0583 0
      vertex 16.2833 4.36522 0
      vertex 16.2833 -4.36522 0
    endloop
  endfacet
  facet normal 0 0 -1
    outer loop
      vertex 15.8694 -4.0583 0
      vertex 15.8694 4.0583 0
      vertex 16.2833 4.36522 0
    endloop
  endfacet
  facet normal 0 0 -1
    outer loop
      vertex 15.4877 -3.71231 0
      vertex 15.8694 4.0583 0
      vertex 15.8694 -4.0583 0
    endloop
  endfacet
  facet normal 0 0 -1
    outer loop
      vertex 15.4877 -3.71231 0
      vertex 15.4877 3.71231 0
      vertex 15.8694 4.0583 0
    endloop
  endfacet
  facet normal 0 0 -1
    outer loop
      vertex 15.1417 -3.33056 0
      vertex 15.4877 3.71231 0
      vertex 15.4877 -3.71231 0
    endloop
  endfacet
  facet normal 0 0 -1
    outer loop
      vertex 15.1417 -3.33056 0
      vertex 15.1417 3.33056 0
      vertex 15.4877 3.71231 0
    endloop
  endfacet
  facet normal 0 0 -1
    outer loop
      vertex 14.8348 -2.91674 0
      vertex 15.1417 3.33056 0
      vertex 15.1417 -3.33056 0
    endloop
  endfacet
  facet normal 0 0 -1
    outer loop
      vertex 14.8348 -2.91674 0
      vertex 14.8348 2.91674 0
      vertex 15.1417 3.33056 0
    endloop
  endfacet
  facet normal 0 0 -1
    outer loop
      vertex 14.5699 -2.47483 0
      vertex 14.8348 2.91674 0
      vertex 14.8348 -2.91674 0
    endloop
  endfacet
  facet normal 0 0 -1
    outer loop
      vertex 14.5699 -2.47483 0
      vertex 14.5699 2.47483 0
      vertex 14.8348 2.91674 0
    endloop
  endfacet
  facet normal 0 0 -1
    outer loop
      vertex 14.3496 -2.00909 0
      vertex 14.5699 2.47483 0
      vertex 14.5699 -2.47483 0
    endloop
  endfacet
  facet normal 0 0 -1
    outer loop
      vertex 14.3496 -2.00909 0
      vertex 14.3496 2.00909 0
      vertex 14.5699 2.47483 0
    endloop
  endfacet
  facet normal 0 0 -1
    outer loop
      vertex 14.1761 -1.52399 0
      vertex 14.3496 2.00909 0
      vertex 14.3496 -2.00909 0
    endloop
  endfacet
  facet normal 0 0 -1
    outer loop
      vertex 14.1761 -1.52399 0
      vertex 14.1761 1.52399 0
      vertex 14.3496 2.00909 0
    endloop
  endfacet
  facet normal 0 0 -1
    outer loop
      vertex 14.0509 -1.02422 0
      vertex 14.1761 1.52399 0
      vertex 14.1761 -1.52399 0
    endloop
  endfacet
  facet normal 0 0 -1
    outer loop
      vertex 14.0509 -1.02422 0
      vertex 14.0509 1.02422 0
      vertex 14.1761 1.52399 0
    endloop
  endfacet
  facet normal 0 0 -1
    outer loop
      vertex 13.9753 -0.514589 0
      vertex 14.0509 1.02422 0
      vertex 14.0509 -1.02422 0
    endloop
  endfacet
  facet normal 0 0 -1
    outer loop
      vertex 13.9753 -0.514589 0
      vertex 13.9753 0.514589 0
      vertex 14.0509 1.02422 0
    endloop
  endfacet
  facet normal 0 -0 -1
    outer loop
      vertex 13.9753 0.514589 0
      vertex 13.9753 -0.514589 0
      vertex 13.95 0 0
    endloop
  endfacet
  facet normal -0.671688 -0.740834 0
    outer loop
      vertex 16.9373 -2.26274 8
      vertex 17.1699 -2.47363 8.4
      vertex 16.9373 -2.26274 8.4
    endloop
  endfacet
  facet normal -0.671688 -0.740834 -0
    outer loop
      vertex 17.1699 -2.47363 8.4
      vertex 16.9373 -2.26274 8
      vertex 17.1699 -2.47363 8
    endloop
  endfacet
  facet normal -0.94154 0.336901 0
    outer loop
      vertex 16.1378 0.92891 8
      vertex 16.2436 1.22459 8.4
      vertex 16.2436 1.22459 8
    endloop
  endfacet
  facet normal -0.94154 0.336901 0
    outer loop
      vertex 16.2436 1.22459 8.4
      vertex 16.1378 0.92891 8
      vertex 16.1378 0.92891 8.4
    endloop
  endfacet
  facet normal 0.989167 0.146798 0
    outer loop
      vertex 22.3846 0.313654 8.4
      vertex 22.3385 0.624289 8
      vertex 22.3385 0.624289 8.4
    endloop
  endfacet
  facet normal 0.989167 0.146798 0
    outer loop
      vertex 22.3385 0.624289 8
      vertex 22.3846 0.313654 8.4
      vertex 22.3846 0.313654 8
    endloop
  endfacet
  facet normal 0.998797 0.0490396 0
    outer loop
      vertex 22.4 0 8.4
      vertex 22.3846 0.313654 8
      vertex 22.3846 0.313654 8.4
    endloop
  endfacet
  facet normal 0.998797 0.0490396 0
    outer loop
      vertex 22.3846 0.313654 8
      vertex 22.4 0 8.4
      vertex 22.4 0 8
    endloop
  endfacet
  facet normal -0.514191 -0.857676 0
    outer loop
      vertex 17.4222 -2.6607 8
      vertex 17.6915 -2.82215 8.4
      vertex 17.4222 -2.6607 8.4
    endloop
  endfacet
  facet normal -0.514191 -0.857676 -0
    outer loop
      vertex 17.6915 -2.82215 8.4
      vertex 17.4222 -2.6607 8
      vertex 17.6915 -2.82215 8
    endloop
  endfacet
  facet normal 0.671688 0.740834 -0
    outer loop
      vertex 21.4627 2.26274 8
      vertex 21.2301 2.47363 8.4
      vertex 21.4627 2.26274 8.4
    endloop
  endfacet
  facet normal 0.671688 0.740834 0
    outer loop
      vertex 21.2301 2.47363 8.4
      vertex 21.4627 2.26274 8
      vertex 21.2301 2.47363 8
    endloop
  endfacet
  facet normal -0.146752 -0.989173 0
    outer loop
      vertex 18.5757 -3.13851 8
      vertex 18.8863 -3.18459 8.4
      vertex 18.5757 -3.13851 8.4
    endloop
  endfacet
  facet normal -0.146752 -0.989173 -0
    outer loop
      vertex 18.8863 -3.18459 8.4
      vertex 18.5757 -3.13851 8
      vertex 18.8863 -3.18459 8
    endloop
  endfacet
  facet normal 0.740933 0.671578 0
    outer loop
      vertex 21.6736 2.03006 8.4
      vertex 21.4627 2.26274 8
      vertex 21.4627 2.26274 8.4
    endloop
  endfacet
  facet normal 0.740933 0.671578 0
    outer loop
      vertex 21.4627 2.26274 8
      vertex 21.6736 2.03006 8.4
      vertex 21.6736 2.03006 8
    endloop
  endfacet
  facet normal 0.427517 0.904007 -0
    outer loop
      vertex 20.7085 2.82215 8
      vertex 20.4246 2.95641 8.4
      vertex 20.7085 2.82215 8.4
    endloop
  endfacet
  facet normal 0.427517 0.904007 0
    outer loop
      vertex 20.4246 2.95641 8.4
      vertex 20.7085 2.82215 8
      vertex 20.4246 2.95641 8
    endloop
  endfacet
  facet normal 0.0490642 -0.998796 0
    outer loop
      vertex 19.2 -3.2 8
      vertex 19.5137 -3.18459 8.4
      vertex 19.2 -3.2 8.4
    endloop
  endfacet
  facet normal 0.0490642 -0.998796 0
    outer loop
      vertex 19.5137 -3.18459 8.4
      vertex 19.2 -3.2 8
      vertex 19.5137 -3.18459 8
    endloop
  endfacet
  facet normal -0.740933 0.671578 0
    outer loop
      vertex 16.7264 2.03006 8
      vertex 16.9373 2.26274 8.4
      vertex 16.9373 2.26274 8
    endloop
  endfacet
  facet normal -0.740933 0.671578 0
    outer loop
      vertex 16.9373 2.26274 8.4
      vertex 16.7264 2.03006 8
      vertex 16.7264 2.03006 8.4
    endloop
  endfacet
  facet normal 0.989167 -0.146798 0
    outer loop
      vertex 22.3385 -0.624289 8.4
      vertex 22.3846 -0.313654 8
      vertex 22.3846 -0.313654 8.4
    endloop
  endfacet
  facet normal 0.989167 -0.146798 0
    outer loop
      vertex 22.3846 -0.313654 8
      vertex 22.3385 -0.624289 8.4
      vertex 22.3385 -0.624289 8
    endloop
  endfacet
  facet normal 0.903947 0.427646 0
    outer loop
      vertex 22.1564 1.22459 8.4
      vertex 22.0221 1.50847 8
      vertex 22.0221 1.50847 8.4
    endloop
  endfacet
  facet normal 0.903947 0.427646 0
    outer loop
      vertex 22.0221 1.50847 8
      vertex 22.1564 1.22459 8.4
      vertex 22.1564 1.22459 8
    endloop
  endfacet
  facet normal -0.242985 0.97003 0
    outer loop
      vertex 18.5757 3.13851 8
      vertex 18.2711 3.06221 8.4
      vertex 18.5757 3.13851 8.4
    endloop
  endfacet
  facet normal -0.242985 0.97003 0
    outer loop
      vertex 18.2711 3.06221 8.4
      vertex 18.5757 3.13851 8
      vertex 18.2711 3.06221 8
    endloop
  endfacet
  facet normal -0.803168 0.595753 0
    outer loop
      vertex 16.5393 1.77782 8
      vertex 16.7264 2.03006 8.4
      vertex 16.7264 2.03006 8
    endloop
  endfacet
  facet normal -0.803168 0.595753 0
    outer loop
      vertex 16.7264 2.03006 8.4
      vertex 16.5393 1.77782 8
      vertex 16.5393 1.77782 8.4
    endloop
  endfacet
  facet normal 0.242985 0.97003 -0
    outer loop
      vertex 20.1289 3.06221 8
      vertex 19.8243 3.13851 8.4
      vertex 20.1289 3.06221 8.4
    endloop
  endfacet
  facet normal 0.242985 0.97003 0
    outer loop
      vertex 19.8243 3.13851 8.4
      vertex 20.1289 3.06221 8
      vertex 19.8243 3.13851 8
    endloop
  endfacet
  facet normal 0.336881 0.941547 -0
    outer loop
      vertex 20.4246 2.95641 8
      vertex 20.1289 3.06221 8.4
      vertex 20.4246 2.95641 8.4
    endloop
  endfacet
  facet normal 0.336881 0.941547 0
    outer loop
      vertex 20.1289 3.06221 8.4
      vertex 20.4246 2.95641 8
      vertex 20.1289 3.06221 8
    endloop
  endfacet
  facet normal 0.94154 0.336901 0
    outer loop
      vertex 22.2622 0.92891 8.4
      vertex 22.1564 1.22459 8
      vertex 22.1564 1.22459 8.4
    endloop
  endfacet
  facet normal 0.94154 0.336901 0
    outer loop
      vertex 22.1564 1.22459 8
      vertex 22.2622 0.92891 8.4
      vertex 22.2622 0.92891 8
    endloop
  endfacet
  facet normal 0.5956 0.803281 -0
    outer loop
      vertex 21.2301 2.47363 8
      vertex 20.9778 2.6607 8.4
      vertex 21.2301 2.47363 8.4
    endloop
  endfacet
  facet normal 0.5956 0.803281 0
    outer loop
      vertex 20.9778 2.6607 8.4
      vertex 21.2301 2.47363 8
      vertex 20.9778 2.6607 8
    endloop
  endfacet
  facet normal -0.857788 -0.514004 0
    outer loop
      vertex 16.5393 -1.77782 8
      vertex 16.3779 -1.50847 8.4
      vertex 16.3779 -1.50847 8
    endloop
  endfacet
  facet normal -0.857788 -0.514004 0
    outer loop
      vertex 16.3779 -1.50847 8.4
      vertex 16.5393 -1.77782 8
      vertex 16.5393 -1.77782 8.4
    endloop
  endfacet
  facet normal 0.514191 0.857676 -0
    outer loop
      vertex 20.9778 2.6607 8
      vertex 20.7085 2.82215 8.4
      vertex 20.9778 2.6607 8.4
    endloop
  endfacet
  facet normal 0.514191 0.857676 0
    outer loop
      vertex 20.7085 2.82215 8.4
      vertex 20.9778 2.6607 8
      vertex 20.7085 2.82215 8
    endloop
  endfacet
  facet normal 0.94154 -0.336901 0
    outer loop
      vertex 22.1564 -1.22459 8.4
      vertex 22.2622 -0.92891 8
      vertex 22.2622 -0.92891 8.4
    endloop
  endfacet
  facet normal 0.94154 -0.336901 0
    outer loop
      vertex 22.2622 -0.92891 8
      vertex 22.1564 -1.22459 8.4
      vertex 22.1564 -1.22459 8
    endloop
  endfacet
  facet normal -0.857788 0.514004 0
    outer loop
      vertex 16.3779 1.50847 8
      vertex 16.5393 1.77782 8.4
      vertex 16.5393 1.77782 8
    endloop
  endfacet
  facet normal -0.857788 0.514004 0
    outer loop
      vertex 16.5393 1.77782 8.4
      vertex 16.3779 1.50847 8
      vertex 16.3779 1.50847 8.4
    endloop
  endfacet
  facet normal -0.970034 -0.242969 0
    outer loop
      vertex 16.1378 -0.92891 8
      vertex 16.0615 -0.624289 8.4
      vertex 16.0615 -0.624289 8
    endloop
  endfacet
  facet normal -0.970034 -0.242969 0
    outer loop
      vertex 16.0615 -0.624289 8.4
      vertex 16.1378 -0.92891 8
      vertex 16.1378 -0.92891 8.4
    endloop
  endfacet
  facet normal 0.0490642 0.998796 -0
    outer loop
      vertex 19.5137 3.18459 8
      vertex 19.2 3.2 8.4
      vertex 19.5137 3.18459 8.4
    endloop
  endfacet
  facet normal 0.0490642 0.998796 0
    outer loop
      vertex 19.2 3.2 8.4
      vertex 19.5137 3.18459 8
      vertex 19.2 3.2 8
    endloop
  endfacet
  facet normal 0.857788 0.514004 0
    outer loop
      vertex 22.0221 1.50847 8.4
      vertex 21.8607 1.77782 8
      vertex 21.8607 1.77782 8.4
    endloop
  endfacet
  facet normal 0.857788 0.514004 0
    outer loop
      vertex 21.8607 1.77782 8
      vertex 22.0221 1.50847 8.4
      vertex 22.0221 1.50847 8
    endloop
  endfacet
  facet normal -0.94154 -0.336901 0
    outer loop
      vertex 16.2436 -1.22459 8
      vertex 16.1378 -0.92891 8.4
      vertex 16.1378 -0.92891 8
    endloop
  endfacet
  facet normal -0.94154 -0.336901 0
    outer loop
      vertex 16.1378 -0.92891 8.4
      vertex 16.2436 -1.22459 8
      vertex 16.2436 -1.22459 8.4
    endloop
  endfacet
  facet normal -0.671688 0.740834 0
    outer loop
      vertex 17.1699 2.47363 8
      vertex 16.9373 2.26274 8.4
      vertex 17.1699 2.47363 8.4
    endloop
  endfacet
  facet normal -0.671688 0.740834 0
    outer loop
      vertex 16.9373 2.26274 8.4
      vertex 17.1699 2.47363 8
      vertex 16.9373 2.26274 8
    endloop
  endfacet
  facet normal 0.970034 -0.242969 0
    outer loop
      vertex 22.2622 -0.92891 8.4
      vertex 22.3385 -0.624289 8
      vertex 22.3385 -0.624289 8.4
    endloop
  endfacet
  facet normal 0.970034 -0.242969 0
    outer loop
      vertex 22.3385 -0.624289 8
      vertex 22.2622 -0.92891 8.4
      vertex 22.2622 -0.92891 8
    endloop
  endfacet
  facet normal -0.514191 0.857676 0
    outer loop
      vertex 17.6915 2.82215 8
      vertex 17.4222 2.6607 8.4
      vertex 17.6915 2.82215 8.4
    endloop
  endfacet
  facet normal -0.514191 0.857676 0
    outer loop
      vertex 17.4222 2.6607 8.4
      vertex 17.6915 2.82215 8
      vertex 17.4222 2.6607 8
    endloop
  endfacet
  facet normal -0.998797 -0.0490396 0
    outer loop
      vertex 16.0154 -0.313654 8
      vertex 16 0 8.4
      vertex 16 0 8
    endloop
  endfacet
  facet normal -0.998797 -0.0490396 0
    outer loop
      vertex 16 0 8.4
      vertex 16.0154 -0.313654 8
      vertex 16.0154 -0.313654 8.4
    endloop
  endfacet
  facet normal -0.970034 0.242969 0
    outer loop
      vertex 16.0615 0.624289 8
      vertex 16.1378 0.92891 8.4
      vertex 16.1378 0.92891 8
    endloop
  endfacet
  facet normal -0.970034 0.242969 0
    outer loop
      vertex 16.1378 0.92891 8.4
      vertex 16.0615 0.624289 8
      vertex 16.0615 0.624289 8.4
    endloop
  endfacet
  facet normal 0.427517 -0.904007 0
    outer loop
      vertex 20.4246 -2.95641 8
      vertex 20.7085 -2.82215 8.4
      vertex 20.4246 -2.95641 8.4
    endloop
  endfacet
  facet normal 0.427517 -0.904007 0
    outer loop
      vertex 20.7085 -2.82215 8.4
      vertex 20.4246 -2.95641 8
      vertex 20.7085 -2.82215 8
    endloop
  endfacet
  facet normal -0.336881 0.941547 0
    outer loop
      vertex 18.2711 3.06221 8
      vertex 17.9754 2.95641 8.4
      vertex 18.2711 3.06221 8.4
    endloop
  endfacet
  facet normal -0.336881 0.941547 0
    outer loop
      vertex 17.9754 2.95641 8.4
      vertex 18.2711 3.06221 8
      vertex 17.9754 2.95641 8
    endloop
  endfacet
  facet normal 0.514191 -0.857676 0
    outer loop
      vertex 20.7085 -2.82215 8
      vertex 20.9778 -2.6607 8.4
      vertex 20.7085 -2.82215 8.4
    endloop
  endfacet
  facet normal 0.514191 -0.857676 0
    outer loop
      vertex 20.9778 -2.6607 8.4
      vertex 20.7085 -2.82215 8
      vertex 20.9778 -2.6607 8
    endloop
  endfacet
  facet normal 0.146752 -0.989173 0
    outer loop
      vertex 19.5137 -3.18459 8
      vertex 19.8243 -3.13851 8.4
      vertex 19.5137 -3.18459 8.4
    endloop
  endfacet
  facet normal 0.146752 -0.989173 0
    outer loop
      vertex 19.8243 -3.13851 8.4
      vertex 19.5137 -3.18459 8
      vertex 19.8243 -3.13851 8
    endloop
  endfacet
  facet normal 0.740933 -0.671578 0
    outer loop
      vertex 21.4627 -2.26274 8.4
      vertex 21.6736 -2.03006 8
      vertex 21.6736 -2.03006 8.4
    endloop
  endfacet
  facet normal 0.740933 -0.671578 0
    outer loop
      vertex 21.6736 -2.03006 8
      vertex 21.4627 -2.26274 8.4
      vertex 21.4627 -2.26274 8
    endloop
  endfacet
  facet normal 0.803168 -0.595753 0
    outer loop
      vertex 21.6736 -2.03006 8.4
      vertex 21.8607 -1.77782 8
      vertex 21.8607 -1.77782 8.4
    endloop
  endfacet
  facet normal 0.803168 -0.595753 0
    outer loop
      vertex 21.8607 -1.77782 8
      vertex 21.6736 -2.03006 8.4
      vertex 21.6736 -2.03006 8
    endloop
  endfacet
  facet normal -0.427517 0.904007 0
    outer loop
      vertex 17.9754 2.95641 8
      vertex 17.6915 2.82215 8.4
      vertex 17.9754 2.95641 8.4
    endloop
  endfacet
  facet normal -0.427517 0.904007 0
    outer loop
      vertex 17.6915 2.82215 8.4
      vertex 17.9754 2.95641 8
      vertex 17.6915 2.82215 8
    endloop
  endfacet
  facet normal -0.5956 0.803281 0
    outer loop
      vertex 17.4222 2.6607 8
      vertex 17.1699 2.47363 8.4
      vertex 17.4222 2.6607 8.4
    endloop
  endfacet
  facet normal -0.5956 0.803281 0
    outer loop
      vertex 17.1699 2.47363 8.4
      vertex 17.4222 2.6607 8
      vertex 17.1699 2.47363 8
    endloop
  endfacet
  facet normal -0.989167 0.146798 0
    outer loop
      vertex 16.0154 0.313654 8
      vertex 16.0615 0.624289 8.4
      vertex 16.0615 0.624289 8
    endloop
  endfacet
  facet normal -0.989167 0.146798 0
    outer loop
      vertex 16.0615 0.624289 8.4
      vertex 16.0154 0.313654 8
      vertex 16.0154 0.313654 8.4
    endloop
  endfacet
  facet normal -0.242985 -0.97003 0
    outer loop
      vertex 18.2711 -3.06221 8
      vertex 18.5757 -3.13851 8.4
      vertex 18.2711 -3.06221 8.4
    endloop
  endfacet
  facet normal -0.242985 -0.97003 -0
    outer loop
      vertex 18.5757 -3.13851 8.4
      vertex 18.2711 -3.06221 8
      vertex 18.5757 -3.13851 8
    endloop
  endfacet
  facet normal 0.970034 0.242969 0
    outer loop
      vertex 22.3385 0.624289 8.4
      vertex 22.2622 0.92891 8
      vertex 22.2622 0.92891 8.4
    endloop
  endfacet
  facet normal 0.970034 0.242969 0
    outer loop
      vertex 22.2622 0.92891 8
      vertex 22.3385 0.624289 8.4
      vertex 22.3385 0.624289 8
    endloop
  endfacet
  facet normal 0.803168 0.595753 0
    outer loop
      vertex 21.8607 1.77782 8.4
      vertex 21.6736 2.03006 8
      vertex 21.6736 2.03006 8.4
    endloop
  endfacet
  facet normal 0.803168 0.595753 0
    outer loop
      vertex 21.6736 2.03006 8
      vertex 21.8607 1.77782 8.4
      vertex 21.8607 1.77782 8
    endloop
  endfacet
  facet normal -0.803168 -0.595753 0
    outer loop
      vertex 16.7264 -2.03006 8
      vertex 16.5393 -1.77782 8.4
      vertex 16.5393 -1.77782 8
    endloop
  endfacet
  facet normal -0.803168 -0.595753 0
    outer loop
      vertex 16.5393 -1.77782 8.4
      vertex 16.7264 -2.03006 8
      vertex 16.7264 -2.03006 8.4
    endloop
  endfacet
  facet normal -0.903947 -0.427646 0
    outer loop
      vertex 16.3779 -1.50847 8
      vertex 16.2436 -1.22459 8.4
      vertex 16.2436 -1.22459 8
    endloop
  endfacet
  facet normal -0.903947 -0.427646 0
    outer loop
      vertex 16.2436 -1.22459 8.4
      vertex 16.3779 -1.50847 8
      vertex 16.3779 -1.50847 8.4
    endloop
  endfacet
  facet normal 0.146752 0.989173 -0
    outer loop
      vertex 19.8243 3.13851 8
      vertex 19.5137 3.18459 8.4
      vertex 19.8243 3.13851 8.4
    endloop
  endfacet
  facet normal 0.146752 0.989173 0
    outer loop
      vertex 19.5137 3.18459 8.4
      vertex 19.8243 3.13851 8
      vertex 19.5137 3.18459 8
    endloop
  endfacet
  facet normal -0.0490642 0.998796 0
    outer loop
      vertex 19.2 3.2 8
      vertex 18.8863 3.18459 8.4
      vertex 19.2 3.2 8.4
    endloop
  endfacet
  facet normal -0.0490642 0.998796 0
    outer loop
      vertex 18.8863 3.18459 8.4
      vertex 19.2 3.2 8
      vertex 18.8863 3.18459 8
    endloop
  endfacet
  facet normal -0.427517 -0.904007 0
    outer loop
      vertex 17.6915 -2.82215 8
      vertex 17.9754 -2.95641 8.4
      vertex 17.6915 -2.82215 8.4
    endloop
  endfacet
  facet normal -0.427517 -0.904007 -0
    outer loop
      vertex 17.9754 -2.95641 8.4
      vertex 17.6915 -2.82215 8
      vertex 17.9754 -2.95641 8
    endloop
  endfacet
  facet normal 0.5956 -0.803281 0
    outer loop
      vertex 20.9778 -2.6607 8
      vertex 21.2301 -2.47363 8.4
      vertex 20.9778 -2.6607 8.4
    endloop
  endfacet
  facet normal 0.5956 -0.803281 0
    outer loop
      vertex 21.2301 -2.47363 8.4
      vertex 20.9778 -2.6607 8
      vertex 21.2301 -2.47363 8
    endloop
  endfacet
  facet normal 0.998797 -0.0490396 0
    outer loop
      vertex 22.3846 -0.313654 8.4
      vertex 22.4 0 8
      vertex 22.4 0 8.4
    endloop
  endfacet
  facet normal 0.998797 -0.0490396 0
    outer loop
      vertex 22.4 0 8
      vertex 22.3846 -0.313654 8.4
      vertex 22.3846 -0.313654 8
    endloop
  endfacet
  facet normal -0.146752 0.989173 0
    outer loop
      vertex 18.8863 3.18459 8
      vertex 18.5757 3.13851 8.4
      vertex 18.8863 3.18459 8.4
    endloop
  endfacet
  facet normal -0.146752 0.989173 0
    outer loop
      vertex 18.5757 3.13851 8.4
      vertex 18.8863 3.18459 8
      vertex 18.5757 3.13851 8
    endloop
  endfacet
  facet normal -0.989167 -0.146798 0
    outer loop
      vertex 16.0615 -0.624289 8
      vertex 16.0154 -0.313654 8.4
      vertex 16.0154 -0.313654 8
    endloop
  endfacet
  facet normal -0.989167 -0.146798 0
    outer loop
      vertex 16.0154 -0.313654 8.4
      vertex 16.0615 -0.624289 8
      vertex 16.0615 -0.624289 8.4
    endloop
  endfacet
  facet normal 0.336881 -0.941547 0
    outer loop
      vertex 20.1289 -3.06221 8
      vertex 20.4246 -2.95641 8.4
      vertex 20.1289 -3.06221 8.4
    endloop
  endfacet
  facet normal 0.336881 -0.941547 0
    outer loop
      vertex 20.4246 -2.95641 8.4
      vertex 20.1289 -3.06221 8
      vertex 20.4246 -2.95641 8
    endloop
  endfacet
  facet normal 0.242985 -0.97003 0
    outer loop
      vertex 19.8243 -3.13851 8
      vertex 20.1289 -3.06221 8.4
      vertex 19.8243 -3.13851 8.4
    endloop
  endfacet
  facet normal 0.242985 -0.97003 0
    outer loop
      vertex 20.1289 -3.06221 8.4
      vertex 19.8243 -3.13851 8
      vertex 20.1289 -3.06221 8
    endloop
  endfacet
  facet normal -0.740933 -0.671578 0
    outer loop
      vertex 16.9373 -2.26274 8
      vertex 16.7264 -2.03006 8.4
      vertex 16.7264 -2.03006 8
    endloop
  endfacet
  facet normal -0.740933 -0.671578 0
    outer loop
      vertex 16.7264 -2.03006 8.4
      vertex 16.9373 -2.26274 8
      vertex 16.9373 -2.26274 8.4
    endloop
  endfacet
  facet normal -0.903947 0.427646 0
    outer loop
      vertex 16.2436 1.22459 8
      vertex 16.3779 1.50847 8.4
      vertex 16.3779 1.50847 8
    endloop
  endfacet
  facet normal -0.903947 0.427646 0
    outer loop
      vertex 16.3779 1.50847 8.4
      vertex 16.2436 1.22459 8
      vertex 16.2436 1.22459 8.4
    endloop
  endfacet
  facet normal -0.5956 -0.803281 0
    outer loop
      vertex 17.1699 -2.47363 8
      vertex 17.4222 -2.6607 8.4
      vertex 17.1699 -2.47363 8.4
    endloop
  endfacet
  facet normal -0.5956 -0.803281 -0
    outer loop
      vertex 17.4222 -2.6607 8.4
      vertex 17.1699 -2.47363 8
      vertex 17.4222 -2.6607 8
    endloop
  endfacet
  facet normal 0.903947 -0.427646 0
    outer loop
      vertex 22.0221 -1.50847 8.4
      vertex 22.1564 -1.22459 8
      vertex 22.1564 -1.22459 8.4
    endloop
  endfacet
  facet normal 0.903947 -0.427646 0
    outer loop
      vertex 22.1564 -1.22459 8
      vertex 22.0221 -1.50847 8.4
      vertex 22.0221 -1.50847 8
    endloop
  endfacet
  facet normal 0.857788 -0.514004 0
    outer loop
      vertex 21.8607 -1.77782 8.4
      vertex 22.0221 -1.50847 8
      vertex 22.0221 -1.50847 8.4
    endloop
  endfacet
  facet normal 0.857788 -0.514004 0
    outer loop
      vertex 22.0221 -1.50847 8
      vertex 21.8607 -1.77782 8.4
      vertex 21.8607 -1.77782 8
    endloop
  endfacet
  facet normal -0.0490642 -0.998796 0
    outer loop
      vertex 18.8863 -3.18459 8
      vertex 19.2 -3.2 8.4
      vertex 18.8863 -3.18459 8.4
    endloop
  endfacet
  facet normal -0.0490642 -0.998796 -0
    outer loop
      vertex 19.2 -3.2 8.4
      vertex 18.8863 -3.18459 8
      vertex 19.2 -3.2 8
    endloop
  endfacet
  facet normal 0 0 1
    outer loop
      vertex 22.3846 0.313654 8.4
      vertex 22.3846 -0.313654 8.4
      vertex 22.4 0 8.4
    endloop
  endfacet
  facet normal 0 0 1
    outer loop
      vertex 22.3385 0.624289 8.4
      vertex 22.3846 -0.313654 8.4
      vertex 22.3846 0.313654 8.4
    endloop
  endfacet
  facet normal 0 0 1
    outer loop
      vertex 22.3385 0.624289 8.4
      vertex 22.3385 -0.624289 8.4
      vertex 22.3846 -0.313654 8.4
    endloop
  endfacet
  facet normal 0 0 1
    outer loop
      vertex 22.2622 0.92891 8.4
      vertex 22.3385 -0.624289 8.4
      vertex 22.3385 0.624289 8.4
    endloop
  endfacet
  facet normal 0 0 1
    outer loop
      vertex 22.2622 0.92891 8.4
      vertex 22.2622 -0.92891 8.4
      vertex 22.3385 -0.624289 8.4
    endloop
  endfacet
  facet normal 0 0 1
    outer loop
      vertex 22.1564 1.22459 8.4
      vertex 22.2622 -0.92891 8.4
      vertex 22.2622 0.92891 8.4
    endloop
  endfacet
  facet normal 0 0 1
    outer loop
      vertex 22.1564 1.22459 8.4
      vertex 22.1564 -1.22459 8.4
      vertex 22.2622 -0.92891 8.4
    endloop
  endfacet
  facet normal 0 0 1
    outer loop
      vertex 22.0221 1.50847 8.4
      vertex 22.1564 -1.22459 8.4
      vertex 22.1564 1.22459 8.4
    endloop
  endfacet
  facet normal 0 0 1
    outer loop
      vertex 22.0221 1.50847 8.4
      vertex 22.0221 -1.50847 8.4
      vertex 22.1564 -1.22459 8.4
    endloop
  endfacet
  facet normal 0 0 1
    outer loop
      vertex 21.8607 1.77782 8.4
      vertex 22.0221 -1.50847 8.4
      vertex 22.0221 1.50847 8.4
    endloop
  endfacet
  facet normal 0 0 1
    outer loop
      vertex 21.8607 1.77782 8.4
      vertex 21.8607 -1.77782 8.4
      vertex 22.0221 -1.50847 8.4
    endloop
  endfacet
  facet normal 0 0 1
    outer loop
      vertex 21.6736 2.03006 8.4
      vertex 21.8607 -1.77782 8.4
      vertex 21.8607 1.77782 8.4
    endloop
  endfacet
  facet normal 0 0 1
    outer loop
      vertex 21.6736 2.03006 8.4
      vertex 21.6736 -2.03006 8.4
      vertex 21.8607 -1.77782 8.4
    endloop
  endfacet
  facet normal 0 0 1
    outer loop
      vertex 21.4627 2.26274 8.4
      vertex 21.6736 -2.03006 8.4
      vertex 21.6736 2.03006 8.4
    endloop
  endfacet
  facet normal 0 0 1
    outer loop
      vertex 21.4627 2.26274 8.4
      vertex 21.4627 -2.26274 8.4
      vertex 21.6736 -2.03006 8.4
    endloop
  endfacet
  facet normal 0 0 1
    outer loop
      vertex 21.2301 2.47363 8.4
      vertex 21.4627 -2.26274 8.4
      vertex 21.4627 2.26274 8.4
    endloop
  endfacet
  facet normal 0 0 1
    outer loop
      vertex 21.2301 2.47363 8.4
      vertex 21.2301 -2.47363 8.4
      vertex 21.4627 -2.26274 8.4
    endloop
  endfacet
  facet normal 0 0 1
    outer loop
      vertex 20.9778 2.6607 8.4
      vertex 21.2301 -2.47363 8.4
      vertex 21.2301 2.47363 8.4
    endloop
  endfacet
  facet normal 0 0 1
    outer loop
      vertex 20.9778 2.6607 8.4
      vertex 20.9778 -2.6607 8.4
      vertex 21.2301 -2.47363 8.4
    endloop
  endfacet
  facet normal 0 0 1
    outer loop
      vertex 20.7085 2.82215 8.4
      vertex 20.9778 -2.6607 8.4
      vertex 20.9778 2.6607 8.4
    endloop
  endfacet
  facet normal 0 0 1
    outer loop
      vertex 20.7085 2.82215 8.4
      vertex 20.7085 -2.82215 8.4
      vertex 20.9778 -2.6607 8.4
    endloop
  endfacet
  facet normal 0 0 1
    outer loop
      vertex 20.4246 2.95641 8.4
      vertex 20.7085 -2.82215 8.4
      vertex 20.7085 2.82215 8.4
    endloop
  endfacet
  facet normal 0 0 1
    outer loop
      vertex 20.4246 2.95641 8.4
      vertex 20.4246 -2.95641 8.4
      vertex 20.7085 -2.82215 8.4
    endloop
  endfacet
  facet normal 0 0 1
    outer loop
      vertex 20.1289 3.06221 8.4
      vertex 20.4246 -2.95641 8.4
      vertex 20.4246 2.95641 8.4
    endloop
  endfacet
  facet normal 0 0 1
    outer loop
      vertex 20.1289 3.06221 8.4
      vertex 20.1289 -3.06221 8.4
      vertex 20.4246 -2.95641 8.4
    endloop
  endfacet
  facet normal 0 0 1
    outer loop
      vertex 19.8243 3.13851 8.4
      vertex 20.1289 -3.06221 8.4
      vertex 20.1289 3.06221 8.4
    endloop
  endfacet
  facet normal 0 0 1
    outer loop
      vertex 19.8243 3.13851 8.4
      vertex 19.8243 -3.13851 8.4
      vertex 20.1289 -3.06221 8.4
    endloop
  endfacet
  facet normal 0 0 1
    outer loop
      vertex 19.5137 3.18459 8.4
      vertex 19.8243 -3.13851 8.4
      vertex 19.8243 3.13851 8.4
    endloop
  endfacet
  facet normal 0 0 1
    outer loop
      vertex 19.5137 3.18459 8.4
      vertex 19.5137 -3.18459 8.4
      vertex 19.8243 -3.13851 8.4
    endloop
  endfacet
  facet normal 0 0 1
    outer loop
      vertex 19.2 3.2 8.4
      vertex 19.5137 -3.18459 8.4
      vertex 19.5137 3.18459 8.4
    endloop
  endfacet
  facet normal 0 0 1
    outer loop
      vertex 19.2 3.2 8.4
      vertex 19.2 -3.2 8.4
      vertex 19.5137 -3.18459 8.4
    endloop
  endfacet
  facet normal -0 0 1
    outer loop
      vertex 18.8863 3.18459 8.4
      vertex 19.2 -3.2 8.4
      vertex 19.2 3.2 8.4
    endloop
  endfacet
  facet normal 0 0 1
    outer loop
      vertex 18.8863 3.18459 8.4
      vertex 18.8863 -3.18459 8.4
      vertex 19.2 -3.2 8.4
    endloop
  endfacet
  facet normal -0 0 1
    outer loop
      vertex 18.5757 3.13851 8.4
      vertex 18.8863 -3.18459 8.4
      vertex 18.8863 3.18459 8.4
    endloop
  endfacet
  facet normal 0 0 1
    outer loop
      vertex 18.5757 3.13851 8.4
      vertex 18.5757 -3.13851 8.4
      vertex 18.8863 -3.18459 8.4
    endloop
  endfacet
  facet normal -0 0 1
    outer loop
      vertex 18.2711 3.06221 8.4
      vertex 18.5757 -3.13851 8.4
      vertex 18.5757 3.13851 8.4
    endloop
  endfacet
  facet normal 0 0 1
    outer loop
      vertex 18.2711 3.06221 8.4
      vertex 18.2711 -3.06221 8.4
      vertex 18.5757 -3.13851 8.4
    endloop
  endfacet
  facet normal -0 0 1
    outer loop
      vertex 17.9754 2.95641 8.4
      vertex 18.2711 -3.06221 8.4
      vertex 18.2711 3.06221 8.4
    endloop
  endfacet
  facet normal 0 0 1
    outer loop
      vertex 17.9754 2.95641 8.4
      vertex 17.9754 -2.95641 8.4
      vertex 18.2711 -3.06221 8.4
    endloop
  endfacet
  facet normal -0 0 1
    outer loop
      vertex 17.6915 2.82215 8.4
      vertex 17.9754 -2.95641 8.4
      vertex 17.9754 2.95641 8.4
    endloop
  endfacet
  facet normal 0 0 1
    outer loop
      vertex 17.6915 2.82215 8.4
      vertex 17.6915 -2.82215 8.4
      vertex 17.9754 -2.95641 8.4
    endloop
  endfacet
  facet normal -0 0 1
    outer loop
      vertex 17.4222 2.6607 8.4
      vertex 17.6915 -2.82215 8.4
      vertex 17.6915 2.82215 8.4
    endloop
  endfacet
  facet normal 0 0 1
    outer loop
      vertex 17.4222 2.6607 8.4
      vertex 17.4222 -2.6607 8.4
      vertex 17.6915 -2.82215 8.4
    endloop
  endfacet
  facet normal -0 0 1
    outer loop
      vertex 17.1699 2.47363 8.4
      vertex 17.4222 -2.6607 8.4
      vertex 17.4222 2.6607 8.4
    endloop
  endfacet
  facet normal 0 0 1
    outer loop
      vertex 17.1699 2.47363 8.4
      vertex 17.1699 -2.47363 8.4
      vertex 17.4222 -2.6607 8.4
    endloop
  endfacet
  facet normal -0 0 1
    outer loop
      vertex 16.9373 2.26274 8.4
      vertex 17.1699 -2.47363 8.4
      vertex 17.1699 2.47363 8.4
    endloop
  endfacet
  facet normal 0 0 1
    outer loop
      vertex 16.9373 2.26274 8.4
      vertex 16.9373 -2.26274 8.4
      vertex 17.1699 -2.47363 8.4
    endloop
  endfacet
  facet normal -0 0 1
    outer loop
      vertex 16.7264 2.03006 8.4
      vertex 16.9373 -2.26274 8.4
      vertex 16.9373 2.26274 8.4
    endloop
  endfacet
  facet normal 0 0 1
    outer loop
      vertex 16.7264 2.03006 8.4
      vertex 16.7264 -2.03006 8.4
      vertex 16.9373 -2.26274 8.4
    endloop
  endfacet
  facet normal -0 0 1
    outer loop
      vertex 16.5393 1.77782 8.4
      vertex 16.7264 -2.03006 8.4
      vertex 16.7264 2.03006 8.4
    endloop
  endfacet
  facet normal 0 0 1
    outer loop
      vertex 16.5393 1.77782 8.4
      vertex 16.5393 -1.77782 8.4
      vertex 16.7264 -2.03006 8.4
    endloop
  endfacet
  facet normal -0 0 1
    outer loop
      vertex 16.3779 1.50847 8.4
      vertex 16.5393 -1.77782 8.4
      vertex 16.5393 1.77782 8.4
    endloop
  endfacet
  facet normal 0 0 1
    outer loop
      vertex 16.3779 1.50847 8.4
      vertex 16.3779 -1.50847 8.4
      vertex 16.5393 -1.77782 8.4
    endloop
  endfacet
  facet normal -0 0 1
    outer loop
      vertex 16.2436 1.22459 8.4
      vertex 16.3779 -1.50847 8.4
      vertex 16.3779 1.50847 8.4
    endloop
  endfacet
  facet normal 0 0 1
    outer loop
      vertex 16.2436 1.22459 8.4
      vertex 16.2436 -1.22459 8.4
      vertex 16.3779 -1.50847 8.4
    endloop
  endfacet
  facet normal -0 0 1
    outer loop
      vertex 16.1378 0.92891 8.4
      vertex 16.2436 -1.22459 8.4
      vertex 16.2436 1.22459 8.4
    endloop
  endfacet
  facet normal 0 0 1
    outer loop
      vertex 16.1378 0.92891 8.4
      vertex 16.1378 -0.92891 8.4
      vertex 16.2436 -1.22459 8.4
    endloop
  endfacet
  facet normal -0 0 1
    outer loop
      vertex 16.0615 0.624289 8.4
      vertex 16.1378 -0.92891 8.4
      vertex 16.1378 0.92891 8.4
    endloop
  endfacet
  facet normal 0 0 1
    outer loop
      vertex 16.0615 0.624289 8.4
      vertex 16.0615 -0.624289 8.4
      vertex 16.1378 -0.92891 8.4
    endloop
  endfacet
  facet normal -0 0 1
    outer loop
      vertex 16.0154 0.313654 8.4
      vertex 16.0615 -0.624289 8.4
      vertex 16.0615 0.624289 8.4
    endloop
  endfacet
  facet normal 0 0 1
    outer loop
      vertex 16.0154 0.313654 8.4
      vertex 16.0154 -0.313654 8.4
      vertex 16.0615 -0.624289 8.4
    endloop
  endfacet
  facet normal 0 -0 1
    outer loop
      vertex 16.0154 -0.313654 8.4
      vertex 16.0154 0.313654 8.4
      vertex 16 0 8.4
    endloop
  endfacet
  facet normal -0.998797 0.0490396 0
    outer loop
      vertex 16 0 8
      vertex 16.0154 0.313654 8.4
      vertex 16.0154 0.313654 8
    endloop
  endfacet
  facet normal -0.998797 0.0490396 0
    outer loop
      vertex 16.0154 0.313654 8.4
      vertex 16 0 8
      vertex 16 0 8.4
    endloop
  endfacet
  facet normal -0.336881 -0.941547 0
    outer loop
      vertex 17.9754 -2.95641 8
      vertex 18.2711 -3.06221 8.4
      vertex 17.9754 -2.95641 8.4
    endloop
  endfacet
  facet normal -0.336881 -0.941547 -0
    outer loop
      vertex 18.2711 -3.06221 8.4
      vertex 17.9754 -2.95641 8
      vertex 18.2711 -3.06221 8
    endloop
  endfacet
  facet normal 0.671688 -0.740834 0
    outer loop
      vertex 21.2301 -2.47363 8
      vertex 21.4627 -2.26274 8.4
      vertex 21.2301 -2.47363 8.4
    endloop
  endfacet
  facet normal 0.671688 -0.740834 0
    outer loop
      vertex 21.4627 -2.26274 8.4
      vertex 21.2301 -2.47363 8
      vertex 21.4627 -2.26274 8
    endloop
  endfacet
  facet normal -0.383411 0.594642 0.70668
    outer loop
      vertex -14.225 24.6384 4
      vertex -14.9879 24.1465 4
      vertex -12.225 21.1743 8
    endloop
  endfacet
  facet normal 0.402653 0.581786 0.706679
    outer loop
      vertex -3.96896 23.9662 4
      vertex -6.82764 21.086 8
      vertex -6.404 20.7928 8
    endloop
  endfacet
  facet normal 0.149411 0.691576 0.706681
    outer loop
      vertex -7.20592 25.5625 4
      vertex -8.7448 21.8076 8
      vertex -8.2412 21.6988 8
    endloop
  endfacet
  facet normal -0.457742 -0.539519 0.706676
    outer loop
      vertex -13.1889 12.7959 8
      vertex -15.9232 9.87645 4
      vertex -15.231 9.28917 4
    endloop
  endfacet
  facet normal -0.707443 0.0115348 0.706676
    outer loop
      vertex -18.8302 17.2327 4
      vertex -18.845 16.325 4
      vertex -14.8388 16.9711 8
    endloop
  endfacet
  facet normal 0.323269 -0.62936 0.706684
    outer loop
      vertex -4.975 8.61695 4
      vertex -6.975 12.0811 8
      vertex -5.78246 8.2022 4
    endloop
  endfacet
  facet normal -0.658032 -0.260002 0.706678
    outer loop
      vertex -14.5714 14.9401 8
      vertex -18.3591 13.6544 4
      vertex -18.0255 12.8101 4
    endloop
  endfacet
  facet normal -0.673611 0.216456 0.706679
    outer loop
      vertex -18.2571 19.886 4
      vertex -18.5348 19.0218 4
      vertex -14.5135 18.477 8
    endloop
  endfacet
  facet normal -0.457702 -0.539548 0.70668
    outer loop
      vertex -13.1889 12.7959 8
      vertex -15.231 9.28917 4
      vertex -12.796 12.4626 8
    endloop
  endfacet
  facet normal 0.194277 -0.680341 0.706678
    outer loop
      vertex -6.62669 7.86858 4
      vertex -8.40785 11.5148 8
      vertex -7.49954 7.61933 4
    endloop
  endfacet
  facet normal -0.383422 0.594633 0.706681
    outer loop
      vertex -12.225 21.1743 8
      vertex -14.9879 24.1465 4
      vertex -12.658 20.8951 8
    endloop
  endfacet
  facet normal 0.0809057 0.702897 0.706675
    outer loop
      vertex -8.09322 25.7541 4
      vertex -8.99502 25.8579 4
      vertex -8.7448 21.8076 8
    endloop
  endfacet
  facet normal -0.281409 -0.64916 0.706682
    outer loop
      vertex -11.4493 11.7142 8
      vertex -13.6912 8.33162 4
      vertex -12.8583 7.97056 4
    endloop
  endfacet
  facet normal -0.402678 -0.581768 0.70668
    outer loop
      vertex -12.796 12.4626 8
      vertex -15.231 9.28917 4
      vertex -12.3724 12.1694 8
    endloop
  endfacet
  facet normal -0.194251 0.680345 0.70668
    outer loop
      vertex -11.7005 25.636 4
      vertex -12.5733 25.3868 4
      vertex -10.7922 21.7405 8
    endloop
  endfacet
  facet normal -0.696109 -0.126615 0.706683
    outer loop
      vertex -14.8051 15.9424 8
      vertex -18.7709 15.4203 4
      vertex -14.7129 15.4355 8
    endloop
  endfacet
  facet normal -0.216435 -0.673613 0.706683
    outer loop
      vertex -11.4493 11.7142 8
      vertex -11.9941 7.69287 4
      vertex -10.9588 11.5566 8
    endloop
  endfacet
  facet normal -0.492065 0.508408 0.706677
    outer loop
      vertex -13.0616 20.5748 8
      vertex -15.6989 23.5822 4
      vertex -13.4318 20.2165 8
    endloop
  endfacet
  facet normal 0.457754 0.539508 0.706677
    outer loop
      vertex -3.96896 23.9662 4
      vertex -6.01114 20.4595 8
      vertex -3.27677 23.3789 4
    endloop
  endfacet
  facet normal 0.260033 -0.658017 0.70668
    outer loop
      vertex -5.78246 8.2022 4
      vertex -7.91244 11.6563 8
      vertex -6.62669 7.86858 4
    endloop
  endfacet
  facet normal 0.260091 -0.657987 0.706686
    outer loop
      vertex -7.43329 11.8457 8
      vertex -7.91244 11.6563 8
      vertex -5.78246 8.2022 4
    endloop
  endfacet
  facet normal -0.260115 0.657978 0.706686
    outer loop
      vertex -11.2876 21.5991 8
      vertex -13.4175 25.0532 4
      vertex -11.7667 21.4097 8
    endloop
  endfacet
  facet normal 0.539486 -0.45778 0.706677
    outer loop
      vertex -2.26148 10.9966 4
      vertex -5.76821 13.0388 8
      vertex -2.84876 10.3045 4
    endloop
  endfacet
  facet normal -0.508408 -0.492065 0.706677
    outer loop
      vertex -13.5472 13.1661 8
      vertex -16.5545 10.5287 4
      vertex -13.1889 12.7959 8
    endloop
  endfacet
  facet normal -0.649167 0.281393 0.706682
    outer loop
      vertex -14.3086 18.9497 8
      vertex -17.8961 20.7189 4
      vertex -14.5135 18.477 8
    endloop
  endfacet
  facet normal -0.657975 -0.260114 0.706689
    outer loop
      vertex -14.5714 14.9401 8
      vertex -18.0255 12.8101 4
      vertex -14.382 14.461 8
    endloop
  endfacet
  facet normal 0.594638 0.383416 0.706681
    outer loop
      vertex -2.08117 22.0156 4
      vertex -5.05337 19.2527 8
      vertex -1.58926 21.2527 4
    endloop
  endfacet
  facet normal 0.539537 -0.457707 0.706685
    outer loop
      vertex -5.4349 13.4317 8
      vertex -5.76821 13.0388 8
      vertex -2.26148 10.9966 4
    endloop
  endfacet
  facet normal -0.53951 0.457749 0.706679
    outer loop
      vertex -16.3512 22.9509 4
      vertex -16.9385 22.2587 4
      vertex -13.4318 20.2165 8
    endloop
  endfacet
  facet normal 0.62937 0.323258 0.706681
    outer loop
      vertex -1.58926 21.2527 4
      vertex -5.05337 19.2527 8
      vertex -1.17451 20.4452 4
    endloop
  endfacet
  facet normal -0.323289 0.629354 0.706681
    outer loop
      vertex -13.4175 25.0532 4
      vertex -14.225 24.6384 4
      vertex -12.225 21.1743 8
    endloop
  endfacet
  facet normal 0.702897 -0.0808647 0.70668
    outer loop
      vertex -4.36124 16.2843 8
      vertex -4.42012 15.7725 8
      vertex -0.369806 16.0227 4
    endloop
  endfacet
  facet normal -0.618415 0.343747 0.706683
    outer loop
      vertex -14.0583 19.4 8
      vertex -17.4551 21.5123 4
      vertex -14.3086 18.9497 8
    endloop
  endfacet
  facet normal -0.323265 0.629364 0.706683
    outer loop
      vertex -11.7667 21.4097 8
      vertex -13.4175 25.0532 4
      vertex -12.225 21.1743 8
    endloop
  endfacet
  facet normal 0.0807506 0.702901 0.706689
    outer loop
      vertex -8.99502 25.8579 4
      vertex -9.25663 21.8664 8
      vertex -8.7448 21.8076 8
    endloop
  endfacet
  facet normal 0.492069 -0.508406 0.706676
    outer loop
      vertex -2.84876 10.3045 4
      vertex -5.76821 13.0388 8
      vertex -3.50105 9.67317 4
    endloop
  endfacet
  facet normal -0.691576 0.149411 0.706682
    outer loop
      vertex -14.6711 17.9865 8
      vertex -18.5348 19.0218 4
      vertex -14.7799 17.4829 8
    endloop
  endfacet
  facet normal 0.581806 -0.402627 0.706678
    outer loop
      vertex -1.74488 11.7431 4
      vertex -5.14169 13.8553 8
      vertex -2.26148 10.9966 4
    endloop
  endfacet
  facet normal -0.594633 -0.383422 0.706681
    outer loop
      vertex -14.1466 14.0027 8
      vertex -17.1188 11.2398 4
      vertex -13.8674 13.5697 8
    endloop
  endfacet
  facet normal -0.539493 0.457773 0.706676
    outer loop
      vertex -13.4318 20.2165 8
      vertex -16.9385 22.2587 4
      vertex -13.7651 19.8237 8
    endloop
  endfacet
  facet normal -0.126732 0.696089 0.706682
    outer loop
      vertex -10.8074 25.7986 4
      vertex -11.7005 25.636 4
      vertex -10.7922 21.7405 8
    endloop
  endfacet
  facet normal -0.554231 -0.439815 0.706676
    outer loop
      vertex -13.5472 13.1661 8
      vertex -17.1188 11.2398 4
      vertex -16.5545 10.5287 4
    endloop
  endfacet
  facet normal 0.281382 0.649175 0.70668
    outer loop
      vertex -6.34169 25.2848 4
      vertex -7.75069 21.5412 8
      vertex -5.50883 24.9238 4
    endloop
  endfacet
  facet normal -0.439851 0.554198 0.706679
    outer loop
      vertex -14.9879 24.1465 4
      vertex -15.6989 23.5822 4
      vertex -13.0616 20.5748 8
    endloop
  endfacet
  facet normal -0.194194 0.680367 0.706675
    outer loop
      vertex -10.7922 21.7405 8
      vertex -12.5733 25.3868 4
      vertex -11.2876 21.5991 8
    endloop
  endfacet
  facet normal -0.343711 -0.618437 0.706681
    outer loop
      vertex -11.922 11.9191 8
      vertex -14.4846 8.77257 4
      vertex -13.6912 8.33162 4
    endloop
  endfacet
  facet normal -0.649179 0.281371 0.70668
    outer loop
      vertex -17.8961 20.7189 4
      vertex -18.2571 19.886 4
      vertex -14.5135 18.477 8
    endloop
  endfacet
  facet normal -0.707443 0.0115344 0.706676
    outer loop
      vertex -14.8388 16.9711 8
      vertex -18.845 16.325 4
      vertex -14.8472 16.4559 8
    endloop
  endfacet
  facet normal -0.691598 0.149341 0.706675
    outer loop
      vertex -18.5348 19.0218 4
      vertex -18.7264 18.1345 4
      vertex -14.7799 17.4829 8
    endloop
  endfacet
  facet normal 0.649162 -0.281409 0.70668
    outer loop
      vertex -0.942871 13.3694 4
      vertex -4.68649 14.7784 8
      vertex -1.30393 12.5365 4
    endloop
  endfacet
  facet normal -0.61842 0.34374 0.706682
    outer loop
      vertex -17.4551 21.5123 4
      vertex -17.8961 20.7189 4
      vertex -14.3086 18.9497 8
    endloop
  endfacet
  facet normal -0.62936 -0.323263 0.706687
    outer loop
      vertex -14.382 14.461 8
      vertex -18.0255 12.8101 4
      vertex -14.1466 14.0027 8
    endloop
  endfacet
  facet normal 0.194316 -0.680326 0.706681
    outer loop
      vertex -7.91244 11.6563 8
      vertex -8.40785 11.5148 8
      vertex -6.62669 7.86858 4
    endloop
  endfacet
  facet normal -0.508402 -0.492073 0.706676
    outer loop
      vertex -13.1889 12.7959 8
      vertex -16.5545 10.5287 4
      vertex -15.9232 9.87645 4
    endloop
  endfacet
  facet normal -0.260029 0.658022 0.706677
    outer loop
      vertex -12.5733 25.3868 4
      vertex -13.4175 25.0532 4
      vertex -11.2876 21.5991 8
    endloop
  endfacet
  facet normal 0.383407 -0.59464 0.706684
    outer loop
      vertex -4.21208 9.10886 4
      vertex -6.975 12.0811 8
      vertex -4.975 8.61695 4
    endloop
  endfacet
  facet normal 0.126666 -0.696105 0.706677
    outer loop
      vertex -7.49954 7.61933 4
      vertex -8.40785 11.5148 8
      vertex -8.39263 7.45682 4
    endloop
  endfacet
  facet normal 0.705167 0.0578154 0.70668
    outer loop
      vertex -0.429136 17.8351 4
      vertex -4.35281 16.7995 8
      vertex -0.354953 16.9303 4
    endloop
  endfacet
  facet normal -0.629337 -0.32332 0.706682
    outer loop
      vertex -14.1466 14.0027 8
      vertex -18.0255 12.8101 4
      vertex -17.6107 12.0027 4
    endloop
  endfacet
  facet normal 0.32327 -0.62936 0.706684
    outer loop
      vertex -6.975 12.0811 8
      vertex -7.43329 11.8457 8
      vertex -5.78246 8.2022 4
    endloop
  endfacet
  facet normal -0.673615 0.216436 0.706681
    outer loop
      vertex -14.5135 18.477 8
      vertex -18.5348 19.0218 4
      vertex -14.6711 17.9865 8
    endloop
  endfacet
  facet normal -0.492051 0.508419 0.706679
    outer loop
      vertex -15.6989 23.5822 4
      vertex -16.3512 22.9509 4
      vertex -13.4318 20.2165 8
    endloop
  endfacet
  facet normal 0.554227 0.439811 0.706681
    outer loop
      vertex -2.08117 22.0156 4
      vertex -5.65284 20.0893 8
      vertex -5.33256 19.6857 8
    endloop
  endfacet
  facet normal -0.581778 0.402661 0.706681
    outer loop
      vertex -16.9385 22.2587 4
      vertex -17.4551 21.5123 4
      vertex -14.0583 19.4 8
    endloop
  endfacet
  facet normal -0.216448 -0.67361 0.706682
    outer loop
      vertex -11.4493 11.7142 8
      vertex -12.8583 7.97056 4
      vertex -11.9941 7.69287 4
    endloop
  endfacet
  facet normal 0.0115356 0.707434 0.706685
    outer loop
      vertex -8.99502 25.8579 4
      vertex -9.90265 25.8727 4
      vertex -9.25663 21.8664 8
    endloop
  endfacet
  facet normal -0.0808667 -0.702897 0.70668
    outer loop
      vertex -10.4552 11.4478 8
      vertex -11.1068 7.50124 4
      vertex -10.205 7.39749 4
    endloop
  endfacet
  facet normal -0.149411 -0.691573 0.706684
    outer loop
      vertex -10.9588 11.5566 8
      vertex -11.9941 7.69287 4
      vertex -10.4552 11.4478 8
    endloop
  endfacet
  facet normal 0.707438 -0.0115773 0.70668
    outer loop
      vertex -0.354953 16.9303 4
      vertex -4.36124 16.2843 8
      vertex -0.369806 16.0227 4
    endloop
  endfacet
  facet normal -0.0577546 0.705175 0.706677
    outer loop
      vertex -9.90265 25.8727 4
      vertex -10.8074 25.7986 4
      vertex -9.77178 21.8749 8
    endloop
  endfacet
  facet normal 0.0116729 0.707444 0.706673
    outer loop
      vertex -9.25663 21.8664 8
      vertex -9.90265 25.8727 4
      vertex -9.77178 21.8749 8
    endloop
  endfacet
  facet normal 0.149341 0.691598 0.706675
    outer loop
      vertex -8.09322 25.7541 4
      vertex -8.7448 21.8076 8
      vertex -7.20592 25.5625 4
    endloop
  endfacet
  facet normal 0.402659 0.581782 0.70668
    outer loop
      vertex -4.71537 24.4828 4
      vertex -6.82764 21.086 8
      vertex -3.96896 23.9662 4
    endloop
  endfacet
  facet normal 0.281389 0.649171 0.70668
    outer loop
      vertex -5.50883 24.9238 4
      vertex -7.75069 21.5412 8
      vertex -7.27798 21.3363 8
    endloop
  endfacet
  facet normal 0.649152 -0.281428 0.706682
    outer loop
      vertex -4.68649 14.7784 8
      vertex -4.89142 14.3057 8
      vertex -1.30393 12.5365 4
    endloop
  endfacet
  facet normal 0.383322 -0.594706 0.706674
    outer loop
      vertex -6.54199 12.3602 8
      vertex -6.975 12.0811 8
      vertex -4.21208 9.10886 4
    endloop
  endfacet
  facet normal 0.581758 -0.402685 0.706685
    outer loop
      vertex -5.14169 13.8553 8
      vertex -5.4349 13.4317 8
      vertex -2.26148 10.9966 4
    endloop
  endfacet
  facet normal -0.702897 0.0809056 0.706675
    outer loop
      vertex -18.7264 18.1345 4
      vertex -18.8302 17.2327 4
      vertex -14.7799 17.4829 8
    endloop
  endfacet
  facet normal -0.0808874 -0.702897 0.706678
    outer loop
      vertex -9.94337 11.3889 8
      vertex -10.4552 11.4478 8
      vertex -10.205 7.39749 4
    endloop
  endfacet
  facet normal -0.149362 -0.691588 0.70668
    outer loop
      vertex -10.4552 11.4478 8
      vertex -11.9941 7.69287 4
      vertex -11.1068 7.50124 4
    endloop
  endfacet
  facet normal -0.696105 -0.126657 0.70668
    outer loop
      vertex -14.7129 15.4355 8
      vertex -18.7709 15.4203 4
      vertex -18.6084 14.5272 4
    endloop
  endfacet
  facet normal -0.680326 -0.194323 0.706679
    outer loop
      vertex -14.7129 15.4355 8
      vertex -18.6084 14.5272 4
      vertex -18.3591 13.6544 4
    endloop
  endfacet
  facet normal -0.702897 0.0808923 0.706677
    outer loop
      vertex -14.7799 17.4829 8
      vertex -18.8302 17.2327 4
      vertex -14.8388 16.9711 8
    endloop
  endfacet
  facet normal 0.343721 0.618433 0.70668
    outer loop
      vertex -5.50883 24.9238 4
      vertex -7.27798 21.3363 8
      vertex -4.71537 24.4828 4
    endloop
  endfacet
  facet normal -0.554278 -0.439742 0.706684
    outer loop
      vertex -13.8674 13.5697 8
      vertex -17.1188 11.2398 4
      vertex -13.5472 13.1661 8
    endloop
  endfacet
  facet normal 0.492043 -0.508427 0.706679
    outer loop
      vertex -5.76821 13.0388 8
      vertex -6.13844 12.6805 8
      vertex -3.50105 9.67317 4
    endloop
  endfacet
  facet normal -0.0115744 -0.70744 0.706678
    outer loop
      vertex -9.94337 11.3889 8
      vertex -10.205 7.39749 4
      vertex -9.29735 7.38264 4
    endloop
  endfacet
  facet normal 0.126618 -0.69611 0.706682
    outer loop
      vertex -8.40785 11.5148 8
      vertex -8.91474 11.4226 8
      vertex -8.39263 7.45682 4
    endloop
  endfacet
  facet normal -0.439828 0.554214 0.706681
    outer loop
      vertex -12.658 20.8951 8
      vertex -14.9879 24.1465 4
      vertex -13.0616 20.5748 8
    endloop
  endfacet
  facet normal 0.343725 0.61843 0.706681
    outer loop
      vertex -4.71537 24.4828 4
      vertex -7.27798 21.3363 8
      vertex -6.82764 21.086 8
    endloop
  endfacet
  facet normal -0.126749 0.696088 0.70668
    outer loop
      vertex -10.2853 21.8328 8
      vertex -10.8074 25.7986 4
      vertex -10.7922 21.7405 8
    endloop
  endfacet
  facet normal -0.0578117 0.705165 0.706682
    outer loop
      vertex -9.77178 21.8749 8
      vertex -10.8074 25.7986 4
      vertex -10.2853 21.8328 8
    endloop
  endfacet
  facet normal 0.439864 -0.554191 0.706677
    outer loop
      vertex -6.13844 12.6805 8
      vertex -6.54199 12.3602 8
      vertex -4.21208 9.10886 4
    endloop
  endfacet
  facet normal -0.281394 -0.649169 0.706681
    outer loop
      vertex -11.922 11.9191 8
      vertex -13.6912 8.33162 4
      vertex -11.4493 11.7142 8
    endloop
  endfacet
  facet normal 0.0578163 -0.705167 0.706681
    outer loop
      vertex -8.91474 11.4226 8
      vertex -9.42822 11.3805 8
      vertex -8.39263 7.45682 4
    endloop
  endfacet
  facet normal -0.0115354 -0.707438 0.706682
    outer loop
      vertex -9.42822 11.3805 8
      vertex -9.94337 11.3889 8
      vertex -9.29735 7.38264 4
    endloop
  endfacet
  facet normal 0.594641 0.383413 0.70668
    outer loop
      vertex -2.08117 22.0156 4
      vertex -5.33256 19.6857 8
      vertex -5.05337 19.2527 8
    endloop
  endfacet
  facet normal 0.508425 0.492049 0.706677
    outer loop
      vertex -3.27677 23.3789 4
      vertex -6.01114 20.4595 8
      vertex -2.64548 22.7266 4
    endloop
  endfacet
  facet normal -0.581816 0.402616 0.706676
    outer loop
      vertex -13.7651 19.8237 8
      vertex -16.9385 22.2587 4
      vertex -14.0583 19.4 8
    endloop
  endfacet
  facet normal -0.705175 -0.0577578 0.706677
    outer loop
      vertex -14.8472 16.4559 8
      vertex -18.845 16.325 4
      vertex -18.7709 15.4203 4
    endloop
  endfacet
  facet normal 0.702897 -0.080862 0.70668
    outer loop
      vertex -0.369806 16.0227 4
      vertex -4.42012 15.7725 8
      vertex -0.47355 15.1209 4
    endloop
  endfacet
  facet normal 0.216432 0.673617 0.70668
    outer loop
      vertex -7.20592 25.5625 4
      vertex -8.2412 21.6988 8
      vertex -7.75069 21.5412 8
    endloop
  endfacet
  facet normal 0.0578181 -0.705166 0.706681
    outer loop
      vertex -8.39263 7.45682 4
      vertex -9.42822 11.3805 8
      vertex -9.29735 7.38264 4
    endloop
  endfacet
  facet normal 0.21645 0.673613 0.706679
    outer loop
      vertex -7.20592 25.5625 4
      vertex -7.75069 21.5412 8
      vertex -6.34169 25.2848 4
    endloop
  endfacet
  facet normal -0.705165 -0.0578139 0.706682
    outer loop
      vertex -14.8472 16.4559 8
      vertex -18.7709 15.4203 4
      vertex -14.8051 15.9424 8
    endloop
  endfacet
  facet normal 0.439845 -0.554204 0.706679
    outer loop
      vertex -3.50105 9.67317 4
      vertex -6.13844 12.6805 8
      vertex -4.21208 9.10886 4
    endloop
  endfacet
  facet normal 0.680339 0.194272 0.706681
    outer loop
      vertex -0.840896 19.601 4
      vertex -4.48715 17.8198 8
      vertex -0.591638 18.7281 4
    endloop
  endfacet
  facet normal -0.594642 -0.383411 0.70668
    outer loop
      vertex -14.1466 14.0027 8
      vertex -17.6107 12.0027 4
      vertex -17.1188 11.2398 4
    endloop
  endfacet
  facet normal 0.658013 0.260036 0.706682
    outer loop
      vertex -1.17451 20.4452 4
      vertex -4.62862 18.3152 8
      vertex -0.840896 19.601 4
    endloop
  endfacet
  facet normal 0.45773 0.539525 0.70668
    outer loop
      vertex -3.96896 23.9662 4
      vertex -6.404 20.7928 8
      vertex -6.01114 20.4595 8
    endloop
  endfacet
  facet normal 0.673613 -0.216445 0.70668
    outer loop
      vertex -0.665187 14.2336 4
      vertex -4.68649 14.7784 8
      vertex -0.942871 13.3694 4
    endloop
  endfacet
  facet normal -0.680327 -0.19432 0.706678
    outer loop
      vertex -14.7129 15.4355 8
      vertex -18.3591 13.6544 4
      vertex -14.5714 14.9401 8
    endloop
  endfacet
  facet normal -0.402663 -0.58178 0.706678
    outer loop
      vertex -12.3724 12.1694 8
      vertex -15.231 9.28917 4
      vertex -14.4846 8.77257 4
    endloop
  endfacet
  facet normal 0.618437 -0.34371 0.706682
    outer loop
      vertex -1.30393 12.5365 4
      vertex -4.89142 14.3057 8
      vertex -1.74488 11.7431 4
    endloop
  endfacet
  facet normal 0.673615 -0.216436 0.706681
    outer loop
      vertex -4.52889 15.2689 8
      vertex -4.68649 14.7784 8
      vertex -0.665187 14.2336 4
    endloop
  endfacet
  facet normal 0.554197 0.439858 0.706676
    outer loop
      vertex -2.64548 22.7266 4
      vertex -5.65284 20.0893 8
      vertex -2.08117 22.0156 4
    endloop
  endfacet
  facet normal 0.691585 -0.149372 0.706681
    outer loop
      vertex -4.42012 15.7725 8
      vertex -4.52889 15.2689 8
      vertex -0.665187 14.2336 4
    endloop
  endfacet
  facet normal 0.691587 -0.149367 0.706681
    outer loop
      vertex -0.47355 15.1209 4
      vertex -4.42012 15.7725 8
      vertex -0.665187 14.2336 4
    endloop
  endfacet
  facet normal 0.629367 0.323266 0.70668
    outer loop
      vertex -1.17451 20.4452 4
      vertex -5.05337 19.2527 8
      vertex -4.81797 18.7944 8
    endloop
  endfacet
  facet normal 0.696101 0.126672 0.706681
    outer loop
      vertex -0.591638 18.7281 4
      vertex -4.48715 17.8198 8
      vertex -0.429136 17.8351 4
    endloop
  endfacet
  facet normal 0.680335 0.194281 0.706682
    outer loop
      vertex -0.840896 19.601 4
      vertex -4.62862 18.3152 8
      vertex -4.48715 17.8198 8
    endloop
  endfacet
  facet normal 0.705165 0.0578277 0.706681
    outer loop
      vertex -0.429136 17.8351 4
      vertex -4.39492 17.313 8
      vertex -4.35281 16.7995 8
    endloop
  endfacet
  facet normal -0.343691 -0.618451 0.706679
    outer loop
      vertex -12.3724 12.1694 8
      vertex -14.4846 8.77257 4
      vertex -11.922 11.9191 8
    endloop
  endfacet
  facet normal 0.50841 0.492067 0.706675
    outer loop
      vertex -2.64548 22.7266 4
      vertex -6.01114 20.4595 8
      vertex -5.65284 20.0893 8
    endloop
  endfacet
  facet normal 0.658026 0.260011 0.706679
    outer loop
      vertex -1.17451 20.4452 4
      vertex -4.81797 18.7944 8
      vertex -4.62862 18.3152 8
    endloop
  endfacet
  facet normal 0.707438 -0.0115755 0.706681
    outer loop
      vertex -4.35281 16.7995 8
      vertex -4.36124 16.2843 8
      vertex -0.354953 16.9303 4
    endloop
  endfacet
  facet normal 0.618471 -0.34366 0.706677
    outer loop
      vertex -4.89142 14.3057 8
      vertex -5.14169 13.8553 8
      vertex -1.74488 11.7431 4
    endloop
  endfacet
  facet normal 0.6961 0.12668 0.70668
    outer loop
      vertex -0.429136 17.8351 4
      vertex -4.48715 17.8198 8
      vertex -4.39492 17.313 8
    endloop
  endfacet
  facet normal 0 0 1
    outer loop
      vertex -6.40171 16.7324 8
      vertex -4.35281 16.7995 8
      vertex -4.39492 17.313 8
    endloop
  endfacet
  facet normal 0 0 1
    outer loop
      vertex -4.35281 16.7995 8
      vertex -6.40171 16.7324 8
      vertex -4.36124 16.2843 8
    endloop
  endfacet
  facet normal 0 0 1
    outer loop
      vertex -6.42738 17.0454 8
      vertex -4.39492 17.313 8
      vertex -4.48715 17.8198 8
    endloop
  endfacet
  facet normal -0 0 1
    outer loop
      vertex -6.40685 16.4184 8
      vertex -4.36124 16.2843 8
      vertex -6.40171 16.7324 8
    endloop
  endfacet
  facet normal 0 0 1
    outer loop
      vertex -6.48359 17.3543 8
      vertex -4.48715 17.8198 8
      vertex -4.62862 18.3152 8
    endloop
  endfacet
  facet normal 0 0 1
    outer loop
      vertex -4.36124 16.2843 8
      vertex -6.40685 16.4184 8
      vertex -4.42012 15.7725 8
    endloop
  endfacet
  facet normal 0 0 1
    outer loop
      vertex -6.56982 17.6563 8
      vertex -4.62862 18.3152 8
      vertex -4.81797 18.7944 8
    endloop
  endfacet
  facet normal -0 0 1
    outer loop
      vertex -6.44274 16.1064 8
      vertex -4.42012 15.7725 8
      vertex -6.40685 16.4184 8
    endloop
  endfacet
  facet normal 0 0 1
    outer loop
      vertex -6.68524 17.9484 8
      vertex -4.81797 18.7944 8
      vertex -5.05337 19.2527 8
    endloop
  endfacet
  facet normal 0 0 1
    outer loop
      vertex -4.42012 15.7725 8
      vertex -6.44274 16.1064 8
      vertex -4.52889 15.2689 8
    endloop
  endfacet
  facet normal 0 0 1
    outer loop
      vertex -6.82872 18.2277 8
      vertex -5.05337 19.2527 8
      vertex -5.33256 19.6857 8
    endloop
  endfacet
  facet normal -0 0 1
    outer loop
      vertex -6.50904 15.7995 8
      vertex -4.52889 15.2689 8
      vertex -6.44274 16.1064 8
    endloop
  endfacet
  facet normal 0 0 1
    outer loop
      vertex -6.99889 18.4916 8
      vertex -5.33256 19.6857 8
      vertex -5.65284 20.0893 8
    endloop
  endfacet
  facet normal 0 0 1
    outer loop
      vertex -4.52889 15.2689 8
      vertex -6.50904 15.7995 8
      vertex -4.68649 14.7784 8
    endloop
  endfacet
  facet normal 0 0 1
    outer loop
      vertex -7.19411 18.7376 8
      vertex -5.65284 20.0893 8
      vertex -6.01114 20.4595 8
    endloop
  endfacet
  facet normal -0 0 1
    outer loop
      vertex -6.6051 15.5005 8
      vertex -4.68649 14.7784 8
      vertex -6.50904 15.7995 8
    endloop
  endfacet
  facet normal 0 0 1
    outer loop
      vertex -4.68649 14.7784 8
      vertex -6.6051 15.5005 8
      vertex -4.89142 14.3057 8
    endloop
  endfacet
  facet normal 0 0 1
    outer loop
      vertex -7.41251 18.9633 8
      vertex -6.01114 20.4595 8
      vertex -6.404 20.7928 8
    endloop
  endfacet
  facet normal 0 0 1
    outer loop
      vertex -4.39492 17.313 8
      vertex -6.42738 17.0454 8
      vertex -6.40171 16.7324 8
    endloop
  endfacet
  facet normal 0 0 1
    outer loop
      vertex -4.48715 17.8198 8
      vertex -6.48359 17.3543 8
      vertex -6.42738 17.0454 8
    endloop
  endfacet
  facet normal 0 0 1
    outer loop
      vertex -4.62862 18.3152 8
      vertex -6.56982 17.6563 8
      vertex -6.48359 17.3543 8
    endloop
  endfacet
  facet normal 0 0 1
    outer loop
      vertex -4.81797 18.7944 8
      vertex -6.68524 17.9484 8
      vertex -6.56982 17.6563 8
    endloop
  endfacet
  facet normal 0 0 1
    outer loop
      vertex -7.65196 19.1664 8
      vertex -6.404 20.7928 8
      vertex -6.82764 21.086 8
    endloop
  endfacet
  facet normal 0 0 1
    outer loop
      vertex -5.05337 19.2527 8
      vertex -6.82872 18.2277 8
      vertex -6.68524 17.9484 8
    endloop
  endfacet
  facet normal 0 0 1
    outer loop
      vertex -5.33256 19.6857 8
      vertex -6.99889 18.4916 8
      vertex -6.82872 18.2277 8
    endloop
  endfacet
  facet normal 0 0 1
    outer loop
      vertex -5.65284 20.0893 8
      vertex -7.19411 18.7376 8
      vertex -6.99889 18.4916 8
    endloop
  endfacet
  facet normal 0 0 1
    outer loop
      vertex -7.91018 19.3451 8
      vertex -6.82764 21.086 8
      vertex -7.27798 21.3363 8
    endloop
  endfacet
  facet normal 0 0 1
    outer loop
      vertex -6.01114 20.4595 8
      vertex -7.41251 18.9633 8
      vertex -7.19411 18.7376 8
    endloop
  endfacet
  facet normal 0 0 1
    outer loop
      vertex -6.404 20.7928 8
      vertex -7.65196 19.1664 8
      vertex -7.41251 18.9633 8
    endloop
  endfacet
  facet normal 0 0 1
    outer loop
      vertex -8.18468 19.4977 8
      vertex -7.27798 21.3363 8
      vertex -7.75069 21.5412 8
    endloop
  endfacet
  facet normal 0 0 1
    outer loop
      vertex -6.82764 21.086 8
      vertex -7.91018 19.3451 8
      vertex -7.65196 19.1664 8
    endloop
  endfacet
  facet normal 0 0 1
    outer loop
      vertex -7.27798 21.3363 8
      vertex -8.18468 19.4977 8
      vertex -7.91018 19.3451 8
    endloop
  endfacet
  facet normal 0 0 1
    outer loop
      vertex -8.4728 19.6226 8
      vertex -7.75069 21.5412 8
      vertex -8.2412 21.6988 8
    endloop
  endfacet
  facet normal 0 0 1
    outer loop
      vertex -7.75069 21.5412 8
      vertex -8.4728 19.6226 8
      vertex -8.18468 19.4977 8
    endloop
  endfacet
  facet normal 0 0 1
    outer loop
      vertex -8.77178 19.7186 8
      vertex -8.2412 21.6988 8
      vertex -8.7448 21.8076 8
    endloop
  endfacet
  facet normal 0 0 1
    outer loop
      vertex -8.2412 21.6988 8
      vertex -8.77178 19.7186 8
      vertex -8.4728 19.6226 8
    endloop
  endfacet
  facet normal 0 0 1
    outer loop
      vertex -8.7448 21.8076 8
      vertex -9.07873 19.7849 8
      vertex -8.77178 19.7186 8
    endloop
  endfacet
  facet normal 0 0 1
    outer loop
      vertex -9.25663 21.8664 8
      vertex -9.07873 19.7849 8
      vertex -8.7448 21.8076 8
    endloop
  endfacet
  facet normal 0 0 1
    outer loop
      vertex -9.25663 21.8664 8
      vertex -9.39071 19.8208 8
      vertex -9.07873 19.7849 8
    endloop
  endfacet
  facet normal 0 0 1
    outer loop
      vertex -9.25663 21.8664 8
      vertex -9.7047 19.826 8
      vertex -9.39071 19.8208 8
    endloop
  endfacet
  facet normal 0 0 1
    outer loop
      vertex -9.77178 21.8749 8
      vertex -9.7047 19.826 8
      vertex -9.25663 21.8664 8
    endloop
  endfacet
  facet normal 0 0 1
    outer loop
      vertex -9.77178 21.8749 8
      vertex -10.0177 19.8003 8
      vertex -9.7047 19.826 8
    endloop
  endfacet
  facet normal -0 0 1
    outer loop
      vertex -10.2853 21.8328 8
      vertex -10.0177 19.8003 8
      vertex -9.77178 21.8749 8
    endloop
  endfacet
  facet normal 0 0 1
    outer loop
      vertex -10.2853 21.8328 8
      vertex -10.3266 19.7441 8
      vertex -10.0177 19.8003 8
    endloop
  endfacet
  facet normal -0 0 1
    outer loop
      vertex -10.7922 21.7405 8
      vertex -10.3266 19.7441 8
      vertex -10.2853 21.8328 8
    endloop
  endfacet
  facet normal 0 0 1
    outer loop
      vertex -10.3266 19.7441 8
      vertex -10.7922 21.7405 8
      vertex -10.6286 19.6579 8
    endloop
  endfacet
  facet normal -0 0 1
    outer loop
      vertex -11.2876 21.5991 8
      vertex -10.6286 19.6579 8
      vertex -10.7922 21.7405 8
    endloop
  endfacet
  facet normal 0 0 1
    outer loop
      vertex -10.6286 19.6579 8
      vertex -11.2876 21.5991 8
      vertex -10.9207 19.5424 8
    endloop
  endfacet
  facet normal -0 0 1
    outer loop
      vertex -11.7667 21.4097 8
      vertex -10.9207 19.5424 8
      vertex -11.2876 21.5991 8
    endloop
  endfacet
  facet normal 0 0 1
    outer loop
      vertex -10.9207 19.5424 8
      vertex -11.7667 21.4097 8
      vertex -11.2 19.399 8
    endloop
  endfacet
  facet normal -0 0 1
    outer loop
      vertex -12.225 21.1743 8
      vertex -11.2 19.399 8
      vertex -11.7667 21.4097 8
    endloop
  endfacet
  facet normal 0 0 1
    outer loop
      vertex -11.2 19.399 8
      vertex -12.225 21.1743 8
      vertex -11.4639 19.2288 8
    endloop
  endfacet
  facet normal -0 0 1
    outer loop
      vertex -12.658 20.8951 8
      vertex -11.4639 19.2288 8
      vertex -12.225 21.1743 8
    endloop
  endfacet
  facet normal 0 0 1
    outer loop
      vertex -11.4639 19.2288 8
      vertex -12.658 20.8951 8
      vertex -11.7099 19.0336 8
    endloop
  endfacet
  facet normal -0 0 1
    outer loop
      vertex -13.0616 20.5748 8
      vertex -11.7099 19.0336 8
      vertex -12.658 20.8951 8
    endloop
  endfacet
  facet normal 0 0 1
    outer loop
      vertex -11.7099 19.0336 8
      vertex -13.0616 20.5748 8
      vertex -11.9356 18.8152 8
    endloop
  endfacet
  facet normal -0 0 1
    outer loop
      vertex -13.4318 20.2165 8
      vertex -11.9356 18.8152 8
      vertex -13.0616 20.5748 8
    endloop
  endfacet
  facet normal 0 0 1
    outer loop
      vertex -11.9356 18.8152 8
      vertex -13.4318 20.2165 8
      vertex -12.1387 18.5757 8
    endloop
  endfacet
  facet normal -0 0 1
    outer loop
      vertex -13.7651 19.8237 8
      vertex -12.1387 18.5757 8
      vertex -13.4318 20.2165 8
    endloop
  endfacet
  facet normal 0 0 1
    outer loop
      vertex -12.1387 18.5757 8
      vertex -13.7651 19.8237 8
      vertex -12.3174 18.3175 8
    endloop
  endfacet
  facet normal -0 0 1
    outer loop
      vertex -14.0583 19.4 8
      vertex -12.3174 18.3175 8
      vertex -13.7651 19.8237 8
    endloop
  endfacet
  facet normal 0 0 1
    outer loop
      vertex -12.3174 18.3175 8
      vertex -14.0583 19.4 8
      vertex -12.47 18.043 8
    endloop
  endfacet
  facet normal 0 0 1
    outer loop
      vertex -12.47 18.043 8
      vertex -14.3086 18.9497 8
      vertex -12.5949 17.7549 8
    endloop
  endfacet
  facet normal -0 0 1
    outer loop
      vertex -14.3086 18.9497 8
      vertex -12.47 18.043 8
      vertex -14.0583 19.4 8
    endloop
  endfacet
  facet normal -0 0 1
    outer loop
      vertex -6.73001 15.2124 8
      vertex -4.89142 14.3057 8
      vertex -6.6051 15.5005 8
    endloop
  endfacet
  facet normal 0 0 1
    outer loop
      vertex -4.89142 14.3057 8
      vertex -6.73001 15.2124 8
      vertex -5.14169 13.8553 8
    endloop
  endfacet
  facet normal -0 0 1
    outer loop
      vertex -6.88255 14.9379 8
      vertex -5.14169 13.8553 8
      vertex -6.73001 15.2124 8
    endloop
  endfacet
  facet normal 0 0 1
    outer loop
      vertex -5.14169 13.8553 8
      vertex -6.88255 14.9379 8
      vertex -5.4349 13.4317 8
    endloop
  endfacet
  facet normal -0 0 1
    outer loop
      vertex -7.06127 14.6797 8
      vertex -5.4349 13.4317 8
      vertex -6.88255 14.9379 8
    endloop
  endfacet
  facet normal 0 0 1
    outer loop
      vertex -5.4349 13.4317 8
      vertex -7.06127 14.6797 8
      vertex -5.76821 13.0388 8
    endloop
  endfacet
  facet normal -0 0 1
    outer loop
      vertex -7.26444 14.4402 8
      vertex -5.76821 13.0388 8
      vertex -7.06127 14.6797 8
    endloop
  endfacet
  facet normal 0 0 1
    outer loop
      vertex -5.76821 13.0388 8
      vertex -7.26444 14.4402 8
      vertex -6.13844 12.6805 8
    endloop
  endfacet
  facet normal -0 0 1
    outer loop
      vertex -7.49009 14.2218 8
      vertex -6.13844 12.6805 8
      vertex -7.26444 14.4402 8
    endloop
  endfacet
  facet normal 0 0 1
    outer loop
      vertex -6.13844 12.6805 8
      vertex -7.49009 14.2218 8
      vertex -6.54199 12.3602 8
    endloop
  endfacet
  facet normal -0 0 1
    outer loop
      vertex -7.73607 14.0266 8
      vertex -6.54199 12.3602 8
      vertex -7.49009 14.2218 8
    endloop
  endfacet
  facet normal 0 0 1
    outer loop
      vertex -6.54199 12.3602 8
      vertex -7.73607 14.0266 8
      vertex -6.975 12.0811 8
    endloop
  endfacet
  facet normal -0 0 1
    outer loop
      vertex -8 13.8564 8
      vertex -6.975 12.0811 8
      vertex -7.73607 14.0266 8
    endloop
  endfacet
  facet normal 0 0 1
    outer loop
      vertex -6.975 12.0811 8
      vertex -8 13.8564 8
      vertex -7.43329 11.8457 8
    endloop
  endfacet
  facet normal -0 0 1
    outer loop
      vertex -8.27934 13.7129 8
      vertex -7.43329 11.8457 8
      vertex -8 13.8564 8
    endloop
  endfacet
  facet normal 0 0 1
    outer loop
      vertex -7.43329 11.8457 8
      vertex -8.27934 13.7129 8
      vertex -7.91244 11.6563 8
    endloop
  endfacet
  facet normal -0 0 1
    outer loop
      vertex -8.57139 13.5975 8
      vertex -7.91244 11.6563 8
      vertex -8.27934 13.7129 8
    endloop
  endfacet
  facet normal 0 0 1
    outer loop
      vertex -7.91244 11.6563 8
      vertex -8.57139 13.5975 8
      vertex -8.40785 11.5148 8
    endloop
  endfacet
  facet normal -0 0 1
    outer loop
      vertex -8.87336 13.5113 8
      vertex -8.40785 11.5148 8
      vertex -8.57139 13.5975 8
    endloop
  endfacet
  facet normal 0 0 1
    outer loop
      vertex -8.87336 13.5113 8
      vertex -8.91474 11.4226 8
      vertex -8.40785 11.5148 8
    endloop
  endfacet
  facet normal -0 0 1
    outer loop
      vertex -9.18232 13.4551 8
      vertex -8.91474 11.4226 8
      vertex -8.87336 13.5113 8
    endloop
  endfacet
  facet normal 0 0 1
    outer loop
      vertex -9.18232 13.4551 8
      vertex -9.42822 11.3805 8
      vertex -8.91474 11.4226 8
    endloop
  endfacet
  facet normal -0 0 1
    outer loop
      vertex -9.4953 13.4294 8
      vertex -9.42822 11.3805 8
      vertex -9.18232 13.4551 8
    endloop
  endfacet
  facet normal 0 0 1
    outer loop
      vertex -9.80929 13.4345 8
      vertex -9.42822 11.3805 8
      vertex -9.4953 13.4294 8
    endloop
  endfacet
  facet normal 0 0 1
    outer loop
      vertex -9.80929 13.4345 8
      vertex -9.94337 11.3889 8
      vertex -9.42822 11.3805 8
    endloop
  endfacet
  facet normal 0 0 1
    outer loop
      vertex -10.1213 13.4704 8
      vertex -9.94337 11.3889 8
      vertex -9.80929 13.4345 8
    endloop
  endfacet
  facet normal 0 0 1
    outer loop
      vertex -10.4552 11.4478 8
      vertex -10.1213 13.4704 8
      vertex -10.4282 13.5367 8
    endloop
  endfacet
  facet normal 0 0 1
    outer loop
      vertex -10.1213 13.4704 8
      vertex -10.4552 11.4478 8
      vertex -9.94337 11.3889 8
    endloop
  endfacet
  facet normal 0 0 1
    outer loop
      vertex -10.9588 11.5566 8
      vertex -10.4282 13.5367 8
      vertex -10.7272 13.6328 8
    endloop
  endfacet
  facet normal 0 0 1
    outer loop
      vertex -10.4282 13.5367 8
      vertex -10.9588 11.5566 8
      vertex -10.4552 11.4478 8
    endloop
  endfacet
  facet normal 0 0 1
    outer loop
      vertex -11.4493 11.7142 8
      vertex -10.7272 13.6328 8
      vertex -11.0153 13.7577 8
    endloop
  endfacet
  facet normal 0 0 1
    outer loop
      vertex -11.922 11.9191 8
      vertex -11.0153 13.7577 8
      vertex -11.2898 13.9102 8
    endloop
  endfacet
  facet normal 0 0 1
    outer loop
      vertex -10.7272 13.6328 8
      vertex -11.4493 11.7142 8
      vertex -10.9588 11.5566 8
    endloop
  endfacet
  facet normal 0 0 1
    outer loop
      vertex -12.3724 12.1694 8
      vertex -11.2898 13.9102 8
      vertex -11.548 14.089 8
    endloop
  endfacet
  facet normal 0 0 1
    outer loop
      vertex -12.796 12.4626 8
      vertex -11.548 14.089 8
      vertex -11.7875 14.2921 8
    endloop
  endfacet
  facet normal 0 0 1
    outer loop
      vertex -11.0153 13.7577 8
      vertex -11.922 11.9191 8
      vertex -11.4493 11.7142 8
    endloop
  endfacet
  facet normal 0 0 1
    outer loop
      vertex -13.1889 12.7959 8
      vertex -11.7875 14.2921 8
      vertex -12.0059 14.5178 8
    endloop
  endfacet
  facet normal 0 0 1
    outer loop
      vertex -13.5472 13.1661 8
      vertex -12.0059 14.5178 8
      vertex -12.2011 14.7638 8
    endloop
  endfacet
  facet normal 0 0 1
    outer loop
      vertex -13.8674 13.5697 8
      vertex -12.2011 14.7638 8
      vertex -12.3713 15.0277 8
    endloop
  endfacet
  facet normal 0 0 1
    outer loop
      vertex -11.2898 13.9102 8
      vertex -12.3724 12.1694 8
      vertex -11.922 11.9191 8
    endloop
  endfacet
  facet normal 0 0 1
    outer loop
      vertex -14.1466 14.0027 8
      vertex -12.3713 15.0277 8
      vertex -12.5148 15.307 8
    endloop
  endfacet
  facet normal 0 0 1
    outer loop
      vertex -14.382 14.461 8
      vertex -12.5148 15.307 8
      vertex -12.6302 15.5991 8
    endloop
  endfacet
  facet normal 0 0 1
    outer loop
      vertex -14.5714 14.9401 8
      vertex -12.6302 15.5991 8
      vertex -12.7164 15.901 8
    endloop
  endfacet
  facet normal 0 0 1
    outer loop
      vertex -14.7129 15.4355 8
      vertex -12.7164 15.901 8
      vertex -12.7726 16.21 8
    endloop
  endfacet
  facet normal 0 0 1
    outer loop
      vertex -11.548 14.089 8
      vertex -12.796 12.4626 8
      vertex -12.3724 12.1694 8
    endloop
  endfacet
  facet normal 0 0 1
    outer loop
      vertex -14.8051 15.9424 8
      vertex -12.7726 16.21 8
      vertex -12.7983 16.523 8
    endloop
  endfacet
  facet normal -0 0 1
    outer loop
      vertex -14.5135 18.477 8
      vertex -12.5949 17.7549 8
      vertex -14.3086 18.9497 8
    endloop
  endfacet
  facet normal 0 0 1
    outer loop
      vertex -11.7875 14.2921 8
      vertex -13.1889 12.7959 8
      vertex -12.796 12.4626 8
    endloop
  endfacet
  facet normal 0 0 1
    outer loop
      vertex -12.5949 17.7549 8
      vertex -14.5135 18.477 8
      vertex -12.691 17.4559 8
    endloop
  endfacet
  facet normal 0 0 1
    outer loop
      vertex -12.0059 14.5178 8
      vertex -13.5472 13.1661 8
      vertex -13.1889 12.7959 8
    endloop
  endfacet
  facet normal -0 0 1
    outer loop
      vertex -14.6711 17.9865 8
      vertex -12.691 17.4559 8
      vertex -14.5135 18.477 8
    endloop
  endfacet
  facet normal 0 0 1
    outer loop
      vertex -12.2011 14.7638 8
      vertex -13.8674 13.5697 8
      vertex -13.5472 13.1661 8
    endloop
  endfacet
  facet normal 0 0 1
    outer loop
      vertex -12.691 17.4559 8
      vertex -14.6711 17.9865 8
      vertex -12.7573 17.149 8
    endloop
  endfacet
  facet normal 0 0 1
    outer loop
      vertex -12.3713 15.0277 8
      vertex -14.1466 14.0027 8
      vertex -13.8674 13.5697 8
    endloop
  endfacet
  facet normal -0 0 1
    outer loop
      vertex -14.7799 17.4829 8
      vertex -12.7573 17.149 8
      vertex -14.6711 17.9865 8
    endloop
  endfacet
  facet normal 0 0 1
    outer loop
      vertex -12.5148 15.307 8
      vertex -14.382 14.461 8
      vertex -14.1466 14.0027 8
    endloop
  endfacet
  facet normal 0 0 1
    outer loop
      vertex -12.7573 17.149 8
      vertex -14.7799 17.4829 8
      vertex -12.7931 16.837 8
    endloop
  endfacet
  facet normal 0 0 1
    outer loop
      vertex -12.6302 15.5991 8
      vertex -14.5714 14.9401 8
      vertex -14.382 14.461 8
    endloop
  endfacet
  facet normal -0 0 1
    outer loop
      vertex -14.8388 16.9711 8
      vertex -12.7931 16.837 8
      vertex -14.7799 17.4829 8
    endloop
  endfacet
  facet normal 0 0 1
    outer loop
      vertex -12.7164 15.901 8
      vertex -14.7129 15.4355 8
      vertex -14.5714 14.9401 8
    endloop
  endfacet
  facet normal 0 0 1
    outer loop
      vertex -12.7931 16.837 8
      vertex -14.8388 16.9711 8
      vertex -12.7983 16.523 8
    endloop
  endfacet
  facet normal 0 0 1
    outer loop
      vertex -12.7726 16.21 8
      vertex -14.8051 15.9424 8
      vertex -14.7129 15.4355 8
    endloop
  endfacet
  facet normal 0 0 1
    outer loop
      vertex -14.8472 16.4559 8
      vertex -12.7983 16.523 8
      vertex -14.8388 16.9711 8
    endloop
  endfacet
  facet normal 0 0 1
    outer loop
      vertex -12.7983 16.523 8
      vertex -14.8472 16.4559 8
      vertex -14.8051 15.9424 8
    endloop
  endfacet
  facet normal -0.383411 0.594642 -0.70668
    outer loop
      vertex -12.225 21.1743 0
      vertex -14.9879 24.1465 4
      vertex -14.225 24.6384 4
    endloop
  endfacet
  facet normal 0.707438 -0.0115773 -0.70668
    outer loop
      vertex -0.369806 16.0227 4
      vertex -4.36124 16.2843 0
      vertex -0.354953 16.9303 4
    endloop
  endfacet
  facet normal -0.492051 0.508419 -0.706679
    outer loop
      vertex -13.4318 20.2165 0
      vertex -16.3512 22.9509 4
      vertex -15.6989 23.5822 4
    endloop
  endfacet
  facet normal 0.554197 0.439858 -0.706676
    outer loop
      vertex -2.08117 22.0156 4
      vertex -5.65284 20.0893 0
      vertex -2.64548 22.7266 4
    endloop
  endfacet
  facet normal 0.149341 0.691598 -0.706675
    outer loop
      vertex -7.20592 25.5625 4
      vertex -8.7448 21.8076 0
      vertex -8.09322 25.7541 4
    endloop
  endfacet
  facet normal 0.383322 -0.594706 -0.706674
    outer loop
      vertex -4.21208 9.10886 4
      vertex -6.975 12.0811 0
      vertex -6.54199 12.3602 0
    endloop
  endfacet
  facet normal -0.126732 0.696089 -0.706682
    outer loop
      vertex -10.7922 21.7405 0
      vertex -11.7005 25.636 4
      vertex -10.8074 25.7986 4
    endloop
  endfacet
  facet normal 0.194316 -0.680326 -0.706681
    outer loop
      vertex -6.62669 7.86858 4
      vertex -8.40785 11.5148 0
      vertex -7.91244 11.6563 0
    endloop
  endfacet
  facet normal 0.691585 -0.149372 -0.706681
    outer loop
      vertex -0.665187 14.2336 4
      vertex -4.52889 15.2689 0
      vertex -4.42012 15.7725 0
    endloop
  endfacet
  facet normal -0.0115744 -0.70744 -0.706678
    outer loop
      vertex -9.29735 7.38264 4
      vertex -10.205 7.39749 4
      vertex -9.94337 11.3889 0
    endloop
  endfacet
  facet normal 0.281382 0.649175 -0.70668
    outer loop
      vertex -5.50883 24.9238 4
      vertex -7.75069 21.5412 0
      vertex -6.34169 25.2848 4
    endloop
  endfacet
  facet normal -0.594633 -0.383422 -0.706681
    outer loop
      vertex -13.8674 13.5697 0
      vertex -17.1188 11.2398 4
      vertex -14.1466 14.0027 0
    endloop
  endfacet
  facet normal -0.696105 -0.126657 -0.70668
    outer loop
      vertex -18.6084 14.5272 4
      vertex -18.7709 15.4203 4
      vertex -14.7129 15.4355 0
    endloop
  endfacet
  facet normal 0.649162 -0.281409 -0.70668
    outer loop
      vertex -1.30393 12.5365 4
      vertex -4.68649 14.7784 0
      vertex -0.942871 13.3694 4
    endloop
  endfacet
  facet normal -0.673615 0.216436 -0.706681
    outer loop
      vertex -14.6711 17.9865 0
      vertex -18.5348 19.0218 4
      vertex -14.5135 18.477 0
    endloop
  endfacet
  facet normal 0.439845 -0.554204 -0.706679
    outer loop
      vertex -4.21208 9.10886 4
      vertex -6.13844 12.6805 0
      vertex -3.50105 9.67317 4
    endloop
  endfacet
  facet normal 0.0116729 0.707444 -0.706673
    outer loop
      vertex -9.77178 21.8749 0
      vertex -9.90265 25.8727 4
      vertex -9.25663 21.8664 0
    endloop
  endfacet
  facet normal 0.439864 -0.554191 -0.706677
    outer loop
      vertex -4.21208 9.10886 4
      vertex -6.54199 12.3602 0
      vertex -6.13844 12.6805 0
    endloop
  endfacet
  facet normal -0.439851 0.554198 -0.706679
    outer loop
      vertex -13.0616 20.5748 0
      vertex -15.6989 23.5822 4
      vertex -14.9879 24.1465 4
    endloop
  endfacet
  facet normal 0.0807506 0.702901 -0.706689
    outer loop
      vertex -8.7448 21.8076 0
      vertex -9.25663 21.8664 0
      vertex -8.99502 25.8579 4
    endloop
  endfacet
  facet normal 0.554227 0.439811 -0.706681
    outer loop
      vertex -5.33256 19.6857 0
      vertex -5.65284 20.0893 0
      vertex -2.08117 22.0156 4
    endloop
  endfacet
  facet normal -0.323289 0.629354 -0.706681
    outer loop
      vertex -12.225 21.1743 0
      vertex -14.225 24.6384 4
      vertex -13.4175 25.0532 4
    endloop
  endfacet
  facet normal -0.594642 -0.383411 -0.70668
    outer loop
      vertex -17.1188 11.2398 4
      vertex -17.6107 12.0027 4
      vertex -14.1466 14.0027 0
    endloop
  endfacet
  facet normal 0.343721 0.618433 -0.70668
    outer loop
      vertex -4.71537 24.4828 4
      vertex -7.27798 21.3363 0
      vertex -5.50883 24.9238 4
    endloop
  endfacet
  facet normal -0.629337 -0.32332 -0.706682
    outer loop
      vertex -17.6107 12.0027 4
      vertex -18.0255 12.8101 4
      vertex -14.1466 14.0027 0
    endloop
  endfacet
  facet normal -0.508408 -0.492065 -0.706677
    outer loop
      vertex -13.1889 12.7959 0
      vertex -16.5545 10.5287 4
      vertex -13.5472 13.1661 0
    endloop
  endfacet
  facet normal 0.702897 -0.0808647 -0.70668
    outer loop
      vertex -0.369806 16.0227 4
      vertex -4.42012 15.7725 0
      vertex -4.36124 16.2843 0
    endloop
  endfacet
  facet normal -0.702897 0.0809056 -0.706675
    outer loop
      vertex -14.7799 17.4829 0
      vertex -18.8302 17.2327 4
      vertex -18.7264 18.1345 4
    endloop
  endfacet
  facet normal 0.194277 -0.680341 -0.706678
    outer loop
      vertex -7.49954 7.61933 4
      vertex -8.40785 11.5148 0
      vertex -6.62669 7.86858 4
    endloop
  endfacet
  facet normal 0.594638 0.383416 -0.706681
    outer loop
      vertex -1.58926 21.2527 4
      vertex -5.05337 19.2527 0
      vertex -2.08117 22.0156 4
    endloop
  endfacet
  facet normal -0.705165 -0.0578139 -0.706682
    outer loop
      vertex -14.8051 15.9424 0
      vertex -18.7709 15.4203 4
      vertex -14.8472 16.4559 0
    endloop
  endfacet
  facet normal -0.260029 0.658022 -0.706677
    outer loop
      vertex -11.2876 21.5991 0
      vertex -13.4175 25.0532 4
      vertex -12.5733 25.3868 4
    endloop
  endfacet
  facet normal 0.260091 -0.657987 -0.706686
    outer loop
      vertex -5.78246 8.2022 4
      vertex -7.91244 11.6563 0
      vertex -7.43329 11.8457 0
    endloop
  endfacet
  facet normal 0.673615 -0.216436 -0.706681
    outer loop
      vertex -0.665187 14.2336 4
      vertex -4.68649 14.7784 0
      vertex -4.52889 15.2689 0
    endloop
  endfacet
  facet normal 0.618471 -0.34366 -0.706677
    outer loop
      vertex -1.74488 11.7431 4
      vertex -5.14169 13.8553 0
      vertex -4.89142 14.3057 0
    endloop
  endfacet
  facet normal 0.539537 -0.457707 -0.706685
    outer loop
      vertex -2.26148 10.9966 4
      vertex -5.76821 13.0388 0
      vertex -5.4349 13.4317 0
    endloop
  endfacet
  facet normal 0.383407 -0.59464 -0.706684
    outer loop
      vertex -4.975 8.61695 4
      vertex -6.975 12.0811 0
      vertex -4.21208 9.10886 4
    endloop
  endfacet
  facet normal -0.439828 0.554214 -0.706681
    outer loop
      vertex -13.0616 20.5748 0
      vertex -14.9879 24.1465 4
      vertex -12.658 20.8951 0
    endloop
  endfacet
  facet normal 0.149411 0.691576 -0.706681
    outer loop
      vertex -8.2412 21.6988 0
      vertex -8.7448 21.8076 0
      vertex -7.20592 25.5625 4
    endloop
  endfacet
  facet normal 0.0578181 -0.705166 -0.706681
    outer loop
      vertex -9.29735 7.38264 4
      vertex -9.42822 11.3805 0
      vertex -8.39263 7.45682 4
    endloop
  endfacet
  facet normal 0.539486 -0.45778 -0.706677
    outer loop
      vertex -2.84876 10.3045 4
      vertex -5.76821 13.0388 0
      vertex -2.26148 10.9966 4
    endloop
  endfacet
  facet normal -0.53951 0.457749 -0.706679
    outer loop
      vertex -13.4318 20.2165 0
      vertex -16.9385 22.2587 4
      vertex -16.3512 22.9509 4
    endloop
  endfacet
  facet normal -0.554278 -0.439742 -0.706684
    outer loop
      vertex -13.5472 13.1661 0
      vertex -17.1188 11.2398 4
      vertex -13.8674 13.5697 0
    endloop
  endfacet
  facet normal -0.492065 0.508408 -0.706677
    outer loop
      vertex -13.4318 20.2165 0
      vertex -15.6989 23.5822 4
      vertex -13.0616 20.5748 0
    endloop
  endfacet
  facet normal 0.492069 -0.508406 -0.706676
    outer loop
      vertex -3.50105 9.67317 4
      vertex -5.76821 13.0388 0
      vertex -2.84876 10.3045 4
    endloop
  endfacet
  facet normal -0.194194 0.680367 -0.706675
    outer loop
      vertex -11.2876 21.5991 0
      vertex -12.5733 25.3868 4
      vertex -10.7922 21.7405 0
    endloop
  endfacet
  facet normal 0.216432 0.673617 -0.70668
    outer loop
      vertex -7.75069 21.5412 0
      vertex -8.2412 21.6988 0
      vertex -7.20592 25.5625 4
    endloop
  endfacet
  facet normal 0.0809057 0.702897 -0.706675
    outer loop
      vertex -8.7448 21.8076 0
      vertex -8.99502 25.8579 4
      vertex -8.09322 25.7541 4
    endloop
  endfacet
  facet normal 0.649152 -0.281428 -0.706682
    outer loop
      vertex -1.30393 12.5365 4
      vertex -4.89142 14.3057 0
      vertex -4.68649 14.7784 0
    endloop
  endfacet
  facet normal 0.705165 0.0578277 -0.706681
    outer loop
      vertex -4.35281 16.7995 0
      vertex -4.39492 17.313 0
      vertex -0.429136 17.8351 4
    endloop
  endfacet
  facet normal -0.707443 0.0115344 -0.706676
    outer loop
      vertex -14.8472 16.4559 0
      vertex -18.845 16.325 4
      vertex -14.8388 16.9711 0
    endloop
  endfacet
  facet normal 0.62937 0.323258 -0.706681
    outer loop
      vertex -1.17451 20.4452 4
      vertex -5.05337 19.2527 0
      vertex -1.58926 21.2527 4
    endloop
  endfacet
  facet normal -0.705175 -0.0577578 -0.706677
    outer loop
      vertex -18.7709 15.4203 4
      vertex -18.845 16.325 4
      vertex -14.8472 16.4559 0
    endloop
  endfacet
  facet normal 0.658026 0.260011 -0.706679
    outer loop
      vertex -4.62862 18.3152 0
      vertex -4.81797 18.7944 0
      vertex -1.17451 20.4452 4
    endloop
  endfacet
  facet normal 0.0115356 0.707434 -0.706685
    outer loop
      vertex -9.25663 21.8664 0
      vertex -9.90265 25.8727 4
      vertex -8.99502 25.8579 4
    endloop
  endfacet
  facet normal -0.281409 -0.64916 -0.706682
    outer loop
      vertex -12.8583 7.97056 4
      vertex -13.6912 8.33162 4
      vertex -11.4493 11.7142 0
    endloop
  endfacet
  facet normal 0.594641 0.383413 -0.70668
    outer loop
      vertex -5.05337 19.2527 0
      vertex -5.33256 19.6857 0
      vertex -2.08117 22.0156 4
    endloop
  endfacet
  facet normal 0.702897 -0.080862 -0.70668
    outer loop
      vertex -0.47355 15.1209 4
      vertex -4.42012 15.7725 0
      vertex -0.369806 16.0227 4
    endloop
  endfacet
  facet normal 0.680339 0.194272 -0.706681
    outer loop
      vertex -0.591638 18.7281 4
      vertex -4.48715 17.8198 0
      vertex -0.840896 19.601 4
    endloop
  endfacet
  facet normal -0.649167 0.281393 -0.706682
    outer loop
      vertex -14.5135 18.477 0
      vertex -17.8961 20.7189 4
      vertex -14.3086 18.9497 0
    endloop
  endfacet
  facet normal -0.61842 0.34374 -0.706682
    outer loop
      vertex -14.3086 18.9497 0
      vertex -17.8961 20.7189 4
      vertex -17.4551 21.5123 4
    endloop
  endfacet
  facet normal -0.673611 0.216456 -0.706679
    outer loop
      vertex -14.5135 18.477 0
      vertex -18.5348 19.0218 4
      vertex -18.2571 19.886 4
    endloop
  endfacet
  facet normal 0.21645 0.673613 -0.706679
    outer loop
      vertex -6.34169 25.2848 4
      vertex -7.75069 21.5412 0
      vertex -7.20592 25.5625 4
    endloop
  endfacet
  facet normal -0.216435 -0.673613 -0.706683
    outer loop
      vertex -10.9588 11.5566 0
      vertex -11.9941 7.69287 4
      vertex -11.4493 11.7142 0
    endloop
  endfacet
  facet normal 0.32327 -0.62936 -0.706684
    outer loop
      vertex -5.78246 8.2022 4
      vertex -7.43329 11.8457 0
      vertex -6.975 12.0811 0
    endloop
  endfacet
  facet normal -0.649179 0.281371 -0.70668
    outer loop
      vertex -14.5135 18.477 0
      vertex -18.2571 19.886 4
      vertex -17.8961 20.7189 4
    endloop
  endfacet
  facet normal 0.696101 0.126672 -0.706681
    outer loop
      vertex -0.429136 17.8351 4
      vertex -4.48715 17.8198 0
      vertex -0.591638 18.7281 4
    endloop
  endfacet
  facet normal -0.581778 0.402661 -0.706681
    outer loop
      vertex -14.0583 19.4 0
      vertex -17.4551 21.5123 4
      vertex -16.9385 22.2587 4
    endloop
  endfacet
  facet normal -0.194251 0.680345 -0.70668
    outer loop
      vertex -10.7922 21.7405 0
      vertex -12.5733 25.3868 4
      vertex -11.7005 25.636 4
    endloop
  endfacet
  facet normal -0.402663 -0.58178 -0.706678
    outer loop
      vertex -14.4846 8.77257 4
      vertex -15.231 9.28917 4
      vertex -12.3724 12.1694 0
    endloop
  endfacet
  facet normal -0.0577546 0.705175 -0.706677
    outer loop
      vertex -9.77178 21.8749 0
      vertex -10.8074 25.7986 4
      vertex -9.90265 25.8727 4
    endloop
  endfacet
  facet normal -0.702897 0.0808923 -0.706677
    outer loop
      vertex -14.8388 16.9711 0
      vertex -18.8302 17.2327 4
      vertex -14.7799 17.4829 0
    endloop
  endfacet
  facet normal -0.539493 0.457773 -0.706676
    outer loop
      vertex -13.7651 19.8237 0
      vertex -16.9385 22.2587 4
      vertex -13.4318 20.2165 0
    endloop
  endfacet
  facet normal -0.126749 0.696088 -0.70668
    outer loop
      vertex -10.7922 21.7405 0
      vertex -10.8074 25.7986 4
      vertex -10.2853 21.8328 0
    endloop
  endfacet
  facet normal -0.383422 0.594633 -0.706681
    outer loop
      vertex -12.658 20.8951 0
      vertex -14.9879 24.1465 4
      vertex -12.225 21.1743 0
    endloop
  endfacet
  facet normal -0.618415 0.343747 -0.706683
    outer loop
      vertex -14.3086 18.9497 0
      vertex -17.4551 21.5123 4
      vertex -14.0583 19.4 0
    endloop
  endfacet
  facet normal 0.680335 0.194281 -0.706682
    outer loop
      vertex -4.48715 17.8198 0
      vertex -4.62862 18.3152 0
      vertex -0.840896 19.601 4
    endloop
  endfacet
  facet normal -0.658032 -0.260002 -0.706678
    outer loop
      vertex -18.0255 12.8101 4
      vertex -18.3591 13.6544 4
      vertex -14.5714 14.9401 0
    endloop
  endfacet
  facet normal 0.6961 0.12668 -0.70668
    outer loop
      vertex -4.39492 17.313 0
      vertex -4.48715 17.8198 0
      vertex -0.429136 17.8351 4
    endloop
  endfacet
  facet normal 0.126618 -0.69611 -0.706682
    outer loop
      vertex -8.39263 7.45682 4
      vertex -8.91474 11.4226 0
      vertex -8.40785 11.5148 0
    endloop
  endfacet
  facet normal 0.126666 -0.696105 -0.706677
    outer loop
      vertex -8.39263 7.45682 4
      vertex -8.40785 11.5148 0
      vertex -7.49954 7.61933 4
    endloop
  endfacet
  facet normal 0.673613 -0.216445 -0.70668
    outer loop
      vertex -0.942871 13.3694 4
      vertex -4.68649 14.7784 0
      vertex -0.665187 14.2336 4
    endloop
  endfacet
  facet normal -0.323265 0.629364 -0.706683
    outer loop
      vertex -12.225 21.1743 0
      vertex -13.4175 25.0532 4
      vertex -11.7667 21.4097 0
    endloop
  endfacet
  facet normal -0.0808667 -0.702897 -0.70668
    outer loop
      vertex -10.205 7.39749 4
      vertex -11.1068 7.50124 4
      vertex -10.4552 11.4478 0
    endloop
  endfacet
  facet normal 0.45773 0.539525 -0.70668
    outer loop
      vertex -6.01114 20.4595 0
      vertex -6.404 20.7928 0
      vertex -3.96896 23.9662 4
    endloop
  endfacet
  facet normal 0.457754 0.539508 -0.706677
    outer loop
      vertex -3.27677 23.3789 4
      vertex -6.01114 20.4595 0
      vertex -3.96896 23.9662 4
    endloop
  endfacet
  facet normal 0.508425 0.492049 -0.706677
    outer loop
      vertex -2.64548 22.7266 4
      vertex -6.01114 20.4595 0
      vertex -3.27677 23.3789 4
    endloop
  endfacet
  facet normal 0.0578163 -0.705167 -0.706681
    outer loop
      vertex -8.39263 7.45682 4
      vertex -9.42822 11.3805 0
      vertex -8.91474 11.4226 0
    endloop
  endfacet
  facet normal -0.281394 -0.649169 -0.706681
    outer loop
      vertex -11.4493 11.7142 0
      vertex -13.6912 8.33162 4
      vertex -11.922 11.9191 0
    endloop
  endfacet
  facet normal -0.0808874 -0.702897 -0.706678
    outer loop
      vertex -10.205 7.39749 4
      vertex -10.4552 11.4478 0
      vertex -9.94337 11.3889 0
    endloop
  endfacet
  facet normal 0.492043 -0.508427 -0.706679
    outer loop
      vertex -3.50105 9.67317 4
      vertex -6.13844 12.6805 0
      vertex -5.76821 13.0388 0
    endloop
  endfacet
  facet normal -0.457742 -0.539519 -0.706676
    outer loop
      vertex -15.231 9.28917 4
      vertex -15.9232 9.87645 4
      vertex -13.1889 12.7959 0
    endloop
  endfacet
  facet normal 0.281389 0.649171 -0.70668
    outer loop
      vertex -7.27798 21.3363 0
      vertex -7.75069 21.5412 0
      vertex -5.50883 24.9238 4
    endloop
  endfacet
  facet normal 0.618437 -0.34371 -0.706682
    outer loop
      vertex -1.74488 11.7431 4
      vertex -4.89142 14.3057 0
      vertex -1.30393 12.5365 4
    endloop
  endfacet
  facet normal -0.260115 0.657978 -0.706686
    outer loop
      vertex -11.7667 21.4097 0
      vertex -13.4175 25.0532 4
      vertex -11.2876 21.5991 0
    endloop
  endfacet
  facet normal 0.343725 0.61843 -0.706681
    outer loop
      vertex -6.82764 21.086 0
      vertex -7.27798 21.3363 0
      vertex -4.71537 24.4828 4
    endloop
  endfacet
  facet normal -0.657975 -0.260114 -0.706689
    outer loop
      vertex -14.382 14.461 0
      vertex -18.0255 12.8101 4
      vertex -14.5714 14.9401 0
    endloop
  endfacet
  facet normal 0.260033 -0.658017 -0.70668
    outer loop
      vertex -6.62669 7.86858 4
      vertex -7.91244 11.6563 0
      vertex -5.78246 8.2022 4
    endloop
  endfacet
  facet normal -0.680326 -0.194323 -0.706679
    outer loop
      vertex -18.3591 13.6544 4
      vertex -18.6084 14.5272 4
      vertex -14.7129 15.4355 0
    endloop
  endfacet
  facet normal 0.581806 -0.402627 -0.706678
    outer loop
      vertex -2.26148 10.9966 4
      vertex -5.14169 13.8553 0
      vertex -1.74488 11.7431 4
    endloop
  endfacet
  facet normal -0.508402 -0.492073 -0.706676
    outer loop
      vertex -15.9232 9.87645 4
      vertex -16.5545 10.5287 4
      vertex -13.1889 12.7959 0
    endloop
  endfacet
  facet normal -0.691598 0.149341 -0.706675
    outer loop
      vertex -14.7799 17.4829 0
      vertex -18.7264 18.1345 4
      vertex -18.5348 19.0218 4
    endloop
  endfacet
  facet normal 0.402659 0.581782 -0.70668
    outer loop
      vertex -3.96896 23.9662 4
      vertex -6.82764 21.086 0
      vertex -4.71537 24.4828 4
    endloop
  endfacet
  facet normal -0.343711 -0.618437 -0.706681
    outer loop
      vertex -13.6912 8.33162 4
      vertex -14.4846 8.77257 4
      vertex -11.922 11.9191 0
    endloop
  endfacet
  facet normal -0.62936 -0.323263 -0.706687
    outer loop
      vertex -14.1466 14.0027 0
      vertex -18.0255 12.8101 4
      vertex -14.382 14.461 0
    endloop
  endfacet
  facet normal -0.0578117 0.705165 -0.706682
    outer loop
      vertex -10.2853 21.8328 0
      vertex -10.8074 25.7986 4
      vertex -9.77178 21.8749 0
    endloop
  endfacet
  facet normal 0.691587 -0.149367 -0.706681
    outer loop
      vertex -0.665187 14.2336 4
      vertex -4.42012 15.7725 0
      vertex -0.47355 15.1209 4
    endloop
  endfacet
  facet normal 0.581758 -0.402685 -0.706685
    outer loop
      vertex -2.26148 10.9966 4
      vertex -5.4349 13.4317 0
      vertex -5.14169 13.8553 0
    endloop
  endfacet
  facet normal 0.707438 -0.0115755 -0.706681
    outer loop
      vertex -0.354953 16.9303 4
      vertex -4.36124 16.2843 0
      vertex -4.35281 16.7995 0
    endloop
  endfacet
  facet normal -0.581816 0.402616 -0.706676
    outer loop
      vertex -14.0583 19.4 0
      vertex -16.9385 22.2587 4
      vertex -13.7651 19.8237 0
    endloop
  endfacet
  facet normal 0.402653 0.581786 -0.706679
    outer loop
      vertex -6.404 20.7928 0
      vertex -6.82764 21.086 0
      vertex -3.96896 23.9662 4
    endloop
  endfacet
  facet normal 0.323269 -0.62936 -0.706684
    outer loop
      vertex -5.78246 8.2022 4
      vertex -6.975 12.0811 0
      vertex -4.975 8.61695 4
    endloop
  endfacet
  facet normal 0.705167 0.0578154 -0.70668
    outer loop
      vertex -0.354953 16.9303 4
      vertex -4.35281 16.7995 0
      vertex -0.429136 17.8351 4
    endloop
  endfacet
  facet normal -0.691576 0.149411 -0.706682
    outer loop
      vertex -14.7799 17.4829 0
      vertex -18.5348 19.0218 4
      vertex -14.6711 17.9865 0
    endloop
  endfacet
  facet normal -0.696109 -0.126615 -0.706683
    outer loop
      vertex -14.7129 15.4355 0
      vertex -18.7709 15.4203 4
      vertex -14.8051 15.9424 0
    endloop
  endfacet
  facet normal 0.658013 0.260036 -0.706682
    outer loop
      vertex -0.840896 19.601 4
      vertex -4.62862 18.3152 0
      vertex -1.17451 20.4452 4
    endloop
  endfacet
  facet normal -0.554231 -0.439815 -0.706676
    outer loop
      vertex -16.5545 10.5287 4
      vertex -17.1188 11.2398 4
      vertex -13.5472 13.1661 0
    endloop
  endfacet
  facet normal -0.216448 -0.67361 -0.706682
    outer loop
      vertex -11.9941 7.69287 4
      vertex -12.8583 7.97056 4
      vertex -11.4493 11.7142 0
    endloop
  endfacet
  facet normal -0.149362 -0.691588 -0.70668
    outer loop
      vertex -11.1068 7.50124 4
      vertex -11.9941 7.69287 4
      vertex -10.4552 11.4478 0
    endloop
  endfacet
  facet normal 0.50841 0.492067 -0.706675
    outer loop
      vertex -5.65284 20.0893 0
      vertex -6.01114 20.4595 0
      vertex -2.64548 22.7266 4
    endloop
  endfacet
  facet normal -0.149411 -0.691573 -0.706684
    outer loop
      vertex -10.4552 11.4478 0
      vertex -11.9941 7.69287 4
      vertex -10.9588 11.5566 0
    endloop
  endfacet
  facet normal -0.402678 -0.581768 -0.70668
    outer loop
      vertex -12.3724 12.1694 0
      vertex -15.231 9.28917 4
      vertex -12.796 12.4626 0
    endloop
  endfacet
  facet normal -0.707443 0.0115348 -0.706676
    outer loop
      vertex -14.8388 16.9711 0
      vertex -18.845 16.325 4
      vertex -18.8302 17.2327 4
    endloop
  endfacet
  facet normal -0.680327 -0.19432 -0.706678
    outer loop
      vertex -14.5714 14.9401 0
      vertex -18.3591 13.6544 4
      vertex -14.7129 15.4355 0
    endloop
  endfacet
  facet normal 0.629367 0.323266 -0.70668
    outer loop
      vertex -4.81797 18.7944 0
      vertex -5.05337 19.2527 0
      vertex -1.17451 20.4452 4
    endloop
  endfacet
  facet normal -0.343691 -0.618451 -0.706679
    outer loop
      vertex -11.922 11.9191 0
      vertex -14.4846 8.77257 4
      vertex -12.3724 12.1694 0
    endloop
  endfacet
  facet normal -0.0115354 -0.707438 -0.706682
    outer loop
      vertex -9.29735 7.38264 4
      vertex -9.94337 11.3889 0
      vertex -9.42822 11.3805 0
    endloop
  endfacet
  facet normal -0.457702 -0.539548 -0.70668
    outer loop
      vertex -12.796 12.4626 0
      vertex -15.231 9.28917 4
      vertex -13.1889 12.7959 0
    endloop
  endfacet
  facet normal 0 0 -1
    outer loop
      vertex -4.36124 16.2843 0
      vertex -4.39492 17.313 0
      vertex -4.35281 16.7995 0
    endloop
  endfacet
  facet normal 0 0 -1
    outer loop
      vertex -4.42012 15.7725 0
      vertex -4.39492 17.313 0
      vertex -4.36124 16.2843 0
    endloop
  endfacet
  facet normal 0 0 -1
    outer loop
      vertex -4.42012 15.7725 0
      vertex -4.48715 17.8198 0
      vertex -4.39492 17.313 0
    endloop
  endfacet
  facet normal 0 0 -1
    outer loop
      vertex -4.52889 15.2689 0
      vertex -4.48715 17.8198 0
      vertex -4.42012 15.7725 0
    endloop
  endfacet
  facet normal 0 0 -1
    outer loop
      vertex -4.52889 15.2689 0
      vertex -4.62862 18.3152 0
      vertex -4.48715 17.8198 0
    endloop
  endfacet
  facet normal 0 0 -1
    outer loop
      vertex -4.68649 14.7784 0
      vertex -4.62862 18.3152 0
      vertex -4.52889 15.2689 0
    endloop
  endfacet
  facet normal 0 0 -1
    outer loop
      vertex -4.68649 14.7784 0
      vertex -4.81797 18.7944 0
      vertex -4.62862 18.3152 0
    endloop
  endfacet
  facet normal 0 0 -1
    outer loop
      vertex -4.89142 14.3057 0
      vertex -4.81797 18.7944 0
      vertex -4.68649 14.7784 0
    endloop
  endfacet
  facet normal 0 0 -1
    outer loop
      vertex -4.89142 14.3057 0
      vertex -5.05337 19.2527 0
      vertex -4.81797 18.7944 0
    endloop
  endfacet
  facet normal 0 0 -1
    outer loop
      vertex -5.14169 13.8553 0
      vertex -5.05337 19.2527 0
      vertex -4.89142 14.3057 0
    endloop
  endfacet
  facet normal 0 0 -1
    outer loop
      vertex -5.14169 13.8553 0
      vertex -5.33256 19.6857 0
      vertex -5.05337 19.2527 0
    endloop
  endfacet
  facet normal 0 0 -1
    outer loop
      vertex -5.4349 13.4317 0
      vertex -5.33256 19.6857 0
      vertex -5.14169 13.8553 0
    endloop
  endfacet
  facet normal 0 0 -1
    outer loop
      vertex -5.4349 13.4317 0
      vertex -5.65284 20.0893 0
      vertex -5.33256 19.6857 0
    endloop
  endfacet
  facet normal 0 0 -1
    outer loop
      vertex -5.76821 13.0388 0
      vertex -5.65284 20.0893 0
      vertex -5.4349 13.4317 0
    endloop
  endfacet
  facet normal 0 0 -1
    outer loop
      vertex -5.76821 13.0388 0
      vertex -6.01114 20.4595 0
      vertex -5.65284 20.0893 0
    endloop
  endfacet
  facet normal 0 0 -1
    outer loop
      vertex -6.13844 12.6805 0
      vertex -6.01114 20.4595 0
      vertex -5.76821 13.0388 0
    endloop
  endfacet
  facet normal 0 0 -1
    outer loop
      vertex -6.13844 12.6805 0
      vertex -6.404 20.7928 0
      vertex -6.01114 20.4595 0
    endloop
  endfacet
  facet normal 0 0 -1
    outer loop
      vertex -6.54199 12.3602 0
      vertex -6.404 20.7928 0
      vertex -6.13844 12.6805 0
    endloop
  endfacet
  facet normal 0 0 -1
    outer loop
      vertex -6.54199 12.3602 0
      vertex -6.82764 21.086 0
      vertex -6.404 20.7928 0
    endloop
  endfacet
  facet normal 0 0 -1
    outer loop
      vertex -6.975 12.0811 0
      vertex -6.82764 21.086 0
      vertex -6.54199 12.3602 0
    endloop
  endfacet
  facet normal 0 0 -1
    outer loop
      vertex -6.975 12.0811 0
      vertex -7.27798 21.3363 0
      vertex -6.82764 21.086 0
    endloop
  endfacet
  facet normal 0 0 -1
    outer loop
      vertex -7.43329 11.8457 0
      vertex -7.27798 21.3363 0
      vertex -6.975 12.0811 0
    endloop
  endfacet
  facet normal 0 0 -1
    outer loop
      vertex -7.43329 11.8457 0
      vertex -7.75069 21.5412 0
      vertex -7.27798 21.3363 0
    endloop
  endfacet
  facet normal 0 0 -1
    outer loop
      vertex -7.91244 11.6563 0
      vertex -7.75069 21.5412 0
      vertex -7.43329 11.8457 0
    endloop
  endfacet
  facet normal 0 0 -1
    outer loop
      vertex -7.91244 11.6563 0
      vertex -8.2412 21.6988 0
      vertex -7.75069 21.5412 0
    endloop
  endfacet
  facet normal 0 0 -1
    outer loop
      vertex -8.40785 11.5148 0
      vertex -8.2412 21.6988 0
      vertex -7.91244 11.6563 0
    endloop
  endfacet
  facet normal 0 0 -1
    outer loop
      vertex -8.40785 11.5148 0
      vertex -8.7448 21.8076 0
      vertex -8.2412 21.6988 0
    endloop
  endfacet
  facet normal 0 0 -1
    outer loop
      vertex -8.91474 11.4226 0
      vertex -8.7448 21.8076 0
      vertex -8.40785 11.5148 0
    endloop
  endfacet
  facet normal 0 0 -1
    outer loop
      vertex -8.91474 11.4226 0
      vertex -9.25663 21.8664 0
      vertex -8.7448 21.8076 0
    endloop
  endfacet
  facet normal 0 0 -1
    outer loop
      vertex -9.42822 11.3805 0
      vertex -9.25663 21.8664 0
      vertex -8.91474 11.4226 0
    endloop
  endfacet
  facet normal 0 0 -1
    outer loop
      vertex -9.42822 11.3805 0
      vertex -9.77178 21.8749 0
      vertex -9.25663 21.8664 0
    endloop
  endfacet
  facet normal 0 0 -1
    outer loop
      vertex -9.94337 11.3889 0
      vertex -9.77178 21.8749 0
      vertex -9.42822 11.3805 0
    endloop
  endfacet
  facet normal 0 0 -1
    outer loop
      vertex -9.94337 11.3889 0
      vertex -10.2853 21.8328 0
      vertex -9.77178 21.8749 0
    endloop
  endfacet
  facet normal 0 0 -1
    outer loop
      vertex -10.4552 11.4478 0
      vertex -10.2853 21.8328 0
      vertex -9.94337 11.3889 0
    endloop
  endfacet
  facet normal 0 0 -1
    outer loop
      vertex -10.4552 11.4478 0
      vertex -10.7922 21.7405 0
      vertex -10.2853 21.8328 0
    endloop
  endfacet
  facet normal 0 0 -1
    outer loop
      vertex -10.9588 11.5566 0
      vertex -10.7922 21.7405 0
      vertex -10.4552 11.4478 0
    endloop
  endfacet
  facet normal 0 0 -1
    outer loop
      vertex -10.9588 11.5566 0
      vertex -11.2876 21.5991 0
      vertex -10.7922 21.7405 0
    endloop
  endfacet
  facet normal 0 0 -1
    outer loop
      vertex -11.4493 11.7142 0
      vertex -11.2876 21.5991 0
      vertex -10.9588 11.5566 0
    endloop
  endfacet
  facet normal 0 0 -1
    outer loop
      vertex -11.4493 11.7142 0
      vertex -11.7667 21.4097 0
      vertex -11.2876 21.5991 0
    endloop
  endfacet
  facet normal 0 0 -1
    outer loop
      vertex -11.922 11.9191 0
      vertex -11.7667 21.4097 0
      vertex -11.4493 11.7142 0
    endloop
  endfacet
  facet normal 0 0 -1
    outer loop
      vertex -11.922 11.9191 0
      vertex -12.225 21.1743 0
      vertex -11.7667 21.4097 0
    endloop
  endfacet
  facet normal 0 0 -1
    outer loop
      vertex -12.3724 12.1694 0
      vertex -12.225 21.1743 0
      vertex -11.922 11.9191 0
    endloop
  endfacet
  facet normal 0 0 -1
    outer loop
      vertex -12.3724 12.1694 0
      vertex -12.658 20.8951 0
      vertex -12.225 21.1743 0
    endloop
  endfacet
  facet normal 0 0 -1
    outer loop
      vertex -12.796 12.4626 0
      vertex -12.658 20.8951 0
      vertex -12.3724 12.1694 0
    endloop
  endfacet
  facet normal 0 0 -1
    outer loop
      vertex -12.796 12.4626 0
      vertex -13.0616 20.5748 0
      vertex -12.658 20.8951 0
    endloop
  endfacet
  facet normal 0 0 -1
    outer loop
      vertex -13.1889 12.7959 0
      vertex -13.0616 20.5748 0
      vertex -12.796 12.4626 0
    endloop
  endfacet
  facet normal 0 0 -1
    outer loop
      vertex -13.1889 12.7959 0
      vertex -13.4318 20.2165 0
      vertex -13.0616 20.5748 0
    endloop
  endfacet
  facet normal 0 0 -1
    outer loop
      vertex -13.5472 13.1661 0
      vertex -13.4318 20.2165 0
      vertex -13.1889 12.7959 0
    endloop
  endfacet
  facet normal 0 0 -1
    outer loop
      vertex -13.5472 13.1661 0
      vertex -13.7651 19.8237 0
      vertex -13.4318 20.2165 0
    endloop
  endfacet
  facet normal 0 0 -1
    outer loop
      vertex -13.8674 13.5697 0
      vertex -13.7651 19.8237 0
      vertex -13.5472 13.1661 0
    endloop
  endfacet
  facet normal 0 0 -1
    outer loop
      vertex -13.8674 13.5697 0
      vertex -14.0583 19.4 0
      vertex -13.7651 19.8237 0
    endloop
  endfacet
  facet normal 0 0 -1
    outer loop
      vertex -14.1466 14.0027 0
      vertex -14.0583 19.4 0
      vertex -13.8674 13.5697 0
    endloop
  endfacet
  facet normal 0 0 -1
    outer loop
      vertex -14.1466 14.0027 0
      vertex -14.3086 18.9497 0
      vertex -14.0583 19.4 0
    endloop
  endfacet
  facet normal 0 0 -1
    outer loop
      vertex -14.382 14.461 0
      vertex -14.3086 18.9497 0
      vertex -14.1466 14.0027 0
    endloop
  endfacet
  facet normal 0 0 -1
    outer loop
      vertex -14.382 14.461 0
      vertex -14.5135 18.477 0
      vertex -14.3086 18.9497 0
    endloop
  endfacet
  facet normal 0 0 -1
    outer loop
      vertex -14.5714 14.9401 0
      vertex -14.5135 18.477 0
      vertex -14.382 14.461 0
    endloop
  endfacet
  facet normal 0 0 -1
    outer loop
      vertex -14.5714 14.9401 0
      vertex -14.6711 17.9865 0
      vertex -14.5135 18.477 0
    endloop
  endfacet
  facet normal 0 0 -1
    outer loop
      vertex -14.7129 15.4355 0
      vertex -14.6711 17.9865 0
      vertex -14.5714 14.9401 0
    endloop
  endfacet
  facet normal 0 0 -1
    outer loop
      vertex -14.7129 15.4355 0
      vertex -14.7799 17.4829 0
      vertex -14.6711 17.9865 0
    endloop
  endfacet
  facet normal 0 0 -1
    outer loop
      vertex -14.8051 15.9424 0
      vertex -14.7799 17.4829 0
      vertex -14.7129 15.4355 0
    endloop
  endfacet
  facet normal 0 0 -1
    outer loop
      vertex -14.8051 15.9424 0
      vertex -14.8388 16.9711 0
      vertex -14.7799 17.4829 0
    endloop
  endfacet
  facet normal 0 -0 -1
    outer loop
      vertex -14.8388 16.9711 0
      vertex -14.8051 15.9424 0
      vertex -14.8472 16.4559 0
    endloop
  endfacet
  facet normal 0.977451 -0.21116 0
    outer loop
      vertex -6.50904 15.7995 8.4
      vertex -6.44274 16.1064 8
      vertex -6.44274 16.1064 8.4
    endloop
  endfacet
  facet normal 0.977451 -0.21116 0
    outer loop
      vertex -6.44274 16.1064 8
      vertex -6.50904 15.7995 8.4
      vertex -6.50904 15.7995 8
    endloop
  endfacet
  facet normal 0.178964 -0.983856 0
    outer loop
      vertex -9.18232 13.4551 8
      vertex -8.87336 13.5113 8.4
      vertex -9.18232 13.4551 8.4
    endloop
  endfacet
  facet normal 0.178964 -0.983856 0
    outer loop
      vertex -8.87336 13.5113 8.4
      vertex -9.18232 13.4551 8
      vertex -8.87336 13.5113 8
    endloop
  endfacet
  facet normal -0.621583 0.783348 0
    outer loop
      vertex -11.4639 19.2288 8
      vertex -11.7099 19.0336 8.4
      vertex -11.4639 19.2288 8.4
    endloop
  endfacet
  facet normal -0.621583 0.783348 0
    outer loop
      vertex -11.7099 19.0336 8.4
      vertex -11.4639 19.2288 8
      vertex -11.7099 19.0336 8
    endloop
  endfacet
  facet normal -0.541996 0.840381 0
    outer loop
      vertex -11.2 19.399 8
      vertex -11.4639 19.2288 8.4
      vertex -11.2 19.399 8.4
    endloop
  endfacet
  facet normal -0.541996 0.840381 0
    outer loop
      vertex -11.4639 19.2288 8.4
      vertex -11.2 19.399 8
      vertex -11.4639 19.2288 8
    endloop
  endfacet
  facet normal 0.999866 -0.0163672 0
    outer loop
      vertex -6.40685 16.4184 8.4
      vertex -6.40171 16.7324 8
      vertex -6.40171 16.7324 8.4
    endloop
  endfacet
  facet normal 0.999866 -0.0163672 0
    outer loop
      vertex -6.40171 16.7324 8
      vertex -6.40685 16.4184 8.4
      vertex -6.40685 16.4184 8
    endloop
  endfacet
  facet normal -0.977451 0.21116 0
    outer loop
      vertex -12.7573 17.149 8
      vertex -12.691 17.4559 8.4
      vertex -12.691 17.4559 8
    endloop
  endfacet
  facet normal -0.977451 0.21116 0
    outer loop
      vertex -12.691 17.4559 8.4
      vertex -12.7573 17.149 8
      vertex -12.7573 17.149 8.4
    endloop
  endfacet
  facet normal 0.930028 0.36749 0
    outer loop
      vertex -6.56982 17.6563 8.4
      vertex -6.68524 17.9484 8
      vertex -6.68524 17.9484 8.4
    endloop
  endfacet
  facet normal 0.930028 0.36749 0
    outer loop
      vertex -6.68524 17.9484 8
      vertex -6.56982 17.6563 8.4
      vertex -6.56982 17.6563 8
    endloop
  endfacet
  facet normal -0.952035 0.305989 0
    outer loop
      vertex -12.691 17.4559 8
      vertex -12.5949 17.7549 8.4
      vertex -12.5949 17.7549 8
    endloop
  endfacet
  facet normal -0.952035 0.305989 0
    outer loop
      vertex -12.5949 17.7549 8.4
      vertex -12.691 17.4559 8
      vertex -12.691 17.4559 8.4
    endloop
  endfacet
  facet normal -0.996646 -0.0818332 0
    outer loop
      vertex -12.7726 16.21 8
      vertex -12.7983 16.523 8.4
      vertex -12.7983 16.523 8
    endloop
  endfacet
  facet normal -0.996646 -0.0818332 0
    outer loop
      vertex -12.7983 16.523 8.4
      vertex -12.7726 16.21 8
      vertex -12.7726 16.21 8.4
    endloop
  endfacet
  facet normal 0.840424 0.541929 0
    outer loop
      vertex -6.82872 18.2277 8.4
      vertex -6.99889 18.4916 8
      vertex -6.99889 18.4916 8.4
    endloop
  endfacet
  facet normal 0.840424 0.541929 0
    outer loop
      vertex -6.99889 18.4916 8
      vertex -6.82872 18.2277 8.4
      vertex -6.82872 18.2277 8
    endloop
  endfacet
  facet normal -0.21116 -0.977451 0
    outer loop
      vertex -10.4282 13.5367 8
      vertex -10.1213 13.4704 8.4
      vertex -10.4282 13.5367 8.4
    endloop
  endfacet
  facet normal -0.21116 -0.977451 -0
    outer loop
      vertex -10.1213 13.4704 8.4
      vertex -10.4282 13.5367 8
      vertex -10.1213 13.4704 8
    endloop
  endfacet
  facet normal -0.36771 0.92994 0
    outer loop
      vertex -10.6286 19.6579 8
      vertex -10.9207 19.5424 8.4
      vertex -10.6286 19.6579 8.4
    endloop
  endfacet
  facet normal -0.36771 0.92994 0
    outer loop
      vertex -10.9207 19.5424 8.4
      vertex -10.6286 19.6579 8
      vertex -10.9207 19.5424 8
    endloop
  endfacet
  facet normal -0.822272 0.569094 0
    outer loop
      vertex -12.3174 18.3175 8
      vertex -12.1387 18.5757 8.4
      vertex -12.1387 18.5757 8
    endloop
  endfacet
  facet normal -0.822272 0.569094 0
    outer loop
      vertex -12.1387 18.5757 8.4
      vertex -12.3174 18.3175 8
      vertex -12.3174 18.3175 8.4
    endloop
  endfacet
  facet normal -0.718633 -0.69539 0
    outer loop
      vertex -11.7875 14.2921 8
      vertex -12.0059 14.5178 8.4
      vertex -12.0059 14.5178 8
    endloop
  endfacet
  facet normal -0.718633 -0.69539 0
    outer loop
      vertex -12.0059 14.5178 8.4
      vertex -11.7875 14.2921 8
      vertex -11.7875 14.2921 8.4
    endloop
  endfacet
  facet normal -0.114306 -0.993446 0
    outer loop
      vertex -10.1213 13.4704 8
      vertex -9.80929 13.4345 8.4
      vertex -10.1213 13.4704 8.4
    endloop
  endfacet
  facet normal -0.114306 -0.993446 -0
    outer loop
      vertex -9.80929 13.4345 8.4
      vertex -10.1213 13.4704 8
      vertex -9.80929 13.4345 8
    endloop
  endfacet
  facet normal -0.961572 -0.274553 0
    outer loop
      vertex -12.6302 15.5991 8
      vertex -12.7164 15.901 8.4
      vertex -12.7164 15.901 8
    endloop
  endfacet
  facet normal -0.961572 -0.274553 0
    outer loop
      vertex -12.7164 15.901 8.4
      vertex -12.6302 15.5991 8
      vertex -12.6302 15.5991 8.4
    endloop
  endfacet
  facet normal -0.98386 -0.178941 0
    outer loop
      vertex -12.7164 15.901 8
      vertex -12.7726 16.21 8.4
      vertex -12.7726 16.21 8
    endloop
  endfacet
  facet normal -0.98386 -0.178941 0
    outer loop
      vertex -12.7726 16.21 8.4
      vertex -12.7164 15.901 8
      vertex -12.7164 15.901 8.4
    endloop
  endfacet
  facet normal -0.762685 0.64677 0
    outer loop
      vertex -12.1387 18.5757 8
      vertex -11.9356 18.8152 8.4
      vertex -11.9356 18.8152 8
    endloop
  endfacet
  facet normal -0.762685 0.64677 0
    outer loop
      vertex -11.9356 18.8152 8.4
      vertex -12.1387 18.5757 8
      vertex -12.1387 18.5757 8.4
    endloop
  endfacet
  facet normal -0.993481 0.113996 0
    outer loop
      vertex -12.7931 16.837 8
      vertex -12.7573 17.149 8.4
      vertex -12.7573 17.149 8
    endloop
  endfacet
  facet normal -0.993481 0.113996 0
    outer loop
      vertex -12.7573 17.149 8.4
      vertex -12.7931 16.837 8
      vertex -12.7931 16.837 8.4
    endloop
  endfacet
  facet normal 0.874103 -0.48574 0
    outer loop
      vertex -6.88255 14.9379 8.4
      vertex -6.73001 15.2124 8
      vertex -6.73001 15.2124 8.4
    endloop
  endfacet
  facet normal 0.874103 -0.48574 0
    outer loop
      vertex -6.73001 15.2124 8
      vertex -6.88255 14.9379 8.4
      vertex -6.88255 14.9379 8
    endloop
  endfacet
  facet normal -0.999863 0.0165582 0
    outer loop
      vertex -12.7983 16.523 8
      vertex -12.7931 16.837 8.4
      vertex -12.7931 16.837 8
    endloop
  endfacet
  facet normal -0.999863 0.0165582 0
    outer loop
      vertex -12.7931 16.837 8.4
      vertex -12.7983 16.523 8
      vertex -12.7983 16.523 8.4
    endloop
  endfacet
  facet normal -0.178998 0.98385 0
    outer loop
      vertex -10.0177 19.8003 8
      vertex -10.3266 19.7441 8.4
      vertex -10.0177 19.8003 8.4
    endloop
  endfacet
  facet normal -0.178998 0.98385 0
    outer loop
      vertex -10.3266 19.7441 8.4
      vertex -10.0177 19.8003 8
      vertex -10.3266 19.7441 8
    endloop
  endfacet
  facet normal -0.0162404 -0.999868 0
    outer loop
      vertex -9.80929 13.4345 8
      vertex -9.4953 13.4294 8.4
      vertex -9.80929 13.4345 8.4
    endloop
  endfacet
  facet normal -0.0162404 -0.999868 -0
    outer loop
      vertex -9.4953 13.4294 8.4
      vertex -9.80929 13.4345 8
      vertex -9.4953 13.4294 8
    endloop
  endfacet
  facet normal 0.695469 -0.718556 0
    outer loop
      vertex -7.49009 14.2218 8
      vertex -7.26444 14.4402 8.4
      vertex -7.49009 14.2218 8.4
    endloop
  endfacet
  facet normal 0.695469 -0.718556 0
    outer loop
      vertex -7.26444 14.4402 8.4
      vertex -7.49009 14.2218 8
      vertex -7.26444 14.4402 8
    endloop
  endfacet
  facet normal -0.889469 -0.456995 0
    outer loop
      vertex -12.3713 15.0277 8
      vertex -12.5148 15.307 8.4
      vertex -12.5148 15.307 8
    endloop
  endfacet
  facet normal -0.889469 -0.456995 0
    outer loop
      vertex -12.5148 15.307 8.4
      vertex -12.3713 15.0277 8
      vertex -12.3713 15.0277 8.4
    endloop
  endfacet
  facet normal -0.874022 0.485886 0
    outer loop
      vertex -12.47 18.043 8
      vertex -12.3174 18.3175 8.4
      vertex -12.3174 18.3175 8
    endloop
  endfacet
  facet normal -0.874022 0.485886 0
    outer loop
      vertex -12.3174 18.3175 8.4
      vertex -12.47 18.043 8
      vertex -12.47 18.043 8.4
    endloop
  endfacet
  facet normal 0.762575 -0.646899 0
    outer loop
      vertex -7.26444 14.4402 8.4
      vertex -7.06127 14.6797 8
      vertex -7.06127 14.6797 8.4
    endloop
  endfacet
  facet normal 0.762575 -0.646899 0
    outer loop
      vertex -7.06127 14.6797 8
      vertex -7.26444 14.4402 8.4
      vertex -7.26444 14.4402 8
    endloop
  endfacet
  facet normal -0.305989 -0.952035 0
    outer loop
      vertex -10.7272 13.6328 8
      vertex -10.4282 13.5367 8.4
      vertex -10.7272 13.6328 8.4
    endloop
  endfacet
  facet normal -0.305989 -0.952035 -0
    outer loop
      vertex -10.4282 13.5367 8.4
      vertex -10.7272 13.6328 8
      vertex -10.4282 13.5367 8
    endloop
  endfacet
  facet normal -0.274469 0.961596 0
    outer loop
      vertex -10.3266 19.7441 8
      vertex -10.6286 19.6579 8.4
      vertex -10.3266 19.7441 8.4
    endloop
  endfacet
  facet normal -0.274469 0.961596 0
    outer loop
      vertex -10.6286 19.6579 8.4
      vertex -10.3266 19.7441 8
      vertex -10.6286 19.6579 8
    endloop
  endfacet
  facet normal -0.485643 -0.874157 0
    outer loop
      vertex -11.2898 13.9102 8
      vertex -11.0153 13.7577 8.4
      vertex -11.2898 13.9102 8.4
    endloop
  endfacet
  facet normal -0.485643 -0.874157 -0
    outer loop
      vertex -11.0153 13.7577 8.4
      vertex -11.2898 13.9102 8
      vertex -11.0153 13.7577 8
    endloop
  endfacet
  facet normal 0.541953 -0.840409 0
    outer loop
      vertex -8 13.8564 8
      vertex -7.73607 14.0266 8.4
      vertex -8 13.8564 8.4
    endloop
  endfacet
  facet normal 0.541953 -0.840409 0
    outer loop
      vertex -7.73607 14.0266 8.4
      vertex -8 13.8564 8
      vertex -7.73607 14.0266 8
    endloop
  endfacet
  facet normal 0.274494 -0.961589 0
    outer loop
      vertex -8.87336 13.5113 8
      vertex -8.57139 13.5975 8.4
      vertex -8.87336 13.5113 8.4
    endloop
  endfacet
  facet normal 0.274494 -0.961589 0
    outer loop
      vertex -8.57139 13.5975 8.4
      vertex -8.87336 13.5113 8
      vertex -8.57139 13.5975 8
    endloop
  endfacet
  facet normal 0.569064 0.822293 -0
    outer loop
      vertex -7.65196 19.1664 8
      vertex -7.91018 19.3451 8.4
      vertex -7.65196 19.1664 8.4
    endloop
  endfacet
  facet normal 0.569064 0.822293 0
    outer loop
      vertex -7.91018 19.3451 8.4
      vertex -7.65196 19.1664 8
      vertex -7.91018 19.3451 8
    endloop
  endfacet
  facet normal -0.64677 -0.762685 0
    outer loop
      vertex -11.7875 14.2921 8
      vertex -11.548 14.089 8.4
      vertex -11.7875 14.2921 8.4
    endloop
  endfacet
  facet normal -0.64677 -0.762685 -0
    outer loop
      vertex -11.548 14.089 8.4
      vertex -11.7875 14.2921 8
      vertex -11.548 14.089 8
    endloop
  endfacet
  facet normal 0.485886 0.874022 -0
    outer loop
      vertex -7.91018 19.3451 8
      vertex -8.18468 19.4977 8.4
      vertex -7.91018 19.3451 8.4
    endloop
  endfacet
  facet normal 0.485886 0.874022 0
    outer loop
      vertex -8.18468 19.4977 8.4
      vertex -7.91018 19.3451 8
      vertex -8.18468 19.4977 8
    endloop
  endfacet
  facet normal 0.783317 0.621623 0
    outer loop
      vertex -6.99889 18.4916 8.4
      vertex -7.19411 18.7376 8
      vertex -7.19411 18.7376 8.4
    endloop
  endfacet
  facet normal 0.783317 0.621623 0
    outer loop
      vertex -7.19411 18.7376 8
      vertex -6.99889 18.4916 8.4
      vertex -6.99889 18.4916 8
    endloop
  endfacet
  facet normal 0.211127 0.977459 -0
    outer loop
      vertex -8.77178 19.7186 8
      vertex -9.07873 19.7849 8.4
      vertex -8.77178 19.7186 8.4
    endloop
  endfacet
  facet normal 0.211127 0.977459 0
    outer loop
      vertex -9.07873 19.7849 8.4
      vertex -8.77178 19.7186 8
      vertex -9.07873 19.7849 8
    endloop
  endfacet
  facet normal 0.114317 0.993444 -0
    outer loop
      vertex -9.07873 19.7849 8
      vertex -9.39071 19.8208 8.4
      vertex -9.07873 19.7849 8.4
    endloop
  endfacet
  facet normal 0.114317 0.993444 0
    outer loop
      vertex -9.39071 19.8208 8.4
      vertex -9.07873 19.7849 8
      vertex -9.39071 19.8208 8
    endloop
  endfacet
  facet normal -0.569309 -0.822123 0
    outer loop
      vertex -11.548 14.089 8
      vertex -11.2898 13.9102 8.4
      vertex -11.548 14.089 8.4
    endloop
  endfacet
  facet normal -0.569309 -0.822123 -0
    outer loop
      vertex -11.2898 13.9102 8.4
      vertex -11.548 14.089 8
      vertex -11.2898 13.9102 8
    endloop
  endfacet
  facet normal -0.397759 -0.91749 0
    outer loop
      vertex -11.0153 13.7577 8
      vertex -10.7272 13.6328 8.4
      vertex -11.0153 13.7577 8.4
    endloop
  endfacet
  facet normal -0.397759 -0.91749 -0
    outer loop
      vertex -10.7272 13.6328 8.4
      vertex -11.0153 13.7577 8
      vertex -10.7272 13.6328 8
    endloop
  endfacet
  facet normal 0.367489 -0.930028 0
    outer loop
      vertex -8.57139 13.5975 8
      vertex -8.27934 13.7129 8.4
      vertex -8.57139 13.5975 8.4
    endloop
  endfacet
  facet normal 0.367489 -0.930028 0
    outer loop
      vertex -8.27934 13.7129 8.4
      vertex -8.57139 13.5975 8
      vertex -8.27934 13.7129 8
    endloop
  endfacet
  facet normal 0.961571 0.274557 0
    outer loop
      vertex -6.48359 17.3543 8.4
      vertex -6.56982 17.6563 8
      vertex -6.56982 17.6563 8.4
    endloop
  endfacet
  facet normal 0.961571 0.274557 0
    outer loop
      vertex -6.56982 17.6563 8
      vertex -6.48359 17.3543 8.4
      vertex -6.48359 17.3543 8
    endloop
  endfacet
  facet normal -0.69539 0.718633 0
    outer loop
      vertex -11.7099 19.0336 8
      vertex -11.9356 18.8152 8.4
      vertex -11.7099 19.0336 8.4
    endloop
  endfacet
  facet normal -0.69539 0.718633 0
    outer loop
      vertex -11.9356 18.8152 8.4
      vertex -11.7099 19.0336 8
      vertex -11.9356 18.8152 8
    endloop
  endfacet
  facet normal -0.91749 0.397759 0
    outer loop
      vertex -12.5949 17.7549 8
      vertex -12.47 18.043 8.4
      vertex -12.47 18.043 8
    endloop
  endfacet
  facet normal -0.91749 0.397759 0
    outer loop
      vertex -12.47 18.043 8.4
      vertex -12.5949 17.7549 8
      vertex -12.5949 17.7549 8.4
    endloop
  endfacet
  facet normal 0.917478 -0.397786 0
    outer loop
      vertex -6.73001 15.2124 8.4
      vertex -6.6051 15.5005 8
      vertex -6.6051 15.5005 8.4
    endloop
  endfacet
  facet normal 0.917478 -0.397786 0
    outer loop
      vertex -6.6051 15.5005 8
      vertex -6.73001 15.2124 8.4
      vertex -6.73001 15.2124 8
    endloop
  endfacet
  facet normal 0.822243 -0.569137 0
    outer loop
      vertex -7.06127 14.6797 8.4
      vertex -6.88255 14.9379 8
      vertex -6.88255 14.9379 8.4
    endloop
  endfacet
  facet normal 0.822243 -0.569137 0
    outer loop
      vertex -6.88255 14.9379 8
      vertex -7.06127 14.6797 8.4
      vertex -7.06127 14.6797 8
    endloop
  endfacet
  facet normal -0.930049 -0.367435 0
    outer loop
      vertex -12.5148 15.307 8
      vertex -12.6302 15.5991 8.4
      vertex -12.6302 15.5991 8
    endloop
  endfacet
  facet normal -0.930049 -0.367435 0
    outer loop
      vertex -12.6302 15.5991 8.4
      vertex -12.5148 15.307 8
      vertex -12.5148 15.307 8.4
    endloop
  endfacet
  facet normal -0.840381 -0.541996 0
    outer loop
      vertex -12.2011 14.7638 8
      vertex -12.3713 15.0277 8.4
      vertex -12.3713 15.0277 8
    endloop
  endfacet
  facet normal -0.840381 -0.541996 0
    outer loop
      vertex -12.3713 15.0277 8.4
      vertex -12.2011 14.7638 8
      vertex -12.2011 14.7638 8.4
    endloop
  endfacet
  facet normal 0.996654 0.0817384 0
    outer loop
      vertex -6.40171 16.7324 8.4
      vertex -6.42738 17.0454 8
      vertex -6.42738 17.0454 8.4
    endloop
  endfacet
  facet normal 0.996654 0.0817384 0
    outer loop
      vertex -6.42738 17.0454 8
      vertex -6.40171 16.7324 8.4
      vertex -6.40171 16.7324 8
    endloop
  endfacet
  facet normal 0.397736 0.9175 -0
    outer loop
      vertex -8.18468 19.4977 8
      vertex -8.4728 19.6226 8.4
      vertex -8.18468 19.4977 8.4
    endloop
  endfacet
  facet normal 0.397736 0.9175 0
    outer loop
      vertex -8.4728 19.6226 8.4
      vertex -8.18468 19.4977 8
      vertex -8.4728 19.6226 8
    endloop
  endfacet
  facet normal -0.456743 0.889598 0
    outer loop
      vertex -10.9207 19.5424 8
      vertex -11.2 19.399 8.4
      vertex -10.9207 19.5424 8.4
    endloop
  endfacet
  facet normal -0.456743 0.889598 0
    outer loop
      vertex -11.2 19.399 8.4
      vertex -10.9207 19.5424 8
      vertex -11.2 19.399 8
    endloop
  endfacet
  facet normal -0.783348 -0.621583 0
    outer loop
      vertex -12.0059 14.5178 8
      vertex -12.2011 14.7638 8.4
      vertex -12.2011 14.7638 8
    endloop
  endfacet
  facet normal -0.783348 -0.621583 0
    outer loop
      vertex -12.2011 14.7638 8.4
      vertex -12.0059 14.5178 8
      vertex -12.0059 14.5178 8.4
    endloop
  endfacet
  facet normal 0.621614 -0.783323 0
    outer loop
      vertex -7.73607 14.0266 8
      vertex -7.49009 14.2218 8.4
      vertex -7.73607 14.0266 8.4
    endloop
  endfacet
  facet normal 0.621614 -0.783323 0
    outer loop
      vertex -7.49009 14.2218 8.4
      vertex -7.73607 14.0266 8
      vertex -7.49009 14.2218 8
    endloop
  endfacet
  facet normal 0.646848 0.762619 -0
    outer loop
      vertex -7.41251 18.9633 8
      vertex -7.65196 19.1664 8.4
      vertex -7.41251 18.9633 8.4
    endloop
  endfacet
  facet normal 0.646848 0.762619 0
    outer loop
      vertex -7.65196 19.1664 8.4
      vertex -7.41251 18.9633 8
      vertex -7.65196 19.1664 8
    endloop
  endfacet
  facet normal 0.718633 0.69539 0
    outer loop
      vertex -7.19411 18.7376 8.4
      vertex -7.41251 18.9633 8
      vertex -7.41251 18.9633 8.4
    endloop
  endfacet
  facet normal 0.718633 0.69539 0
    outer loop
      vertex -7.41251 18.9633 8
      vertex -7.19411 18.7376 8.4
      vertex -7.19411 18.7376 8
    endloop
  endfacet
  facet normal 0.952072 -0.305873 0
    outer loop
      vertex -6.6051 15.5005 8.4
      vertex -6.50904 15.7995 8
      vertex -6.50904 15.7995 8.4
    endloop
  endfacet
  facet normal 0.952072 -0.305873 0
    outer loop
      vertex -6.50904 15.7995 8
      vertex -6.6051 15.5005 8.4
      vertex -6.6051 15.5005 8
    endloop
  endfacet
  facet normal 0.0818384 -0.996646 0
    outer loop
      vertex -9.4953 13.4294 8
      vertex -9.18232 13.4551 8.4
      vertex -9.4953 13.4294 8.4
    endloop
  endfacet
  facet normal 0.0818384 -0.996646 0
    outer loop
      vertex -9.18232 13.4551 8.4
      vertex -9.4953 13.4294 8
      vertex -9.18232 13.4551 8
    endloop
  endfacet
  facet normal 0.993449 -0.114278 0
    outer loop
      vertex -6.44274 16.1064 8.4
      vertex -6.40685 16.4184 8
      vertex -6.40685 16.4184 8.4
    endloop
  endfacet
  facet normal 0.993449 -0.114278 0
    outer loop
      vertex -6.40685 16.4184 8
      vertex -6.44274 16.1064 8.4
      vertex -6.44274 16.1064 8
    endloop
  endfacet
  facet normal -0.0818332 0.996646 0
    outer loop
      vertex -9.7047 19.826 8
      vertex -10.0177 19.8003 8.4
      vertex -9.7047 19.826 8.4
    endloop
  endfacet
  facet normal -0.0818332 0.996646 0
    outer loop
      vertex -10.0177 19.8003 8.4
      vertex -9.7047 19.826 8
      vertex -10.0177 19.8003 8
    endloop
  endfacet
  facet normal 0.0165588 0.999863 -0
    outer loop
      vertex -9.39071 19.8208 8
      vertex -9.7047 19.826 8.4
      vertex -9.39071 19.8208 8.4
    endloop
  endfacet
  facet normal 0.0165588 0.999863 0
    outer loop
      vertex -9.7047 19.826 8.4
      vertex -9.39071 19.8208 8
      vertex -9.7047 19.826 8
    endloop
  endfacet
  facet normal 0.889495 0.456945 0
    outer loop
      vertex -6.68524 17.9484 8.4
      vertex -6.82872 18.2277 8
      vertex -6.82872 18.2277 8.4
    endloop
  endfacet
  facet normal 0.889495 0.456945 0
    outer loop
      vertex -6.82872 18.2277 8
      vertex -6.68524 17.9484 8.4
      vertex -6.68524 17.9484 8
    endloop
  endfacet
  facet normal 0 0 1
    outer loop
      vertex -6.42738 17.0454 8.4
      vertex -6.40685 16.4184 8.4
      vertex -6.40171 16.7324 8.4
    endloop
  endfacet
  facet normal 0 0 1
    outer loop
      vertex -6.42738 17.0454 8.4
      vertex -6.44274 16.1064 8.4
      vertex -6.40685 16.4184 8.4
    endloop
  endfacet
  facet normal 0 0 1
    outer loop
      vertex -6.48359 17.3543 8.4
      vertex -6.44274 16.1064 8.4
      vertex -6.42738 17.0454 8.4
    endloop
  endfacet
  facet normal 0 0 1
    outer loop
      vertex -6.48359 17.3543 8.4
      vertex -6.50904 15.7995 8.4
      vertex -6.44274 16.1064 8.4
    endloop
  endfacet
  facet normal 0 0 1
    outer loop
      vertex -6.56982 17.6563 8.4
      vertex -6.50904 15.7995 8.4
      vertex -6.48359 17.3543 8.4
    endloop
  endfacet
  facet normal 0 0 1
    outer loop
      vertex -6.56982 17.6563 8.4
      vertex -6.6051 15.5005 8.4
      vertex -6.50904 15.7995 8.4
    endloop
  endfacet
  facet normal 0 0 1
    outer loop
      vertex -6.68524 17.9484 8.4
      vertex -6.6051 15.5005 8.4
      vertex -6.56982 17.6563 8.4
    endloop
  endfacet
  facet normal 0 0 1
    outer loop
      vertex -6.68524 17.9484 8.4
      vertex -6.73001 15.2124 8.4
      vertex -6.6051 15.5005 8.4
    endloop
  endfacet
  facet normal 0 0 1
    outer loop
      vertex -6.82872 18.2277 8.4
      vertex -6.73001 15.2124 8.4
      vertex -6.68524 17.9484 8.4
    endloop
  endfacet
  facet normal 0 0 1
    outer loop
      vertex -6.82872 18.2277 8.4
      vertex -6.88255 14.9379 8.4
      vertex -6.73001 15.2124 8.4
    endloop
  endfacet
  facet normal 0 0 1
    outer loop
      vertex -6.99889 18.4916 8.4
      vertex -6.88255 14.9379 8.4
      vertex -6.82872 18.2277 8.4
    endloop
  endfacet
  facet normal 0 0 1
    outer loop
      vertex -6.99889 18.4916 8.4
      vertex -7.06127 14.6797 8.4
      vertex -6.88255 14.9379 8.4
    endloop
  endfacet
  facet normal 0 0 1
    outer loop
      vertex -7.19411 18.7376 8.4
      vertex -7.06127 14.6797 8.4
      vertex -6.99889 18.4916 8.4
    endloop
  endfacet
  facet normal 0 0 1
    outer loop
      vertex -7.19411 18.7376 8.4
      vertex -7.26444 14.4402 8.4
      vertex -7.06127 14.6797 8.4
    endloop
  endfacet
  facet normal 0 0 1
    outer loop
      vertex -7.41251 18.9633 8.4
      vertex -7.26444 14.4402 8.4
      vertex -7.19411 18.7376 8.4
    endloop
  endfacet
  facet normal 0 0 1
    outer loop
      vertex -7.41251 18.9633 8.4
      vertex -7.49009 14.2218 8.4
      vertex -7.26444 14.4402 8.4
    endloop
  endfacet
  facet normal 0 0 1
    outer loop
      vertex -7.65196 19.1664 8.4
      vertex -7.49009 14.2218 8.4
      vertex -7.41251 18.9633 8.4
    endloop
  endfacet
  facet normal 0 0 1
    outer loop
      vertex -7.65196 19.1664 8.4
      vertex -7.73607 14.0266 8.4
      vertex -7.49009 14.2218 8.4
    endloop
  endfacet
  facet normal 0 0 1
    outer loop
      vertex -7.91018 19.3451 8.4
      vertex -7.73607 14.0266 8.4
      vertex -7.65196 19.1664 8.4
    endloop
  endfacet
  facet normal 0 0 1
    outer loop
      vertex -7.91018 19.3451 8.4
      vertex -8 13.8564 8.4
      vertex -7.73607 14.0266 8.4
    endloop
  endfacet
  facet normal 0 0 1
    outer loop
      vertex -8.18468 19.4977 8.4
      vertex -8 13.8564 8.4
      vertex -7.91018 19.3451 8.4
    endloop
  endfacet
  facet normal 0 0 1
    outer loop
      vertex -8.18468 19.4977 8.4
      vertex -8.27934 13.7129 8.4
      vertex -8 13.8564 8.4
    endloop
  endfacet
  facet normal 0 0 1
    outer loop
      vertex -8.4728 19.6226 8.4
      vertex -8.27934 13.7129 8.4
      vertex -8.18468 19.4977 8.4
    endloop
  endfacet
  facet normal 0 0 1
    outer loop
      vertex -8.4728 19.6226 8.4
      vertex -8.57139 13.5975 8.4
      vertex -8.27934 13.7129 8.4
    endloop
  endfacet
  facet normal 0 0 1
    outer loop
      vertex -8.77178 19.7186 8.4
      vertex -8.57139 13.5975 8.4
      vertex -8.4728 19.6226 8.4
    endloop
  endfacet
  facet normal 0 0 1
    outer loop
      vertex -8.77178 19.7186 8.4
      vertex -8.87336 13.5113 8.4
      vertex -8.57139 13.5975 8.4
    endloop
  endfacet
  facet normal 0 0 1
    outer loop
      vertex -9.07873 19.7849 8.4
      vertex -8.87336 13.5113 8.4
      vertex -8.77178 19.7186 8.4
    endloop
  endfacet
  facet normal 0 0 1
    outer loop
      vertex -9.07873 19.7849 8.4
      vertex -9.18232 13.4551 8.4
      vertex -8.87336 13.5113 8.4
    endloop
  endfacet
  facet normal 0 0 1
    outer loop
      vertex -9.39071 19.8208 8.4
      vertex -9.18232 13.4551 8.4
      vertex -9.07873 19.7849 8.4
    endloop
  endfacet
  facet normal 0 0 1
    outer loop
      vertex -9.39071 19.8208 8.4
      vertex -9.4953 13.4294 8.4
      vertex -9.18232 13.4551 8.4
    endloop
  endfacet
  facet normal 0 0 1
    outer loop
      vertex -9.7047 19.826 8.4
      vertex -9.4953 13.4294 8.4
      vertex -9.39071 19.8208 8.4
    endloop
  endfacet
  facet normal 0 0 1
    outer loop
      vertex -9.7047 19.826 8.4
      vertex -9.80929 13.4345 8.4
      vertex -9.4953 13.4294 8.4
    endloop
  endfacet
  facet normal -0 0 1
    outer loop
      vertex -10.0177 19.8003 8.4
      vertex -9.80929 13.4345 8.4
      vertex -9.7047 19.826 8.4
    endloop
  endfacet
  facet normal 0 0 1
    outer loop
      vertex -10.0177 19.8003 8.4
      vertex -10.1213 13.4704 8.4
      vertex -9.80929 13.4345 8.4
    endloop
  endfacet
  facet normal -0 0 1
    outer loop
      vertex -10.3266 19.7441 8.4
      vertex -10.1213 13.4704 8.4
      vertex -10.0177 19.8003 8.4
    endloop
  endfacet
  facet normal 0 0 1
    outer loop
      vertex -10.3266 19.7441 8.4
      vertex -10.4282 13.5367 8.4
      vertex -10.1213 13.4704 8.4
    endloop
  endfacet
  facet normal -0 0 1
    outer loop
      vertex -10.6286 19.6579 8.4
      vertex -10.4282 13.5367 8.4
      vertex -10.3266 19.7441 8.4
    endloop
  endfacet
  facet normal 0 0 1
    outer loop
      vertex -10.6286 19.6579 8.4
      vertex -10.7272 13.6328 8.4
      vertex -10.4282 13.5367 8.4
    endloop
  endfacet
  facet normal -0 0 1
    outer loop
      vertex -10.9207 19.5424 8.4
      vertex -10.7272 13.6328 8.4
      vertex -10.6286 19.6579 8.4
    endloop
  endfacet
  facet normal 0 0 1
    outer loop
      vertex -10.9207 19.5424 8.4
      vertex -11.0153 13.7577 8.4
      vertex -10.7272 13.6328 8.4
    endloop
  endfacet
  facet normal -0 0 1
    outer loop
      vertex -11.2 19.399 8.4
      vertex -11.0153 13.7577 8.4
      vertex -10.9207 19.5424 8.4
    endloop
  endfacet
  facet normal 0 0 1
    outer loop
      vertex -11.2 19.399 8.4
      vertex -11.2898 13.9102 8.4
      vertex -11.0153 13.7577 8.4
    endloop
  endfacet
  facet normal -0 0 1
    outer loop
      vertex -11.4639 19.2288 8.4
      vertex -11.2898 13.9102 8.4
      vertex -11.2 19.399 8.4
    endloop
  endfacet
  facet normal 0 0 1
    outer loop
      vertex -11.4639 19.2288 8.4
      vertex -11.548 14.089 8.4
      vertex -11.2898 13.9102 8.4
    endloop
  endfacet
  facet normal -0 0 1
    outer loop
      vertex -11.7099 19.0336 8.4
      vertex -11.548 14.089 8.4
      vertex -11.4639 19.2288 8.4
    endloop
  endfacet
  facet normal 0 0 1
    outer loop
      vertex -11.7099 19.0336 8.4
      vertex -11.7875 14.2921 8.4
      vertex -11.548 14.089 8.4
    endloop
  endfacet
  facet normal -0 0 1
    outer loop
      vertex -11.9356 18.8152 8.4
      vertex -11.7875 14.2921 8.4
      vertex -11.7099 19.0336 8.4
    endloop
  endfacet
  facet normal 0 0 1
    outer loop
      vertex -11.9356 18.8152 8.4
      vertex -12.0059 14.5178 8.4
      vertex -11.7875 14.2921 8.4
    endloop
  endfacet
  facet normal -0 0 1
    outer loop
      vertex -12.1387 18.5757 8.4
      vertex -12.0059 14.5178 8.4
      vertex -11.9356 18.8152 8.4
    endloop
  endfacet
  facet normal 0 0 1
    outer loop
      vertex -12.1387 18.5757 8.4
      vertex -12.2011 14.7638 8.4
      vertex -12.0059 14.5178 8.4
    endloop
  endfacet
  facet normal -0 0 1
    outer loop
      vertex -12.3174 18.3175 8.4
      vertex -12.2011 14.7638 8.4
      vertex -12.1387 18.5757 8.4
    endloop
  endfacet
  facet normal 0 0 1
    outer loop
      vertex -12.3174 18.3175 8.4
      vertex -12.3713 15.0277 8.4
      vertex -12.2011 14.7638 8.4
    endloop
  endfacet
  facet normal -0 0 1
    outer loop
      vertex -12.47 18.043 8.4
      vertex -12.3713 15.0277 8.4
      vertex -12.3174 18.3175 8.4
    endloop
  endfacet
  facet normal 0 0 1
    outer loop
      vertex -12.47 18.043 8.4
      vertex -12.5148 15.307 8.4
      vertex -12.3713 15.0277 8.4
    endloop
  endfacet
  facet normal -0 0 1
    outer loop
      vertex -12.5949 17.7549 8.4
      vertex -12.5148 15.307 8.4
      vertex -12.47 18.043 8.4
    endloop
  endfacet
  facet normal 0 0 1
    outer loop
      vertex -12.5949 17.7549 8.4
      vertex -12.6302 15.5991 8.4
      vertex -12.5148 15.307 8.4
    endloop
  endfacet
  facet normal -0 0 1
    outer loop
      vertex -12.691 17.4559 8.4
      vertex -12.6302 15.5991 8.4
      vertex -12.5949 17.7549 8.4
    endloop
  endfacet
  facet normal 0 0 1
    outer loop
      vertex -12.691 17.4559 8.4
      vertex -12.7164 15.901 8.4
      vertex -12.6302 15.5991 8.4
    endloop
  endfacet
  facet normal -0 0 1
    outer loop
      vertex -12.7573 17.149 8.4
      vertex -12.7164 15.901 8.4
      vertex -12.691 17.4559 8.4
    endloop
  endfacet
  facet normal 0 0 1
    outer loop
      vertex -12.7573 17.149 8.4
      vertex -12.7726 16.21 8.4
      vertex -12.7164 15.901 8.4
    endloop
  endfacet
  facet normal -0 0 1
    outer loop
      vertex -12.7931 16.837 8.4
      vertex -12.7726 16.21 8.4
      vertex -12.7573 17.149 8.4
    endloop
  endfacet
  facet normal 0 0 1
    outer loop
      vertex -12.7726 16.21 8.4
      vertex -12.7931 16.837 8.4
      vertex -12.7983 16.523 8.4
    endloop
  endfacet
  facet normal 0.456944 -0.889496 0
    outer loop
      vertex -8.27934 13.7129 8
      vertex -8 13.8564 8.4
      vertex -8.27934 13.7129 8.4
    endloop
  endfacet
  facet normal 0.456944 -0.889496 0
    outer loop
      vertex -8 13.8564 8.4
      vertex -8.27934 13.7129 8
      vertex -8 13.8564 8
    endloop
  endfacet
  facet normal 0.983844 0.179028 0
    outer loop
      vertex -6.42738 17.0454 8.4
      vertex -6.48359 17.3543 8
      vertex -6.48359 17.3543 8.4
    endloop
  endfacet
  facet normal 0.983844 0.179028 0
    outer loop
      vertex -6.48359 17.3543 8
      vertex -6.42738 17.0454 8.4
      vertex -6.42738 17.0454 8
    endloop
  endfacet
  facet normal 0.305718 0.952122 -0
    outer loop
      vertex -8.4728 19.6226 8
      vertex -8.77178 19.7186 8.4
      vertex -8.4728 19.6226 8.4
    endloop
  endfacet
  facet normal 0.305718 0.952122 0
    outer loop
      vertex -8.77178 19.7186 8.4
      vertex -8.4728 19.6226 8
      vertex -8.77178 19.7186 8
    endloop
  endfacet
  facet normal -0.323289 -0.629354 0.706681
    outer loop
      vertex -12.225 -21.1743 8
      vertex -14.225 -24.6384 4
      vertex -13.4175 -25.0532 4
    endloop
  endfacet
  facet normal -0.705165 0.0578139 0.706682
    outer loop
      vertex -14.8051 -15.9424 8
      vertex -18.7709 -15.4203 4
      vertex -14.8472 -16.4559 8
    endloop
  endfacet
  facet normal -0.673615 -0.216436 0.706681
    outer loop
      vertex -14.6711 -17.9865 8
      vertex -18.5348 -19.0218 4
      vertex -14.5135 -18.477 8
    endloop
  endfacet
  facet normal 0.696101 -0.126672 0.706681
    outer loop
      vertex -0.429136 -17.8351 4
      vertex -4.48715 -17.8198 8
      vertex -0.591638 -18.7281 4
    endloop
  endfacet
  facet normal 0.343721 -0.618433 0.70668
    outer loop
      vertex -4.71537 -24.4828 4
      vertex -7.27798 -21.3363 8
      vertex -5.50883 -24.9238 4
    endloop
  endfacet
  facet normal 0.383407 0.59464 0.706684
    outer loop
      vertex -4.975 -8.61695 4
      vertex -6.975 -12.0811 8
      vertex -4.21208 -9.10886 4
    endloop
  endfacet
  facet normal 0.554197 -0.439858 0.706676
    outer loop
      vertex -2.08117 -22.0156 4
      vertex -5.65284 -20.0893 8
      vertex -2.64548 -22.7266 4
    endloop
  endfacet
  facet normal 0.149341 -0.691598 0.706675
    outer loop
      vertex -7.20592 -25.5625 4
      vertex -8.7448 -21.8076 8
      vertex -8.09322 -25.7541 4
    endloop
  endfacet
  facet normal 0.6961 -0.12668 0.70668
    outer loop
      vertex -4.39492 -17.313 8
      vertex -4.48715 -17.8198 8
      vertex -0.429136 -17.8351 4
    endloop
  endfacet
  facet normal 0.492069 0.508406 0.706676
    outer loop
      vertex -3.50105 -9.67317 4
      vertex -5.76821 -13.0388 8
      vertex -2.84876 -10.3045 4
    endloop
  endfacet
  facet normal -0.323265 -0.629364 0.706683
    outer loop
      vertex -12.225 -21.1743 8
      vertex -13.4175 -25.0532 4
      vertex -11.7667 -21.4097 8
    endloop
  endfacet
  facet normal -0.649179 -0.281371 0.70668
    outer loop
      vertex -14.5135 -18.477 8
      vertex -18.2571 -19.886 4
      vertex -17.8961 -20.7189 4
    endloop
  endfacet
  facet normal 0.702897 0.080862 0.70668
    outer loop
      vertex -0.47355 -15.1209 4
      vertex -4.42012 -15.7725 8
      vertex -0.369806 -16.0227 4
    endloop
  endfacet
  facet normal 0.705165 -0.0578277 0.706681
    outer loop
      vertex -4.35281 -16.7995 8
      vertex -4.39492 -17.313 8
      vertex -0.429136 -17.8351 4
    endloop
  endfacet
  facet normal -0.492051 -0.508419 0.706679
    outer loop
      vertex -13.4318 -20.2165 8
      vertex -16.3512 -22.9509 4
      vertex -15.6989 -23.5822 4
    endloop
  endfacet
  facet normal 0.45773 -0.539525 0.70668
    outer loop
      vertex -6.01114 -20.4595 8
      vertex -6.404 -20.7928 8
      vertex -3.96896 -23.9662 4
    endloop
  endfacet
  facet normal 0.691585 0.149372 0.706681
    outer loop
      vertex -0.665187 -14.2336 4
      vertex -4.52889 -15.2689 8
      vertex -4.42012 -15.7725 8
    endloop
  endfacet
  facet normal -0.194194 -0.680367 0.706675
    outer loop
      vertex -11.2876 -21.5991 8
      vertex -12.5733 -25.3868 4
      vertex -10.7922 -21.7405 8
    endloop
  endfacet
  facet normal -0.696105 0.126657 0.70668
    outer loop
      vertex -18.6084 -14.5272 4
      vertex -18.7709 -15.4203 4
      vertex -14.7129 -15.4355 8
    endloop
  endfacet
  facet normal 0.439845 0.554204 0.706679
    outer loop
      vertex -4.21208 -9.10886 4
      vertex -6.13844 -12.6805 8
      vertex -3.50105 -9.67317 4
    endloop
  endfacet
  facet normal 0.439864 0.554191 0.706677
    outer loop
      vertex -4.21208 -9.10886 4
      vertex -6.54199 -12.3602 8
      vertex -6.13844 -12.6805 8
    endloop
  endfacet
  facet normal -0.439828 -0.554214 0.706681
    outer loop
      vertex -13.0616 -20.5748 8
      vertex -14.9879 -24.1465 4
      vertex -12.658 -20.8951 8
    endloop
  endfacet
  facet normal 0.126666 0.696105 0.706677
    outer loop
      vertex -8.39263 -7.45682 4
      vertex -8.40785 -11.5148 8
      vertex -7.49954 -7.61933 4
    endloop
  endfacet
  facet normal 0.680335 -0.194281 0.706682
    outer loop
      vertex -4.48715 -17.8198 8
      vertex -4.62862 -18.3152 8
      vertex -0.840896 -19.601 4
    endloop
  endfacet
  facet normal 0.0807506 -0.702901 0.706689
    outer loop
      vertex -8.7448 -21.8076 8
      vertex -9.25663 -21.8664 8
      vertex -8.99502 -25.8579 4
    endloop
  endfacet
  facet normal 0.554227 -0.439811 0.706681
    outer loop
      vertex -5.33256 -19.6857 8
      vertex -5.65284 -20.0893 8
      vertex -2.08117 -22.0156 4
    endloop
  endfacet
  facet normal -0.629337 0.32332 0.706682
    outer loop
      vertex -17.6107 -12.0027 4
      vertex -18.0255 -12.8101 4
      vertex -14.1466 -14.0027 8
    endloop
  endfacet
  facet normal 0.126618 0.69611 0.706682
    outer loop
      vertex -8.39263 -7.45682 4
      vertex -8.91474 -11.4226 8
      vertex -8.40785 -11.5148 8
    endloop
  endfacet
  facet normal -0.126732 -0.696089 0.706682
    outer loop
      vertex -10.7922 -21.7405 8
      vertex -11.7005 -25.636 4
      vertex -10.8074 -25.7986 4
    endloop
  endfacet
  facet normal -0.594642 0.383411 0.70668
    outer loop
      vertex -17.1188 -11.2398 4
      vertex -17.6107 -12.0027 4
      vertex -14.1466 -14.0027 8
    endloop
  endfacet
  facet normal -0.383411 -0.594642 0.70668
    outer loop
      vertex -12.225 -21.1743 8
      vertex -14.9879 -24.1465 4
      vertex -14.225 -24.6384 4
    endloop
  endfacet
  facet normal -0.281394 0.649169 0.706681
    outer loop
      vertex -11.4493 -11.7142 8
      vertex -13.6912 -8.33162 4
      vertex -11.922 -11.9191 8
    endloop
  endfacet
  facet normal 0.0116729 -0.707444 0.706673
    outer loop
      vertex -9.77178 -21.8749 8
      vertex -9.90265 -25.8727 4
      vertex -9.25663 -21.8664 8
    endloop
  endfacet
  facet normal -0.383422 -0.594633 0.706681
    outer loop
      vertex -12.658 -20.8951 8
      vertex -14.9879 -24.1465 4
      vertex -12.225 -21.1743 8
    endloop
  endfacet
  facet normal -0.649167 -0.281393 0.706682
    outer loop
      vertex -14.5135 -18.477 8
      vertex -17.8961 -20.7189 4
      vertex -14.3086 -18.9497 8
    endloop
  endfacet
  facet normal 0.194277 0.680341 0.706678
    outer loop
      vertex -7.49954 -7.61933 4
      vertex -8.40785 -11.5148 8
      vertex -6.62669 -7.86858 4
    endloop
  endfacet
  facet normal 0.216432 -0.673617 0.70668
    outer loop
      vertex -7.75069 -21.5412 8
      vertex -8.2412 -21.6988 8
      vertex -7.20592 -25.5625 4
    endloop
  endfacet
  facet normal 0.0578181 0.705166 0.706681
    outer loop
      vertex -9.29735 -7.38264 4
      vertex -9.42822 -11.3805 8
      vertex -8.39263 -7.45682 4
    endloop
  endfacet
  facet normal 0.629367 -0.323266 0.70668
    outer loop
      vertex -4.81797 -18.7944 8
      vertex -5.05337 -19.2527 8
      vertex -1.17451 -20.4452 4
    endloop
  endfacet
  facet normal -0.126749 -0.696088 0.70668
    outer loop
      vertex -10.7922 -21.7405 8
      vertex -10.8074 -25.7986 4
      vertex -10.2853 -21.8328 8
    endloop
  endfacet
  facet normal -0.53951 -0.457749 0.706679
    outer loop
      vertex -13.4318 -20.2165 8
      vertex -16.9385 -22.2587 4
      vertex -16.3512 -22.9509 4
    endloop
  endfacet
  facet normal 0.658013 -0.260036 0.706682
    outer loop
      vertex -0.840896 -19.601 4
      vertex -4.62862 -18.3152 8
      vertex -1.17451 -20.4452 4
    endloop
  endfacet
  facet normal -0.702897 -0.0809056 0.706675
    outer loop
      vertex -14.7799 -17.4829 8
      vertex -18.8302 -17.2327 4
      vertex -18.7264 -18.1345 4
    endloop
  endfacet
  facet normal -0.260029 -0.658022 0.706677
    outer loop
      vertex -11.2876 -21.5991 8
      vertex -13.4175 -25.0532 4
      vertex -12.5733 -25.3868 4
    endloop
  endfacet
  facet normal -0.492065 -0.508408 0.706677
    outer loop
      vertex -13.4318 -20.2165 8
      vertex -15.6989 -23.5822 4
      vertex -13.0616 -20.5748 8
    endloop
  endfacet
  facet normal 0.707438 0.0115773 0.70668
    outer loop
      vertex -0.369806 -16.0227 4
      vertex -4.36124 -16.2843 8
      vertex -0.354953 -16.9303 4
    endloop
  endfacet
  facet normal 0.0809057 -0.702897 0.706675
    outer loop
      vertex -8.7448 -21.8076 8
      vertex -8.99502 -25.8579 4
      vertex -8.09322 -25.7541 4
    endloop
  endfacet
  facet normal 0.343725 -0.61843 0.706681
    outer loop
      vertex -6.82764 -21.086 8
      vertex -7.27798 -21.3363 8
      vertex -4.71537 -24.4828 4
    endloop
  endfacet
  facet normal 0.21645 -0.673613 0.706679
    outer loop
      vertex -6.34169 -25.2848 4
      vertex -7.75069 -21.5412 8
      vertex -7.20592 -25.5625 4
    endloop
  endfacet
  facet normal -0.0808667 0.702897 0.70668
    outer loop
      vertex -10.205 -7.39749 4
      vertex -11.1068 -7.50124 4
      vertex -10.4552 -11.4478 8
    endloop
  endfacet
  facet normal 0.0115356 -0.707434 0.706685
    outer loop
      vertex -9.25663 -21.8664 8
      vertex -9.90265 -25.8727 4
      vertex -8.99502 -25.8579 4
    endloop
  endfacet
  facet normal 0.594641 -0.383413 0.70668
    outer loop
      vertex -5.05337 -19.2527 8
      vertex -5.33256 -19.6857 8
      vertex -2.08117 -22.0156 4
    endloop
  endfacet
  facet normal 0.492043 0.508427 0.706679
    outer loop
      vertex -3.50105 -9.67317 4
      vertex -6.13844 -12.6805 8
      vertex -5.76821 -13.0388 8
    endloop
  endfacet
  facet normal 0.680339 -0.194272 0.706681
    outer loop
      vertex -0.591638 -18.7281 4
      vertex -4.48715 -17.8198 8
      vertex -0.840896 -19.601 4
    endloop
  endfacet
  facet normal -0.439851 -0.554198 0.706679
    outer loop
      vertex -13.0616 -20.5748 8
      vertex -15.6989 -23.5822 4
      vertex -14.9879 -24.1465 4
    endloop
  endfacet
  facet normal 0.323269 0.62936 0.706684
    outer loop
      vertex -5.78246 -8.2022 4
      vertex -6.975 -12.0811 8
      vertex -4.975 -8.61695 4
    endloop
  endfacet
  facet normal 0.539486 0.45778 0.706677
    outer loop
      vertex -2.84876 -10.3045 4
      vertex -5.76821 -13.0388 8
      vertex -2.26148 -10.9966 4
    endloop
  endfacet
  facet normal -0.402663 0.58178 0.706678
    outer loop
      vertex -14.4846 -8.77257 4
      vertex -15.231 -9.28917 4
      vertex -12.3724 -12.1694 8
    endloop
  endfacet
  facet normal 0.594638 -0.383416 0.706681
    outer loop
      vertex -1.58926 -21.2527 4
      vertex -5.05337 -19.2527 8
      vertex -2.08117 -22.0156 4
    endloop
  endfacet
  facet normal 0.383322 0.594706 0.706674
    outer loop
      vertex -4.21208 -9.10886 4
      vertex -6.975 -12.0811 8
      vertex -6.54199 -12.3602 8
    endloop
  endfacet
  facet normal 0.149411 -0.691576 0.706681
    outer loop
      vertex -8.2412 -21.6988 8
      vertex -8.7448 -21.8076 8
      vertex -7.20592 -25.5625 4
    endloop
  endfacet
  facet normal -0.194251 -0.680345 0.70668
    outer loop
      vertex -10.7922 -21.7405 8
      vertex -12.5733 -25.3868 4
      vertex -11.7005 -25.636 4
    endloop
  endfacet
  facet normal -0.657975 0.260114 0.706689
    outer loop
      vertex -14.382 -14.461 8
      vertex -18.0255 -12.8101 4
      vertex -14.5714 -14.9401 8
    endloop
  endfacet
  facet normal -0.0577546 -0.705175 0.706677
    outer loop
      vertex -9.77178 -21.8749 8
      vertex -10.8074 -25.7986 4
      vertex -9.90265 -25.8727 4
    endloop
  endfacet
  facet normal 0.691587 0.149367 0.706681
    outer loop
      vertex -0.665187 -14.2336 4
      vertex -4.42012 -15.7725 8
      vertex -0.47355 -15.1209 4
    endloop
  endfacet
  facet normal -0.61842 -0.34374 0.706682
    outer loop
      vertex -14.3086 -18.9497 8
      vertex -17.8961 -20.7189 4
      vertex -17.4551 -21.5123 4
    endloop
  endfacet
  facet normal 0.649162 0.281409 0.70668
    outer loop
      vertex -1.30393 -12.5365 4
      vertex -4.68649 -14.7784 8
      vertex -0.942871 -13.3694 4
    endloop
  endfacet
  facet normal 0.673615 0.216436 0.706681
    outer loop
      vertex -0.665187 -14.2336 4
      vertex -4.68649 -14.7784 8
      vertex -4.52889 -15.2689 8
    endloop
  endfacet
  facet normal -0.343711 0.618437 0.706681
    outer loop
      vertex -13.6912 -8.33162 4
      vertex -14.4846 -8.77257 4
      vertex -11.922 -11.9191 8
    endloop
  endfacet
  facet normal -0.581778 -0.402661 0.706681
    outer loop
      vertex -14.0583 -19.4 8
      vertex -17.4551 -21.5123 4
      vertex -16.9385 -22.2587 4
    endloop
  endfacet
  facet normal -0.618415 -0.343747 0.706683
    outer loop
      vertex -14.3086 -18.9497 8
      vertex -17.4551 -21.5123 4
      vertex -14.0583 -19.4 8
    endloop
  endfacet
  facet normal -0.673611 -0.216456 0.706679
    outer loop
      vertex -14.5135 -18.477 8
      vertex -18.5348 -19.0218 4
      vertex -18.2571 -19.886 4
    endloop
  endfacet
  facet normal -0.705175 0.0577578 0.706677
    outer loop
      vertex -18.7709 -15.4203 4
      vertex -18.845 -16.325 4
      vertex -14.8472 -16.4559 8
    endloop
  endfacet
  facet normal -0.702897 -0.0808923 0.706677
    outer loop
      vertex -14.8388 -16.9711 8
      vertex -18.8302 -17.2327 4
      vertex -14.7799 -17.4829 8
    endloop
  endfacet
  facet normal -0.0808874 0.702897 0.706678
    outer loop
      vertex -10.205 -7.39749 4
      vertex -10.4552 -11.4478 8
      vertex -9.94337 -11.3889 8
    endloop
  endfacet
  facet normal 0.32327 0.62936 0.706684
    outer loop
      vertex -5.78246 -8.2022 4
      vertex -7.43329 -11.8457 8
      vertex -6.975 -12.0811 8
    endloop
  endfacet
  facet normal 0.0578163 0.705167 0.706681
    outer loop
      vertex -8.39263 -7.45682 4
      vertex -9.42822 -11.3805 8
      vertex -8.91474 -11.4226 8
    endloop
  endfacet
  facet normal 0.281382 -0.649175 0.70668
    outer loop
      vertex -5.50883 -24.9238 4
      vertex -7.75069 -21.5412 8
      vertex -6.34169 -25.2848 4
    endloop
  endfacet
  facet normal 0.649152 0.281428 0.706682
    outer loop
      vertex -1.30393 -12.5365 4
      vertex -4.89142 -14.3057 8
      vertex -4.68649 -14.7784 8
    endloop
  endfacet
  facet normal 0.673613 0.216445 0.70668
    outer loop
      vertex -0.942871 -13.3694 4
      vertex -4.68649 -14.7784 8
      vertex -0.665187 -14.2336 4
    endloop
  endfacet
  facet normal 0.457754 -0.539508 0.706677
    outer loop
      vertex -3.27677 -23.3789 4
      vertex -6.01114 -20.4595 8
      vertex -3.96896 -23.9662 4
    endloop
  endfacet
  facet normal 0.508425 -0.492049 0.706677
    outer loop
      vertex -2.64548 -22.7266 4
      vertex -6.01114 -20.4595 8
      vertex -3.27677 -23.3789 4
    endloop
  endfacet
  facet normal 0.281389 -0.649171 0.70668
    outer loop
      vertex -7.27798 -21.3363 8
      vertex -7.75069 -21.5412 8
      vertex -5.50883 -24.9238 4
    endloop
  endfacet
  facet normal -0.707443 -0.0115348 0.706676
    outer loop
      vertex -14.8388 -16.9711 8
      vertex -18.845 -16.325 4
      vertex -18.8302 -17.2327 4
    endloop
  endfacet
  facet normal 0.658026 -0.260011 0.706679
    outer loop
      vertex -4.62862 -18.3152 8
      vertex -4.81797 -18.7944 8
      vertex -1.17451 -20.4452 4
    endloop
  endfacet
  facet normal 0.194316 0.680326 0.706681
    outer loop
      vertex -6.62669 -7.86858 4
      vertex -8.40785 -11.5148 8
      vertex -7.91244 -11.6563 8
    endloop
  endfacet
  facet normal 0.618437 0.34371 0.706682
    outer loop
      vertex -1.74488 -11.7431 4
      vertex -4.89142 -14.3057 8
      vertex -1.30393 -12.5365 4
    endloop
  endfacet
  facet normal 0.539537 0.457707 0.706685
    outer loop
      vertex -2.26148 -10.9966 4
      vertex -5.76821 -13.0388 8
      vertex -5.4349 -13.4317 8
    endloop
  endfacet
  facet normal -0.260115 -0.657978 0.706686
    outer loop
      vertex -11.7667 -21.4097 8
      vertex -13.4175 -25.0532 4
      vertex -11.2876 -21.5991 8
    endloop
  endfacet
  facet normal -0.707443 -0.0115344 0.706676
    outer loop
      vertex -14.8472 -16.4559 8
      vertex -18.845 -16.325 4
      vertex -14.8388 -16.9711 8
    endloop
  endfacet
  facet normal -0.539493 -0.457773 0.706676
    outer loop
      vertex -13.7651 -19.8237 8
      vertex -16.9385 -22.2587 4
      vertex -13.4318 -20.2165 8
    endloop
  endfacet
  facet normal -0.581816 -0.402616 0.706676
    outer loop
      vertex -14.0583 -19.4 8
      vertex -16.9385 -22.2587 4
      vertex -13.7651 -19.8237 8
    endloop
  endfacet
  facet normal 0.260091 0.657987 0.706686
    outer loop
      vertex -5.78246 -8.2022 4
      vertex -7.91244 -11.6563 8
      vertex -7.43329 -11.8457 8
    endloop
  endfacet
  facet normal 0.702897 0.0808647 0.70668
    outer loop
      vertex -0.369806 -16.0227 4
      vertex -4.42012 -15.7725 8
      vertex -4.36124 -16.2843 8
    endloop
  endfacet
  facet normal 0.581758 0.402685 0.706685
    outer loop
      vertex -2.26148 -10.9966 4
      vertex -5.4349 -13.4317 8
      vertex -5.14169 -13.8553 8
    endloop
  endfacet
  facet normal 0.618471 0.34366 0.706677
    outer loop
      vertex -1.74488 -11.7431 4
      vertex -5.14169 -13.8553 8
      vertex -4.89142 -14.3057 8
    endloop
  endfacet
  facet normal -0.62936 0.323263 0.706687
    outer loop
      vertex -14.1466 -14.0027 8
      vertex -18.0255 -12.8101 4
      vertex -14.382 -14.461 8
    endloop
  endfacet
  facet normal -0.680326 0.194323 0.706679
    outer loop
      vertex -18.3591 -13.6544 4
      vertex -18.6084 -14.5272 4
      vertex -14.7129 -15.4355 8
    endloop
  endfacet
  facet normal -0.0578117 -0.705165 0.706682
    outer loop
      vertex -10.2853 -21.8328 8
      vertex -10.8074 -25.7986 4
      vertex -9.77178 -21.8749 8
    endloop
  endfacet
  facet normal 0.402659 -0.581782 0.70668
    outer loop
      vertex -3.96896 -23.9662 4
      vertex -6.82764 -21.086 8
      vertex -4.71537 -24.4828 4
    endloop
  endfacet
  facet normal -0.281409 0.64916 0.706682
    outer loop
      vertex -12.8583 -7.97056 4
      vertex -13.6912 -8.33162 4
      vertex -11.4493 -11.7142 8
    endloop
  endfacet
  facet normal -0.691576 -0.149411 0.706682
    outer loop
      vertex -14.7799 -17.4829 8
      vertex -18.5348 -19.0218 4
      vertex -14.6711 -17.9865 8
    endloop
  endfacet
  facet normal 0.581806 0.402627 0.706678
    outer loop
      vertex -2.26148 -10.9966 4
      vertex -5.14169 -13.8553 8
      vertex -1.74488 -11.7431 4
    endloop
  endfacet
  facet normal -0.691598 -0.149341 0.706675
    outer loop
      vertex -14.7799 -17.4829 8
      vertex -18.7264 -18.1345 4
      vertex -18.5348 -19.0218 4
    endloop
  endfacet
  facet normal 0.402653 -0.581786 0.706679
    outer loop
      vertex -6.404 -20.7928 8
      vertex -6.82764 -21.086 8
      vertex -3.96896 -23.9662 4
    endloop
  endfacet
  facet normal 0.260033 0.658017 0.70668
    outer loop
      vertex -6.62669 -7.86858 4
      vertex -7.91244 -11.6563 8
      vertex -5.78246 -8.2022 4
    endloop
  endfacet
  facet normal -0.508402 0.492073 0.706676
    outer loop
      vertex -15.9232 -9.87645 4
      vertex -16.5545 -10.5287 4
      vertex -13.1889 -12.7959 8
    endloop
  endfacet
  facet normal 0.62937 -0.323258 0.706681
    outer loop
      vertex -1.17451 -20.4452 4
      vertex -5.05337 -19.2527 8
      vertex -1.58926 -21.2527 4
    endloop
  endfacet
  facet normal -0.554231 0.439815 0.706676
    outer loop
      vertex -16.5545 -10.5287 4
      vertex -17.1188 -11.2398 4
      vertex -13.5472 -13.1661 8
    endloop
  endfacet
  facet normal -0.696109 0.126615 0.706683
    outer loop
      vertex -14.7129 -15.4355 8
      vertex -18.7709 -15.4203 4
      vertex -14.8051 -15.9424 8
    endloop
  endfacet
  facet normal -0.149362 0.691588 0.70668
    outer loop
      vertex -11.1068 -7.50124 4
      vertex -11.9941 -7.69287 4
      vertex -10.4552 -11.4478 8
    endloop
  endfacet
  facet normal 0.50841 -0.492067 0.706675
    outer loop
      vertex -5.65284 -20.0893 8
      vertex -6.01114 -20.4595 8
      vertex -2.64548 -22.7266 4
    endloop
  endfacet
  facet normal 0.705167 -0.0578154 0.70668
    outer loop
      vertex -0.354953 -16.9303 4
      vertex -4.35281 -16.7995 8
      vertex -0.429136 -17.8351 4
    endloop
  endfacet
  facet normal -0.0115744 0.70744 0.706678
    outer loop
      vertex -9.29735 -7.38264 4
      vertex -10.205 -7.39749 4
      vertex -9.94337 -11.3889 8
    endloop
  endfacet
  facet normal -0.149411 0.691573 0.706684
    outer loop
      vertex -10.4552 -11.4478 8
      vertex -11.9941 -7.69287 4
      vertex -10.9588 -11.5566 8
    endloop
  endfacet
  facet normal -0.658032 0.260002 0.706678
    outer loop
      vertex -18.0255 -12.8101 4
      vertex -18.3591 -13.6544 4
      vertex -14.5714 -14.9401 8
    endloop
  endfacet
  facet normal -0.216435 0.673613 0.706683
    outer loop
      vertex -10.9588 -11.5566 8
      vertex -11.9941 -7.69287 4
      vertex -11.4493 -11.7142 8
    endloop
  endfacet
  facet normal -0.216448 0.67361 0.706682
    outer loop
      vertex -11.9941 -7.69287 4
      vertex -12.8583 -7.97056 4
      vertex -11.4493 -11.7142 8
    endloop
  endfacet
  facet normal -0.594633 0.383422 0.706681
    outer loop
      vertex -13.8674 -13.5697 8
      vertex -17.1188 -11.2398 4
      vertex -14.1466 -14.0027 8
    endloop
  endfacet
  facet normal -0.457742 0.539519 0.706676
    outer loop
      vertex -15.231 -9.28917 4
      vertex -15.9232 -9.87645 4
      vertex -13.1889 -12.7959 8
    endloop
  endfacet
  facet normal -0.508408 0.492065 0.706677
    outer loop
      vertex -13.1889 -12.7959 8
      vertex -16.5545 -10.5287 4
      vertex -13.5472 -13.1661 8
    endloop
  endfacet
  facet normal -0.402678 0.581768 0.70668
    outer loop
      vertex -12.3724 -12.1694 8
      vertex -15.231 -9.28917 4
      vertex -12.796 -12.4626 8
    endloop
  endfacet
  facet normal 0.707438 0.0115755 0.706681
    outer loop
      vertex -0.354953 -16.9303 4
      vertex -4.36124 -16.2843 8
      vertex -4.35281 -16.7995 8
    endloop
  endfacet
  facet normal -0.680327 0.19432 0.706678
    outer loop
      vertex -14.5714 -14.9401 8
      vertex -18.3591 -13.6544 4
      vertex -14.7129 -15.4355 8
    endloop
  endfacet
  facet normal -0.554278 0.439742 0.706684
    outer loop
      vertex -13.5472 -13.1661 8
      vertex -17.1188 -11.2398 4
      vertex -13.8674 -13.5697 8
    endloop
  endfacet
  facet normal -0.343691 0.618451 0.706679
    outer loop
      vertex -11.922 -11.9191 8
      vertex -14.4846 -8.77257 4
      vertex -12.3724 -12.1694 8
    endloop
  endfacet
  facet normal -0.0115354 0.707438 0.706682
    outer loop
      vertex -9.29735 -7.38264 4
      vertex -9.94337 -11.3889 8
      vertex -9.42822 -11.3805 8
    endloop
  endfacet
  facet normal -0.457702 0.539548 0.70668
    outer loop
      vertex -12.796 -12.4626 8
      vertex -15.231 -9.28917 4
      vertex -13.1889 -12.7959 8
    endloop
  endfacet
  facet normal 0 0 1
    outer loop
      vertex -4.36124 -16.2843 8
      vertex -6.40685 -16.4184 8
      vertex -6.40171 -16.7324 8
    endloop
  endfacet
  facet normal 0 0 1
    outer loop
      vertex -5.76821 -13.0388 8
      vertex -6.44274 -16.1064 8
      vertex -6.40685 -16.4184 8
    endloop
  endfacet
  facet normal 0 0 1
    outer loop
      vertex -5.76821 -13.0388 8
      vertex -6.50904 -15.7995 8
      vertex -6.44274 -16.1064 8
    endloop
  endfacet
  facet normal 0 0 1
    outer loop
      vertex -7.49009 -14.2218 8
      vertex -6.13844 -12.6805 8
      vertex -6.54199 -12.3602 8
    endloop
  endfacet
  facet normal 0 0 1
    outer loop
      vertex -5.76821 -13.0388 8
      vertex -6.6051 -15.5005 8
      vertex -6.50904 -15.7995 8
    endloop
  endfacet
  facet normal 0 0 1
    outer loop
      vertex -5.76821 -13.0388 8
      vertex -6.73001 -15.2124 8
      vertex -6.6051 -15.5005 8
    endloop
  endfacet
  facet normal 0 0 1
    outer loop
      vertex -5.76821 -13.0388 8
      vertex -6.88255 -14.9379 8
      vertex -6.73001 -15.2124 8
    endloop
  endfacet
  facet normal 0 0 1
    outer loop
      vertex -7.73607 -14.0266 8
      vertex -6.54199 -12.3602 8
      vertex -6.975 -12.0811 8
    endloop
  endfacet
  facet normal 0 0 1
    outer loop
      vertex -5.76821 -13.0388 8
      vertex -7.06127 -14.6797 8
      vertex -6.88255 -14.9379 8
    endloop
  endfacet
  facet normal 0 0 1
    outer loop
      vertex -5.76821 -13.0388 8
      vertex -7.26444 -14.4402 8
      vertex -7.06127 -14.6797 8
    endloop
  endfacet
  facet normal 0 0 1
    outer loop
      vertex -8 -13.8564 8
      vertex -6.975 -12.0811 8
      vertex -7.43329 -11.8457 8
    endloop
  endfacet
  facet normal 0 0 1
    outer loop
      vertex -6.13844 -12.6805 8
      vertex -7.49009 -14.2218 8
      vertex -7.26444 -14.4402 8
    endloop
  endfacet
  facet normal 0 0 1
    outer loop
      vertex -6.54199 -12.3602 8
      vertex -7.73607 -14.0266 8
      vertex -7.49009 -14.2218 8
    endloop
  endfacet
  facet normal 0 0 1
    outer loop
      vertex -8.27934 -13.7129 8
      vertex -7.43329 -11.8457 8
      vertex -7.91244 -11.6563 8
    endloop
  endfacet
  facet normal 0 0 1
    outer loop
      vertex -6.975 -12.0811 8
      vertex -8 -13.8564 8
      vertex -7.73607 -14.0266 8
    endloop
  endfacet
  facet normal 0 0 1
    outer loop
      vertex -7.43329 -11.8457 8
      vertex -8.27934 -13.7129 8
      vertex -8 -13.8564 8
    endloop
  endfacet
  facet normal 0 0 1
    outer loop
      vertex -8.57139 -13.5975 8
      vertex -7.91244 -11.6563 8
      vertex -8.40785 -11.5148 8
    endloop
  endfacet
  facet normal 0 0 1
    outer loop
      vertex -7.91244 -11.6563 8
      vertex -8.57139 -13.5975 8
      vertex -8.27934 -13.7129 8
    endloop
  endfacet
  facet normal 0 0 1
    outer loop
      vertex -8.40785 -11.5148 8
      vertex -8.87336 -13.5113 8
      vertex -8.57139 -13.5975 8
    endloop
  endfacet
  facet normal 0 0 1
    outer loop
      vertex -8.91474 -11.4226 8
      vertex -8.87336 -13.5113 8
      vertex -8.40785 -11.5148 8
    endloop
  endfacet
  facet normal 0 0 1
    outer loop
      vertex -8.91474 -11.4226 8
      vertex -9.18232 -13.4551 8
      vertex -8.87336 -13.5113 8
    endloop
  endfacet
  facet normal 0 0 1
    outer loop
      vertex -9.42822 -11.3805 8
      vertex -9.18232 -13.4551 8
      vertex -8.91474 -11.4226 8
    endloop
  endfacet
  facet normal 0 0 1
    outer loop
      vertex -9.42822 -11.3805 8
      vertex -9.4953 -13.4294 8
      vertex -9.18232 -13.4551 8
    endloop
  endfacet
  facet normal 0 0 1
    outer loop
      vertex -9.42822 -11.3805 8
      vertex -9.80929 -13.4345 8
      vertex -9.4953 -13.4294 8
    endloop
  endfacet
  facet normal -0 0 1
    outer loop
      vertex -9.94337 -11.3889 8
      vertex -9.80929 -13.4345 8
      vertex -9.42822 -11.3805 8
    endloop
  endfacet
  facet normal 0 0 1
    outer loop
      vertex -9.94337 -11.3889 8
      vertex -10.1213 -13.4704 8
      vertex -9.80929 -13.4345 8
    endloop
  endfacet
  facet normal -0 0 1
    outer loop
      vertex -10.4552 -11.4478 8
      vertex -10.1213 -13.4704 8
      vertex -9.94337 -11.3889 8
    endloop
  endfacet
  facet normal 0 0 1
    outer loop
      vertex -10.1213 -13.4704 8
      vertex -10.4552 -11.4478 8
      vertex -10.4282 -13.5367 8
    endloop
  endfacet
  facet normal -0 0 1
    outer loop
      vertex -10.9588 -11.5566 8
      vertex -10.4282 -13.5367 8
      vertex -10.4552 -11.4478 8
    endloop
  endfacet
  facet normal 0 0 1
    outer loop
      vertex -10.4282 -13.5367 8
      vertex -10.9588 -11.5566 8
      vertex -10.7272 -13.6328 8
    endloop
  endfacet
  facet normal -0 0 1
    outer loop
      vertex -11.4493 -11.7142 8
      vertex -10.7272 -13.6328 8
      vertex -10.9588 -11.5566 8
    endloop
  endfacet
  facet normal 0 0 1
    outer loop
      vertex -10.7272 -13.6328 8
      vertex -11.4493 -11.7142 8
      vertex -11.0153 -13.7577 8
    endloop
  endfacet
  facet normal -0 0 1
    outer loop
      vertex -11.922 -11.9191 8
      vertex -11.0153 -13.7577 8
      vertex -11.4493 -11.7142 8
    endloop
  endfacet
  facet normal 0 0 1
    outer loop
      vertex -11.0153 -13.7577 8
      vertex -11.922 -11.9191 8
      vertex -11.2898 -13.9102 8
    endloop
  endfacet
  facet normal -0 0 1
    outer loop
      vertex -12.3724 -12.1694 8
      vertex -11.2898 -13.9102 8
      vertex -11.922 -11.9191 8
    endloop
  endfacet
  facet normal 0 0 1
    outer loop
      vertex -11.2898 -13.9102 8
      vertex -12.3724 -12.1694 8
      vertex -11.548 -14.089 8
    endloop
  endfacet
  facet normal -0 0 1
    outer loop
      vertex -12.796 -12.4626 8
      vertex -11.548 -14.089 8
      vertex -12.3724 -12.1694 8
    endloop
  endfacet
  facet normal 0 0 1
    outer loop
      vertex -11.548 -14.089 8
      vertex -12.796 -12.4626 8
      vertex -11.7875 -14.2921 8
    endloop
  endfacet
  facet normal -0 0 1
    outer loop
      vertex -13.1889 -12.7959 8
      vertex -11.7875 -14.2921 8
      vertex -12.796 -12.4626 8
    endloop
  endfacet
  facet normal 0 0 1
    outer loop
      vertex -11.7875 -14.2921 8
      vertex -13.1889 -12.7959 8
      vertex -12.0059 -14.5178 8
    endloop
  endfacet
  facet normal -0 0 1
    outer loop
      vertex -13.5472 -13.1661 8
      vertex -12.0059 -14.5178 8
      vertex -13.1889 -12.7959 8
    endloop
  endfacet
  facet normal 0 0 1
    outer loop
      vertex -12.0059 -14.5178 8
      vertex -13.5472 -13.1661 8
      vertex -12.2011 -14.7638 8
    endloop
  endfacet
  facet normal -0 0 1
    outer loop
      vertex -13.8674 -13.5697 8
      vertex -12.2011 -14.7638 8
      vertex -13.5472 -13.1661 8
    endloop
  endfacet
  facet normal 0 0 1
    outer loop
      vertex -12.2011 -14.7638 8
      vertex -13.8674 -13.5697 8
      vertex -12.3713 -15.0277 8
    endloop
  endfacet
  facet normal -0 0 1
    outer loop
      vertex -14.1466 -14.0027 8
      vertex -12.3713 -15.0277 8
      vertex -13.8674 -13.5697 8
    endloop
  endfacet
  facet normal 0 0 1
    outer loop
      vertex -12.3713 -15.0277 8
      vertex -14.1466 -14.0027 8
      vertex -12.5148 -15.307 8
    endloop
  endfacet
  facet normal -0 0 1
    outer loop
      vertex -14.382 -14.461 8
      vertex -12.5148 -15.307 8
      vertex -14.1466 -14.0027 8
    endloop
  endfacet
  facet normal 0 0 1
    outer loop
      vertex -12.5148 -15.307 8
      vertex -14.382 -14.461 8
      vertex -12.6302 -15.5991 8
    endloop
  endfacet
  facet normal 0 0 1
    outer loop
      vertex -12.7983 -16.523 8
      vertex -13.4318 -20.2165 8
      vertex -13.0616 -20.5748 8
    endloop
  endfacet
  facet normal -0 0 1
    outer loop
      vertex -14.5714 -14.9401 8
      vertex -12.6302 -15.5991 8
      vertex -14.382 -14.461 8
    endloop
  endfacet
  facet normal 0 0 1
    outer loop
      vertex -12.7983 -16.523 8
      vertex -13.7651 -19.8237 8
      vertex -13.4318 -20.2165 8
    endloop
  endfacet
  facet normal 0 0 1
    outer loop
      vertex -12.6302 -15.5991 8
      vertex -14.5714 -14.9401 8
      vertex -12.7164 -15.901 8
    endloop
  endfacet
  facet normal 0 0 1
    outer loop
      vertex -12.7983 -16.523 8
      vertex -14.0583 -19.4 8
      vertex -13.7651 -19.8237 8
    endloop
  endfacet
  facet normal -0 0 1
    outer loop
      vertex -14.7129 -15.4355 8
      vertex -12.7164 -15.901 8
      vertex -14.5714 -14.9401 8
    endloop
  endfacet
  facet normal 0 0 1
    outer loop
      vertex -12.7983 -16.523 8
      vertex -14.3086 -18.9497 8
      vertex -14.0583 -19.4 8
    endloop
  endfacet
  facet normal 0 0 1
    outer loop
      vertex -12.7164 -15.901 8
      vertex -14.7129 -15.4355 8
      vertex -12.7726 -16.21 8
    endloop
  endfacet
  facet normal 0 0 1
    outer loop
      vertex -12.7983 -16.523 8
      vertex -14.5135 -18.477 8
      vertex -14.3086 -18.9497 8
    endloop
  endfacet
  facet normal -0 0 1
    outer loop
      vertex -14.8051 -15.9424 8
      vertex -12.7726 -16.21 8
      vertex -14.7129 -15.4355 8
    endloop
  endfacet
  facet normal 0 0 1
    outer loop
      vertex -12.7983 -16.523 8
      vertex -14.6711 -17.9865 8
      vertex -14.5135 -18.477 8
    endloop
  endfacet
  facet normal 0 0 1
    outer loop
      vertex -12.7726 -16.21 8
      vertex -14.8051 -15.9424 8
      vertex -12.7983 -16.523 8
    endloop
  endfacet
  facet normal 0 0 1
    outer loop
      vertex -12.7983 -16.523 8
      vertex -14.7799 -17.4829 8
      vertex -14.6711 -17.9865 8
    endloop
  endfacet
  facet normal -0 0 1
    outer loop
      vertex -14.8472 -16.4559 8
      vertex -12.7983 -16.523 8
      vertex -14.8051 -15.9424 8
    endloop
  endfacet
  facet normal 0 0 1
    outer loop
      vertex -12.7983 -16.523 8
      vertex -14.8388 -16.9711 8
      vertex -14.7799 -17.4829 8
    endloop
  endfacet
  facet normal 0 0 1
    outer loop
      vertex -12.7983 -16.523 8
      vertex -14.8472 -16.4559 8
      vertex -14.8388 -16.9711 8
    endloop
  endfacet
  facet normal -0 0 1
    outer loop
      vertex -6.40171 -16.7324 8
      vertex -4.35281 -16.7995 8
      vertex -4.36124 -16.2843 8
    endloop
  endfacet
  facet normal 0 0 1
    outer loop
      vertex -6.40685 -16.4184 8
      vertex -4.36124 -16.2843 8
      vertex -4.42012 -15.7725 8
    endloop
  endfacet
  facet normal 0 0 1
    outer loop
      vertex -4.35281 -16.7995 8
      vertex -6.40171 -16.7324 8
      vertex -4.39492 -17.313 8
    endloop
  endfacet
  facet normal 0 0 1
    outer loop
      vertex -6.40685 -16.4184 8
      vertex -4.42012 -15.7725 8
      vertex -4.52889 -15.2689 8
    endloop
  endfacet
  facet normal -0 0 1
    outer loop
      vertex -6.42738 -17.0454 8
      vertex -4.39492 -17.313 8
      vertex -6.40171 -16.7324 8
    endloop
  endfacet
  facet normal 0 0 1
    outer loop
      vertex -6.40685 -16.4184 8
      vertex -4.52889 -15.2689 8
      vertex -4.68649 -14.7784 8
    endloop
  endfacet
  facet normal 0 0 1
    outer loop
      vertex -4.39492 -17.313 8
      vertex -6.42738 -17.0454 8
      vertex -4.48715 -17.8198 8
    endloop
  endfacet
  facet normal 0 0 1
    outer loop
      vertex -6.40685 -16.4184 8
      vertex -4.68649 -14.7784 8
      vertex -4.89142 -14.3057 8
    endloop
  endfacet
  facet normal -0 0 1
    outer loop
      vertex -6.48359 -17.3543 8
      vertex -4.48715 -17.8198 8
      vertex -6.42738 -17.0454 8
    endloop
  endfacet
  facet normal 0 0 1
    outer loop
      vertex -6.40685 -16.4184 8
      vertex -4.89142 -14.3057 8
      vertex -5.14169 -13.8553 8
    endloop
  endfacet
  facet normal 0 0 1
    outer loop
      vertex -4.48715 -17.8198 8
      vertex -6.48359 -17.3543 8
      vertex -4.62862 -18.3152 8
    endloop
  endfacet
  facet normal 0 0 1
    outer loop
      vertex -6.40685 -16.4184 8
      vertex -5.14169 -13.8553 8
      vertex -5.4349 -13.4317 8
    endloop
  endfacet
  facet normal -0 0 1
    outer loop
      vertex -6.56982 -17.6563 8
      vertex -4.62862 -18.3152 8
      vertex -6.48359 -17.3543 8
    endloop
  endfacet
  facet normal 0 0 1
    outer loop
      vertex -6.40685 -16.4184 8
      vertex -5.4349 -13.4317 8
      vertex -5.76821 -13.0388 8
    endloop
  endfacet
  facet normal 0 0 1
    outer loop
      vertex -4.62862 -18.3152 8
      vertex -6.56982 -17.6563 8
      vertex -4.81797 -18.7944 8
    endloop
  endfacet
  facet normal 0 0 1
    outer loop
      vertex -7.26444 -14.4402 8
      vertex -5.76821 -13.0388 8
      vertex -6.13844 -12.6805 8
    endloop
  endfacet
  facet normal -0 0 1
    outer loop
      vertex -6.68524 -17.9484 8
      vertex -4.81797 -18.7944 8
      vertex -6.56982 -17.6563 8
    endloop
  endfacet
  facet normal 0 0 1
    outer loop
      vertex -4.81797 -18.7944 8
      vertex -6.68524 -17.9484 8
      vertex -5.05337 -19.2527 8
    endloop
  endfacet
  facet normal -0 0 1
    outer loop
      vertex -6.82872 -18.2277 8
      vertex -5.05337 -19.2527 8
      vertex -6.68524 -17.9484 8
    endloop
  endfacet
  facet normal 0 0 1
    outer loop
      vertex -5.05337 -19.2527 8
      vertex -6.82872 -18.2277 8
      vertex -5.33256 -19.6857 8
    endloop
  endfacet
  facet normal -0 0 1
    outer loop
      vertex -6.99889 -18.4916 8
      vertex -5.33256 -19.6857 8
      vertex -6.82872 -18.2277 8
    endloop
  endfacet
  facet normal 0 0 1
    outer loop
      vertex -5.33256 -19.6857 8
      vertex -6.99889 -18.4916 8
      vertex -5.65284 -20.0893 8
    endloop
  endfacet
  facet normal -0 0 1
    outer loop
      vertex -7.19411 -18.7376 8
      vertex -5.65284 -20.0893 8
      vertex -6.99889 -18.4916 8
    endloop
  endfacet
  facet normal 0 0 1
    outer loop
      vertex -5.65284 -20.0893 8
      vertex -7.19411 -18.7376 8
      vertex -6.01114 -20.4595 8
    endloop
  endfacet
  facet normal -0 0 1
    outer loop
      vertex -7.41251 -18.9633 8
      vertex -6.01114 -20.4595 8
      vertex -7.19411 -18.7376 8
    endloop
  endfacet
  facet normal 0 0 1
    outer loop
      vertex -6.01114 -20.4595 8
      vertex -7.41251 -18.9633 8
      vertex -6.404 -20.7928 8
    endloop
  endfacet
  facet normal -0 0 1
    outer loop
      vertex -7.65196 -19.1664 8
      vertex -6.404 -20.7928 8
      vertex -7.41251 -18.9633 8
    endloop
  endfacet
  facet normal 0 0 1
    outer loop
      vertex -6.404 -20.7928 8
      vertex -7.65196 -19.1664 8
      vertex -6.82764 -21.086 8
    endloop
  endfacet
  facet normal -0 0 1
    outer loop
      vertex -7.91018 -19.3451 8
      vertex -6.82764 -21.086 8
      vertex -7.65196 -19.1664 8
    endloop
  endfacet
  facet normal 0 0 1
    outer loop
      vertex -6.82764 -21.086 8
      vertex -7.91018 -19.3451 8
      vertex -7.27798 -21.3363 8
    endloop
  endfacet
  facet normal -0 0 1
    outer loop
      vertex -8.18468 -19.4977 8
      vertex -7.27798 -21.3363 8
      vertex -7.91018 -19.3451 8
    endloop
  endfacet
  facet normal 0 0 1
    outer loop
      vertex -7.27798 -21.3363 8
      vertex -8.18468 -19.4977 8
      vertex -7.75069 -21.5412 8
    endloop
  endfacet
  facet normal -0 0 1
    outer loop
      vertex -8.4728 -19.6226 8
      vertex -7.75069 -21.5412 8
      vertex -8.18468 -19.4977 8
    endloop
  endfacet
  facet normal 0 0 1
    outer loop
      vertex -7.75069 -21.5412 8
      vertex -8.4728 -19.6226 8
      vertex -8.2412 -21.6988 8
    endloop
  endfacet
  facet normal -0 0 1
    outer loop
      vertex -8.77178 -19.7186 8
      vertex -8.2412 -21.6988 8
      vertex -8.4728 -19.6226 8
    endloop
  endfacet
  facet normal 0 0 1
    outer loop
      vertex -8.2412 -21.6988 8
      vertex -8.77178 -19.7186 8
      vertex -8.7448 -21.8076 8
    endloop
  endfacet
  facet normal -0 0 1
    outer loop
      vertex -9.07873 -19.7849 8
      vertex -8.7448 -21.8076 8
      vertex -8.77178 -19.7186 8
    endloop
  endfacet
  facet normal 0 0 1
    outer loop
      vertex -9.07873 -19.7849 8
      vertex -9.25663 -21.8664 8
      vertex -8.7448 -21.8076 8
    endloop
  endfacet
  facet normal -0 0 1
    outer loop
      vertex -9.39071 -19.8208 8
      vertex -9.25663 -21.8664 8
      vertex -9.07873 -19.7849 8
    endloop
  endfacet
  facet normal -0 0 1
    outer loop
      vertex -9.7047 -19.826 8
      vertex -9.25663 -21.8664 8
      vertex -9.39071 -19.8208 8
    endloop
  endfacet
  facet normal 0 0 1
    outer loop
      vertex -9.7047 -19.826 8
      vertex -9.77178 -21.8749 8
      vertex -9.25663 -21.8664 8
    endloop
  endfacet
  facet normal 0 0 1
    outer loop
      vertex -10.0177 -19.8003 8
      vertex -9.77178 -21.8749 8
      vertex -9.7047 -19.826 8
    endloop
  endfacet
  facet normal 0 0 1
    outer loop
      vertex -10.0177 -19.8003 8
      vertex -10.2853 -21.8328 8
      vertex -9.77178 -21.8749 8
    endloop
  endfacet
  facet normal 0 0 1
    outer loop
      vertex -10.3266 -19.7441 8
      vertex -10.2853 -21.8328 8
      vertex -10.0177 -19.8003 8
    endloop
  endfacet
  facet normal 0 0 1
    outer loop
      vertex -10.7922 -21.7405 8
      vertex -10.3266 -19.7441 8
      vertex -10.6286 -19.6579 8
    endloop
  endfacet
  facet normal 0 0 1
    outer loop
      vertex -10.3266 -19.7441 8
      vertex -10.7922 -21.7405 8
      vertex -10.2853 -21.8328 8
    endloop
  endfacet
  facet normal 0 0 1
    outer loop
      vertex -11.2876 -21.5991 8
      vertex -10.6286 -19.6579 8
      vertex -10.9207 -19.5424 8
    endloop
  endfacet
  facet normal 0 0 1
    outer loop
      vertex -11.7667 -21.4097 8
      vertex -10.9207 -19.5424 8
      vertex -11.2 -19.399 8
    endloop
  endfacet
  facet normal 0 0 1
    outer loop
      vertex -10.6286 -19.6579 8
      vertex -11.2876 -21.5991 8
      vertex -10.7922 -21.7405 8
    endloop
  endfacet
  facet normal 0 0 1
    outer loop
      vertex -12.225 -21.1743 8
      vertex -11.2 -19.399 8
      vertex -11.4639 -19.2288 8
    endloop
  endfacet
  facet normal 0 0 1
    outer loop
      vertex -12.658 -20.8951 8
      vertex -11.4639 -19.2288 8
      vertex -11.7099 -19.0336 8
    endloop
  endfacet
  facet normal 0 0 1
    outer loop
      vertex -10.9207 -19.5424 8
      vertex -11.7667 -21.4097 8
      vertex -11.2876 -21.5991 8
    endloop
  endfacet
  facet normal 0 0 1
    outer loop
      vertex -13.0616 -20.5748 8
      vertex -11.7099 -19.0336 8
      vertex -11.9356 -18.8152 8
    endloop
  endfacet
  facet normal 0 0 1
    outer loop
      vertex -13.0616 -20.5748 8
      vertex -11.9356 -18.8152 8
      vertex -12.1387 -18.5757 8
    endloop
  endfacet
  facet normal 0 0 1
    outer loop
      vertex -11.2 -19.399 8
      vertex -12.225 -21.1743 8
      vertex -11.7667 -21.4097 8
    endloop
  endfacet
  facet normal 0 0 1
    outer loop
      vertex -13.0616 -20.5748 8
      vertex -12.1387 -18.5757 8
      vertex -12.3174 -18.3175 8
    endloop
  endfacet
  facet normal 0 0 1
    outer loop
      vertex -13.0616 -20.5748 8
      vertex -12.3174 -18.3175 8
      vertex -12.47 -18.043 8
    endloop
  endfacet
  facet normal 0 0 1
    outer loop
      vertex -13.0616 -20.5748 8
      vertex -12.47 -18.043 8
      vertex -12.5949 -17.7549 8
    endloop
  endfacet
  facet normal 0 0 1
    outer loop
      vertex -11.4639 -19.2288 8
      vertex -12.658 -20.8951 8
      vertex -12.225 -21.1743 8
    endloop
  endfacet
  facet normal 0 0 1
    outer loop
      vertex -13.0616 -20.5748 8
      vertex -12.5949 -17.7549 8
      vertex -12.691 -17.4559 8
    endloop
  endfacet
  facet normal 0 0 1
    outer loop
      vertex -13.0616 -20.5748 8
      vertex -12.691 -17.4559 8
      vertex -12.7573 -17.149 8
    endloop
  endfacet
  facet normal 0 0 1
    outer loop
      vertex -13.0616 -20.5748 8
      vertex -12.7573 -17.149 8
      vertex -12.7931 -16.837 8
    endloop
  endfacet
  facet normal 0 0 1
    outer loop
      vertex -11.7099 -19.0336 8
      vertex -13.0616 -20.5748 8
      vertex -12.658 -20.8951 8
    endloop
  endfacet
  facet normal 0 0 1
    outer loop
      vertex -13.0616 -20.5748 8
      vertex -12.7931 -16.837 8
      vertex -12.7983 -16.523 8
    endloop
  endfacet
  facet normal -0.323289 -0.629354 -0.706681
    outer loop
      vertex -13.4175 -25.0532 4
      vertex -14.225 -24.6384 4
      vertex -12.225 -21.1743 0
    endloop
  endfacet
  facet normal -0.343711 0.618437 -0.706681
    outer loop
      vertex -11.922 -11.9191 0
      vertex -14.4846 -8.77257 4
      vertex -13.6912 -8.33162 4
    endloop
  endfacet
  facet normal -0.194251 -0.680345 -0.70668
    outer loop
      vertex -11.7005 -25.636 4
      vertex -12.5733 -25.3868 4
      vertex -10.7922 -21.7405 0
    endloop
  endfacet
  facet normal -0.658032 0.260002 -0.706678
    outer loop
      vertex -14.5714 -14.9401 0
      vertex -18.3591 -13.6544 4
      vertex -18.0255 -12.8101 4
    endloop
  endfacet
  facet normal -0.673611 -0.216456 -0.706679
    outer loop
      vertex -18.2571 -19.886 4
      vertex -18.5348 -19.0218 4
      vertex -14.5135 -18.477 0
    endloop
  endfacet
  facet normal 0.32327 0.62936 -0.706684
    outer loop
      vertex -6.975 -12.0811 0
      vertex -7.43329 -11.8457 0
      vertex -5.78246 -8.2022 4
    endloop
  endfacet
  facet normal -0.53951 -0.457749 -0.706679
    outer loop
      vertex -16.3512 -22.9509 4
      vertex -16.9385 -22.2587 4
      vertex -13.4318 -20.2165 0
    endloop
  endfacet
  facet normal 0.492043 0.508427 -0.706679
    outer loop
      vertex -5.76821 -13.0388 0
      vertex -6.13844 -12.6805 0
      vertex -3.50105 -9.67317 4
    endloop
  endfacet
  facet normal -0.216435 0.673613 -0.706683
    outer loop
      vertex -11.4493 -11.7142 0
      vertex -11.9941 -7.69287 4
      vertex -10.9588 -11.5566 0
    endloop
  endfacet
  facet normal 0.618437 0.34371 -0.706682
    outer loop
      vertex -1.30393 -12.5365 4
      vertex -4.89142 -14.3057 0
      vertex -1.74488 -11.7431 4
    endloop
  endfacet
  facet normal -0.702897 -0.0809056 -0.706675
    outer loop
      vertex -18.7264 -18.1345 4
      vertex -18.8302 -17.2327 4
      vertex -14.7799 -17.4829 0
    endloop
  endfacet
  facet normal 0.629367 -0.323266 -0.70668
    outer loop
      vertex -1.17451 -20.4452 4
      vertex -5.05337 -19.2527 0
      vertex -4.81797 -18.7944 0
    endloop
  endfacet
  facet normal 0.457754 -0.539508 -0.706677
    outer loop
      vertex -3.96896 -23.9662 4
      vertex -6.01114 -20.4595 0
      vertex -3.27677 -23.3789 4
    endloop
  endfacet
  facet normal -0.0808667 0.702897 -0.70668
    outer loop
      vertex -10.4552 -11.4478 0
      vertex -11.1068 -7.50124 4
      vertex -10.205 -7.39749 4
    endloop
  endfacet
  facet normal 0.149411 -0.691576 -0.706681
    outer loop
      vertex -7.20592 -25.5625 4
      vertex -8.7448 -21.8076 0
      vertex -8.2412 -21.6988 0
    endloop
  endfacet
  facet normal 0.260033 0.658017 -0.70668
    outer loop
      vertex -5.78246 -8.2022 4
      vertex -7.91244 -11.6563 0
      vertex -6.62669 -7.86858 4
    endloop
  endfacet
  facet normal -0.618415 -0.343747 -0.706683
    outer loop
      vertex -14.0583 -19.4 0
      vertex -17.4551 -21.5123 4
      vertex -14.3086 -18.9497 0
    endloop
  endfacet
  facet normal 0.260091 0.657987 -0.706686
    outer loop
      vertex -7.43329 -11.8457 0
      vertex -7.91244 -11.6563 0
      vertex -5.78246 -8.2022 4
    endloop
  endfacet
  facet normal -0.260029 -0.658022 -0.706677
    outer loop
      vertex -12.5733 -25.3868 4
      vertex -13.4175 -25.0532 4
      vertex -11.2876 -21.5991 0
    endloop
  endfacet
  facet normal -0.649167 -0.281393 -0.706682
    outer loop
      vertex -14.3086 -18.9497 0
      vertex -17.8961 -20.7189 4
      vertex -14.5135 -18.477 0
    endloop
  endfacet
  facet normal -0.657975 0.260114 -0.706689
    outer loop
      vertex -14.5714 -14.9401 0
      vertex -18.0255 -12.8101 4
      vertex -14.382 -14.461 0
    endloop
  endfacet
  facet normal -0.383411 -0.594642 -0.70668
    outer loop
      vertex -14.225 -24.6384 4
      vertex -14.9879 -24.1465 4
      vertex -12.225 -21.1743 0
    endloop
  endfacet
  facet normal 0.62937 -0.323258 -0.706681
    outer loop
      vertex -1.58926 -21.2527 4
      vertex -5.05337 -19.2527 0
      vertex -1.17451 -20.4452 4
    endloop
  endfacet
  facet normal -0.707443 -0.0115348 -0.706676
    outer loop
      vertex -18.8302 -17.2327 4
      vertex -18.845 -16.325 4
      vertex -14.8388 -16.9711 0
    endloop
  endfacet
  facet normal 0.594638 -0.383416 -0.706681
    outer loop
      vertex -2.08117 -22.0156 4
      vertex -5.05337 -19.2527 0
      vertex -1.58926 -21.2527 4
    endloop
  endfacet
  facet normal 0.680335 -0.194281 -0.706682
    outer loop
      vertex -0.840896 -19.601 4
      vertex -4.62862 -18.3152 0
      vertex -4.48715 -17.8198 0
    endloop
  endfacet
  facet normal -0.281394 0.649169 -0.706681
    outer loop
      vertex -11.922 -11.9191 0
      vertex -13.6912 -8.33162 4
      vertex -11.4493 -11.7142 0
    endloop
  endfacet
  facet normal 0.281382 -0.649175 -0.70668
    outer loop
      vertex -6.34169 -25.2848 4
      vertex -7.75069 -21.5412 0
      vertex -5.50883 -24.9238 4
    endloop
  endfacet
  facet normal 0.492069 0.508406 -0.706676
    outer loop
      vertex -2.84876 -10.3045 4
      vertex -5.76821 -13.0388 0
      vertex -3.50105 -9.67317 4
    endloop
  endfacet
  facet normal -0.629337 0.32332 -0.706682
    outer loop
      vertex -14.1466 -14.0027 0
      vertex -18.0255 -12.8101 4
      vertex -17.6107 -12.0027 4
    endloop
  endfacet
  facet normal 0.402653 -0.581786 -0.706679
    outer loop
      vertex -3.96896 -23.9662 4
      vertex -6.82764 -21.086 0
      vertex -6.404 -20.7928 0
    endloop
  endfacet
  facet normal -0.439851 -0.554198 -0.706679
    outer loop
      vertex -14.9879 -24.1465 4
      vertex -15.6989 -23.5822 4
      vertex -13.0616 -20.5748 0
    endloop
  endfacet
  facet normal 0.439864 0.554191 -0.706677
    outer loop
      vertex -6.13844 -12.6805 0
      vertex -6.54199 -12.3602 0
      vertex -4.21208 -9.10886 4
    endloop
  endfacet
  facet normal -0.149411 0.691573 -0.706684
    outer loop
      vertex -10.9588 -11.5566 0
      vertex -11.9941 -7.69287 4
      vertex -10.4552 -11.4478 0
    endloop
  endfacet
  facet normal -0.0115354 0.707438 -0.706682
    outer loop
      vertex -9.42822 -11.3805 0
      vertex -9.94337 -11.3889 0
      vertex -9.29735 -7.38264 4
    endloop
  endfacet
  facet normal 0.126618 0.69611 -0.706682
    outer loop
      vertex -8.40785 -11.5148 0
      vertex -8.91474 -11.4226 0
      vertex -8.39263 -7.45682 4
    endloop
  endfacet
  facet normal 0.323269 0.62936 -0.706684
    outer loop
      vertex -4.975 -8.61695 4
      vertex -6.975 -12.0811 0
      vertex -5.78246 -8.2022 4
    endloop
  endfacet
  facet normal -0.260115 -0.657978 -0.706686
    outer loop
      vertex -11.2876 -21.5991 0
      vertex -13.4175 -25.0532 4
      vertex -11.7667 -21.4097 0
    endloop
  endfacet
  facet normal -0.673615 -0.216436 -0.706681
    outer loop
      vertex -14.5135 -18.477 0
      vertex -18.5348 -19.0218 4
      vertex -14.6711 -17.9865 0
    endloop
  endfacet
  facet normal 0.581806 0.402627 -0.706678
    outer loop
      vertex -1.74488 -11.7431 4
      vertex -5.14169 -13.8553 0
      vertex -2.26148 -10.9966 4
    endloop
  endfacet
  facet normal 0.126666 0.696105 -0.706677
    outer loop
      vertex -7.49954 -7.61933 4
      vertex -8.40785 -11.5148 0
      vertex -8.39263 -7.45682 4
    endloop
  endfacet
  facet normal -0.126732 -0.696089 -0.706682
    outer loop
      vertex -10.8074 -25.7986 4
      vertex -11.7005 -25.636 4
      vertex -10.7922 -21.7405 0
    endloop
  endfacet
  facet normal 0.658026 -0.260011 -0.706679
    outer loop
      vertex -1.17451 -20.4452 4
      vertex -4.81797 -18.7944 0
      vertex -4.62862 -18.3152 0
    endloop
  endfacet
  facet normal -0.194194 -0.680367 -0.706675
    outer loop
      vertex -10.7922 -21.7405 0
      vertex -12.5733 -25.3868 4
      vertex -11.2876 -21.5991 0
    endloop
  endfacet
  facet normal 0.194277 0.680341 -0.706678
    outer loop
      vertex -6.62669 -7.86858 4
      vertex -8.40785 -11.5148 0
      vertex -7.49954 -7.61933 4
    endloop
  endfacet
  facet normal -0.492065 -0.508408 -0.706677
    outer loop
      vertex -13.0616 -20.5748 0
      vertex -15.6989 -23.5822 4
      vertex -13.4318 -20.2165 0
    endloop
  endfacet
  facet normal -0.691576 -0.149411 -0.706682
    outer loop
      vertex -14.6711 -17.9865 0
      vertex -18.5348 -19.0218 4
      vertex -14.7799 -17.4829 0
    endloop
  endfacet
  facet normal -0.649179 -0.281371 -0.70668
    outer loop
      vertex -17.8961 -20.7189 4
      vertex -18.2571 -19.886 4
      vertex -14.5135 -18.477 0
    endloop
  endfacet
  facet normal -0.0808874 0.702897 -0.706678
    outer loop
      vertex -9.94337 -11.3889 0
      vertex -10.4552 -11.4478 0
      vertex -10.205 -7.39749 4
    endloop
  endfacet
  facet normal -0.402678 0.581768 -0.70668
    outer loop
      vertex -12.796 -12.4626 0
      vertex -15.231 -9.28917 4
      vertex -12.3724 -12.1694 0
    endloop
  endfacet
  facet normal 0.343725 -0.61843 -0.706681
    outer loop
      vertex -4.71537 -24.4828 4
      vertex -7.27798 -21.3363 0
      vertex -6.82764 -21.086 0
    endloop
  endfacet
  facet normal -0.594642 0.383411 -0.70668
    outer loop
      vertex -14.1466 -14.0027 0
      vertex -17.6107 -12.0027 4
      vertex -17.1188 -11.2398 4
    endloop
  endfacet
  facet normal 0.402659 -0.581782 -0.70668
    outer loop
      vertex -4.71537 -24.4828 4
      vertex -6.82764 -21.086 0
      vertex -3.96896 -23.9662 4
    endloop
  endfacet
  facet normal -0.554278 0.439742 -0.706684
    outer loop
      vertex -13.8674 -13.5697 0
      vertex -17.1188 -11.2398 4
      vertex -13.5472 -13.1661 0
    endloop
  endfacet
  facet normal -0.61842 -0.34374 -0.706682
    outer loop
      vertex -17.4551 -21.5123 4
      vertex -17.8961 -20.7189 4
      vertex -14.3086 -18.9497 0
    endloop
  endfacet
  facet normal 0.702897 0.080862 -0.70668
    outer loop
      vertex -0.369806 -16.0227 4
      vertex -4.42012 -15.7725 0
      vertex -0.47355 -15.1209 4
    endloop
  endfacet
  facet normal -0.62936 0.323263 -0.706687
    outer loop
      vertex -14.382 -14.461 0
      vertex -18.0255 -12.8101 4
      vertex -14.1466 -14.0027 0
    endloop
  endfacet
  facet normal -0.281409 0.64916 -0.706682
    outer loop
      vertex -11.4493 -11.7142 0
      vertex -13.6912 -8.33162 4
      vertex -12.8583 -7.97056 4
    endloop
  endfacet
  facet normal -0.508402 0.492073 -0.706676
    outer loop
      vertex -13.1889 -12.7959 0
      vertex -16.5545 -10.5287 4
      vertex -15.9232 -9.87645 4
    endloop
  endfacet
  facet normal 0.0807506 -0.702901 -0.706689
    outer loop
      vertex -8.99502 -25.8579 4
      vertex -9.25663 -21.8664 0
      vertex -8.7448 -21.8076 0
    endloop
  endfacet
  facet normal 0.0115356 -0.707434 -0.706685
    outer loop
      vertex -8.99502 -25.8579 4
      vertex -9.90265 -25.8727 4
      vertex -9.25663 -21.8664 0
    endloop
  endfacet
  facet normal 0.149341 -0.691598 -0.706675
    outer loop
      vertex -8.09322 -25.7541 4
      vertex -8.7448 -21.8076 0
      vertex -7.20592 -25.5625 4
    endloop
  endfacet
  facet normal -0.691598 -0.149341 -0.706675
    outer loop
      vertex -18.5348 -19.0218 4
      vertex -18.7264 -18.1345 4
      vertex -14.7799 -17.4829 0
    endloop
  endfacet
  facet normal 0.691585 0.149372 -0.706681
    outer loop
      vertex -4.42012 -15.7725 0
      vertex -4.52889 -15.2689 0
      vertex -0.665187 -14.2336 4
    endloop
  endfacet
  facet normal 0.383322 0.594706 -0.706674
    outer loop
      vertex -6.54199 -12.3602 0
      vertex -6.975 -12.0811 0
      vertex -4.21208 -9.10886 4
    endloop
  endfacet
  facet normal 0.0809057 -0.702897 -0.706675
    outer loop
      vertex -8.09322 -25.7541 4
      vertex -8.99502 -25.8579 4
      vertex -8.7448 -21.8076 0
    endloop
  endfacet
  facet normal -0.457742 0.539519 -0.706676
    outer loop
      vertex -13.1889 -12.7959 0
      vertex -15.9232 -9.87645 4
      vertex -15.231 -9.28917 4
    endloop
  endfacet
  facet normal -0.0577546 -0.705175 -0.706677
    outer loop
      vertex -9.90265 -25.8727 4
      vertex -10.8074 -25.7986 4
      vertex -9.77178 -21.8749 0
    endloop
  endfacet
  facet normal -0.492051 -0.508419 -0.706679
    outer loop
      vertex -15.6989 -23.5822 4
      vertex -16.3512 -22.9509 4
      vertex -13.4318 -20.2165 0
    endloop
  endfacet
  facet normal 0.705167 -0.0578154 -0.70668
    outer loop
      vertex -0.429136 -17.8351 4
      vertex -4.35281 -16.7995 0
      vertex -0.354953 -16.9303 4
    endloop
  endfacet
  facet normal -0.581778 -0.402661 -0.706681
    outer loop
      vertex -16.9385 -22.2587 4
      vertex -17.4551 -21.5123 4
      vertex -14.0583 -19.4 0
    endloop
  endfacet
  facet normal 0.281389 -0.649171 -0.70668
    outer loop
      vertex -5.50883 -24.9238 4
      vertex -7.75069 -21.5412 0
      vertex -7.27798 -21.3363 0
    endloop
  endfacet
  facet normal -0.126749 -0.696088 -0.70668
    outer loop
      vertex -10.2853 -21.8328 0
      vertex -10.8074 -25.7986 4
      vertex -10.7922 -21.7405 0
    endloop
  endfacet
  facet normal -0.539493 -0.457773 -0.706676
    outer loop
      vertex -13.4318 -20.2165 0
      vertex -16.9385 -22.2587 4
      vertex -13.7651 -19.8237 0
    endloop
  endfacet
  facet normal -0.323265 -0.629364 -0.706683
    outer loop
      vertex -11.7667 -21.4097 0
      vertex -13.4175 -25.0532 4
      vertex -12.225 -21.1743 0
    endloop
  endfacet
  facet normal 0.0116729 -0.707444 -0.706673
    outer loop
      vertex -9.25663 -21.8664 0
      vertex -9.90265 -25.8727 4
      vertex -9.77178 -21.8749 0
    endloop
  endfacet
  facet normal -0.508408 0.492065 -0.706677
    outer loop
      vertex -13.5472 -13.1661 0
      vertex -16.5545 -10.5287 4
      vertex -13.1889 -12.7959 0
    endloop
  endfacet
  facet normal 0.554197 -0.439858 -0.706676
    outer loop
      vertex -2.64548 -22.7266 4
      vertex -5.65284 -20.0893 0
      vertex -2.08117 -22.0156 4
    endloop
  endfacet
  facet normal -0.457702 0.539548 -0.70668
    outer loop
      vertex -13.1889 -12.7959 0
      vertex -15.231 -9.28917 4
      vertex -12.796 -12.4626 0
    endloop
  endfacet
  facet normal 0.539537 0.457707 -0.706685
    outer loop
      vertex -5.4349 -13.4317 0
      vertex -5.76821 -13.0388 0
      vertex -2.26148 -10.9966 4
    endloop
  endfacet
  facet normal 0.539486 0.45778 -0.706677
    outer loop
      vertex -2.26148 -10.9966 4
      vertex -5.76821 -13.0388 0
      vertex -2.84876 -10.3045 4
    endloop
  endfacet
  facet normal -0.149362 0.691588 -0.70668
    outer loop
      vertex -10.4552 -11.4478 0
      vertex -11.9941 -7.69287 4
      vertex -11.1068 -7.50124 4
    endloop
  endfacet
  facet normal -0.383422 -0.594633 -0.706681
    outer loop
      vertex -12.225 -21.1743 0
      vertex -14.9879 -24.1465 4
      vertex -12.658 -20.8951 0
    endloop
  endfacet
  facet normal 0.649162 0.281409 -0.70668
    outer loop
      vertex -0.942871 -13.3694 4
      vertex -4.68649 -14.7784 0
      vertex -1.30393 -12.5365 4
    endloop
  endfacet
  facet normal -0.696109 0.126615 -0.706683
    outer loop
      vertex -14.8051 -15.9424 0
      vertex -18.7709 -15.4203 4
      vertex -14.7129 -15.4355 0
    endloop
  endfacet
  facet normal -0.696105 0.126657 -0.70668
    outer loop
      vertex -14.7129 -15.4355 0
      vertex -18.7709 -15.4203 4
      vertex -18.6084 -14.5272 4
    endloop
  endfacet
  facet normal -0.680326 0.194323 -0.706679
    outer loop
      vertex -14.7129 -15.4355 0
      vertex -18.6084 -14.5272 4
      vertex -18.3591 -13.6544 4
    endloop
  endfacet
  facet normal 0.581758 0.402685 -0.706685
    outer loop
      vertex -5.14169 -13.8553 0
      vertex -5.4349 -13.4317 0
      vertex -2.26148 -10.9966 4
    endloop
  endfacet
  facet normal 0.702897 0.0808647 -0.70668
    outer loop
      vertex -4.36124 -16.2843 0
      vertex -4.42012 -15.7725 0
      vertex -0.369806 -16.0227 4
    endloop
  endfacet
  facet normal 0.649152 0.281428 -0.706682
    outer loop
      vertex -4.68649 -14.7784 0
      vertex -4.89142 -14.3057 0
      vertex -1.30393 -12.5365 4
    endloop
  endfacet
  facet normal 0.194316 0.680326 -0.706681
    outer loop
      vertex -7.91244 -11.6563 0
      vertex -8.40785 -11.5148 0
      vertex -6.62669 -7.86858 4
    endloop
  endfacet
  facet normal 0.696101 -0.126672 -0.706681
    outer loop
      vertex -0.591638 -18.7281 4
      vertex -4.48715 -17.8198 0
      vertex -0.429136 -17.8351 4
    endloop
  endfacet
  facet normal -0.702897 -0.0808923 -0.706677
    outer loop
      vertex -14.7799 -17.4829 0
      vertex -18.8302 -17.2327 4
      vertex -14.8388 -16.9711 0
    endloop
  endfacet
  facet normal -0.0115744 0.70744 -0.706678
    outer loop
      vertex -9.94337 -11.3889 0
      vertex -10.205 -7.39749 4
      vertex -9.29735 -7.38264 4
    endloop
  endfacet
  facet normal -0.439828 -0.554214 -0.706681
    outer loop
      vertex -12.658 -20.8951 0
      vertex -14.9879 -24.1465 4
      vertex -13.0616 -20.5748 0
    endloop
  endfacet
  facet normal -0.707443 -0.0115344 -0.706676
    outer loop
      vertex -14.8388 -16.9711 0
      vertex -18.845 -16.325 4
      vertex -14.8472 -16.4559 0
    endloop
  endfacet
  facet normal 0.554227 -0.439811 -0.706681
    outer loop
      vertex -2.08117 -22.0156 4
      vertex -5.65284 -20.0893 0
      vertex -5.33256 -19.6857 0
    endloop
  endfacet
  facet normal 0.439845 0.554204 -0.706679
    outer loop
      vertex -3.50105 -9.67317 4
      vertex -6.13844 -12.6805 0
      vertex -4.21208 -9.10886 4
    endloop
  endfacet
  facet normal 0.508425 -0.492049 -0.706677
    outer loop
      vertex -3.27677 -23.3789 4
      vertex -6.01114 -20.4595 0
      vertex -2.64548 -22.7266 4
    endloop
  endfacet
  facet normal 0.0578181 0.705166 -0.706681
    outer loop
      vertex -8.39263 -7.45682 4
      vertex -9.42822 -11.3805 0
      vertex -9.29735 -7.38264 4
    endloop
  endfacet
  facet normal 0.680339 -0.194272 -0.706681
    outer loop
      vertex -0.840896 -19.601 4
      vertex -4.48715 -17.8198 0
      vertex -0.591638 -18.7281 4
    endloop
  endfacet
  facet normal 0.21645 -0.673613 -0.706679
    outer loop
      vertex -7.20592 -25.5625 4
      vertex -7.75069 -21.5412 0
      vertex -6.34169 -25.2848 4
    endloop
  endfacet
  facet normal -0.705175 0.0577578 -0.706677
    outer loop
      vertex -14.8472 -16.4559 0
      vertex -18.845 -16.325 4
      vertex -18.7709 -15.4203 4
    endloop
  endfacet
  facet normal 0.707438 0.0115773 -0.70668
    outer loop
      vertex -0.354953 -16.9303 4
      vertex -4.36124 -16.2843 0
      vertex -0.369806 -16.0227 4
    endloop
  endfacet
  facet normal 0.594641 -0.383413 -0.70668
    outer loop
      vertex -2.08117 -22.0156 4
      vertex -5.33256 -19.6857 0
      vertex -5.05337 -19.2527 0
    endloop
  endfacet
  facet normal -0.581816 -0.402616 -0.706676
    outer loop
      vertex -13.7651 -19.8237 0
      vertex -16.9385 -22.2587 4
      vertex -14.0583 -19.4 0
    endloop
  endfacet
  facet normal -0.216448 0.67361 -0.706682
    outer loop
      vertex -11.4493 -11.7142 0
      vertex -12.8583 -7.97056 4
      vertex -11.9941 -7.69287 4
    endloop
  endfacet
  facet normal 0.0578163 0.705167 -0.706681
    outer loop
      vertex -8.91474 -11.4226 0
      vertex -9.42822 -11.3805 0
      vertex -8.39263 -7.45682 4
    endloop
  endfacet
  facet normal -0.343691 0.618451 -0.706679
    outer loop
      vertex -12.3724 -12.1694 0
      vertex -14.4846 -8.77257 4
      vertex -11.922 -11.9191 0
    endloop
  endfacet
  facet normal -0.0578117 -0.705165 -0.706682
    outer loop
      vertex -9.77178 -21.8749 0
      vertex -10.8074 -25.7986 4
      vertex -10.2853 -21.8328 0
    endloop
  endfacet
  facet normal -0.705165 0.0578139 -0.706682
    outer loop
      vertex -14.8472 -16.4559 0
      vertex -18.7709 -15.4203 4
      vertex -14.8051 -15.9424 0
    endloop
  endfacet
  facet normal 0.383407 0.59464 -0.706684
    outer loop
      vertex -4.21208 -9.10886 4
      vertex -6.975 -12.0811 0
      vertex -4.975 -8.61695 4
    endloop
  endfacet
  facet normal -0.402663 0.58178 -0.706678
    outer loop
      vertex -12.3724 -12.1694 0
      vertex -15.231 -9.28917 4
      vertex -14.4846 -8.77257 4
    endloop
  endfacet
  facet normal 0.216432 -0.673617 -0.70668
    outer loop
      vertex -7.20592 -25.5625 4
      vertex -8.2412 -21.6988 0
      vertex -7.75069 -21.5412 0
    endloop
  endfacet
  facet normal 0.45773 -0.539525 -0.70668
    outer loop
      vertex -3.96896 -23.9662 4
      vertex -6.404 -20.7928 0
      vertex -6.01114 -20.4595 0
    endloop
  endfacet
  facet normal -0.554231 0.439815 -0.706676
    outer loop
      vertex -13.5472 -13.1661 0
      vertex -17.1188 -11.2398 4
      vertex -16.5545 -10.5287 4
    endloop
  endfacet
  facet normal 0.658013 -0.260036 -0.706682
    outer loop
      vertex -1.17451 -20.4452 4
      vertex -4.62862 -18.3152 0
      vertex -0.840896 -19.601 4
    endloop
  endfacet
  facet normal 0.691587 0.149367 -0.706681
    outer loop
      vertex -0.47355 -15.1209 4
      vertex -4.42012 -15.7725 0
      vertex -0.665187 -14.2336 4
    endloop
  endfacet
  facet normal 0.673613 0.216445 -0.70668
    outer loop
      vertex -0.665187 -14.2336 4
      vertex -4.68649 -14.7784 0
      vertex -0.942871 -13.3694 4
    endloop
  endfacet
  facet normal -0.680327 0.19432 -0.706678
    outer loop
      vertex -14.7129 -15.4355 0
      vertex -18.3591 -13.6544 4
      vertex -14.5714 -14.9401 0
    endloop
  endfacet
  facet normal 0.673615 0.216436 -0.706681
    outer loop
      vertex -4.52889 -15.2689 0
      vertex -4.68649 -14.7784 0
      vertex -0.665187 -14.2336 4
    endloop
  endfacet
  facet normal 0.705165 -0.0578277 -0.706681
    outer loop
      vertex -0.429136 -17.8351 4
      vertex -4.39492 -17.313 0
      vertex -4.35281 -16.7995 0
    endloop
  endfacet
  facet normal 0.343721 -0.618433 -0.70668
    outer loop
      vertex -5.50883 -24.9238 4
      vertex -7.27798 -21.3363 0
      vertex -4.71537 -24.4828 4
    endloop
  endfacet
  facet normal 0.50841 -0.492067 -0.706675
    outer loop
      vertex -2.64548 -22.7266 4
      vertex -6.01114 -20.4595 0
      vertex -5.65284 -20.0893 0
    endloop
  endfacet
  facet normal -0.594633 0.383422 -0.706681
    outer loop
      vertex -14.1466 -14.0027 0
      vertex -17.1188 -11.2398 4
      vertex -13.8674 -13.5697 0
    endloop
  endfacet
  facet normal 0.707438 0.0115755 -0.706681
    outer loop
      vertex -4.35281 -16.7995 0
      vertex -4.36124 -16.2843 0
      vertex -0.354953 -16.9303 4
    endloop
  endfacet
  facet normal 0.618471 0.34366 -0.706677
    outer loop
      vertex -4.89142 -14.3057 0
      vertex -5.14169 -13.8553 0
      vertex -1.74488 -11.7431 4
    endloop
  endfacet
  facet normal 0.6961 -0.12668 -0.70668
    outer loop
      vertex -0.429136 -17.8351 4
      vertex -4.48715 -17.8198 0
      vertex -4.39492 -17.313 0
    endloop
  endfacet
  facet normal 0 0 -1
    outer loop
      vertex -4.39492 -17.313 0
      vertex -4.36124 -16.2843 0
      vertex -4.35281 -16.7995 0
    endloop
  endfacet
  facet normal 0 0 -1
    outer loop
      vertex -4.39492 -17.313 0
      vertex -4.42012 -15.7725 0
      vertex -4.36124 -16.2843 0
    endloop
  endfacet
  facet normal 0 0 -1
    outer loop
      vertex -4.48715 -17.8198 0
      vertex -4.42012 -15.7725 0
      vertex -4.39492 -17.313 0
    endloop
  endfacet
  facet normal 0 0 -1
    outer loop
      vertex -4.48715 -17.8198 0
      vertex -4.52889 -15.2689 0
      vertex -4.42012 -15.7725 0
    endloop
  endfacet
  facet normal 0 0 -1
    outer loop
      vertex -4.62862 -18.3152 0
      vertex -4.52889 -15.2689 0
      vertex -4.48715 -17.8198 0
    endloop
  endfacet
  facet normal 0 0 -1
    outer loop
      vertex -4.62862 -18.3152 0
      vertex -4.68649 -14.7784 0
      vertex -4.52889 -15.2689 0
    endloop
  endfacet
  facet normal 0 0 -1
    outer loop
      vertex -4.81797 -18.7944 0
      vertex -4.68649 -14.7784 0
      vertex -4.62862 -18.3152 0
    endloop
  endfacet
  facet normal 0 0 -1
    outer loop
      vertex -4.81797 -18.7944 0
      vertex -4.89142 -14.3057 0
      vertex -4.68649 -14.7784 0
    endloop
  endfacet
  facet normal 0 0 -1
    outer loop
      vertex -5.05337 -19.2527 0
      vertex -4.89142 -14.3057 0
      vertex -4.81797 -18.7944 0
    endloop
  endfacet
  facet normal 0 0 -1
    outer loop
      vertex -5.05337 -19.2527 0
      vertex -5.14169 -13.8553 0
      vertex -4.89142 -14.3057 0
    endloop
  endfacet
  facet normal 0 0 -1
    outer loop
      vertex -5.33256 -19.6857 0
      vertex -5.14169 -13.8553 0
      vertex -5.05337 -19.2527 0
    endloop
  endfacet
  facet normal 0 0 -1
    outer loop
      vertex -5.33256 -19.6857 0
      vertex -5.4349 -13.4317 0
      vertex -5.14169 -13.8553 0
    endloop
  endfacet
  facet normal 0 0 -1
    outer loop
      vertex -5.65284 -20.0893 0
      vertex -5.4349 -13.4317 0
      vertex -5.33256 -19.6857 0
    endloop
  endfacet
  facet normal 0 0 -1
    outer loop
      vertex -5.65284 -20.0893 0
      vertex -5.76821 -13.0388 0
      vertex -5.4349 -13.4317 0
    endloop
  endfacet
  facet normal 0 0 -1
    outer loop
      vertex -6.01114 -20.4595 0
      vertex -5.76821 -13.0388 0
      vertex -5.65284 -20.0893 0
    endloop
  endfacet
  facet normal 0 0 -1
    outer loop
      vertex -6.01114 -20.4595 0
      vertex -6.13844 -12.6805 0
      vertex -5.76821 -13.0388 0
    endloop
  endfacet
  facet normal 0 0 -1
    outer loop
      vertex -6.404 -20.7928 0
      vertex -6.13844 -12.6805 0
      vertex -6.01114 -20.4595 0
    endloop
  endfacet
  facet normal 0 0 -1
    outer loop
      vertex -6.404 -20.7928 0
      vertex -6.54199 -12.3602 0
      vertex -6.13844 -12.6805 0
    endloop
  endfacet
  facet normal 0 0 -1
    outer loop
      vertex -6.82764 -21.086 0
      vertex -6.54199 -12.3602 0
      vertex -6.404 -20.7928 0
    endloop
  endfacet
  facet normal 0 0 -1
    outer loop
      vertex -6.82764 -21.086 0
      vertex -6.975 -12.0811 0
      vertex -6.54199 -12.3602 0
    endloop
  endfacet
  facet normal 0 0 -1
    outer loop
      vertex -7.27798 -21.3363 0
      vertex -6.975 -12.0811 0
      vertex -6.82764 -21.086 0
    endloop
  endfacet
  facet normal 0 0 -1
    outer loop
      vertex -7.27798 -21.3363 0
      vertex -7.43329 -11.8457 0
      vertex -6.975 -12.0811 0
    endloop
  endfacet
  facet normal 0 0 -1
    outer loop
      vertex -7.75069 -21.5412 0
      vertex -7.43329 -11.8457 0
      vertex -7.27798 -21.3363 0
    endloop
  endfacet
  facet normal 0 0 -1
    outer loop
      vertex -7.75069 -21.5412 0
      vertex -7.91244 -11.6563 0
      vertex -7.43329 -11.8457 0
    endloop
  endfacet
  facet normal 0 0 -1
    outer loop
      vertex -8.2412 -21.6988 0
      vertex -7.91244 -11.6563 0
      vertex -7.75069 -21.5412 0
    endloop
  endfacet
  facet normal 0 0 -1
    outer loop
      vertex -8.2412 -21.6988 0
      vertex -8.40785 -11.5148 0
      vertex -7.91244 -11.6563 0
    endloop
  endfacet
  facet normal 0 0 -1
    outer loop
      vertex -8.7448 -21.8076 0
      vertex -8.40785 -11.5148 0
      vertex -8.2412 -21.6988 0
    endloop
  endfacet
  facet normal 0 0 -1
    outer loop
      vertex -8.7448 -21.8076 0
      vertex -8.91474 -11.4226 0
      vertex -8.40785 -11.5148 0
    endloop
  endfacet
  facet normal 0 0 -1
    outer loop
      vertex -9.25663 -21.8664 0
      vertex -8.91474 -11.4226 0
      vertex -8.7448 -21.8076 0
    endloop
  endfacet
  facet normal 0 0 -1
    outer loop
      vertex -9.25663 -21.8664 0
      vertex -9.42822 -11.3805 0
      vertex -8.91474 -11.4226 0
    endloop
  endfacet
  facet normal 0 0 -1
    outer loop
      vertex -9.77178 -21.8749 0
      vertex -9.42822 -11.3805 0
      vertex -9.25663 -21.8664 0
    endloop
  endfacet
  facet normal 0 0 -1
    outer loop
      vertex -9.77178 -21.8749 0
      vertex -9.94337 -11.3889 0
      vertex -9.42822 -11.3805 0
    endloop
  endfacet
  facet normal 0 0 -1
    outer loop
      vertex -10.2853 -21.8328 0
      vertex -9.94337 -11.3889 0
      vertex -9.77178 -21.8749 0
    endloop
  endfacet
  facet normal 0 0 -1
    outer loop
      vertex -10.2853 -21.8328 0
      vertex -10.4552 -11.4478 0
      vertex -9.94337 -11.3889 0
    endloop
  endfacet
  facet normal 0 0 -1
    outer loop
      vertex -10.7922 -21.7405 0
      vertex -10.4552 -11.4478 0
      vertex -10.2853 -21.8328 0
    endloop
  endfacet
  facet normal 0 0 -1
    outer loop
      vertex -10.7922 -21.7405 0
      vertex -10.9588 -11.5566 0
      vertex -10.4552 -11.4478 0
    endloop
  endfacet
  facet normal 0 0 -1
    outer loop
      vertex -11.2876 -21.5991 0
      vertex -10.9588 -11.5566 0
      vertex -10.7922 -21.7405 0
    endloop
  endfacet
  facet normal 0 0 -1
    outer loop
      vertex -11.2876 -21.5991 0
      vertex -11.4493 -11.7142 0
      vertex -10.9588 -11.5566 0
    endloop
  endfacet
  facet normal 0 0 -1
    outer loop
      vertex -11.7667 -21.4097 0
      vertex -11.4493 -11.7142 0
      vertex -11.2876 -21.5991 0
    endloop
  endfacet
  facet normal 0 0 -1
    outer loop
      vertex -11.7667 -21.4097 0
      vertex -11.922 -11.9191 0
      vertex -11.4493 -11.7142 0
    endloop
  endfacet
  facet normal 0 0 -1
    outer loop
      vertex -12.225 -21.1743 0
      vertex -11.922 -11.9191 0
      vertex -11.7667 -21.4097 0
    endloop
  endfacet
  facet normal 0 0 -1
    outer loop
      vertex -12.225 -21.1743 0
      vertex -12.3724 -12.1694 0
      vertex -11.922 -11.9191 0
    endloop
  endfacet
  facet normal 0 0 -1
    outer loop
      vertex -12.658 -20.8951 0
      vertex -12.3724 -12.1694 0
      vertex -12.225 -21.1743 0
    endloop
  endfacet
  facet normal 0 0 -1
    outer loop
      vertex -12.658 -20.8951 0
      vertex -12.796 -12.4626 0
      vertex -12.3724 -12.1694 0
    endloop
  endfacet
  facet normal 0 0 -1
    outer loop
      vertex -13.0616 -20.5748 0
      vertex -12.796 -12.4626 0
      vertex -12.658 -20.8951 0
    endloop
  endfacet
  facet normal 0 0 -1
    outer loop
      vertex -13.0616 -20.5748 0
      vertex -13.1889 -12.7959 0
      vertex -12.796 -12.4626 0
    endloop
  endfacet
  facet normal 0 0 -1
    outer loop
      vertex -13.4318 -20.2165 0
      vertex -13.1889 -12.7959 0
      vertex -13.0616 -20.5748 0
    endloop
  endfacet
  facet normal 0 0 -1
    outer loop
      vertex -13.4318 -20.2165 0
      vertex -13.5472 -13.1661 0
      vertex -13.1889 -12.7959 0
    endloop
  endfacet
  facet normal 0 0 -1
    outer loop
      vertex -13.7651 -19.8237 0
      vertex -13.5472 -13.1661 0
      vertex -13.4318 -20.2165 0
    endloop
  endfacet
  facet normal 0 0 -1
    outer loop
      vertex -13.7651 -19.8237 0
      vertex -13.8674 -13.5697 0
      vertex -13.5472 -13.1661 0
    endloop
  endfacet
  facet normal 0 0 -1
    outer loop
      vertex -14.0583 -19.4 0
      vertex -13.8674 -13.5697 0
      vertex -13.7651 -19.8237 0
    endloop
  endfacet
  facet normal 0 0 -1
    outer loop
      vertex -14.0583 -19.4 0
      vertex -14.1466 -14.0027 0
      vertex -13.8674 -13.5697 0
    endloop
  endfacet
  facet normal 0 0 -1
    outer loop
      vertex -14.3086 -18.9497 0
      vertex -14.1466 -14.0027 0
      vertex -14.0583 -19.4 0
    endloop
  endfacet
  facet normal 0 0 -1
    outer loop
      vertex -14.3086 -18.9497 0
      vertex -14.382 -14.461 0
      vertex -14.1466 -14.0027 0
    endloop
  endfacet
  facet normal 0 0 -1
    outer loop
      vertex -14.5135 -18.477 0
      vertex -14.382 -14.461 0
      vertex -14.3086 -18.9497 0
    endloop
  endfacet
  facet normal 0 0 -1
    outer loop
      vertex -14.5135 -18.477 0
      vertex -14.5714 -14.9401 0
      vertex -14.382 -14.461 0
    endloop
  endfacet
  facet normal 0 0 -1
    outer loop
      vertex -14.6711 -17.9865 0
      vertex -14.5714 -14.9401 0
      vertex -14.5135 -18.477 0
    endloop
  endfacet
  facet normal 0 0 -1
    outer loop
      vertex -14.6711 -17.9865 0
      vertex -14.7129 -15.4355 0
      vertex -14.5714 -14.9401 0
    endloop
  endfacet
  facet normal 0 0 -1
    outer loop
      vertex -14.7799 -17.4829 0
      vertex -14.7129 -15.4355 0
      vertex -14.6711 -17.9865 0
    endloop
  endfacet
  facet normal 0 0 -1
    outer loop
      vertex -14.7799 -17.4829 0
      vertex -14.8051 -15.9424 0
      vertex -14.7129 -15.4355 0
    endloop
  endfacet
  facet normal 0 0 -1
    outer loop
      vertex -14.8388 -16.9711 0
      vertex -14.8051 -15.9424 0
      vertex -14.7799 -17.4829 0
    endloop
  endfacet
  facet normal 0 0 -1
    outer loop
      vertex -14.8051 -15.9424 0
      vertex -14.8388 -16.9711 0
      vertex -14.8472 -16.4559 0
    endloop
  endfacet
  facet normal -0.305989 0.952035 0
    outer loop
      vertex -10.4282 -13.5367 8
      vertex -10.7272 -13.6328 8.4
      vertex -10.4282 -13.5367 8.4
    endloop
  endfacet
  facet normal -0.305989 0.952035 0
    outer loop
      vertex -10.7272 -13.6328 8.4
      vertex -10.4282 -13.5367 8
      vertex -10.7272 -13.6328 8
    endloop
  endfacet
  facet normal 0.762575 0.646899 0
    outer loop
      vertex -7.06127 -14.6797 8.4
      vertex -7.26444 -14.4402 8
      vertex -7.26444 -14.4402 8.4
    endloop
  endfacet
  facet normal 0.762575 0.646899 0
    outer loop
      vertex -7.26444 -14.4402 8
      vertex -7.06127 -14.6797 8.4
      vertex -7.06127 -14.6797 8
    endloop
  endfacet
  facet normal -0.36771 -0.92994 0
    outer loop
      vertex -10.9207 -19.5424 8
      vertex -10.6286 -19.6579 8.4
      vertex -10.9207 -19.5424 8.4
    endloop
  endfacet
  facet normal -0.36771 -0.92994 -0
    outer loop
      vertex -10.6286 -19.6579 8.4
      vertex -10.9207 -19.5424 8
      vertex -10.6286 -19.6579 8
    endloop
  endfacet
  facet normal -0.456743 -0.889598 0
    outer loop
      vertex -11.2 -19.399 8
      vertex -10.9207 -19.5424 8.4
      vertex -11.2 -19.399 8.4
    endloop
  endfacet
  facet normal -0.456743 -0.889598 -0
    outer loop
      vertex -10.9207 -19.5424 8.4
      vertex -11.2 -19.399 8
      vertex -10.9207 -19.5424 8
    endloop
  endfacet
  facet normal -0.485643 0.874157 0
    outer loop
      vertex -11.0153 -13.7577 8
      vertex -11.2898 -13.9102 8.4
      vertex -11.0153 -13.7577 8.4
    endloop
  endfacet
  facet normal -0.485643 0.874157 0
    outer loop
      vertex -11.2898 -13.9102 8.4
      vertex -11.0153 -13.7577 8
      vertex -11.2898 -13.9102 8
    endloop
  endfacet
  facet normal 0.305718 -0.952122 0
    outer loop
      vertex -8.77178 -19.7186 8
      vertex -8.4728 -19.6226 8.4
      vertex -8.77178 -19.7186 8.4
    endloop
  endfacet
  facet normal 0.305718 -0.952122 0
    outer loop
      vertex -8.4728 -19.6226 8.4
      vertex -8.77178 -19.7186 8
      vertex -8.4728 -19.6226 8
    endloop
  endfacet
  facet normal -0.783348 0.621583 0
    outer loop
      vertex -12.2011 -14.7638 8
      vertex -12.0059 -14.5178 8.4
      vertex -12.0059 -14.5178 8
    endloop
  endfacet
  facet normal -0.783348 0.621583 0
    outer loop
      vertex -12.0059 -14.5178 8.4
      vertex -12.2011 -14.7638 8
      vertex -12.2011 -14.7638 8.4
    endloop
  endfacet
  facet normal 0.211127 -0.977459 0
    outer loop
      vertex -9.07873 -19.7849 8
      vertex -8.77178 -19.7186 8.4
      vertex -9.07873 -19.7849 8.4
    endloop
  endfacet
  facet normal 0.211127 -0.977459 0
    outer loop
      vertex -8.77178 -19.7186 8.4
      vertex -9.07873 -19.7849 8
      vertex -8.77178 -19.7186 8
    endloop
  endfacet
  facet normal 0.569064 -0.822293 0
    outer loop
      vertex -7.91018 -19.3451 8
      vertex -7.65196 -19.1664 8.4
      vertex -7.91018 -19.3451 8.4
    endloop
  endfacet
  facet normal 0.569064 -0.822293 0
    outer loop
      vertex -7.65196 -19.1664 8.4
      vertex -7.91018 -19.3451 8
      vertex -7.65196 -19.1664 8
    endloop
  endfacet
  facet normal -0.889469 0.456995 0
    outer loop
      vertex -12.5148 -15.307 8
      vertex -12.3713 -15.0277 8.4
      vertex -12.3713 -15.0277 8
    endloop
  endfacet
  facet normal -0.889469 0.456995 0
    outer loop
      vertex -12.3713 -15.0277 8.4
      vertex -12.5148 -15.307 8
      vertex -12.5148 -15.307 8.4
    endloop
  endfacet
  facet normal 0.952072 0.305873 0
    outer loop
      vertex -6.50904 -15.7995 8.4
      vertex -6.6051 -15.5005 8
      vertex -6.6051 -15.5005 8.4
    endloop
  endfacet
  facet normal 0.952072 0.305873 0
    outer loop
      vertex -6.6051 -15.5005 8
      vertex -6.50904 -15.7995 8.4
      vertex -6.50904 -15.7995 8
    endloop
  endfacet
  facet normal -0.621583 -0.783348 0
    outer loop
      vertex -11.7099 -19.0336 8
      vertex -11.4639 -19.2288 8.4
      vertex -11.7099 -19.0336 8.4
    endloop
  endfacet
  facet normal -0.621583 -0.783348 -0
    outer loop
      vertex -11.4639 -19.2288 8.4
      vertex -11.7099 -19.0336 8
      vertex -11.4639 -19.2288 8
    endloop
  endfacet
  facet normal -0.0818332 -0.996646 0
    outer loop
      vertex -10.0177 -19.8003 8
      vertex -9.7047 -19.826 8.4
      vertex -10.0177 -19.8003 8.4
    endloop
  endfacet
  facet normal -0.0818332 -0.996646 -0
    outer loop
      vertex -9.7047 -19.826 8.4
      vertex -10.0177 -19.8003 8
      vertex -9.7047 -19.826 8
    endloop
  endfacet
  facet normal 0.961571 -0.274557 0
    outer loop
      vertex -6.56982 -17.6563 8.4
      vertex -6.48359 -17.3543 8
      vertex -6.48359 -17.3543 8.4
    endloop
  endfacet
  facet normal 0.961571 -0.274557 0
    outer loop
      vertex -6.48359 -17.3543 8
      vertex -6.56982 -17.6563 8.4
      vertex -6.56982 -17.6563 8
    endloop
  endfacet
  facet normal 0.917478 0.397786 0
    outer loop
      vertex -6.6051 -15.5005 8.4
      vertex -6.73001 -15.2124 8
      vertex -6.73001 -15.2124 8.4
    endloop
  endfacet
  facet normal 0.917478 0.397786 0
    outer loop
      vertex -6.73001 -15.2124 8
      vertex -6.6051 -15.5005 8.4
      vertex -6.6051 -15.5005 8
    endloop
  endfacet
  facet normal 0.718633 -0.69539 0
    outer loop
      vertex -7.41251 -18.9633 8.4
      vertex -7.19411 -18.7376 8
      vertex -7.19411 -18.7376 8.4
    endloop
  endfacet
  facet normal 0.718633 -0.69539 0
    outer loop
      vertex -7.19411 -18.7376 8
      vertex -7.41251 -18.9633 8.4
      vertex -7.41251 -18.9633 8
    endloop
  endfacet
  facet normal 0.646848 -0.762619 0
    outer loop
      vertex -7.65196 -19.1664 8
      vertex -7.41251 -18.9633 8.4
      vertex -7.65196 -19.1664 8.4
    endloop
  endfacet
  facet normal 0.646848 -0.762619 0
    outer loop
      vertex -7.41251 -18.9633 8.4
      vertex -7.65196 -19.1664 8
      vertex -7.41251 -18.9633 8
    endloop
  endfacet
  facet normal -0.178998 -0.98385 0
    outer loop
      vertex -10.3266 -19.7441 8
      vertex -10.0177 -19.8003 8.4
      vertex -10.3266 -19.7441 8.4
    endloop
  endfacet
  facet normal -0.178998 -0.98385 -0
    outer loop
      vertex -10.0177 -19.8003 8.4
      vertex -10.3266 -19.7441 8
      vertex -10.0177 -19.8003 8
    endloop
  endfacet
  facet normal 0.397736 -0.9175 0
    outer loop
      vertex -8.4728 -19.6226 8
      vertex -8.18468 -19.4977 8.4
      vertex -8.4728 -19.6226 8.4
    endloop
  endfacet
  facet normal 0.397736 -0.9175 0
    outer loop
      vertex -8.18468 -19.4977 8.4
      vertex -8.4728 -19.6226 8
      vertex -8.18468 -19.4977 8
    endloop
  endfacet
  facet normal -0.0162404 0.999868 0
    outer loop
      vertex -9.4953 -13.4294 8
      vertex -9.80929 -13.4345 8.4
      vertex -9.4953 -13.4294 8.4
    endloop
  endfacet
  facet normal -0.0162404 0.999868 0
    outer loop
      vertex -9.80929 -13.4345 8.4
      vertex -9.4953 -13.4294 8
      vertex -9.80929 -13.4345 8
    endloop
  endfacet
  facet normal 0.485886 -0.874022 0
    outer loop
      vertex -8.18468 -19.4977 8
      vertex -7.91018 -19.3451 8.4
      vertex -8.18468 -19.4977 8.4
    endloop
  endfacet
  facet normal 0.485886 -0.874022 0
    outer loop
      vertex -7.91018 -19.3451 8.4
      vertex -8.18468 -19.4977 8
      vertex -7.91018 -19.3451 8
    endloop
  endfacet
  facet normal -0.762685 -0.64677 0
    outer loop
      vertex -11.9356 -18.8152 8
      vertex -12.1387 -18.5757 8.4
      vertex -12.1387 -18.5757 8
    endloop
  endfacet
  facet normal -0.762685 -0.64677 0
    outer loop
      vertex -12.1387 -18.5757 8.4
      vertex -11.9356 -18.8152 8
      vertex -11.9356 -18.8152 8.4
    endloop
  endfacet
  facet normal 0.874103 0.48574 0
    outer loop
      vertex -6.73001 -15.2124 8.4
      vertex -6.88255 -14.9379 8
      vertex -6.88255 -14.9379 8.4
    endloop
  endfacet
  facet normal 0.874103 0.48574 0
    outer loop
      vertex -6.88255 -14.9379 8
      vertex -6.73001 -15.2124 8.4
      vertex -6.73001 -15.2124 8
    endloop
  endfacet
  facet normal 0.274494 0.961589 -0
    outer loop
      vertex -8.57139 -13.5975 8
      vertex -8.87336 -13.5113 8.4
      vertex -8.57139 -13.5975 8.4
    endloop
  endfacet
  facet normal 0.274494 0.961589 0
    outer loop
      vertex -8.87336 -13.5113 8.4
      vertex -8.57139 -13.5975 8
      vertex -8.87336 -13.5113 8
    endloop
  endfacet
  facet normal 0.840424 -0.541929 0
    outer loop
      vertex -6.99889 -18.4916 8.4
      vertex -6.82872 -18.2277 8
      vertex -6.82872 -18.2277 8.4
    endloop
  endfacet
  facet normal 0.840424 -0.541929 0
    outer loop
      vertex -6.82872 -18.2277 8
      vertex -6.99889 -18.4916 8.4
      vertex -6.99889 -18.4916 8
    endloop
  endfacet
  facet normal 0.0165588 -0.999863 0
    outer loop
      vertex -9.7047 -19.826 8
      vertex -9.39071 -19.8208 8.4
      vertex -9.7047 -19.826 8.4
    endloop
  endfacet
  facet normal 0.0165588 -0.999863 0
    outer loop
      vertex -9.39071 -19.8208 8.4
      vertex -9.7047 -19.826 8
      vertex -9.39071 -19.8208 8
    endloop
  endfacet
  facet normal 0.178964 0.983856 -0
    outer loop
      vertex -8.87336 -13.5113 8
      vertex -9.18232 -13.4551 8.4
      vertex -8.87336 -13.5113 8.4
    endloop
  endfacet
  facet normal 0.178964 0.983856 0
    outer loop
      vertex -9.18232 -13.4551 8.4
      vertex -8.87336 -13.5113 8
      vertex -9.18232 -13.4551 8
    endloop
  endfacet
  facet normal 0.977451 0.21116 0
    outer loop
      vertex -6.44274 -16.1064 8.4
      vertex -6.50904 -15.7995 8
      vertex -6.50904 -15.7995 8.4
    endloop
  endfacet
  facet normal 0.977451 0.21116 0
    outer loop
      vertex -6.50904 -15.7995 8
      vertex -6.44274 -16.1064 8.4
      vertex -6.44274 -16.1064 8
    endloop
  endfacet
  facet normal -0.69539 -0.718633 0
    outer loop
      vertex -11.9356 -18.8152 8
      vertex -11.7099 -19.0336 8.4
      vertex -11.9356 -18.8152 8.4
    endloop
  endfacet
  facet normal -0.69539 -0.718633 -0
    outer loop
      vertex -11.7099 -19.0336 8.4
      vertex -11.9356 -18.8152 8
      vertex -11.7099 -19.0336 8
    endloop
  endfacet
  facet normal 0.999866 0.0163672 0
    outer loop
      vertex -6.40171 -16.7324 8.4
      vertex -6.40685 -16.4184 8
      vertex -6.40685 -16.4184 8.4
    endloop
  endfacet
  facet normal 0.999866 0.0163672 0
    outer loop
      vertex -6.40685 -16.4184 8
      vertex -6.40171 -16.7324 8.4
      vertex -6.40171 -16.7324 8
    endloop
  endfacet
  facet normal 0.456944 0.889496 -0
    outer loop
      vertex -8 -13.8564 8
      vertex -8.27934 -13.7129 8.4
      vertex -8 -13.8564 8.4
    endloop
  endfacet
  facet normal 0.456944 0.889496 0
    outer loop
      vertex -8.27934 -13.7129 8.4
      vertex -8 -13.8564 8
      vertex -8.27934 -13.7129 8
    endloop
  endfacet
  facet normal 0.695469 0.718556 -0
    outer loop
      vertex -7.26444 -14.4402 8
      vertex -7.49009 -14.2218 8.4
      vertex -7.26444 -14.4402 8.4
    endloop
  endfacet
  facet normal 0.695469 0.718556 0
    outer loop
      vertex -7.49009 -14.2218 8.4
      vertex -7.26444 -14.4402 8
      vertex -7.49009 -14.2218 8
    endloop
  endfacet
  facet normal -0.996646 0.0818332 0
    outer loop
      vertex -12.7983 -16.523 8
      vertex -12.7726 -16.21 8.4
      vertex -12.7726 -16.21 8
    endloop
  endfacet
  facet normal -0.996646 0.0818332 0
    outer loop
      vertex -12.7726 -16.21 8.4
      vertex -12.7983 -16.523 8
      vertex -12.7983 -16.523 8.4
    endloop
  endfacet
  facet normal 0.983844 -0.179028 0
    outer loop
      vertex -6.48359 -17.3543 8.4
      vertex -6.42738 -17.0454 8
      vertex -6.42738 -17.0454 8.4
    endloop
  endfacet
  facet normal 0.983844 -0.179028 0
    outer loop
      vertex -6.42738 -17.0454 8
      vertex -6.48359 -17.3543 8.4
      vertex -6.48359 -17.3543 8
    endloop
  endfacet
  facet normal -0.999863 -0.0165582 0
    outer loop
      vertex -12.7931 -16.837 8
      vertex -12.7983 -16.523 8.4
      vertex -12.7983 -16.523 8
    endloop
  endfacet
  facet normal -0.999863 -0.0165582 0
    outer loop
      vertex -12.7983 -16.523 8.4
      vertex -12.7931 -16.837 8
      vertex -12.7931 -16.837 8.4
    endloop
  endfacet
  facet normal -0.930049 0.367435 0
    outer loop
      vertex -12.6302 -15.5991 8
      vertex -12.5148 -15.307 8.4
      vertex -12.5148 -15.307 8
    endloop
  endfacet
  facet normal -0.930049 0.367435 0
    outer loop
      vertex -12.5148 -15.307 8.4
      vertex -12.6302 -15.5991 8
      vertex -12.6302 -15.5991 8.4
    endloop
  endfacet
  facet normal -0.952035 -0.305989 0
    outer loop
      vertex -12.5949 -17.7549 8
      vertex -12.691 -17.4559 8.4
      vertex -12.691 -17.4559 8
    endloop
  endfacet
  facet normal -0.952035 -0.305989 0
    outer loop
      vertex -12.691 -17.4559 8.4
      vertex -12.5949 -17.7549 8
      vertex -12.5949 -17.7549 8.4
    endloop
  endfacet
  facet normal -0.91749 -0.397759 0
    outer loop
      vertex -12.47 -18.043 8
      vertex -12.5949 -17.7549 8.4
      vertex -12.5949 -17.7549 8
    endloop
  endfacet
  facet normal -0.91749 -0.397759 0
    outer loop
      vertex -12.5949 -17.7549 8.4
      vertex -12.47 -18.043 8
      vertex -12.47 -18.043 8.4
    endloop
  endfacet
  facet normal 0.996654 -0.0817384 0
    outer loop
      vertex -6.42738 -17.0454 8.4
      vertex -6.40171 -16.7324 8
      vertex -6.40171 -16.7324 8.4
    endloop
  endfacet
  facet normal 0.996654 -0.0817384 0
    outer loop
      vertex -6.40171 -16.7324 8
      vertex -6.42738 -17.0454 8.4
      vertex -6.42738 -17.0454 8
    endloop
  endfacet
  facet normal 0.993449 0.114278 0
    outer loop
      vertex -6.40685 -16.4184 8.4
      vertex -6.44274 -16.1064 8
      vertex -6.44274 -16.1064 8.4
    endloop
  endfacet
  facet normal 0.993449 0.114278 0
    outer loop
      vertex -6.44274 -16.1064 8
      vertex -6.40685 -16.4184 8.4
      vertex -6.40685 -16.4184 8
    endloop
  endfacet
  facet normal 0.621614 0.783323 -0
    outer loop
      vertex -7.49009 -14.2218 8
      vertex -7.73607 -14.0266 8.4
      vertex -7.49009 -14.2218 8.4
    endloop
  endfacet
  facet normal 0.621614 0.783323 0
    outer loop
      vertex -7.73607 -14.0266 8.4
      vertex -7.49009 -14.2218 8
      vertex -7.73607 -14.0266 8
    endloop
  endfacet
  facet normal -0.718633 0.69539 0
    outer loop
      vertex -12.0059 -14.5178 8
      vertex -11.7875 -14.2921 8.4
      vertex -11.7875 -14.2921 8
    endloop
  endfacet
  facet normal -0.718633 0.69539 0
    outer loop
      vertex -11.7875 -14.2921 8.4
      vertex -12.0059 -14.5178 8
      vertex -12.0059 -14.5178 8.4
    endloop
  endfacet
  facet normal -0.274469 -0.961596 0
    outer loop
      vertex -10.6286 -19.6579 8
      vertex -10.3266 -19.7441 8.4
      vertex -10.6286 -19.6579 8.4
    endloop
  endfacet
  facet normal -0.274469 -0.961596 -0
    outer loop
      vertex -10.3266 -19.7441 8.4
      vertex -10.6286 -19.6579 8
      vertex -10.3266 -19.7441 8
    endloop
  endfacet
  facet normal 0.114317 -0.993444 0
    outer loop
      vertex -9.39071 -19.8208 8
      vertex -9.07873 -19.7849 8.4
      vertex -9.39071 -19.8208 8.4
    endloop
  endfacet
  facet normal 0.114317 -0.993444 0
    outer loop
      vertex -9.07873 -19.7849 8.4
      vertex -9.39071 -19.8208 8
      vertex -9.07873 -19.7849 8
    endloop
  endfacet
  facet normal -0.114306 0.993446 0
    outer loop
      vertex -9.80929 -13.4345 8
      vertex -10.1213 -13.4704 8.4
      vertex -9.80929 -13.4345 8.4
    endloop
  endfacet
  facet normal -0.114306 0.993446 0
    outer loop
      vertex -10.1213 -13.4704 8.4
      vertex -9.80929 -13.4345 8
      vertex -10.1213 -13.4704 8
    endloop
  endfacet
  facet normal 0.0818384 0.996646 -0
    outer loop
      vertex -9.18232 -13.4551 8
      vertex -9.4953 -13.4294 8.4
      vertex -9.18232 -13.4551 8.4
    endloop
  endfacet
  facet normal 0.0818384 0.996646 0
    outer loop
      vertex -9.4953 -13.4294 8.4
      vertex -9.18232 -13.4551 8
      vertex -9.4953 -13.4294 8
    endloop
  endfacet
  facet normal 0.783317 -0.621623 0
    outer loop
      vertex -7.19411 -18.7376 8.4
      vertex -6.99889 -18.4916 8
      vertex -6.99889 -18.4916 8.4
    endloop
  endfacet
  facet normal 0.783317 -0.621623 0
    outer loop
      vertex -6.99889 -18.4916 8
      vertex -7.19411 -18.7376 8.4
      vertex -7.19411 -18.7376 8
    endloop
  endfacet
  facet normal 0.889495 -0.456945 0
    outer loop
      vertex -6.82872 -18.2277 8.4
      vertex -6.68524 -17.9484 8
      vertex -6.68524 -17.9484 8.4
    endloop
  endfacet
  facet normal 0.889495 -0.456945 0
    outer loop
      vertex -6.68524 -17.9484 8
      vertex -6.82872 -18.2277 8.4
      vertex -6.82872 -18.2277 8
    endloop
  endfacet
  facet normal -0.569309 0.822123 0
    outer loop
      vertex -11.2898 -13.9102 8
      vertex -11.548 -14.089 8.4
      vertex -11.2898 -13.9102 8.4
    endloop
  endfacet
  facet normal -0.569309 0.822123 0
    outer loop
      vertex -11.548 -14.089 8.4
      vertex -11.2898 -13.9102 8
      vertex -11.548 -14.089 8
    endloop
  endfacet
  facet normal -0.993481 -0.113996 0
    outer loop
      vertex -12.7573 -17.149 8
      vertex -12.7931 -16.837 8.4
      vertex -12.7931 -16.837 8
    endloop
  endfacet
  facet normal -0.993481 -0.113996 0
    outer loop
      vertex -12.7931 -16.837 8.4
      vertex -12.7573 -17.149 8
      vertex -12.7573 -17.149 8.4
    endloop
  endfacet
  facet normal -0.541996 -0.840381 0
    outer loop
      vertex -11.4639 -19.2288 8
      vertex -11.2 -19.399 8.4
      vertex -11.4639 -19.2288 8.4
    endloop
  endfacet
  facet normal -0.541996 -0.840381 -0
    outer loop
      vertex -11.2 -19.399 8.4
      vertex -11.4639 -19.2288 8
      vertex -11.2 -19.399 8
    endloop
  endfacet
  facet normal 0.930028 -0.36749 0
    outer loop
      vertex -6.68524 -17.9484 8.4
      vertex -6.56982 -17.6563 8
      vertex -6.56982 -17.6563 8.4
    endloop
  endfacet
  facet normal 0.930028 -0.36749 0
    outer loop
      vertex -6.56982 -17.6563 8
      vertex -6.68524 -17.9484 8.4
      vertex -6.68524 -17.9484 8
    endloop
  endfacet
  facet normal 0.367489 0.930028 -0
    outer loop
      vertex -8.27934 -13.7129 8
      vertex -8.57139 -13.5975 8.4
      vertex -8.27934 -13.7129 8.4
    endloop
  endfacet
  facet normal 0.367489 0.930028 0
    outer loop
      vertex -8.57139 -13.5975 8.4
      vertex -8.27934 -13.7129 8
      vertex -8.57139 -13.5975 8
    endloop
  endfacet
  facet normal -0.98386 0.178941 0
    outer loop
      vertex -12.7726 -16.21 8
      vertex -12.7164 -15.901 8.4
      vertex -12.7164 -15.901 8
    endloop
  endfacet
  facet normal -0.98386 0.178941 0
    outer loop
      vertex -12.7164 -15.901 8.4
      vertex -12.7726 -16.21 8
      vertex -12.7726 -16.21 8.4
    endloop
  endfacet
  facet normal -0.961572 0.274553 0
    outer loop
      vertex -12.7164 -15.901 8
      vertex -12.6302 -15.5991 8.4
      vertex -12.6302 -15.5991 8
    endloop
  endfacet
  facet normal -0.961572 0.274553 0
    outer loop
      vertex -12.6302 -15.5991 8.4
      vertex -12.7164 -15.901 8
      vertex -12.7164 -15.901 8.4
    endloop
  endfacet
  facet normal -0.21116 0.977451 0
    outer loop
      vertex -10.1213 -13.4704 8
      vertex -10.4282 -13.5367 8.4
      vertex -10.1213 -13.4704 8.4
    endloop
  endfacet
  facet normal -0.21116 0.977451 0
    outer loop
      vertex -10.4282 -13.5367 8.4
      vertex -10.1213 -13.4704 8
      vertex -10.4282 -13.5367 8
    endloop
  endfacet
  facet normal 0.822243 0.569137 0
    outer loop
      vertex -6.88255 -14.9379 8.4
      vertex -7.06127 -14.6797 8
      vertex -7.06127 -14.6797 8.4
    endloop
  endfacet
  facet normal 0.822243 0.569137 0
    outer loop
      vertex -7.06127 -14.6797 8
      vertex -6.88255 -14.9379 8.4
      vertex -6.88255 -14.9379 8
    endloop
  endfacet
  facet normal -0.397759 0.91749 0
    outer loop
      vertex -10.7272 -13.6328 8
      vertex -11.0153 -13.7577 8.4
      vertex -10.7272 -13.6328 8.4
    endloop
  endfacet
  facet normal -0.397759 0.91749 0
    outer loop
      vertex -11.0153 -13.7577 8.4
      vertex -10.7272 -13.6328 8
      vertex -11.0153 -13.7577 8
    endloop
  endfacet
  facet normal -0.822272 -0.569094 0
    outer loop
      vertex -12.1387 -18.5757 8
      vertex -12.3174 -18.3175 8.4
      vertex -12.3174 -18.3175 8
    endloop
  endfacet
  facet normal -0.822272 -0.569094 0
    outer loop
      vertex -12.3174 -18.3175 8.4
      vertex -12.1387 -18.5757 8
      vertex -12.1387 -18.5757 8.4
    endloop
  endfacet
  facet normal -0.874022 -0.485886 0
    outer loop
      vertex -12.3174 -18.3175 8
      vertex -12.47 -18.043 8.4
      vertex -12.47 -18.043 8
    endloop
  endfacet
  facet normal -0.874022 -0.485886 0
    outer loop
      vertex -12.47 -18.043 8.4
      vertex -12.3174 -18.3175 8
      vertex -12.3174 -18.3175 8.4
    endloop
  endfacet
  facet normal -0.840381 0.541996 0
    outer loop
      vertex -12.3713 -15.0277 8
      vertex -12.2011 -14.7638 8.4
      vertex -12.2011 -14.7638 8
    endloop
  endfacet
  facet normal -0.840381 0.541996 0
    outer loop
      vertex -12.2011 -14.7638 8.4
      vertex -12.3713 -15.0277 8
      vertex -12.3713 -15.0277 8.4
    endloop
  endfacet
  facet normal 0 0 1
    outer loop
      vertex -6.40685 -16.4184 8.4
      vertex -6.42738 -17.0454 8.4
      vertex -6.40171 -16.7324 8.4
    endloop
  endfacet
  facet normal 0 0 1
    outer loop
      vertex -6.44274 -16.1064 8.4
      vertex -6.42738 -17.0454 8.4
      vertex -6.40685 -16.4184 8.4
    endloop
  endfacet
  facet normal 0 0 1
    outer loop
      vertex -6.44274 -16.1064 8.4
      vertex -6.48359 -17.3543 8.4
      vertex -6.42738 -17.0454 8.4
    endloop
  endfacet
  facet normal 0 0 1
    outer loop
      vertex -6.50904 -15.7995 8.4
      vertex -6.48359 -17.3543 8.4
      vertex -6.44274 -16.1064 8.4
    endloop
  endfacet
  facet normal 0 0 1
    outer loop
      vertex -6.50904 -15.7995 8.4
      vertex -6.56982 -17.6563 8.4
      vertex -6.48359 -17.3543 8.4
    endloop
  endfacet
  facet normal 0 0 1
    outer loop
      vertex -6.6051 -15.5005 8.4
      vertex -6.56982 -17.6563 8.4
      vertex -6.50904 -15.7995 8.4
    endloop
  endfacet
  facet normal 0 0 1
    outer loop
      vertex -6.6051 -15.5005 8.4
      vertex -6.68524 -17.9484 8.4
      vertex -6.56982 -17.6563 8.4
    endloop
  endfacet
  facet normal 0 0 1
    outer loop
      vertex -6.73001 -15.2124 8.4
      vertex -6.68524 -17.9484 8.4
      vertex -6.6051 -15.5005 8.4
    endloop
  endfacet
  facet normal 0 0 1
    outer loop
      vertex -6.73001 -15.2124 8.4
      vertex -6.82872 -18.2277 8.4
      vertex -6.68524 -17.9484 8.4
    endloop
  endfacet
  facet normal 0 0 1
    outer loop
      vertex -6.88255 -14.9379 8.4
      vertex -6.82872 -18.2277 8.4
      vertex -6.73001 -15.2124 8.4
    endloop
  endfacet
  facet normal 0 0 1
    outer loop
      vertex -6.88255 -14.9379 8.4
      vertex -6.99889 -18.4916 8.4
      vertex -6.82872 -18.2277 8.4
    endloop
  endfacet
  facet normal 0 0 1
    outer loop
      vertex -7.06127 -14.6797 8.4
      vertex -6.99889 -18.4916 8.4
      vertex -6.88255 -14.9379 8.4
    endloop
  endfacet
  facet normal 0 0 1
    outer loop
      vertex -7.06127 -14.6797 8.4
      vertex -7.19411 -18.7376 8.4
      vertex -6.99889 -18.4916 8.4
    endloop
  endfacet
  facet normal 0 0 1
    outer loop
      vertex -7.26444 -14.4402 8.4
      vertex -7.19411 -18.7376 8.4
      vertex -7.06127 -14.6797 8.4
    endloop
  endfacet
  facet normal 0 0 1
    outer loop
      vertex -7.26444 -14.4402 8.4
      vertex -7.41251 -18.9633 8.4
      vertex -7.19411 -18.7376 8.4
    endloop
  endfacet
  facet normal 0 0 1
    outer loop
      vertex -7.49009 -14.2218 8.4
      vertex -7.41251 -18.9633 8.4
      vertex -7.26444 -14.4402 8.4
    endloop
  endfacet
  facet normal 0 0 1
    outer loop
      vertex -7.49009 -14.2218 8.4
      vertex -7.65196 -19.1664 8.4
      vertex -7.41251 -18.9633 8.4
    endloop
  endfacet
  facet normal 0 0 1
    outer loop
      vertex -7.73607 -14.0266 8.4
      vertex -7.65196 -19.1664 8.4
      vertex -7.49009 -14.2218 8.4
    endloop
  endfacet
  facet normal 0 0 1
    outer loop
      vertex -7.73607 -14.0266 8.4
      vertex -7.91018 -19.3451 8.4
      vertex -7.65196 -19.1664 8.4
    endloop
  endfacet
  facet normal 0 0 1
    outer loop
      vertex -8 -13.8564 8.4
      vertex -7.91018 -19.3451 8.4
      vertex -7.73607 -14.0266 8.4
    endloop
  endfacet
  facet normal 0 0 1
    outer loop
      vertex -8 -13.8564 8.4
      vertex -8.18468 -19.4977 8.4
      vertex -7.91018 -19.3451 8.4
    endloop
  endfacet
  facet normal 0 0 1
    outer loop
      vertex -8.27934 -13.7129 8.4
      vertex -8.18468 -19.4977 8.4
      vertex -8 -13.8564 8.4
    endloop
  endfacet
  facet normal 0 0 1
    outer loop
      vertex -8.27934 -13.7129 8.4
      vertex -8.4728 -19.6226 8.4
      vertex -8.18468 -19.4977 8.4
    endloop
  endfacet
  facet normal 0 0 1
    outer loop
      vertex -8.57139 -13.5975 8.4
      vertex -8.4728 -19.6226 8.4
      vertex -8.27934 -13.7129 8.4
    endloop
  endfacet
  facet normal 0 0 1
    outer loop
      vertex -8.57139 -13.5975 8.4
      vertex -8.77178 -19.7186 8.4
      vertex -8.4728 -19.6226 8.4
    endloop
  endfacet
  facet normal 0 0 1
    outer loop
      vertex -8.87336 -13.5113 8.4
      vertex -8.77178 -19.7186 8.4
      vertex -8.57139 -13.5975 8.4
    endloop
  endfacet
  facet normal 0 0 1
    outer loop
      vertex -8.87336 -13.5113 8.4
      vertex -9.07873 -19.7849 8.4
      vertex -8.77178 -19.7186 8.4
    endloop
  endfacet
  facet normal 0 0 1
    outer loop
      vertex -9.18232 -13.4551 8.4
      vertex -9.07873 -19.7849 8.4
      vertex -8.87336 -13.5113 8.4
    endloop
  endfacet
  facet normal 0 0 1
    outer loop
      vertex -9.18232 -13.4551 8.4
      vertex -9.39071 -19.8208 8.4
      vertex -9.07873 -19.7849 8.4
    endloop
  endfacet
  facet normal 0 0 1
    outer loop
      vertex -9.4953 -13.4294 8.4
      vertex -9.39071 -19.8208 8.4
      vertex -9.18232 -13.4551 8.4
    endloop
  endfacet
  facet normal 0 0 1
    outer loop
      vertex -9.4953 -13.4294 8.4
      vertex -9.7047 -19.826 8.4
      vertex -9.39071 -19.8208 8.4
    endloop
  endfacet
  facet normal -0 0 1
    outer loop
      vertex -9.80929 -13.4345 8.4
      vertex -9.7047 -19.826 8.4
      vertex -9.4953 -13.4294 8.4
    endloop
  endfacet
  facet normal 0 0 1
    outer loop
      vertex -9.80929 -13.4345 8.4
      vertex -10.0177 -19.8003 8.4
      vertex -9.7047 -19.826 8.4
    endloop
  endfacet
  facet normal -0 0 1
    outer loop
      vertex -10.1213 -13.4704 8.4
      vertex -10.0177 -19.8003 8.4
      vertex -9.80929 -13.4345 8.4
    endloop
  endfacet
  facet normal 0 0 1
    outer loop
      vertex -10.1213 -13.4704 8.4
      vertex -10.3266 -19.7441 8.4
      vertex -10.0177 -19.8003 8.4
    endloop
  endfacet
  facet normal -0 0 1
    outer loop
      vertex -10.4282 -13.5367 8.4
      vertex -10.3266 -19.7441 8.4
      vertex -10.1213 -13.4704 8.4
    endloop
  endfacet
  facet normal 0 0 1
    outer loop
      vertex -10.4282 -13.5367 8.4
      vertex -10.6286 -19.6579 8.4
      vertex -10.3266 -19.7441 8.4
    endloop
  endfacet
  facet normal -0 0 1
    outer loop
      vertex -10.7272 -13.6328 8.4
      vertex -10.6286 -19.6579 8.4
      vertex -10.4282 -13.5367 8.4
    endloop
  endfacet
  facet normal 0 0 1
    outer loop
      vertex -10.7272 -13.6328 8.4
      vertex -10.9207 -19.5424 8.4
      vertex -10.6286 -19.6579 8.4
    endloop
  endfacet
  facet normal -0 0 1
    outer loop
      vertex -11.0153 -13.7577 8.4
      vertex -10.9207 -19.5424 8.4
      vertex -10.7272 -13.6328 8.4
    endloop
  endfacet
  facet normal 0 0 1
    outer loop
      vertex -11.0153 -13.7577 8.4
      vertex -11.2 -19.399 8.4
      vertex -10.9207 -19.5424 8.4
    endloop
  endfacet
  facet normal -0 0 1
    outer loop
      vertex -11.2898 -13.9102 8.4
      vertex -11.2 -19.399 8.4
      vertex -11.0153 -13.7577 8.4
    endloop
  endfacet
  facet normal 0 0 1
    outer loop
      vertex -11.2898 -13.9102 8.4
      vertex -11.4639 -19.2288 8.4
      vertex -11.2 -19.399 8.4
    endloop
  endfacet
  facet normal -0 0 1
    outer loop
      vertex -11.548 -14.089 8.4
      vertex -11.4639 -19.2288 8.4
      vertex -11.2898 -13.9102 8.4
    endloop
  endfacet
  facet normal 0 0 1
    outer loop
      vertex -11.548 -14.089 8.4
      vertex -11.7099 -19.0336 8.4
      vertex -11.4639 -19.2288 8.4
    endloop
  endfacet
  facet normal -0 0 1
    outer loop
      vertex -11.7875 -14.2921 8.4
      vertex -11.7099 -19.0336 8.4
      vertex -11.548 -14.089 8.4
    endloop
  endfacet
  facet normal 0 0 1
    outer loop
      vertex -11.7875 -14.2921 8.4
      vertex -11.9356 -18.8152 8.4
      vertex -11.7099 -19.0336 8.4
    endloop
  endfacet
  facet normal -0 0 1
    outer loop
      vertex -12.0059 -14.5178 8.4
      vertex -11.9356 -18.8152 8.4
      vertex -11.7875 -14.2921 8.4
    endloop
  endfacet
  facet normal 0 0 1
    outer loop
      vertex -12.0059 -14.5178 8.4
      vertex -12.1387 -18.5757 8.4
      vertex -11.9356 -18.8152 8.4
    endloop
  endfacet
  facet normal -0 0 1
    outer loop
      vertex -12.2011 -14.7638 8.4
      vertex -12.1387 -18.5757 8.4
      vertex -12.0059 -14.5178 8.4
    endloop
  endfacet
  facet normal 0 0 1
    outer loop
      vertex -12.2011 -14.7638 8.4
      vertex -12.3174 -18.3175 8.4
      vertex -12.1387 -18.5757 8.4
    endloop
  endfacet
  facet normal -0 0 1
    outer loop
      vertex -12.3713 -15.0277 8.4
      vertex -12.3174 -18.3175 8.4
      vertex -12.2011 -14.7638 8.4
    endloop
  endfacet
  facet normal 0 0 1
    outer loop
      vertex -12.3713 -15.0277 8.4
      vertex -12.47 -18.043 8.4
      vertex -12.3174 -18.3175 8.4
    endloop
  endfacet
  facet normal -0 0 1
    outer loop
      vertex -12.5148 -15.307 8.4
      vertex -12.47 -18.043 8.4
      vertex -12.3713 -15.0277 8.4
    endloop
  endfacet
  facet normal 0 0 1
    outer loop
      vertex -12.5148 -15.307 8.4
      vertex -12.5949 -17.7549 8.4
      vertex -12.47 -18.043 8.4
    endloop
  endfacet
  facet normal -0 0 1
    outer loop
      vertex -12.6302 -15.5991 8.4
      vertex -12.5949 -17.7549 8.4
      vertex -12.5148 -15.307 8.4
    endloop
  endfacet
  facet normal 0 0 1
    outer loop
      vertex -12.6302 -15.5991 8.4
      vertex -12.691 -17.4559 8.4
      vertex -12.5949 -17.7549 8.4
    endloop
  endfacet
  facet normal -0 0 1
    outer loop
      vertex -12.7164 -15.901 8.4
      vertex -12.691 -17.4559 8.4
      vertex -12.6302 -15.5991 8.4
    endloop
  endfacet
  facet normal 0 0 1
    outer loop
      vertex -12.7164 -15.901 8.4
      vertex -12.7573 -17.149 8.4
      vertex -12.691 -17.4559 8.4
    endloop
  endfacet
  facet normal -0 0 1
    outer loop
      vertex -12.7726 -16.21 8.4
      vertex -12.7573 -17.149 8.4
      vertex -12.7164 -15.901 8.4
    endloop
  endfacet
  facet normal 0 0 1
    outer loop
      vertex -12.7726 -16.21 8.4
      vertex -12.7931 -16.837 8.4
      vertex -12.7573 -17.149 8.4
    endloop
  endfacet
  facet normal 0 -0 1
    outer loop
      vertex -12.7931 -16.837 8.4
      vertex -12.7726 -16.21 8.4
      vertex -12.7983 -16.523 8.4
    endloop
  endfacet
  facet normal 0.541953 0.840409 -0
    outer loop
      vertex -7.73607 -14.0266 8
      vertex -8 -13.8564 8.4
      vertex -7.73607 -14.0266 8.4
    endloop
  endfacet
  facet normal 0.541953 0.840409 0
    outer loop
      vertex -8 -13.8564 8.4
      vertex -7.73607 -14.0266 8
      vertex -8 -13.8564 8
    endloop
  endfacet
  facet normal -0.64677 0.762685 0
    outer loop
      vertex -11.548 -14.089 8
      vertex -11.7875 -14.2921 8.4
      vertex -11.548 -14.089 8.4
    endloop
  endfacet
  facet normal -0.64677 0.762685 0
    outer loop
      vertex -11.7875 -14.2921 8.4
      vertex -11.548 -14.089 8
      vertex -11.7875 -14.2921 8
    endloop
  endfacet
  facet normal -0.977451 -0.21116 0
    outer loop
      vertex -12.691 -17.4559 8
      vertex -12.7573 -17.149 8.4
      vertex -12.7573 -17.149 8
    endloop
  endfacet
  facet normal -0.977451 -0.21116 0
    outer loop
      vertex -12.7573 -17.149 8.4
      vertex -12.691 -17.4559 8
      vertex -12.691 -17.4559 8.4
    endloop
  endfacet
  facet normal -0.146694 -0.989182 0
    outer loop
      vertex -4.58462 -23.0485 8.4
      vertex -2.3034 -23.3868 10.9
      vertex -4.58462 -23.0485 10.9
    endloop
  endfacet
  facet normal -0.146694 -0.989182 -0
    outer loop
      vertex -2.3034 -23.3868 10.9
      vertex -4.58462 -23.0485 8.4
      vertex -2.3034 -23.3868 8.4
    endloop
  endfacet
  facet normal 0.970027 0.242998 0
    outer loop
      vertex 23.0485 4.58462 10.9
      vertex 22.4881 6.82169 8.4
      vertex 22.4881 6.82169 10.9
    endloop
  endfacet
  facet normal 0.970027 0.242998 0
    outer loop
      vertex 22.4881 6.82169 8.4
      vertex 23.0485 4.58462 10.9
      vertex 23.0485 4.58462 8.4
    endloop
  endfacet
  facet normal 0.803199 -0.595711 0
    outer loop
      vertex 18.1657 -14.9082 10.9
      vertex 19.5395 -13.0559 8.4
      vertex 19.5395 -13.0559 10.9
    endloop
  endfacet
  facet normal 0.803199 -0.595711 0
    outer loop
      vertex 19.5395 -13.0559 8.4
      vertex 18.1657 -14.9082 10.9
      vertex 18.1657 -14.9082 8.4
    endloop
  endfacet
  facet normal 0.989182 0.146694 0
    outer loop
      vertex 23.3868 2.3034 10.9
      vertex 23.0485 4.58462 8.4
      vertex 23.0485 4.58462 10.9
    endloop
  endfacet
  facet normal 0.989182 0.146694 0
    outer loop
      vertex 23.0485 4.58462 8.4
      vertex 23.3868 2.3034 10.9
      vertex 23.3868 2.3034 8.4
    endloop
  endfacet
  facet normal 0.671543 0.740965 -0
    outer loop
      vertex 16.617 16.617 8.4
      vertex 14.9082 18.1657 10.9
      vertex 16.617 16.617 10.9
    endloop
  endfacet
  facet normal 0.671543 0.740965 0
    outer loop
      vertex 14.9082 18.1657 10.9
      vertex 16.617 16.617 8.4
      vertex 14.9082 18.1657 8.4
    endloop
  endfacet
  facet normal -0.671543 0.740965 0
    outer loop
      vertex -14.9082 18.1657 8.4
      vertex -16.617 16.617 10.9
      vertex -14.9082 18.1657 10.9
    endloop
  endfacet
  facet normal -0.671543 0.740965 0
    outer loop
      vertex -16.617 16.617 10.9
      vertex -14.9082 18.1657 8.4
      vertex -16.617 16.617 8.4
    endloop
  endfacet
  facet normal 0.595711 -0.803199 0
    outer loop
      vertex 13.0559 -19.5395 8.4
      vertex 14.9082 -18.1657 10.9
      vertex 13.0559 -19.5395 10.9
    endloop
  endfacet
  facet normal 0.595711 -0.803199 0
    outer loop
      vertex 14.9082 -18.1657 10.9
      vertex 13.0559 -19.5395 8.4
      vertex 14.9082 -18.1657 8.4
    endloop
  endfacet
  facet normal -0.941548 -0.336879 0
    outer loop
      vertex -21.7112 -8.99306 8.4
      vertex -22.4881 -6.82169 10.9
      vertex -22.4881 -6.82169 8.4
    endloop
  endfacet
  facet normal -0.941548 -0.336879 0
    outer loop
      vertex -22.4881 -6.82169 10.9
      vertex -21.7112 -8.99306 8.4
      vertex -21.7112 -8.99306 10.9
    endloop
  endfacet
  facet normal -0.0490855 -0.998795 0
    outer loop
      vertex -2.3034 -23.3868 8.4
      vertex 0 -23.5 10.9
      vertex -2.3034 -23.3868 10.9
    endloop
  endfacet
  facet normal -0.0490855 -0.998795 -0
    outer loop
      vertex 0 -23.5 10.9
      vertex -2.3034 -23.3868 8.4
      vertex 0 -23.5 8.4
    endloop
  endfacet
  facet normal -0.336879 0.941548 0
    outer loop
      vertex -6.82169 22.4881 8.4
      vertex -8.99306 21.7112 10.9
      vertex -6.82169 22.4881 10.9
    endloop
  endfacet
  facet normal -0.336879 0.941548 0
    outer loop
      vertex -8.99306 21.7112 10.9
      vertex -6.82169 22.4881 8.4
      vertex -8.99306 21.7112 8.4
    endloop
  endfacet
  facet normal -0.671543 -0.740965 0
    outer loop
      vertex -16.617 -16.617 8.4
      vertex -14.9082 -18.1657 10.9
      vertex -16.617 -16.617 10.9
    endloop
  endfacet
  facet normal -0.671543 -0.740965 -0
    outer loop
      vertex -14.9082 -18.1657 10.9
      vertex -16.617 -16.617 8.4
      vertex -14.9082 -18.1657 8.4
    endloop
  endfacet
  facet normal 0.514094 -0.857734 0
    outer loop
      vertex 11.0778 -20.7251 8.4
      vertex 13.0559 -19.5395 10.9
      vertex 11.0778 -20.7251 10.9
    endloop
  endfacet
  facet normal 0.514094 -0.857734 0
    outer loop
      vertex 13.0559 -19.5395 10.9
      vertex 11.0778 -20.7251 8.4
      vertex 13.0559 -19.5395 8.4
    endloop
  endfacet
  facet normal -0.857734 -0.514094 0
    outer loop
      vertex -19.5395 -13.0559 8.4
      vertex -20.7251 -11.0778 10.9
      vertex -20.7251 -11.0778 8.4
    endloop
  endfacet
  facet normal -0.857734 -0.514094 0
    outer loop
      vertex -20.7251 -11.0778 10.9
      vertex -19.5395 -13.0559 8.4
      vertex -19.5395 -13.0559 10.9
    endloop
  endfacet
  facet normal 0 0 1
    outer loop
      vertex 1.52976 -13.0389 10.9
      vertex 0 -11.6 10.9
      vertex 1.45439 -13.694 10.9
    endloop
  endfacet
  facet normal 0 0 1
    outer loop
      vertex 1.66898 -12.3943 10.9
      vertex 0 -11.6 10.9
      vertex 1.52976 -13.0389 10.9
    endloop
  endfacet
  facet normal -0 0 1
    outer loop
      vertex 0 -11.6 10.9
      vertex 1.66898 -12.3943 10.9
      vertex 1.137 -11.5441 10.9
    endloop
  endfacet
  facet normal 0 0 1
    outer loop
      vertex 1.87071 -11.7664 10.9
      vertex 1.137 -11.5441 10.9
      vertex 1.66898 -12.3943 10.9
    endloop
  endfacet
  facet normal -0 0 1
    outer loop
      vertex 1.137 -11.5441 10.9
      vertex 1.87071 -11.7664 10.9
      vertex 2.02412 -11.4126 10.9
    endloop
  endfacet
  facet normal -0 0 1
    outer loop
      vertex 13.6223 10.2193 10.9
      vertex 21.7112 8.99306 10.9
      vertex 13.9797 10.7735 10.9
    endloop
  endfacet
  facet normal 0 0 1
    outer loop
      vertex 23.5 0 10.9
      vertex 14.8225 -13.2564 10.9
      vertex 14.8764 -13.9137 10.9
    endloop
  endfacet
  facet normal -0 0 1
    outer loop
      vertex 13.2124 9.70273 10.9
      vertex 21.7112 8.99306 10.9
      vertex 13.6223 10.2193 10.9
    endloop
  endfacet
  facet normal 0 0 1
    outer loop
      vertex 23.5 0 10.9
      vertex 14.7045 -12.6076 10.9
      vertex 14.8225 -13.2564 10.9
    endloop
  endfacet
  facet normal 0 0 1
    outer loop
      vertex 21.7112 8.99306 10.9
      vertex 13.2124 9.70273 10.9
      vertex 22.4881 6.82169 10.9
    endloop
  endfacet
  facet normal 0 0 1
    outer loop
      vertex 23.5 0 10.9
      vertex 14.5234 -11.9735 10.9
      vertex 14.7045 -12.6076 10.9
    endloop
  endfacet
  facet normal -0 0 1
    outer loop
      vertex 12.7537 9.22885 10.9
      vertex 22.4881 6.82169 10.9
      vertex 13.2124 9.70273 10.9
    endloop
  endfacet
  facet normal 0 0 1
    outer loop
      vertex 23.5 0 10.9
      vertex 14.281 -11.3601 10.9
      vertex 14.5234 -11.9735 10.9
    endloop
  endfacet
  facet normal 0 0 1
    outer loop
      vertex 11.1005 3.3673 10.9
      vertex 22.4881 6.82169 10.9
      vertex 12.7537 9.22885 10.9
    endloop
  endfacet
  facet normal 0 0 1
    outer loop
      vertex 11.5441 -1.137 10.9
      vertex 23.5 0 10.9
      vertex 11.6 0 10.9
    endloop
  endfacet
  facet normal 0 0 1
    outer loop
      vertex 22.4881 6.82169 10.9
      vertex 11.1005 3.3673 10.9
      vertex 23.0485 4.58462 10.9
    endloop
  endfacet
  facet normal 0 0 1
    outer loop
      vertex 23.5 0 10.9
      vertex 13.9797 -10.7735 10.9
      vertex 14.281 -11.3601 10.9
    endloop
  endfacet
  facet normal 0 -0 1
    outer loop
      vertex 11.5441 1.137 10.9
      vertex 23.3868 2.3034 10.9
      vertex 11.3771 2.26305 10.9
    endloop
  endfacet
  facet normal 0 0 1
    outer loop
      vertex 11.3771 -2.26305 10.9
      vertex 23.5 0 10.9
      vertex 11.5441 -1.137 10.9
    endloop
  endfacet
  facet normal 0 -0 1
    outer loop
      vertex 11.3771 2.26305 10.9
      vertex 23.0485 4.58462 10.9
      vertex 11.1005 3.3673 10.9
    endloop
  endfacet
  facet normal 0 0 1
    outer loop
      vertex 23.5 0 10.9
      vertex 13.6223 -10.2193 10.9
      vertex 13.9797 -10.7735 10.9
    endloop
  endfacet
  facet normal 0 0 1
    outer loop
      vertex 11.1005 3.3673 10.9
      vertex 12.7537 9.22885 10.9
      vertex 12.2509 8.8022 10.9
    endloop
  endfacet
  facet normal 0 -0 1
    outer loop
      vertex 13.2124 -9.70273 10.9
      vertex 23.5 0 10.9
      vertex 11.3771 -2.26305 10.9
    endloop
  endfacet
  facet normal 0 0 1
    outer loop
      vertex 10.717 4.43913 10.9
      vertex 12.2509 8.8022 10.9
      vertex 11.7086 8.4269 10.9
    endloop
  endfacet
  facet normal 0 0 1
    outer loop
      vertex 23.5 0 10.9
      vertex 13.2124 -9.70273 10.9
      vertex 13.6223 -10.2193 10.9
    endloop
  endfacet
  facet normal 0 0 1
    outer loop
      vertex 13.2124 -9.70273 10.9
      vertex 11.3771 -2.26305 10.9
      vertex 12.7537 -9.22885 10.9
    endloop
  endfacet
  facet normal 0 0 1
    outer loop
      vertex 23.5 0 10.9
      vertex 11.5441 1.137 10.9
      vertex 11.6 0 10.9
    endloop
  endfacet
  facet normal 0 0 1
    outer loop
      vertex 23.3868 2.3034 10.9
      vertex 11.5441 1.137 10.9
      vertex 23.5 0 10.9
    endloop
  endfacet
  facet normal 0 0 1
    outer loop
      vertex 10.2303 5.4682 10.9
      vertex 11.7086 8.4269 10.9
      vertex 11.1322 8.10655 10.9
    endloop
  endfacet
  facet normal 0 0 1
    outer loop
      vertex 23.0485 4.58462 10.9
      vertex 11.3771 2.26305 10.9
      vertex 23.3868 2.3034 10.9
    endloop
  endfacet
  facet normal 0 0 1
    outer loop
      vertex 12.2509 8.8022 10.9
      vertex 10.717 4.43913 10.9
      vertex 11.1005 3.3673 10.9
    endloop
  endfacet
  facet normal 0 0 1
    outer loop
      vertex 10.2303 5.4682 10.9
      vertex 11.1322 8.10655 10.9
      vertex 10.5271 7.84425 10.9
    endloop
  endfacet
  facet normal 0 0 1
    outer loop
      vertex 11.7086 8.4269 10.9
      vertex 10.2303 5.4682 10.9
      vertex 10.717 4.43913 10.9
    endloop
  endfacet
  facet normal 0 0 1
    outer loop
      vertex 9.64505 6.44461 10.9
      vertex 10.5271 7.84425 10.9
      vertex 9.89926 7.64251 10.9
    endloop
  endfacet
  facet normal 0 0 1
    outer loop
      vertex 10.5271 7.84425 10.9
      vertex 9.64505 6.44461 10.9
      vertex 10.2303 5.4682 10.9
    endloop
  endfacet
  facet normal -0 0 1
    outer loop
      vertex 9.25466 7.50329 10.9
      vertex 9.64505 6.44461 10.9
      vertex 9.89926 7.64251 10.9
    endloop
  endfacet
  facet normal 0 0 1
    outer loop
      vertex 9.25466 7.50329 10.9
      vertex 8.96692 7.35896 10.9
      vertex 9.64505 6.44461 10.9
    endloop
  endfacet
  facet normal 0 -0 1
    outer loop
      vertex 8.96692 7.35896 10.9
      vertex 9.25466 7.50329 10.9
      vertex 8.87563 7.45969 10.9
    endloop
  endfacet
  facet normal 0 0 1
    outer loop
      vertex 13.9797 10.7735 10.9
      vertex 20.7251 11.0778 10.9
      vertex 14.281 11.3601 10.9
    endloop
  endfacet
  facet normal -0 0 1
    outer loop
      vertex 14.281 11.3601 10.9
      vertex 20.7251 11.0778 10.9
      vertex 14.5234 11.9735 10.9
    endloop
  endfacet
  facet normal 0 0 1
    outer loop
      vertex 20.7251 11.0778 10.9
      vertex 13.9797 10.7735 10.9
      vertex 21.7112 8.99306 10.9
    endloop
  endfacet
  facet normal 0 0 1
    outer loop
      vertex 19.5395 13.0559 10.9
      vertex 14.5234 11.9735 10.9
      vertex 20.7251 11.0778 10.9
    endloop
  endfacet
  facet normal 0 0 1
    outer loop
      vertex 23.5 0 10.9
      vertex 14.8764 -13.9137 10.9
      vertex 23.3868 -2.3034 10.9
    endloop
  endfacet
  facet normal 0 0 1
    outer loop
      vertex 14.5234 11.9735 10.9
      vertex 19.5395 13.0559 10.9
      vertex 14.7045 12.6076 10.9
    endloop
  endfacet
  facet normal 0 0 1
    outer loop
      vertex 23.3868 -2.3034 10.9
      vertex 14.8764 -13.9137 10.9
      vertex 23.0485 -4.58462 10.9
    endloop
  endfacet
  facet normal 0 0 1
    outer loop
      vertex 14.7045 12.6076 10.9
      vertex 19.5395 13.0559 10.9
      vertex 14.8225 13.2564 10.9
    endloop
  endfacet
  facet normal 0 0 1
    outer loop
      vertex 23.0485 -4.58462 10.9
      vertex 14.8764 -13.9137 10.9
      vertex 22.4881 -6.82169 10.9
    endloop
  endfacet
  facet normal 0 0 1
    outer loop
      vertex 18.1657 14.9082 10.9
      vertex 14.8225 13.2564 10.9
      vertex 19.5395 13.0559 10.9
    endloop
  endfacet
  facet normal 0 0 1
    outer loop
      vertex 22.4881 -6.82169 10.9
      vertex 14.8764 -13.9137 10.9
      vertex 21.7112 -8.99306 10.9
    endloop
  endfacet
  facet normal 0 0 1
    outer loop
      vertex 14.8225 13.2564 10.9
      vertex 18.1657 14.9082 10.9
      vertex 14.8764 13.9137 10.9
    endloop
  endfacet
  facet normal 0 0 1
    outer loop
      vertex 21.7112 -8.99306 10.9
      vertex 14.8764 -13.9137 10.9
      vertex 20.7251 -11.0778 10.9
    endloop
  endfacet
  facet normal 0 0 1
    outer loop
      vertex 14.8656 14.573 10.9
      vertex 18.1657 14.9082 10.9
      vertex 16.617 16.617 10.9
    endloop
  endfacet
  facet normal 0 0 1
    outer loop
      vertex 20.7251 -11.0778 10.9
      vertex 14.8764 -13.9137 10.9
      vertex 19.5395 -13.0559 10.9
    endloop
  endfacet
  facet normal 0 0 1
    outer loop
      vertex 14.4493 16.5007 10.9
      vertex 16.617 16.617 10.9
      vertex 14.9082 18.1657 10.9
    endloop
  endfacet
  facet normal 0 0 1
    outer loop
      vertex 19.5395 -13.0559 10.9
      vertex 14.8764 -13.9137 10.9
      vertex 18.1657 -14.9082 10.9
    endloop
  endfacet
  facet normal -0 0 1
    outer loop
      vertex 14.8656 -14.573 10.9
      vertex 18.1657 -14.9082 10.9
      vertex 14.8764 -13.9137 10.9
    endloop
  endfacet
  facet normal 0 0 1
    outer loop
      vertex 18.1657 14.9082 10.9
      vertex 14.8656 14.573 10.9
      vertex 14.8764 13.9137 10.9
    endloop
  endfacet
  facet normal 0 0 1
    outer loop
      vertex 16.617 16.617 10.9
      vertex 14.7902 15.2282 10.9
      vertex 14.8656 14.573 10.9
    endloop
  endfacet
  facet normal 0 0 1
    outer loop
      vertex 16.617 16.617 10.9
      vertex 14.651 15.8728 10.9
      vertex 14.7902 15.2282 10.9
    endloop
  endfacet
  facet normal 0 0 1
    outer loop
      vertex 16.617 16.617 10.9
      vertex 14.4493 16.5007 10.9
      vertex 14.651 15.8728 10.9
    endloop
  endfacet
  facet normal 0 0 1
    outer loop
      vertex 14.9082 18.1657 10.9
      vertex 14.187 17.1057 10.9
      vertex 14.4493 16.5007 10.9
    endloop
  endfacet
  facet normal 0 0 1
    outer loop
      vertex 14.9082 18.1657 10.9
      vertex 13.8666 17.6821 10.9
      vertex 14.187 17.1057 10.9
    endloop
  endfacet
  facet normal 0 0 1
    outer loop
      vertex 14.9082 18.1657 10.9
      vertex 13.4913 18.2244 10.9
      vertex 13.8666 17.6821 10.9
    endloop
  endfacet
  facet normal 0 0 1
    outer loop
      vertex 13.0559 19.5395 10.9
      vertex 13.4913 18.2244 10.9
      vertex 14.9082 18.1657 10.9
    endloop
  endfacet
  facet normal 0 0 1
    outer loop
      vertex 13.4913 18.2244 10.9
      vertex 13.0559 19.5395 10.9
      vertex 13.0647 18.7273 10.9
    endloop
  endfacet
  facet normal 0 0 1
    outer loop
      vertex 13.0559 19.5395 10.9
      vertex 12.5908 19.1859 10.9
      vertex 13.0647 18.7273 10.9
    endloop
  endfacet
  facet normal 0 0 1
    outer loop
      vertex 13.0559 19.5395 10.9
      vertex 12.0742 19.5959 10.9
      vertex 12.5908 19.1859 10.9
    endloop
  endfacet
  facet normal 0 0 1
    outer loop
      vertex 13.0559 19.5395 10.9
      vertex 11.52 19.9532 10.9
      vertex 12.0742 19.5959 10.9
    endloop
  endfacet
  facet normal 0 0 1
    outer loop
      vertex 11.0778 20.7251 10.9
      vertex 11.52 19.9532 10.9
      vertex 13.0559 19.5395 10.9
    endloop
  endfacet
  facet normal 0 0 1
    outer loop
      vertex 11.0778 20.7251 10.9
      vertex 10.9334 20.2545 10.9
      vertex 11.52 19.9532 10.9
    endloop
  endfacet
  facet normal 0 0 1
    outer loop
      vertex 11.0778 20.7251 10.9
      vertex 10.3201 20.4969 10.9
      vertex 10.9334 20.2545 10.9
    endloop
  endfacet
  facet normal 0 0 1
    outer loop
      vertex 11.0778 20.7251 10.9
      vertex 9.68595 20.678 10.9
      vertex 10.3201 20.4969 10.9
    endloop
  endfacet
  facet normal 0 0 1
    outer loop
      vertex 8.99306 21.7112 10.9
      vertex 9.68595 20.678 10.9
      vertex 11.0778 20.7251 10.9
    endloop
  endfacet
  facet normal 0 0 1
    outer loop
      vertex 9.68595 20.678 10.9
      vertex 8.99306 21.7112 10.9
      vertex 9.03714 20.796 10.9
    endloop
  endfacet
  facet normal 0 0 1
    outer loop
      vertex 8.99306 21.7112 10.9
      vertex 8.37987 20.8499 10.9
      vertex 9.03714 20.796 10.9
    endloop
  endfacet
  facet normal 0 0 1
    outer loop
      vertex 8.99306 21.7112 10.9
      vertex 7.72049 20.8391 10.9
      vertex 8.37987 20.8499 10.9
    endloop
  endfacet
  facet normal 0 0 1
    outer loop
      vertex 6.82169 22.4881 10.9
      vertex 7.72049 20.8391 10.9
      vertex 8.99306 21.7112 10.9
    endloop
  endfacet
  facet normal 0 0 1
    outer loop
      vertex 7.72049 20.8391 10.9
      vertex 6.82169 22.4881 10.9
      vertex 7.06534 20.7638 10.9
    endloop
  endfacet
  facet normal 0 0 1
    outer loop
      vertex 6.82169 22.4881 10.9
      vertex 6.42074 20.6246 10.9
      vertex 7.06534 20.7638 10.9
    endloop
  endfacet
  facet normal 0 0 1
    outer loop
      vertex 6.82169 22.4881 10.9
      vertex 5.79288 20.4228 10.9
      vertex 6.42074 20.6246 10.9
    endloop
  endfacet
  facet normal 0 0 1
    outer loop
      vertex 4.58462 23.0485 10.9
      vertex 5.79288 20.4228 10.9
      vertex 6.82169 22.4881 10.9
    endloop
  endfacet
  facet normal 0 0 1
    outer loop
      vertex 5.79288 20.4228 10.9
      vertex 4.58462 23.0485 10.9
      vertex 5.18782 20.1605 10.9
    endloop
  endfacet
  facet normal 0 0 1
    outer loop
      vertex 5.18782 20.1605 10.9
      vertex 4.58462 23.0485 10.9
      vertex 4.61138 19.8402 10.9
    endloop
  endfacet
  facet normal 0 0 1
    outer loop
      vertex 2.3034 23.3868 10.9
      vertex 4.61138 19.8402 10.9
      vertex 4.58462 23.0485 10.9
    endloop
  endfacet
  facet normal 0 0 1
    outer loop
      vertex 4.61138 19.8402 10.9
      vertex 2.3034 23.3868 10.9
      vertex 4.06912 19.4649 10.9
    endloop
  endfacet
  facet normal 0 0 1
    outer loop
      vertex 4.06912 19.4649 10.9
      vertex 2.3034 23.3868 10.9
      vertex 3.56626 19.0382 10.9
    endloop
  endfacet
  facet normal 0 0 1
    outer loop
      vertex 3.56626 19.0382 10.9
      vertex 2.3034 23.3868 10.9
      vertex 3.10764 18.5643 10.9
    endloop
  endfacet
  facet normal 0 0 1
    outer loop
      vertex 0 23.5 10.9
      vertex 3.10764 18.5643 10.9
      vertex 2.3034 23.3868 10.9
    endloop
  endfacet
  facet normal 0 0 1
    outer loop
      vertex 3.10764 18.5643 10.9
      vertex 0 23.5 10.9
      vertex 2.69767 18.0478 10.9
    endloop
  endfacet
  facet normal 0 0 1
    outer loop
      vertex 2.69767 18.0478 10.9
      vertex 0 23.5 10.9
      vertex 2.34031 17.4935 10.9
    endloop
  endfacet
  facet normal -0 0 1
    outer loop
      vertex -2.3034 23.3868 10.9
      vertex 2.34031 17.4935 10.9
      vertex 0 23.5 10.9
    endloop
  endfacet
  facet normal 0 0 1
    outer loop
      vertex 2.34031 17.4935 10.9
      vertex -2.3034 23.3868 10.9
      vertex 2.03899 16.9069 10.9
    endloop
  endfacet
  facet normal 0 0 1
    outer loop
      vertex 2.03899 16.9069 10.9
      vertex -2.3034 23.3868 10.9
      vertex 1.79663 16.2936 10.9
    endloop
  endfacet
  facet normal 0 0 1
    outer loop
      vertex -1.137 11.5441 10.9
      vertex 1.4436 14.3534 10.9
      vertex 1.49749 15.0107 10.9
    endloop
  endfacet
  facet normal -0 0 1
    outer loop
      vertex -4.58462 23.0485 10.9
      vertex 1.79663 16.2936 10.9
      vertex -2.3034 23.3868 10.9
    endloop
  endfacet
  facet normal 0 0 1
    outer loop
      vertex 1.79663 16.2936 10.9
      vertex -4.58462 23.0485 10.9
      vertex 1.61555 15.6595 10.9
    endloop
  endfacet
  facet normal 0 0 1
    outer loop
      vertex 1.4436 14.3534 10.9
      vertex 0 11.6 10.9
      vertex 1.137 11.5441 10.9
    endloop
  endfacet
  facet normal 0 0 1
    outer loop
      vertex 1.4436 14.3534 10.9
      vertex -1.137 11.5441 10.9
      vertex 0 11.6 10.9
    endloop
  endfacet
  facet normal 0 -0 1
    outer loop
      vertex -2.26305 11.3771 10.9
      vertex 1.61555 15.6595 10.9
      vertex -4.58462 23.0485 10.9
    endloop
  endfacet
  facet normal 0 0 1
    outer loop
      vertex 1.49749 15.0107 10.9
      vertex -2.26305 11.3771 10.9
      vertex -1.137 11.5441 10.9
    endloop
  endfacet
  facet normal 0 0 1
    outer loop
      vertex 1.61555 15.6595 10.9
      vertex -2.26305 11.3771 10.9
      vertex 1.49749 15.0107 10.9
    endloop
  endfacet
  facet normal 0 0 1
    outer loop
      vertex -2.26305 11.3771 10.9
      vertex -4.58462 23.0485 10.9
      vertex -3.3673 11.1005 10.9
    endloop
  endfacet
  facet normal -0 0 1
    outer loop
      vertex -6.82169 22.4881 10.9
      vertex -3.3673 11.1005 10.9
      vertex -4.58462 23.0485 10.9
    endloop
  endfacet
  facet normal 0 0 1
    outer loop
      vertex -3.3673 11.1005 10.9
      vertex -6.82169 22.4881 10.9
      vertex -4.43913 10.717 10.9
    endloop
  endfacet
  facet normal -0 0 1
    outer loop
      vertex -8.99306 21.7112 10.9
      vertex -4.43913 10.717 10.9
      vertex -6.82169 22.4881 10.9
    endloop
  endfacet
  facet normal 0 0 1
    outer loop
      vertex -4.43913 10.717 10.9
      vertex -8.99306 21.7112 10.9
      vertex -5.4682 10.2303 10.9
    endloop
  endfacet
  facet normal -0 0 1
    outer loop
      vertex -11.0778 20.7251 10.9
      vertex -5.4682 10.2303 10.9
      vertex -8.99306 21.7112 10.9
    endloop
  endfacet
  facet normal 0 0 1
    outer loop
      vertex -5.4682 10.2303 10.9
      vertex -11.0778 20.7251 10.9
      vertex -6.44461 9.64505 10.9
    endloop
  endfacet
  facet normal -0 0 1
    outer loop
      vertex -13.0559 19.5395 10.9
      vertex -6.44461 9.64505 10.9
      vertex -11.0778 20.7251 10.9
    endloop
  endfacet
  facet normal 0 0 1
    outer loop
      vertex -6.44461 9.64505 10.9
      vertex -13.0559 19.5395 10.9
      vertex -7.35896 8.96692 10.9
    endloop
  endfacet
  facet normal -0 0 1
    outer loop
      vertex -14.9082 18.1657 10.9
      vertex -7.35896 8.96692 10.9
      vertex -13.0559 19.5395 10.9
    endloop
  endfacet
  facet normal 0 0 1
    outer loop
      vertex -7.35896 8.96692 10.9
      vertex -14.9082 18.1657 10.9
      vertex -8.20244 8.20244 10.9
    endloop
  endfacet
  facet normal -0 0 1
    outer loop
      vertex -16.617 16.617 10.9
      vertex -8.20244 8.20244 10.9
      vertex -14.9082 18.1657 10.9
    endloop
  endfacet
  facet normal 0 -0 1
    outer loop
      vertex -14.3693 6.43064 10.9
      vertex -8.20244 8.20244 10.9
      vertex -16.617 16.617 10.9
    endloop
  endfacet
  facet normal 0 -0 1
    outer loop
      vertex -11.5682 4.75176 10.9
      vertex -10.2303 5.4682 10.9
      vertex -12.0569 5.19463 10.9
    endloop
  endfacet
  facet normal 0 0 1
    outer loop
      vertex -10.717 4.43913 10.9
      vertex -11.1254 4.26312 10.9
      vertex -10.8924 3.94897 10.9
    endloop
  endfacet
  facet normal 0 0 1
    outer loop
      vertex -10.717 4.43913 10.9
      vertex -11.5682 4.75176 10.9
      vertex -11.1254 4.26312 10.9
    endloop
  endfacet
  facet normal 0 0 1
    outer loop
      vertex -10.2303 5.4682 10.9
      vertex -11.5682 4.75176 10.9
      vertex -10.717 4.43913 10.9
    endloop
  endfacet
  facet normal 0 0 1
    outer loop
      vertex -10.2303 5.4682 10.9
      vertex -12.5866 5.58748 10.9
      vertex -12.0569 5.19463 10.9
    endloop
  endfacet
  facet normal 0 0 1
    outer loop
      vertex -8.20244 8.20244 10.9
      vertex -14.3693 6.43064 10.9
      vertex -8.96692 7.35896 10.9
    endloop
  endfacet
  facet normal 0 0 1
    outer loop
      vertex -9.64505 6.44461 10.9
      vertex -12.5866 5.58748 10.9
      vertex -10.2303 5.4682 10.9
    endloop
  endfacet
  facet normal 0 0 1
    outer loop
      vertex -8.96692 7.35896 10.9
      vertex -13.1522 5.92651 10.9
      vertex -9.64505 6.44461 10.9
    endloop
  endfacet
  facet normal 0 -0 1
    outer loop
      vertex -12.5866 5.58748 10.9
      vertex -9.64505 6.44461 10.9
      vertex -13.1522 5.92651 10.9
    endloop
  endfacet
  facet normal 0 -0 1
    outer loop
      vertex -13.7484 6.20847 10.9
      vertex -8.96692 7.35896 10.9
      vertex -14.3693 6.43064 10.9
    endloop
  endfacet
  facet normal 0 -0 1
    outer loop
      vertex -13.1522 5.92651 10.9
      vertex -8.96692 7.35896 10.9
      vertex -13.7484 6.20847 10.9
    endloop
  endfacet
  facet normal 0 0 1
    outer loop
      vertex -14.3693 6.43064 10.9
      vertex -16.617 16.617 10.9
      vertex -15.009 6.59088 10.9
    endloop
  endfacet
  facet normal -0 0 1
    outer loop
      vertex -18.1657 14.9082 10.9
      vertex -15.009 6.59088 10.9
      vertex -16.617 16.617 10.9
    endloop
  endfacet
  facet normal 0 0 1
    outer loop
      vertex -15.009 6.59088 10.9
      vertex -18.1657 14.9082 10.9
      vertex -15.6613 6.68764 10.9
    endloop
  endfacet
  facet normal -0 0 1
    outer loop
      vertex -19.5395 13.0559 10.9
      vertex -15.6613 6.68764 10.9
      vertex -18.1657 14.9082 10.9
    endloop
  endfacet
  facet normal 0 0 1
    outer loop
      vertex -15.6613 6.68764 10.9
      vertex -19.5395 13.0559 10.9
      vertex -16.32 6.72 10.9
    endloop
  endfacet
  facet normal 0 0 1
    outer loop
      vertex -16.32 6.72 10.9
      vertex -19.5395 13.0559 10.9
      vertex -16.9787 6.68764 10.9
    endloop
  endfacet
  facet normal -0 0 1
    outer loop
      vertex -20.7251 11.0778 10.9
      vertex -16.9787 6.68764 10.9
      vertex -19.5395 13.0559 10.9
    endloop
  endfacet
  facet normal 0 0 1
    outer loop
      vertex -16.9787 6.68764 10.9
      vertex -20.7251 11.0778 10.9
      vertex -17.631 6.59088 10.9
    endloop
  endfacet
  facet normal 0 0 1
    outer loop
      vertex -17.631 6.59088 10.9
      vertex -20.7251 11.0778 10.9
      vertex -18.2707 6.43064 10.9
    endloop
  endfacet
  facet normal -0 0 1
    outer loop
      vertex -21.7112 8.99306 10.9
      vertex -18.2707 6.43064 10.9
      vertex -20.7251 11.0778 10.9
    endloop
  endfacet
  facet normal 0 0 1
    outer loop
      vertex -18.2707 6.43064 10.9
      vertex -21.7112 8.99306 10.9
      vertex -18.8916 6.20847 10.9
    endloop
  endfacet
  facet normal 0 0 1
    outer loop
      vertex -18.8916 6.20847 10.9
      vertex -21.7112 8.99306 10.9
      vertex -19.4878 5.92651 10.9
    endloop
  endfacet
  facet normal -0 0 1
    outer loop
      vertex -22.4881 6.82169 10.9
      vertex -19.4878 5.92651 10.9
      vertex -21.7112 8.99306 10.9
    endloop
  endfacet
  facet normal 0 0 1
    outer loop
      vertex -19.4878 5.92651 10.9
      vertex -22.4881 6.82169 10.9
      vertex -20.0534 5.58748 10.9
    endloop
  endfacet
  facet normal 0 0 1
    outer loop
      vertex -20.0534 5.58748 10.9
      vertex -22.4881 6.82169 10.9
      vertex -20.5831 5.19463 10.9
    endloop
  endfacet
  facet normal 0 0 1
    outer loop
      vertex -20.5831 5.19463 10.9
      vertex -22.4881 6.82169 10.9
      vertex -21.0718 4.75176 10.9
    endloop
  endfacet
  facet normal 0 0 1
    outer loop
      vertex -23.0485 4.58462 10.9
      vertex -21.0718 4.75176 10.9
      vertex -22.4881 6.82169 10.9
    endloop
  endfacet
  facet normal 0 0 1
    outer loop
      vertex -21.0718 4.75176 10.9
      vertex -23.0485 4.58462 10.9
      vertex -21.5146 4.26312 10.9
    endloop
  endfacet
  facet normal 0 0 1
    outer loop
      vertex -21.5146 4.26312 10.9
      vertex -23.0485 4.58462 10.9
      vertex -21.9075 3.73343 10.9
    endloop
  endfacet
  facet normal 0 0 1
    outer loop
      vertex -21.9075 3.73343 10.9
      vertex -23.0485 4.58462 10.9
      vertex -22.2465 3.16779 10.9
    endloop
  endfacet
  facet normal 0 0 1
    outer loop
      vertex -23.3868 2.3034 10.9
      vertex -22.2465 3.16779 10.9
      vertex -23.0485 4.58462 10.9
    endloop
  endfacet
  facet normal 0 0 1
    outer loop
      vertex -22.2465 3.16779 10.9
      vertex -23.3868 2.3034 10.9
      vertex -22.5285 2.57163 10.9
    endloop
  endfacet
  facet normal 0 0 1
    outer loop
      vertex -22.5285 2.57163 10.9
      vertex -23.3868 2.3034 10.9
      vertex -22.7506 1.95071 10.9
    endloop
  endfacet
  facet normal 0 0 1
    outer loop
      vertex -22.9109 1.31101 10.9
      vertex -23.3868 2.3034 10.9
      vertex -23.0076 0.658674 10.9
    endloop
  endfacet
  facet normal 0 0 1
    outer loop
      vertex -22.7506 1.95071 10.9
      vertex -23.3868 2.3034 10.9
      vertex -22.9109 1.31101 10.9
    endloop
  endfacet
  facet normal 0 0 1
    outer loop
      vertex 18.1657 -14.9082 10.9
      vertex 14.8656 -14.573 10.9
      vertex 16.617 -16.617 10.9
    endloop
  endfacet
  facet normal -0 0 1
    outer loop
      vertex 14.7902 -15.2282 10.9
      vertex 16.617 -16.617 10.9
      vertex 14.8656 -14.573 10.9
    endloop
  endfacet
  facet normal -0 0 1
    outer loop
      vertex 14.651 -15.8728 10.9
      vertex 16.617 -16.617 10.9
      vertex 14.7902 -15.2282 10.9
    endloop
  endfacet
  facet normal -0 0 1
    outer loop
      vertex 14.4493 -16.5007 10.9
      vertex 16.617 -16.617 10.9
      vertex 14.651 -15.8728 10.9
    endloop
  endfacet
  facet normal 0 0 1
    outer loop
      vertex 16.617 -16.617 10.9
      vertex 14.4493 -16.5007 10.9
      vertex 14.9082 -18.1657 10.9
    endloop
  endfacet
  facet normal -0 0 1
    outer loop
      vertex 14.187 -17.1057 10.9
      vertex 14.9082 -18.1657 10.9
      vertex 14.4493 -16.5007 10.9
    endloop
  endfacet
  facet normal -0 0 1
    outer loop
      vertex 13.8666 -17.6821 10.9
      vertex 14.9082 -18.1657 10.9
      vertex 14.187 -17.1057 10.9
    endloop
  endfacet
  facet normal 0 0 1
    outer loop
      vertex 13.4913 -18.2244 10.9
      vertex 14.9082 -18.1657 10.9
      vertex 13.8666 -17.6821 10.9
    endloop
  endfacet
  facet normal 0 0 1
    outer loop
      vertex 13.0559 -19.5395 10.9
      vertex 13.4913 -18.2244 10.9
      vertex 13.0647 -18.7273 10.9
    endloop
  endfacet
  facet normal -0 0 1
    outer loop
      vertex 13.4913 -18.2244 10.9
      vertex 13.0559 -19.5395 10.9
      vertex 14.9082 -18.1657 10.9
    endloop
  endfacet
  facet normal -0 0 1
    outer loop
      vertex 12.5908 -19.1859 10.9
      vertex 13.0559 -19.5395 10.9
      vertex 13.0647 -18.7273 10.9
    endloop
  endfacet
  facet normal 0 0 1
    outer loop
      vertex 12.0742 -19.5959 10.9
      vertex 13.0559 -19.5395 10.9
      vertex 12.5908 -19.1859 10.9
    endloop
  endfacet
  facet normal 0 0 1
    outer loop
      vertex 11.52 -19.9532 10.9
      vertex 13.0559 -19.5395 10.9
      vertex 12.0742 -19.5959 10.9
    endloop
  endfacet
  facet normal -0 0 1
    outer loop
      vertex 11.52 -19.9532 10.9
      vertex 11.0778 -20.7251 10.9
      vertex 13.0559 -19.5395 10.9
    endloop
  endfacet
  facet normal -0 0 1
    outer loop
      vertex 10.9334 -20.2545 10.9
      vertex 11.0778 -20.7251 10.9
      vertex 11.52 -19.9532 10.9
    endloop
  endfacet
  facet normal -0 0 1
    outer loop
      vertex 10.3201 -20.4969 10.9
      vertex 11.0778 -20.7251 10.9
      vertex 10.9334 -20.2545 10.9
    endloop
  endfacet
  facet normal -0 0 1
    outer loop
      vertex 9.68595 -20.678 10.9
      vertex 11.0778 -20.7251 10.9
      vertex 10.3201 -20.4969 10.9
    endloop
  endfacet
  facet normal 0 0 1
    outer loop
      vertex 8.99306 -21.7112 10.9
      vertex 9.68595 -20.678 10.9
      vertex 9.03714 -20.796 10.9
    endloop
  endfacet
  facet normal 0 0 1
    outer loop
      vertex 9.68595 -20.678 10.9
      vertex 8.99306 -21.7112 10.9
      vertex 11.0778 -20.7251 10.9
    endloop
  endfacet
  facet normal -0 0 1
    outer loop
      vertex 8.37987 -20.8499 10.9
      vertex 8.99306 -21.7112 10.9
      vertex 9.03714 -20.796 10.9
    endloop
  endfacet
  facet normal 0 0 1
    outer loop
      vertex 7.72049 -20.8391 10.9
      vertex 8.99306 -21.7112 10.9
      vertex 8.37987 -20.8499 10.9
    endloop
  endfacet
  facet normal 0 0 1
    outer loop
      vertex 6.82169 -22.4881 10.9
      vertex 7.72049 -20.8391 10.9
      vertex 7.06534 -20.7638 10.9
    endloop
  endfacet
  facet normal 0 0 1
    outer loop
      vertex 7.72049 -20.8391 10.9
      vertex 6.82169 -22.4881 10.9
      vertex 8.99306 -21.7112 10.9
    endloop
  endfacet
  facet normal 0 0 1
    outer loop
      vertex 6.42074 -20.6246 10.9
      vertex 6.82169 -22.4881 10.9
      vertex 7.06534 -20.7638 10.9
    endloop
  endfacet
  facet normal 0 0 1
    outer loop
      vertex 5.79288 -20.4228 10.9
      vertex 6.82169 -22.4881 10.9
      vertex 6.42074 -20.6246 10.9
    endloop
  endfacet
  facet normal 0 0 1
    outer loop
      vertex 4.58462 -23.0485 10.9
      vertex 5.79288 -20.4228 10.9
      vertex 5.18782 -20.1605 10.9
    endloop
  endfacet
  facet normal 0 0 1
    outer loop
      vertex 4.58462 -23.0485 10.9
      vertex 5.18782 -20.1605 10.9
      vertex 4.61138 -19.8402 10.9
    endloop
  endfacet
  facet normal 0 0 1
    outer loop
      vertex 5.79288 -20.4228 10.9
      vertex 4.58462 -23.0485 10.9
      vertex 6.82169 -22.4881 10.9
    endloop
  endfacet
  facet normal 0 0 1
    outer loop
      vertex 2.3034 -23.3868 10.9
      vertex 4.61138 -19.8402 10.9
      vertex 4.06912 -19.4649 10.9
    endloop
  endfacet
  facet normal 0 0 1
    outer loop
      vertex 2.3034 -23.3868 10.9
      vertex 4.06912 -19.4649 10.9
      vertex 3.56626 -19.0382 10.9
    endloop
  endfacet
  facet normal 0 0 1
    outer loop
      vertex 2.3034 -23.3868 10.9
      vertex 3.56626 -19.0382 10.9
      vertex 3.10764 -18.5643 10.9
    endloop
  endfacet
  facet normal 0 0 1
    outer loop
      vertex 0 -23.5 10.9
      vertex 3.10764 -18.5643 10.9
      vertex 2.69767 -18.0478 10.9
    endloop
  endfacet
  facet normal 0 0 1
    outer loop
      vertex 0 -23.5 10.9
      vertex 2.69767 -18.0478 10.9
      vertex 2.34031 -17.4935 10.9
    endloop
  endfacet
  facet normal 0 0 1
    outer loop
      vertex 4.61138 -19.8402 10.9
      vertex 2.3034 -23.3868 10.9
      vertex 4.58462 -23.0485 10.9
    endloop
  endfacet
  facet normal 0 0 1
    outer loop
      vertex -2.3034 -23.3868 10.9
      vertex 2.34031 -17.4935 10.9
      vertex 2.03899 -16.9069 10.9
    endloop
  endfacet
  facet normal 0 0 1
    outer loop
      vertex -2.3034 -23.3868 10.9
      vertex 2.03899 -16.9069 10.9
      vertex 1.79663 -16.2936 10.9
    endloop
  endfacet
  facet normal 0 0 1
    outer loop
      vertex -4.58462 -23.0485 10.9
      vertex 1.79663 -16.2936 10.9
      vertex 1.61555 -15.6595 10.9
    endloop
  endfacet
  facet normal 0 0 1
    outer loop
      vertex -2.26305 -11.3771 10.9
      vertex 1.61555 -15.6595 10.9
      vertex 1.49749 -15.0107 10.9
    endloop
  endfacet
  facet normal 0 0 1
    outer loop
      vertex -1.137 -11.5441 10.9
      vertex 1.45439 -13.694 10.9
      vertex 0 -11.6 10.9
    endloop
  endfacet
  facet normal 0 0 1
    outer loop
      vertex 1.45439 -13.694 10.9
      vertex -1.137 -11.5441 10.9
      vertex 1.4436 -14.3534 10.9
    endloop
  endfacet
  facet normal 0 0 1
    outer loop
      vertex 1.4436 -14.3534 10.9
      vertex -1.137 -11.5441 10.9
      vertex 1.49749 -15.0107 10.9
    endloop
  endfacet
  facet normal 0 0 1
    outer loop
      vertex 3.10764 -18.5643 10.9
      vertex 0 -23.5 10.9
      vertex 2.3034 -23.3868 10.9
    endloop
  endfacet
  facet normal 0 0 1
    outer loop
      vertex -2.26305 -11.3771 10.9
      vertex 1.49749 -15.0107 10.9
      vertex -1.137 -11.5441 10.9
    endloop
  endfacet
  facet normal 0 0 1
    outer loop
      vertex 1.61555 -15.6595 10.9
      vertex -2.26305 -11.3771 10.9
      vertex -4.58462 -23.0485 10.9
    endloop
  endfacet
  facet normal 0 0 1
    outer loop
      vertex 2.34031 -17.4935 10.9
      vertex -2.3034 -23.3868 10.9
      vertex 0 -23.5 10.9
    endloop
  endfacet
  facet normal 0 0 1
    outer loop
      vertex -4.58462 -23.0485 10.9
      vertex -2.26305 -11.3771 10.9
      vertex -3.3673 -11.1005 10.9
    endloop
  endfacet
  facet normal 0 0 1
    outer loop
      vertex -6.82169 -22.4881 10.9
      vertex -3.3673 -11.1005 10.9
      vertex -4.43913 -10.717 10.9
    endloop
  endfacet
  facet normal 0 0 1
    outer loop
      vertex 1.79663 -16.2936 10.9
      vertex -4.58462 -23.0485 10.9
      vertex -2.3034 -23.3868 10.9
    endloop
  endfacet
  facet normal 0 0 1
    outer loop
      vertex -8.99306 -21.7112 10.9
      vertex -4.43913 -10.717 10.9
      vertex -5.4682 -10.2303 10.9
    endloop
  endfacet
  facet normal 0 0 1
    outer loop
      vertex -11.0778 -20.7251 10.9
      vertex -5.4682 -10.2303 10.9
      vertex -6.44461 -9.64505 10.9
    endloop
  endfacet
  facet normal 0 0 1
    outer loop
      vertex -3.3673 -11.1005 10.9
      vertex -6.82169 -22.4881 10.9
      vertex -4.58462 -23.0485 10.9
    endloop
  endfacet
  facet normal 0 0 1
    outer loop
      vertex -13.0559 -19.5395 10.9
      vertex -6.44461 -9.64505 10.9
      vertex -7.35896 -8.96692 10.9
    endloop
  endfacet
  facet normal 0 0 1
    outer loop
      vertex -14.9082 -18.1657 10.9
      vertex -7.35896 -8.96692 10.9
      vertex -8.20244 -8.20244 10.9
    endloop
  endfacet
  facet normal 0 0 1
    outer loop
      vertex -14.3693 -6.43064 10.9
      vertex -8.20244 -8.20244 10.9
      vertex -8.96692 -7.35896 10.9
    endloop
  endfacet
  facet normal 0 0 1
    outer loop
      vertex -4.43913 -10.717 10.9
      vertex -8.99306 -21.7112 10.9
      vertex -6.82169 -22.4881 10.9
    endloop
  endfacet
  facet normal 0 0 1
    outer loop
      vertex -13.1522 -5.92651 10.9
      vertex -8.96692 -7.35896 10.9
      vertex -9.64505 -6.44461 10.9
    endloop
  endfacet
  facet normal -0 0 1
    outer loop
      vertex -12.5866 -5.58748 10.9
      vertex -9.64505 -6.44461 10.9
      vertex -10.2303 -5.4682 10.9
    endloop
  endfacet
  facet normal -0 0 1
    outer loop
      vertex -11.5682 -4.75176 10.9
      vertex -10.2303 -5.4682 10.9
      vertex -10.717 -4.43913 10.9
    endloop
  endfacet
  facet normal -0 0 1
    outer loop
      vertex -11.1254 -4.26312 10.9
      vertex -10.717 -4.43913 10.9
      vertex -10.8924 -3.94897 10.9
    endloop
  endfacet
  facet normal 0 0 1
    outer loop
      vertex -11.5682 -4.75176 10.9
      vertex -10.717 -4.43913 10.9
      vertex -11.1254 -4.26312 10.9
    endloop
  endfacet
  facet normal 0 0 1
    outer loop
      vertex -10.2303 -5.4682 10.9
      vertex -11.5682 -4.75176 10.9
      vertex -12.0569 -5.19463 10.9
    endloop
  endfacet
  facet normal 0 0 1
    outer loop
      vertex -12.5866 -5.58748 10.9
      vertex -10.2303 -5.4682 10.9
      vertex -12.0569 -5.19463 10.9
    endloop
  endfacet
  facet normal 0 0 1
    outer loop
      vertex -5.4682 -10.2303 10.9
      vertex -11.0778 -20.7251 10.9
      vertex -8.99306 -21.7112 10.9
    endloop
  endfacet
  facet normal 0 0 1
    outer loop
      vertex -9.64505 -6.44461 10.9
      vertex -12.5866 -5.58748 10.9
      vertex -13.1522 -5.92651 10.9
    endloop
  endfacet
  facet normal 0 0 1
    outer loop
      vertex -6.44461 -9.64505 10.9
      vertex -13.0559 -19.5395 10.9
      vertex -11.0778 -20.7251 10.9
    endloop
  endfacet
  facet normal 0 0 1
    outer loop
      vertex -8.96692 -7.35896 10.9
      vertex -13.1522 -5.92651 10.9
      vertex -13.7484 -6.20847 10.9
    endloop
  endfacet
  facet normal 0 0 1
    outer loop
      vertex -8.96692 -7.35896 10.9
      vertex -13.7484 -6.20847 10.9
      vertex -14.3693 -6.43064 10.9
    endloop
  endfacet
  facet normal 0 0 1
    outer loop
      vertex -8.20244 -8.20244 10.9
      vertex -14.3693 -6.43064 10.9
      vertex -16.617 -16.617 10.9
    endloop
  endfacet
  facet normal 0 0 1
    outer loop
      vertex -7.35896 -8.96692 10.9
      vertex -14.9082 -18.1657 10.9
      vertex -13.0559 -19.5395 10.9
    endloop
  endfacet
  facet normal 0 0 1
    outer loop
      vertex -16.617 -16.617 10.9
      vertex -14.3693 -6.43064 10.9
      vertex -15.009 -6.59088 10.9
    endloop
  endfacet
  facet normal 0 0 1
    outer loop
      vertex -18.1657 -14.9082 10.9
      vertex -15.009 -6.59088 10.9
      vertex -15.6613 -6.68764 10.9
    endloop
  endfacet
  facet normal 0 0 1
    outer loop
      vertex -19.5395 -13.0559 10.9
      vertex -15.6613 -6.68764 10.9
      vertex -16.32 -6.72 10.9
    endloop
  endfacet
  facet normal 0 0 1
    outer loop
      vertex -8.20244 -8.20244 10.9
      vertex -16.617 -16.617 10.9
      vertex -14.9082 -18.1657 10.9
    endloop
  endfacet
  facet normal 0 0 1
    outer loop
      vertex -19.5395 -13.0559 10.9
      vertex -16.32 -6.72 10.9
      vertex -16.9787 -6.68764 10.9
    endloop
  endfacet
  facet normal 0 0 1
    outer loop
      vertex -20.7251 -11.0778 10.9
      vertex -16.9787 -6.68764 10.9
      vertex -17.631 -6.59088 10.9
    endloop
  endfacet
  facet normal 0 0 1
    outer loop
      vertex -15.009 -6.59088 10.9
      vertex -18.1657 -14.9082 10.9
      vertex -16.617 -16.617 10.9
    endloop
  endfacet
  facet normal 0 0 1
    outer loop
      vertex -20.7251 -11.0778 10.9
      vertex -17.631 -6.59088 10.9
      vertex -18.2707 -6.43064 10.9
    endloop
  endfacet
  facet normal 0 0 1
    outer loop
      vertex -21.7112 -8.99306 10.9
      vertex -18.2707 -6.43064 10.9
      vertex -18.8916 -6.20847 10.9
    endloop
  endfacet
  facet normal 0 0 1
    outer loop
      vertex -21.7112 -8.99306 10.9
      vertex -18.8916 -6.20847 10.9
      vertex -19.4878 -5.92651 10.9
    endloop
  endfacet
  facet normal 0 0 1
    outer loop
      vertex -15.6613 -6.68764 10.9
      vertex -19.5395 -13.0559 10.9
      vertex -18.1657 -14.9082 10.9
    endloop
  endfacet
  facet normal 0 0 1
    outer loop
      vertex -22.4881 -6.82169 10.9
      vertex -19.4878 -5.92651 10.9
      vertex -20.0534 -5.58748 10.9
    endloop
  endfacet
  facet normal 0 0 1
    outer loop
      vertex -22.4881 -6.82169 10.9
      vertex -20.0534 -5.58748 10.9
      vertex -20.5831 -5.19463 10.9
    endloop
  endfacet
  facet normal 0 0 1
    outer loop
      vertex -16.9787 -6.68764 10.9
      vertex -20.7251 -11.0778 10.9
      vertex -19.5395 -13.0559 10.9
    endloop
  endfacet
  facet normal 0 0 1
    outer loop
      vertex -22.4881 -6.82169 10.9
      vertex -20.5831 -5.19463 10.9
      vertex -21.0718 -4.75176 10.9
    endloop
  endfacet
  facet normal -0 0 1
    outer loop
      vertex -23.0485 -4.58462 10.9
      vertex -21.0718 -4.75176 10.9
      vertex -21.5146 -4.26312 10.9
    endloop
  endfacet
  facet normal 0 0 1
    outer loop
      vertex -18.2707 -6.43064 10.9
      vertex -21.7112 -8.99306 10.9
      vertex -20.7251 -11.0778 10.9
    endloop
  endfacet
  facet normal 0 0 1
    outer loop
      vertex -23.0485 -4.58462 10.9
      vertex -21.5146 -4.26312 10.9
      vertex -21.9075 -3.73343 10.9
    endloop
  endfacet
  facet normal 0 0 1
    outer loop
      vertex -23.0485 -4.58462 10.9
      vertex -21.9075 -3.73343 10.9
      vertex -22.2465 -3.16779 10.9
    endloop
  endfacet
  facet normal 0 0 1
    outer loop
      vertex -19.4878 -5.92651 10.9
      vertex -22.4881 -6.82169 10.9
      vertex -21.7112 -8.99306 10.9
    endloop
  endfacet
  facet normal 0 0 1
    outer loop
      vertex -23.3868 -2.3034 10.9
      vertex -22.2465 -3.16779 10.9
      vertex -22.5285 -2.57163 10.9
    endloop
  endfacet
  facet normal -0 0 1
    outer loop
      vertex -23.3868 -2.3034 10.9
      vertex -22.5285 -2.57163 10.9
      vertex -22.7506 -1.95071 10.9
    endloop
  endfacet
  facet normal 0 0 1
    outer loop
      vertex -23.3868 -2.3034 10.9
      vertex -22.7506 -1.95071 10.9
      vertex -22.9109 -1.31101 10.9
    endloop
  endfacet
  facet normal 0 0 1
    outer loop
      vertex -23.3868 -2.3034 10.9
      vertex -22.9109 -1.31101 10.9
      vertex -23.0076 -0.658674 10.9
    endloop
  endfacet
  facet normal 0 0 1
    outer loop
      vertex -21.0718 -4.75176 10.9
      vertex -23.0485 -4.58462 10.9
      vertex -22.4881 -6.82169 10.9
    endloop
  endfacet
  facet normal -0 0 1
    outer loop
      vertex -23.5 0 10.9
      vertex -23.0076 -0.658674 10.9
      vertex -23.04 0 10.9
    endloop
  endfacet
  facet normal 0 0 1
    outer loop
      vertex -23.5 0 10.9
      vertex -23.0076 0.658674 10.9
      vertex -23.3868 2.3034 10.9
    endloop
  endfacet
  facet normal 0 0 1
    outer loop
      vertex -23.0076 0.658674 10.9
      vertex -23.5 0 10.9
      vertex -23.04 0 10.9
    endloop
  endfacet
  facet normal 0 0 1
    outer loop
      vertex -22.2465 -3.16779 10.9
      vertex -23.3868 -2.3034 10.9
      vertex -23.0485 -4.58462 10.9
    endloop
  endfacet
  facet normal 0 0 1
    outer loop
      vertex -23.0076 -0.658674 10.9
      vertex -23.5 0 10.9
      vertex -23.3868 -2.3034 10.9
    endloop
  endfacet
  facet normal -0 0 1
    outer loop
      vertex 11.1005 -3.3673 10.9
      vertex 12.7537 -9.22885 10.9
      vertex 11.3771 -2.26305 10.9
    endloop
  endfacet
  facet normal 0 0 1
    outer loop
      vertex 12.7537 -9.22885 10.9
      vertex 11.1005 -3.3673 10.9
      vertex 12.2509 -8.8022 10.9
    endloop
  endfacet
  facet normal -0 0 1
    outer loop
      vertex 10.717 -4.43913 10.9
      vertex 12.2509 -8.8022 10.9
      vertex 11.1005 -3.3673 10.9
    endloop
  endfacet
  facet normal 0 0 1
    outer loop
      vertex 12.2509 -8.8022 10.9
      vertex 10.717 -4.43913 10.9
      vertex 11.7086 -8.4269 10.9
    endloop
  endfacet
  facet normal -0 0 1
    outer loop
      vertex 10.2303 -5.4682 10.9
      vertex 11.7086 -8.4269 10.9
      vertex 10.717 -4.43913 10.9
    endloop
  endfacet
  facet normal 0 0 1
    outer loop
      vertex 11.7086 -8.4269 10.9
      vertex 10.2303 -5.4682 10.9
      vertex 11.1322 -8.10655 10.9
    endloop
  endfacet
  facet normal 0 0 1
    outer loop
      vertex 11.1322 -8.10655 10.9
      vertex 10.2303 -5.4682 10.9
      vertex 10.5271 -7.84425 10.9
    endloop
  endfacet
  facet normal -0 0 1
    outer loop
      vertex 9.64505 -6.44461 10.9
      vertex 10.5271 -7.84425 10.9
      vertex 10.2303 -5.4682 10.9
    endloop
  endfacet
  facet normal 0 0 1
    outer loop
      vertex 10.5271 -7.84425 10.9
      vertex 9.64505 -6.44461 10.9
      vertex 9.89926 -7.64251 10.9
    endloop
  endfacet
  facet normal 0 0 1
    outer loop
      vertex 9.64505 -6.44461 10.9
      vertex 9.25466 -7.50329 10.9
      vertex 9.89926 -7.64251 10.9
    endloop
  endfacet
  facet normal -0 0 1
    outer loop
      vertex 8.96692 -7.35896 10.9
      vertex 9.25466 -7.50329 10.9
      vertex 9.64505 -6.44461 10.9
    endloop
  endfacet
  facet normal 0 0 1
    outer loop
      vertex 9.25466 -7.50329 10.9
      vertex 8.96692 -7.35896 10.9
      vertex 8.87563 -7.45969 10.9
    endloop
  endfacet
  facet normal 0 0 1
    outer loop
      vertex 1.87071 11.7664 10.9
      vertex 1.137 11.5441 10.9
      vertex 2.02412 11.4126 10.9
    endloop
  endfacet
  facet normal 0 0 1
    outer loop
      vertex 1.66898 12.3943 10.9
      vertex 1.137 11.5441 10.9
      vertex 1.87071 11.7664 10.9
    endloop
  endfacet
  facet normal 0 0 1
    outer loop
      vertex 1.52976 13.0389 10.9
      vertex 1.137 11.5441 10.9
      vertex 1.66898 12.3943 10.9
    endloop
  endfacet
  facet normal 0 0 1
    outer loop
      vertex 1.45439 13.694 10.9
      vertex 1.137 11.5441 10.9
      vertex 1.52976 13.0389 10.9
    endloop
  endfacet
  facet normal 0 0 1
    outer loop
      vertex 1.137 11.5441 10.9
      vertex 1.45439 13.694 10.9
      vertex 1.4436 14.3534 10.9
    endloop
  endfacet
  facet normal 0.989182 -0.146694 0
    outer loop
      vertex 23.0485 -4.58462 10.9
      vertex 23.3868 -2.3034 8.4
      vertex 23.3868 -2.3034 10.9
    endloop
  endfacet
  facet normal 0.989182 -0.146694 0
    outer loop
      vertex 23.3868 -2.3034 8.4
      vertex 23.0485 -4.58462 10.9
      vertex 23.0485 -4.58462 8.4
    endloop
  endfacet
  facet normal 0.146694 -0.989182 0
    outer loop
      vertex 2.3034 -23.3868 8.4
      vertex 4.58462 -23.0485 10.9
      vertex 2.3034 -23.3868 10.9
    endloop
  endfacet
  facet normal 0.146694 -0.989182 0
    outer loop
      vertex 4.58462 -23.0485 10.9
      vertex 2.3034 -23.3868 8.4
      vertex 4.58462 -23.0485 8.4
    endloop
  endfacet
  facet normal -0.740965 0.671543 0
    outer loop
      vertex -18.1657 14.9082 8.4
      vertex -16.617 16.617 10.9
      vertex -16.617 16.617 8.4
    endloop
  endfacet
  facet normal -0.740965 0.671543 0
    outer loop
      vertex -16.617 16.617 10.9
      vertex -18.1657 14.9082 8.4
      vertex -18.1657 14.9082 10.9
    endloop
  endfacet
  facet normal -0.595711 0.803199 0
    outer loop
      vertex -13.0559 19.5395 8.4
      vertex -14.9082 18.1657 10.9
      vertex -13.0559 19.5395 10.9
    endloop
  endfacet
  facet normal -0.595711 0.803199 0
    outer loop
      vertex -14.9082 18.1657 10.9
      vertex -13.0559 19.5395 8.4
      vertex -14.9082 18.1657 8.4
    endloop
  endfacet
  facet normal 0.998795 0.0490855 0
    outer loop
      vertex 23.5 0 10.9
      vertex 23.3868 2.3034 8.4
      vertex 23.3868 2.3034 10.9
    endloop
  endfacet
  facet normal 0.998795 0.0490855 0
    outer loop
      vertex 23.3868 2.3034 8.4
      vertex 23.5 0 10.9
      vertex 23.5 0 8.4
    endloop
  endfacet
  facet normal -0.336879 -0.941548 0
    outer loop
      vertex -8.99306 -21.7112 8.4
      vertex -6.82169 -22.4881 10.9
      vertex -8.99306 -21.7112 10.9
    endloop
  endfacet
  facet normal -0.336879 -0.941548 -0
    outer loop
      vertex -6.82169 -22.4881 10.9
      vertex -8.99306 -21.7112 8.4
      vertex -6.82169 -22.4881 8.4
    endloop
  endfacet
  facet normal -0.146694 0.989182 0
    outer loop
      vertex -2.3034 23.3868 8.4
      vertex -4.58462 23.0485 10.9
      vertex -2.3034 23.3868 10.9
    endloop
  endfacet
  facet normal -0.146694 0.989182 0
    outer loop
      vertex -4.58462 23.0485 10.9
      vertex -2.3034 23.3868 8.4
      vertex -4.58462 23.0485 8.4
    endloop
  endfacet
  facet normal -0.0490855 0.998795 0
    outer loop
      vertex 0 23.5 8.4
      vertex -2.3034 23.3868 10.9
      vertex 0 23.5 10.9
    endloop
  endfacet
  facet normal -0.0490855 0.998795 0
    outer loop
      vertex -2.3034 23.3868 10.9
      vertex 0 23.5 8.4
      vertex -2.3034 23.3868 8.4
    endloop
  endfacet
  facet normal -0.903974 -0.427587 0
    outer loop
      vertex -20.7251 -11.0778 8.4
      vertex -21.7112 -8.99306 10.9
      vertex -21.7112 -8.99306 8.4
    endloop
  endfacet
  facet normal -0.903974 -0.427587 0
    outer loop
      vertex -21.7112 -8.99306 10.9
      vertex -20.7251 -11.0778 8.4
      vertex -20.7251 -11.0778 10.9
    endloop
  endfacet
  facet normal 0.903974 0.427587 0
    outer loop
      vertex 21.7112 8.99306 10.9
      vertex 20.7251 11.0778 8.4
      vertex 20.7251 11.0778 10.9
    endloop
  endfacet
  facet normal 0.903974 0.427587 0
    outer loop
      vertex 20.7251 11.0778 8.4
      vertex 21.7112 8.99306 10.9
      vertex 21.7112 8.99306 8.4
    endloop
  endfacet
  facet normal 0.998795 -0.0490855 0
    outer loop
      vertex 23.3868 -2.3034 10.9
      vertex 23.5 0 8.4
      vertex 23.5 0 10.9
    endloop
  endfacet
  facet normal 0.998795 -0.0490855 0
    outer loop
      vertex 23.5 0 8.4
      vertex 23.3868 -2.3034 10.9
      vertex 23.3868 -2.3034 8.4
    endloop
  endfacet
  facet normal 0.857734 0.514094 0
    outer loop
      vertex 20.7251 11.0778 10.9
      vertex 19.5395 13.0559 8.4
      vertex 19.5395 13.0559 10.9
    endloop
  endfacet
  facet normal 0.857734 0.514094 0
    outer loop
      vertex 19.5395 13.0559 8.4
      vertex 20.7251 11.0778 10.9
      vertex 20.7251 11.0778 8.4
    endloop
  endfacet
  facet normal -0.970027 0.242998 0
    outer loop
      vertex -23.0485 4.58462 8.4
      vertex -22.4881 6.82169 10.9
      vertex -22.4881 6.82169 8.4
    endloop
  endfacet
  facet normal -0.970027 0.242998 0
    outer loop
      vertex -22.4881 6.82169 10.9
      vertex -23.0485 4.58462 8.4
      vertex -23.0485 4.58462 10.9
    endloop
  endfacet
  facet normal -0.427587 -0.903974 0
    outer loop
      vertex -11.0778 -20.7251 8.4
      vertex -8.99306 -21.7112 10.9
      vertex -11.0778 -20.7251 10.9
    endloop
  endfacet
  facet normal -0.427587 -0.903974 -0
    outer loop
      vertex -8.99306 -21.7112 10.9
      vertex -11.0778 -20.7251 8.4
      vertex -8.99306 -21.7112 8.4
    endloop
  endfacet
  facet normal 0.0490855 -0.998795 0
    outer loop
      vertex 0 -23.5 8.4
      vertex 2.3034 -23.3868 10.9
      vertex 0 -23.5 10.9
    endloop
  endfacet
  facet normal 0.0490855 -0.998795 0
    outer loop
      vertex 2.3034 -23.3868 10.9
      vertex 0 -23.5 8.4
      vertex 2.3034 -23.3868 8.4
    endloop
  endfacet
  facet normal -0.998795 -0.0490855 0
    outer loop
      vertex -23.3868 -2.3034 8.4
      vertex -23.5 0 10.9
      vertex -23.5 0 8.4
    endloop
  endfacet
  facet normal -0.998795 -0.0490855 0
    outer loop
      vertex -23.5 0 10.9
      vertex -23.3868 -2.3034 8.4
      vertex -23.3868 -2.3034 10.9
    endloop
  endfacet
  facet normal 0.242998 0.970027 -0
    outer loop
      vertex 6.82169 22.4881 8.4
      vertex 4.58462 23.0485 10.9
      vertex 6.82169 22.4881 10.9
    endloop
  endfacet
  facet normal 0.242998 0.970027 0
    outer loop
      vertex 4.58462 23.0485 10.9
      vertex 6.82169 22.4881 8.4
      vertex 4.58462 23.0485 8.4
    endloop
  endfacet
  facet normal 0.941548 0.336879 0
    outer loop
      vertex 22.4881 6.82169 10.9
      vertex 21.7112 8.99306 8.4
      vertex 21.7112 8.99306 10.9
    endloop
  endfacet
  facet normal 0.941548 0.336879 0
    outer loop
      vertex 21.7112 8.99306 8.4
      vertex 22.4881 6.82169 10.9
      vertex 22.4881 6.82169 8.4
    endloop
  endfacet
  facet normal 0.0490855 0.998795 -0
    outer loop
      vertex 2.3034 23.3868 8.4
      vertex 0 23.5 10.9
      vertex 2.3034 23.3868 10.9
    endloop
  endfacet
  facet normal 0.0490855 0.998795 0
    outer loop
      vertex 0 23.5 10.9
      vertex 2.3034 23.3868 8.4
      vertex 0 23.5 8.4
    endloop
  endfacet
  facet normal 0.242998 -0.970027 0
    outer loop
      vertex 4.58462 -23.0485 8.4
      vertex 6.82169 -22.4881 10.9
      vertex 4.58462 -23.0485 10.9
    endloop
  endfacet
  facet normal 0.242998 -0.970027 0
    outer loop
      vertex 6.82169 -22.4881 10.9
      vertex 4.58462 -23.0485 8.4
      vertex 6.82169 -22.4881 8.4
    endloop
  endfacet
  facet normal -0.427587 0.903974 0
    outer loop
      vertex -8.99306 21.7112 8.4
      vertex -11.0778 20.7251 10.9
      vertex -8.99306 21.7112 10.9
    endloop
  endfacet
  facet normal -0.427587 0.903974 0
    outer loop
      vertex -11.0778 20.7251 10.9
      vertex -8.99306 21.7112 8.4
      vertex -11.0778 20.7251 8.4
    endloop
  endfacet
  facet normal -0.514094 0.857734 0
    outer loop
      vertex -11.0778 20.7251 8.4
      vertex -13.0559 19.5395 10.9
      vertex -11.0778 20.7251 10.9
    endloop
  endfacet
  facet normal -0.514094 0.857734 0
    outer loop
      vertex -13.0559 19.5395 10.9
      vertex -11.0778 20.7251 8.4
      vertex -13.0559 19.5395 8.4
    endloop
  endfacet
  facet normal 0.595711 0.803199 -0
    outer loop
      vertex 14.9082 18.1657 8.4
      vertex 13.0559 19.5395 10.9
      vertex 14.9082 18.1657 10.9
    endloop
  endfacet
  facet normal 0.595711 0.803199 0
    outer loop
      vertex 13.0559 19.5395 10.9
      vertex 14.9082 18.1657 8.4
      vertex 13.0559 19.5395 8.4
    endloop
  endfacet
  facet normal -0.803199 0.595711 0
    outer loop
      vertex -19.5395 13.0559 8.4
      vertex -18.1657 14.9082 10.9
      vertex -18.1657 14.9082 8.4
    endloop
  endfacet
  facet normal -0.803199 0.595711 0
    outer loop
      vertex -18.1657 14.9082 10.9
      vertex -19.5395 13.0559 8.4
      vertex -19.5395 13.0559 10.9
    endloop
  endfacet
  facet normal -0.989182 0.146694 0
    outer loop
      vertex -23.3868 2.3034 8.4
      vertex -23.0485 4.58462 10.9
      vertex -23.0485 4.58462 8.4
    endloop
  endfacet
  facet normal -0.989182 0.146694 0
    outer loop
      vertex -23.0485 4.58462 10.9
      vertex -23.3868 2.3034 8.4
      vertex -23.3868 2.3034 10.9
    endloop
  endfacet
  facet normal 0.427587 0.903974 -0
    outer loop
      vertex 11.0778 20.7251 8.4
      vertex 8.99306 21.7112 10.9
      vertex 11.0778 20.7251 10.9
    endloop
  endfacet
  facet normal 0.427587 0.903974 0
    outer loop
      vertex 8.99306 21.7112 10.9
      vertex 11.0778 20.7251 8.4
      vertex 8.99306 21.7112 8.4
    endloop
  endfacet
  facet normal 0.903974 -0.427587 0
    outer loop
      vertex 20.7251 -11.0778 10.9
      vertex 21.7112 -8.99306 8.4
      vertex 21.7112 -8.99306 10.9
    endloop
  endfacet
  facet normal 0.903974 -0.427587 0
    outer loop
      vertex 21.7112 -8.99306 8.4
      vertex 20.7251 -11.0778 10.9
      vertex 20.7251 -11.0778 8.4
    endloop
  endfacet
  facet normal 0.740965 0.671543 0
    outer loop
      vertex 18.1657 14.9082 10.9
      vertex 16.617 16.617 8.4
      vertex 16.617 16.617 10.9
    endloop
  endfacet
  facet normal 0.740965 0.671543 0
    outer loop
      vertex 16.617 16.617 8.4
      vertex 18.1657 14.9082 10.9
      vertex 18.1657 14.9082 8.4
    endloop
  endfacet
  facet normal 0.514094 0.857734 -0
    outer loop
      vertex 13.0559 19.5395 8.4
      vertex 11.0778 20.7251 10.9
      vertex 13.0559 19.5395 10.9
    endloop
  endfacet
  facet normal 0.514094 0.857734 0
    outer loop
      vertex 11.0778 20.7251 10.9
      vertex 13.0559 19.5395 8.4
      vertex 11.0778 20.7251 8.4
    endloop
  endfacet
  facet normal -0.803199 -0.595711 0
    outer loop
      vertex -18.1657 -14.9082 8.4
      vertex -19.5395 -13.0559 10.9
      vertex -19.5395 -13.0559 8.4
    endloop
  endfacet
  facet normal -0.803199 -0.595711 0
    outer loop
      vertex -19.5395 -13.0559 10.9
      vertex -18.1657 -14.9082 8.4
      vertex -18.1657 -14.9082 10.9
    endloop
  endfacet
  facet normal 0.941548 -0.336879 0
    outer loop
      vertex 21.7112 -8.99306 10.9
      vertex 22.4881 -6.82169 8.4
      vertex 22.4881 -6.82169 10.9
    endloop
  endfacet
  facet normal 0.941548 -0.336879 0
    outer loop
      vertex 22.4881 -6.82169 8.4
      vertex 21.7112 -8.99306 10.9
      vertex 21.7112 -8.99306 8.4
    endloop
  endfacet
  facet normal -0.740965 -0.671543 0
    outer loop
      vertex -16.617 -16.617 8.4
      vertex -18.1657 -14.9082 10.9
      vertex -18.1657 -14.9082 8.4
    endloop
  endfacet
  facet normal -0.740965 -0.671543 0
    outer loop
      vertex -18.1657 -14.9082 10.9
      vertex -16.617 -16.617 8.4
      vertex -16.617 -16.617 10.9
    endloop
  endfacet
  facet normal -0.998795 0.0490855 0
    outer loop
      vertex -23.5 0 8.4
      vertex -23.3868 2.3034 10.9
      vertex -23.3868 2.3034 8.4
    endloop
  endfacet
  facet normal -0.998795 0.0490855 0
    outer loop
      vertex -23.3868 2.3034 10.9
      vertex -23.5 0 8.4
      vertex -23.5 0 10.9
    endloop
  endfacet
  facet normal -0.242998 0.970027 0
    outer loop
      vertex -4.58462 23.0485 8.4
      vertex -6.82169 22.4881 10.9
      vertex -4.58462 23.0485 10.9
    endloop
  endfacet
  facet normal -0.242998 0.970027 0
    outer loop
      vertex -6.82169 22.4881 10.9
      vertex -4.58462 23.0485 8.4
      vertex -6.82169 22.4881 8.4
    endloop
  endfacet
  facet normal -0.970027 -0.242998 0
    outer loop
      vertex -22.4881 -6.82169 8.4
      vertex -23.0485 -4.58462 10.9
      vertex -23.0485 -4.58462 8.4
    endloop
  endfacet
  facet normal -0.970027 -0.242998 0
    outer loop
      vertex -23.0485 -4.58462 10.9
      vertex -22.4881 -6.82169 8.4
      vertex -22.4881 -6.82169 10.9
    endloop
  endfacet
  facet normal 0.146694 0.989182 -0
    outer loop
      vertex 4.58462 23.0485 8.4
      vertex 2.3034 23.3868 10.9
      vertex 4.58462 23.0485 10.9
    endloop
  endfacet
  facet normal 0.146694 0.989182 0
    outer loop
      vertex 2.3034 23.3868 10.9
      vertex 4.58462 23.0485 8.4
      vertex 2.3034 23.3868 8.4
    endloop
  endfacet
  facet normal -0.903974 0.427587 0
    outer loop
      vertex -21.7112 8.99306 8.4
      vertex -20.7251 11.0778 10.9
      vertex -20.7251 11.0778 8.4
    endloop
  endfacet
  facet normal -0.903974 0.427587 0
    outer loop
      vertex -20.7251 11.0778 10.9
      vertex -21.7112 8.99306 8.4
      vertex -21.7112 8.99306 10.9
    endloop
  endfacet
  facet normal 0.336879 -0.941548 0
    outer loop
      vertex 6.82169 -22.4881 8.4
      vertex 8.99306 -21.7112 10.9
      vertex 6.82169 -22.4881 10.9
    endloop
  endfacet
  facet normal 0.336879 -0.941548 0
    outer loop
      vertex 8.99306 -21.7112 10.9
      vertex 6.82169 -22.4881 8.4
      vertex 8.99306 -21.7112 8.4
    endloop
  endfacet
  facet normal 0.970027 -0.242998 0
    outer loop
      vertex 22.4881 -6.82169 10.9
      vertex 23.0485 -4.58462 8.4
      vertex 23.0485 -4.58462 10.9
    endloop
  endfacet
  facet normal 0.970027 -0.242998 0
    outer loop
      vertex 23.0485 -4.58462 8.4
      vertex 22.4881 -6.82169 10.9
      vertex 22.4881 -6.82169 8.4
    endloop
  endfacet
  facet normal -0.989182 -0.146694 0
    outer loop
      vertex -23.0485 -4.58462 8.4
      vertex -23.3868 -2.3034 10.9
      vertex -23.3868 -2.3034 8.4
    endloop
  endfacet
  facet normal -0.989182 -0.146694 0
    outer loop
      vertex -23.3868 -2.3034 10.9
      vertex -23.0485 -4.58462 8.4
      vertex -23.0485 -4.58462 10.9
    endloop
  endfacet
  facet normal 0.803199 0.595711 0
    outer loop
      vertex 19.5395 13.0559 10.9
      vertex 18.1657 14.9082 8.4
      vertex 18.1657 14.9082 10.9
    endloop
  endfacet
  facet normal 0.803199 0.595711 0
    outer loop
      vertex 18.1657 14.9082 8.4
      vertex 19.5395 13.0559 10.9
      vertex 19.5395 13.0559 8.4
    endloop
  endfacet
  facet normal 0.740965 -0.671543 0
    outer loop
      vertex 16.617 -16.617 10.9
      vertex 18.1657 -14.9082 8.4
      vertex 18.1657 -14.9082 10.9
    endloop
  endfacet
  facet normal 0.740965 -0.671543 0
    outer loop
      vertex 18.1657 -14.9082 8.4
      vertex 16.617 -16.617 10.9
      vertex 16.617 -16.617 8.4
    endloop
  endfacet
  facet normal 0.857734 -0.514094 0
    outer loop
      vertex 19.5395 -13.0559 10.9
      vertex 20.7251 -11.0778 8.4
      vertex 20.7251 -11.0778 10.9
    endloop
  endfacet
  facet normal 0.857734 -0.514094 0
    outer loop
      vertex 20.7251 -11.0778 8.4
      vertex 19.5395 -13.0559 10.9
      vertex 19.5395 -13.0559 8.4
    endloop
  endfacet
  facet normal -0.242998 -0.970027 0
    outer loop
      vertex -6.82169 -22.4881 8.4
      vertex -4.58462 -23.0485 10.9
      vertex -6.82169 -22.4881 10.9
    endloop
  endfacet
  facet normal -0.242998 -0.970027 -0
    outer loop
      vertex -4.58462 -23.0485 10.9
      vertex -6.82169 -22.4881 8.4
      vertex -4.58462 -23.0485 8.4
    endloop
  endfacet
  facet normal 0.427587 -0.903974 0
    outer loop
      vertex 8.99306 -21.7112 8.4
      vertex 11.0778 -20.7251 10.9
      vertex 8.99306 -21.7112 10.9
    endloop
  endfacet
  facet normal 0.427587 -0.903974 0
    outer loop
      vertex 11.0778 -20.7251 10.9
      vertex 8.99306 -21.7112 8.4
      vertex 11.0778 -20.7251 8.4
    endloop
  endfacet
  facet normal 0.336879 0.941548 -0
    outer loop
      vertex 8.99306 21.7112 8.4
      vertex 6.82169 22.4881 10.9
      vertex 8.99306 21.7112 10.9
    endloop
  endfacet
  facet normal 0.336879 0.941548 0
    outer loop
      vertex 6.82169 22.4881 10.9
      vertex 8.99306 21.7112 8.4
      vertex 6.82169 22.4881 8.4
    endloop
  endfacet
  facet normal -0.595711 -0.803199 0
    outer loop
      vertex -14.9082 -18.1657 8.4
      vertex -13.0559 -19.5395 10.9
      vertex -14.9082 -18.1657 10.9
    endloop
  endfacet
  facet normal -0.595711 -0.803199 -0
    outer loop
      vertex -13.0559 -19.5395 10.9
      vertex -14.9082 -18.1657 8.4
      vertex -13.0559 -19.5395 8.4
    endloop
  endfacet
  facet normal -0.857734 0.514094 0
    outer loop
      vertex -20.7251 11.0778 8.4
      vertex -19.5395 13.0559 10.9
      vertex -19.5395 13.0559 8.4
    endloop
  endfacet
  facet normal -0.857734 0.514094 0
    outer loop
      vertex -19.5395 13.0559 10.9
      vertex -20.7251 11.0778 8.4
      vertex -20.7251 11.0778 10.9
    endloop
  endfacet
  facet normal -0.941548 0.336879 0
    outer loop
      vertex -22.4881 6.82169 8.4
      vertex -21.7112 8.99306 10.9
      vertex -21.7112 8.99306 8.4
    endloop
  endfacet
  facet normal -0.941548 0.336879 0
    outer loop
      vertex -21.7112 8.99306 10.9
      vertex -22.4881 6.82169 8.4
      vertex -22.4881 6.82169 10.9
    endloop
  endfacet
  facet normal -0.514094 -0.857734 0
    outer loop
      vertex -13.0559 -19.5395 8.4
      vertex -11.0778 -20.7251 10.9
      vertex -13.0559 -19.5395 10.9
    endloop
  endfacet
  facet normal -0.514094 -0.857734 -0
    outer loop
      vertex -11.0778 -20.7251 10.9
      vertex -13.0559 -19.5395 8.4
      vertex -11.0778 -20.7251 8.4
    endloop
  endfacet
  facet normal 0.671543 -0.740965 0
    outer loop
      vertex 14.9082 -18.1657 8.4
      vertex 16.617 -16.617 10.9
      vertex 14.9082 -18.1657 10.9
    endloop
  endfacet
  facet normal 0.671543 -0.740965 0
    outer loop
      vertex 16.617 -16.617 10.9
      vertex 14.9082 -18.1657 8.4
      vertex 16.617 -16.617 8.4
    endloop
  endfacet
  facet normal 0 0 -1
    outer loop
      vertex 2.03869 10.2492 8.4
      vertex 2.45336 10.5849 8.4
      vertex 2.8214 10.0531 8.4
    endloop
  endfacet
  facet normal 0 0 -1
    outer loop
      vertex 2.03869 10.2492 8.4
      vertex 2.13301 11.1614 8.4
      vertex 2.45336 10.5849 8.4
    endloop
  endfacet
  facet normal 0 0 -1
    outer loop
      vertex 1.02428 10.3997 8.4
      vertex 2.13301 11.1614 8.4
      vertex 2.03869 10.2492 8.4
    endloop
  endfacet
  facet normal -0 0 -1
    outer loop
      vertex 2.13301 11.1614 8.4
      vertex 1.02428 10.3997 8.4
      vertex 1.87071 11.7664 8.4
    endloop
  endfacet
  facet normal 0 0 -1
    outer loop
      vertex 0 10.45 8.4
      vertex 1.87071 11.7664 8.4
      vertex 1.02428 10.3997 8.4
    endloop
  endfacet
  facet normal 0 0 -1
    outer loop
      vertex -1.02428 10.3997 8.4
      vertex 1.52976 13.0389 8.4
      vertex 0 10.45 8.4
    endloop
  endfacet
  facet normal -0 0 -1
    outer loop
      vertex 1.66898 12.3943 8.4
      vertex 0 10.45 8.4
      vertex 1.52976 13.0389 8.4
    endloop
  endfacet
  facet normal -0 0 -1
    outer loop
      vertex 1.87071 11.7664 8.4
      vertex 0 10.45 8.4
      vertex 1.66898 12.3943 8.4
    endloop
  endfacet
  facet normal 0 0 -1
    outer loop
      vertex 13.6223 -10.2193 8.4
      vertex 21.7112 -8.99306 8.4
      vertex 13.9797 -10.7735 8.4
    endloop
  endfacet
  facet normal 0 0 -1
    outer loop
      vertex 23.5 0 8.4
      vertex 14.8225 13.2564 8.4
      vertex 14.8764 13.9137 8.4
    endloop
  endfacet
  facet normal 0 0 -1
    outer loop
      vertex 13.2124 -9.70273 8.4
      vertex 21.7112 -8.99306 8.4
      vertex 13.6223 -10.2193 8.4
    endloop
  endfacet
  facet normal 0 0 -1
    outer loop
      vertex 23.5 0 8.4
      vertex 14.7045 12.6076 8.4
      vertex 14.8225 13.2564 8.4
    endloop
  endfacet
  facet normal -0 0 -1
    outer loop
      vertex 21.7112 -8.99306 8.4
      vertex 13.2124 -9.70273 8.4
      vertex 22.4881 -6.82169 8.4
    endloop
  endfacet
  facet normal 0 0 -1
    outer loop
      vertex 23.5 0 8.4
      vertex 14.5234 11.9735 8.4
      vertex 14.7045 12.6076 8.4
    endloop
  endfacet
  facet normal 0 0 -1
    outer loop
      vertex 12.7537 -9.22885 8.4
      vertex 22.4881 -6.82169 8.4
      vertex 13.2124 -9.70273 8.4
    endloop
  endfacet
  facet normal 0 0 -1
    outer loop
      vertex 23.5 0 8.4
      vertex 14.281 11.3601 8.4
      vertex 14.5234 11.9735 8.4
    endloop
  endfacet
  facet normal -0 0 -1
    outer loop
      vertex 22.4881 -6.82169 8.4
      vertex 12.7537 -9.22885 8.4
      vertex 23.0485 -4.58462 8.4
    endloop
  endfacet
  facet normal 0 0 -1
    outer loop
      vertex 23.5 0 8.4
      vertex 13.9797 10.7735 8.4
      vertex 14.281 11.3601 8.4
    endloop
  endfacet
  facet normal 0 0 -1
    outer loop
      vertex 12.2509 -8.8022 8.4
      vertex 23.0485 -4.58462 8.4
      vertex 12.7537 -9.22885 8.4
    endloop
  endfacet
  facet normal 0 0 -1
    outer loop
      vertex 23.5 0 8.4
      vertex 13.6223 10.2193 8.4
      vertex 13.9797 10.7735 8.4
    endloop
  endfacet
  facet normal 0 0 -1
    outer loop
      vertex 10.2492 -2.03869 8.4
      vertex 23.0485 -4.58462 8.4
      vertex 12.2509 -8.8022 8.4
    endloop
  endfacet
  facet normal 0 0 -1
    outer loop
      vertex 10.3997 1.02428 8.4
      vertex 23.5 0 8.4
      vertex 10.45 0 8.4
    endloop
  endfacet
  facet normal 0 -0 -1
    outer loop
      vertex 10.3997 -1.02428 8.4
      vertex 23.3868 -2.3034 8.4
      vertex 10.2492 -2.03869 8.4
    endloop
  endfacet
  facet normal 0 0 -1
    outer loop
      vertex 23.5 0 8.4
      vertex 13.2124 9.70273 8.4
      vertex 13.6223 10.2193 8.4
    endloop
  endfacet
  facet normal 0 0 -1
    outer loop
      vertex 23.0485 -4.58462 8.4
      vertex 10.2492 -2.03869 8.4
      vertex 23.3868 -2.3034 8.4
    endloop
  endfacet
  facet normal 0 0 -1
    outer loop
      vertex 10.2492 2.03869 8.4
      vertex 23.5 0 8.4
      vertex 10.3997 1.02428 8.4
    endloop
  endfacet
  facet normal 0 0 -1
    outer loop
      vertex 10 -3.03347 8.4
      vertex 12.2509 -8.8022 8.4
      vertex 11.7086 -8.4269 8.4
    endloop
  endfacet
  facet normal 0 0 -1
    outer loop
      vertex 23.5 0 8.4
      vertex 12.7537 9.22885 8.4
      vertex 13.2124 9.70273 8.4
    endloop
  endfacet
  facet normal 0 0 -1
    outer loop
      vertex 9.65454 -3.99904 8.4
      vertex 11.7086 -8.4269 8.4
      vertex 11.1322 -8.10655 8.4
    endloop
  endfacet
  facet normal 0 0 -1
    outer loop
      vertex 23.5 0 8.4
      vertex 10.2492 2.03869 8.4
      vertex 12.7537 9.22885 8.4
    endloop
  endfacet
  facet normal 0 0 -1
    outer loop
      vertex 9.65454 -3.99904 8.4
      vertex 11.1322 -8.10655 8.4
      vertex 10.5271 -7.84425 8.4
    endloop
  endfacet
  facet normal 0 0 -1
    outer loop
      vertex 12.7537 9.22885 8.4
      vertex 10.2492 2.03869 8.4
      vertex 12.2509 8.8022 8.4
    endloop
  endfacet
  facet normal 0 0 -1
    outer loop
      vertex 10 3.03347 8.4
      vertex 12.2509 8.8022 8.4
      vertex 10.2492 2.03869 8.4
    endloop
  endfacet
  facet normal -0 0 -1
    outer loop
      vertex 23.5 0 8.4
      vertex 10.3997 -1.02428 8.4
      vertex 10.45 0 8.4
    endloop
  endfacet
  facet normal 0 0 -1
    outer loop
      vertex 23.3868 -2.3034 8.4
      vertex 10.3997 -1.02428 8.4
      vertex 23.5 0 8.4
    endloop
  endfacet
  facet normal 0 0 -1
    outer loop
      vertex 12.2509 -8.8022 8.4
      vertex 10 -3.03347 8.4
      vertex 10.2492 -2.03869 8.4
    endloop
  endfacet
  facet normal 0 0 -1
    outer loop
      vertex 9.21608 -4.9261 8.4
      vertex 10.5271 -7.84425 8.4
      vertex 9.89926 -7.64251 8.4
    endloop
  endfacet
  facet normal 0 0 -1
    outer loop
      vertex 11.7086 -8.4269 8.4
      vertex 9.65454 -3.99904 8.4
      vertex 10 -3.03347 8.4
    endloop
  endfacet
  facet normal 0 0 -1
    outer loop
      vertex 8.68886 -5.80571 8.4
      vertex 9.89926 -7.64251 8.4
      vertex 9.25466 -7.50329 8.4
    endloop
  endfacet
  facet normal 0 0 -1
    outer loop
      vertex 10.5271 -7.84425 8.4
      vertex 9.21608 -4.9261 8.4
      vertex 9.65454 -3.99904 8.4
    endloop
  endfacet
  facet normal 0 0 -1
    outer loop
      vertex 9.89926 -7.64251 8.4
      vertex 8.68886 -5.80571 8.4
      vertex 9.21608 -4.9261 8.4
    endloop
  endfacet
  facet normal 0 0 -1
    outer loop
      vertex 8.59951 -7.42792 8.4
      vertex 8.68886 -5.80571 8.4
      vertex 9.25466 -7.50329 8.4
    endloop
  endfacet
  facet normal 0 0 -1
    outer loop
      vertex 8.59951 -7.42792 8.4
      vertex 8.07796 -6.62941 8.4
      vertex 8.68886 -5.80571 8.4
    endloop
  endfacet
  facet normal 0 0 -1
    outer loop
      vertex 7.94013 -7.41713 8.4
      vertex 8.07796 -6.62941 8.4
      vertex 8.59951 -7.42792 8.4
    endloop
  endfacet
  facet normal 0 0 -1
    outer loop
      vertex 7.94013 -7.41713 8.4
      vertex 7.38927 -7.38927 8.4
      vertex 8.07796 -6.62941 8.4
    endloop
  endfacet
  facet normal 0 -0 -1
    outer loop
      vertex 7.38927 -7.38927 8.4
      vertex 7.94013 -7.41713 8.4
      vertex 7.30067 -7.46956 8.4
    endloop
  endfacet
  facet normal 0 0 -1
    outer loop
      vertex 13.9797 -10.7735 8.4
      vertex 20.7251 -11.0778 8.4
      vertex 14.281 -11.3601 8.4
    endloop
  endfacet
  facet normal 0 0 -1
    outer loop
      vertex 14.281 -11.3601 8.4
      vertex 20.7251 -11.0778 8.4
      vertex 14.5234 -11.9735 8.4
    endloop
  endfacet
  facet normal 0 0 -1
    outer loop
      vertex 20.7251 -11.0778 8.4
      vertex 13.9797 -10.7735 8.4
      vertex 21.7112 -8.99306 8.4
    endloop
  endfacet
  facet normal 0 0 -1
    outer loop
      vertex 19.5395 -13.0559 8.4
      vertex 14.5234 -11.9735 8.4
      vertex 20.7251 -11.0778 8.4
    endloop
  endfacet
  facet normal 0 0 -1
    outer loop
      vertex 23.5 0 8.4
      vertex 14.8764 13.9137 8.4
      vertex 23.3868 2.3034 8.4
    endloop
  endfacet
  facet normal 0 0 -1
    outer loop
      vertex 14.5234 -11.9735 8.4
      vertex 19.5395 -13.0559 8.4
      vertex 14.7045 -12.6076 8.4
    endloop
  endfacet
  facet normal 0 0 -1
    outer loop
      vertex 23.3868 2.3034 8.4
      vertex 14.8764 13.9137 8.4
      vertex 23.0485 4.58462 8.4
    endloop
  endfacet
  facet normal 0 0 -1
    outer loop
      vertex 14.7045 -12.6076 8.4
      vertex 19.5395 -13.0559 8.4
      vertex 14.8225 -13.2564 8.4
    endloop
  endfacet
  facet normal 0 0 -1
    outer loop
      vertex 23.0485 4.58462 8.4
      vertex 14.8764 13.9137 8.4
      vertex 22.4881 6.82169 8.4
    endloop
  endfacet
  facet normal 0 0 -1
    outer loop
      vertex 18.1657 -14.9082 8.4
      vertex 14.8225 -13.2564 8.4
      vertex 19.5395 -13.0559 8.4
    endloop
  endfacet
  facet normal 0 0 -1
    outer loop
      vertex 22.4881 6.82169 8.4
      vertex 14.8764 13.9137 8.4
      vertex 21.7112 8.99306 8.4
    endloop
  endfacet
  facet normal 0 0 -1
    outer loop
      vertex 14.8225 -13.2564 8.4
      vertex 18.1657 -14.9082 8.4
      vertex 14.8764 -13.9137 8.4
    endloop
  endfacet
  facet normal 0 0 -1
    outer loop
      vertex 21.7112 8.99306 8.4
      vertex 14.8764 13.9137 8.4
      vertex 20.7251 11.0778 8.4
    endloop
  endfacet
  facet normal 0 0 -1
    outer loop
      vertex 14.8656 -14.573 8.4
      vertex 18.1657 -14.9082 8.4
      vertex 16.617 -16.617 8.4
    endloop
  endfacet
  facet normal 0 0 -1
    outer loop
      vertex 20.7251 11.0778 8.4
      vertex 14.8764 13.9137 8.4
      vertex 19.5395 13.0559 8.4
    endloop
  endfacet
  facet normal 0 0 -1
    outer loop
      vertex 14.4493 -16.5007 8.4
      vertex 16.617 -16.617 8.4
      vertex 14.9082 -18.1657 8.4
    endloop
  endfacet
  facet normal 0 0 -1
    outer loop
      vertex 19.5395 13.0559 8.4
      vertex 14.8764 13.9137 8.4
      vertex 18.1657 14.9082 8.4
    endloop
  endfacet
  facet normal 0 0 -1
    outer loop
      vertex 14.8656 14.573 8.4
      vertex 18.1657 14.9082 8.4
      vertex 14.8764 13.9137 8.4
    endloop
  endfacet
  facet normal 0 0 -1
    outer loop
      vertex 18.1657 -14.9082 8.4
      vertex 14.8656 -14.573 8.4
      vertex 14.8764 -13.9137 8.4
    endloop
  endfacet
  facet normal 0 0 -1
    outer loop
      vertex 16.617 -16.617 8.4
      vertex 14.7902 -15.2282 8.4
      vertex 14.8656 -14.573 8.4
    endloop
  endfacet
  facet normal 0 0 -1
    outer loop
      vertex 16.617 -16.617 8.4
      vertex 14.651 -15.8728 8.4
      vertex 14.7902 -15.2282 8.4
    endloop
  endfacet
  facet normal 0 0 -1
    outer loop
      vertex 16.617 -16.617 8.4
      vertex 14.4493 -16.5007 8.4
      vertex 14.651 -15.8728 8.4
    endloop
  endfacet
  facet normal 0 0 -1
    outer loop
      vertex 14.9082 -18.1657 8.4
      vertex 14.187 -17.1057 8.4
      vertex 14.4493 -16.5007 8.4
    endloop
  endfacet
  facet normal 0 0 -1
    outer loop
      vertex 14.9082 -18.1657 8.4
      vertex 13.8666 -17.6821 8.4
      vertex 14.187 -17.1057 8.4
    endloop
  endfacet
  facet normal -0 0 -1
    outer loop
      vertex 14.9082 -18.1657 8.4
      vertex 13.4913 -18.2244 8.4
      vertex 13.8666 -17.6821 8.4
    endloop
  endfacet
  facet normal 0 0 -1
    outer loop
      vertex 13.0559 -19.5395 8.4
      vertex 13.4913 -18.2244 8.4
      vertex 14.9082 -18.1657 8.4
    endloop
  endfacet
  facet normal 0 0 -1
    outer loop
      vertex 13.4913 -18.2244 8.4
      vertex 13.0559 -19.5395 8.4
      vertex 13.0647 -18.7273 8.4
    endloop
  endfacet
  facet normal 0 0 -1
    outer loop
      vertex 13.0559 -19.5395 8.4
      vertex 12.5908 -19.1859 8.4
      vertex 13.0647 -18.7273 8.4
    endloop
  endfacet
  facet normal -0 0 -1
    outer loop
      vertex 13.0559 -19.5395 8.4
      vertex 12.0742 -19.5959 8.4
      vertex 12.5908 -19.1859 8.4
    endloop
  endfacet
  facet normal 0 0 -1
    outer loop
      vertex 13.0559 -19.5395 8.4
      vertex 11.52 -19.9532 8.4
      vertex 12.0742 -19.5959 8.4
    endloop
  endfacet
  facet normal 0 0 -1
    outer loop
      vertex 11.0778 -20.7251 8.4
      vertex 11.52 -19.9532 8.4
      vertex 13.0559 -19.5395 8.4
    endloop
  endfacet
  facet normal 0 0 -1
    outer loop
      vertex 11.0778 -20.7251 8.4
      vertex 10.9334 -20.2545 8.4
      vertex 11.52 -19.9532 8.4
    endloop
  endfacet
  facet normal 0 0 -1
    outer loop
      vertex 11.0778 -20.7251 8.4
      vertex 10.3201 -20.4969 8.4
      vertex 10.9334 -20.2545 8.4
    endloop
  endfacet
  facet normal 0 0 -1
    outer loop
      vertex 11.0778 -20.7251 8.4
      vertex 9.68595 -20.678 8.4
      vertex 10.3201 -20.4969 8.4
    endloop
  endfacet
  facet normal 0 0 -1
    outer loop
      vertex 8.99306 -21.7112 8.4
      vertex 9.68595 -20.678 8.4
      vertex 11.0778 -20.7251 8.4
    endloop
  endfacet
  facet normal 0 0 -1
    outer loop
      vertex 9.68595 -20.678 8.4
      vertex 8.99306 -21.7112 8.4
      vertex 9.03714 -20.796 8.4
    endloop
  endfacet
  facet normal 0 0 -1
    outer loop
      vertex 8.99306 -21.7112 8.4
      vertex 8.37987 -20.8499 8.4
      vertex 9.03714 -20.796 8.4
    endloop
  endfacet
  facet normal 0 0 -1
    outer loop
      vertex 8.99306 -21.7112 8.4
      vertex 7.72049 -20.8391 8.4
      vertex 8.37987 -20.8499 8.4
    endloop
  endfacet
  facet normal 0 0 -1
    outer loop
      vertex 6.82169 -22.4881 8.4
      vertex 7.72049 -20.8391 8.4
      vertex 8.99306 -21.7112 8.4
    endloop
  endfacet
  facet normal -0 0 -1
    outer loop
      vertex 7.72049 -20.8391 8.4
      vertex 6.82169 -22.4881 8.4
      vertex 7.06534 -20.7638 8.4
    endloop
  endfacet
  facet normal 0 0 -1
    outer loop
      vertex 6.82169 -22.4881 8.4
      vertex 6.42074 -20.6246 8.4
      vertex 7.06534 -20.7638 8.4
    endloop
  endfacet
  facet normal 0 0 -1
    outer loop
      vertex 6.82169 -22.4881 8.4
      vertex 5.79288 -20.4228 8.4
      vertex 6.42074 -20.6246 8.4
    endloop
  endfacet
  facet normal 0 0 -1
    outer loop
      vertex 4.58462 -23.0485 8.4
      vertex 5.79288 -20.4228 8.4
      vertex 6.82169 -22.4881 8.4
    endloop
  endfacet
  facet normal -0 0 -1
    outer loop
      vertex 5.79288 -20.4228 8.4
      vertex 4.58462 -23.0485 8.4
      vertex 5.18782 -20.1605 8.4
    endloop
  endfacet
  facet normal -0 0 -1
    outer loop
      vertex 5.18782 -20.1605 8.4
      vertex 4.58462 -23.0485 8.4
      vertex 4.61138 -19.8402 8.4
    endloop
  endfacet
  facet normal 0 0 -1
    outer loop
      vertex 2.3034 -23.3868 8.4
      vertex 4.61138 -19.8402 8.4
      vertex 4.58462 -23.0485 8.4
    endloop
  endfacet
  facet normal -0 0 -1
    outer loop
      vertex 4.61138 -19.8402 8.4
      vertex 2.3034 -23.3868 8.4
      vertex 4.06912 -19.4649 8.4
    endloop
  endfacet
  facet normal -0 0 -1
    outer loop
      vertex 4.06912 -19.4649 8.4
      vertex 2.3034 -23.3868 8.4
      vertex 3.56626 -19.0382 8.4
    endloop
  endfacet
  facet normal -0 0 -1
    outer loop
      vertex 3.56626 -19.0382 8.4
      vertex 2.3034 -23.3868 8.4
      vertex 3.10764 -18.5643 8.4
    endloop
  endfacet
  facet normal 0 0 -1
    outer loop
      vertex 0 -23.5 8.4
      vertex 3.10764 -18.5643 8.4
      vertex 2.3034 -23.3868 8.4
    endloop
  endfacet
  facet normal -0 0 -1
    outer loop
      vertex 3.10764 -18.5643 8.4
      vertex 0 -23.5 8.4
      vertex 2.69767 -18.0478 8.4
    endloop
  endfacet
  facet normal -0 0 -1
    outer loop
      vertex 2.69767 -18.0478 8.4
      vertex 0 -23.5 8.4
      vertex 2.34031 -17.4935 8.4
    endloop
  endfacet
  facet normal 0 0 -1
    outer loop
      vertex -2.3034 -23.3868 8.4
      vertex 2.34031 -17.4935 8.4
      vertex 0 -23.5 8.4
    endloop
  endfacet
  facet normal -0 0 -1
    outer loop
      vertex 2.34031 -17.4935 8.4
      vertex -2.3034 -23.3868 8.4
      vertex 2.03899 -16.9069 8.4
    endloop
  endfacet
  facet normal -0 0 -1
    outer loop
      vertex 2.03899 -16.9069 8.4
      vertex -2.3034 -23.3868 8.4
      vertex 1.79663 -16.2936 8.4
    endloop
  endfacet
  facet normal 0 0 -1
    outer loop
      vertex -2.03869 -10.2492 8.4
      vertex 1.4436 -14.3534 8.4
      vertex 1.49749 -15.0107 8.4
    endloop
  endfacet
  facet normal 0 0 -1
    outer loop
      vertex -4.58462 -23.0485 8.4
      vertex 1.79663 -16.2936 8.4
      vertex -2.3034 -23.3868 8.4
    endloop
  endfacet
  facet normal -0 0 -1
    outer loop
      vertex 1.79663 -16.2936 8.4
      vertex -4.58462 -23.0485 8.4
      vertex 1.61555 -15.6595 8.4
    endloop
  endfacet
  facet normal 0 0 -1
    outer loop
      vertex 1.4436 -14.3534 8.4
      vertex 0 -10.45 8.4
      vertex 1.02428 -10.3997 8.4
    endloop
  endfacet
  facet normal 0 0 -1
    outer loop
      vertex 1.4436 -14.3534 8.4
      vertex -1.02428 -10.3997 8.4
      vertex 0 -10.45 8.4
    endloop
  endfacet
  facet normal 0 0 -1
    outer loop
      vertex -6.82169 -22.4881 8.4
      vertex 1.61555 -15.6595 8.4
      vertex -4.58462 -23.0485 8.4
    endloop
  endfacet
  facet normal 0 0 -1
    outer loop
      vertex 1.4436 -14.3534 8.4
      vertex -2.03869 -10.2492 8.4
      vertex -1.02428 -10.3997 8.4
    endloop
  endfacet
  facet normal -0 0 -1
    outer loop
      vertex 1.61555 -15.6595 8.4
      vertex -6.82169 -22.4881 8.4
      vertex 1.49749 -15.0107 8.4
    endloop
  endfacet
  facet normal 0 0 -1
    outer loop
      vertex 1.49749 -15.0107 8.4
      vertex -3.03347 -10 8.4
      vertex -2.03869 -10.2492 8.4
    endloop
  endfacet
  facet normal -0 0 -1
    outer loop
      vertex 1.49749 -15.0107 8.4
      vertex -6.82169 -22.4881 8.4
      vertex -3.03347 -10 8.4
    endloop
  endfacet
  facet normal -0 0 -1
    outer loop
      vertex -3.03347 -10 8.4
      vertex -6.82169 -22.4881 8.4
      vertex -3.99904 -9.65454 8.4
    endloop
  endfacet
  facet normal 0 0 -1
    outer loop
      vertex -8.99306 -21.7112 8.4
      vertex -3.99904 -9.65454 8.4
      vertex -6.82169 -22.4881 8.4
    endloop
  endfacet
  facet normal -0 0 -1
    outer loop
      vertex -3.99904 -9.65454 8.4
      vertex -8.99306 -21.7112 8.4
      vertex -4.9261 -9.21608 8.4
    endloop
  endfacet
  facet normal 0 0 -1
    outer loop
      vertex -11.0778 -20.7251 8.4
      vertex -4.9261 -9.21608 8.4
      vertex -8.99306 -21.7112 8.4
    endloop
  endfacet
  facet normal -0 0 -1
    outer loop
      vertex -4.9261 -9.21608 8.4
      vertex -11.0778 -20.7251 8.4
      vertex -5.80571 -8.68886 8.4
    endloop
  endfacet
  facet normal 0 0 -1
    outer loop
      vertex -13.0559 -19.5395 8.4
      vertex -5.80571 -8.68886 8.4
      vertex -11.0778 -20.7251 8.4
    endloop
  endfacet
  facet normal -0 0 -1
    outer loop
      vertex -5.80571 -8.68886 8.4
      vertex -13.0559 -19.5395 8.4
      vertex -6.62941 -8.07796 8.4
    endloop
  endfacet
  facet normal 0 0 -1
    outer loop
      vertex -14.9082 -18.1657 8.4
      vertex -6.62941 -8.07796 8.4
      vertex -13.0559 -19.5395 8.4
    endloop
  endfacet
  facet normal -0 0 -1
    outer loop
      vertex -6.62941 -8.07796 8.4
      vertex -14.9082 -18.1657 8.4
      vertex -7.38927 -7.38927 8.4
    endloop
  endfacet
  facet normal 0 0 -1
    outer loop
      vertex -16.617 -16.617 8.4
      vertex -7.38927 -7.38927 8.4
      vertex -14.9082 -18.1657 8.4
    endloop
  endfacet
  facet normal 0 -0 -1
    outer loop
      vertex -13.1522 -5.92651 8.4
      vertex -7.38927 -7.38927 8.4
      vertex -13.7484 -6.20847 8.4
    endloop
  endfacet
  facet normal 0 -0 -1
    outer loop
      vertex -10.7325 -3.73343 8.4
      vertex -9.65454 -3.99904 8.4
      vertex -11.1254 -4.26312 8.4
    endloop
  endfacet
  facet normal -0 0 -1
    outer loop
      vertex -10 -3.03347 8.4
      vertex -10.3935 -3.16779 8.4
      vertex -10.1143 -2.57741 8.4
    endloop
  endfacet
  facet normal 0 0 -1
    outer loop
      vertex -9.65454 -3.99904 8.4
      vertex -10.3935 -3.16779 8.4
      vertex -10 -3.03347 8.4
    endloop
  endfacet
  facet normal 0 0 -1
    outer loop
      vertex -8.68886 -5.80571 8.4
      vertex -11.5682 -4.75176 8.4
      vertex -9.21608 -4.9261 8.4
    endloop
  endfacet
  facet normal 0 -0 -1
    outer loop
      vertex -10.3935 -3.16779 8.4
      vertex -9.65454 -3.99904 8.4
      vertex -10.7325 -3.73343 8.4
    endloop
  endfacet
  facet normal 0 0 -1
    outer loop
      vertex -9.21608 -4.9261 8.4
      vertex -11.1254 -4.26312 8.4
      vertex -9.65454 -3.99904 8.4
    endloop
  endfacet
  facet normal 0 -0 -1
    outer loop
      vertex -11.1254 -4.26312 8.4
      vertex -9.21608 -4.9261 8.4
      vertex -11.5682 -4.75176 8.4
    endloop
  endfacet
  facet normal 0 -0 -1
    outer loop
      vertex -11.5682 -4.75176 8.4
      vertex -8.68886 -5.80571 8.4
      vertex -12.0569 -5.19463 8.4
    endloop
  endfacet
  facet normal 0 0 -1
    outer loop
      vertex -8.07796 -6.62941 8.4
      vertex -12.5866 -5.58748 8.4
      vertex -8.68886 -5.80571 8.4
    endloop
  endfacet
  facet normal 0 -0 -1
    outer loop
      vertex -12.0569 -5.19463 8.4
      vertex -8.68886 -5.80571 8.4
      vertex -12.5866 -5.58748 8.4
    endloop
  endfacet
  facet normal 0 0 -1
    outer loop
      vertex -7.38927 -7.38927 8.4
      vertex -13.1522 -5.92651 8.4
      vertex -8.07796 -6.62941 8.4
    endloop
  endfacet
  facet normal 0 -0 -1
    outer loop
      vertex -12.5866 -5.58748 8.4
      vertex -8.07796 -6.62941 8.4
      vertex -13.1522 -5.92651 8.4
    endloop
  endfacet
  facet normal -0 0 -1
    outer loop
      vertex -7.38927 -7.38927 8.4
      vertex -16.617 -16.617 8.4
      vertex -13.7484 -6.20847 8.4
    endloop
  endfacet
  facet normal 0 0 -1
    outer loop
      vertex -13.7484 -6.20847 8.4
      vertex -16.617 -16.617 8.4
      vertex -14.3693 -6.43064 8.4
    endloop
  endfacet
  facet normal 0 0 -1
    outer loop
      vertex -14.3693 -6.43064 8.4
      vertex -16.617 -16.617 8.4
      vertex -15.009 -6.59088 8.4
    endloop
  endfacet
  facet normal 0 0 -1
    outer loop
      vertex -18.1657 -14.9082 8.4
      vertex -15.009 -6.59088 8.4
      vertex -16.617 -16.617 8.4
    endloop
  endfacet
  facet normal 0 0 -1
    outer loop
      vertex -15.009 -6.59088 8.4
      vertex -18.1657 -14.9082 8.4
      vertex -15.6613 -6.68764 8.4
    endloop
  endfacet
  facet normal 0 0 -1
    outer loop
      vertex -19.5395 -13.0559 8.4
      vertex -15.6613 -6.68764 8.4
      vertex -18.1657 -14.9082 8.4
    endloop
  endfacet
  facet normal 0 0 -1
    outer loop
      vertex -15.6613 -6.68764 8.4
      vertex -19.5395 -13.0559 8.4
      vertex -16.32 -6.72 8.4
    endloop
  endfacet
  facet normal -0 0 -1
    outer loop
      vertex -16.32 -6.72 8.4
      vertex -19.5395 -13.0559 8.4
      vertex -16.9787 -6.68764 8.4
    endloop
  endfacet
  facet normal 0 0 -1
    outer loop
      vertex -20.7251 -11.0778 8.4
      vertex -16.9787 -6.68764 8.4
      vertex -19.5395 -13.0559 8.4
    endloop
  endfacet
  facet normal -0 0 -1
    outer loop
      vertex -16.9787 -6.68764 8.4
      vertex -20.7251 -11.0778 8.4
      vertex -17.631 -6.59088 8.4
    endloop
  endfacet
  facet normal -0 0 -1
    outer loop
      vertex -17.631 -6.59088 8.4
      vertex -20.7251 -11.0778 8.4
      vertex -18.2707 -6.43064 8.4
    endloop
  endfacet
  facet normal 0 0 -1
    outer loop
      vertex -21.7112 -8.99306 8.4
      vertex -18.2707 -6.43064 8.4
      vertex -20.7251 -11.0778 8.4
    endloop
  endfacet
  facet normal -0 0 -1
    outer loop
      vertex -18.2707 -6.43064 8.4
      vertex -21.7112 -8.99306 8.4
      vertex -18.8916 -6.20847 8.4
    endloop
  endfacet
  facet normal -0 0 -1
    outer loop
      vertex -18.8916 -6.20847 8.4
      vertex -21.7112 -8.99306 8.4
      vertex -19.4878 -5.92651 8.4
    endloop
  endfacet
  facet normal 0 0 -1
    outer loop
      vertex -22.4881 -6.82169 8.4
      vertex -19.4878 -5.92651 8.4
      vertex -21.7112 -8.99306 8.4
    endloop
  endfacet
  facet normal -0 0 -1
    outer loop
      vertex -19.4878 -5.92651 8.4
      vertex -22.4881 -6.82169 8.4
      vertex -20.0534 -5.58748 8.4
    endloop
  endfacet
  facet normal -0 0 -1
    outer loop
      vertex -20.0534 -5.58748 8.4
      vertex -22.4881 -6.82169 8.4
      vertex -20.5831 -5.19463 8.4
    endloop
  endfacet
  facet normal -0 0 -1
    outer loop
      vertex -20.5831 -5.19463 8.4
      vertex -22.4881 -6.82169 8.4
      vertex -21.0718 -4.75176 8.4
    endloop
  endfacet
  facet normal 0 0 -1
    outer loop
      vertex -23.0485 -4.58462 8.4
      vertex -21.0718 -4.75176 8.4
      vertex -22.4881 -6.82169 8.4
    endloop
  endfacet
  facet normal 0 0 -1
    outer loop
      vertex -21.0718 -4.75176 8.4
      vertex -23.0485 -4.58462 8.4
      vertex -21.5146 -4.26312 8.4
    endloop
  endfacet
  facet normal -0 0 -1
    outer loop
      vertex -21.5146 -4.26312 8.4
      vertex -23.0485 -4.58462 8.4
      vertex -21.9075 -3.73343 8.4
    endloop
  endfacet
  facet normal -0 0 -1
    outer loop
      vertex -21.9075 -3.73343 8.4
      vertex -23.0485 -4.58462 8.4
      vertex -22.2465 -3.16779 8.4
    endloop
  endfacet
  facet normal 0 0 -1
    outer loop
      vertex -23.3868 -2.3034 8.4
      vertex -22.2465 -3.16779 8.4
      vertex -23.0485 -4.58462 8.4
    endloop
  endfacet
  facet normal 0 0 -1
    outer loop
      vertex -22.2465 -3.16779 8.4
      vertex -23.3868 -2.3034 8.4
      vertex -22.5285 -2.57163 8.4
    endloop
  endfacet
  facet normal 0 0 -1
    outer loop
      vertex -22.5285 -2.57163 8.4
      vertex -23.3868 -2.3034 8.4
      vertex -22.7506 -1.95071 8.4
    endloop
  endfacet
  facet normal -0 0 -1
    outer loop
      vertex -22.9109 -1.31101 8.4
      vertex -23.3868 -2.3034 8.4
      vertex -23.0076 -0.658674 8.4
    endloop
  endfacet
  facet normal -0 0 -1
    outer loop
      vertex -22.7506 -1.95071 8.4
      vertex -23.3868 -2.3034 8.4
      vertex -22.9109 -1.31101 8.4
    endloop
  endfacet
  facet normal -0 0 -1
    outer loop
      vertex 18.1657 14.9082 8.4
      vertex 14.8656 14.573 8.4
      vertex 16.617 16.617 8.4
    endloop
  endfacet
  facet normal 0 0 -1
    outer loop
      vertex 14.7902 15.2282 8.4
      vertex 16.617 16.617 8.4
      vertex 14.8656 14.573 8.4
    endloop
  endfacet
  facet normal 0 0 -1
    outer loop
      vertex 14.651 15.8728 8.4
      vertex 16.617 16.617 8.4
      vertex 14.7902 15.2282 8.4
    endloop
  endfacet
  facet normal 0 0 -1
    outer loop
      vertex 14.4493 16.5007 8.4
      vertex 16.617 16.617 8.4
      vertex 14.651 15.8728 8.4
    endloop
  endfacet
  facet normal -0 0 -1
    outer loop
      vertex 16.617 16.617 8.4
      vertex 14.4493 16.5007 8.4
      vertex 14.9082 18.1657 8.4
    endloop
  endfacet
  facet normal 0 0 -1
    outer loop
      vertex 14.187 17.1057 8.4
      vertex 14.9082 18.1657 8.4
      vertex 14.4493 16.5007 8.4
    endloop
  endfacet
  facet normal 0 0 -1
    outer loop
      vertex 13.8666 17.6821 8.4
      vertex 14.9082 18.1657 8.4
      vertex 14.187 17.1057 8.4
    endloop
  endfacet
  facet normal 0 0 -1
    outer loop
      vertex 13.4913 18.2244 8.4
      vertex 14.9082 18.1657 8.4
      vertex 13.8666 17.6821 8.4
    endloop
  endfacet
  facet normal 0 0 -1
    outer loop
      vertex 13.0559 19.5395 8.4
      vertex 13.4913 18.2244 8.4
      vertex 13.0647 18.7273 8.4
    endloop
  endfacet
  facet normal 0 0 -1
    outer loop
      vertex 13.4913 18.2244 8.4
      vertex 13.0559 19.5395 8.4
      vertex 14.9082 18.1657 8.4
    endloop
  endfacet
  facet normal 0 0 -1
    outer loop
      vertex 12.5908 19.1859 8.4
      vertex 13.0559 19.5395 8.4
      vertex 13.0647 18.7273 8.4
    endloop
  endfacet
  facet normal 0 0 -1
    outer loop
      vertex 12.0742 19.5959 8.4
      vertex 13.0559 19.5395 8.4
      vertex 12.5908 19.1859 8.4
    endloop
  endfacet
  facet normal 0 0 -1
    outer loop
      vertex 11.52 19.9532 8.4
      vertex 13.0559 19.5395 8.4
      vertex 12.0742 19.5959 8.4
    endloop
  endfacet
  facet normal 0 0 -1
    outer loop
      vertex 11.52 19.9532 8.4
      vertex 11.0778 20.7251 8.4
      vertex 13.0559 19.5395 8.4
    endloop
  endfacet
  facet normal 0 0 -1
    outer loop
      vertex 10.9334 20.2545 8.4
      vertex 11.0778 20.7251 8.4
      vertex 11.52 19.9532 8.4
    endloop
  endfacet
  facet normal 0 0 -1
    outer loop
      vertex 10.3201 20.4969 8.4
      vertex 11.0778 20.7251 8.4
      vertex 10.9334 20.2545 8.4
    endloop
  endfacet
  facet normal 0 0 -1
    outer loop
      vertex 9.68595 20.678 8.4
      vertex 11.0778 20.7251 8.4
      vertex 10.3201 20.4969 8.4
    endloop
  endfacet
  facet normal 0 0 -1
    outer loop
      vertex 8.99306 21.7112 8.4
      vertex 9.68595 20.678 8.4
      vertex 9.03714 20.796 8.4
    endloop
  endfacet
  facet normal 0 0 -1
    outer loop
      vertex 9.68595 20.678 8.4
      vertex 8.99306 21.7112 8.4
      vertex 11.0778 20.7251 8.4
    endloop
  endfacet
  facet normal 0 0 -1
    outer loop
      vertex 8.37987 20.8499 8.4
      vertex 8.99306 21.7112 8.4
      vertex 9.03714 20.796 8.4
    endloop
  endfacet
  facet normal 0 0 -1
    outer loop
      vertex 7.72049 20.8391 8.4
      vertex 8.99306 21.7112 8.4
      vertex 8.37987 20.8499 8.4
    endloop
  endfacet
  facet normal 0 0 -1
    outer loop
      vertex 6.82169 22.4881 8.4
      vertex 7.72049 20.8391 8.4
      vertex 7.06534 20.7638 8.4
    endloop
  endfacet
  facet normal 0 0 -1
    outer loop
      vertex 7.72049 20.8391 8.4
      vertex 6.82169 22.4881 8.4
      vertex 8.99306 21.7112 8.4
    endloop
  endfacet
  facet normal 0 0 -1
    outer loop
      vertex 6.42074 20.6246 8.4
      vertex 6.82169 22.4881 8.4
      vertex 7.06534 20.7638 8.4
    endloop
  endfacet
  facet normal 0 0 -1
    outer loop
      vertex 5.79288 20.4228 8.4
      vertex 6.82169 22.4881 8.4
      vertex 6.42074 20.6246 8.4
    endloop
  endfacet
  facet normal 0 0 -1
    outer loop
      vertex 4.58462 23.0485 8.4
      vertex 5.79288 20.4228 8.4
      vertex 5.18782 20.1605 8.4
    endloop
  endfacet
  facet normal 0 0 -1
    outer loop
      vertex 4.58462 23.0485 8.4
      vertex 5.18782 20.1605 8.4
      vertex 4.61138 19.8402 8.4
    endloop
  endfacet
  facet normal 0 0 -1
    outer loop
      vertex 5.79288 20.4228 8.4
      vertex 4.58462 23.0485 8.4
      vertex 6.82169 22.4881 8.4
    endloop
  endfacet
  facet normal 0 0 -1
    outer loop
      vertex 2.3034 23.3868 8.4
      vertex 4.61138 19.8402 8.4
      vertex 4.06912 19.4649 8.4
    endloop
  endfacet
  facet normal 0 0 -1
    outer loop
      vertex 2.3034 23.3868 8.4
      vertex 4.06912 19.4649 8.4
      vertex 3.56626 19.0382 8.4
    endloop
  endfacet
  facet normal 0 0 -1
    outer loop
      vertex 2.3034 23.3868 8.4
      vertex 3.56626 19.0382 8.4
      vertex 3.10764 18.5643 8.4
    endloop
  endfacet
  facet normal 0 0 -1
    outer loop
      vertex 0 23.5 8.4
      vertex 3.10764 18.5643 8.4
      vertex 2.69767 18.0478 8.4
    endloop
  endfacet
  facet normal 0 0 -1
    outer loop
      vertex 0 23.5 8.4
      vertex 2.69767 18.0478 8.4
      vertex 2.34031 17.4935 8.4
    endloop
  endfacet
  facet normal 0 0 -1
    outer loop
      vertex 4.61138 19.8402 8.4
      vertex 2.3034 23.3868 8.4
      vertex 4.58462 23.0485 8.4
    endloop
  endfacet
  facet normal 0 0 -1
    outer loop
      vertex -2.3034 23.3868 8.4
      vertex 2.34031 17.4935 8.4
      vertex 2.03899 16.9069 8.4
    endloop
  endfacet
  facet normal 0 0 -1
    outer loop
      vertex -2.3034 23.3868 8.4
      vertex 2.03899 16.9069 8.4
      vertex 1.79663 16.2936 8.4
    endloop
  endfacet
  facet normal 0 0 -1
    outer loop
      vertex -4.58462 23.0485 8.4
      vertex 1.79663 16.2936 8.4
      vertex 1.61555 15.6595 8.4
    endloop
  endfacet
  facet normal 0 0 -1
    outer loop
      vertex -6.82169 22.4881 8.4
      vertex 1.61555 15.6595 8.4
      vertex 1.49749 15.0107 8.4
    endloop
  endfacet
  facet normal -0 0 -1
    outer loop
      vertex 1.52976 13.0389 8.4
      vertex -1.02428 10.3997 8.4
      vertex 1.45439 13.694 8.4
    endloop
  endfacet
  facet normal 0 0 -1
    outer loop
      vertex -2.03869 10.2492 8.4
      vertex 1.45439 13.694 8.4
      vertex -1.02428 10.3997 8.4
    endloop
  endfacet
  facet normal -0 0 -1
    outer loop
      vertex 1.45439 13.694 8.4
      vertex -2.03869 10.2492 8.4
      vertex 1.4436 14.3534 8.4
    endloop
  endfacet
  facet normal 0 0 -1
    outer loop
      vertex 3.10764 18.5643 8.4
      vertex 0 23.5 8.4
      vertex 2.3034 23.3868 8.4
    endloop
  endfacet
  facet normal -0 0 -1
    outer loop
      vertex 1.4436 14.3534 8.4
      vertex -2.03869 10.2492 8.4
      vertex 1.49749 15.0107 8.4
    endloop
  endfacet
  facet normal 0 0 -1
    outer loop
      vertex -3.03347 10 8.4
      vertex 1.49749 15.0107 8.4
      vertex -2.03869 10.2492 8.4
    endloop
  endfacet
  facet normal 0 0 -1
    outer loop
      vertex 2.34031 17.4935 8.4
      vertex -2.3034 23.3868 8.4
      vertex 0 23.5 8.4
    endloop
  endfacet
  facet normal 0 0 -1
    outer loop
      vertex -6.82169 22.4881 8.4
      vertex 1.49749 15.0107 8.4
      vertex -3.03347 10 8.4
    endloop
  endfacet
  facet normal 0 0 -1
    outer loop
      vertex -6.82169 22.4881 8.4
      vertex -3.03347 10 8.4
      vertex -3.99904 9.65454 8.4
    endloop
  endfacet
  facet normal 0 0 -1
    outer loop
      vertex 1.79663 16.2936 8.4
      vertex -4.58462 23.0485 8.4
      vertex -2.3034 23.3868 8.4
    endloop
  endfacet
  facet normal 0 0 -1
    outer loop
      vertex -8.99306 21.7112 8.4
      vertex -3.99904 9.65454 8.4
      vertex -4.9261 9.21608 8.4
    endloop
  endfacet
  facet normal 0 0 -1
    outer loop
      vertex -11.0778 20.7251 8.4
      vertex -4.9261 9.21608 8.4
      vertex -5.80571 8.68886 8.4
    endloop
  endfacet
  facet normal 0 0 -1
    outer loop
      vertex -13.0559 19.5395 8.4
      vertex -5.80571 8.68886 8.4
      vertex -6.62941 8.07796 8.4
    endloop
  endfacet
  facet normal 0 0 -1
    outer loop
      vertex 1.61555 15.6595 8.4
      vertex -6.82169 22.4881 8.4
      vertex -4.58462 23.0485 8.4
    endloop
  endfacet
  facet normal 0 0 -1
    outer loop
      vertex -14.9082 18.1657 8.4
      vertex -6.62941 8.07796 8.4
      vertex -7.38927 7.38927 8.4
    endloop
  endfacet
  facet normal 0 0 -1
    outer loop
      vertex -13.1522 5.92651 8.4
      vertex -7.38927 7.38927 8.4
      vertex -8.07796 6.62941 8.4
    endloop
  endfacet
  facet normal 0 0 -1
    outer loop
      vertex -12.5866 5.58748 8.4
      vertex -8.07796 6.62941 8.4
      vertex -8.68886 5.80571 8.4
    endloop
  endfacet
  facet normal 0 0 -1
    outer loop
      vertex -3.99904 9.65454 8.4
      vertex -8.99306 21.7112 8.4
      vertex -6.82169 22.4881 8.4
    endloop
  endfacet
  facet normal 0 0 -1
    outer loop
      vertex -11.5682 4.75176 8.4
      vertex -8.68886 5.80571 8.4
      vertex -9.21608 4.9261 8.4
    endloop
  endfacet
  facet normal 0 0 -1
    outer loop
      vertex -11.1254 4.26312 8.4
      vertex -9.21608 4.9261 8.4
      vertex -9.65454 3.99904 8.4
    endloop
  endfacet
  facet normal 0 0 -1
    outer loop
      vertex -10.3935 3.16779 8.4
      vertex -9.65454 3.99904 8.4
      vertex -10 3.03347 8.4
    endloop
  endfacet
  facet normal 0 0 -1
    outer loop
      vertex -10.3935 3.16779 8.4
      vertex -10 3.03347 8.4
      vertex -10.1143 2.57741 8.4
    endloop
  endfacet
  facet normal 0 0 -1
    outer loop
      vertex -9.65454 3.99904 8.4
      vertex -10.3935 3.16779 8.4
      vertex -10.7325 3.73343 8.4
    endloop
  endfacet
  facet normal -0 0 -1
    outer loop
      vertex -9.65454 3.99904 8.4
      vertex -10.7325 3.73343 8.4
      vertex -11.1254 4.26312 8.4
    endloop
  endfacet
  facet normal 0 0 -1
    outer loop
      vertex -9.21608 4.9261 8.4
      vertex -11.1254 4.26312 8.4
      vertex -11.5682 4.75176 8.4
    endloop
  endfacet
  facet normal 0 0 -1
    outer loop
      vertex -8.68886 5.80571 8.4
      vertex -11.5682 4.75176 8.4
      vertex -12.0569 5.19463 8.4
    endloop
  endfacet
  facet normal 0 0 -1
    outer loop
      vertex -8.68886 5.80571 8.4
      vertex -12.0569 5.19463 8.4
      vertex -12.5866 5.58748 8.4
    endloop
  endfacet
  facet normal 0 0 -1
    outer loop
      vertex -4.9261 9.21608 8.4
      vertex -11.0778 20.7251 8.4
      vertex -8.99306 21.7112 8.4
    endloop
  endfacet
  facet normal 0 0 -1
    outer loop
      vertex -8.07796 6.62941 8.4
      vertex -12.5866 5.58748 8.4
      vertex -13.1522 5.92651 8.4
    endloop
  endfacet
  facet normal 0 0 -1
    outer loop
      vertex -5.80571 8.68886 8.4
      vertex -13.0559 19.5395 8.4
      vertex -11.0778 20.7251 8.4
    endloop
  endfacet
  facet normal 0 0 -1
    outer loop
      vertex -7.38927 7.38927 8.4
      vertex -13.1522 5.92651 8.4
      vertex -13.7484 6.20847 8.4
    endloop
  endfacet
  facet normal 0 0 -1
    outer loop
      vertex -16.617 16.617 8.4
      vertex -7.38927 7.38927 8.4
      vertex -13.7484 6.20847 8.4
    endloop
  endfacet
  facet normal 0 0 -1
    outer loop
      vertex -16.617 16.617 8.4
      vertex -13.7484 6.20847 8.4
      vertex -14.3693 6.43064 8.4
    endloop
  endfacet
  facet normal 0 0 -1
    outer loop
      vertex -6.62941 8.07796 8.4
      vertex -14.9082 18.1657 8.4
      vertex -13.0559 19.5395 8.4
    endloop
  endfacet
  facet normal 0 0 -1
    outer loop
      vertex -16.617 16.617 8.4
      vertex -14.3693 6.43064 8.4
      vertex -15.009 6.59088 8.4
    endloop
  endfacet
  facet normal 0 0 -1
    outer loop
      vertex -18.1657 14.9082 8.4
      vertex -15.009 6.59088 8.4
      vertex -15.6613 6.68764 8.4
    endloop
  endfacet
  facet normal 0 0 -1
    outer loop
      vertex -19.5395 13.0559 8.4
      vertex -15.6613 6.68764 8.4
      vertex -16.32 6.72 8.4
    endloop
  endfacet
  facet normal 0 0 -1
    outer loop
      vertex -7.38927 7.38927 8.4
      vertex -16.617 16.617 8.4
      vertex -14.9082 18.1657 8.4
    endloop
  endfacet
  facet normal 0 0 -1
    outer loop
      vertex -19.5395 13.0559 8.4
      vertex -16.32 6.72 8.4
      vertex -16.9787 6.68764 8.4
    endloop
  endfacet
  facet normal 0 0 -1
    outer loop
      vertex -20.7251 11.0778 8.4
      vertex -16.9787 6.68764 8.4
      vertex -17.631 6.59088 8.4
    endloop
  endfacet
  facet normal 0 0 -1
    outer loop
      vertex -15.009 6.59088 8.4
      vertex -18.1657 14.9082 8.4
      vertex -16.617 16.617 8.4
    endloop
  endfacet
  facet normal 0 0 -1
    outer loop
      vertex -20.7251 11.0778 8.4
      vertex -17.631 6.59088 8.4
      vertex -18.2707 6.43064 8.4
    endloop
  endfacet
  facet normal 0 0 -1
    outer loop
      vertex -21.7112 8.99306 8.4
      vertex -18.2707 6.43064 8.4
      vertex -18.8916 6.20847 8.4
    endloop
  endfacet
  facet normal 0 0 -1
    outer loop
      vertex -21.7112 8.99306 8.4
      vertex -18.8916 6.20847 8.4
      vertex -19.4878 5.92651 8.4
    endloop
  endfacet
  facet normal 0 0 -1
    outer loop
      vertex -15.6613 6.68764 8.4
      vertex -19.5395 13.0559 8.4
      vertex -18.1657 14.9082 8.4
    endloop
  endfacet
  facet normal 0 0 -1
    outer loop
      vertex -22.4881 6.82169 8.4
      vertex -19.4878 5.92651 8.4
      vertex -20.0534 5.58748 8.4
    endloop
  endfacet
  facet normal 0 0 -1
    outer loop
      vertex -22.4881 6.82169 8.4
      vertex -20.0534 5.58748 8.4
      vertex -20.5831 5.19463 8.4
    endloop
  endfacet
  facet normal 0 0 -1
    outer loop
      vertex -16.9787 6.68764 8.4
      vertex -20.7251 11.0778 8.4
      vertex -19.5395 13.0559 8.4
    endloop
  endfacet
  facet normal 0 0 -1
    outer loop
      vertex -22.4881 6.82169 8.4
      vertex -20.5831 5.19463 8.4
      vertex -21.0718 4.75176 8.4
    endloop
  endfacet
  facet normal 0 0 -1
    outer loop
      vertex -23.0485 4.58462 8.4
      vertex -21.0718 4.75176 8.4
      vertex -21.5146 4.26312 8.4
    endloop
  endfacet
  facet normal 0 0 -1
    outer loop
      vertex -18.2707 6.43064 8.4
      vertex -21.7112 8.99306 8.4
      vertex -20.7251 11.0778 8.4
    endloop
  endfacet
  facet normal 0 0 -1
    outer loop
      vertex -23.0485 4.58462 8.4
      vertex -21.5146 4.26312 8.4
      vertex -21.9075 3.73343 8.4
    endloop
  endfacet
  facet normal 0 0 -1
    outer loop
      vertex -23.0485 4.58462 8.4
      vertex -21.9075 3.73343 8.4
      vertex -22.2465 3.16779 8.4
    endloop
  endfacet
  facet normal 0 0 -1
    outer loop
      vertex -19.4878 5.92651 8.4
      vertex -22.4881 6.82169 8.4
      vertex -21.7112 8.99306 8.4
    endloop
  endfacet
  facet normal 0 0 -1
    outer loop
      vertex -23.3868 2.3034 8.4
      vertex -22.2465 3.16779 8.4
      vertex -22.5285 2.57163 8.4
    endloop
  endfacet
  facet normal 0 0 -1
    outer loop
      vertex -23.3868 2.3034 8.4
      vertex -22.5285 2.57163 8.4
      vertex -22.7506 1.95071 8.4
    endloop
  endfacet
  facet normal 0 0 -1
    outer loop
      vertex -23.3868 2.3034 8.4
      vertex -22.7506 1.95071 8.4
      vertex -22.9109 1.31101 8.4
    endloop
  endfacet
  facet normal 0 0 -1
    outer loop
      vertex -23.3868 2.3034 8.4
      vertex -22.9109 1.31101 8.4
      vertex -23.0076 0.658674 8.4
    endloop
  endfacet
  facet normal -0 0 -1
    outer loop
      vertex -21.0718 4.75176 8.4
      vertex -23.0485 4.58462 8.4
      vertex -22.4881 6.82169 8.4
    endloop
  endfacet
  facet normal 0 0 -1
    outer loop
      vertex -23.5 0 8.4
      vertex -23.0076 0.658674 8.4
      vertex -23.04 0 8.4
    endloop
  endfacet
  facet normal 0 0 -1
    outer loop
      vertex -23.5 0 8.4
      vertex -23.0076 -0.658674 8.4
      vertex -23.3868 -2.3034 8.4
    endloop
  endfacet
  facet normal 0 0 -1
    outer loop
      vertex -23.0076 -0.658674 8.4
      vertex -23.5 0 8.4
      vertex -23.04 0 8.4
    endloop
  endfacet
  facet normal -0 0 -1
    outer loop
      vertex -22.2465 3.16779 8.4
      vertex -23.3868 2.3034 8.4
      vertex -23.0485 4.58462 8.4
    endloop
  endfacet
  facet normal -0 0 -1
    outer loop
      vertex -23.0076 0.658674 8.4
      vertex -23.5 0 8.4
      vertex -23.3868 2.3034 8.4
    endloop
  endfacet
  facet normal 0 0 -1
    outer loop
      vertex 12.2509 8.8022 8.4
      vertex 10 3.03347 8.4
      vertex 11.7086 8.4269 8.4
    endloop
  endfacet
  facet normal 0 0 -1
    outer loop
      vertex 9.65454 3.99904 8.4
      vertex 11.7086 8.4269 8.4
      vertex 10 3.03347 8.4
    endloop
  endfacet
  facet normal 0 0 -1
    outer loop
      vertex 11.7086 8.4269 8.4
      vertex 9.65454 3.99904 8.4
      vertex 11.1322 8.10655 8.4
    endloop
  endfacet
  facet normal 0 0 -1
    outer loop
      vertex 11.1322 8.10655 8.4
      vertex 9.65454 3.99904 8.4
      vertex 10.5271 7.84425 8.4
    endloop
  endfacet
  facet normal 0 0 -1
    outer loop
      vertex 9.21608 4.9261 8.4
      vertex 10.5271 7.84425 8.4
      vertex 9.65454 3.99904 8.4
    endloop
  endfacet
  facet normal 0 0 -1
    outer loop
      vertex 10.5271 7.84425 8.4
      vertex 9.21608 4.9261 8.4
      vertex 9.89926 7.64251 8.4
    endloop
  endfacet
  facet normal 0 0 -1
    outer loop
      vertex 8.68886 5.80571 8.4
      vertex 9.89926 7.64251 8.4
      vertex 9.21608 4.9261 8.4
    endloop
  endfacet
  facet normal 0 0 -1
    outer loop
      vertex 9.89926 7.64251 8.4
      vertex 8.68886 5.80571 8.4
      vertex 9.25466 7.50329 8.4
    endloop
  endfacet
  facet normal 0 0 -1
    outer loop
      vertex 8.68886 5.80571 8.4
      vertex 8.59951 7.42792 8.4
      vertex 9.25466 7.50329 8.4
    endloop
  endfacet
  facet normal 0 0 -1
    outer loop
      vertex 8.07796 6.62941 8.4
      vertex 8.59951 7.42792 8.4
      vertex 8.68886 5.80571 8.4
    endloop
  endfacet
  facet normal 0 0 -1
    outer loop
      vertex 8.07796 6.62941 8.4
      vertex 7.94013 7.41713 8.4
      vertex 8.59951 7.42792 8.4
    endloop
  endfacet
  facet normal 0 0 -1
    outer loop
      vertex 7.38927 7.38927 8.4
      vertex 7.94013 7.41713 8.4
      vertex 8.07796 6.62941 8.4
    endloop
  endfacet
  facet normal -0 0 -1
    outer loop
      vertex 7.94013 7.41713 8.4
      vertex 7.38927 7.38927 8.4
      vertex 7.30067 7.46956 8.4
    endloop
  endfacet
  facet normal 0 0 -1
    outer loop
      vertex 2.45336 -10.5849 8.4
      vertex 2.03869 -10.2492 8.4
      vertex 2.8214 -10.0531 8.4
    endloop
  endfacet
  facet normal 0 0 -1
    outer loop
      vertex 2.13301 -11.1614 8.4
      vertex 2.03869 -10.2492 8.4
      vertex 2.45336 -10.5849 8.4
    endloop
  endfacet
  facet normal 0 0 -1
    outer loop
      vertex 1.02428 -10.3997 8.4
      vertex 2.13301 -11.1614 8.4
      vertex 1.87071 -11.7664 8.4
    endloop
  endfacet
  facet normal 0 0 -1
    outer loop
      vertex 1.02428 -10.3997 8.4
      vertex 1.87071 -11.7664 8.4
      vertex 1.66898 -12.3943 8.4
    endloop
  endfacet
  facet normal 0 0 -1
    outer loop
      vertex 1.02428 -10.3997 8.4
      vertex 1.66898 -12.3943 8.4
      vertex 1.52976 -13.0389 8.4
    endloop
  endfacet
  facet normal 0 0 -1
    outer loop
      vertex 2.13301 -11.1614 8.4
      vertex 1.02428 -10.3997 8.4
      vertex 2.03869 -10.2492 8.4
    endloop
  endfacet
  facet normal 0 0 -1
    outer loop
      vertex 1.45439 -13.694 8.4
      vertex 1.02428 -10.3997 8.4
      vertex 1.52976 -13.0389 8.4
    endloop
  endfacet
  facet normal 0 0 -1
    outer loop
      vertex 1.02428 -10.3997 8.4
      vertex 1.45439 -13.694 8.4
      vertex 1.4436 -14.3534 8.4
    endloop
  endfacet
  facet normal -0.5957 0.803207 0
    outer loop
      vertex -6.44461 9.64505 10.9
      vertex -7.35896 8.96692 13.9
      vertex -6.44461 9.64505 13.9
    endloop
  endfacet
  facet normal -0.5957 0.803207 0
    outer loop
      vertex -7.35896 8.96692 13.9
      vertex -6.44461 9.64505 10.9
      vertex -7.35896 8.96692 10.9
    endloop
  endfacet
  facet normal 0.671556 0.740954 -0
    outer loop
      vertex 8.20244 8.20244 11.9
      vertex 7.35896 8.96692 13.9
      vertex 8.20244 8.20244 13.9
    endloop
  endfacet
  facet normal 0.671556 0.740954 0
    outer loop
      vertex 7.35896 8.96692 13.9
      vertex 8.20244 8.20244 11.9
      vertex 7.35896 8.96692 11.9
    endloop
  endfacet
  facet normal 0.941546 0.336884 0
    outer loop
      vertex 11.1005 3.3673 13.9
      vertex 10.717 4.43913 10.9
      vertex 10.717 4.43913 13.9
    endloop
  endfacet
  facet normal 0.941546 0.336884 0
    outer loop
      vertex 10.717 4.43913 10.9
      vertex 11.1005 3.3673 13.9
      vertex 11.1005 3.3673 10.9
    endloop
  endfacet
  facet normal -0.671556 -0.740954 0
    outer loop
      vertex -8.20244 -8.20244 10.9
      vertex -7.35896 -8.96692 13.9
      vertex -8.20244 -8.20244 13.9
    endloop
  endfacet
  facet normal -0.671556 -0.740954 -0
    outer loop
      vertex -7.35896 -8.96692 13.9
      vertex -8.20244 -8.20244 10.9
      vertex -7.35896 -8.96692 10.9
    endloop
  endfacet
  facet normal 0.427545 -0.903994 0
    outer loop
      vertex 4.43913 -10.717 11.9
      vertex 5.4682 -10.2303 13.9
      vertex 4.43913 -10.717 13.9
    endloop
  endfacet
  facet normal 0.427545 -0.903994 0
    outer loop
      vertex 5.4682 -10.2303 13.9
      vertex 4.43913 -10.717 11.9
      vertex 5.4682 -10.2303 11.9
    endloop
  endfacet
  facet normal -0.0491052 0.998794 0
    outer loop
      vertex 0 11.6 10.9
      vertex -1.137 11.5441 13.9
      vertex 0 11.6 13.9
    endloop
  endfacet
  facet normal -0.0491052 0.998794 0
    outer loop
      vertex -1.137 11.5441 13.9
      vertex 0 11.6 10.9
      vertex -1.137 11.5441 10.9
    endloop
  endfacet
  facet normal -0.998794 0.0491052 0
    outer loop
      vertex -11.6 0 11.9
      vertex -11.5441 1.137 13.9
      vertex -11.5441 1.137 11.9
    endloop
  endfacet
  facet normal -0.998794 0.0491052 0
    outer loop
      vertex -11.5441 1.137 13.9
      vertex -11.6 0 11.9
      vertex -11.6 0 13.9
    endloop
  endfacet
  facet normal 0.427545 0.903994 -0
    outer loop
      vertex 5.4682 10.2303 11.9
      vertex 4.43913 10.717 13.9
      vertex 5.4682 10.2303 13.9
    endloop
  endfacet
  facet normal 0.427545 0.903994 0
    outer loop
      vertex 4.43913 10.717 13.9
      vertex 5.4682 10.2303 11.9
      vertex 4.43913 10.717 11.9
    endloop
  endfacet
  facet normal -0.803207 0.5957 0
    outer loop
      vertex -9.64505 6.44461 10.9
      vertex -8.96692 7.35896 13.9
      vertex -8.96692 7.35896 10.9
    endloop
  endfacet
  facet normal -0.803207 0.5957 0
    outer loop
      vertex -8.96692 7.35896 13.9
      vertex -9.64505 6.44461 10.9
      vertex -9.64505 6.44461 13.9
    endloop
  endfacet
  facet normal 0.903994 0.427545 0
    outer loop
      vertex 10.717 4.43913 13.9
      vertex 10.2303 5.4682 10.9
      vertex 10.2303 5.4682 13.9
    endloop
  endfacet
  facet normal 0.903994 0.427545 0
    outer loop
      vertex 10.2303 5.4682 10.9
      vertex 10.717 4.43913 13.9
      vertex 10.717 4.43913 10.9
    endloop
  endfacet
  facet normal 0.857724 -0.514111 0
    outer loop
      vertex 9.64505 -6.44461 13.9
      vertex 10.2303 -5.4682 10.9
      vertex 10.2303 -5.4682 13.9
    endloop
  endfacet
  facet normal 0.857724 -0.514111 0
    outer loop
      vertex 10.2303 -5.4682 10.9
      vertex 9.64505 -6.44461 13.9
      vertex 9.64505 -6.44461 10.9
    endloop
  endfacet
  facet normal -0.989181 0.146701 0
    outer loop
      vertex -11.5441 1.137 11.9
      vertex -11.3771 2.26305 13.9
      vertex -11.3771 2.26305 11.9
    endloop
  endfacet
  facet normal -0.989181 0.146701 0
    outer loop
      vertex -11.3771 2.26305 13.9
      vertex -11.5441 1.137 11.9
      vertex -11.5441 1.137 13.9
    endloop
  endfacet
  facet normal -0.970031 -0.24298 0
    outer loop
      vertex -11.1005 -3.3673 11.9
      vertex -11.3771 -2.26305 13.9
      vertex -11.3771 -2.26305 11.9
    endloop
  endfacet
  facet normal -0.970031 -0.24298 0
    outer loop
      vertex -11.3771 -2.26305 13.9
      vertex -11.1005 -3.3673 11.9
      vertex -11.1005 -3.3673 13.9
    endloop
  endfacet
  facet normal -0.336884 -0.941546 0
    outer loop
      vertex -4.43913 -10.717 10.9
      vertex -3.3673 -11.1005 13.9
      vertex -4.43913 -10.717 13.9
    endloop
  endfacet
  facet normal -0.336884 -0.941546 -0
    outer loop
      vertex -3.3673 -11.1005 13.9
      vertex -4.43913 -10.717 10.9
      vertex -3.3673 -11.1005 10.9
    endloop
  endfacet
  facet normal -0.146701 0.989181 0
    outer loop
      vertex -1.137 11.5441 10.9
      vertex -2.26305 11.3771 13.9
      vertex -1.137 11.5441 13.9
    endloop
  endfacet
  facet normal -0.146701 0.989181 0
    outer loop
      vertex -2.26305 11.3771 13.9
      vertex -1.137 11.5441 10.9
      vertex -2.26305 11.3771 10.9
    endloop
  endfacet
  facet normal 0.989181 0.146701 0
    outer loop
      vertex 11.5441 1.137 13.9
      vertex 11.3771 2.26305 10.9
      vertex 11.3771 2.26305 13.9
    endloop
  endfacet
  facet normal 0.989181 0.146701 0
    outer loop
      vertex 11.3771 2.26305 10.9
      vertex 11.5441 1.137 13.9
      vertex 11.5441 1.137 10.9
    endloop
  endfacet
  facet normal 0.857724 0.514111 0
    outer loop
      vertex 10.2303 5.4682 13.9
      vertex 9.64505 6.44461 10.9
      vertex 9.64505 6.44461 13.9
    endloop
  endfacet
  facet normal 0.857724 0.514111 0
    outer loop
      vertex 9.64505 6.44461 10.9
      vertex 10.2303 5.4682 13.9
      vertex 10.2303 5.4682 10.9
    endloop
  endfacet
  facet normal 0.24298 0.970031 -0
    outer loop
      vertex 3.3673 11.1005 11.9
      vertex 2.26305 11.3771 13.9
      vertex 3.3673 11.1005 13.9
    endloop
  endfacet
  facet normal 0.24298 0.970031 0
    outer loop
      vertex 2.26305 11.3771 13.9
      vertex 3.3673 11.1005 11.9
      vertex 2.26305 11.3771 11.9
    endloop
  endfacet
  facet normal -0.803207 -0.5957 0
    outer loop
      vertex -8.96692 -7.35896 10.9
      vertex -9.64505 -6.44461 13.9
      vertex -9.64505 -6.44461 10.9
    endloop
  endfacet
  facet normal -0.803207 -0.5957 0
    outer loop
      vertex -9.64505 -6.44461 13.9
      vertex -8.96692 -7.35896 10.9
      vertex -8.96692 -7.35896 13.9
    endloop
  endfacet
  facet normal 0.998794 0.0491052 0
    outer loop
      vertex 11.6 0 13.9
      vertex 11.5441 1.137 10.9
      vertex 11.5441 1.137 13.9
    endloop
  endfacet
  facet normal 0.998794 0.0491052 0
    outer loop
      vertex 11.5441 1.137 10.9
      vertex 11.6 0 13.9
      vertex 11.6 0 10.9
    endloop
  endfacet
  facet normal -0.336884 0.941546 0
    outer loop
      vertex -3.3673 11.1005 10.9
      vertex -4.43913 10.717 13.9
      vertex -3.3673 11.1005 13.9
    endloop
  endfacet
  facet normal -0.336884 0.941546 0
    outer loop
      vertex -4.43913 10.717 13.9
      vertex -3.3673 11.1005 10.9
      vertex -4.43913 10.717 10.9
    endloop
  endfacet
  facet normal 0.336884 0.941546 -0
    outer loop
      vertex 4.43913 10.717 11.9
      vertex 3.3673 11.1005 13.9
      vertex 4.43913 10.717 13.9
    endloop
  endfacet
  facet normal 0.336884 0.941546 0
    outer loop
      vertex 3.3673 11.1005 13.9
      vertex 4.43913 10.717 11.9
      vertex 3.3673 11.1005 11.9
    endloop
  endfacet
  facet normal 0.998794 -0.0491052 0
    outer loop
      vertex 11.5441 -1.137 13.9
      vertex 11.6 0 10.9
      vertex 11.6 0 13.9
    endloop
  endfacet
  facet normal 0.998794 -0.0491052 0
    outer loop
      vertex 11.6 0 10.9
      vertex 11.5441 -1.137 13.9
      vertex 11.5441 -1.137 10.9
    endloop
  endfacet
  facet normal -0.671556 0.740954 0
    outer loop
      vertex -7.35896 8.96692 10.9
      vertex -8.20244 8.20244 13.9
      vertex -7.35896 8.96692 13.9
    endloop
  endfacet
  facet normal -0.671556 0.740954 0
    outer loop
      vertex -8.20244 8.20244 13.9
      vertex -7.35896 8.96692 10.9
      vertex -8.20244 8.20244 10.9
    endloop
  endfacet
  facet normal 0.970031 0.24298 0
    outer loop
      vertex 11.3771 2.26305 13.9
      vertex 11.1005 3.3673 10.9
      vertex 11.1005 3.3673 13.9
    endloop
  endfacet
  facet normal 0.970031 0.24298 0
    outer loop
      vertex 11.1005 3.3673 10.9
      vertex 11.3771 2.26305 13.9
      vertex 11.3771 2.26305 10.9
    endloop
  endfacet
  facet normal 0 0 1
    outer loop
      vertex 10.45 0 13.9
      vertex 11.6 0 13.9
      vertex 11.5441 1.137 13.9
    endloop
  endfacet
  facet normal 0 0 1
    outer loop
      vertex 10.3997 1.02428 13.9
      vertex 11.5441 1.137 13.9
      vertex 11.3771 2.26305 13.9
    endloop
  endfacet
  facet normal 0 0 1
    outer loop
      vertex 11.6 0 13.9
      vertex 10.45 0 13.9
      vertex 11.5441 -1.137 13.9
    endloop
  endfacet
  facet normal 0 0 1
    outer loop
      vertex 10.2492 2.03869 13.9
      vertex 11.3771 2.26305 13.9
      vertex 11.1005 3.3673 13.9
    endloop
  endfacet
  facet normal -0 0 1
    outer loop
      vertex 10.3997 -1.02428 13.9
      vertex 11.5441 -1.137 13.9
      vertex 10.45 0 13.9
    endloop
  endfacet
  facet normal 0 0 1
    outer loop
      vertex 10 3.03347 13.9
      vertex 11.1005 3.3673 13.9
      vertex 10.717 4.43913 13.9
    endloop
  endfacet
  facet normal 0 0 1
    outer loop
      vertex 11.5441 -1.137 13.9
      vertex 10.3997 -1.02428 13.9
      vertex 11.3771 -2.26305 13.9
    endloop
  endfacet
  facet normal -0 0 1
    outer loop
      vertex 10.2492 -2.03869 13.9
      vertex 11.3771 -2.26305 13.9
      vertex 10.3997 -1.02428 13.9
    endloop
  endfacet
  facet normal 0 0 1
    outer loop
      vertex 11.5441 1.137 13.9
      vertex 10.3997 1.02428 13.9
      vertex 10.45 0 13.9
    endloop
  endfacet
  facet normal 0 0 1
    outer loop
      vertex 11.3771 2.26305 13.9
      vertex 10.2492 2.03869 13.9
      vertex 10.3997 1.02428 13.9
    endloop
  endfacet
  facet normal 0 0 1
    outer loop
      vertex 9.65454 3.99904 13.9
      vertex 10.717 4.43913 13.9
      vertex 10.2303 5.4682 13.9
    endloop
  endfacet
  facet normal 0 0 1
    outer loop
      vertex 11.1005 3.3673 13.9
      vertex 10 3.03347 13.9
      vertex 10.2492 2.03869 13.9
    endloop
  endfacet
  facet normal 0 0 1
    outer loop
      vertex 10.717 4.43913 13.9
      vertex 9.65454 3.99904 13.9
      vertex 10 3.03347 13.9
    endloop
  endfacet
  facet normal 0 0 1
    outer loop
      vertex 9.21608 4.9261 13.9
      vertex 10.2303 5.4682 13.9
      vertex 9.64505 6.44461 13.9
    endloop
  endfacet
  facet normal 0 0 1
    outer loop
      vertex 10.2303 5.4682 13.9
      vertex 9.21608 4.9261 13.9
      vertex 9.65454 3.99904 13.9
    endloop
  endfacet
  facet normal 0 0 1
    outer loop
      vertex 8.68886 5.80571 13.9
      vertex 9.64505 6.44461 13.9
      vertex 8.96692 7.35896 13.9
    endloop
  endfacet
  facet normal 0 0 1
    outer loop
      vertex 9.64505 6.44461 13.9
      vertex 8.68886 5.80571 13.9
      vertex 9.21608 4.9261 13.9
    endloop
  endfacet
  facet normal 0 0 1
    outer loop
      vertex 8.07796 6.62941 13.9
      vertex 8.96692 7.35896 13.9
      vertex 8.20244 8.20244 13.9
    endloop
  endfacet
  facet normal 0 0 1
    outer loop
      vertex 8.96692 7.35896 13.9
      vertex 8.07796 6.62941 13.9
      vertex 8.68886 5.80571 13.9
    endloop
  endfacet
  facet normal 0 0 1
    outer loop
      vertex 8.20244 8.20244 13.9
      vertex 7.38927 7.38927 13.9
      vertex 8.07796 6.62941 13.9
    endloop
  endfacet
  facet normal 0 0 1
    outer loop
      vertex 7.35896 8.96692 13.9
      vertex 7.38927 7.38927 13.9
      vertex 8.20244 8.20244 13.9
    endloop
  endfacet
  facet normal 0 0 1
    outer loop
      vertex 7.35896 8.96692 13.9
      vertex 6.62941 8.07796 13.9
      vertex 7.38927 7.38927 13.9
    endloop
  endfacet
  facet normal 0 0 1
    outer loop
      vertex 6.44461 9.64505 13.9
      vertex 6.62941 8.07796 13.9
      vertex 7.35896 8.96692 13.9
    endloop
  endfacet
  facet normal 0 0 1
    outer loop
      vertex 6.44461 9.64505 13.9
      vertex 5.80571 8.68886 13.9
      vertex 6.62941 8.07796 13.9
    endloop
  endfacet
  facet normal 0 0 1
    outer loop
      vertex 5.4682 10.2303 13.9
      vertex 5.80571 8.68886 13.9
      vertex 6.44461 9.64505 13.9
    endloop
  endfacet
  facet normal 0 0 1
    outer loop
      vertex 5.4682 10.2303 13.9
      vertex 4.9261 9.21608 13.9
      vertex 5.80571 8.68886 13.9
    endloop
  endfacet
  facet normal 0 0 1
    outer loop
      vertex 4.43913 10.717 13.9
      vertex 4.9261 9.21608 13.9
      vertex 5.4682 10.2303 13.9
    endloop
  endfacet
  facet normal 0 0 1
    outer loop
      vertex 4.43913 10.717 13.9
      vertex 3.99904 9.65454 13.9
      vertex 4.9261 9.21608 13.9
    endloop
  endfacet
  facet normal 0 0 1
    outer loop
      vertex 3.3673 11.1005 13.9
      vertex 3.99904 9.65454 13.9
      vertex 4.43913 10.717 13.9
    endloop
  endfacet
  facet normal 0 0 1
    outer loop
      vertex 3.3673 11.1005 13.9
      vertex 3.03347 10 13.9
      vertex 3.99904 9.65454 13.9
    endloop
  endfacet
  facet normal 0 0 1
    outer loop
      vertex 2.26305 11.3771 13.9
      vertex 3.03347 10 13.9
      vertex 3.3673 11.1005 13.9
    endloop
  endfacet
  facet normal 0 0 1
    outer loop
      vertex 2.26305 11.3771 13.9
      vertex 2.03869 10.2492 13.9
      vertex 3.03347 10 13.9
    endloop
  endfacet
  facet normal 0 0 1
    outer loop
      vertex 1.137 11.5441 13.9
      vertex 2.03869 10.2492 13.9
      vertex 2.26305 11.3771 13.9
    endloop
  endfacet
  facet normal 0 0 1
    outer loop
      vertex 1.137 11.5441 13.9
      vertex 1.02428 10.3997 13.9
      vertex 2.03869 10.2492 13.9
    endloop
  endfacet
  facet normal 0 0 1
    outer loop
      vertex 0 11.6 13.9
      vertex 1.02428 10.3997 13.9
      vertex 1.137 11.5441 13.9
    endloop
  endfacet
  facet normal 0 0 1
    outer loop
      vertex 0 11.6 13.9
      vertex 0 10.45 13.9
      vertex 1.02428 10.3997 13.9
    endloop
  endfacet
  facet normal 0 0 1
    outer loop
      vertex 0 11.6 13.9
      vertex -1.02428 10.3997 13.9
      vertex 0 10.45 13.9
    endloop
  endfacet
  facet normal -0 0 1
    outer loop
      vertex -1.137 11.5441 13.9
      vertex -1.02428 10.3997 13.9
      vertex 0 11.6 13.9
    endloop
  endfacet
  facet normal 0 0 1
    outer loop
      vertex -1.137 11.5441 13.9
      vertex -2.03869 10.2492 13.9
      vertex -1.02428 10.3997 13.9
    endloop
  endfacet
  facet normal -0 0 1
    outer loop
      vertex -2.26305 11.3771 13.9
      vertex -2.03869 10.2492 13.9
      vertex -1.137 11.5441 13.9
    endloop
  endfacet
  facet normal 0 0 1
    outer loop
      vertex -2.26305 11.3771 13.9
      vertex -3.03347 10 13.9
      vertex -2.03869 10.2492 13.9
    endloop
  endfacet
  facet normal -0 0 1
    outer loop
      vertex -3.3673 11.1005 13.9
      vertex -3.03347 10 13.9
      vertex -2.26305 11.3771 13.9
    endloop
  endfacet
  facet normal 0 0 1
    outer loop
      vertex -3.3673 11.1005 13.9
      vertex -3.99904 9.65454 13.9
      vertex -3.03347 10 13.9
    endloop
  endfacet
  facet normal -0 0 1
    outer loop
      vertex -4.43913 10.717 13.9
      vertex -3.99904 9.65454 13.9
      vertex -3.3673 11.1005 13.9
    endloop
  endfacet
  facet normal 0 0 1
    outer loop
      vertex -4.43913 10.717 13.9
      vertex -4.9261 9.21608 13.9
      vertex -3.99904 9.65454 13.9
    endloop
  endfacet
  facet normal -0 0 1
    outer loop
      vertex -5.4682 10.2303 13.9
      vertex -4.9261 9.21608 13.9
      vertex -4.43913 10.717 13.9
    endloop
  endfacet
  facet normal 0 0 1
    outer loop
      vertex -5.4682 10.2303 13.9
      vertex -5.80571 8.68886 13.9
      vertex -4.9261 9.21608 13.9
    endloop
  endfacet
  facet normal -0 0 1
    outer loop
      vertex -6.44461 9.64505 13.9
      vertex -5.80571 8.68886 13.9
      vertex -5.4682 10.2303 13.9
    endloop
  endfacet
  facet normal 0 0 1
    outer loop
      vertex -6.44461 9.64505 13.9
      vertex -6.62941 8.07796 13.9
      vertex -5.80571 8.68886 13.9
    endloop
  endfacet
  facet normal -0 0 1
    outer loop
      vertex -7.35896 8.96692 13.9
      vertex -6.62941 8.07796 13.9
      vertex -6.44461 9.64505 13.9
    endloop
  endfacet
  facet normal 0 0 1
    outer loop
      vertex -7.35896 8.96692 13.9
      vertex -7.38927 7.38927 13.9
      vertex -6.62941 8.07796 13.9
    endloop
  endfacet
  facet normal -0 0 1
    outer loop
      vertex -8.20244 8.20244 13.9
      vertex -7.38927 7.38927 13.9
      vertex -7.35896 8.96692 13.9
    endloop
  endfacet
  facet normal 0 0 1
    outer loop
      vertex -7.38927 7.38927 13.9
      vertex -8.20244 8.20244 13.9
      vertex -8.07796 6.62941 13.9
    endloop
  endfacet
  facet normal -0 0 1
    outer loop
      vertex -8.96692 7.35896 13.9
      vertex -8.07796 6.62941 13.9
      vertex -8.20244 8.20244 13.9
    endloop
  endfacet
  facet normal 0 0 1
    outer loop
      vertex -8.07796 6.62941 13.9
      vertex -8.96692 7.35896 13.9
      vertex -8.68886 5.80571 13.9
    endloop
  endfacet
  facet normal -0 0 1
    outer loop
      vertex -9.64505 6.44461 13.9
      vertex -8.68886 5.80571 13.9
      vertex -8.96692 7.35896 13.9
    endloop
  endfacet
  facet normal 0 0 1
    outer loop
      vertex -8.68886 5.80571 13.9
      vertex -9.64505 6.44461 13.9
      vertex -9.21608 4.9261 13.9
    endloop
  endfacet
  facet normal -0 0 1
    outer loop
      vertex -10.2303 5.4682 13.9
      vertex -9.21608 4.9261 13.9
      vertex -9.64505 6.44461 13.9
    endloop
  endfacet
  facet normal 0 0 1
    outer loop
      vertex -9.21608 4.9261 13.9
      vertex -10.2303 5.4682 13.9
      vertex -9.65454 3.99904 13.9
    endloop
  endfacet
  facet normal -0 0 1
    outer loop
      vertex -10.717 4.43913 13.9
      vertex -9.65454 3.99904 13.9
      vertex -10.2303 5.4682 13.9
    endloop
  endfacet
  facet normal 0 0 1
    outer loop
      vertex -9.65454 3.99904 13.9
      vertex -10.717 4.43913 13.9
      vertex -10 3.03347 13.9
    endloop
  endfacet
  facet normal -0 0 1
    outer loop
      vertex -11.1005 3.3673 13.9
      vertex -10 3.03347 13.9
      vertex -10.717 4.43913 13.9
    endloop
  endfacet
  facet normal 0 0 1
    outer loop
      vertex -10 3.03347 13.9
      vertex -11.1005 3.3673 13.9
      vertex -10.2492 2.03869 13.9
    endloop
  endfacet
  facet normal -0 0 1
    outer loop
      vertex -11.3771 2.26305 13.9
      vertex -10.2492 2.03869 13.9
      vertex -11.1005 3.3673 13.9
    endloop
  endfacet
  facet normal 0 0 1
    outer loop
      vertex 11.3771 -2.26305 13.9
      vertex 10.2492 -2.03869 13.9
      vertex 11.1005 -3.3673 13.9
    endloop
  endfacet
  facet normal -0 0 1
    outer loop
      vertex 10 -3.03347 13.9
      vertex 11.1005 -3.3673 13.9
      vertex 10.2492 -2.03869 13.9
    endloop
  endfacet
  facet normal 0 0 1
    outer loop
      vertex 11.1005 -3.3673 13.9
      vertex 10 -3.03347 13.9
      vertex 10.717 -4.43913 13.9
    endloop
  endfacet
  facet normal -0 0 1
    outer loop
      vertex 9.65454 -3.99904 13.9
      vertex 10.717 -4.43913 13.9
      vertex 10 -3.03347 13.9
    endloop
  endfacet
  facet normal 0 0 1
    outer loop
      vertex 10.717 -4.43913 13.9
      vertex 9.65454 -3.99904 13.9
      vertex 10.2303 -5.4682 13.9
    endloop
  endfacet
  facet normal -0 0 1
    outer loop
      vertex 9.21608 -4.9261 13.9
      vertex 10.2303 -5.4682 13.9
      vertex 9.65454 -3.99904 13.9
    endloop
  endfacet
  facet normal 0 0 1
    outer loop
      vertex 10.2303 -5.4682 13.9
      vertex 9.21608 -4.9261 13.9
      vertex 9.64505 -6.44461 13.9
    endloop
  endfacet
  facet normal -0 0 1
    outer loop
      vertex 8.68886 -5.80571 13.9
      vertex 9.64505 -6.44461 13.9
      vertex 9.21608 -4.9261 13.9
    endloop
  endfacet
  facet normal 0 0 1
    outer loop
      vertex 9.64505 -6.44461 13.9
      vertex 8.68886 -5.80571 13.9
      vertex 8.96692 -7.35896 13.9
    endloop
  endfacet
  facet normal -0 0 1
    outer loop
      vertex 8.07796 -6.62941 13.9
      vertex 8.96692 -7.35896 13.9
      vertex 8.68886 -5.80571 13.9
    endloop
  endfacet
  facet normal 0 0 1
    outer loop
      vertex 8.96692 -7.35896 13.9
      vertex 8.07796 -6.62941 13.9
      vertex 8.20244 -8.20244 13.9
    endloop
  endfacet
  facet normal -0 0 1
    outer loop
      vertex 7.38927 -7.38927 13.9
      vertex 8.20244 -8.20244 13.9
      vertex 8.07796 -6.62941 13.9
    endloop
  endfacet
  facet normal 0 0 1
    outer loop
      vertex 7.38927 -7.38927 13.9
      vertex 7.35896 -8.96692 13.9
      vertex 8.20244 -8.20244 13.9
    endloop
  endfacet
  facet normal -0 0 1
    outer loop
      vertex 6.62941 -8.07796 13.9
      vertex 7.35896 -8.96692 13.9
      vertex 7.38927 -7.38927 13.9
    endloop
  endfacet
  facet normal 0 0 1
    outer loop
      vertex 6.62941 -8.07796 13.9
      vertex 6.44461 -9.64505 13.9
      vertex 7.35896 -8.96692 13.9
    endloop
  endfacet
  facet normal -0 0 1
    outer loop
      vertex 5.80571 -8.68886 13.9
      vertex 6.44461 -9.64505 13.9
      vertex 6.62941 -8.07796 13.9
    endloop
  endfacet
  facet normal 0 0 1
    outer loop
      vertex 5.80571 -8.68886 13.9
      vertex 5.4682 -10.2303 13.9
      vertex 6.44461 -9.64505 13.9
    endloop
  endfacet
  facet normal -0 0 1
    outer loop
      vertex 4.9261 -9.21608 13.9
      vertex 5.4682 -10.2303 13.9
      vertex 5.80571 -8.68886 13.9
    endloop
  endfacet
  facet normal 0 0 1
    outer loop
      vertex 4.9261 -9.21608 13.9
      vertex 4.43913 -10.717 13.9
      vertex 5.4682 -10.2303 13.9
    endloop
  endfacet
  facet normal -0 0 1
    outer loop
      vertex 3.99904 -9.65454 13.9
      vertex 4.43913 -10.717 13.9
      vertex 4.9261 -9.21608 13.9
    endloop
  endfacet
  facet normal 0 0 1
    outer loop
      vertex 3.99904 -9.65454 13.9
      vertex 3.3673 -11.1005 13.9
      vertex 4.43913 -10.717 13.9
    endloop
  endfacet
  facet normal -0 0 1
    outer loop
      vertex 3.03347 -10 13.9
      vertex 3.3673 -11.1005 13.9
      vertex 3.99904 -9.65454 13.9
    endloop
  endfacet
  facet normal 0 0 1
    outer loop
      vertex 3.03347 -10 13.9
      vertex 2.26305 -11.3771 13.9
      vertex 3.3673 -11.1005 13.9
    endloop
  endfacet
  facet normal -0 0 1
    outer loop
      vertex 2.03869 -10.2492 13.9
      vertex 2.26305 -11.3771 13.9
      vertex 3.03347 -10 13.9
    endloop
  endfacet
  facet normal 0 0 1
    outer loop
      vertex 2.03869 -10.2492 13.9
      vertex 1.137 -11.5441 13.9
      vertex 2.26305 -11.3771 13.9
    endloop
  endfacet
  facet normal -0 0 1
    outer loop
      vertex 1.02428 -10.3997 13.9
      vertex 1.137 -11.5441 13.9
      vertex 2.03869 -10.2492 13.9
    endloop
  endfacet
  facet normal -0 0 1
    outer loop
      vertex 0 -10.45 13.9
      vertex 1.137 -11.5441 13.9
      vertex 1.02428 -10.3997 13.9
    endloop
  endfacet
  facet normal 0 0 1
    outer loop
      vertex 0 -10.45 13.9
      vertex 0 -11.6 13.9
      vertex 1.137 -11.5441 13.9
    endloop
  endfacet
  facet normal 0 0 1
    outer loop
      vertex -1.02428 -10.3997 13.9
      vertex 0 -11.6 13.9
      vertex 0 -10.45 13.9
    endloop
  endfacet
  facet normal 0 0 1
    outer loop
      vertex -1.02428 -10.3997 13.9
      vertex -1.137 -11.5441 13.9
      vertex 0 -11.6 13.9
    endloop
  endfacet
  facet normal 0 0 1
    outer loop
      vertex -2.03869 -10.2492 13.9
      vertex -1.137 -11.5441 13.9
      vertex -1.02428 -10.3997 13.9
    endloop
  endfacet
  facet normal 0 0 1
    outer loop
      vertex -2.03869 -10.2492 13.9
      vertex -2.26305 -11.3771 13.9
      vertex -1.137 -11.5441 13.9
    endloop
  endfacet
  facet normal 0 0 1
    outer loop
      vertex -3.03347 -10 13.9
      vertex -2.26305 -11.3771 13.9
      vertex -2.03869 -10.2492 13.9
    endloop
  endfacet
  facet normal 0 0 1
    outer loop
      vertex -3.03347 -10 13.9
      vertex -3.3673 -11.1005 13.9
      vertex -2.26305 -11.3771 13.9
    endloop
  endfacet
  facet normal 0 0 1
    outer loop
      vertex -3.99904 -9.65454 13.9
      vertex -3.3673 -11.1005 13.9
      vertex -3.03347 -10 13.9
    endloop
  endfacet
  facet normal 0 0 1
    outer loop
      vertex -3.99904 -9.65454 13.9
      vertex -4.43913 -10.717 13.9
      vertex -3.3673 -11.1005 13.9
    endloop
  endfacet
  facet normal 0 0 1
    outer loop
      vertex -4.9261 -9.21608 13.9
      vertex -4.43913 -10.717 13.9
      vertex -3.99904 -9.65454 13.9
    endloop
  endfacet
  facet normal 0 0 1
    outer loop
      vertex -4.9261 -9.21608 13.9
      vertex -5.4682 -10.2303 13.9
      vertex -4.43913 -10.717 13.9
    endloop
  endfacet
  facet normal 0 0 1
    outer loop
      vertex -5.80571 -8.68886 13.9
      vertex -5.4682 -10.2303 13.9
      vertex -4.9261 -9.21608 13.9
    endloop
  endfacet
  facet normal 0 0 1
    outer loop
      vertex -5.80571 -8.68886 13.9
      vertex -6.44461 -9.64505 13.9
      vertex -5.4682 -10.2303 13.9
    endloop
  endfacet
  facet normal 0 0 1
    outer loop
      vertex -6.62941 -8.07796 13.9
      vertex -6.44461 -9.64505 13.9
      vertex -5.80571 -8.68886 13.9
    endloop
  endfacet
  facet normal 0 0 1
    outer loop
      vertex -6.62941 -8.07796 13.9
      vertex -7.35896 -8.96692 13.9
      vertex -6.44461 -9.64505 13.9
    endloop
  endfacet
  facet normal 0 0 1
    outer loop
      vertex -7.38927 -7.38927 13.9
      vertex -7.35896 -8.96692 13.9
      vertex -6.62941 -8.07796 13.9
    endloop
  endfacet
  facet normal 0 0 1
    outer loop
      vertex -8.20244 -8.20244 13.9
      vertex -7.38927 -7.38927 13.9
      vertex -8.07796 -6.62941 13.9
    endloop
  endfacet
  facet normal 0 0 1
    outer loop
      vertex -7.38927 -7.38927 13.9
      vertex -8.20244 -8.20244 13.9
      vertex -7.35896 -8.96692 13.9
    endloop
  endfacet
  facet normal 0 0 1
    outer loop
      vertex -8.96692 -7.35896 13.9
      vertex -8.07796 -6.62941 13.9
      vertex -8.68886 -5.80571 13.9
    endloop
  endfacet
  facet normal 0 0 1
    outer loop
      vertex -8.07796 -6.62941 13.9
      vertex -8.96692 -7.35896 13.9
      vertex -8.20244 -8.20244 13.9
    endloop
  endfacet
  facet normal 0 0 1
    outer loop
      vertex -9.64505 -6.44461 13.9
      vertex -8.68886 -5.80571 13.9
      vertex -9.21608 -4.9261 13.9
    endloop
  endfacet
  facet normal 0 0 1
    outer loop
      vertex -8.68886 -5.80571 13.9
      vertex -9.64505 -6.44461 13.9
      vertex -8.96692 -7.35896 13.9
    endloop
  endfacet
  facet normal 0 0 1
    outer loop
      vertex -10.2303 -5.4682 13.9
      vertex -9.21608 -4.9261 13.9
      vertex -9.65454 -3.99904 13.9
    endloop
  endfacet
  facet normal 0 0 1
    outer loop
      vertex -10.717 -4.43913 13.9
      vertex -9.65454 -3.99904 13.9
      vertex -10 -3.03347 13.9
    endloop
  endfacet
  facet normal 0 0 1
    outer loop
      vertex -9.21608 -4.9261 13.9
      vertex -10.2303 -5.4682 13.9
      vertex -9.64505 -6.44461 13.9
    endloop
  endfacet
  facet normal 0 0 1
    outer loop
      vertex -11.1005 -3.3673 13.9
      vertex -10 -3.03347 13.9
      vertex -10.2492 -2.03869 13.9
    endloop
  endfacet
  facet normal 0 0 1
    outer loop
      vertex -11.3771 -2.26305 13.9
      vertex -10.2492 -2.03869 13.9
      vertex -10.3997 -1.02428 13.9
    endloop
  endfacet
  facet normal 0 0 1
    outer loop
      vertex -11.5441 -1.137 13.9
      vertex -10.3997 -1.02428 13.9
      vertex -10.45 0 13.9
    endloop
  endfacet
  facet normal 0 0 1
    outer loop
      vertex -10.2492 2.03869 13.9
      vertex -11.3771 2.26305 13.9
      vertex -10.3997 1.02428 13.9
    endloop
  endfacet
  facet normal 0 0 1
    outer loop
      vertex -9.65454 -3.99904 13.9
      vertex -10.717 -4.43913 13.9
      vertex -10.2303 -5.4682 13.9
    endloop
  endfacet
  facet normal -0 0 1
    outer loop
      vertex -11.5441 1.137 13.9
      vertex -10.3997 1.02428 13.9
      vertex -11.3771 2.26305 13.9
    endloop
  endfacet
  facet normal 0 0 1
    outer loop
      vertex -10 -3.03347 13.9
      vertex -11.1005 -3.3673 13.9
      vertex -10.717 -4.43913 13.9
    endloop
  endfacet
  facet normal 0 0 1
    outer loop
      vertex -10.3997 1.02428 13.9
      vertex -11.5441 1.137 13.9
      vertex -10.45 0 13.9
    endloop
  endfacet
  facet normal 0 0 1
    outer loop
      vertex -10.2492 -2.03869 13.9
      vertex -11.3771 -2.26305 13.9
      vertex -11.1005 -3.3673 13.9
    endloop
  endfacet
  facet normal 0 0 1
    outer loop
      vertex -11.6 0 13.9
      vertex -10.45 0 13.9
      vertex -11.5441 1.137 13.9
    endloop
  endfacet
  facet normal 0 0 1
    outer loop
      vertex -10.3997 -1.02428 13.9
      vertex -11.5441 -1.137 13.9
      vertex -11.3771 -2.26305 13.9
    endloop
  endfacet
  facet normal 0 0 1
    outer loop
      vertex -10.45 0 13.9
      vertex -11.6 0 13.9
      vertex -11.5441 -1.137 13.9
    endloop
  endfacet
  facet normal -0.903994 -0.427545 0
    outer loop
      vertex -10.2303 -5.4682 10.9
      vertex -10.717 -4.43913 13.9
      vertex -10.717 -4.43913 10.9
    endloop
  endfacet
  facet normal -0.903994 -0.427545 0
    outer loop
      vertex -10.717 -4.43913 13.9
      vertex -10.2303 -5.4682 10.9
      vertex -10.2303 -5.4682 13.9
    endloop
  endfacet
  facet normal 0.5957 -0.803207 0
    outer loop
      vertex 6.44461 -9.64505 11.9
      vertex 7.35896 -8.96692 13.9
      vertex 6.44461 -9.64505 13.9
    endloop
  endfacet
  facet normal 0.5957 -0.803207 0
    outer loop
      vertex 7.35896 -8.96692 13.9
      vertex 6.44461 -9.64505 11.9
      vertex 7.35896 -8.96692 11.9
    endloop
  endfacet
  facet normal -0.0491052 -0.998794 0
    outer loop
      vertex -1.137 -11.5441 10.9
      vertex 0 -11.6 13.9
      vertex -1.137 -11.5441 13.9
    endloop
  endfacet
  facet normal -0.0491052 -0.998794 -0
    outer loop
      vertex 0 -11.6 13.9
      vertex -1.137 -11.5441 10.9
      vertex 0 -11.6 10.9
    endloop
  endfacet
  facet normal -0.427545 0.903994 0
    outer loop
      vertex -4.43913 10.717 10.9
      vertex -5.4682 10.2303 13.9
      vertex -4.43913 10.717 13.9
    endloop
  endfacet
  facet normal -0.427545 0.903994 0
    outer loop
      vertex -5.4682 10.2303 13.9
      vertex -4.43913 10.717 10.9
      vertex -5.4682 10.2303 10.9
    endloop
  endfacet
  facet normal -0.740954 0.671556 0
    outer loop
      vertex -8.96692 7.35896 10.9
      vertex -8.20244 8.20244 13.9
      vertex -8.20244 8.20244 10.9
    endloop
  endfacet
  facet normal -0.740954 0.671556 0
    outer loop
      vertex -8.20244 8.20244 13.9
      vertex -8.96692 7.35896 10.9
      vertex -8.96692 7.35896 13.9
    endloop
  endfacet
  facet normal 0.146701 -0.989181 3.22677e-05
    outer loop
      vertex 1.137 -11.5441 13.9
      vertex 2.02412 -11.4126 11.9
      vertex 2.26305 -11.3771 13.9
    endloop
  endfacet
  facet normal 0.14663 -0.989191 0
    outer loop
      vertex 1.137 -11.5441 10.9
      vertex 2.02412 -11.4126 11.9
      vertex 1.137 -11.5441 13.9
    endloop
  endfacet
  facet normal 0.14663 -0.989191 0
    outer loop
      vertex 2.02412 -11.4126 11.9
      vertex 1.137 -11.5441 10.9
      vertex 2.02412 -11.4126 10.9
    endloop
  endfacet
  facet normal 0.146966 -0.989142 0
    outer loop
      vertex 2.26305 -11.3771 13.9
      vertex 2.02412 -11.4126 11.9
      vertex 2.26305 -11.3771 11.9
    endloop
  endfacet
  facet normal 0.740974 -0.671533 0
    outer loop
      vertex 8.96692 -7.35896 13.9
      vertex 8.87563 -7.45969 11.9
      vertex 8.96692 -7.35896 10.9
    endloop
  endfacet
  facet normal 0.740954 -0.671556 2.10002e-06
    outer loop
      vertex 8.20244 -8.20244 13.9
      vertex 8.87563 -7.45969 11.9
      vertex 8.96692 -7.35896 13.9
    endloop
  endfacet
  facet normal 0.740951 -0.671559 0
    outer loop
      vertex 8.87563 -7.45969 11.9
      vertex 8.20244 -8.20244 13.9
      vertex 8.20244 -8.20244 11.9
    endloop
  endfacet
  facet normal 0.740974 -0.671533 0
    outer loop
      vertex 8.96692 -7.35896 10.9
      vertex 8.87563 -7.45969 11.9
      vertex 8.87563 -7.45969 10.9
    endloop
  endfacet
  facet normal 0.336884 -0.941546 0
    outer loop
      vertex 3.3673 -11.1005 11.9
      vertex 4.43913 -10.717 13.9
      vertex 3.3673 -11.1005 13.9
    endloop
  endfacet
  facet normal 0.336884 -0.941546 0
    outer loop
      vertex 4.43913 -10.717 13.9
      vertex 3.3673 -11.1005 11.9
      vertex 4.43913 -10.717 11.9
    endloop
  endfacet
  facet normal -0.24298 0.970031 0
    outer loop
      vertex -2.26305 11.3771 10.9
      vertex -3.3673 11.1005 13.9
      vertex -2.26305 11.3771 13.9
    endloop
  endfacet
  facet normal -0.24298 0.970031 0
    outer loop
      vertex -3.3673 11.1005 13.9
      vertex -2.26305 11.3771 10.9
      vertex -3.3673 11.1005 10.9
    endloop
  endfacet
  facet normal 0.989181 -0.146701 0
    outer loop
      vertex 11.3771 -2.26305 13.9
      vertex 11.5441 -1.137 10.9
      vertex 11.5441 -1.137 13.9
    endloop
  endfacet
  facet normal 0.989181 -0.146701 0
    outer loop
      vertex 11.5441 -1.137 10.9
      vertex 11.3771 -2.26305 13.9
      vertex 11.3771 -2.26305 10.9
    endloop
  endfacet
  facet normal -0.970031 0.24298 0
    outer loop
      vertex -11.3771 2.26305 11.9
      vertex -11.1005 3.3673 13.9
      vertex -11.1005 3.3673 11.9
    endloop
  endfacet
  facet normal -0.970031 0.24298 0
    outer loop
      vertex -11.1005 3.3673 13.9
      vertex -11.3771 2.26305 11.9
      vertex -11.3771 2.26305 13.9
    endloop
  endfacet
  facet normal 0.941546 -0.336884 0
    outer loop
      vertex 10.717 -4.43913 13.9
      vertex 11.1005 -3.3673 10.9
      vertex 11.1005 -3.3673 13.9
    endloop
  endfacet
  facet normal 0.941546 -0.336884 0
    outer loop
      vertex 11.1005 -3.3673 10.9
      vertex 10.717 -4.43913 13.9
      vertex 10.717 -4.43913 10.9
    endloop
  endfacet
  facet normal 0.5957 0.803207 -0
    outer loop
      vertex 7.35896 8.96692 11.9
      vertex 6.44461 9.64505 13.9
      vertex 7.35896 8.96692 13.9
    endloop
  endfacet
  facet normal 0.5957 0.803207 0
    outer loop
      vertex 6.44461 9.64505 13.9
      vertex 7.35896 8.96692 11.9
      vertex 6.44461 9.64505 11.9
    endloop
  endfacet
  facet normal 0.514111 -0.857724 0
    outer loop
      vertex 5.4682 -10.2303 11.9
      vertex 6.44461 -9.64505 13.9
      vertex 5.4682 -10.2303 13.9
    endloop
  endfacet
  facet normal 0.514111 -0.857724 0
    outer loop
      vertex 6.44461 -9.64505 13.9
      vertex 5.4682 -10.2303 11.9
      vertex 6.44461 -9.64505 11.9
    endloop
  endfacet
  facet normal 0.803207 0.5957 0
    outer loop
      vertex 9.64505 6.44461 13.9
      vertex 8.96692 7.35896 10.9
      vertex 8.96692 7.35896 13.9
    endloop
  endfacet
  facet normal 0.803207 0.5957 0
    outer loop
      vertex 8.96692 7.35896 10.9
      vertex 9.64505 6.44461 13.9
      vertex 9.64505 6.44461 10.9
    endloop
  endfacet
  facet normal -0.427545 -0.903994 0
    outer loop
      vertex -5.4682 -10.2303 10.9
      vertex -4.43913 -10.717 13.9
      vertex -5.4682 -10.2303 13.9
    endloop
  endfacet
  facet normal -0.427545 -0.903994 -0
    outer loop
      vertex -4.43913 -10.717 13.9
      vertex -5.4682 -10.2303 10.9
      vertex -4.43913 -10.717 10.9
    endloop
  endfacet
  facet normal 0.903994 -0.427545 0
    outer loop
      vertex 10.2303 -5.4682 13.9
      vertex 10.717 -4.43913 10.9
      vertex 10.717 -4.43913 13.9
    endloop
  endfacet
  facet normal 0.903994 -0.427545 0
    outer loop
      vertex 10.717 -4.43913 10.9
      vertex 10.2303 -5.4682 13.9
      vertex 10.2303 -5.4682 10.9
    endloop
  endfacet
  facet normal 0.514111 0.857724 -0
    outer loop
      vertex 6.44461 9.64505 11.9
      vertex 5.4682 10.2303 13.9
      vertex 6.44461 9.64505 13.9
    endloop
  endfacet
  facet normal 0.514111 0.857724 0
    outer loop
      vertex 5.4682 10.2303 13.9
      vertex 6.44461 9.64505 11.9
      vertex 5.4682 10.2303 11.9
    endloop
  endfacet
  facet normal 0.24298 -0.970031 0
    outer loop
      vertex 2.26305 -11.3771 11.9
      vertex 3.3673 -11.1005 13.9
      vertex 2.26305 -11.3771 13.9
    endloop
  endfacet
  facet normal 0.24298 -0.970031 0
    outer loop
      vertex 3.3673 -11.1005 13.9
      vertex 2.26305 -11.3771 11.9
      vertex 3.3673 -11.1005 11.9
    endloop
  endfacet
  facet normal 0.0491052 -0.998794 0
    outer loop
      vertex 0 -11.6 10.9
      vertex 1.137 -11.5441 13.9
      vertex 0 -11.6 13.9
    endloop
  endfacet
  facet normal 0.0491052 -0.998794 0
    outer loop
      vertex 1.137 -11.5441 13.9
      vertex 0 -11.6 10.9
      vertex 1.137 -11.5441 10.9
    endloop
  endfacet
  facet normal 0.803207 -0.5957 0
    outer loop
      vertex 8.96692 -7.35896 13.9
      vertex 9.64505 -6.44461 10.9
      vertex 9.64505 -6.44461 13.9
    endloop
  endfacet
  facet normal 0.803207 -0.5957 0
    outer loop
      vertex 9.64505 -6.44461 10.9
      vertex 8.96692 -7.35896 13.9
      vertex 8.96692 -7.35896 10.9
    endloop
  endfacet
  facet normal 0.0491052 0.998794 -0
    outer loop
      vertex 1.137 11.5441 10.9
      vertex 0 11.6 13.9
      vertex 1.137 11.5441 13.9
    endloop
  endfacet
  facet normal 0.0491052 0.998794 0
    outer loop
      vertex 0 11.6 13.9
      vertex 1.137 11.5441 10.9
      vertex 0 11.6 10.9
    endloop
  endfacet
  facet normal -0.857724 -0.514111 0
    outer loop
      vertex -9.64505 -6.44461 10.9
      vertex -10.2303 -5.4682 13.9
      vertex -10.2303 -5.4682 10.9
    endloop
  endfacet
  facet normal -0.857724 -0.514111 0
    outer loop
      vertex -10.2303 -5.4682 13.9
      vertex -9.64505 -6.44461 10.9
      vertex -9.64505 -6.44461 13.9
    endloop
  endfacet
  facet normal -0.146701 -0.989181 0
    outer loop
      vertex -2.26305 -11.3771 10.9
      vertex -1.137 -11.5441 13.9
      vertex -2.26305 -11.3771 13.9
    endloop
  endfacet
  facet normal -0.146701 -0.989181 -0
    outer loop
      vertex -1.137 -11.5441 13.9
      vertex -2.26305 -11.3771 10.9
      vertex -1.137 -11.5441 10.9
    endloop
  endfacet
  facet normal -0.941533 -0.33692 0
    outer loop
      vertex -10.8924 -3.94897 10.9
      vertex -10.717 -4.43913 10.9
      vertex -10.8924 -3.94897 11.9
    endloop
  endfacet
  facet normal -0.941557 -0.336854 0
    outer loop
      vertex -10.8924 -3.94897 11.9
      vertex -11.1005 -3.3673 13.9
      vertex -11.1005 -3.3673 11.9
    endloop
  endfacet
  facet normal -0.941533 -0.33692 -0
    outer loop
      vertex -10.717 -4.43913 13.9
      vertex -10.8924 -3.94897 11.9
      vertex -10.717 -4.43913 10.9
    endloop
  endfacet
  facet normal -0.941546 -0.336884 9.93612e-06
    outer loop
      vertex -10.8924 -3.94897 11.9
      vertex -10.717 -4.43913 13.9
      vertex -11.1005 -3.3673 13.9
    endloop
  endfacet
  facet normal 0.970031 -0.24298 0
    outer loop
      vertex 11.1005 -3.3673 13.9
      vertex 11.3771 -2.26305 10.9
      vertex 11.3771 -2.26305 13.9
    endloop
  endfacet
  facet normal 0.970031 -0.24298 0
    outer loop
      vertex 11.3771 -2.26305 10.9
      vertex 11.1005 -3.3673 13.9
      vertex 11.1005 -3.3673 10.9
    endloop
  endfacet
  facet normal -0.903994 0.427545 0
    outer loop
      vertex -10.717 4.43913 10.9
      vertex -10.2303 5.4682 13.9
      vertex -10.2303 5.4682 10.9
    endloop
  endfacet
  facet normal -0.903994 0.427545 0
    outer loop
      vertex -10.2303 5.4682 13.9
      vertex -10.717 4.43913 10.9
      vertex -10.717 4.43913 13.9
    endloop
  endfacet
  facet normal 0.740951 0.671559 0
    outer loop
      vertex 8.20244 8.20244 13.9
      vertex 8.87563 7.45969 11.9
      vertex 8.20244 8.20244 11.9
    endloop
  endfacet
  facet normal 0.740954 0.671556 2.10002e-06
    outer loop
      vertex 8.96692 7.35896 13.9
      vertex 8.87563 7.45969 11.9
      vertex 8.20244 8.20244 13.9
    endloop
  endfacet
  facet normal 0.740974 0.671533 -0
    outer loop
      vertex 8.96692 7.35896 10.9
      vertex 8.87563 7.45969 11.9
      vertex 8.96692 7.35896 13.9
    endloop
  endfacet
  facet normal 0.740974 0.671533 0
    outer loop
      vertex 8.87563 7.45969 11.9
      vertex 8.96692 7.35896 10.9
      vertex 8.87563 7.45969 10.9
    endloop
  endfacet
  facet normal -0.514111 0.857724 0
    outer loop
      vertex -5.4682 10.2303 10.9
      vertex -6.44461 9.64505 13.9
      vertex -5.4682 10.2303 13.9
    endloop
  endfacet
  facet normal -0.514111 0.857724 0
    outer loop
      vertex -6.44461 9.64505 13.9
      vertex -5.4682 10.2303 10.9
      vertex -6.44461 9.64505 10.9
    endloop
  endfacet
  facet normal -0.740954 -0.671556 0
    outer loop
      vertex -8.20244 -8.20244 10.9
      vertex -8.96692 -7.35896 13.9
      vertex -8.96692 -7.35896 10.9
    endloop
  endfacet
  facet normal -0.740954 -0.671556 0
    outer loop
      vertex -8.96692 -7.35896 13.9
      vertex -8.20244 -8.20244 10.9
      vertex -8.20244 -8.20244 13.9
    endloop
  endfacet
  facet normal 0.146966 0.989142 0
    outer loop
      vertex 2.02412 11.4126 11.9
      vertex 2.26305 11.3771 13.9
      vertex 2.26305 11.3771 11.9
    endloop
  endfacet
  facet normal 0.146701 0.989181 3.22677e-05
    outer loop
      vertex 2.26305 11.3771 13.9
      vertex 2.02412 11.4126 11.9
      vertex 1.137 11.5441 13.9
    endloop
  endfacet
  facet normal 0.14663 0.989191 0
    outer loop
      vertex 1.137 11.5441 10.9
      vertex 2.02412 11.4126 11.9
      vertex 2.02412 11.4126 10.9
    endloop
  endfacet
  facet normal 0.14663 0.989191 0
    outer loop
      vertex 2.02412 11.4126 11.9
      vertex 1.137 11.5441 10.9
      vertex 1.137 11.5441 13.9
    endloop
  endfacet
  facet normal 0.671556 -0.740954 0
    outer loop
      vertex 7.35896 -8.96692 11.9
      vertex 8.20244 -8.20244 13.9
      vertex 7.35896 -8.96692 13.9
    endloop
  endfacet
  facet normal 0.671556 -0.740954 0
    outer loop
      vertex 8.20244 -8.20244 13.9
      vertex 7.35896 -8.96692 11.9
      vertex 8.20244 -8.20244 11.9
    endloop
  endfacet
  facet normal -0.941533 0.33692 0
    outer loop
      vertex -10.8924 3.94897 11.9
      vertex -10.717 4.43913 10.9
      vertex -10.8924 3.94897 10.9
    endloop
  endfacet
  facet normal -0.941533 0.33692 0
    outer loop
      vertex -10.717 4.43913 10.9
      vertex -10.8924 3.94897 11.9
      vertex -10.717 4.43913 13.9
    endloop
  endfacet
  facet normal -0.941557 0.336854 0
    outer loop
      vertex -11.1005 3.3673 13.9
      vertex -10.8924 3.94897 11.9
      vertex -11.1005 3.3673 11.9
    endloop
  endfacet
  facet normal -0.941546 0.336884 9.93612e-06
    outer loop
      vertex -10.8924 3.94897 11.9
      vertex -11.1005 3.3673 13.9
      vertex -10.717 4.43913 13.9
    endloop
  endfacet
  facet normal -0.989181 -0.146701 0
    outer loop
      vertex -11.3771 -2.26305 11.9
      vertex -11.5441 -1.137 13.9
      vertex -11.5441 -1.137 11.9
    endloop
  endfacet
  facet normal -0.989181 -0.146701 0
    outer loop
      vertex -11.5441 -1.137 13.9
      vertex -11.3771 -2.26305 11.9
      vertex -11.3771 -2.26305 13.9
    endloop
  endfacet
  facet normal -0.998794 -0.0491052 0
    outer loop
      vertex -11.5441 -1.137 11.9
      vertex -11.6 0 13.9
      vertex -11.6 0 11.9
    endloop
  endfacet
  facet normal -0.998794 -0.0491052 0
    outer loop
      vertex -11.6 0 13.9
      vertex -11.5441 -1.137 11.9
      vertex -11.5441 -1.137 13.9
    endloop
  endfacet
  facet normal -0.24298 -0.970031 0
    outer loop
      vertex -3.3673 -11.1005 10.9
      vertex -2.26305 -11.3771 13.9
      vertex -3.3673 -11.1005 13.9
    endloop
  endfacet
  facet normal -0.24298 -0.970031 -0
    outer loop
      vertex -2.26305 -11.3771 13.9
      vertex -3.3673 -11.1005 10.9
      vertex -2.26305 -11.3771 10.9
    endloop
  endfacet
  facet normal -0.5957 -0.803207 0
    outer loop
      vertex -7.35896 -8.96692 10.9
      vertex -6.44461 -9.64505 13.9
      vertex -7.35896 -8.96692 13.9
    endloop
  endfacet
  facet normal -0.5957 -0.803207 -0
    outer loop
      vertex -6.44461 -9.64505 13.9
      vertex -7.35896 -8.96692 10.9
      vertex -6.44461 -9.64505 10.9
    endloop
  endfacet
  facet normal -0.857724 0.514111 0
    outer loop
      vertex -10.2303 5.4682 10.9
      vertex -9.64505 6.44461 13.9
      vertex -9.64505 6.44461 10.9
    endloop
  endfacet
  facet normal -0.857724 0.514111 0
    outer loop
      vertex -9.64505 6.44461 13.9
      vertex -10.2303 5.4682 10.9
      vertex -10.2303 5.4682 13.9
    endloop
  endfacet
  facet normal -0.514111 -0.857724 0
    outer loop
      vertex -6.44461 -9.64505 10.9
      vertex -5.4682 -10.2303 13.9
      vertex -6.44461 -9.64505 13.9
    endloop
  endfacet
  facet normal -0.514111 -0.857724 -0
    outer loop
      vertex -5.4682 -10.2303 13.9
      vertex -6.44461 -9.64505 10.9
      vertex -5.4682 -10.2303 10.9
    endloop
  endfacet
  facet normal 0.718597 -0.695427 0
    outer loop
      vertex 3.10764 18.5643 10.9
      vertex 3.56626 19.0382 8.4
      vertex 3.56626 19.0382 10.9
    endloop
  endfacet
  facet normal 0.718597 -0.695427 0
    outer loop
      vertex 3.56626 19.0382 8.4
      vertex 3.10764 18.5643 10.9
      vertex 3.10764 18.5643 8.4
    endloop
  endfacet
  facet normal -0.0163617 0.999866 0
    outer loop
      vertex 8.59951 7.42792 8.4
      vertex 7.94013 7.41713 11.9
      vertex 8.59951 7.42792 11.9
    endloop
  endfacet
  facet normal -0.0163617 0.999866 0
    outer loop
      vertex 7.94013 7.41713 11.9
      vertex 8.59951 7.42792 8.4
      vertex 7.94013 7.41713 8.4
    endloop
  endfacet
  facet normal 0.840471 -0.541856 0
    outer loop
      vertex 2.34031 17.4935 10.9
      vertex 2.69767 18.0478 8.4
      vertex 2.69767 18.0478 10.9
    endloop
  endfacet
  facet normal 0.840471 -0.541856 0
    outer loop
      vertex 2.69767 18.0478 8.4
      vertex 2.34031 17.4935 10.9
      vertex 2.34031 17.4935 8.4
    endloop
  endfacet
  facet normal 0.822286 0.569075 0
    outer loop
      vertex 2.8214 10.0531 11.9
      vertex 2.45336 10.5849 8.4
      vertex 2.45336 10.5849 11.9
    endloop
  endfacet
  facet normal 0.822286 0.569075 0
    outer loop
      vertex 2.45336 10.5849 8.4
      vertex 2.8214 10.0531 11.9
      vertex 2.8214 10.0531 8.4
    endloop
  endfacet
  facet normal 0.993447 0.114297 0
    outer loop
      vertex 1.52976 13.0389 10.9
      vertex 1.45439 13.694 8.4
      vertex 1.45439 13.694 10.9
    endloop
  endfacet
  facet normal 0.993447 0.114297 0
    outer loop
      vertex 1.45439 13.694 8.4
      vertex 1.52976 13.0389 10.9
      vertex 1.52976 13.0389 8.4
    endloop
  endfacet
  facet normal 0.961561 -0.274593 0
    outer loop
      vertex 1.61555 15.6595 10.9
      vertex 1.79663 16.2936 8.4
      vertex 1.79663 16.2936 10.9
    endloop
  endfacet
  facet normal 0.961561 -0.274593 0
    outer loop
      vertex 1.79663 16.2936 8.4
      vertex 1.61555 15.6595 10.9
      vertex 1.61555 15.6595 8.4
    endloop
  endfacet
  facet normal -0.397722 0.917506 0
    outer loop
      vertex 11.1322 8.10655 8.4
      vertex 10.5271 7.84425 10.9
      vertex 11.1322 8.10655 10.9
    endloop
  endfacet
  facet normal -0.397722 0.917506 0
    outer loop
      vertex 10.5271 7.84425 10.9
      vertex 11.1322 8.10655 8.4
      vertex 10.5271 7.84425 8.4
    endloop
  endfacet
  facet normal -0.305919 0.952058 0
    outer loop
      vertex 10.5271 7.84425 8.4
      vertex 9.89926 7.64251 10.9
      vertex 10.5271 7.84425 10.9
    endloop
  endfacet
  facet normal -0.305919 0.952058 0
    outer loop
      vertex 9.89926 7.64251 10.9
      vertex 10.5271 7.84425 8.4
      vertex 9.89926 7.64251 8.4
    endloop
  endfacet
  facet normal -0.999866 -0.0163788 0
    outer loop
      vertex 14.8764 13.9137 8.4
      vertex 14.8656 14.573 10.9
      vertex 14.8656 14.573 8.4
    endloop
  endfacet
  facet normal -0.999866 -0.0163788 0
    outer loop
      vertex 14.8656 14.573 10.9
      vertex 14.8764 13.9137 8.4
      vertex 14.8764 13.9137 10.9
    endloop
  endfacet
  facet normal -0.840399 0.541968 0
    outer loop
      vertex 13.6223 10.2193 8.4
      vertex 13.9797 10.7735 10.9
      vertex 13.9797 10.7735 8.4
    endloop
  endfacet
  facet normal -0.840399 0.541968 0
    outer loop
      vertex 13.9797 10.7735 10.9
      vertex 13.6223 10.2193 8.4
      vertex 13.6223 10.2193 10.9
    endloop
  endfacet
  facet normal -0.211111 0.977462 0
    outer loop
      vertex 9.89926 7.64251 8.4
      vertex 9.25466 7.50329 10.9
      vertex 9.89926 7.64251 10.9
    endloop
  endfacet
  facet normal -0.211111 0.977462 0
    outer loop
      vertex 9.25466 7.50329 10.9
      vertex 9.89926 7.64251 8.4
      vertex 9.25466 7.50329 8.4
    endloop
  endfacet
  facet normal -0.178936 -0.983861 0
    outer loop
      vertex 9.03714 20.796 8.4
      vertex 9.68595 20.678 10.9
      vertex 9.03714 20.796 10.9
    endloop
  endfacet
  facet normal -0.178936 -0.983861 -0
    outer loop
      vertex 9.68595 20.678 10.9
      vertex 9.03714 20.796 8.4
      vertex 9.68595 20.678 8.4
    endloop
  endfacet
  facet normal -0.930016 0.367519 0
    outer loop
      vertex 14.281 11.3601 8.4
      vertex 14.5234 11.9735 10.9
      vertex 14.5234 11.9735 8.4
    endloop
  endfacet
  facet normal -0.930016 0.367519 0
    outer loop
      vertex 14.5234 11.9735 10.9
      vertex 14.281 11.3601 8.4
      vertex 14.281 11.3601 10.9
    endloop
  endfacet
  facet normal 0.647005 -0.762486 0
    outer loop
      vertex 3.56626 19.0382 8.4
      vertex 4.06912 19.4649 10.9
      vertex 3.56626 19.0382 10.9
    endloop
  endfacet
  facet normal 0.647005 -0.762486 0
    outer loop
      vertex 4.06912 19.4649 10.9
      vertex 3.56626 19.0382 8.4
      vertex 4.06912 19.4649 8.4
    endloop
  endfacet
  facet normal -0.36757 -0.929996 0
    outer loop
      vertex 10.3201 20.4969 8.4
      vertex 10.9334 20.2545 10.9
      vertex 10.3201 20.4969 10.9
    endloop
  endfacet
  facet normal -0.36757 -0.929996 -0
    outer loop
      vertex 10.9334 20.2545 10.9
      vertex 10.3201 20.4969 8.4
      vertex 10.9334 20.2545 8.4
    endloop
  endfacet
  facet normal -0.456892 -0.889522 0
    outer loop
      vertex 10.9334 20.2545 8.4
      vertex 11.52 19.9532 10.9
      vertex 10.9334 20.2545 10.9
    endloop
  endfacet
  facet normal -0.456892 -0.889522 -0
    outer loop
      vertex 11.52 19.9532 10.9
      vertex 10.9334 20.2545 8.4
      vertex 11.52 19.9532 8.4
    endloop
  endfacet
  facet normal 0.0817168 0.996656 -0
    outer loop
      vertex 7.94013 7.41713 8.4
      vertex 7.30067 7.46956 11.9
      vertex 7.94013 7.41713 11.9
    endloop
  endfacet
  facet normal 0.0817168 0.996656 0
    outer loop
      vertex 7.30067 7.46956 11.9
      vertex 7.94013 7.41713 8.4
      vertex 7.30067 7.46956 8.4
    endloop
  endfacet
  facet normal 0.569096 -0.822271 0
    outer loop
      vertex 4.06912 19.4649 8.4
      vertex 4.61138 19.8402 10.9
      vertex 4.06912 19.4649 10.9
    endloop
  endfacet
  facet normal 0.569096 -0.822271 0
    outer loop
      vertex 4.61138 19.8402 10.9
      vertex 4.06912 19.4649 8.4
      vertex 4.61138 19.8402 8.4
    endloop
  endfacet
  facet normal 0.930016 -0.367518 0
    outer loop
      vertex 1.79663 16.2936 10.9
      vertex 2.03899 16.9069 8.4
      vertex 2.03899 16.9069 10.9
    endloop
  endfacet
  facet normal 0.930016 -0.367518 0
    outer loop
      vertex 2.03899 16.9069 8.4
      vertex 1.79663 16.2936 10.9
      vertex 1.79663 16.2936 8.4
    endloop
  endfacet
  facet normal -0.917482 -0.397778 0
    outer loop
      vertex 14.4493 16.5007 8.4
      vertex 14.187 17.1057 10.9
      vertex 14.187 17.1057 8.4
    endloop
  endfacet
  facet normal -0.917482 -0.397778 0
    outer loop
      vertex 14.187 17.1057 10.9
      vertex 14.4493 16.5007 8.4
      vertex 14.4493 16.5007 10.9
    endloop
  endfacet
  facet normal -0.621658 -0.783289 0
    outer loop
      vertex 12.0742 19.5959 8.4
      vertex 12.5908 19.1859 10.9
      vertex 12.0742 19.5959 10.9
    endloop
  endfacet
  facet normal -0.621658 -0.783289 -0
    outer loop
      vertex 12.5908 19.1859 10.9
      vertex 12.0742 19.5959 8.4
      vertex 12.5908 19.1859 8.4
    endloop
  endfacet
  facet normal 0.305992 -0.952034 0
    outer loop
      vertex 5.79288 20.4228 8.4
      vertex 6.42074 20.6246 10.9
      vertex 5.79288 20.4228 10.9
    endloop
  endfacet
  facet normal 0.305992 -0.952034 0
    outer loop
      vertex 6.42074 20.6246 10.9
      vertex 5.79288 20.4228 8.4
      vertex 6.42074 20.6246 8.4
    endloop
  endfacet
  facet normal -0.274601 -0.961558 0
    outer loop
      vertex 9.68595 20.678 8.4
      vertex 10.3201 20.4969 10.9
      vertex 9.68595 20.678 10.9
    endloop
  endfacet
  facet normal -0.274601 -0.961558 -0
    outer loop
      vertex 10.3201 20.4969 10.9
      vertex 9.68595 20.678 8.4
      vertex 10.3201 20.4969 8.4
    endloop
  endfacet
  facet normal 0.783252 -0.621704 0
    outer loop
      vertex 2.69767 18.0478 10.9
      vertex 3.10764 18.5643 8.4
      vertex 3.10764 18.5643 10.9
    endloop
  endfacet
  facet normal 0.783252 -0.621704 0
    outer loop
      vertex 3.10764 18.5643 8.4
      vertex 2.69767 18.0478 10.9
      vertex 2.69767 18.0478 8.4
    endloop
  endfacet
  facet normal -0.889522 0.456892 0
    outer loop
      vertex 13.9797 10.7735 8.4
      vertex 14.281 11.3601 10.9
      vertex 14.281 11.3601 8.4
    endloop
  endfacet
  facet normal -0.889522 0.456892 0
    outer loop
      vertex 14.281 11.3601 10.9
      vertex 13.9797 10.7735 8.4
      vertex 13.9797 10.7735 10.9
    endloop
  endfacet
  facet normal -0.961553 0.274621 0
    outer loop
      vertex 14.5234 11.9735 8.4
      vertex 14.7045 12.6076 10.9
      vertex 14.7045 12.6076 8.4
    endloop
  endfacet
  facet normal -0.961553 0.274621 0
    outer loop
      vertex 14.7045 12.6076 10.9
      vertex 14.5234 11.9735 8.4
      vertex 14.5234 11.9735 10.9
    endloop
  endfacet
  facet normal 0.983844 -0.179027 0
    outer loop
      vertex 1.49749 15.0107 10.9
      vertex 1.61555 15.6595 8.4
      vertex 1.61555 15.6595 10.9
    endloop
  endfacet
  facet normal 0.983844 -0.179027 0
    outer loop
      vertex 1.61555 15.6595 8.4
      vertex 1.49749 15.0107 10.9
      vertex 1.49749 15.0107 8.4
    endloop
  endfacet
  facet normal -0.647006 0.762485 0
    outer loop
      vertex 12.7537 9.22885 8.4
      vertex 12.2509 8.8022 10.9
      vertex 12.7537 9.22885 10.9
    endloop
  endfacet
  facet normal -0.647006 0.762485 0
    outer loop
      vertex 12.2509 8.8022 10.9
      vertex 12.7537 9.22885 8.4
      vertex 12.2509 8.8022 8.4
    endloop
  endfacet
  facet normal -0.114277 0.993449 0
    outer loop
      vertex 9.25466 7.50329 10.9
      vertex 9.25466 7.50329 8.4
      vertex 8.87563 7.45969 10.9
    endloop
  endfacet
  facet normal -0.114305 0.993446 0
    outer loop
      vertex 8.87563 7.45969 10.9
      vertex 8.59951 7.42792 11.9
      vertex 8.87563 7.45969 11.9
    endloop
  endfacet
  facet normal -0.114289 0.993448 -1.78998e-06
    outer loop
      vertex 8.59951 7.42792 8.4
      vertex 8.87563 7.45969 10.9
      vertex 9.25466 7.50329 8.4
    endloop
  endfacet
  facet normal -0.114305 0.993446 0
    outer loop
      vertex 8.87563 7.45969 10.9
      vertex 8.59951 7.42792 8.4
      vertex 8.59951 7.42792 11.9
    endloop
  endfacet
  facet normal 0.397744 -0.917496 0
    outer loop
      vertex 5.18782 20.1605 8.4
      vertex 5.79288 20.4228 10.9
      vertex 5.18782 20.1605 10.9
    endloop
  endfacet
  facet normal 0.397744 -0.917496 0
    outer loop
      vertex 5.79288 20.4228 10.9
      vertex 5.18782 20.1605 8.4
      vertex 5.79288 20.4228 8.4
    endloop
  endfacet
  facet normal -0.996655 0.0817278 0
    outer loop
      vertex 14.8225 13.2564 8.4
      vertex 14.8764 13.9137 10.9
      vertex 14.8764 13.9137 8.4
    endloop
  endfacet
  facet normal -0.996655 0.0817278 0
    outer loop
      vertex 14.8764 13.9137 10.9
      vertex 14.8225 13.2564 8.4
      vertex 14.8225 13.2564 10.9
    endloop
  endfacet
  facet normal 0.996656 -0.0817127 0
    outer loop
      vertex 1.4436 14.3534 10.9
      vertex 1.49749 15.0107 8.4
      vertex 1.49749 15.0107 10.9
    endloop
  endfacet
  facet normal 0.996656 -0.0817127 0
    outer loop
      vertex 1.49749 15.0107 8.4
      vertex 1.4436 14.3534 10.9
      vertex 1.4436 14.3534 8.4
    endloop
  endfacet
  facet normal 0.211082 -0.977468 0
    outer loop
      vertex 6.42074 20.6246 8.4
      vertex 7.06534 20.7638 10.9
      vertex 6.42074 20.6246 10.9
    endloop
  endfacet
  facet normal 0.211082 -0.977468 0
    outer loop
      vertex 7.06534 20.7638 10.9
      vertex 6.42074 20.6246 8.4
      vertex 7.06534 20.7638 8.4
    endloop
  endfacet
  facet normal 0.88951 -0.456916 0
    outer loop
      vertex 2.03899 16.9069 10.9
      vertex 2.34031 17.4935 8.4
      vertex 2.34031 17.4935 10.9
    endloop
  endfacet
  facet normal 0.88951 -0.456916 0
    outer loop
      vertex 2.34031 17.4935 8.4
      vertex 2.03899 16.9069 10.9
      vertex 2.03899 16.9069 8.4
    endloop
  endfacet
  facet normal 0.0163768 -0.999866 0
    outer loop
      vertex 7.72049 20.8391 8.4
      vertex 8.37987 20.8499 10.9
      vertex 7.72049 20.8391 10.9
    endloop
  endfacet
  facet normal 0.0163768 -0.999866 0
    outer loop
      vertex 8.37987 20.8499 10.9
      vertex 7.72049 20.8391 8.4
      vertex 8.37987 20.8499 8.4
    endloop
  endfacet
  facet normal 0.485707 -0.874122 0
    outer loop
      vertex 4.61138 19.8402 8.4
      vertex 5.18782 20.1605 10.9
      vertex 4.61138 19.8402 10.9
    endloop
  endfacet
  facet normal 0.485707 -0.874122 0
    outer loop
      vertex 5.18782 20.1605 10.9
      vertex 4.61138 19.8402 8.4
      vertex 5.18782 20.1605 8.4
    endloop
  endfacet
  facet normal -0.541861 -0.840468 0
    outer loop
      vertex 11.52 19.9532 8.4
      vertex 12.0742 19.5959 10.9
      vertex 11.52 19.9532 10.9
    endloop
  endfacet
  facet normal -0.541861 -0.840468 -0
    outer loop
      vertex 12.0742 19.5959 10.9
      vertex 11.52 19.9532 8.4
      vertex 12.0742 19.5959 8.4
    endloop
  endfacet
  facet normal -0.762586 -0.646887 0
    outer loop
      vertex 13.4913 18.2244 8.4
      vertex 13.0647 18.7273 10.9
      vertex 13.0647 18.7273 8.4
    endloop
  endfacet
  facet normal -0.762586 -0.646887 0
    outer loop
      vertex 13.0647 18.7273 10.9
      vertex 13.4913 18.2244 8.4
      vertex 13.4913 18.2244 10.9
    endloop
  endfacet
  facet normal -0.695411 -0.718612 0
    outer loop
      vertex 12.5908 19.1859 8.4
      vertex 13.0647 18.7273 10.9
      vertex 12.5908 19.1859 10.9
    endloop
  endfacet
  facet normal -0.695411 -0.718612 -0
    outer loop
      vertex 13.0647 18.7273 10.9
      vertex 12.5908 19.1859 8.4
      vertex 13.0647 18.7273 8.4
    endloop
  endfacet
  facet normal -0.783345 0.621587 0
    outer loop
      vertex 13.2124 9.70273 8.4
      vertex 13.6223 10.2193 10.9
      vertex 13.6223 10.2193 8.4
    endloop
  endfacet
  facet normal -0.783345 0.621587 0
    outer loop
      vertex 13.6223 10.2193 10.9
      vertex 13.2124 9.70273 8.4
      vertex 13.2124 9.70273 10.9
    endloop
  endfacet
  facet normal 0.917507 0.39772 0
    outer loop
      vertex 2.02412 11.4126 11.9
      vertex 2.13301 11.1614 11.9
      vertex 2.02412 11.4126 10.9
    endloop
  endfacet
  facet normal 0.917464 0.397818 0
    outer loop
      vertex 2.02412 11.4126 10.9
      vertex 1.87071 11.7664 8.4
      vertex 1.87071 11.7664 10.9
    endloop
  endfacet
  facet normal 0.917507 0.39772 -0
    outer loop
      vertex 2.13301 11.1614 8.4
      vertex 2.02412 11.4126 10.9
      vertex 2.13301 11.1614 11.9
    endloop
  endfacet
  facet normal 0.917482 0.397778 -6.86064e-06
    outer loop
      vertex 2.02412 11.4126 10.9
      vertex 2.13301 11.1614 8.4
      vertex 1.87071 11.7664 8.4
    endloop
  endfacet
  facet normal -0.0817315 -0.996654 0
    outer loop
      vertex 8.37987 20.8499 8.4
      vertex 9.03714 20.796 10.9
      vertex 8.37987 20.8499 10.9
    endloop
  endfacet
  facet normal -0.0817315 -0.996654 -0
    outer loop
      vertex 9.03714 20.796 10.9
      vertex 8.37987 20.8499 8.4
      vertex 9.03714 20.796 8.4
    endloop
  endfacet
  facet normal 0.114184 -0.99346 0
    outer loop
      vertex 7.06534 20.7638 8.4
      vertex 7.72049 20.8391 10.9
      vertex 7.06534 20.7638 10.9
    endloop
  endfacet
  facet normal 0.114184 -0.99346 0
    outer loop
      vertex 7.72049 20.8391 10.9
      vertex 7.06534 20.7638 8.4
      vertex 7.72049 20.8391 8.4
    endloop
  endfacet
  facet normal -0.718521 0.695505 0
    outer loop
      vertex 12.7537 9.22885 8.4
      vertex 13.2124 9.70273 10.9
      vertex 13.2124 9.70273 8.4
    endloop
  endfacet
  facet normal -0.718521 0.695505 0
    outer loop
      vertex 13.2124 9.70273 10.9
      vertex 12.7537 9.22885 8.4
      vertex 12.7537 9.22885 10.9
    endloop
  endfacet
  facet normal 0.999866 0.0163612 0
    outer loop
      vertex 1.45439 13.694 10.9
      vertex 1.4436 14.3534 8.4
      vertex 1.4436 14.3534 10.9
    endloop
  endfacet
  facet normal 0.999866 0.0163612 0
    outer loop
      vertex 1.4436 14.3534 8.4
      vertex 1.45439 13.694 10.9
      vertex 1.45439 13.694 8.4
    endloop
  endfacet
  facet normal 0.952071 0.305879 0
    outer loop
      vertex 1.87071 11.7664 10.9
      vertex 1.66898 12.3943 8.4
      vertex 1.66898 12.3943 10.9
    endloop
  endfacet
  facet normal 0.952071 0.305879 0
    outer loop
      vertex 1.66898 12.3943 8.4
      vertex 1.87071 11.7664 10.9
      vertex 1.87071 11.7664 8.4
    endloop
  endfacet
  facet normal 0.977462 0.211111 0
    outer loop
      vertex 1.66898 12.3943 10.9
      vertex 1.52976 13.0389 8.4
      vertex 1.52976 13.0389 10.9
    endloop
  endfacet
  facet normal 0.977462 0.211111 0
    outer loop
      vertex 1.52976 13.0389 8.4
      vertex 1.66898 12.3943 10.9
      vertex 1.66898 12.3943 8.4
    endloop
  endfacet
  facet normal 0.874111 0.485727 0
    outer loop
      vertex 2.45336 10.5849 11.9
      vertex 2.13301 11.1614 8.4
      vertex 2.13301 11.1614 11.9
    endloop
  endfacet
  facet normal 0.874111 0.485727 0
    outer loop
      vertex 2.13301 11.1614 8.4
      vertex 2.45336 10.5849 11.9
      vertex 2.45336 10.5849 8.4
    endloop
  endfacet
  facet normal -0.485791 0.874075 0
    outer loop
      vertex 11.7086 8.4269 8.4
      vertex 11.1322 8.10655 10.9
      vertex 11.7086 8.4269 10.9
    endloop
  endfacet
  facet normal -0.485791 0.874075 0
    outer loop
      vertex 11.1322 8.10655 10.9
      vertex 11.7086 8.4269 8.4
      vertex 11.1322 8.10655 8.4
    endloop
  endfacet
  facet normal -0.874043 -0.485849 0
    outer loop
      vertex 14.187 17.1057 8.4
      vertex 13.8666 17.6821 10.9
      vertex 13.8666 17.6821 8.4
    endloop
  endfacet
  facet normal -0.874043 -0.485849 0
    outer loop
      vertex 13.8666 17.6821 10.9
      vertex 14.187 17.1057 8.4
      vertex 14.187 17.1057 10.9
    endloop
  endfacet
  facet normal -0.82229 -0.569068 0
    outer loop
      vertex 13.8666 17.6821 8.4
      vertex 13.4913 18.2244 10.9
      vertex 13.4913 18.2244 8.4
    endloop
  endfacet
  facet normal -0.82229 -0.569068 0
    outer loop
      vertex 13.4913 18.2244 10.9
      vertex 13.8666 17.6821 8.4
      vertex 13.8666 17.6821 10.9
    endloop
  endfacet
  facet normal -0.993443 -0.114325 0
    outer loop
      vertex 14.8656 14.573 8.4
      vertex 14.7902 15.2282 10.9
      vertex 14.7902 15.2282 8.4
    endloop
  endfacet
  facet normal -0.993443 -0.114325 0
    outer loop
      vertex 14.7902 15.2282 10.9
      vertex 14.8656 14.573 8.4
      vertex 14.8656 14.573 10.9
    endloop
  endfacet
  facet normal 0 0 -1
    outer loop
      vertex 8.59951 7.42792 11.9
      vertex 8.20244 8.20244 11.9
      vertex 8.87563 7.45969 11.9
    endloop
  endfacet
  facet normal 0 0 -1
    outer loop
      vertex 7.94013 7.41713 11.9
      vertex 8.20244 8.20244 11.9
      vertex 8.59951 7.42792 11.9
    endloop
  endfacet
  facet normal 0 0 -1
    outer loop
      vertex 7.30067 7.46956 11.9
      vertex 8.20244 8.20244 11.9
      vertex 7.94013 7.41713 11.9
    endloop
  endfacet
  facet normal -0 0 -1
    outer loop
      vertex 8.20244 8.20244 11.9
      vertex 7.30067 7.46956 11.9
      vertex 7.35896 8.96692 11.9
    endloop
  endfacet
  facet normal 0 0 -1
    outer loop
      vertex 6.62941 8.07796 11.9
      vertex 7.35896 8.96692 11.9
      vertex 7.30067 7.46956 11.9
    endloop
  endfacet
  facet normal 0 0 -1
    outer loop
      vertex 6.62941 8.07796 11.9
      vertex 6.44461 9.64505 11.9
      vertex 7.35896 8.96692 11.9
    endloop
  endfacet
  facet normal 0 0 -1
    outer loop
      vertex 5.80571 8.68886 11.9
      vertex 6.44461 9.64505 11.9
      vertex 6.62941 8.07796 11.9
    endloop
  endfacet
  facet normal 0 0 -1
    outer loop
      vertex 5.80571 8.68886 11.9
      vertex 5.4682 10.2303 11.9
      vertex 6.44461 9.64505 11.9
    endloop
  endfacet
  facet normal 0 0 -1
    outer loop
      vertex 4.9261 9.21608 11.9
      vertex 5.4682 10.2303 11.9
      vertex 5.80571 8.68886 11.9
    endloop
  endfacet
  facet normal 0 0 -1
    outer loop
      vertex 4.9261 9.21608 11.9
      vertex 4.43913 10.717 11.9
      vertex 5.4682 10.2303 11.9
    endloop
  endfacet
  facet normal 0 0 -1
    outer loop
      vertex 3.99904 9.65454 11.9
      vertex 4.43913 10.717 11.9
      vertex 4.9261 9.21608 11.9
    endloop
  endfacet
  facet normal 0 0 -1
    outer loop
      vertex 3.99904 9.65454 11.9
      vertex 3.3673 11.1005 11.9
      vertex 4.43913 10.717 11.9
    endloop
  endfacet
  facet normal 0 0 -1
    outer loop
      vertex 3.03347 10 11.9
      vertex 3.3673 11.1005 11.9
      vertex 3.99904 9.65454 11.9
    endloop
  endfacet
  facet normal 0 0 -1
    outer loop
      vertex 2.8214 10.0531 11.9
      vertex 3.3673 11.1005 11.9
      vertex 3.03347 10 11.9
    endloop
  endfacet
  facet normal 0 0 -1
    outer loop
      vertex 2.45336 10.5849 11.9
      vertex 3.3673 11.1005 11.9
      vertex 2.8214 10.0531 11.9
    endloop
  endfacet
  facet normal 0 0 -1
    outer loop
      vertex 2.45336 10.5849 11.9
      vertex 2.26305 11.3771 11.9
      vertex 3.3673 11.1005 11.9
    endloop
  endfacet
  facet normal 0 0 -1
    outer loop
      vertex 2.13301 11.1614 11.9
      vertex 2.26305 11.3771 11.9
      vertex 2.45336 10.5849 11.9
    endloop
  endfacet
  facet normal -0 0 -1
    outer loop
      vertex 2.26305 11.3771 11.9
      vertex 2.13301 11.1614 11.9
      vertex 2.02412 11.4126 11.9
    endloop
  endfacet
  facet normal -0.952084 -0.305837 0
    outer loop
      vertex 14.651 15.8728 8.4
      vertex 14.4493 16.5007 10.9
      vertex 14.4493 16.5007 8.4
    endloop
  endfacet
  facet normal -0.952084 -0.305837 0
    outer loop
      vertex 14.4493 16.5007 10.9
      vertex 14.651 15.8728 8.4
      vertex 14.651 15.8728 10.9
    endloop
  endfacet
  facet normal -0.977468 -0.211082 0
    outer loop
      vertex 14.7902 15.2282 8.4
      vertex 14.651 15.8728 10.9
      vertex 14.651 15.8728 8.4
    endloop
  endfacet
  facet normal -0.977468 -0.211082 0
    outer loop
      vertex 14.651 15.8728 10.9
      vertex 14.7902 15.2282 8.4
      vertex 14.7902 15.2282 10.9
    endloop
  endfacet
  facet normal -0.569068 0.82229 0
    outer loop
      vertex 12.2509 8.8022 8.4
      vertex 11.7086 8.4269 10.9
      vertex 12.2509 8.8022 10.9
    endloop
  endfacet
  facet normal -0.569068 0.82229 0
    outer loop
      vertex 11.7086 8.4269 10.9
      vertex 12.2509 8.8022 8.4
      vertex 11.7086 8.4269 8.4
    endloop
  endfacet
  facet normal -0.98386 0.178939 0
    outer loop
      vertex 14.7045 12.6076 8.4
      vertex 14.8225 13.2564 10.9
      vertex 14.8225 13.2564 8.4
    endloop
  endfacet
  facet normal -0.98386 0.178939 0
    outer loop
      vertex 14.8225 13.2564 10.9
      vertex 14.7045 12.6076 8.4
      vertex 14.7045 12.6076 10.9
    endloop
  endfacet
  facet normal 0.970009 -0.243071 0
    outer loop
      vertex -22.9109 1.31101 10.9
      vertex -22.7506 1.95071 8.4
      vertex -22.7506 1.95071 10.9
    endloop
  endfacet
  facet normal 0.970009 -0.243071 0
    outer loop
      vertex -22.7506 1.95071 8.4
      vertex -22.9109 1.31101 10.9
      vertex -22.9109 1.31101 8.4
    endloop
  endfacet
  facet normal 0.427528 0.904002 -0
    outer loop
      vertex -18.8916 -6.20847 8.4
      vertex -19.4878 -5.92651 10.9
      vertex -18.8916 -6.20847 10.9
    endloop
  endfacet
  facet normal 0.427528 0.904002 0
    outer loop
      vertex -19.4878 -5.92651 10.9
      vertex -18.8916 -6.20847 8.4
      vertex -19.4878 -5.92651 8.4
    endloop
  endfacet
  facet normal -0.671507 -0.740998 0
    outer loop
      vertex -12.0569 5.19463 8.4
      vertex -11.5682 4.75176 10.9
      vertex -12.0569 5.19463 10.9
    endloop
  endfacet
  facet normal -0.671507 -0.740998 -0
    outer loop
      vertex -11.5682 4.75176 10.9
      vertex -12.0569 5.19463 8.4
      vertex -11.5682 4.75176 8.4
    endloop
  endfacet
  facet normal -0.514128 -0.857714 0
    outer loop
      vertex -13.1522 5.92651 8.4
      vertex -12.5866 5.58748 10.9
      vertex -13.1522 5.92651 10.9
    endloop
  endfacet
  facet normal -0.514128 -0.857714 -0
    outer loop
      vertex -12.5866 5.58748 10.9
      vertex -13.1522 5.92651 8.4
      vertex -12.5866 5.58748 8.4
    endloop
  endfacet
  facet normal 0.998792 -0.0491303 0
    outer loop
      vertex -23.04 0 10.9
      vertex -23.0076 0.658674 8.4
      vertex -23.0076 0.658674 10.9
    endloop
  endfacet
  facet normal 0.998792 -0.0491303 0
    outer loop
      vertex -23.0076 0.658674 8.4
      vertex -23.04 0 10.9
      vertex -23.04 0 8.4
    endloop
  endfacet
  facet normal 0.514128 0.857714 -0
    outer loop
      vertex -19.4878 -5.92651 8.4
      vertex -20.0534 -5.58748 10.9
      vertex -19.4878 -5.92651 10.9
    endloop
  endfacet
  facet normal 0.514128 0.857714 0
    outer loop
      vertex -20.0534 -5.58748 10.9
      vertex -19.4878 -5.92651 8.4
      vertex -20.0534 -5.58748 8.4
    endloop
  endfacet
  facet normal 0.941577 0.336797 0
    outer loop
      vertex -22.5285 -2.57163 10.9
      vertex -22.7506 -1.95071 8.4
      vertex -22.7506 -1.95071 10.9
    endloop
  endfacet
  facet normal 0.941577 0.336797 0
    outer loop
      vertex -22.7506 -1.95071 8.4
      vertex -22.5285 -2.57163 10.9
      vertex -22.5285 -2.57163 8.4
    endloop
  endfacet
  facet normal 0.998792 0.0491303 0
    outer loop
      vertex -23.0076 -0.658674 10.9
      vertex -23.04 0 8.4
      vertex -23.04 0 10.9
    endloop
  endfacet
  facet normal 0.998792 0.0491303 0
    outer loop
      vertex -23.04 0 8.4
      vertex -23.0076 -0.658674 10.9
      vertex -23.0076 -0.658674 8.4
    endloop
  endfacet
  facet normal 0.803168 -0.595753 0
    outer loop
      vertex -21.9075 3.73343 10.9
      vertex -21.5146 4.26312 8.4
      vertex -21.5146 4.26312 10.9
    endloop
  endfacet
  facet normal 0.803168 -0.595753 0
    outer loop
      vertex -21.5146 4.26312 8.4
      vertex -21.9075 3.73343 10.9
      vertex -21.9075 3.73343 8.4
    endloop
  endfacet
  facet normal 0.671507 -0.740998 0
    outer loop
      vertex -21.0718 4.75176 8.4
      vertex -20.5831 5.19463 10.9
      vertex -21.0718 4.75176 10.9
    endloop
  endfacet
  facet normal 0.671507 -0.740998 0
    outer loop
      vertex -20.5831 5.19463 10.9
      vertex -21.0718 4.75176 8.4
      vertex -20.5831 5.19463 8.4
    endloop
  endfacet
  facet normal 0.970009 0.243071 0
    outer loop
      vertex -22.7506 -1.95071 10.9
      vertex -22.9109 -1.31101 8.4
      vertex -22.9109 -1.31101 10.9
    endloop
  endfacet
  facet normal 0.970009 0.243071 0
    outer loop
      vertex -22.9109 -1.31101 8.4
      vertex -22.7506 -1.95071 10.9
      vertex -22.7506 -1.95071 8.4
    endloop
  endfacet
  facet normal -0.146731 0.989176 0
    outer loop
      vertex -15.009 -6.59088 8.4
      vertex -15.6613 -6.68764 10.9
      vertex -15.009 -6.59088 10.9
    endloop
  endfacet
  facet normal -0.146731 0.989176 0
    outer loop
      vertex -15.6613 -6.68764 10.9
      vertex -15.009 -6.59088 8.4
      vertex -15.6613 -6.68764 8.4
    endloop
  endfacet
  facet normal 0.903967 -0.427601 0
    outer loop
      vertex -22.5285 2.57163 10.9
      vertex -22.2465 3.16779 8.4
      vertex -22.2465 3.16779 10.9
    endloop
  endfacet
  facet normal 0.903967 -0.427601 0
    outer loop
      vertex -22.2465 3.16779 8.4
      vertex -22.5285 2.57163 10.9
      vertex -22.5285 2.57163 8.4
    endloop
  endfacet
  facet normal 0.242985 -0.97003 0
    outer loop
      vertex -18.2707 6.43064 8.4
      vertex -17.631 6.59088 10.9
      vertex -18.2707 6.43064 10.9
    endloop
  endfacet
  facet normal 0.242985 -0.97003 0
    outer loop
      vertex -17.631 6.59088 10.9
      vertex -18.2707 6.43064 8.4
      vertex -17.631 6.59088 8.4
    endloop
  endfacet
  facet normal 0.242985 0.97003 -0
    outer loop
      vertex -17.631 -6.59088 8.4
      vertex -18.2707 -6.43064 10.9
      vertex -17.631 -6.59088 10.9
    endloop
  endfacet
  facet normal 0.242985 0.97003 0
    outer loop
      vertex -18.2707 -6.43064 10.9
      vertex -17.631 -6.59088 8.4
      vertex -18.2707 -6.43064 8.4
    endloop
  endfacet
  facet normal 0.671507 0.740998 -0
    outer loop
      vertex -20.5831 -5.19463 8.4
      vertex -21.0718 -4.75176 10.9
      vertex -20.5831 -5.19463 10.9
    endloop
  endfacet
  facet normal 0.671507 0.740998 0
    outer loop
      vertex -21.0718 -4.75176 10.9
      vertex -20.5831 -5.19463 8.4
      vertex -21.0718 -4.75176 8.4
    endloop
  endfacet
  facet normal -0.427528 0.904002 0
    outer loop
      vertex -13.1522 -5.92651 8.4
      vertex -13.7484 -6.20847 10.9
      vertex -13.1522 -5.92651 10.9
    endloop
  endfacet
  facet normal -0.427528 0.904002 0
    outer loop
      vertex -13.7484 -6.20847 10.9
      vertex -13.1522 -5.92651 8.4
      vertex -13.7484 -6.20847 8.4
    endloop
  endfacet
  facet normal -0.671507 0.740998 0
    outer loop
      vertex -11.5682 -4.75176 8.4
      vertex -12.0569 -5.19463 10.9
      vertex -11.5682 -4.75176 10.9
    endloop
  endfacet
  facet normal -0.671507 0.740998 0
    outer loop
      vertex -12.0569 -5.19463 10.9
      vertex -11.5682 -4.75176 8.4
      vertex -12.0569 -5.19463 8.4
    endloop
  endfacet
  facet normal -0.74101 0.671494 0
    outer loop
      vertex -11.5682 -4.75176 8.4
      vertex -11.1254 -4.26312 10.9
      vertex -11.1254 -4.26312 8.4
    endloop
  endfacet
  facet normal -0.74101 0.671494 0
    outer loop
      vertex -11.1254 -4.26312 10.9
      vertex -11.5682 -4.75176 8.4
      vertex -11.5682 -4.75176 10.9
    endloop
  endfacet
  facet normal 0.941577 -0.336797 0
    outer loop
      vertex -22.7506 1.95071 10.9
      vertex -22.5285 2.57163 8.4
      vertex -22.5285 2.57163 10.9
    endloop
  endfacet
  facet normal 0.941577 -0.336797 0
    outer loop
      vertex -22.5285 2.57163 8.4
      vertex -22.7506 1.95071 10.9
      vertex -22.7506 1.95071 8.4
    endloop
  endfacet
  facet normal 0.595697 -0.803209 0
    outer loop
      vertex -20.5831 5.19463 8.4
      vertex -20.0534 5.58748 10.9
      vertex -20.5831 5.19463 10.9
    endloop
  endfacet
  facet normal 0.595697 -0.803209 0
    outer loop
      vertex -20.0534 5.58748 10.9
      vertex -20.5831 5.19463 8.4
      vertex -20.0534 5.58748 8.4
    endloop
  endfacet
  facet normal -0.803128 0.595807 0
    outer loop
      vertex -10.7325 -3.73343 8.4
      vertex -10.8924 -3.94897 10.9
      vertex -10.7325 -3.73343 11.9
    endloop
  endfacet
  facet normal -0.803168 0.595753 -7.1357e-06
    outer loop
      vertex -11.1254 -4.26312 8.4
      vertex -10.8924 -3.94897 10.9
      vertex -10.7325 -3.73343 8.4
    endloop
  endfacet
  facet normal -0.803195 0.595717 0
    outer loop
      vertex -10.8924 -3.94897 10.9
      vertex -11.1254 -4.26312 8.4
      vertex -11.1254 -4.26312 10.9
    endloop
  endfacet
  facet normal -0.803128 0.595807 0
    outer loop
      vertex -10.7325 -3.73343 11.9
      vertex -10.8924 -3.94897 10.9
      vertex -10.8924 -3.94897 11.9
    endloop
  endfacet
  facet normal 0.989191 0.146634 0
    outer loop
      vertex -22.9109 -1.31101 10.9
      vertex -23.0076 -0.658674 8.4
      vertex -23.0076 -0.658674 10.9
    endloop
  endfacet
  facet normal 0.989191 0.146634 0
    outer loop
      vertex -23.0076 -0.658674 8.4
      vertex -22.9109 -1.31101 10.9
      vertex -22.9109 -1.31101 8.4
    endloop
  endfacet
  facet normal -0.595697 0.803209 0
    outer loop
      vertex -12.0569 -5.19463 8.4
      vertex -12.5866 -5.58748 10.9
      vertex -12.0569 -5.19463 10.9
    endloop
  endfacet
  facet normal -0.595697 0.803209 0
    outer loop
      vertex -12.5866 -5.58748 10.9
      vertex -12.0569 -5.19463 8.4
      vertex -12.5866 -5.58748 8.4
    endloop
  endfacet
  facet normal 0.514128 -0.857714 0
    outer loop
      vertex -20.0534 5.58748 8.4
      vertex -19.4878 5.92651 10.9
      vertex -20.0534 5.58748 10.9
    endloop
  endfacet
  facet normal 0.514128 -0.857714 0
    outer loop
      vertex -19.4878 5.92651 10.9
      vertex -20.0534 5.58748 8.4
      vertex -19.4878 5.92651 8.4
    endloop
  endfacet
  facet normal -0.242985 -0.97003 0
    outer loop
      vertex -15.009 6.59088 8.4
      vertex -14.3693 6.43064 10.9
      vertex -15.009 6.59088 10.9
    endloop
  endfacet
  facet normal -0.242985 -0.97003 -0
    outer loop
      vertex -14.3693 6.43064 10.9
      vertex -15.009 6.59088 8.4
      vertex -14.3693 6.43064 8.4
    endloop
  endfacet
  facet normal -0.0490679 0.998795 0
    outer loop
      vertex -15.6613 -6.68764 8.4
      vertex -16.32 -6.72 10.9
      vertex -15.6613 -6.68764 10.9
    endloop
  endfacet
  facet normal -0.0490679 0.998795 0
    outer loop
      vertex -16.32 -6.72 10.9
      vertex -15.6613 -6.68764 8.4
      vertex -16.32 -6.72 8.4
    endloop
  endfacet
  facet normal -0.904006 -0.427519 0
    outer loop
      vertex -10.1143 2.57741 8.4
      vertex -10.3935 3.16779 11.9
      vertex -10.3935 3.16779 8.4
    endloop
  endfacet
  facet normal -0.904006 -0.427519 0
    outer loop
      vertex -10.3935 3.16779 11.9
      vertex -10.1143 2.57741 8.4
      vertex -10.1143 2.57741 11.9
    endloop
  endfacet
  facet normal -0.74101 -0.671494 0
    outer loop
      vertex -11.1254 4.26312 8.4
      vertex -11.5682 4.75176 10.9
      vertex -11.5682 4.75176 8.4
    endloop
  endfacet
  facet normal -0.74101 -0.671494 0
    outer loop
      vertex -11.5682 4.75176 10.9
      vertex -11.1254 4.26312 8.4
      vertex -11.1254 4.26312 10.9
    endloop
  endfacet
  facet normal 0.427528 -0.904002 0
    outer loop
      vertex -19.4878 5.92651 8.4
      vertex -18.8916 6.20847 10.9
      vertex -19.4878 5.92651 10.9
    endloop
  endfacet
  facet normal 0.427528 -0.904002 0
    outer loop
      vertex -18.8916 6.20847 10.9
      vertex -19.4878 5.92651 8.4
      vertex -18.8916 6.20847 8.4
    endloop
  endfacet
  facet normal 0.903967 0.427601 0
    outer loop
      vertex -22.2465 -3.16779 10.9
      vertex -22.5285 -2.57163 8.4
      vertex -22.5285 -2.57163 10.9
    endloop
  endfacet
  facet normal 0.903967 0.427601 0
    outer loop
      vertex -22.5285 -2.57163 8.4
      vertex -22.2465 -3.16779 10.9
      vertex -22.2465 -3.16779 8.4
    endloop
  endfacet
  facet normal -0.803195 -0.595717 0
    outer loop
      vertex -11.1254 4.26312 8.4
      vertex -10.8924 3.94897 10.9
      vertex -11.1254 4.26312 10.9
    endloop
  endfacet
  facet normal -0.803168 -0.595753 -7.1357e-06
    outer loop
      vertex -10.7325 3.73343 8.4
      vertex -10.8924 3.94897 10.9
      vertex -11.1254 4.26312 8.4
    endloop
  endfacet
  facet normal -0.803128 -0.595807 -0
    outer loop
      vertex -10.7325 3.73343 11.9
      vertex -10.8924 3.94897 10.9
      vertex -10.7325 3.73343 8.4
    endloop
  endfacet
  facet normal -0.803128 -0.595807 0
    outer loop
      vertex -10.8924 3.94897 10.9
      vertex -10.7325 3.73343 11.9
      vertex -10.8924 3.94897 11.9
    endloop
  endfacet
  facet normal 0.0490679 0.998795 -0
    outer loop
      vertex -16.32 -6.72 8.4
      vertex -16.9787 -6.68764 10.9
      vertex -16.32 -6.72 10.9
    endloop
  endfacet
  facet normal 0.0490679 0.998795 0
    outer loop
      vertex -16.9787 -6.68764 10.9
      vertex -16.32 -6.72 8.4
      vertex -16.9787 -6.68764 8.4
    endloop
  endfacet
  facet normal 0.85775 0.514068 0
    outer loop
      vertex -21.9075 -3.73343 10.9
      vertex -22.2465 -3.16779 8.4
      vertex -22.2465 -3.16779 10.9
    endloop
  endfacet
  facet normal 0.85775 0.514068 0
    outer loop
      vertex -22.2465 -3.16779 8.4
      vertex -21.9075 -3.73343 10.9
      vertex -21.9075 -3.73343 8.4
    endloop
  endfacet
  facet normal 0.803168 0.595753 0
    outer loop
      vertex -21.5146 -4.26312 10.9
      vertex -21.9075 -3.73343 8.4
      vertex -21.9075 -3.73343 10.9
    endloop
  endfacet
  facet normal 0.803168 0.595753 0
    outer loop
      vertex -21.9075 -3.73343 8.4
      vertex -21.5146 -4.26312 10.9
      vertex -21.5146 -4.26312 8.4
    endloop
  endfacet
  facet normal 0 0 -1
    outer loop
      vertex -11.3771 -2.26305 11.9
      vertex -10.1143 -2.57741 11.9
      vertex -10.3935 -3.16779 11.9
    endloop
  endfacet
  facet normal 0 0 -1
    outer loop
      vertex -10.1143 -2.57741 11.9
      vertex -11.3771 -2.26305 11.9
      vertex -10.2492 -2.03869 11.9
    endloop
  endfacet
  facet normal -0 0 -1
    outer loop
      vertex -10.2492 -2.03869 11.9
      vertex -11.3771 -2.26305 11.9
      vertex -10.3997 -1.02428 11.9
    endloop
  endfacet
  facet normal 0 0 -1
    outer loop
      vertex -11.1005 -3.3673 11.9
      vertex -10.3935 -3.16779 11.9
      vertex -10.7325 -3.73343 11.9
    endloop
  endfacet
  facet normal 0 0 -1
    outer loop
      vertex -11.3771 2.26305 11.9
      vertex -10.1143 2.57741 11.9
      vertex -10.2492 2.03869 11.9
    endloop
  endfacet
  facet normal 0 0 -1
    outer loop
      vertex -11.3771 2.26305 11.9
      vertex -10.2492 2.03869 11.9
      vertex -10.3997 1.02428 11.9
    endloop
  endfacet
  facet normal 0 0 -1
    outer loop
      vertex -11.5441 1.137 11.9
      vertex -10.3997 1.02428 11.9
      vertex -10.45 0 11.9
    endloop
  endfacet
  facet normal 0 0 -1
    outer loop
      vertex -11.5441 -1.137 11.9
      vertex -10.3997 -1.02428 11.9
      vertex -11.3771 -2.26305 11.9
    endloop
  endfacet
  facet normal 0 0 -1
    outer loop
      vertex -11.6 0 11.9
      vertex -10.45 0 11.9
      vertex -11.5441 -1.137 11.9
    endloop
  endfacet
  facet normal 0 0 -1
    outer loop
      vertex -11.1005 -3.3673 11.9
      vertex -10.7325 -3.73343 11.9
      vertex -10.8924 -3.94897 11.9
    endloop
  endfacet
  facet normal -0 0 -1
    outer loop
      vertex -10.3997 -1.02428 11.9
      vertex -11.5441 -1.137 11.9
      vertex -10.45 0 11.9
    endloop
  endfacet
  facet normal -0 0 -1
    outer loop
      vertex -10.3935 -3.16779 11.9
      vertex -11.1005 -3.3673 11.9
      vertex -11.3771 -2.26305 11.9
    endloop
  endfacet
  facet normal 0 -0 -1
    outer loop
      vertex -11.5441 1.137 11.9
      vertex -10.45 0 11.9
      vertex -11.6 0 11.9
    endloop
  endfacet
  facet normal 0 0 -1
    outer loop
      vertex -10.3935 3.16779 11.9
      vertex -11.1005 3.3673 11.9
      vertex -10.7325 3.73343 11.9
    endloop
  endfacet
  facet normal -0 0 -1
    outer loop
      vertex -10.7325 3.73343 11.9
      vertex -11.1005 3.3673 11.9
      vertex -10.8924 3.94897 11.9
    endloop
  endfacet
  facet normal 0 0 -1
    outer loop
      vertex -10.3997 1.02428 11.9
      vertex -11.5441 1.137 11.9
      vertex -11.3771 2.26305 11.9
    endloop
  endfacet
  facet normal 0 -0 -1
    outer loop
      vertex -11.1005 3.3673 11.9
      vertex -10.3935 3.16779 11.9
      vertex -11.3771 2.26305 11.9
    endloop
  endfacet
  facet normal -0 0 -1
    outer loop
      vertex -10.1143 2.57741 11.9
      vertex -11.3771 2.26305 11.9
      vertex -10.3935 3.16779 11.9
    endloop
  endfacet
  facet normal 0.336901 -0.94154 0
    outer loop
      vertex -18.8916 6.20847 8.4
      vertex -18.2707 6.43064 10.9
      vertex -18.8916 6.20847 10.9
    endloop
  endfacet
  facet normal 0.336901 -0.94154 0
    outer loop
      vertex -18.2707 6.43064 10.9
      vertex -18.8916 6.20847 8.4
      vertex -18.2707 6.43064 8.4
    endloop
  endfacet
  facet normal 0.146731 -0.989176 0
    outer loop
      vertex -17.631 6.59088 8.4
      vertex -16.9787 6.68764 10.9
      vertex -17.631 6.59088 10.9
    endloop
  endfacet
  facet normal 0.146731 -0.989176 0
    outer loop
      vertex -16.9787 6.68764 10.9
      vertex -17.631 6.59088 8.4
      vertex -16.9787 6.68764 8.4
    endloop
  endfacet
  facet normal 0.595697 0.803209 -0
    outer loop
      vertex -20.0534 -5.58748 8.4
      vertex -20.5831 -5.19463 10.9
      vertex -20.0534 -5.58748 10.9
    endloop
  endfacet
  facet normal 0.595697 0.803209 0
    outer loop
      vertex -20.5831 -5.19463 10.9
      vertex -20.0534 -5.58748 8.4
      vertex -20.5831 -5.19463 8.4
    endloop
  endfacet
  facet normal 0.989191 -0.146634 0
    outer loop
      vertex -23.0076 0.658674 10.9
      vertex -22.9109 1.31101 8.4
      vertex -22.9109 1.31101 10.9
    endloop
  endfacet
  facet normal 0.989191 -0.146634 0
    outer loop
      vertex -22.9109 1.31101 8.4
      vertex -23.0076 0.658674 10.9
      vertex -23.0076 0.658674 8.4
    endloop
  endfacet
  facet normal -0.242985 0.97003 0
    outer loop
      vertex -14.3693 -6.43064 8.4
      vertex -15.009 -6.59088 10.9
      vertex -14.3693 -6.43064 10.9
    endloop
  endfacet
  facet normal -0.242985 0.97003 0
    outer loop
      vertex -15.009 -6.59088 10.9
      vertex -14.3693 -6.43064 8.4
      vertex -15.009 -6.59088 8.4
    endloop
  endfacet
  facet normal 0.336901 0.94154 -0
    outer loop
      vertex -18.2707 -6.43064 8.4
      vertex -18.8916 -6.20847 10.9
      vertex -18.2707 -6.43064 10.9
    endloop
  endfacet
  facet normal 0.336901 0.94154 0
    outer loop
      vertex -18.8916 -6.20847 10.9
      vertex -18.2707 -6.43064 8.4
      vertex -18.8916 -6.20847 8.4
    endloop
  endfacet
  facet normal -0.336901 0.94154 0
    outer loop
      vertex -13.7484 -6.20847 8.4
      vertex -14.3693 -6.43064 10.9
      vertex -13.7484 -6.20847 10.9
    endloop
  endfacet
  facet normal -0.336901 0.94154 0
    outer loop
      vertex -14.3693 -6.43064 10.9
      vertex -13.7484 -6.20847 8.4
      vertex -14.3693 -6.43064 8.4
    endloop
  endfacet
  facet normal 0.85775 -0.514068 0
    outer loop
      vertex -22.2465 3.16779 10.9
      vertex -21.9075 3.73343 8.4
      vertex -21.9075 3.73343 10.9
    endloop
  endfacet
  facet normal 0.85775 -0.514068 0
    outer loop
      vertex -21.9075 3.73343 8.4
      vertex -22.2465 3.16779 10.9
      vertex -22.2465 3.16779 8.4
    endloop
  endfacet
  facet normal -0.514128 0.857714 0
    outer loop
      vertex -12.5866 -5.58748 8.4
      vertex -13.1522 -5.92651 10.9
      vertex -12.5866 -5.58748 10.9
    endloop
  endfacet
  facet normal -0.514128 0.857714 0
    outer loop
      vertex -13.1522 -5.92651 10.9
      vertex -12.5866 -5.58748 8.4
      vertex -13.1522 -5.92651 8.4
    endloop
  endfacet
  facet normal 0.74101 0.671494 0
    outer loop
      vertex -21.0718 -4.75176 10.9
      vertex -21.5146 -4.26312 8.4
      vertex -21.5146 -4.26312 10.9
    endloop
  endfacet
  facet normal 0.74101 0.671494 0
    outer loop
      vertex -21.5146 -4.26312 8.4
      vertex -21.0718 -4.75176 10.9
      vertex -21.0718 -4.75176 8.4
    endloop
  endfacet
  facet normal 0.0490679 -0.998795 0
    outer loop
      vertex -16.9787 6.68764 8.4
      vertex -16.32 6.72 10.9
      vertex -16.9787 6.68764 10.9
    endloop
  endfacet
  facet normal 0.0490679 -0.998795 0
    outer loop
      vertex -16.32 6.72 10.9
      vertex -16.9787 6.68764 8.4
      vertex -16.32 6.72 8.4
    endloop
  endfacet
  facet normal -0.146731 -0.989176 0
    outer loop
      vertex -15.6613 6.68764 8.4
      vertex -15.009 6.59088 10.9
      vertex -15.6613 6.68764 10.9
    endloop
  endfacet
  facet normal -0.146731 -0.989176 -0
    outer loop
      vertex -15.009 6.59088 10.9
      vertex -15.6613 6.68764 8.4
      vertex -15.009 6.59088 8.4
    endloop
  endfacet
  facet normal -0.904006 0.427519 0
    outer loop
      vertex -10.3935 -3.16779 8.4
      vertex -10.1143 -2.57741 11.9
      vertex -10.1143 -2.57741 8.4
    endloop
  endfacet
  facet normal -0.904006 0.427519 0
    outer loop
      vertex -10.1143 -2.57741 11.9
      vertex -10.3935 -3.16779 8.4
      vertex -10.3935 -3.16779 11.9
    endloop
  endfacet
  facet normal -0.336901 -0.94154 0
    outer loop
      vertex -14.3693 6.43064 8.4
      vertex -13.7484 6.20847 10.9
      vertex -14.3693 6.43064 10.9
    endloop
  endfacet
  facet normal -0.336901 -0.94154 -0
    outer loop
      vertex -13.7484 6.20847 10.9
      vertex -14.3693 6.43064 8.4
      vertex -13.7484 6.20847 8.4
    endloop
  endfacet
  facet normal 0.74101 -0.671494 0
    outer loop
      vertex -21.5146 4.26312 10.9
      vertex -21.0718 4.75176 8.4
      vertex -21.0718 4.75176 10.9
    endloop
  endfacet
  facet normal 0.74101 -0.671494 0
    outer loop
      vertex -21.0718 4.75176 8.4
      vertex -21.5146 4.26312 10.9
      vertex -21.5146 4.26312 8.4
    endloop
  endfacet
  facet normal -0.85775 0.514068 0
    outer loop
      vertex -10.7325 -3.73343 8.4
      vertex -10.3935 -3.16779 11.9
      vertex -10.3935 -3.16779 8.4
    endloop
  endfacet
  facet normal -0.85775 0.514068 0
    outer loop
      vertex -10.3935 -3.16779 11.9
      vertex -10.7325 -3.73343 8.4
      vertex -10.7325 -3.73343 11.9
    endloop
  endfacet
  facet normal 0.146731 0.989176 -0
    outer loop
      vertex -16.9787 -6.68764 8.4
      vertex -17.631 -6.59088 10.9
      vertex -16.9787 -6.68764 10.9
    endloop
  endfacet
  facet normal 0.146731 0.989176 0
    outer loop
      vertex -17.631 -6.59088 10.9
      vertex -16.9787 -6.68764 8.4
      vertex -17.631 -6.59088 8.4
    endloop
  endfacet
  facet normal -0.85775 -0.514068 0
    outer loop
      vertex -10.3935 3.16779 8.4
      vertex -10.7325 3.73343 11.9
      vertex -10.7325 3.73343 8.4
    endloop
  endfacet
  facet normal -0.85775 -0.514068 0
    outer loop
      vertex -10.7325 3.73343 11.9
      vertex -10.3935 3.16779 8.4
      vertex -10.3935 3.16779 11.9
    endloop
  endfacet
  facet normal -0.427528 -0.904002 0
    outer loop
      vertex -13.7484 6.20847 8.4
      vertex -13.1522 5.92651 10.9
      vertex -13.7484 6.20847 10.9
    endloop
  endfacet
  facet normal -0.427528 -0.904002 -0
    outer loop
      vertex -13.1522 5.92651 10.9
      vertex -13.7484 6.20847 8.4
      vertex -13.1522 5.92651 8.4
    endloop
  endfacet
  facet normal -0.0490679 -0.998795 0
    outer loop
      vertex -16.32 6.72 8.4
      vertex -15.6613 6.68764 10.9
      vertex -16.32 6.72 10.9
    endloop
  endfacet
  facet normal -0.0490679 -0.998795 -0
    outer loop
      vertex -15.6613 6.68764 10.9
      vertex -16.32 6.72 8.4
      vertex -15.6613 6.68764 8.4
    endloop
  endfacet
  facet normal -0.595697 -0.803209 0
    outer loop
      vertex -12.5866 5.58748 8.4
      vertex -12.0569 5.19463 10.9
      vertex -12.5866 5.58748 10.9
    endloop
  endfacet
  facet normal -0.595697 -0.803209 -0
    outer loop
      vertex -12.0569 5.19463 10.9
      vertex -12.5866 5.58748 8.4
      vertex -12.0569 5.19463 8.4
    endloop
  endfacet
  facet normal -0.695411 0.718612 0
    outer loop
      vertex 13.0647 -18.7273 8.4
      vertex 12.5908 -19.1859 10.9
      vertex 13.0647 -18.7273 10.9
    endloop
  endfacet
  facet normal -0.695411 0.718612 0
    outer loop
      vertex 12.5908 -19.1859 10.9
      vertex 13.0647 -18.7273 8.4
      vertex 12.5908 -19.1859 8.4
    endloop
  endfacet
  facet normal 0.647005 0.762486 -0
    outer loop
      vertex 4.06912 -19.4649 8.4
      vertex 3.56626 -19.0382 10.9
      vertex 4.06912 -19.4649 10.9
    endloop
  endfacet
  facet normal 0.647005 0.762486 0
    outer loop
      vertex 3.56626 -19.0382 10.9
      vertex 4.06912 -19.4649 8.4
      vertex 3.56626 -19.0382 8.4
    endloop
  endfacet
  facet normal -0.840399 -0.541968 0
    outer loop
      vertex 13.9797 -10.7735 8.4
      vertex 13.6223 -10.2193 10.9
      vertex 13.6223 -10.2193 8.4
    endloop
  endfacet
  facet normal -0.840399 -0.541968 0
    outer loop
      vertex 13.6223 -10.2193 10.9
      vertex 13.9797 -10.7735 8.4
      vertex 13.9797 -10.7735 10.9
    endloop
  endfacet
  facet normal -0.541861 0.840468 0
    outer loop
      vertex 12.0742 -19.5959 8.4
      vertex 11.52 -19.9532 10.9
      vertex 12.0742 -19.5959 10.9
    endloop
  endfacet
  facet normal -0.541861 0.840468 0
    outer loop
      vertex 11.52 -19.9532 10.9
      vertex 12.0742 -19.5959 8.4
      vertex 11.52 -19.9532 8.4
    endloop
  endfacet
  facet normal 0.930016 0.367518 0
    outer loop
      vertex 2.03899 -16.9069 10.9
      vertex 1.79663 -16.2936 8.4
      vertex 1.79663 -16.2936 10.9
    endloop
  endfacet
  facet normal 0.930016 0.367518 0
    outer loop
      vertex 1.79663 -16.2936 8.4
      vertex 2.03899 -16.9069 10.9
      vertex 2.03899 -16.9069 8.4
    endloop
  endfacet
  facet normal -0.996655 -0.0817278 0
    outer loop
      vertex 14.8764 -13.9137 8.4
      vertex 14.8225 -13.2564 10.9
      vertex 14.8225 -13.2564 8.4
    endloop
  endfacet
  facet normal -0.996655 -0.0817278 0
    outer loop
      vertex 14.8225 -13.2564 10.9
      vertex 14.8764 -13.9137 8.4
      vertex 14.8764 -13.9137 10.9
    endloop
  endfacet
  facet normal 0.999866 -0.0163612 0
    outer loop
      vertex 1.4436 -14.3534 10.9
      vertex 1.45439 -13.694 8.4
      vertex 1.45439 -13.694 10.9
    endloop
  endfacet
  facet normal 0.999866 -0.0163612 0
    outer loop
      vertex 1.45439 -13.694 8.4
      vertex 1.4436 -14.3534 10.9
      vertex 1.4436 -14.3534 8.4
    endloop
  endfacet
  facet normal -0.82229 0.569068 0
    outer loop
      vertex 13.4913 -18.2244 8.4
      vertex 13.8666 -17.6821 10.9
      vertex 13.8666 -17.6821 8.4
    endloop
  endfacet
  facet normal -0.82229 0.569068 0
    outer loop
      vertex 13.8666 -17.6821 10.9
      vertex 13.4913 -18.2244 8.4
      vertex 13.4913 -18.2244 10.9
    endloop
  endfacet
  facet normal -0.783345 -0.621587 0
    outer loop
      vertex 13.6223 -10.2193 8.4
      vertex 13.2124 -9.70273 10.9
      vertex 13.2124 -9.70273 8.4
    endloop
  endfacet
  facet normal -0.783345 -0.621587 0
    outer loop
      vertex 13.2124 -9.70273 10.9
      vertex 13.6223 -10.2193 8.4
      vertex 13.6223 -10.2193 10.9
    endloop
  endfacet
  facet normal 0.397744 0.917496 -0
    outer loop
      vertex 5.79288 -20.4228 8.4
      vertex 5.18782 -20.1605 10.9
      vertex 5.79288 -20.4228 10.9
    endloop
  endfacet
  facet normal 0.397744 0.917496 0
    outer loop
      vertex 5.18782 -20.1605 10.9
      vertex 5.79288 -20.4228 8.4
      vertex 5.18782 -20.1605 8.4
    endloop
  endfacet
  facet normal -0.397722 -0.917506 0
    outer loop
      vertex 10.5271 -7.84425 8.4
      vertex 11.1322 -8.10655 10.9
      vertex 10.5271 -7.84425 10.9
    endloop
  endfacet
  facet normal -0.397722 -0.917506 -0
    outer loop
      vertex 11.1322 -8.10655 10.9
      vertex 10.5271 -7.84425 8.4
      vertex 11.1322 -8.10655 8.4
    endloop
  endfacet
  facet normal 0.0817168 -0.996656 0
    outer loop
      vertex 7.30067 -7.46956 8.4
      vertex 7.94013 -7.41713 11.9
      vertex 7.30067 -7.46956 11.9
    endloop
  endfacet
  facet normal 0.0817168 -0.996656 0
    outer loop
      vertex 7.94013 -7.41713 11.9
      vertex 7.30067 -7.46956 8.4
      vertex 7.94013 -7.41713 8.4
    endloop
  endfacet
  facet normal 0.485707 0.874122 -0
    outer loop
      vertex 5.18782 -20.1605 8.4
      vertex 4.61138 -19.8402 10.9
      vertex 5.18782 -20.1605 10.9
    endloop
  endfacet
  facet normal 0.485707 0.874122 0
    outer loop
      vertex 4.61138 -19.8402 10.9
      vertex 5.18782 -20.1605 8.4
      vertex 4.61138 -19.8402 8.4
    endloop
  endfacet
  facet normal -0.999866 0.0163788 0
    outer loop
      vertex 14.8656 -14.573 8.4
      vertex 14.8764 -13.9137 10.9
      vertex 14.8764 -13.9137 8.4
    endloop
  endfacet
  facet normal -0.999866 0.0163788 0
    outer loop
      vertex 14.8764 -13.9137 10.9
      vertex 14.8656 -14.573 8.4
      vertex 14.8656 -14.573 10.9
    endloop
  endfacet
  facet normal 0.983844 0.179027 0
    outer loop
      vertex 1.61555 -15.6595 10.9
      vertex 1.49749 -15.0107 8.4
      vertex 1.49749 -15.0107 10.9
    endloop
  endfacet
  facet normal 0.983844 0.179027 0
    outer loop
      vertex 1.49749 -15.0107 8.4
      vertex 1.61555 -15.6595 10.9
      vertex 1.61555 -15.6595 8.4
    endloop
  endfacet
  facet normal -0.993443 0.114325 0
    outer loop
      vertex 14.7902 -15.2282 8.4
      vertex 14.8656 -14.573 10.9
      vertex 14.8656 -14.573 8.4
    endloop
  endfacet
  facet normal -0.993443 0.114325 0
    outer loop
      vertex 14.8656 -14.573 10.9
      vertex 14.7902 -15.2282 8.4
      vertex 14.7902 -15.2282 10.9
    endloop
  endfacet
  facet normal -0.274601 0.961558 0
    outer loop
      vertex 10.3201 -20.4969 8.4
      vertex 9.68595 -20.678 10.9
      vertex 10.3201 -20.4969 10.9
    endloop
  endfacet
  facet normal -0.274601 0.961558 0
    outer loop
      vertex 9.68595 -20.678 10.9
      vertex 10.3201 -20.4969 8.4
      vertex 9.68595 -20.678 8.4
    endloop
  endfacet
  facet normal 0.996656 0.0817127 0
    outer loop
      vertex 1.49749 -15.0107 10.9
      vertex 1.4436 -14.3534 8.4
      vertex 1.4436 -14.3534 10.9
    endloop
  endfacet
  facet normal 0.996656 0.0817127 0
    outer loop
      vertex 1.4436 -14.3534 8.4
      vertex 1.49749 -15.0107 10.9
      vertex 1.49749 -15.0107 8.4
    endloop
  endfacet
  facet normal -0.917482 0.397778 0
    outer loop
      vertex 14.187 -17.1057 8.4
      vertex 14.4493 -16.5007 10.9
      vertex 14.4493 -16.5007 8.4
    endloop
  endfacet
  facet normal -0.917482 0.397778 0
    outer loop
      vertex 14.4493 -16.5007 10.9
      vertex 14.187 -17.1057 8.4
      vertex 14.187 -17.1057 10.9
    endloop
  endfacet
  facet normal -0.211111 -0.977462 0
    outer loop
      vertex 9.25466 -7.50329 8.4
      vertex 9.89926 -7.64251 10.9
      vertex 9.25466 -7.50329 10.9
    endloop
  endfacet
  facet normal -0.211111 -0.977462 -0
    outer loop
      vertex 9.89926 -7.64251 10.9
      vertex 9.25466 -7.50329 8.4
      vertex 9.89926 -7.64251 8.4
    endloop
  endfacet
  facet normal 0.840471 0.541856 0
    outer loop
      vertex 2.69767 -18.0478 10.9
      vertex 2.34031 -17.4935 8.4
      vertex 2.34031 -17.4935 10.9
    endloop
  endfacet
  facet normal 0.840471 0.541856 0
    outer loop
      vertex 2.34031 -17.4935 8.4
      vertex 2.69767 -18.0478 10.9
      vertex 2.69767 -18.0478 8.4
    endloop
  endfacet
  facet normal -0.621658 0.783289 0
    outer loop
      vertex 12.5908 -19.1859 8.4
      vertex 12.0742 -19.5959 10.9
      vertex 12.5908 -19.1859 10.9
    endloop
  endfacet
  facet normal -0.621658 0.783289 0
    outer loop
      vertex 12.0742 -19.5959 10.9
      vertex 12.5908 -19.1859 8.4
      vertex 12.0742 -19.5959 8.4
    endloop
  endfacet
  facet normal -0.36757 0.929996 0
    outer loop
      vertex 10.9334 -20.2545 8.4
      vertex 10.3201 -20.4969 10.9
      vertex 10.9334 -20.2545 10.9
    endloop
  endfacet
  facet normal -0.36757 0.929996 0
    outer loop
      vertex 10.3201 -20.4969 10.9
      vertex 10.9334 -20.2545 8.4
      vertex 10.3201 -20.4969 8.4
    endloop
  endfacet
  facet normal 0.569096 0.822271 -0
    outer loop
      vertex 4.61138 -19.8402 8.4
      vertex 4.06912 -19.4649 10.9
      vertex 4.61138 -19.8402 10.9
    endloop
  endfacet
  facet normal 0.569096 0.822271 0
    outer loop
      vertex 4.06912 -19.4649 10.9
      vertex 4.61138 -19.8402 8.4
      vertex 4.06912 -19.4649 8.4
    endloop
  endfacet
  facet normal -0.977468 0.211082 0
    outer loop
      vertex 14.651 -15.8728 8.4
      vertex 14.7902 -15.2282 10.9
      vertex 14.7902 -15.2282 8.4
    endloop
  endfacet
  facet normal -0.977468 0.211082 0
    outer loop
      vertex 14.7902 -15.2282 10.9
      vertex 14.651 -15.8728 8.4
      vertex 14.651 -15.8728 10.9
    endloop
  endfacet
  facet normal 0.961561 0.274593 0
    outer loop
      vertex 1.79663 -16.2936 10.9
      vertex 1.61555 -15.6595 8.4
      vertex 1.61555 -15.6595 10.9
    endloop
  endfacet
  facet normal 0.961561 0.274593 0
    outer loop
      vertex 1.61555 -15.6595 8.4
      vertex 1.79663 -16.2936 10.9
      vertex 1.79663 -16.2936 8.4
    endloop
  endfacet
  facet normal -0.961553 -0.274621 0
    outer loop
      vertex 14.7045 -12.6076 8.4
      vertex 14.5234 -11.9735 10.9
      vertex 14.5234 -11.9735 8.4
    endloop
  endfacet
  facet normal -0.961553 -0.274621 0
    outer loop
      vertex 14.5234 -11.9735 10.9
      vertex 14.7045 -12.6076 8.4
      vertex 14.7045 -12.6076 10.9
    endloop
  endfacet
  facet normal -0.952084 0.305837 0
    outer loop
      vertex 14.4493 -16.5007 8.4
      vertex 14.651 -15.8728 10.9
      vertex 14.651 -15.8728 8.4
    endloop
  endfacet
  facet normal -0.952084 0.305837 0
    outer loop
      vertex 14.651 -15.8728 10.9
      vertex 14.4493 -16.5007 8.4
      vertex 14.4493 -16.5007 10.9
    endloop
  endfacet
  facet normal -0.456892 0.889522 0
    outer loop
      vertex 11.52 -19.9532 8.4
      vertex 10.9334 -20.2545 10.9
      vertex 11.52 -19.9532 10.9
    endloop
  endfacet
  facet normal -0.456892 0.889522 0
    outer loop
      vertex 10.9334 -20.2545 10.9
      vertex 11.52 -19.9532 8.4
      vertex 10.9334 -20.2545 8.4
    endloop
  endfacet
  facet normal 0.822286 -0.569075 0
    outer loop
      vertex 2.45336 -10.5849 11.9
      vertex 2.8214 -10.0531 8.4
      vertex 2.8214 -10.0531 11.9
    endloop
  endfacet
  facet normal 0.822286 -0.569075 0
    outer loop
      vertex 2.8214 -10.0531 8.4
      vertex 2.45336 -10.5849 11.9
      vertex 2.45336 -10.5849 8.4
    endloop
  endfacet
  facet normal 0.718597 0.695427 0
    outer loop
      vertex 3.56626 -19.0382 10.9
      vertex 3.10764 -18.5643 8.4
      vertex 3.10764 -18.5643 10.9
    endloop
  endfacet
  facet normal 0.718597 0.695427 0
    outer loop
      vertex 3.10764 -18.5643 8.4
      vertex 3.56626 -19.0382 10.9
      vertex 3.56626 -19.0382 8.4
    endloop
  endfacet
  facet normal 0.783252 0.621704 0
    outer loop
      vertex 3.10764 -18.5643 10.9
      vertex 2.69767 -18.0478 8.4
      vertex 2.69767 -18.0478 10.9
    endloop
  endfacet
  facet normal 0.783252 0.621704 0
    outer loop
      vertex 2.69767 -18.0478 8.4
      vertex 3.10764 -18.5643 10.9
      vertex 3.10764 -18.5643 8.4
    endloop
  endfacet
  facet normal -0.762586 0.646887 0
    outer loop
      vertex 13.0647 -18.7273 8.4
      vertex 13.4913 -18.2244 10.9
      vertex 13.4913 -18.2244 8.4
    endloop
  endfacet
  facet normal -0.762586 0.646887 0
    outer loop
      vertex 13.4913 -18.2244 10.9
      vertex 13.0647 -18.7273 8.4
      vertex 13.0647 -18.7273 10.9
    endloop
  endfacet
  facet normal 0.114184 0.99346 -0
    outer loop
      vertex 7.72049 -20.8391 8.4
      vertex 7.06534 -20.7638 10.9
      vertex 7.72049 -20.8391 10.9
    endloop
  endfacet
  facet normal 0.114184 0.99346 0
    outer loop
      vertex 7.06534 -20.7638 10.9
      vertex 7.72049 -20.8391 8.4
      vertex 7.06534 -20.7638 8.4
    endloop
  endfacet
  facet normal 0.0163768 0.999866 -0
    outer loop
      vertex 8.37987 -20.8499 8.4
      vertex 7.72049 -20.8391 10.9
      vertex 8.37987 -20.8499 10.9
    endloop
  endfacet
  facet normal 0.0163768 0.999866 0
    outer loop
      vertex 7.72049 -20.8391 10.9
      vertex 8.37987 -20.8499 8.4
      vertex 7.72049 -20.8391 8.4
    endloop
  endfacet
  facet normal -0.718521 -0.695505 0
    outer loop
      vertex 13.2124 -9.70273 8.4
      vertex 12.7537 -9.22885 10.9
      vertex 12.7537 -9.22885 8.4
    endloop
  endfacet
  facet normal -0.718521 -0.695505 0
    outer loop
      vertex 12.7537 -9.22885 10.9
      vertex 13.2124 -9.70273 8.4
      vertex 13.2124 -9.70273 10.9
    endloop
  endfacet
  facet normal -0.178936 0.983861 0
    outer loop
      vertex 9.68595 -20.678 8.4
      vertex 9.03714 -20.796 10.9
      vertex 9.68595 -20.678 10.9
    endloop
  endfacet
  facet normal -0.178936 0.983861 0
    outer loop
      vertex 9.03714 -20.796 10.9
      vertex 9.68595 -20.678 8.4
      vertex 9.03714 -20.796 8.4
    endloop
  endfacet
  facet normal -0.889522 -0.456892 0
    outer loop
      vertex 14.281 -11.3601 8.4
      vertex 13.9797 -10.7735 10.9
      vertex 13.9797 -10.7735 8.4
    endloop
  endfacet
  facet normal -0.889522 -0.456892 0
    outer loop
      vertex 13.9797 -10.7735 10.9
      vertex 14.281 -11.3601 8.4
      vertex 14.281 -11.3601 10.9
    endloop
  endfacet
  facet normal -0.0817315 0.996654 0
    outer loop
      vertex 9.03714 -20.796 8.4
      vertex 8.37987 -20.8499 10.9
      vertex 9.03714 -20.796 10.9
    endloop
  endfacet
  facet normal -0.0817315 0.996654 0
    outer loop
      vertex 8.37987 -20.8499 10.9
      vertex 9.03714 -20.796 8.4
      vertex 8.37987 -20.8499 8.4
    endloop
  endfacet
  facet normal -0.485791 -0.874075 0
    outer loop
      vertex 11.1322 -8.10655 8.4
      vertex 11.7086 -8.4269 10.9
      vertex 11.1322 -8.10655 10.9
    endloop
  endfacet
  facet normal -0.485791 -0.874075 -0
    outer loop
      vertex 11.7086 -8.4269 10.9
      vertex 11.1322 -8.10655 8.4
      vertex 11.7086 -8.4269 8.4
    endloop
  endfacet
  facet normal -0.569068 -0.82229 0
    outer loop
      vertex 11.7086 -8.4269 8.4
      vertex 12.2509 -8.8022 10.9
      vertex 11.7086 -8.4269 10.9
    endloop
  endfacet
  facet normal -0.569068 -0.82229 -0
    outer loop
      vertex 12.2509 -8.8022 10.9
      vertex 11.7086 -8.4269 8.4
      vertex 12.2509 -8.8022 8.4
    endloop
  endfacet
  facet normal -0.930016 -0.367519 0
    outer loop
      vertex 14.5234 -11.9735 8.4
      vertex 14.281 -11.3601 10.9
      vertex 14.281 -11.3601 8.4
    endloop
  endfacet
  facet normal -0.930016 -0.367519 0
    outer loop
      vertex 14.281 -11.3601 10.9
      vertex 14.5234 -11.9735 8.4
      vertex 14.5234 -11.9735 10.9
    endloop
  endfacet
  facet normal 0.874111 -0.485727 0
    outer loop
      vertex 2.13301 -11.1614 11.9
      vertex 2.45336 -10.5849 8.4
      vertex 2.45336 -10.5849 11.9
    endloop
  endfacet
  facet normal 0.874111 -0.485727 0
    outer loop
      vertex 2.45336 -10.5849 8.4
      vertex 2.13301 -11.1614 11.9
      vertex 2.13301 -11.1614 8.4
    endloop
  endfacet
  facet normal -0.874043 0.485849 0
    outer loop
      vertex 13.8666 -17.6821 8.4
      vertex 14.187 -17.1057 10.9
      vertex 14.187 -17.1057 8.4
    endloop
  endfacet
  facet normal -0.874043 0.485849 0
    outer loop
      vertex 14.187 -17.1057 10.9
      vertex 13.8666 -17.6821 8.4
      vertex 13.8666 -17.6821 10.9
    endloop
  endfacet
  facet normal -0.647006 -0.762485 0
    outer loop
      vertex 12.2509 -8.8022 8.4
      vertex 12.7537 -9.22885 10.9
      vertex 12.2509 -8.8022 10.9
    endloop
  endfacet
  facet normal -0.647006 -0.762485 -0
    outer loop
      vertex 12.7537 -9.22885 10.9
      vertex 12.2509 -8.8022 8.4
      vertex 12.7537 -9.22885 8.4
    endloop
  endfacet
  facet normal -0.305919 -0.952058 0
    outer loop
      vertex 9.89926 -7.64251 8.4
      vertex 10.5271 -7.84425 10.9
      vertex 9.89926 -7.64251 10.9
    endloop
  endfacet
  facet normal -0.305919 -0.952058 -0
    outer loop
      vertex 10.5271 -7.84425 10.9
      vertex 9.89926 -7.64251 8.4
      vertex 10.5271 -7.84425 8.4
    endloop
  endfacet
  facet normal 0.952071 -0.305879 0
    outer loop
      vertex 1.66898 -12.3943 10.9
      vertex 1.87071 -11.7664 8.4
      vertex 1.87071 -11.7664 10.9
    endloop
  endfacet
  facet normal 0.952071 -0.305879 0
    outer loop
      vertex 1.87071 -11.7664 8.4
      vertex 1.66898 -12.3943 10.9
      vertex 1.66898 -12.3943 8.4
    endloop
  endfacet
  facet normal 0.917507 -0.39772 0
    outer loop
      vertex 2.02412 -11.4126 10.9
      vertex 2.13301 -11.1614 11.9
      vertex 2.02412 -11.4126 11.9
    endloop
  endfacet
  facet normal 0.917507 -0.39772 0
    outer loop
      vertex 2.13301 -11.1614 11.9
      vertex 2.02412 -11.4126 10.9
      vertex 2.13301 -11.1614 8.4
    endloop
  endfacet
  facet normal 0.917464 -0.397818 0
    outer loop
      vertex 1.87071 -11.7664 8.4
      vertex 2.02412 -11.4126 10.9
      vertex 1.87071 -11.7664 10.9
    endloop
  endfacet
  facet normal 0.917482 -0.397778 -6.86064e-06
    outer loop
      vertex 2.02412 -11.4126 10.9
      vertex 1.87071 -11.7664 8.4
      vertex 2.13301 -11.1614 8.4
    endloop
  endfacet
  facet normal 0 0 -1
    outer loop
      vertex 8.20244 -8.20244 11.9
      vertex 8.59951 -7.42792 11.9
      vertex 8.87563 -7.45969 11.9
    endloop
  endfacet
  facet normal 0 0 -1
    outer loop
      vertex 8.20244 -8.20244 11.9
      vertex 7.94013 -7.41713 11.9
      vertex 8.59951 -7.42792 11.9
    endloop
  endfacet
  facet normal 0 0 -1
    outer loop
      vertex 7.30067 -7.46956 11.9
      vertex 8.20244 -8.20244 11.9
      vertex 7.35896 -8.96692 11.9
    endloop
  endfacet
  facet normal 0 0 -1
    outer loop
      vertex 8.20244 -8.20244 11.9
      vertex 7.30067 -7.46956 11.9
      vertex 7.94013 -7.41713 11.9
    endloop
  endfacet
  facet normal 0 0 -1
    outer loop
      vertex 7.35896 -8.96692 11.9
      vertex 6.62941 -8.07796 11.9
      vertex 7.30067 -7.46956 11.9
    endloop
  endfacet
  facet normal 0 0 -1
    outer loop
      vertex 6.44461 -9.64505 11.9
      vertex 6.62941 -8.07796 11.9
      vertex 7.35896 -8.96692 11.9
    endloop
  endfacet
  facet normal 0 0 -1
    outer loop
      vertex 6.44461 -9.64505 11.9
      vertex 5.80571 -8.68886 11.9
      vertex 6.62941 -8.07796 11.9
    endloop
  endfacet
  facet normal 0 0 -1
    outer loop
      vertex 5.4682 -10.2303 11.9
      vertex 5.80571 -8.68886 11.9
      vertex 6.44461 -9.64505 11.9
    endloop
  endfacet
  facet normal 0 0 -1
    outer loop
      vertex 5.4682 -10.2303 11.9
      vertex 4.9261 -9.21608 11.9
      vertex 5.80571 -8.68886 11.9
    endloop
  endfacet
  facet normal 0 0 -1
    outer loop
      vertex 4.43913 -10.717 11.9
      vertex 4.9261 -9.21608 11.9
      vertex 5.4682 -10.2303 11.9
    endloop
  endfacet
  facet normal 0 0 -1
    outer loop
      vertex 4.43913 -10.717 11.9
      vertex 3.99904 -9.65454 11.9
      vertex 4.9261 -9.21608 11.9
    endloop
  endfacet
  facet normal 0 0 -1
    outer loop
      vertex 3.3673 -11.1005 11.9
      vertex 3.99904 -9.65454 11.9
      vertex 4.43913 -10.717 11.9
    endloop
  endfacet
  facet normal 0 0 -1
    outer loop
      vertex 3.3673 -11.1005 11.9
      vertex 3.03347 -10 11.9
      vertex 3.99904 -9.65454 11.9
    endloop
  endfacet
  facet normal 0 0 -1
    outer loop
      vertex 3.3673 -11.1005 11.9
      vertex 2.8214 -10.0531 11.9
      vertex 3.03347 -10 11.9
    endloop
  endfacet
  facet normal 0 0 -1
    outer loop
      vertex 3.3673 -11.1005 11.9
      vertex 2.45336 -10.5849 11.9
      vertex 2.8214 -10.0531 11.9
    endloop
  endfacet
  facet normal 0 0 -1
    outer loop
      vertex 2.26305 -11.3771 11.9
      vertex 2.45336 -10.5849 11.9
      vertex 3.3673 -11.1005 11.9
    endloop
  endfacet
  facet normal 0 0 -1
    outer loop
      vertex 2.26305 -11.3771 11.9
      vertex 2.13301 -11.1614 11.9
      vertex 2.45336 -10.5849 11.9
    endloop
  endfacet
  facet normal 0 -0 -1
    outer loop
      vertex 2.13301 -11.1614 11.9
      vertex 2.26305 -11.3771 11.9
      vertex 2.02412 -11.4126 11.9
    endloop
  endfacet
  facet normal 0.993447 -0.114297 0
    outer loop
      vertex 1.45439 -13.694 10.9
      vertex 1.52976 -13.0389 8.4
      vertex 1.52976 -13.0389 10.9
    endloop
  endfacet
  facet normal 0.993447 -0.114297 0
    outer loop
      vertex 1.52976 -13.0389 8.4
      vertex 1.45439 -13.694 10.9
      vertex 1.45439 -13.694 8.4
    endloop
  endfacet
  facet normal 0.977462 -0.211111 0
    outer loop
      vertex 1.52976 -13.0389 10.9
      vertex 1.66898 -12.3943 8.4
      vertex 1.66898 -12.3943 10.9
    endloop
  endfacet
  facet normal 0.977462 -0.211111 0
    outer loop
      vertex 1.66898 -12.3943 8.4
      vertex 1.52976 -13.0389 10.9
      vertex 1.52976 -13.0389 8.4
    endloop
  endfacet
  facet normal -0.114305 -0.993446 0
    outer loop
      vertex 8.59951 -7.42792 11.9
      vertex 8.87563 -7.45969 10.9
      vertex 8.87563 -7.45969 11.9
    endloop
  endfacet
  facet normal -0.114305 -0.993446 0
    outer loop
      vertex 8.59951 -7.42792 8.4
      vertex 8.87563 -7.45969 10.9
      vertex 8.59951 -7.42792 11.9
    endloop
  endfacet
  facet normal -0.114289 -0.993448 -1.78998e-06
    outer loop
      vertex 9.25466 -7.50329 8.4
      vertex 8.87563 -7.45969 10.9
      vertex 8.59951 -7.42792 8.4
    endloop
  endfacet
  facet normal -0.114277 -0.993449 0
    outer loop
      vertex 8.87563 -7.45969 10.9
      vertex 9.25466 -7.50329 8.4
      vertex 9.25466 -7.50329 10.9
    endloop
  endfacet
  facet normal -0.0163617 -0.999866 0
    outer loop
      vertex 7.94013 -7.41713 8.4
      vertex 8.59951 -7.42792 11.9
      vertex 7.94013 -7.41713 11.9
    endloop
  endfacet
  facet normal -0.0163617 -0.999866 -0
    outer loop
      vertex 8.59951 -7.42792 11.9
      vertex 7.94013 -7.41713 8.4
      vertex 8.59951 -7.42792 8.4
    endloop
  endfacet
  facet normal 0.88951 0.456916 0
    outer loop
      vertex 2.34031 -17.4935 10.9
      vertex 2.03899 -16.9069 8.4
      vertex 2.03899 -16.9069 10.9
    endloop
  endfacet
  facet normal 0.88951 0.456916 0
    outer loop
      vertex 2.03899 -16.9069 8.4
      vertex 2.34031 -17.4935 10.9
      vertex 2.34031 -17.4935 8.4
    endloop
  endfacet
  facet normal -0.98386 -0.178939 0
    outer loop
      vertex 14.8225 -13.2564 8.4
      vertex 14.7045 -12.6076 10.9
      vertex 14.7045 -12.6076 8.4
    endloop
  endfacet
  facet normal -0.98386 -0.178939 0
    outer loop
      vertex 14.7045 -12.6076 10.9
      vertex 14.8225 -13.2564 8.4
      vertex 14.8225 -13.2564 10.9
    endloop
  endfacet
  facet normal 0.211082 0.977468 -0
    outer loop
      vertex 7.06534 -20.7638 8.4
      vertex 6.42074 -20.6246 10.9
      vertex 7.06534 -20.7638 10.9
    endloop
  endfacet
  facet normal 0.211082 0.977468 0
    outer loop
      vertex 6.42074 -20.6246 10.9
      vertex 7.06534 -20.7638 8.4
      vertex 6.42074 -20.6246 8.4
    endloop
  endfacet
  facet normal 0.305992 0.952034 -0
    outer loop
      vertex 6.42074 -20.6246 8.4
      vertex 5.79288 -20.4228 10.9
      vertex 6.42074 -20.6246 10.9
    endloop
  endfacet
  facet normal 0.305992 0.952034 0
    outer loop
      vertex 5.79288 -20.4228 10.9
      vertex 6.42074 -20.6246 8.4
      vertex 5.79288 -20.4228 8.4
    endloop
  endfacet
  facet normal -0.989173 -0.146756 0
    outer loop
      vertex 10.3997 1.02428 8.4
      vertex 10.2492 2.03869 13.9
      vertex 10.2492 2.03869 8.4
    endloop
  endfacet
  facet normal -0.989173 -0.146756 0
    outer loop
      vertex 10.2492 2.03869 13.9
      vertex 10.3997 1.02428 8.4
      vertex 10.3997 1.02428 13.9
    endloop
  endfacet
  facet normal -0.998796 -0.0490486 0
    outer loop
      vertex 10.45 0 8.4
      vertex 10.3997 1.02428 13.9
      vertex 10.3997 1.02428 8.4
    endloop
  endfacet
  facet normal -0.998796 -0.0490486 0
    outer loop
      vertex 10.3997 1.02428 13.9
      vertex 10.45 0 8.4
      vertex 10.45 0 13.9
    endloop
  endfacet
  facet normal -0.970027 -0.242999 0
    outer loop
      vertex 10.2492 2.03869 8.4
      vertex 10 3.03347 13.9
      vertex 10 3.03347 8.4
    endloop
  endfacet
  facet normal -0.970027 -0.242999 0
    outer loop
      vertex 10 3.03347 13.9
      vertex 10.2492 2.03869 8.4
      vertex 10.2492 2.03869 13.9
    endloop
  endfacet
  facet normal -0.336867 0.941552 0
    outer loop
      vertex 3.99904 -9.65454 11.9
      vertex 3.03347 -10 13.9
      vertex 3.99904 -9.65454 13.9
    endloop
  endfacet
  facet normal -0.336867 0.941552 0
    outer loop
      vertex 3.03347 -10 13.9
      vertex 3.99904 -9.65454 11.9
      vertex 3.03347 -10 11.9
    endloop
  endfacet
  facet normal 0.671555 -0.740955 0
    outer loop
      vertex -7.38927 7.38927 8.4
      vertex -6.62941 8.07796 13.9
      vertex -7.38927 7.38927 13.9
    endloop
  endfacet
  facet normal 0.671555 -0.740955 0
    outer loop
      vertex -6.62941 8.07796 13.9
      vertex -7.38927 7.38927 8.4
      vertex -6.62941 8.07796 8.4
    endloop
  endfacet
  facet normal 0.970049 0.242908 0
    outer loop
      vertex -10.2492 -2.03869 13.9
      vertex -10.1143 -2.57741 11.9
      vertex -10.2492 -2.03869 11.9
    endloop
  endfacet
  facet normal 0.970027 0.242999 -2.59391e-05
    outer loop
      vertex -10 -3.03347 13.9
      vertex -10.1143 -2.57741 11.9
      vertex -10.2492 -2.03869 13.9
    endloop
  endfacet
  facet normal 0.97 0.243106 -0
    outer loop
      vertex -10 -3.03347 8.4
      vertex -10.1143 -2.57741 11.9
      vertex -10 -3.03347 13.9
    endloop
  endfacet
  facet normal 0.97 0.243106 0
    outer loop
      vertex -10.1143 -2.57741 11.9
      vertex -10 -3.03347 8.4
      vertex -10.1143 -2.57741 8.4
    endloop
  endfacet
  facet normal -0.42755 -0.903992 0
    outer loop
      vertex 3.99904 9.65454 11.9
      vertex 4.9261 9.21608 13.9
      vertex 3.99904 9.65454 13.9
    endloop
  endfacet
  facet normal -0.42755 -0.903992 -0
    outer loop
      vertex 4.9261 9.21608 13.9
      vertex 3.99904 9.65454 11.9
      vertex 4.9261 9.21608 11.9
    endloop
  endfacet
  facet normal 0.242999 0.970027 -0
    outer loop
      vertex -2.03869 -10.2492 8.4
      vertex -3.03347 -10 13.9
      vertex -2.03869 -10.2492 13.9
    endloop
  endfacet
  facet normal 0.242999 0.970027 0
    outer loop
      vertex -3.03347 -10 13.9
      vertex -2.03869 -10.2492 8.4
      vertex -3.03347 -10 8.4
    endloop
  endfacet
  facet normal 0.146756 0.989173 -0
    outer loop
      vertex -1.02428 -10.3997 8.4
      vertex -2.03869 -10.2492 13.9
      vertex -1.02428 -10.3997 13.9
    endloop
  endfacet
  facet normal 0.146756 0.989173 0
    outer loop
      vertex -2.03869 -10.2492 13.9
      vertex -1.02428 -10.3997 8.4
      vertex -2.03869 -10.2492 8.4
    endloop
  endfacet
  facet normal -0.242999 -0.970027 1.22016e-05
    outer loop
      vertex 2.03869 10.2492 13.9
      vertex 2.8214 10.0531 11.9
      vertex 3.03347 10 13.9
    endloop
  endfacet
  facet normal -0.243028 -0.970019 0
    outer loop
      vertex 2.03869 10.2492 8.4
      vertex 2.8214 10.0531 11.9
      vertex 2.03869 10.2492 13.9
    endloop
  endfacet
  facet normal -0.243028 -0.970019 -0
    outer loop
      vertex 2.8214 10.0531 11.9
      vertex 2.03869 10.2492 8.4
      vertex 2.8214 10.0531 8.4
    endloop
  endfacet
  facet normal -0.242891 -0.970054 -0
    outer loop
      vertex 3.03347 10 13.9
      vertex 2.8214 10.0531 11.9
      vertex 3.03347 10 11.9
    endloop
  endfacet
  facet normal 0.740955 -0.671555 0
    outer loop
      vertex -8.07796 6.62941 13.9
      vertex -7.38927 7.38927 8.4
      vertex -7.38927 7.38927 13.9
    endloop
  endfacet
  facet normal 0.740955 -0.671555 0
    outer loop
      vertex -7.38927 7.38927 8.4
      vertex -8.07796 6.62941 13.9
      vertex -8.07796 6.62941 8.4
    endloop
  endfacet
  facet normal 0.336867 -0.941552 0
    outer loop
      vertex -3.99904 9.65454 8.4
      vertex -3.03347 10 13.9
      vertex -3.99904 9.65454 13.9
    endloop
  endfacet
  facet normal 0.336867 -0.941552 0
    outer loop
      vertex -3.03347 10 13.9
      vertex -3.99904 9.65454 8.4
      vertex -3.03347 10 8.4
    endloop
  endfacet
  facet normal -0.0490486 0.998796 0
    outer loop
      vertex 1.02428 -10.3997 8.4
      vertex 0 -10.45 13.9
      vertex 1.02428 -10.3997 13.9
    endloop
  endfacet
  facet normal -0.0490486 0.998796 0
    outer loop
      vertex 0 -10.45 13.9
      vertex 1.02428 -10.3997 8.4
      vertex 0 -10.45 8.4
    endloop
  endfacet
  facet normal 0.0490486 -0.998796 0
    outer loop
      vertex -1.02428 10.3997 8.4
      vertex 0 10.45 13.9
      vertex -1.02428 10.3997 13.9
    endloop
  endfacet
  facet normal 0.0490486 -0.998796 0
    outer loop
      vertex 0 10.45 13.9
      vertex -1.02428 10.3997 8.4
      vertex 0 10.45 8.4
    endloop
  endfacet
  facet normal 0.595701 0.803206 -0
    outer loop
      vertex -5.80571 -8.68886 8.4
      vertex -6.62941 -8.07796 13.9
      vertex -5.80571 -8.68886 13.9
    endloop
  endfacet
  facet normal 0.595701 0.803206 0
    outer loop
      vertex -6.62941 -8.07796 13.9
      vertex -5.80571 -8.68886 8.4
      vertex -6.62941 -8.07796 8.4
    endloop
  endfacet
  facet normal 0.903992 0.42755 0
    outer loop
      vertex -9.21608 -4.9261 13.9
      vertex -9.65454 -3.99904 8.4
      vertex -9.65454 -3.99904 13.9
    endloop
  endfacet
  facet normal 0.903992 0.42755 0
    outer loop
      vertex -9.65454 -3.99904 8.4
      vertex -9.21608 -4.9261 13.9
      vertex -9.21608 -4.9261 8.4
    endloop
  endfacet
  facet normal 0.146756 -0.989173 0
    outer loop
      vertex -2.03869 10.2492 8.4
      vertex -1.02428 10.3997 13.9
      vertex -2.03869 10.2492 13.9
    endloop
  endfacet
  facet normal 0.146756 -0.989173 0
    outer loop
      vertex -1.02428 10.3997 13.9
      vertex -2.03869 10.2492 8.4
      vertex -1.02428 10.3997 8.4
    endloop
  endfacet
  facet normal -0.595701 0.803206 0
    outer loop
      vertex 6.62941 -8.07796 11.9
      vertex 5.80571 -8.68886 13.9
      vertex 6.62941 -8.07796 13.9
    endloop
  endfacet
  facet normal -0.595701 0.803206 0
    outer loop
      vertex 5.80571 -8.68886 13.9
      vertex 6.62941 -8.07796 11.9
      vertex 5.80571 -8.68886 11.9
    endloop
  endfacet
  facet normal -0.514104 -0.857728 0
    outer loop
      vertex 4.9261 9.21608 11.9
      vertex 5.80571 8.68886 13.9
      vertex 4.9261 9.21608 13.9
    endloop
  endfacet
  facet normal -0.514104 -0.857728 -0
    outer loop
      vertex 5.80571 8.68886 13.9
      vertex 4.9261 9.21608 11.9
      vertex 5.80571 8.68886 11.9
    endloop
  endfacet
  facet normal 0.998796 0.0490486 0
    outer loop
      vertex -10.3997 -1.02428 13.9
      vertex -10.45 0 11.9
      vertex -10.45 0 13.9
    endloop
  endfacet
  facet normal 0.998796 0.0490486 0
    outer loop
      vertex -10.45 0 11.9
      vertex -10.3997 -1.02428 13.9
      vertex -10.3997 -1.02428 11.9
    endloop
  endfacet
  facet normal 0.336867 0.941552 -0
    outer loop
      vertex -3.03347 -10 8.4
      vertex -3.99904 -9.65454 13.9
      vertex -3.03347 -10 13.9
    endloop
  endfacet
  facet normal 0.336867 0.941552 0
    outer loop
      vertex -3.99904 -9.65454 13.9
      vertex -3.03347 -10 8.4
      vertex -3.99904 -9.65454 8.4
    endloop
  endfacet
  facet normal 0.903992 -0.42755 0
    outer loop
      vertex -9.65454 3.99904 13.9
      vertex -9.21608 4.9261 8.4
      vertex -9.21608 4.9261 13.9
    endloop
  endfacet
  facet normal 0.903992 -0.42755 0
    outer loop
      vertex -9.21608 4.9261 8.4
      vertex -9.65454 3.99904 13.9
      vertex -9.65454 3.99904 8.4
    endloop
  endfacet
  facet normal -0.970027 0.242999 0
    outer loop
      vertex 10 -3.03347 8.4
      vertex 10.2492 -2.03869 13.9
      vertex 10.2492 -2.03869 8.4
    endloop
  endfacet
  facet normal -0.970027 0.242999 0
    outer loop
      vertex 10.2492 -2.03869 13.9
      vertex 10 -3.03347 8.4
      vertex 10 -3.03347 13.9
    endloop
  endfacet
  facet normal -0.671562 -0.740948 0
    outer loop
      vertex 7.30067 7.46956 11.9
      vertex 6.62941 8.07796 13.9
      vertex 6.62941 8.07796 11.9
    endloop
  endfacet
  facet normal -0.671555 -0.740955 4.27814e-06
    outer loop
      vertex 6.62941 8.07796 13.9
      vertex 7.30067 7.46956 11.9
      vertex 7.38927 7.38927 13.9
    endloop
  endfacet
  facet normal -0.671502 -0.741003 0
    outer loop
      vertex 7.38927 7.38927 8.4
      vertex 7.30067 7.46956 11.9
      vertex 7.30067 7.46956 8.4
    endloop
  endfacet
  facet normal -0.671502 -0.741003 0
    outer loop
      vertex 7.30067 7.46956 11.9
      vertex 7.38927 7.38927 8.4
      vertex 7.38927 7.38927 13.9
    endloop
  endfacet
  facet normal -0.595701 -0.803206 0
    outer loop
      vertex 5.80571 8.68886 11.9
      vertex 6.62941 8.07796 13.9
      vertex 5.80571 8.68886 13.9
    endloop
  endfacet
  facet normal -0.595701 -0.803206 -0
    outer loop
      vertex 6.62941 8.07796 13.9
      vertex 5.80571 8.68886 11.9
      vertex 6.62941 8.07796 11.9
    endloop
  endfacet
  facet normal 0.595701 -0.803206 0
    outer loop
      vertex -6.62941 8.07796 8.4
      vertex -5.80571 8.68886 13.9
      vertex -6.62941 8.07796 13.9
    endloop
  endfacet
  facet normal 0.595701 -0.803206 0
    outer loop
      vertex -5.80571 8.68886 13.9
      vertex -6.62941 8.07796 8.4
      vertex -5.80571 8.68886 8.4
    endloop
  endfacet
  facet normal -0.514104 0.857728 0
    outer loop
      vertex 5.80571 -8.68886 11.9
      vertex 4.9261 -9.21608 13.9
      vertex 5.80571 -8.68886 13.9
    endloop
  endfacet
  facet normal -0.514104 0.857728 0
    outer loop
      vertex 4.9261 -9.21608 13.9
      vertex 5.80571 -8.68886 11.9
      vertex 4.9261 -9.21608 11.9
    endloop
  endfacet
  facet normal -0.740955 -0.671555 0
    outer loop
      vertex 8.07796 6.62941 8.4
      vertex 7.38927 7.38927 13.9
      vertex 7.38927 7.38927 8.4
    endloop
  endfacet
  facet normal -0.740955 -0.671555 0
    outer loop
      vertex 7.38927 7.38927 13.9
      vertex 8.07796 6.62941 8.4
      vertex 8.07796 6.62941 13.9
    endloop
  endfacet
  facet normal -0.803206 -0.595701 0
    outer loop
      vertex 8.68886 5.80571 8.4
      vertex 8.07796 6.62941 13.9
      vertex 8.07796 6.62941 8.4
    endloop
  endfacet
  facet normal -0.803206 -0.595701 0
    outer loop
      vertex 8.07796 6.62941 13.9
      vertex 8.68886 5.80571 8.4
      vertex 8.68886 5.80571 13.9
    endloop
  endfacet
  facet normal -0.989173 0.146756 0
    outer loop
      vertex 10.2492 -2.03869 8.4
      vertex 10.3997 -1.02428 13.9
      vertex 10.3997 -1.02428 8.4
    endloop
  endfacet
  facet normal -0.989173 0.146756 0
    outer loop
      vertex 10.3997 -1.02428 13.9
      vertex 10.2492 -2.03869 8.4
      vertex 10.2492 -2.03869 13.9
    endloop
  endfacet
  facet normal 0.941552 -0.336867 0
    outer loop
      vertex -10 3.03347 13.9
      vertex -9.65454 3.99904 8.4
      vertex -9.65454 3.99904 13.9
    endloop
  endfacet
  facet normal 0.941552 -0.336867 0
    outer loop
      vertex -9.65454 3.99904 8.4
      vertex -10 3.03347 13.9
      vertex -10 3.03347 8.4
    endloop
  endfacet
  facet normal -0.903992 0.42755 0
    outer loop
      vertex 9.21608 -4.9261 8.4
      vertex 9.65454 -3.99904 13.9
      vertex 9.65454 -3.99904 8.4
    endloop
  endfacet
  facet normal -0.903992 0.42755 0
    outer loop
      vertex 9.65454 -3.99904 13.9
      vertex 9.21608 -4.9261 8.4
      vertex 9.21608 -4.9261 13.9
    endloop
  endfacet
  facet normal -0.998796 0.0490486 0
    outer loop
      vertex 10.3997 -1.02428 8.4
      vertex 10.45 0 13.9
      vertex 10.45 0 8.4
    endloop
  endfacet
  facet normal -0.998796 0.0490486 0
    outer loop
      vertex 10.45 0 13.9
      vertex 10.3997 -1.02428 8.4
      vertex 10.3997 -1.02428 13.9
    endloop
  endfacet
  facet normal -0.242891 0.970054 0
    outer loop
      vertex 2.8214 -10.0531 11.9
      vertex 3.03347 -10 13.9
      vertex 3.03347 -10 11.9
    endloop
  endfacet
  facet normal -0.242999 0.970027 1.22016e-05
    outer loop
      vertex 3.03347 -10 13.9
      vertex 2.8214 -10.0531 11.9
      vertex 2.03869 -10.2492 13.9
    endloop
  endfacet
  facet normal -0.243028 0.970019 0
    outer loop
      vertex 2.03869 -10.2492 8.4
      vertex 2.8214 -10.0531 11.9
      vertex 2.8214 -10.0531 8.4
    endloop
  endfacet
  facet normal -0.243028 0.970019 0
    outer loop
      vertex 2.8214 -10.0531 11.9
      vertex 2.03869 -10.2492 8.4
      vertex 2.03869 -10.2492 13.9
    endloop
  endfacet
  facet normal -0.146756 0.989173 0
    outer loop
      vertex 2.03869 -10.2492 8.4
      vertex 1.02428 -10.3997 13.9
      vertex 2.03869 -10.2492 13.9
    endloop
  endfacet
  facet normal -0.146756 0.989173 0
    outer loop
      vertex 1.02428 -10.3997 13.9
      vertex 2.03869 -10.2492 8.4
      vertex 1.02428 -10.3997 8.4
    endloop
  endfacet
  facet normal -0.941552 -0.336867 0
    outer loop
      vertex 10 3.03347 8.4
      vertex 9.65454 3.99904 13.9
      vertex 9.65454 3.99904 8.4
    endloop
  endfacet
  facet normal -0.941552 -0.336867 0
    outer loop
      vertex 9.65454 3.99904 13.9
      vertex 10 3.03347 8.4
      vertex 10 3.03347 13.9
    endloop
  endfacet
  facet normal -0.803206 0.595701 0
    outer loop
      vertex 8.07796 -6.62941 8.4
      vertex 8.68886 -5.80571 13.9
      vertex 8.68886 -5.80571 8.4
    endloop
  endfacet
  facet normal -0.803206 0.595701 0
    outer loop
      vertex 8.68886 -5.80571 13.9
      vertex 8.07796 -6.62941 8.4
      vertex 8.07796 -6.62941 13.9
    endloop
  endfacet
  facet normal -0.857728 0.514104 0
    outer loop
      vertex 8.68886 -5.80571 8.4
      vertex 9.21608 -4.9261 13.9
      vertex 9.21608 -4.9261 8.4
    endloop
  endfacet
  facet normal -0.857728 0.514104 0
    outer loop
      vertex 9.21608 -4.9261 13.9
      vertex 8.68886 -5.80571 8.4
      vertex 8.68886 -5.80571 13.9
    endloop
  endfacet
  facet normal -0.42755 0.903992 0
    outer loop
      vertex 4.9261 -9.21608 11.9
      vertex 3.99904 -9.65454 13.9
      vertex 4.9261 -9.21608 13.9
    endloop
  endfacet
  facet normal -0.42755 0.903992 0
    outer loop
      vertex 3.99904 -9.65454 13.9
      vertex 4.9261 -9.21608 11.9
      vertex 3.99904 -9.65454 11.9
    endloop
  endfacet
  facet normal -0.0490486 -0.998796 0
    outer loop
      vertex 0 10.45 8.4
      vertex 1.02428 10.3997 13.9
      vertex 0 10.45 13.9
    endloop
  endfacet
  facet normal -0.0490486 -0.998796 -0
    outer loop
      vertex 1.02428 10.3997 13.9
      vertex 0 10.45 8.4
      vertex 1.02428 10.3997 8.4
    endloop
  endfacet
  facet normal -0.941552 0.336867 0
    outer loop
      vertex 9.65454 -3.99904 8.4
      vertex 10 -3.03347 13.9
      vertex 10 -3.03347 8.4
    endloop
  endfacet
  facet normal -0.941552 0.336867 0
    outer loop
      vertex 10 -3.03347 13.9
      vertex 9.65454 -3.99904 8.4
      vertex 9.65454 -3.99904 13.9
    endloop
  endfacet
  facet normal 0.242999 -0.970027 0
    outer loop
      vertex -3.03347 10 8.4
      vertex -2.03869 10.2492 13.9
      vertex -3.03347 10 13.9
    endloop
  endfacet
  facet normal 0.242999 -0.970027 0
    outer loop
      vertex -2.03869 10.2492 13.9
      vertex -3.03347 10 8.4
      vertex -2.03869 10.2492 8.4
    endloop
  endfacet
  facet normal -0.903992 -0.42755 0
    outer loop
      vertex 9.65454 3.99904 8.4
      vertex 9.21608 4.9261 13.9
      vertex 9.21608 4.9261 8.4
    endloop
  endfacet
  facet normal -0.903992 -0.42755 0
    outer loop
      vertex 9.21608 4.9261 13.9
      vertex 9.65454 3.99904 8.4
      vertex 9.65454 3.99904 13.9
    endloop
  endfacet
  facet normal 0.42755 -0.903992 0
    outer loop
      vertex -4.9261 9.21608 8.4
      vertex -3.99904 9.65454 13.9
      vertex -4.9261 9.21608 13.9
    endloop
  endfacet
  facet normal 0.42755 -0.903992 0
    outer loop
      vertex -3.99904 9.65454 13.9
      vertex -4.9261 9.21608 8.4
      vertex -3.99904 9.65454 8.4
    endloop
  endfacet
  facet normal -0.146756 -0.989173 0
    outer loop
      vertex 1.02428 10.3997 8.4
      vertex 2.03869 10.2492 13.9
      vertex 1.02428 10.3997 13.9
    endloop
  endfacet
  facet normal -0.146756 -0.989173 -0
    outer loop
      vertex 2.03869 10.2492 13.9
      vertex 1.02428 10.3997 8.4
      vertex 2.03869 10.2492 8.4
    endloop
  endfacet
  facet normal 0.857728 0.514104 0
    outer loop
      vertex -8.68886 -5.80571 13.9
      vertex -9.21608 -4.9261 8.4
      vertex -9.21608 -4.9261 13.9
    endloop
  endfacet
  facet normal 0.857728 0.514104 0
    outer loop
      vertex -9.21608 -4.9261 8.4
      vertex -8.68886 -5.80571 13.9
      vertex -8.68886 -5.80571 8.4
    endloop
  endfacet
  facet normal -0.857728 -0.514104 0
    outer loop
      vertex 9.21608 4.9261 8.4
      vertex 8.68886 5.80571 13.9
      vertex 8.68886 5.80571 8.4
    endloop
  endfacet
  facet normal -0.857728 -0.514104 0
    outer loop
      vertex 8.68886 5.80571 13.9
      vertex 9.21608 4.9261 8.4
      vertex 9.21608 4.9261 13.9
    endloop
  endfacet
  facet normal 0.514104 -0.857728 0
    outer loop
      vertex -5.80571 8.68886 8.4
      vertex -4.9261 9.21608 13.9
      vertex -5.80571 8.68886 13.9
    endloop
  endfacet
  facet normal 0.514104 -0.857728 0
    outer loop
      vertex -4.9261 9.21608 13.9
      vertex -5.80571 8.68886 8.4
      vertex -4.9261 9.21608 8.4
    endloop
  endfacet
  facet normal 0.740955 0.671555 0
    outer loop
      vertex -7.38927 -7.38927 13.9
      vertex -8.07796 -6.62941 8.4
      vertex -8.07796 -6.62941 13.9
    endloop
  endfacet
  facet normal 0.740955 0.671555 0
    outer loop
      vertex -8.07796 -6.62941 8.4
      vertex -7.38927 -7.38927 13.9
      vertex -7.38927 -7.38927 8.4
    endloop
  endfacet
  facet normal 0.42755 0.903992 -0
    outer loop
      vertex -3.99904 -9.65454 8.4
      vertex -4.9261 -9.21608 13.9
      vertex -3.99904 -9.65454 13.9
    endloop
  endfacet
  facet normal 0.42755 0.903992 0
    outer loop
      vertex -4.9261 -9.21608 13.9
      vertex -3.99904 -9.65454 8.4
      vertex -4.9261 -9.21608 8.4
    endloop
  endfacet
  facet normal 0.941552 0.336867 0
    outer loop
      vertex -9.65454 -3.99904 13.9
      vertex -10 -3.03347 8.4
      vertex -10 -3.03347 13.9
    endloop
  endfacet
  facet normal 0.941552 0.336867 0
    outer loop
      vertex -10 -3.03347 8.4
      vertex -9.65454 -3.99904 13.9
      vertex -9.65454 -3.99904 8.4
    endloop
  endfacet
  facet normal 0.514104 0.857728 -0
    outer loop
      vertex -4.9261 -9.21608 8.4
      vertex -5.80571 -8.68886 13.9
      vertex -4.9261 -9.21608 13.9
    endloop
  endfacet
  facet normal 0.514104 0.857728 0
    outer loop
      vertex -5.80571 -8.68886 13.9
      vertex -4.9261 -9.21608 8.4
      vertex -5.80571 -8.68886 8.4
    endloop
  endfacet
  facet normal 0.97 -0.243106 0
    outer loop
      vertex -10 3.03347 13.9
      vertex -10.1143 2.57741 11.9
      vertex -10 3.03347 8.4
    endloop
  endfacet
  facet normal 0.970027 -0.242999 -2.59391e-05
    outer loop
      vertex -10.2492 2.03869 13.9
      vertex -10.1143 2.57741 11.9
      vertex -10 3.03347 13.9
    endloop
  endfacet
  facet normal 0.970049 -0.242908 0
    outer loop
      vertex -10.1143 2.57741 11.9
      vertex -10.2492 2.03869 13.9
      vertex -10.2492 2.03869 11.9
    endloop
  endfacet
  facet normal 0.97 -0.243106 0
    outer loop
      vertex -10 3.03347 8.4
      vertex -10.1143 2.57741 11.9
      vertex -10.1143 2.57741 8.4
    endloop
  endfacet
  facet normal 0.989173 -0.146756 0
    outer loop
      vertex -10.3997 1.02428 13.9
      vertex -10.2492 2.03869 11.9
      vertex -10.2492 2.03869 13.9
    endloop
  endfacet
  facet normal 0.989173 -0.146756 0
    outer loop
      vertex -10.2492 2.03869 11.9
      vertex -10.3997 1.02428 13.9
      vertex -10.3997 1.02428 11.9
    endloop
  endfacet
  facet normal -0.336867 -0.941552 0
    outer loop
      vertex 3.03347 10 11.9
      vertex 3.99904 9.65454 13.9
      vertex 3.03347 10 13.9
    endloop
  endfacet
  facet normal -0.336867 -0.941552 -0
    outer loop
      vertex 3.99904 9.65454 13.9
      vertex 3.03347 10 11.9
      vertex 3.99904 9.65454 11.9
    endloop
  endfacet
  facet normal 0.803206 0.595701 0
    outer loop
      vertex -8.07796 -6.62941 13.9
      vertex -8.68886 -5.80571 8.4
      vertex -8.68886 -5.80571 13.9
    endloop
  endfacet
  facet normal 0.803206 0.595701 0
    outer loop
      vertex -8.68886 -5.80571 8.4
      vertex -8.07796 -6.62941 13.9
      vertex -8.07796 -6.62941 8.4
    endloop
  endfacet
  facet normal 0.989173 0.146756 0
    outer loop
      vertex -10.2492 -2.03869 13.9
      vertex -10.3997 -1.02428 11.9
      vertex -10.3997 -1.02428 13.9
    endloop
  endfacet
  facet normal 0.989173 0.146756 0
    outer loop
      vertex -10.3997 -1.02428 11.9
      vertex -10.2492 -2.03869 13.9
      vertex -10.2492 -2.03869 11.9
    endloop
  endfacet
  facet normal 0.671555 0.740955 -0
    outer loop
      vertex -6.62941 -8.07796 8.4
      vertex -7.38927 -7.38927 13.9
      vertex -6.62941 -8.07796 13.9
    endloop
  endfacet
  facet normal 0.671555 0.740955 0
    outer loop
      vertex -7.38927 -7.38927 13.9
      vertex -6.62941 -8.07796 8.4
      vertex -7.38927 -7.38927 8.4
    endloop
  endfacet
  facet normal 0.803206 -0.595701 0
    outer loop
      vertex -8.68886 5.80571 13.9
      vertex -8.07796 6.62941 8.4
      vertex -8.07796 6.62941 13.9
    endloop
  endfacet
  facet normal 0.803206 -0.595701 0
    outer loop
      vertex -8.07796 6.62941 8.4
      vertex -8.68886 5.80571 13.9
      vertex -8.68886 5.80571 8.4
    endloop
  endfacet
  facet normal 0.857728 -0.514104 0
    outer loop
      vertex -9.21608 4.9261 13.9
      vertex -8.68886 5.80571 8.4
      vertex -8.68886 5.80571 13.9
    endloop
  endfacet
  facet normal 0.857728 -0.514104 0
    outer loop
      vertex -8.68886 5.80571 8.4
      vertex -9.21608 4.9261 13.9
      vertex -9.21608 4.9261 8.4
    endloop
  endfacet
  facet normal 0.0490486 0.998796 -0
    outer loop
      vertex 0 -10.45 8.4
      vertex -1.02428 -10.3997 13.9
      vertex 0 -10.45 13.9
    endloop
  endfacet
  facet normal 0.0490486 0.998796 0
    outer loop
      vertex -1.02428 -10.3997 13.9
      vertex 0 -10.45 8.4
      vertex -1.02428 -10.3997 8.4
    endloop
  endfacet
  facet normal 0.998796 -0.0490486 0
    outer loop
      vertex -10.45 0 13.9
      vertex -10.3997 1.02428 11.9
      vertex -10.3997 1.02428 13.9
    endloop
  endfacet
  facet normal 0.998796 -0.0490486 0
    outer loop
      vertex -10.3997 1.02428 11.9
      vertex -10.45 0 13.9
      vertex -10.45 0 11.9
    endloop
  endfacet
  facet normal -0.740955 0.671555 0
    outer loop
      vertex 7.38927 -7.38927 8.4
      vertex 8.07796 -6.62941 13.9
      vertex 8.07796 -6.62941 8.4
    endloop
  endfacet
  facet normal -0.740955 0.671555 0
    outer loop
      vertex 8.07796 -6.62941 13.9
      vertex 7.38927 -7.38927 8.4
      vertex 7.38927 -7.38927 13.9
    endloop
  endfacet
  facet normal -0.671555 0.740955 4.27814e-06
    outer loop
      vertex 7.38927 -7.38927 13.9
      vertex 7.30067 -7.46956 11.9
      vertex 6.62941 -8.07796 13.9
    endloop
  endfacet
  facet normal -0.671502 0.741003 0
    outer loop
      vertex 7.38927 -7.38927 8.4
      vertex 7.30067 -7.46956 11.9
      vertex 7.38927 -7.38927 13.9
    endloop
  endfacet
  facet normal -0.671502 0.741003 0
    outer loop
      vertex 7.30067 -7.46956 11.9
      vertex 7.38927 -7.38927 8.4
      vertex 7.30067 -7.46956 8.4
    endloop
  endfacet
  facet normal -0.671562 0.740948 0
    outer loop
      vertex 6.62941 -8.07796 13.9
      vertex 7.30067 -7.46956 11.9
      vertex 6.62941 -8.07796 11.9
    endloop
  endfacet
endsolid OpenSCAD_Model
