solid OpenSCAD_Model
  facet normal 0 0.98919 -0.146637
    outer loop
      vertex 0 24.8079 -1.9509
      vertex -6 24.9518 -0.980171
      vertex 0 24.9518 -0.980171
    endloop
  endfacet
  facet normal 0 0.98919 -0.146637
    outer loop
      vertex -6 24.9518 -0.980171
      vertex 0 24.8079 -1.9509
      vertex -6 24.8079 -1.9509
    endloop
  endfacet
  facet normal 0 0.998793 -0.0491157
    outer loop
      vertex 0 24.9518 -0.980171
      vertex -6 25 0
      vertex 0 25 0
    endloop
  endfacet
  facet normal 0 0.998793 -0.0491157
    outer loop
      vertex -6 25 0
      vertex 0 24.9518 -0.980171
      vertex -6 24.9518 -0.980171
    endloop
  endfacet
  facet normal 0 0 1
    outer loop
      vertex -6 0 10
      vertex 0 15 10
      vertex -6 15 10
    endloop
  endfacet
  facet normal 0 0 1
    outer loop
      vertex 0 15 10
      vertex -6 0 10
      vertex 0 -25 10
    endloop
  endfacet
  facet normal 0 0 1
    outer loop
      vertex 0 -25 10
      vertex -6 0 10
      vertex -6 -25 10
    endloop
  endfacet
  facet normal -0 0.146741 0.989175
    outer loop
      vertex -6 16.9509 9.80785
      vertex 0 15.9802 9.95185
      vertex 0 16.9509 9.80785
    endloop
  endfacet
  facet normal 0 0.146741 0.989175
    outer loop
      vertex 0 15.9802 9.95185
      vertex -6 16.9509 9.80785
      vertex -6 15.9802 9.95185
    endloop
  endfacet
  facet normal -0 0.427535 0.903999
    outer loop
      vertex -6 19.714 8.81921
      vertex 0 18.8268 9.2388
      vertex 0 19.714 8.81921
    endloop
  endfacet
  facet normal 0 0.427535 0.903999
    outer loop
      vertex 0 18.8268 9.2388
      vertex -6 19.714 8.81921
      vertex -6 18.8268 9.2388
    endloop
  endfacet
  facet normal 0 0.941546 -0.336885
    outer loop
      vertex 0 24.2388 -3.82683
      vertex -6 24.5694 -2.90285
      vertex 0 24.5694 -2.90285
    endloop
  endfacet
  facet normal 0 0.941546 -0.336885
    outer loop
      vertex -6 24.5694 -2.90285
      vertex 0 24.2388 -3.82683
      vertex -6 24.2388 -3.82683
    endloop
  endfacet
  facet normal 0 0.98919 0.146637
    outer loop
      vertex 0 24.9518 0.980171
      vertex -6 24.8079 1.9509
      vertex 0 24.8079 1.9509
    endloop
  endfacet
  facet normal 0 0.98919 0.146637
    outer loop
      vertex -6 24.8079 1.9509
      vertex 0 24.9518 0.980171
      vertex -6 24.9518 0.980171
    endloop
  endfacet
  facet normal -0 0.0490635 0.998796
    outer loop
      vertex -6 15.9802 9.95185
      vertex 0 15 10
      vertex 0 15.9802 9.95185
    endloop
  endfacet
  facet normal 0 0.0490635 0.998796
    outer loop
      vertex 0 15 10
      vertex -6 15.9802 9.95185
      vertex -6 15 10
    endloop
  endfacet
  facet normal -0 0.336879 0.941548
    outer loop
      vertex -6 18.8268 9.2388
      vertex 0 17.9028 9.5694
      vertex 0 18.8268 9.2388
    endloop
  endfacet
  facet normal 0 0.336879 0.941548
    outer loop
      vertex 0 17.9028 9.5694
      vertex -6 18.8268 9.2388
      vertex -6 17.9028 9.5694
    endloop
  endfacet
  facet normal -0 0.514114 0.857722
    outer loop
      vertex -6 20.5557 8.3147
      vertex 0 19.714 8.81921
      vertex 0 20.5557 8.3147
    endloop
  endfacet
  facet normal 0 0.514114 0.857722
    outer loop
      vertex 0 19.714 8.81921
      vertex -6 20.5557 8.3147
      vertex -6 19.714 8.81921
    endloop
  endfacet
  facet normal 0 0.857735 0.514093
    outer loop
      vertex 0 23.8192 4.71397
      vertex -6 23.3147 5.5557
      vertex 0 23.3147 5.5557
    endloop
  endfacet
  facet normal 0 0.857735 0.514093
    outer loop
      vertex -6 23.3147 5.5557
      vertex 0 23.8192 4.71397
      vertex -6 23.8192 4.71397
    endloop
  endfacet
  facet normal 0 0 -1
    outer loop
      vertex -6 0 -10
      vertex 0 -25 -10
      vertex -6 -25 -10
    endloop
  endfacet
  facet normal 0 0 -1
    outer loop
      vertex 0 -25 -10
      vertex -6 0 -10
      vertex 0 15 -10
    endloop
  endfacet
  facet normal -0 0 -1
    outer loop
      vertex 0 15 -10
      vertex -6 0 -10
      vertex -6 15 -10
    endloop
  endfacet
  facet normal 0 0.242991 -0.970028
    outer loop
      vertex -6 16.9509 -9.80785
      vertex 0 17.9028 -9.5694
      vertex 0 16.9509 -9.80785
    endloop
  endfacet
  facet normal 0 0.242991 -0.970028
    outer loop
      vertex 0 17.9028 -9.5694
      vertex -6 16.9509 -9.80785
      vertex -6 17.9028 -9.5694
    endloop
  endfacet
  facet normal 0 0.970019 0.243027
    outer loop
      vertex 0 24.8079 1.9509
      vertex -6 24.5694 2.90285
      vertex 0 24.5694 2.90285
    endloop
  endfacet
  facet normal 0 0.970019 0.243027
    outer loop
      vertex -6 24.5694 2.90285
      vertex 0 24.8079 1.9509
      vertex -6 24.8079 1.9509
    endloop
  endfacet
  facet normal 0 0.941546 0.336885
    outer loop
      vertex 0 24.5694 2.90285
      vertex -6 24.2388 3.82683
      vertex 0 24.2388 3.82683
    endloop
  endfacet
  facet normal 0 0.941546 0.336885
    outer loop
      vertex -6 24.2388 3.82683
      vertex 0 24.5694 2.90285
      vertex -6 24.5694 2.90285
    endloop
  endfacet
  facet normal 0 0.803203 0.595705
    outer loop
      vertex 0 23.3147 5.5557
      vertex -6 22.7301 6.34393
      vertex 0 22.7301 6.34393
    endloop
  endfacet
  facet normal 0 0.803203 0.595705
    outer loop
      vertex -6 22.7301 6.34393
      vertex 0 23.3147 5.5557
      vertex -6 23.3147 5.5557
    endloop
  endfacet
  facet normal 0 0.59572 -0.803192
    outer loop
      vertex -6 20.5557 -8.3147
      vertex 0 21.3439 -7.7301
      vertex 0 20.5557 -8.3147
    endloop
  endfacet
  facet normal 0 0.59572 -0.803192
    outer loop
      vertex 0 21.3439 -7.7301
      vertex -6 20.5557 -8.3147
      vertex -6 21.3439 -7.7301
    endloop
  endfacet
  facet normal -0 0.242991 0.970028
    outer loop
      vertex -6 17.9028 9.5694
      vertex 0 16.9509 9.80785
      vertex 0 17.9028 9.5694
    endloop
  endfacet
  facet normal 0 0.242991 0.970028
    outer loop
      vertex 0 16.9509 9.80785
      vertex -6 17.9028 9.5694
      vertex -6 16.9509 9.80785
    endloop
  endfacet
  facet normal 0 0.671522 -0.740984
    outer loop
      vertex -6 21.3439 -7.7301
      vertex 0 22.0711 -7.07107
      vertex 0 21.3439 -7.7301
    endloop
  endfacet
  facet normal 0 0.671522 -0.740984
    outer loop
      vertex 0 22.0711 -7.07107
      vertex -6 21.3439 -7.7301
      vertex -6 22.0711 -7.07107
    endloop
  endfacet
  facet normal 1 0 0
    outer loop
      vertex 0 17.9 0
      vertex 0 25 0
      vertex 0 24.9518 0.980171
    endloop
  endfacet
  facet normal 1 0 0
    outer loop
      vertex 0 17.8784 0.335727
      vertex 0 24.9518 0.980171
      vertex 0 24.8079 1.9509
    endloop
  endfacet
  facet normal 1 0 0
    outer loop
      vertex 0 25 0
      vertex 0 17.9 0
      vertex 0 24.9518 -0.980171
    endloop
  endfacet
  facet normal 1 0 0
    outer loop
      vertex 0 17.8316 0.616243
      vertex 0 24.8079 1.9509
      vertex 0 24.5694 2.90285
    endloop
  endfacet
  facet normal 1 -0 0
    outer loop
      vertex 0 17.8886 -0.23227
      vertex 0 24.9518 -0.980171
      vertex 0 17.9 0
    endloop
  endfacet
  facet normal 1 0 0
    outer loop
      vertex 0 17.7751 0.841825
      vertex 0 24.5694 2.90285
      vertex 0 24.2388 3.82683
    endloop
  endfacet
  facet normal 1 -0 0
    outer loop
      vertex 0 17.886 -0.284249
      vertex 0 24.9518 -0.980171
      vertex 0 17.8886 -0.23227
    endloop
  endfacet
  facet normal 1 0 0
    outer loop
      vertex 0 17.6793 1.10978
      vertex 0 24.2388 3.82683
      vertex 0 23.8192 4.71397
    endloop
  endfacet
  facet normal 1 -0 0
    outer loop
      vertex 0 17.8784 -0.335727
      vertex 0 24.9518 -0.980171
      vertex 0 17.886 -0.284249
    endloop
  endfacet
  facet normal 1 0 0
    outer loop
      vertex 0 17.5308 1.41169
      vertex 0 23.8192 4.71397
      vertex 0 23.3147 5.5557
    endloop
  endfacet
  facet normal 1 0 0
    outer loop
      vertex 0 24.9518 -0.980171
      vertex 0 17.8784 -0.335727
      vertex 0 24.8079 -1.9509
    endloop
  endfacet
  facet normal 1 0 0
    outer loop
      vertex 0 17.4113 1.61115
      vertex 0 23.3147 5.5557
      vertex 0 22.7301 6.34393
    endloop
  endfacet
  facet normal 1 -0 0
    outer loop
      vertex 0 17.8443 -0.565761
      vertex 0 24.8079 -1.9509
      vertex 0 17.8784 -0.335727
    endloop
  endfacet
  facet normal 1 0 0
    outer loop
      vertex 0 17.2417 1.83974
      vertex 0 22.7301 6.34393
      vertex 0 22.0711 7.07107
    endloop
  endfacet
  facet normal 1 -0 0
    outer loop
      vertex 0 17.8316 -0.616243
      vertex 0 24.8079 -1.9509
      vertex 0 17.8443 -0.565761
    endloop
  endfacet
  facet normal 1 0 0
    outer loop
      vertex 0 17.012 2.08556
      vertex 0 22.0711 7.07107
      vertex 0 21.3439 7.7301
    endloop
  endfacet
  facet normal 1 0 0
    outer loop
      vertex 0 24.8079 -1.9509
      vertex 0 17.8316 -0.616243
      vertex 0 24.5694 -2.90285
    endloop
  endfacet
  facet normal 1 0 0
    outer loop
      vertex 0 16.7979 2.27273
      vertex 0 21.3439 7.7301
      vertex 0 20.5557 8.3147
    endloop
  endfacet
  facet normal 1 -0 0
    outer loop
      vertex 0 17.7751 -0.841825
      vertex 0 24.5694 -2.90285
      vertex 0 17.8316 -0.616243
    endloop
  endfacet
  facet normal 1 0 0
    outer loop
      vertex 0 16.6112 2.41126
      vertex 0 20.5557 8.3147
      vertex 0 19.714 8.81921
    endloop
  endfacet
  facet normal 1 0 0
    outer loop
      vertex 0 24.5694 -2.90285
      vertex 0 17.7751 -0.841825
      vertex 0 24.2388 -3.82683
    endloop
  endfacet
  facet normal 1 0 0
    outer loop
      vertex 0 16.32 2.57982
      vertex 0 19.714 8.81921
      vertex 0 18.8268 9.2388
    endloop
  endfacet
  facet normal 1 -0 0
    outer loop
      vertex 0 17.6968 -1.06078
      vertex 0 24.2388 -3.82683
      vertex 0 17.7751 -0.841825
    endloop
  endfacet
  facet normal 1 0 0
    outer loop
      vertex 0 16.0608 2.69678
      vertex 0 18.8268 9.2388
      vertex 0 17.9028 9.5694
    endloop
  endfacet
  facet normal 1 -0 0
    outer loop
      vertex 0 17.6793 -1.10978
      vertex 0 24.2388 -3.82683
      vertex 0 17.6968 -1.06078
    endloop
  endfacet
  facet normal 1 0 0
    outer loop
      vertex 0 24.2388 -3.82683
      vertex 0 17.6793 -1.10978
      vertex 0 23.8192 -4.71397
    endloop
  endfacet
  facet normal 1 0 0
    outer loop
      vertex 0 24.9518 0.980171
      vertex 0 17.8886 0.23227
      vertex 0 17.9 0
    endloop
  endfacet
  facet normal 1 0 0
    outer loop
      vertex 0 24.9518 0.980171
      vertex 0 17.886 0.284249
      vertex 0 17.8886 0.23227
    endloop
  endfacet
  facet normal 1 0 0
    outer loop
      vertex 0 24.9518 0.980171
      vertex 0 17.8784 0.335727
      vertex 0 17.886 0.284249
    endloop
  endfacet
  facet normal 1 0 0
    outer loop
      vertex 0 24.8079 1.9509
      vertex 0 17.8443 0.565761
      vertex 0 17.8784 0.335727
    endloop
  endfacet
  facet normal 1 0 0
    outer loop
      vertex 0 24.8079 1.9509
      vertex 0 17.8316 0.616243
      vertex 0 17.8443 0.565761
    endloop
  endfacet
  facet normal 1 0 0
    outer loop
      vertex 0 24.5694 2.90285
      vertex 0 17.7751 0.841825
      vertex 0 17.8316 0.616243
    endloop
  endfacet
  facet normal 1 0 0
    outer loop
      vertex 0 24.2388 3.82683
      vertex 0 17.6968 1.06078
      vertex 0 17.7751 0.841825
    endloop
  endfacet
  facet normal 1 0 0
    outer loop
      vertex 0 24.2388 3.82683
      vertex 0 17.6793 1.10978
      vertex 0 17.6968 1.06078
    endloop
  endfacet
  facet normal 1 0 0
    outer loop
      vertex 0 23.8192 4.71397
      vertex 0 17.5798 1.32001
      vertex 0 17.6793 1.10978
    endloop
  endfacet
  facet normal 1 0 0
    outer loop
      vertex 0 23.8192 4.71397
      vertex 0 17.5576 1.36705
      vertex 0 17.5798 1.32001
    endloop
  endfacet
  facet normal 1 0 0
    outer loop
      vertex 0 23.8192 4.71397
      vertex 0 17.5308 1.41169
      vertex 0 17.5576 1.36705
    endloop
  endfacet
  facet normal 1 0 0
    outer loop
      vertex 0 23.3147 5.5557
      vertex 0 17.4113 1.61115
      vertex 0 17.5308 1.41169
    endloop
  endfacet
  facet normal 1 0 0
    outer loop
      vertex 0 22.7301 6.34393
      vertex 0 17.2727 1.79794
      vertex 0 17.4113 1.61115
    endloop
  endfacet
  facet normal 1 0 0
    outer loop
      vertex 0 22.7301 6.34393
      vertex 0 17.2417 1.83974
      vertex 0 17.2727 1.79794
    endloop
  endfacet
  facet normal 1 0 0
    outer loop
      vertex 0 22.0711 7.07107
      vertex 0 17.0856 2.01205
      vertex 0 17.2417 1.83974
    endloop
  endfacet
  facet normal 1 0 0
    outer loop
      vertex 0 22.0711 7.07107
      vertex 0 17.0506 2.05061
      vertex 0 17.0856 2.01205
    endloop
  endfacet
  facet normal 1 0 0
    outer loop
      vertex 0 22.0711 7.07107
      vertex 0 17.012 2.08556
      vertex 0 17.0506 2.05061
    endloop
  endfacet
  facet normal 1 0 0
    outer loop
      vertex 0 15.8418 2.77513
      vertex 0 17.9028 9.5694
      vertex 0 16.9509 9.80785
    endloop
  endfacet
  facet normal 1 0 0
    outer loop
      vertex 0 21.3439 7.7301
      vertex 0 16.8397 2.24173
      vertex 0 17.012 2.08556
    endloop
  endfacet
  facet normal 1 0 0
    outer loop
      vertex 0 21.3439 7.7301
      vertex 0 16.7979 2.27273
      vertex 0 16.8397 2.24173
    endloop
  endfacet
  facet normal 1 0 0
    outer loop
      vertex 0 20.5557 8.3147
      vertex 0 16.6112 2.41126
      vertex 0 16.7979 2.27273
    endloop
  endfacet
  facet normal 1 0 0
    outer loop
      vertex 0 19.714 8.81921
      vertex 0 16.4117 2.53082
      vertex 0 16.6112 2.41126
    endloop
  endfacet
  facet normal 1 0 0
    outer loop
      vertex 0 19.714 8.81921
      vertex 0 16.3671 2.55757
      vertex 0 16.4117 2.53082
    endloop
  endfacet
  facet normal 1 0 0
    outer loop
      vertex 0 19.714 8.81921
      vertex 0 16.32 2.57982
      vertex 0 16.3671 2.55757
    endloop
  endfacet
  facet normal 1 0 0
    outer loop
      vertex 0 18.8268 9.2388
      vertex 0 16.1098 2.67925
      vertex 0 16.32 2.57982
    endloop
  endfacet
  facet normal 1 0 0
    outer loop
      vertex 0 18.8268 9.2388
      vertex 0 16.0608 2.69678
      vertex 0 16.1098 2.67925
    endloop
  endfacet
  facet normal 1 0 0
    outer loop
      vertex 0 15.5658 2.84428
      vertex 0 16.9509 9.80785
      vertex 0 15.9802 9.95185
    endloop
  endfacet
  facet normal 1 0 0
    outer loop
      vertex 0 17.9028 9.5694
      vertex 0 15.8418 2.77513
      vertex 0 16.0608 2.69678
    endloop
  endfacet
  facet normal 1 0 0
    outer loop
      vertex 0 16.9509 9.80785
      vertex 0 15.6162 2.83163
      vertex 0 15.8418 2.77513
    endloop
  endfacet
  facet normal 1 0 0
    outer loop
      vertex 0 16.9509 9.80785
      vertex 0 15.5658 2.84428
      vertex 0 15.6162 2.83163
    endloop
  endfacet
  facet normal 1 0 0
    outer loop
      vertex 0 15.9802 9.95185
      vertex 0 15.3357 2.8784
      vertex 0 15.5658 2.84428
    endloop
  endfacet
  facet normal 1 0 0
    outer loop
      vertex 0 15.9802 9.95185
      vertex 0 15.2842 2.88604
      vertex 0 15.3357 2.8784
    endloop
  endfacet
  facet normal 1 0 0
    outer loop
      vertex 0 15.9802 9.95185
      vertex 0 15.2323 2.88859
      vertex 0 15.2842 2.88604
    endloop
  endfacet
  facet normal 1 0 0
    outer loop
      vertex 0 15 10
      vertex 0 15.2323 2.88859
      vertex 0 15.9802 9.95185
    endloop
  endfacet
  facet normal 1 0 0
    outer loop
      vertex 0 15 10
      vertex 0 15 2.9
      vertex 0 15.2323 2.88859
    endloop
  endfacet
  facet normal 1 0 0
    outer loop
      vertex 0 15 10
      vertex 0 14.7677 2.88859
      vertex 0 15 2.9
    endloop
  endfacet
  facet normal 1 0 0
    outer loop
      vertex 0 15 10
      vertex 0 14.7158 2.88604
      vertex 0 14.7677 2.88859
    endloop
  endfacet
  facet normal 1 0 0
    outer loop
      vertex 0 15 10
      vertex 0 14.6643 2.8784
      vertex 0 14.7158 2.88604
    endloop
  endfacet
  facet normal 1 0 0
    outer loop
      vertex 0 15 10
      vertex 0 14.4342 2.84428
      vertex 0 14.6643 2.8784
    endloop
  endfacet
  facet normal 1 0 0
    outer loop
      vertex 0 15 10
      vertex 0 14.3838 2.83163
      vertex 0 14.4342 2.84428
    endloop
  endfacet
  facet normal 1 0 0
    outer loop
      vertex 0 15 10
      vertex 0 14.1582 2.77513
      vertex 0 14.3838 2.83163
    endloop
  endfacet
  facet normal 1 0 0
    outer loop
      vertex 0 15 10
      vertex 0 13.9392 2.69678
      vertex 0 14.1582 2.77513
    endloop
  endfacet
  facet normal 1 0 0
    outer loop
      vertex 0 15 10
      vertex 0 13.8902 2.67925
      vertex 0 13.9392 2.69678
    endloop
  endfacet
  facet normal 1 0 0
    outer loop
      vertex 0 15 10
      vertex 0 13.68 2.57982
      vertex 0 13.8902 2.67925
    endloop
  endfacet
  facet normal 1 0 0
    outer loop
      vertex 0 15 10
      vertex 0 13.6329 2.55757
      vertex 0 13.68 2.57982
    endloop
  endfacet
  facet normal 1 0 0
    outer loop
      vertex 0 15 10
      vertex 0 13.5883 2.53082
      vertex 0 13.6329 2.55757
    endloop
  endfacet
  facet normal 1 0 0
    outer loop
      vertex 0 15 10
      vertex 0 13.3888 2.41126
      vertex 0 13.5883 2.53082
    endloop
  endfacet
  facet normal 1 0 0
    outer loop
      vertex 0 15 10
      vertex 0 13.2021 2.27273
      vertex 0 13.3888 2.41126
    endloop
  endfacet
  facet normal 1 0 0
    outer loop
      vertex 0 15 10
      vertex 0 13.1603 2.24173
      vertex 0 13.2021 2.27273
    endloop
  endfacet
  facet normal 1 0 0
    outer loop
      vertex 0 15 10
      vertex 0 12.988 2.08556
      vertex 0 13.1603 2.24173
    endloop
  endfacet
  facet normal 1 0 0
    outer loop
      vertex 0 15 10
      vertex 0 12.9494 2.05061
      vertex 0 12.988 2.08556
    endloop
  endfacet
  facet normal 1 0 0
    outer loop
      vertex 0 15 10
      vertex 0 12.9144 2.01205
      vertex 0 12.9494 2.05061
    endloop
  endfacet
  facet normal 1 0 0
    outer loop
      vertex 0 15 10
      vertex 0 12.7583 1.83974
      vertex 0 12.9144 2.01205
    endloop
  endfacet
  facet normal 1 0 0
    outer loop
      vertex 0 15 10
      vertex 0 12.7273 1.79794
      vertex 0 12.7583 1.83974
    endloop
  endfacet
  facet normal 1 0 0
    outer loop
      vertex 0 15 10
      vertex 0 12.5887 1.61115
      vertex 0 12.7273 1.79794
    endloop
  endfacet
  facet normal 1 0 0
    outer loop
      vertex 0 15 10
      vertex 0 12.4692 1.41169
      vertex 0 12.5887 1.61115
    endloop
  endfacet
  facet normal 1 0 0
    outer loop
      vertex 0 15 10
      vertex 0 12.4424 1.36705
      vertex 0 12.4692 1.41169
    endloop
  endfacet
  facet normal 1 -0 0
    outer loop
      vertex 0 -25 10
      vertex 0 12.4424 1.36705
      vertex 0 15 10
    endloop
  endfacet
  facet normal 1 0 0
    outer loop
      vertex 0 12.4424 1.36705
      vertex 0 -25 10
      vertex 0 12.4202 1.32001
    endloop
  endfacet
  facet normal 1 0 0
    outer loop
      vertex 0 12.4202 1.32001
      vertex 0 -25 10
      vertex 0 12.3208 1.10978
    endloop
  endfacet
  facet normal 1 0 0
    outer loop
      vertex 0 12.3208 1.10978
      vertex 0 -25 10
      vertex 0 12.3032 1.06078
    endloop
  endfacet
  facet normal 1 0 0
    outer loop
      vertex 0 12.1114 0.23227
      vertex 0 -25 10
      vertex 0 12.1 0
    endloop
  endfacet
  facet normal 1 0 0
    outer loop
      vertex 0 12.114 0.284249
      vertex 0 -25 10
      vertex 0 12.1114 0.23227
    endloop
  endfacet
  facet normal 1 0 0
    outer loop
      vertex 0 12.1216 0.335727
      vertex 0 -25 10
      vertex 0 12.114 0.284249
    endloop
  endfacet
  facet normal 1 0 0
    outer loop
      vertex 0 12.1557 0.565761
      vertex 0 -25 10
      vertex 0 12.1216 0.335727
    endloop
  endfacet
  facet normal 1 0 0
    outer loop
      vertex 0 12.1684 0.616243
      vertex 0 -25 10
      vertex 0 12.1557 0.565761
    endloop
  endfacet
  facet normal 1 0 0
    outer loop
      vertex 0 12.2249 0.841825
      vertex 0 -25 10
      vertex 0 12.1684 0.616243
    endloop
  endfacet
  facet normal 1 0 0
    outer loop
      vertex 0 12.3032 1.06078
      vertex 0 -25 10
      vertex 0 12.2249 0.841825
    endloop
  endfacet
  facet normal 1 -0 0
    outer loop
      vertex 0 17.5798 -1.32001
      vertex 0 23.8192 -4.71397
      vertex 0 17.6793 -1.10978
    endloop
  endfacet
  facet normal 1 -0 0
    outer loop
      vertex 0 17.5576 -1.36705
      vertex 0 23.8192 -4.71397
      vertex 0 17.5798 -1.32001
    endloop
  endfacet
  facet normal 1 -0 0
    outer loop
      vertex 0 17.5308 -1.41169
      vertex 0 23.8192 -4.71397
      vertex 0 17.5576 -1.36705
    endloop
  endfacet
  facet normal 1 0 0
    outer loop
      vertex 0 23.8192 -4.71397
      vertex 0 17.5308 -1.41169
      vertex 0 23.3147 -5.5557
    endloop
  endfacet
  facet normal 1 -0 0
    outer loop
      vertex 0 17.4113 -1.61115
      vertex 0 23.3147 -5.5557
      vertex 0 17.5308 -1.41169
    endloop
  endfacet
  facet normal 1 0 0
    outer loop
      vertex 0 23.3147 -5.5557
      vertex 0 17.4113 -1.61115
      vertex 0 22.7301 -6.34393
    endloop
  endfacet
  facet normal 1 -0 0
    outer loop
      vertex 0 17.2727 -1.79794
      vertex 0 22.7301 -6.34393
      vertex 0 17.4113 -1.61115
    endloop
  endfacet
  facet normal 1 -0 0
    outer loop
      vertex 0 17.2417 -1.83974
      vertex 0 22.7301 -6.34393
      vertex 0 17.2727 -1.79794
    endloop
  endfacet
  facet normal 1 0 0
    outer loop
      vertex 0 22.7301 -6.34393
      vertex 0 17.2417 -1.83974
      vertex 0 22.0711 -7.07107
    endloop
  endfacet
  facet normal 1 -0 0
    outer loop
      vertex 0 17.0856 -2.01205
      vertex 0 22.0711 -7.07107
      vertex 0 17.2417 -1.83974
    endloop
  endfacet
  facet normal 1 -0 0
    outer loop
      vertex 0 17.0506 -2.05061
      vertex 0 22.0711 -7.07107
      vertex 0 17.0856 -2.01205
    endloop
  endfacet
  facet normal 1 -0 0
    outer loop
      vertex 0 17.012 -2.08556
      vertex 0 22.0711 -7.07107
      vertex 0 17.0506 -2.05061
    endloop
  endfacet
  facet normal 1 0 0
    outer loop
      vertex 0 22.0711 -7.07107
      vertex 0 17.012 -2.08556
      vertex 0 21.3439 -7.7301
    endloop
  endfacet
  facet normal 1 -0 0
    outer loop
      vertex 0 16.8397 -2.24173
      vertex 0 21.3439 -7.7301
      vertex 0 17.012 -2.08556
    endloop
  endfacet
  facet normal 1 -0 0
    outer loop
      vertex 0 16.7979 -2.27273
      vertex 0 21.3439 -7.7301
      vertex 0 16.8397 -2.24173
    endloop
  endfacet
  facet normal 1 0 0
    outer loop
      vertex 0 21.3439 -7.7301
      vertex 0 16.7979 -2.27273
      vertex 0 20.5557 -8.3147
    endloop
  endfacet
  facet normal 1 -0 0
    outer loop
      vertex 0 16.6112 -2.41126
      vertex 0 20.5557 -8.3147
      vertex 0 16.7979 -2.27273
    endloop
  endfacet
  facet normal 1 0 0
    outer loop
      vertex 0 20.5557 -8.3147
      vertex 0 16.6112 -2.41126
      vertex 0 19.714 -8.81921
    endloop
  endfacet
  facet normal 1 -0 0
    outer loop
      vertex 0 16.4117 -2.53082
      vertex 0 19.714 -8.81921
      vertex 0 16.6112 -2.41126
    endloop
  endfacet
  facet normal 1 -0 0
    outer loop
      vertex 0 16.3671 -2.55757
      vertex 0 19.714 -8.81921
      vertex 0 16.4117 -2.53082
    endloop
  endfacet
  facet normal 1 -0 0
    outer loop
      vertex 0 16.32 -2.57982
      vertex 0 19.714 -8.81921
      vertex 0 16.3671 -2.55757
    endloop
  endfacet
  facet normal 1 0 0
    outer loop
      vertex 0 19.714 -8.81921
      vertex 0 16.32 -2.57982
      vertex 0 18.8268 -9.2388
    endloop
  endfacet
  facet normal 1 -0 0
    outer loop
      vertex 0 16.1098 -2.67925
      vertex 0 18.8268 -9.2388
      vertex 0 16.32 -2.57982
    endloop
  endfacet
  facet normal 1 -0 0
    outer loop
      vertex 0 16.0608 -2.69678
      vertex 0 18.8268 -9.2388
      vertex 0 16.1098 -2.67925
    endloop
  endfacet
  facet normal 1 0 0
    outer loop
      vertex 0 18.8268 -9.2388
      vertex 0 16.0608 -2.69678
      vertex 0 17.9028 -9.5694
    endloop
  endfacet
  facet normal 1 -0 0
    outer loop
      vertex 0 15.8418 -2.77513
      vertex 0 17.9028 -9.5694
      vertex 0 16.0608 -2.69678
    endloop
  endfacet
  facet normal 1 0 0
    outer loop
      vertex 0 17.9028 -9.5694
      vertex 0 15.8418 -2.77513
      vertex 0 16.9509 -9.80785
    endloop
  endfacet
  facet normal 1 -0 0
    outer loop
      vertex 0 15.6162 -2.83163
      vertex 0 16.9509 -9.80785
      vertex 0 15.8418 -2.77513
    endloop
  endfacet
  facet normal 1 -0 0
    outer loop
      vertex 0 15.5658 -2.84428
      vertex 0 16.9509 -9.80785
      vertex 0 15.6162 -2.83163
    endloop
  endfacet
  facet normal 1 0 0
    outer loop
      vertex 0 16.9509 -9.80785
      vertex 0 15.5658 -2.84428
      vertex 0 15.9802 -9.95185
    endloop
  endfacet
  facet normal 1 -0 0
    outer loop
      vertex 0 15.3357 -2.8784
      vertex 0 15.9802 -9.95185
      vertex 0 15.5658 -2.84428
    endloop
  endfacet
  facet normal 1 -0 0
    outer loop
      vertex 0 15.2842 -2.88604
      vertex 0 15.9802 -9.95185
      vertex 0 15.3357 -2.8784
    endloop
  endfacet
  facet normal 1 -0 0
    outer loop
      vertex 0 15.2323 -2.88859
      vertex 0 15.9802 -9.95185
      vertex 0 15.2842 -2.88604
    endloop
  endfacet
  facet normal 1 -0 0
    outer loop
      vertex 0 15 -2.9
      vertex 0 15.9802 -9.95185
      vertex 0 15.2323 -2.88859
    endloop
  endfacet
  facet normal 1 0 0
    outer loop
      vertex 0 15 -2.9
      vertex 0 15 -10
      vertex 0 15.9802 -9.95185
    endloop
  endfacet
  facet normal 1 0 0
    outer loop
      vertex 0 14.7677 -2.88859
      vertex 0 15 -10
      vertex 0 15 -2.9
    endloop
  endfacet
  facet normal 1 0 0
    outer loop
      vertex 0 14.7158 -2.88604
      vertex 0 15 -10
      vertex 0 14.7677 -2.88859
    endloop
  endfacet
  facet normal 1 0 0
    outer loop
      vertex 0 14.6643 -2.8784
      vertex 0 15 -10
      vertex 0 14.7158 -2.88604
    endloop
  endfacet
  facet normal 1 0 0
    outer loop
      vertex 0 14.4342 -2.84428
      vertex 0 15 -10
      vertex 0 14.6643 -2.8784
    endloop
  endfacet
  facet normal 1 0 0
    outer loop
      vertex 0 14.3838 -2.83163
      vertex 0 15 -10
      vertex 0 14.4342 -2.84428
    endloop
  endfacet
  facet normal 1 0 0
    outer loop
      vertex 0 14.1582 -2.77513
      vertex 0 15 -10
      vertex 0 14.3838 -2.83163
    endloop
  endfacet
  facet normal 1 0 0
    outer loop
      vertex 0 13.9392 -2.69678
      vertex 0 15 -10
      vertex 0 14.1582 -2.77513
    endloop
  endfacet
  facet normal 1 0 0
    outer loop
      vertex 0 13.8902 -2.67925
      vertex 0 15 -10
      vertex 0 13.9392 -2.69678
    endloop
  endfacet
  facet normal 1 0 0
    outer loop
      vertex 0 13.68 -2.57982
      vertex 0 15 -10
      vertex 0 13.8902 -2.67925
    endloop
  endfacet
  facet normal 1 0 0
    outer loop
      vertex 0 13.6329 -2.55757
      vertex 0 15 -10
      vertex 0 13.68 -2.57982
    endloop
  endfacet
  facet normal 1 0 0
    outer loop
      vertex 0 13.5883 -2.53082
      vertex 0 15 -10
      vertex 0 13.6329 -2.55757
    endloop
  endfacet
  facet normal 1 0 0
    outer loop
      vertex 0 13.3888 -2.41126
      vertex 0 15 -10
      vertex 0 13.5883 -2.53082
    endloop
  endfacet
  facet normal 1 0 0
    outer loop
      vertex 0 13.2021 -2.27273
      vertex 0 15 -10
      vertex 0 13.3888 -2.41126
    endloop
  endfacet
  facet normal 1 0 0
    outer loop
      vertex 0 13.1603 -2.24173
      vertex 0 15 -10
      vertex 0 13.2021 -2.27273
    endloop
  endfacet
  facet normal 1 0 0
    outer loop
      vertex 0 12.988 -2.08556
      vertex 0 15 -10
      vertex 0 13.1603 -2.24173
    endloop
  endfacet
  facet normal 1 0 0
    outer loop
      vertex 0 12.9494 -2.05061
      vertex 0 15 -10
      vertex 0 12.988 -2.08556
    endloop
  endfacet
  facet normal 1 0 0
    outer loop
      vertex 0 12.9144 -2.01205
      vertex 0 15 -10
      vertex 0 12.9494 -2.05061
    endloop
  endfacet
  facet normal 1 0 0
    outer loop
      vertex 0 12.7583 -1.83974
      vertex 0 15 -10
      vertex 0 12.9144 -2.01205
    endloop
  endfacet
  facet normal 1 0 0
    outer loop
      vertex 0 12.7273 -1.79794
      vertex 0 15 -10
      vertex 0 12.7583 -1.83974
    endloop
  endfacet
  facet normal 1 0 0
    outer loop
      vertex 0 12.5887 -1.61115
      vertex 0 15 -10
      vertex 0 12.7273 -1.79794
    endloop
  endfacet
  facet normal 1 0 0
    outer loop
      vertex 0 12.4692 -1.41169
      vertex 0 15 -10
      vertex 0 12.5887 -1.61115
    endloop
  endfacet
  facet normal 1 0 0
    outer loop
      vertex 0 12.4424 -1.36705
      vertex 0 15 -10
      vertex 0 12.4692 -1.41169
    endloop
  endfacet
  facet normal 1 0 0
    outer loop
      vertex 0 -25 -10
      vertex 0 12.4424 -1.36705
      vertex 0 12.4202 -1.32001
    endloop
  endfacet
  facet normal 1 0 0
    outer loop
      vertex 0 -25 -10
      vertex 0 12.4202 -1.32001
      vertex 0 12.3208 -1.10978
    endloop
  endfacet
  facet normal 1 0 0
    outer loop
      vertex 0 -25 -10
      vertex 0 12.3208 -1.10978
      vertex 0 12.3032 -1.06078
    endloop
  endfacet
  facet normal 1 0 0
    outer loop
      vertex 0 -25 -10
      vertex 0 12.3032 -1.06078
      vertex 0 12.2249 -0.841825
    endloop
  endfacet
  facet normal 1 0 0
    outer loop
      vertex 0 -25 -10
      vertex 0 12.1 0
      vertex 0 -25 10
    endloop
  endfacet
  facet normal 1 0 0
    outer loop
      vertex 0 12.1 0
      vertex 0 -25 -10
      vertex 0 12.1114 -0.23227
    endloop
  endfacet
  facet normal 1 0 0
    outer loop
      vertex 0 12.1114 -0.23227
      vertex 0 -25 -10
      vertex 0 12.114 -0.284249
    endloop
  endfacet
  facet normal 1 0 0
    outer loop
      vertex 0 12.114 -0.284249
      vertex 0 -25 -10
      vertex 0 12.1216 -0.335727
    endloop
  endfacet
  facet normal 1 0 0
    outer loop
      vertex 0 12.1216 -0.335727
      vertex 0 -25 -10
      vertex 0 12.1557 -0.565761
    endloop
  endfacet
  facet normal 1 0 0
    outer loop
      vertex 0 12.1557 -0.565761
      vertex 0 -25 -10
      vertex 0 12.1684 -0.616243
    endloop
  endfacet
  facet normal 1 0 0
    outer loop
      vertex 0 12.1684 -0.616243
      vertex 0 -25 -10
      vertex 0 12.2249 -0.841825
    endloop
  endfacet
  facet normal 1 0 0
    outer loop
      vertex 0 12.4424 -1.36705
      vertex 0 -25 -10
      vertex 0 15 -10
    endloop
  endfacet
  facet normal 0 0.336879 -0.941548
    outer loop
      vertex -6 17.9028 -9.5694
      vertex 0 18.8268 -9.2388
      vertex 0 17.9028 -9.5694
    endloop
  endfacet
  facet normal 0 0.336879 -0.941548
    outer loop
      vertex 0 18.8268 -9.2388
      vertex -6 17.9028 -9.5694
      vertex -6 18.8268 -9.2388
    endloop
  endfacet
  facet normal 0 0.146741 -0.989175
    outer loop
      vertex -6 15.9802 -9.95185
      vertex 0 16.9509 -9.80785
      vertex 0 15.9802 -9.95185
    endloop
  endfacet
  facet normal 0 0.146741 -0.989175
    outer loop
      vertex 0 16.9509 -9.80785
      vertex -6 15.9802 -9.95185
      vertex -6 16.9509 -9.80785
    endloop
  endfacet
  facet normal -0 0.59572 0.803192
    outer loop
      vertex -6 21.3439 7.7301
      vertex 0 20.5557 8.3147
      vertex 0 21.3439 7.7301
    endloop
  endfacet
  facet normal 0 0.59572 0.803192
    outer loop
      vertex 0 20.5557 8.3147
      vertex -6 21.3439 7.7301
      vertex -6 20.5557 8.3147
    endloop
  endfacet
  facet normal 0 0.998793 0.0491157
    outer loop
      vertex 0 25 0
      vertex -6 24.9518 0.980171
      vertex 0 24.9518 0.980171
    endloop
  endfacet
  facet normal 0 0.998793 0.0491157
    outer loop
      vertex -6 24.9518 0.980171
      vertex 0 25 0
      vertex -6 25 0
    endloop
  endfacet
  facet normal -0 0.671522 0.740984
    outer loop
      vertex -6 22.0711 7.07107
      vertex 0 21.3439 7.7301
      vertex 0 22.0711 7.07107
    endloop
  endfacet
  facet normal 0 0.671522 0.740984
    outer loop
      vertex 0 21.3439 7.7301
      vertex -6 22.0711 7.07107
      vertex -6 21.3439 7.7301
    endloop
  endfacet
  facet normal 0 0.740972 -0.671536
    outer loop
      vertex 0 22.0711 -7.07107
      vertex -6 22.7301 -6.34393
      vertex 0 22.7301 -6.34393
    endloop
  endfacet
  facet normal 0 0.740972 -0.671536
    outer loop
      vertex -6 22.7301 -6.34393
      vertex 0 22.0711 -7.07107
      vertex -6 22.0711 -7.07107
    endloop
  endfacet
  facet normal -1 0 0
    outer loop
      vertex -6 16.75 0
      vertex -6 25 0
      vertex -6 24.9518 -0.980171
    endloop
  endfacet
  facet normal -1 0 0
    outer loop
      vertex -6 16.7416 -0.17153
      vertex -6 24.9518 -0.980171
      vertex -6 24.8079 -1.9509
    endloop
  endfacet
  facet normal -1 0 0
    outer loop
      vertex -6 25 0
      vertex -6 16.75 0
      vertex -6 24.9518 0.980171
    endloop
  endfacet
  facet normal -1 0 0
    outer loop
      vertex -6 16.7164 -0.341408
      vertex -6 24.8079 -1.9509
      vertex -6 24.5694 -2.90285
    endloop
  endfacet
  facet normal -1 0 0
    outer loop
      vertex -6 16.7416 0.17153
      vertex -6 24.9518 0.980171
      vertex -6 16.75 0
    endloop
  endfacet
  facet normal -1 0 0
    outer loop
      vertex -6 16.6746 -0.507998
      vertex -6 24.5694 -2.90285
      vertex -6 24.2388 -3.82683
    endloop
  endfacet
  facet normal -1 -0 0
    outer loop
      vertex -6 24.9518 0.980171
      vertex -6 16.7416 0.17153
      vertex -6 24.8079 1.9509
    endloop
  endfacet
  facet normal -1 0 0
    outer loop
      vertex -6 16.6168 -0.669696
      vertex -6 24.2388 -3.82683
      vertex -6 23.8192 -4.71397
    endloop
  endfacet
  facet normal -1 0 0
    outer loop
      vertex -6 16.7164 0.341408
      vertex -6 24.8079 1.9509
      vertex -6 16.7416 0.17153
    endloop
  endfacet
  facet normal -1 0 0
    outer loop
      vertex -6 16.5434 -0.824944
      vertex -6 23.8192 -4.71397
      vertex -6 23.3147 -5.5557
    endloop
  endfacet
  facet normal -1 -0 0
    outer loop
      vertex -6 24.8079 1.9509
      vertex -6 16.7164 0.341408
      vertex -6 24.5694 2.90285
    endloop
  endfacet
  facet normal -1 0 0
    outer loop
      vertex -6 16.4551 -0.972247
      vertex -6 23.3147 -5.5557
      vertex -6 22.7301 -6.34393
    endloop
  endfacet
  facet normal -1 0 0
    outer loop
      vertex -6 16.6746 0.507998
      vertex -6 24.5694 2.90285
      vertex -6 16.7164 0.341408
    endloop
  endfacet
  facet normal -1 0 0
    outer loop
      vertex -6 16.3528 -1.11019
      vertex -6 22.7301 -6.34393
      vertex -6 22.0711 -7.07107
    endloop
  endfacet
  facet normal -1 -0 0
    outer loop
      vertex -6 24.5694 2.90285
      vertex -6 16.6746 0.507998
      vertex -6 24.2388 3.82683
    endloop
  endfacet
  facet normal -1 0 0
    outer loop
      vertex -6 16.2374 -1.23744
      vertex -6 22.0711 -7.07107
      vertex -6 21.3439 -7.7301
    endloop
  endfacet
  facet normal -1 0 0
    outer loop
      vertex -6 16.6168 0.669696
      vertex -6 24.2388 3.82683
      vertex -6 16.6746 0.507998
    endloop
  endfacet
  facet normal -1 0 0
    outer loop
      vertex -6 16.1102 -1.35277
      vertex -6 21.3439 -7.7301
      vertex -6 20.5557 -8.3147
    endloop
  endfacet
  facet normal -1 -0 0
    outer loop
      vertex -6 24.2388 3.82683
      vertex -6 16.6168 0.669696
      vertex -6 23.8192 4.71397
    endloop
  endfacet
  facet normal -1 0 0
    outer loop
      vertex -6 15.9722 -1.45507
      vertex -6 20.5557 -8.3147
      vertex -6 19.714 -8.81921
    endloop
  endfacet
  facet normal -1 0 0
    outer loop
      vertex -6 16.5434 0.824944
      vertex -6 23.8192 4.71397
      vertex -6 16.6168 0.669696
    endloop
  endfacet
  facet normal -1 0 0
    outer loop
      vertex -6 15.8249 -1.54336
      vertex -6 19.714 -8.81921
      vertex -6 18.8268 -9.2388
    endloop
  endfacet
  facet normal -1 -0 0
    outer loop
      vertex -6 23.8192 4.71397
      vertex -6 16.5434 0.824944
      vertex -6 23.3147 5.5557
    endloop
  endfacet
  facet normal -1 0 0
    outer loop
      vertex -6 15.6697 -1.61679
      vertex -6 18.8268 -9.2388
      vertex -6 17.9028 -9.5694
    endloop
  endfacet
  facet normal -1 0 0
    outer loop
      vertex -6 16.4551 0.972247
      vertex -6 23.3147 5.5557
      vertex -6 16.5434 0.824944
    endloop
  endfacet
  facet normal -1 0 0
    outer loop
      vertex -6 15.508 -1.67465
      vertex -6 17.9028 -9.5694
      vertex -6 16.9509 -9.80785
    endloop
  endfacet
  facet normal -1 -0 0
    outer loop
      vertex -6 23.3147 5.5557
      vertex -6 16.4551 0.972247
      vertex -6 22.7301 6.34393
    endloop
  endfacet
  facet normal -1 0 0
    outer loop
      vertex -6 16.3528 1.11019
      vertex -6 22.7301 6.34393
      vertex -6 16.4551 0.972247
    endloop
  endfacet
  facet normal -1 0 0
    outer loop
      vertex -6 24.9518 -0.980171
      vertex -6 16.7416 -0.17153
      vertex -6 16.75 0
    endloop
  endfacet
  facet normal -1 0 0
    outer loop
      vertex -6 24.8079 -1.9509
      vertex -6 16.7164 -0.341408
      vertex -6 16.7416 -0.17153
    endloop
  endfacet
  facet normal -1 0 0
    outer loop
      vertex -6 24.5694 -2.90285
      vertex -6 16.6746 -0.507998
      vertex -6 16.7164 -0.341408
    endloop
  endfacet
  facet normal -1 0 0
    outer loop
      vertex -6 24.2388 -3.82683
      vertex -6 16.6168 -0.669696
      vertex -6 16.6746 -0.507998
    endloop
  endfacet
  facet normal -1 0 0
    outer loop
      vertex -6 23.8192 -4.71397
      vertex -6 16.5434 -0.824944
      vertex -6 16.6168 -0.669696
    endloop
  endfacet
  facet normal -1 0 0
    outer loop
      vertex -6 23.3147 -5.5557
      vertex -6 16.4551 -0.972247
      vertex -6 16.5434 -0.824944
    endloop
  endfacet
  facet normal -1 0 0
    outer loop
      vertex -6 22.7301 -6.34393
      vertex -6 16.3528 -1.11019
      vertex -6 16.4551 -0.972247
    endloop
  endfacet
  facet normal -1 0 0
    outer loop
      vertex -6 22.0711 -7.07107
      vertex -6 16.2374 -1.23744
      vertex -6 16.3528 -1.11019
    endloop
  endfacet
  facet normal -1 0 0
    outer loop
      vertex -6 21.3439 -7.7301
      vertex -6 16.1102 -1.35277
      vertex -6 16.2374 -1.23744
    endloop
  endfacet
  facet normal -1 0 0
    outer loop
      vertex -6 15.3414 -1.71637
      vertex -6 16.9509 -9.80785
      vertex -6 15.9802 -9.95185
    endloop
  endfacet
  facet normal -1 0 0
    outer loop
      vertex -6 20.5557 -8.3147
      vertex -6 15.9722 -1.45507
      vertex -6 16.1102 -1.35277
    endloop
  endfacet
  facet normal -1 0 0
    outer loop
      vertex -6 19.714 -8.81921
      vertex -6 15.8249 -1.54336
      vertex -6 15.9722 -1.45507
    endloop
  endfacet
  facet normal -1 0 0
    outer loop
      vertex -6 18.8268 -9.2388
      vertex -6 15.6697 -1.61679
      vertex -6 15.8249 -1.54336
    endloop
  endfacet
  facet normal -1 0 0
    outer loop
      vertex -6 17.9028 -9.5694
      vertex -6 15.508 -1.67465
      vertex -6 15.6697 -1.61679
    endloop
  endfacet
  facet normal -1 0 0
    outer loop
      vertex -6 16.9509 -9.80785
      vertex -6 15.3414 -1.71637
      vertex -6 15.508 -1.67465
    endloop
  endfacet
  facet normal -1 0 0
    outer loop
      vertex -6 15.9802 -9.95185
      vertex -6 15.1715 -1.74157
      vertex -6 15.3414 -1.71637
    endloop
  endfacet
  facet normal -1 0 0
    outer loop
      vertex -6 15 -10
      vertex -6 15.1715 -1.74157
      vertex -6 15.9802 -9.95185
    endloop
  endfacet
  facet normal -1 0 0
    outer loop
      vertex -6 15 -10
      vertex -6 15 -1.75
      vertex -6 15.1715 -1.74157
    endloop
  endfacet
  facet normal -1 0 0
    outer loop
      vertex -6 15 -10
      vertex -6 14.8285 -1.74157
      vertex -6 15 -1.75
    endloop
  endfacet
  facet normal -1 0 0
    outer loop
      vertex -6 15 -10
      vertex -6 14.6586 -1.71637
      vertex -6 14.8285 -1.74157
    endloop
  endfacet
  facet normal -1 0 0
    outer loop
      vertex -6 15 -10
      vertex -6 14.492 -1.67465
      vertex -6 14.6586 -1.71637
    endloop
  endfacet
  facet normal -1 0 0
    outer loop
      vertex -6 15 -10
      vertex -6 14.3303 -1.61679
      vertex -6 14.492 -1.67465
    endloop
  endfacet
  facet normal -1 0 0
    outer loop
      vertex -6 15 -10
      vertex -6 14.1751 -1.54336
      vertex -6 14.3303 -1.61679
    endloop
  endfacet
  facet normal -1 0 0
    outer loop
      vertex -6 15 -10
      vertex -6 14.0278 -1.45507
      vertex -6 14.1751 -1.54336
    endloop
  endfacet
  facet normal -1 0 0
    outer loop
      vertex -6 15 -10
      vertex -6 13.8898 -1.35277
      vertex -6 14.0278 -1.45507
    endloop
  endfacet
  facet normal -1 0 0
    outer loop
      vertex -6 15 -10
      vertex -6 13.7626 -1.23744
      vertex -6 13.8898 -1.35277
    endloop
  endfacet
  facet normal -1 0 0
    outer loop
      vertex -6 0.521739 -7.3913
      vertex -6 13.7626 -1.23744
      vertex -6 15 -10
    endloop
  endfacet
  facet normal -1 -0 0
    outer loop
      vertex -6 13.7626 -1.23744
      vertex -6 0.521739 -7.3913
      vertex -6 13.6472 -1.11019
    endloop
  endfacet
  facet normal -1 -0 0
    outer loop
      vertex -6 13.6472 -1.11019
      vertex -6 0.521739 -7.3913
      vertex -6 13.5449 -0.972247
    endloop
  endfacet
  facet normal -1 -0 0
    outer loop
      vertex -6 13.5449 -0.972247
      vertex -6 0.521739 -7.3913
      vertex -6 13.4566 -0.824944
    endloop
  endfacet
  facet normal -1 -0 0
    outer loop
      vertex -6 13.4566 -0.824944
      vertex -6 0.521739 -7.3913
      vertex -6 13.3832 -0.669696
    endloop
  endfacet
  facet normal -1 -0 0
    outer loop
      vertex -6 13.3832 -0.669696
      vertex -6 0.521739 -7.3913
      vertex -6 13.3254 -0.507998
    endloop
  endfacet
  facet normal -1 -0 0
    outer loop
      vertex -6 13.2584 -0.17153
      vertex -6 0.521739 -7.3913
      vertex -6 13.25 0
    endloop
  endfacet
  facet normal -1 -0 0
    outer loop
      vertex -6 13.2836 -0.341408
      vertex -6 0.521739 -7.3913
      vertex -6 13.2584 -0.17153
    endloop
  endfacet
  facet normal -1 -0 0
    outer loop
      vertex -6 13.3254 -0.507998
      vertex -6 0.521739 -7.3913
      vertex -6 13.2836 -0.341408
    endloop
  endfacet
  facet normal -1 0 0
    outer loop
      vertex -6 15 -10
      vertex -6 0.521085 -7.5478
      vertex -6 0.521739 -7.3913
    endloop
  endfacet
  facet normal -1 0 0
    outer loop
      vertex -6 15 -10
      vertex -6 0.519137 -7.70815
      vertex -6 0.521085 -7.5478
    endloop
  endfacet
  facet normal -1 0 0
    outer loop
      vertex -6 15 -10
      vertex -6 0.515944 -7.86959
      vertex -6 0.519137 -7.70815
    endloop
  endfacet
  facet normal -1 0 0
    outer loop
      vertex -6 15 -10
      vertex -6 0.51158 -8.02942
      vertex -6 0.515944 -7.86959
    endloop
  endfacet
  facet normal -1 0 0
    outer loop
      vertex -6 15 -10
      vertex -6 0.506148 -8.18505
      vertex -6 0.51158 -8.02942
    endloop
  endfacet
  facet normal -1 0 0
    outer loop
      vertex -6 15 -10
      vertex -6 0.499767 -8.33413
      vertex -6 0.506148 -8.18505
    endloop
  endfacet
  facet normal -1 0 0
    outer loop
      vertex -6 15 -10
      vertex -6 0.492572 -8.47459
      vertex -6 0.499767 -8.33413
    endloop
  endfacet
  facet normal -1 0 0
    outer loop
      vertex -6 15 -10
      vertex -6 0.484704 -8.60469
      vertex -6 0.492572 -8.47459
    endloop
  endfacet
  facet normal -1 0 0
    outer loop
      vertex -6 15 -10
      vertex -6 0.476311 -8.72303
      vertex -6 0.484704 -8.60469
    endloop
  endfacet
  facet normal -1 0 0
    outer loop
      vertex -6 15 -10
      vertex -6 0.467534 -8.82855
      vertex -6 0.476311 -8.72303
    endloop
  endfacet
  facet normal -1 0 0
    outer loop
      vertex -6 15 -10
      vertex -6 0.458512 -8.92055
      vertex -6 0.467534 -8.82855
    endloop
  endfacet
  facet normal -1 0 0
    outer loop
      vertex -6 15 -10
      vertex -6 0.449373 -8.99864
      vertex -6 0.458512 -8.92055
    endloop
  endfacet
  facet normal -1 0 0
    outer loop
      vertex -6 15 -10
      vertex -6 0.440233 -9.06266
      vertex -6 0.449373 -8.99864
    endloop
  endfacet
  facet normal -1 0 0
    outer loop
      vertex -6 15 -10
      vertex -6 0.431198 -9.11275
      vertex -6 0.440233 -9.06266
    endloop
  endfacet
  facet normal -1 0 0
    outer loop
      vertex -6 15 -10
      vertex -6 0.422358 -9.14918
      vertex -6 0.431198 -9.11275
    endloop
  endfacet
  facet normal -1 0 0
    outer loop
      vertex -6 15 -10
      vertex -6 0.413793 -9.17241
      vertex -6 0.422358 -9.14918
    endloop
  endfacet
  facet normal -1 0 -0
    outer loop
      vertex -6 0.413793 -9.17241
      vertex -6 15 -10
      vertex -6 0 -10
    endloop
  endfacet
  facet normal -1 -0 0
    outer loop
      vertex -6 22.7301 6.34393
      vertex -6 16.3528 1.11019
      vertex -6 22.0711 7.07107
    endloop
  endfacet
  facet normal -1 0 0
    outer loop
      vertex -6 16.2374 1.23744
      vertex -6 22.0711 7.07107
      vertex -6 16.3528 1.11019
    endloop
  endfacet
  facet normal -1 -0 0
    outer loop
      vertex -6 22.0711 7.07107
      vertex -6 16.2374 1.23744
      vertex -6 21.3439 7.7301
    endloop
  endfacet
  facet normal -1 0 0
    outer loop
      vertex -6 16.1102 1.35277
      vertex -6 21.3439 7.7301
      vertex -6 16.2374 1.23744
    endloop
  endfacet
  facet normal -1 -0 0
    outer loop
      vertex -6 21.3439 7.7301
      vertex -6 16.1102 1.35277
      vertex -6 20.5557 8.3147
    endloop
  endfacet
  facet normal -1 0 0
    outer loop
      vertex -6 15.9722 1.45507
      vertex -6 20.5557 8.3147
      vertex -6 16.1102 1.35277
    endloop
  endfacet
  facet normal -1 -0 0
    outer loop
      vertex -6 20.5557 8.3147
      vertex -6 15.9722 1.45507
      vertex -6 19.714 8.81921
    endloop
  endfacet
  facet normal -1 0 0
    outer loop
      vertex -6 15.8249 1.54336
      vertex -6 19.714 8.81921
      vertex -6 15.9722 1.45507
    endloop
  endfacet
  facet normal -1 -0 0
    outer loop
      vertex -6 19.714 8.81921
      vertex -6 15.8249 1.54336
      vertex -6 18.8268 9.2388
    endloop
  endfacet
  facet normal -1 0 0
    outer loop
      vertex -6 15.6697 1.61679
      vertex -6 18.8268 9.2388
      vertex -6 15.8249 1.54336
    endloop
  endfacet
  facet normal -1 -0 0
    outer loop
      vertex -6 18.8268 9.2388
      vertex -6 15.6697 1.61679
      vertex -6 17.9028 9.5694
    endloop
  endfacet
  facet normal -1 0 0
    outer loop
      vertex -6 15.508 1.67465
      vertex -6 17.9028 9.5694
      vertex -6 15.6697 1.61679
    endloop
  endfacet
  facet normal -1 -0 0
    outer loop
      vertex -6 17.9028 9.5694
      vertex -6 15.508 1.67465
      vertex -6 16.9509 9.80785
    endloop
  endfacet
  facet normal -1 0 0
    outer loop
      vertex -6 15.3414 1.71637
      vertex -6 16.9509 9.80785
      vertex -6 15.508 1.67465
    endloop
  endfacet
  facet normal -1 -0 0
    outer loop
      vertex -6 16.9509 9.80785
      vertex -6 15.3414 1.71637
      vertex -6 15.9802 9.95185
    endloop
  endfacet
  facet normal -1 0 0
    outer loop
      vertex -6 15.1715 1.74157
      vertex -6 15.9802 9.95185
      vertex -6 15.3414 1.71637
    endloop
  endfacet
  facet normal -1 0 0
    outer loop
      vertex -6 15 1.75
      vertex -6 15.9802 9.95185
      vertex -6 15.1715 1.74157
    endloop
  endfacet
  facet normal -1 0 0
    outer loop
      vertex -6 15 1.75
      vertex -6 15 10
      vertex -6 15.9802 9.95185
    endloop
  endfacet
  facet normal -1 0 0
    outer loop
      vertex -6 14.8285 1.74157
      vertex -6 15 10
      vertex -6 15 1.75
    endloop
  endfacet
  facet normal -1 0 0
    outer loop
      vertex -6 14.6586 1.71637
      vertex -6 15 10
      vertex -6 14.8285 1.74157
    endloop
  endfacet
  facet normal -1 0 0
    outer loop
      vertex -6 14.492 1.67465
      vertex -6 15 10
      vertex -6 14.6586 1.71637
    endloop
  endfacet
  facet normal -1 0 0
    outer loop
      vertex -6 14.3303 1.61679
      vertex -6 15 10
      vertex -6 14.492 1.67465
    endloop
  endfacet
  facet normal -1 0 0
    outer loop
      vertex -6 14.1751 1.54336
      vertex -6 15 10
      vertex -6 14.3303 1.61679
    endloop
  endfacet
  facet normal -1 0 0
    outer loop
      vertex -6 14.0278 1.45507
      vertex -6 15 10
      vertex -6 14.1751 1.54336
    endloop
  endfacet
  facet normal -1 0 0
    outer loop
      vertex -6 13.8898 1.35277
      vertex -6 15 10
      vertex -6 14.0278 1.45507
    endloop
  endfacet
  facet normal -1 0 0
    outer loop
      vertex -6 13.7626 1.23744
      vertex -6 15 10
      vertex -6 13.8898 1.35277
    endloop
  endfacet
  facet normal -1 0 0
    outer loop
      vertex -6 0.521739 7.3913
      vertex -6 13.7626 1.23744
      vertex -6 13.6472 1.11019
    endloop
  endfacet
  facet normal -1 0 0
    outer loop
      vertex -6 0.521739 7.3913
      vertex -6 13.6472 1.11019
      vertex -6 13.5449 0.972247
    endloop
  endfacet
  facet normal -1 0 0
    outer loop
      vertex -6 0.521739 7.3913
      vertex -6 13.5449 0.972247
      vertex -6 13.4566 0.824944
    endloop
  endfacet
  facet normal -1 0 0
    outer loop
      vertex -6 0.521739 7.3913
      vertex -6 13.4566 0.824944
      vertex -6 13.3832 0.669696
    endloop
  endfacet
  facet normal -1 0 0
    outer loop
      vertex -6 0.521739 7.3913
      vertex -6 13.3832 0.669696
      vertex -6 13.3254 0.507998
    endloop
  endfacet
  facet normal -1 0 0
    outer loop
      vertex -6 0.521739 7.3913
      vertex -6 13.3254 0.507998
      vertex -6 13.2836 0.341408
    endloop
  endfacet
  facet normal -1 0 0
    outer loop
      vertex -6 0.521739 7.3913
      vertex -6 13.25 0
      vertex -6 0.521739 -7.3913
    endloop
  endfacet
  facet normal -1 0 0
    outer loop
      vertex -6 13.25 0
      vertex -6 0.521739 7.3913
      vertex -6 13.2584 0.17153
    endloop
  endfacet
  facet normal -1 0 0
    outer loop
      vertex -6 13.2584 0.17153
      vertex -6 0.521739 7.3913
      vertex -6 13.2836 0.341408
    endloop
  endfacet
  facet normal -1 0 0
    outer loop
      vertex -6 13.7626 1.23744
      vertex -6 0.521739 7.3913
      vertex -6 15 10
    endloop
  endfacet
  facet normal -1 0 0
    outer loop
      vertex -6 0.521085 7.5478
      vertex -6 15 10
      vertex -6 0.521739 7.3913
    endloop
  endfacet
  facet normal -1 0 0
    outer loop
      vertex -6 0.519137 7.70815
      vertex -6 15 10
      vertex -6 0.521085 7.5478
    endloop
  endfacet
  facet normal -1 0 0
    outer loop
      vertex -6 0.515944 7.86959
      vertex -6 15 10
      vertex -6 0.519137 7.70815
    endloop
  endfacet
  facet normal -1 0 0
    outer loop
      vertex -6 0.51158 8.02942
      vertex -6 15 10
      vertex -6 0.515944 7.86959
    endloop
  endfacet
  facet normal -1 0 0
    outer loop
      vertex -6 0.506148 8.18505
      vertex -6 15 10
      vertex -6 0.51158 8.02942
    endloop
  endfacet
  facet normal -1 0 0
    outer loop
      vertex -6 0.499767 8.33413
      vertex -6 15 10
      vertex -6 0.506148 8.18505
    endloop
  endfacet
  facet normal -1 0 0
    outer loop
      vertex -6 0.492572 8.47459
      vertex -6 15 10
      vertex -6 0.499767 8.33413
    endloop
  endfacet
  facet normal -1 0 0
    outer loop
      vertex -6 0.484704 8.60469
      vertex -6 15 10
      vertex -6 0.492572 8.47459
    endloop
  endfacet
  facet normal -1 0 0
    outer loop
      vertex -6 0.476311 8.72303
      vertex -6 15 10
      vertex -6 0.484704 8.60469
    endloop
  endfacet
  facet normal -1 0 0
    outer loop
      vertex -6 0.467534 8.82855
      vertex -6 15 10
      vertex -6 0.476311 8.72303
    endloop
  endfacet
  facet normal -1 0 0
    outer loop
      vertex -6 0.458512 8.92055
      vertex -6 15 10
      vertex -6 0.467534 8.82855
    endloop
  endfacet
  facet normal -1 0 0
    outer loop
      vertex -6 0.449373 8.99864
      vertex -6 15 10
      vertex -6 0.458512 8.92055
    endloop
  endfacet
  facet normal -1 0 0
    outer loop
      vertex -6 0.440233 9.06266
      vertex -6 15 10
      vertex -6 0.449373 8.99864
    endloop
  endfacet
  facet normal -1 0 0
    outer loop
      vertex -6 0.431198 9.11275
      vertex -6 15 10
      vertex -6 0.440233 9.06266
    endloop
  endfacet
  facet normal -1 0 0
    outer loop
      vertex -6 0.422358 9.14918
      vertex -6 15 10
      vertex -6 0.431198 9.11275
    endloop
  endfacet
  facet normal -1 0 0
    outer loop
      vertex -6 0.413793 9.17241
      vertex -6 15 10
      vertex -6 0.422358 9.14918
    endloop
  endfacet
  facet normal -1 -0 0
    outer loop
      vertex -6 15 10
      vertex -6 0.413793 9.17241
      vertex -6 0 10
    endloop
  endfacet
  facet normal 0 0.903984 -0.427567
    outer loop
      vertex 0 23.8192 -4.71397
      vertex -6 24.2388 -3.82683
      vertex 0 24.2388 -3.82683
    endloop
  endfacet
  facet normal 0 0.903984 -0.427567
    outer loop
      vertex -6 24.2388 -3.82683
      vertex 0 23.8192 -4.71397
      vertex -6 23.8192 -4.71397
    endloop
  endfacet
  facet normal 0 0.857735 -0.514093
    outer loop
      vertex 0 23.3147 -5.5557
      vertex -6 23.8192 -4.71397
      vertex 0 23.8192 -4.71397
    endloop
  endfacet
  facet normal 0 0.857735 -0.514093
    outer loop
      vertex -6 23.8192 -4.71397
      vertex 0 23.3147 -5.5557
      vertex -6 23.3147 -5.5557
    endloop
  endfacet
  facet normal 0 0.0490635 -0.998796
    outer loop
      vertex -6 15 -10
      vertex 0 15.9802 -9.95185
      vertex 0 15 -10
    endloop
  endfacet
  facet normal 0 0.0490635 -0.998796
    outer loop
      vertex 0 15.9802 -9.95185
      vertex -6 15 -10
      vertex -6 15.9802 -9.95185
    endloop
  endfacet
  facet normal 0 0.740972 0.671536
    outer loop
      vertex 0 22.7301 6.34393
      vertex -6 22.0711 7.07107
      vertex 0 22.0711 7.07107
    endloop
  endfacet
  facet normal 0 0.740972 0.671536
    outer loop
      vertex -6 22.0711 7.07107
      vertex 0 22.7301 6.34393
      vertex -6 22.7301 6.34393
    endloop
  endfacet
  facet normal 0 0.514114 -0.857722
    outer loop
      vertex -6 19.714 -8.81921
      vertex 0 20.5557 -8.3147
      vertex 0 19.714 -8.81921
    endloop
  endfacet
  facet normal 0 0.514114 -0.857722
    outer loop
      vertex 0 20.5557 -8.3147
      vertex -6 19.714 -8.81921
      vertex -6 20.5557 -8.3147
    endloop
  endfacet
  facet normal 0 0.970019 -0.243027
    outer loop
      vertex 0 24.5694 -2.90285
      vertex -6 24.8079 -1.9509
      vertex 0 24.8079 -1.9509
    endloop
  endfacet
  facet normal 0 0.970019 -0.243027
    outer loop
      vertex -6 24.8079 -1.9509
      vertex 0 24.5694 -2.90285
      vertex -6 24.5694 -2.90285
    endloop
  endfacet
  facet normal 0 0.427535 -0.903999
    outer loop
      vertex -6 18.8268 -9.2388
      vertex 0 19.714 -8.81921
      vertex 0 18.8268 -9.2388
    endloop
  endfacet
  facet normal 0 0.427535 -0.903999
    outer loop
      vertex 0 19.714 -8.81921
      vertex -6 18.8268 -9.2388
      vertex -6 19.714 -8.81921
    endloop
  endfacet
  facet normal 0 0.903984 0.427567
    outer loop
      vertex 0 24.2388 3.82683
      vertex -6 23.8192 4.71397
      vertex 0 23.8192 4.71397
    endloop
  endfacet
  facet normal 0 0.903984 0.427567
    outer loop
      vertex -6 23.8192 4.71397
      vertex 0 24.2388 3.82683
      vertex -6 24.2388 3.82683
    endloop
  endfacet
  facet normal 0 0.803203 -0.595705
    outer loop
      vertex 0 22.7301 -6.34393
      vertex -6 23.3147 -5.5557
      vertex 0 23.3147 -5.5557
    endloop
  endfacet
  facet normal 0 0.803203 -0.595705
    outer loop
      vertex -6 23.3147 -5.5557
      vertex 0 22.7301 -6.34393
      vertex -6 22.7301 -6.34393
    endloop
  endfacet
  facet normal -0.65294 -0.75741 0
    outer loop
      vertex -35 0 0
      vertex -6 -25 -10
      vertex -6 -25 10
    endloop
  endfacet
  facet normal 0 -1 0
    outer loop
      vertex -6 -25 -10
      vertex 0 -25 10
      vertex -6 -25 10
    endloop
  endfacet
  facet normal 0 -1 -0
    outer loop
      vertex 0 -25 10
      vertex -6 -25 -10
      vertex 0 -25 -10
    endloop
  endfacet
  facet normal -0.675437 -0.696718 0.241597
    outer loop
      vertex -34.5433 0 2.2961
      vertex -34.7416 0 1.74171
      vertex -6 -25 10
    endloop
  endfacet
  facet normal -0.671805 -0.669088 -0.317804
    outer loop
      vertex -34.2915 0 -2.82838
      vertex -6 -25 -10
      vertex -34.5433 0 -2.2961
    endloop
  endfacet
  facet normal 0.0866296 0.996241 0
    outer loop
      vertex -6 0.521739 7.3913
      vertex -6 0.521739 -7.3913
      vertex -23 2 0
    endloop
  endfacet
  facet normal -0.620431 -0.54656 0.562438
    outer loop
      vertex -33.2426 0 4.24264
      vertex -33.6381 0 3.80636
      vertex -6 -25 10
    endloop
  endfacet
  facet normal 3.75917e-07 0.894428 0.447212
    outer loop
      vertex -6 0.413793 9.17241
      vertex -29 2 6
      vertex -6 0 10
    endloop
  endfacet
  facet normal -0.412611 -0.261972 0.872424
    outer loop
      vertex -31.2961 0 5.54328
      vertex -31.8284 0 5.29153
      vertex -6 -25 10
    endloop
  endfacet
  facet normal -0.674039 -0.719134 -0.168873
    outer loop
      vertex -34.7416 0 -1.74171
      vertex -6 -25 -10
      vertex -34.8847 0 -1.17054
    endloop
  endfacet
  facet normal -0.668361 -0.7372 0.099146
    outer loop
      vertex -34.8847 0 1.17054
      vertex -34.9711 0 0.588102
      vertex -6 -25 10
    endloop
  endfacet
  facet normal -0.585685 -0.489433 -0.646087
    outer loop
      vertex -32.8064 0 -4.63806
      vertex -6 -25 -10
      vertex -33.2426 0 -4.24264
    endloop
  endfacet
  facet normal 0.0848318 0.996387 0.00416381
    outer loop
      vertex -6 0.521739 7.3913
      vertex -23.0289 2 0.588102
      vertex -6 0.521085 7.5478
    endloop
  endfacet
  facet normal 0.0848299 0.996387 0.00416864
    outer loop
      vertex -23.0289 2 0.588102
      vertex -6 0.521739 7.3913
      vertex -23 2 0
    endloop
  endfacet
  facet normal -0.167845 0 0.985813
    outer loop
      vertex -29.4968 1.18381 5.99943
      vertex -6 0 10
      vertex -29.4968 1.94425 5.99943
    endloop
  endfacet
  facet normal -0.167845 1.83092e-06 0.985813
    outer loop
      vertex -29.6615 0.19286 5.97139
      vertex -6 0 10
      vertex -29.4968 1.18381 5.99943
    endloop
  endfacet
  facet normal -0.167859 -0.00186775 0.985809
    outer loop
      vertex -29.6657 0.185026 5.97066
      vertex -6 0 10
      vertex -29.6615 0.19286 5.97139
    endloop
  endfacet
  facet normal -0.167829 0.00210278 0.985814
    outer loop
      vertex -29.6679 0.182899 5.97029
      vertex -6 0 10
      vertex -29.6657 0.185026 5.97066
    endloop
  endfacet
  facet normal -0.167845 0 0.985813
    outer loop
      vertex -6 0 10
      vertex -29.6679 0.182899 5.97029
      vertex -6 -25 10
    endloop
  endfacet
  facet normal -0.167855 -9.67114e-06 0.985812
    outer loop
      vertex -6 -25 10
      vertex -29.6679 0.182899 5.97029
      vertex -30.1705 0 5.88471
    endloop
  endfacet
  facet normal -0.539824 -0.4227 0.727953
    outer loop
      vertex -32.3334 0 4.98882
      vertex -32.8064 0 4.63806
      vertex -6 -25 10
    endloop
  endfacet
  facet normal 3.75917e-07 0.894428 -0.447212
    outer loop
      vertex -6 0.413793 -9.17241
      vertex -6 0 -10
      vertex -29 2 -6
    endloop
  endfacet
  facet normal -0.0280665 0.820151 0.571458
    outer loop
      vertex -29 2 6
      vertex -29.4218 1.9859 5.99952
      vertex -6 0 10
    endloop
  endfacet
  facet normal -0.331947 -0.170487 -0.927764
    outer loop
      vertex -30.7417 0 -5.74164
      vertex -6 -25 -10
      vertex -31.2961 0 -5.54328
    endloop
  endfacet
  facet normal -0.662222 -0.635551 0.396908
    outer loop
      vertex -33.9888 0 3.33342
      vertex -34.2915 0 2.82838
      vertex -6 -25 10
    endloop
  endfacet
  facet normal -0.141937 0.253522 0.95686
    outer loop
      vertex -29.4218 1.9859 5.99952
      vertex -29.4968 1.94425 5.99943
      vertex -6 0 10
    endloop
  endfacet
  facet normal 0.0639982 0.99545 0.0706
    outer loop
      vertex -24.7574 2 4.24264
      vertex -6 0.476311 8.72303
      vertex -6 0.484704 8.60469
    endloop
  endfacet
  facet normal 0.0639985 0.99545 0.0705987
    outer loop
      vertex -6 0.476311 8.72303
      vertex -24.7574 2 4.24264
      vertex -25.1936 2 4.63806
    endloop
  endfacet
  facet normal -0.242283 -0.0750146 0.967301
    outer loop
      vertex -30.1705 0 5.88471
      vertex -30.7417 0 5.74164
      vertex -6 -25 10
    endloop
  endfacet
  facet normal -0.482244 -0.346703 0.804511
    outer loop
      vertex -31.8284 0 5.29153
      vertex -32.3334 0 4.98882
      vertex -6 -25 10
    endloop
  endfacet
  facet normal -0.585685 -0.489433 0.646087
    outer loop
      vertex -32.8064 0 4.63806
      vertex -33.2426 0 4.24264
      vertex -6 -25 10
    endloop
  endfacet
  facet normal -0.64555 -0.595076 0.478696
    outer loop
      vertex -33.6381 0 3.80636
      vertex -33.9888 0 3.33342
      vertex -6 -25 10
    endloop
  endfacet
  facet normal 0.0735531 0.996684 -0.034795
    outer loop
      vertex -6 0.51158 -8.02942
      vertex -23.7085 2 -2.82838
      vertex -23.4567 2 -2.2961
    endloop
  endfacet
  facet normal 0.0735553 0.996684 -0.0347876
    outer loop
      vertex -23.7085 2 -2.82838
      vertex -6 0.51158 -8.02942
      vertex -6 0.506148 -8.18505
    endloop
  endfacet
  facet normal 0.0664513 0.99597 -0.0602328
    outer loop
      vertex -6 0.484704 -8.60469
      vertex -24.3619 2 -3.80636
      vertex -6 0.492572 -8.47459
    endloop
  endfacet
  facet normal 0.0664498 0.99597 -0.0602386
    outer loop
      vertex -24.3619 2 -3.80636
      vertex -6 0.484704 -8.60469
      vertex -24.7574 2 -4.24264
    endloop
  endfacet
  facet normal -0.64555 -0.595076 -0.478696
    outer loop
      vertex -33.6381 0 -3.80636
      vertex -6 -25 -10
      vertex -33.9888 0 -3.33342
    endloop
  endfacet
  facet normal -0.482244 -0.346703 -0.804511
    outer loop
      vertex -31.8284 0 -5.29153
      vertex -6 -25 -10
      vertex -32.3334 0 -4.98882
    endloop
  endfacet
  facet normal 0.0848299 0.996387 -0.00416864
    outer loop
      vertex -6 0.521739 -7.3913
      vertex -23.0289 2 -0.588102
      vertex -23 2 0
    endloop
  endfacet
  facet normal 0.0848318 0.996387 -0.00416381
    outer loop
      vertex -23.0289 2 -0.588102
      vertex -6 0.521739 -7.3913
      vertex -6 0.521085 -7.5478
    endloop
  endfacet
  facet normal 0.0735553 0.996684 0.0347876
    outer loop
      vertex -6 0.51158 8.02942
      vertex -23.7085 2 2.82838
      vertex -6 0.506148 8.18505
    endloop
  endfacet
  facet normal 0.0735531 0.996684 0.034795
    outer loop
      vertex -23.7085 2 2.82838
      vertex -6 0.51158 8.02942
      vertex -23.4567 2 2.2961
    endloop
  endfacet
  facet normal 0.0504912 0.988699 0.141154
    outer loop
      vertex -26.7039 2 5.54328
      vertex -6 0.440233 9.06266
      vertex -6 0.449373 8.99864
    endloop
  endfacet
  facet normal 0.0504955 0.988702 0.141131
    outer loop
      vertex -6 0.440233 9.06266
      vertex -26.7039 2 5.54328
      vertex -27.2583 2 5.74164
    endloop
  endfacet
  facet normal -0.331947 -0.170487 0.927764
    outer loop
      vertex -30.7417 0 5.74164
      vertex -31.2961 0 5.54328
      vertex -6 -25 10
    endloop
  endfacet
  facet normal -0.674039 -0.719134 0.168873
    outer loop
      vertex -34.7416 0 1.74171
      vertex -34.8847 0 1.17054
      vertex -6 -25 10
    endloop
  endfacet
  facet normal -0.65898 -0.751463 0.032383
    outer loop
      vertex -34.9711 0 0.588102
      vertex -35 0 0
      vertex -6 -25 10
    endloop
  endfacet
  facet normal -0.671805 -0.669088 0.317804
    outer loop
      vertex -34.2915 0 2.82838
      vertex -34.5433 0 2.2961
      vertex -6 -25 10
    endloop
  endfacet
  facet normal -0.668361 -0.7372 -0.099146
    outer loop
      vertex -34.8847 0 -1.17054
      vertex -6 -25 -10
      vertex -34.9711 0 -0.588102
    endloop
  endfacet
  facet normal -0.65898 -0.751463 -0.032383
    outer loop
      vertex -34.9711 0 -0.588102
      vertex -6 -25 -10
      vertex -35 0 0
    endloop
  endfacet
  facet normal -0.662222 -0.635551 -0.396908
    outer loop
      vertex -33.9888 0 -3.33342
      vertex -6 -25 -10
      vertex -34.2915 0 -2.82838
    endloop
  endfacet
  facet normal -0.620431 -0.54656 -0.562438
    outer loop
      vertex -33.2426 0 -4.24264
      vertex -6 -25 -10
      vertex -33.6381 0 -3.80636
    endloop
  endfacet
  facet normal 0.0639982 0.99545 -0.0706
    outer loop
      vertex -6 0.476311 -8.72303
      vertex -24.7574 2 -4.24264
      vertex -6 0.484704 -8.60469
    endloop
  endfacet
  facet normal 0.0639985 0.99545 -0.0705987
    outer loop
      vertex -24.7574 2 -4.24264
      vertex -6 0.476311 -8.72303
      vertex -25.1936 2 -4.63806
    endloop
  endfacet
  facet normal -0.675437 -0.696718 -0.241597
    outer loop
      vertex -34.5433 0 -2.2961
      vertex -6 -25 -10
      vertex -34.7416 0 -1.74171
    endloop
  endfacet
  facet normal 0.034947 0.971205 -0.23567
    outer loop
      vertex -6 0.422358 -9.14918
      vertex -27.8295 2 -5.88471
      vertex -6 0.431198 -9.11275
    endloop
  endfacet
  facet normal 0.034955 0.971216 -0.235622
    outer loop
      vertex -27.8295 2 -5.88471
      vertex -6 0.422358 -9.14918
      vertex -28.4119 2 -5.97111
    endloop
  endfacet
  facet normal -0.539824 -0.4227 -0.727953
    outer loop
      vertex -32.3334 0 -4.98882
      vertex -6 -25 -10
      vertex -32.8064 0 -4.63806
    endloop
  endfacet
  facet normal 0.0688183 0.996323 -0.0510362
    outer loop
      vertex -6 0.492572 -8.47459
      vertex -24.0112 2 -3.33342
      vertex -6 0.499767 -8.33413
    endloop
  endfacet
  facet normal 0.0688195 0.996323 -0.0510318
    outer loop
      vertex -24.0112 2 -3.33342
      vertex -6 0.492572 -8.47459
      vertex -24.3619 2 -3.80636
    endloop
  endfacet
  facet normal -0.242283 -0.0750146 -0.967301
    outer loop
      vertex -30.1705 0 -5.88471
      vertex -6 -25 -10
      vertex -30.7417 0 -5.74164
    endloop
  endfacet
  facet normal 0.0787054 0.996703 -0.0197187
    outer loop
      vertex -6 0.519137 -7.70815
      vertex -23.2584 2 -1.74171
      vertex -23.1153 2 -1.17054
    endloop
  endfacet
  facet normal 0.0787074 0.996703 -0.019713
    outer loop
      vertex -23.2584 2 -1.74171
      vertex -6 0.519137 -7.70815
      vertex -6 0.515944 -7.86959
    endloop
  endfacet
  facet normal 0.0787074 0.996703 0.019713
    outer loop
      vertex -6 0.519137 7.70815
      vertex -23.2584 2 1.74171
      vertex -6 0.515944 7.86959
    endloop
  endfacet
  facet normal 0.0787054 0.996703 0.0197187
    outer loop
      vertex -23.2584 2 1.74171
      vertex -6 0.519137 7.70815
      vertex -23.1153 2 1.17054
    endloop
  endfacet
  facet normal 0.0688183 0.996323 0.0510362
    outer loop
      vertex -24.0112 2 3.33342
      vertex -6 0.492572 8.47459
      vertex -6 0.499767 8.33413
    endloop
  endfacet
  facet normal 0.0688195 0.996323 0.0510318
    outer loop
      vertex -6 0.492572 8.47459
      vertex -24.0112 2 3.33342
      vertex -24.3619 2 3.80636
    endloop
  endfacet
  facet normal 0.0583955 0.993528 0.0974305
    outer loop
      vertex -25.6666 2 4.98882
      vertex -6 0.458512 8.92055
      vertex -6 0.467534 8.82855
    endloop
  endfacet
  facet normal 0.0583972 0.993528 0.097422
    outer loop
      vertex -6 0.458512 8.92055
      vertex -25.6666 2 4.98882
      vertex -26.1716 2 5.29153
    endloop
  endfacet
  facet normal 0.0711648 0.996552 -0.0426532
    outer loop
      vertex -6 0.506148 -8.18505
      vertex -24.0112 2 -3.33342
      vertex -23.7085 2 -2.82838
    endloop
  endfacet
  facet normal 0.0711644 0.996552 -0.0426549
    outer loop
      vertex -24.0112 2 -3.33342
      vertex -6 0.506148 -8.18505
      vertex -6 0.499767 -8.33413
    endloop
  endfacet
  facet normal 0.034947 0.971205 0.23567
    outer loop
      vertex -27.8295 2 5.88471
      vertex -6 0.422358 9.14918
      vertex -6 0.431198 9.11275
    endloop
  endfacet
  facet normal 0.034955 0.971216 0.235622
    outer loop
      vertex -6 0.422358 9.14918
      vertex -27.8295 2 5.88471
      vertex -28.4119 2 5.97111
    endloop
  endfacet
  facet normal 0.0760507 0.996733 -0.0272026
    outer loop
      vertex -6 0.515944 -7.86959
      vertex -23.4567 2 -2.2961
      vertex -23.2584 2 -1.74171
    endloop
  endfacet
  facet normal 0.0760468 0.996733 -0.0272148
    outer loop
      vertex -23.4567 2 -2.2961
      vertex -6 0.515944 -7.86959
      vertex -6 0.51158 -8.02942
    endloop
  endfacet
  facet normal 0.0816039 0.996591 -0.0121053
    outer loop
      vertex -6 0.521085 -7.5478
      vertex -23.1153 2 -1.17054
      vertex -23.0289 2 -0.588102
    endloop
  endfacet
  facet normal 0.0816033 0.996591 -0.012107
    outer loop
      vertex -23.1153 2 -1.17054
      vertex -6 0.521085 -7.5478
      vertex -6 0.519137 -7.70815
    endloop
  endfacet
  facet normal -0.0280665 0.820151 -0.571458
    outer loop
      vertex -29 2 -6
      vertex -6 0 -10
      vertex -29.4218 1.9859 -5.99952
    endloop
  endfacet
  facet normal 0.0613543 0.994681 -0.0827361
    outer loop
      vertex -6 0.467534 -8.82855
      vertex -25.1936 2 -4.63806
      vertex -6 0.476311 -8.72303
    endloop
  endfacet
  facet normal 0.0613543 0.994681 -0.0827363
    outer loop
      vertex -25.1936 2 -4.63806
      vertex -6 0.467534 -8.82855
      vertex -25.6666 2 -4.98882
    endloop
  endfacet
  facet normal 0.0583955 0.993528 -0.0974305
    outer loop
      vertex -6 0.458512 -8.92055
      vertex -25.6666 2 -4.98882
      vertex -6 0.467534 -8.82855
    endloop
  endfacet
  facet normal 0.0583972 0.993528 -0.097422
    outer loop
      vertex -25.6666 2 -4.98882
      vertex -6 0.458512 -8.92055
      vertex -26.1716 2 -5.29153
    endloop
  endfacet
  facet normal 0.0169892 0.938121 -0.345889
    outer loop
      vertex -6 0.413793 -9.17241
      vertex -28.4119 2 -5.97111
      vertex -6 0.422358 -9.14918
    endloop
  endfacet
  facet normal 0.016991 0.938126 -0.345878
    outer loop
      vertex -28.4119 2 -5.97111
      vertex -6 0.413793 -9.17241
      vertex -29 2 -6
    endloop
  endfacet
  facet normal 0.0504912 0.988699 -0.141154
    outer loop
      vertex -6 0.440233 -9.06266
      vertex -26.7039 2 -5.54328
      vertex -6 0.449373 -8.99864
    endloop
  endfacet
  facet normal 0.0504955 0.988702 -0.141131
    outer loop
      vertex -26.7039 2 -5.54328
      vertex -6 0.440233 -9.06266
      vertex -27.2583 2 -5.74164
    endloop
  endfacet
  facet normal 0.0444319 0.983147 -0.177335
    outer loop
      vertex -6 0.431198 -9.11275
      vertex -27.2583 2 -5.74164
      vertex -6 0.440233 -9.06266
    endloop
  endfacet
  facet normal 0.0444261 0.983141 -0.177369
    outer loop
      vertex -27.2583 2 -5.74164
      vertex -6 0.431198 -9.11275
      vertex -27.8295 2 -5.88471
    endloop
  endfacet
  facet normal -0.141937 0.253522 -0.95686
    outer loop
      vertex -29.4218 1.9859 -5.99952
      vertex -6 0 -10
      vertex -29.4968 1.94425 -5.99943
    endloop
  endfacet
  facet normal -0.167845 0 -0.985813
    outer loop
      vertex -29.6679 0.182899 -5.97029
      vertex -6 0 -10
      vertex -6 -25 -10
    endloop
  endfacet
  facet normal -0.167845 1.83092e-06 -0.985813
    outer loop
      vertex -6 0 -10
      vertex -29.6615 0.19286 -5.97139
      vertex -29.4968 1.18381 -5.99943
    endloop
  endfacet
  facet normal -0.167859 -0.00186775 -0.985809
    outer loop
      vertex -6 0 -10
      vertex -29.6657 0.185026 -5.97066
      vertex -29.6615 0.19286 -5.97139
    endloop
  endfacet
  facet normal -0.167829 0.00210278 -0.985814
    outer loop
      vertex -6 0 -10
      vertex -29.6679 0.182899 -5.97029
      vertex -29.6657 0.185026 -5.97066
    endloop
  endfacet
  facet normal -0.167855 -9.67114e-06 -0.985812
    outer loop
      vertex -29.6679 0.182899 -5.97029
      vertex -6 -25 -10
      vertex -30.1705 0 -5.88471
    endloop
  endfacet
  facet normal -0.167845 0 -0.985813
    outer loop
      vertex -6 0 -10
      vertex -29.4968 1.18381 -5.99943
      vertex -29.4968 1.94425 -5.99943
    endloop
  endfacet
  facet normal 0.0816033 0.996591 0.012107
    outer loop
      vertex -6 0.521085 7.5478
      vertex -23.1153 2 1.17054
      vertex -6 0.519137 7.70815
    endloop
  endfacet
  facet normal 0.0816039 0.996591 0.0121053
    outer loop
      vertex -23.1153 2 1.17054
      vertex -6 0.521085 7.5478
      vertex -23.0289 2 0.588102
    endloop
  endfacet
  facet normal 0.0549056 0.991723 -0.116063
    outer loop
      vertex -6 0.449373 -8.99864
      vertex -26.1716 2 -5.29153
      vertex -6 0.458512 -8.92055
    endloop
  endfacet
  facet normal 0.0549016 0.991721 -0.116084
    outer loop
      vertex -26.1716 2 -5.29153
      vertex -6 0.449373 -8.99864
      vertex -26.7039 2 -5.54328
    endloop
  endfacet
  facet normal 0.0760468 0.996733 0.0272148
    outer loop
      vertex -6 0.515944 7.86959
      vertex -23.4567 2 2.2961
      vertex -6 0.51158 8.02942
    endloop
  endfacet
  facet normal 0.0760507 0.996733 0.0272026
    outer loop
      vertex -23.4567 2 2.2961
      vertex -6 0.515944 7.86959
      vertex -23.2584 2 1.74171
    endloop
  endfacet
  facet normal 0.0711644 0.996552 0.0426549
    outer loop
      vertex -6 0.506148 8.18505
      vertex -24.0112 2 3.33342
      vertex -6 0.499767 8.33413
    endloop
  endfacet
  facet normal 0.0711648 0.996552 0.0426532
    outer loop
      vertex -24.0112 2 3.33342
      vertex -6 0.506148 8.18505
      vertex -23.7085 2 2.82838
    endloop
  endfacet
  facet normal 0.0664513 0.99597 0.0602328
    outer loop
      vertex -24.3619 2 3.80636
      vertex -6 0.484704 8.60469
      vertex -6 0.492572 8.47459
    endloop
  endfacet
  facet normal 0.0664498 0.99597 0.0602386
    outer loop
      vertex -6 0.484704 8.60469
      vertex -24.3619 2 3.80636
      vertex -24.7574 2 4.24264
    endloop
  endfacet
  facet normal 0.0613543 0.994681 0.0827361
    outer loop
      vertex -25.1936 2 4.63806
      vertex -6 0.467534 8.82855
      vertex -6 0.476311 8.72303
    endloop
  endfacet
  facet normal 0.0613543 0.994681 0.0827363
    outer loop
      vertex -6 0.467534 8.82855
      vertex -25.1936 2 4.63806
      vertex -25.6666 2 4.98882
    endloop
  endfacet
  facet normal 0.0549056 0.991723 0.116063
    outer loop
      vertex -26.1716 2 5.29153
      vertex -6 0.449373 8.99864
      vertex -6 0.458512 8.92055
    endloop
  endfacet
  facet normal 0.0549016 0.991721 0.116084
    outer loop
      vertex -6 0.449373 8.99864
      vertex -26.1716 2 5.29153
      vertex -26.7039 2 5.54328
    endloop
  endfacet
  facet normal 0.0444319 0.983147 0.177335
    outer loop
      vertex -27.2583 2 5.74164
      vertex -6 0.431198 9.11275
      vertex -6 0.440233 9.06266
    endloop
  endfacet
  facet normal 0.0444261 0.983141 0.177369
    outer loop
      vertex -6 0.431198 9.11275
      vertex -27.2583 2 5.74164
      vertex -27.8295 2 5.88471
    endloop
  endfacet
  facet normal 0.0169892 0.938121 0.345889
    outer loop
      vertex -28.4119 2 5.97111
      vertex -6 0.413793 9.17241
      vertex -6 0.422358 9.14918
    endloop
  endfacet
  facet normal 0.016991 0.938126 0.345878
    outer loop
      vertex -6 0.413793 9.17241
      vertex -28.4119 2 5.97111
      vertex -29 2 6
    endloop
  endfacet
  facet normal -0.412611 -0.261972 -0.872424
    outer loop
      vertex -31.2961 0 -5.54328
      vertex -6 -25 -10
      vertex -31.8284 0 -5.29153
    endloop
  endfacet
  facet normal -0.290002 0.0469643 0.955873
    outer loop
      vertex -36.4579 15.5705 5.79216
      vertex -37.0213 15 5.64926
      vertex -36.4579 15 5.82019
    endloop
  endfacet
  facet normal -0 0.24296 0.970036
    outer loop
      vertex -35.2944 16.7396 5.73473
      vertex -34.7056 16.1691 5.87762
      vertex -34.7056 16.7396 5.73473
    endloop
  endfacet
  facet normal 0 0.24296 0.970036
    outer loop
      vertex -34.7056 16.1691 5.87762
      vertex -35.2944 16.7396 5.73473
      vertex -35.2944 16.1691 5.87762
    endloop
  endfacet
  facet normal 0.705788 0.304136 -0.639816
    outer loop
      vertex -24.3619 2 -3.80636
      vertex -24.7574 2 -4.24264
      vertex -30.9706 17.0957 -3.92076
    endloop
  endfacet
  facet normal -0.980728 -0.176569 -0.0836477
    outer loop
      vertex -40.9351 14.2236 -0.415009
      vertex -40.8202 13.6531 -0.557906
      vertex -40.9351 14.1866 -0.336907
    endloop
  endfacet
  facet normal -0.914938 -0.399213 0.0593148
    outer loop
      vertex -40.4239 12.484 0.500471
      vertex -40.4239 12.447 0.251446
      vertex -34.9711 0 0.588102
    endloop
  endfacet
  facet normal -0.831114 -0.187354 0.523591
    outer loop
      vertex -40.1464 14.1046 2.95179
      vertex -40.1464 13.8196 2.84981
      vertex -39.8192 13.6322 3.30213
    endloop
  endfacet
  facet normal 0.29001 0.409219 0.865121
    outer loop
      vertex -32.9787 17.1619 5.21924
      vertex -32.9787 17.663 4.98221
      vertex -33.5421 17.7436 5.13295
    endloop
  endfacet
  facet normal 0.0978902 0.04882 0.993999
    outer loop
      vertex -34.7056 15 5.99277
      vertex -34.1196 15 5.93506
      vertex -34.7056 15.5874 5.96392
    endloop
  endfacet
  facet normal -0 0.0490556 0.998796
    outer loop
      vertex -35.2944 15.5874 5.96392
      vertex -34.7056 15 5.99277
      vertex -34.7056 15.5874 5.96392
    endloop
  endfacet
  facet normal 0 0.0490556 0.998796
    outer loop
      vertex -34.7056 15 5.99277
      vertex -35.2944 15.5874 5.96392
      vertex -35.2944 15 5.99277
    endloop
  endfacet
  facet normal -0.289956 0.955889 -0.0469167
    outer loop
      vertex -36.4579 20.8202 0
      vertex -36.4579 20.7922 -0.570477
      vertex -37.0213 20.6493 0
    endloop
  endfacet
  facet normal -0.420944 -0.175013 0.890043
    outer loop
      vertex -37.5653 13.9418 5.31972
      vertex -31.8284 0 5.29153
      vertex -31.2961 0 5.54328
    endloop
  endfacet
  facet normal -0.772671 -0.271457 0.573838
    outer loop
      vertex -39.4457 13.458 3.72264
      vertex -39.8192 13.6322 3.30213
      vertex -39.4457 13.1006 3.55357
    endloop
  endfacet
  facet normal -0.097874 0.146047 0.984424
    outer loop
      vertex -35.2944 16.1691 5.87762
      vertex -35.8804 16.1579 5.82102
      vertex -35.2944 15.5874 5.96392
    endloop
  endfacet
  facet normal -0.289995 -0.0469565 -0.955875
    outer loop
      vertex -37.0213 15 -5.64926
      vertex -36.4579 14.4295 -5.79216
      vertex -37.0213 14.4463 -5.62206
    endloop
  endfacet
  facet normal -0.706739 0.363718 -0.606819
    outer loop
      vertex -39.0294 17.4699 -3.69647
      vertex -39.0294 17.0957 -3.92076
      vertex -39.4457 16.8994 -3.55357
    endloop
  endfacet
  facet normal -0.12179 -0.0487074 0.99136
    outer loop
      vertex -35.8804 14.4183 5.90648
      vertex -29.6657 0.185026 5.97066
      vertex -35.8804 15 5.93506
    endloop
  endfacet
  facet normal -0.120302 -0.0480567 0.991573
    outer loop
      vertex -29.6657 0.185026 5.97066
      vertex -35.8804 14.4183 5.90648
      vertex -29.6679 0.182899 5.97029
    endloop
  endfacet
  facet normal 0.382364 0.913998 0.135667
    outer loop
      vertex -32.9787 20.5407 1.10212
      vertex -32.4347 20.3978 0.531638
      vertex -32.9787 20.6221 0.553724
    endloop
  endfacet
  facet normal -0.923681 -0.360769 -0.129067
    outer loop
      vertex -40.6493 13.0657 -0.586763
      vertex -40.4239 12.6299 -0.981709
      vertex -40.4239 12.5451 -0.744676
    endloop
  endfacet
  facet normal -0 0.514121 0.857718
    outer loop
      vertex -35.2944 18.3294 4.98281
      vertex -34.7056 17.825 5.28515
      vertex -34.7056 18.3294 4.98281
    endloop
  endfacet
  facet normal 0 0.514121 0.857718
    outer loop
      vertex -34.7056 17.825 5.28515
      vertex -35.2944 18.3294 4.98281
      vertex -35.2944 17.825 5.28515
    endloop
  endfacet
  facet normal -0.871461 -0.378669 0.311713
    outer loop
      vertex -40.1464 12.6156 1.95686
      vertex -34.7416 0 1.74171
      vertex -34.5433 0 2.2961
    endloop
  endfacet
  facet normal -0.634047 -0.267742 0.725464
    outer loop
      vertex -38.5742 13.1558 4.4524
      vertex -39.0294 13.2987 4.1073
      vertex -32.8064 0 4.63806
    endloop
  endfacet
  facet normal -0.38228 -0.0453383 0.922933
    outer loop
      vertex -37.0213 15 5.64926
      vertex -37.5653 14.4684 5.39782
      vertex -37.0213 14.4463 5.62206
    endloop
  endfacet
  facet normal -0.555178 0.83073 0.0408007
    outer loop
      vertex -38.0846 20.1464 0
      vertex -38.5742 19.8192 0
      vertex -38.5742 19.796 0.472368
    endloop
  endfacet
  facet normal -0.382332 0.395109 -0.835291
    outer loop
      vertex -37.0213 17.663 -4.98221
      vertex -37.0213 17.1619 -5.21924
      vertex -37.5653 17.0756 -5.01106
    endloop
  endfacet
  facet normal -0.0978645 0.241793 -0.96538
    outer loop
      vertex -35.2944 16.7396 -5.73473
      vertex -35.2944 16.1691 -5.87762
      vertex -35.8804 16.1579 -5.82102
    endloop
  endfacet
  facet normal 0.0978887 0.984424 -0.146038
    outer loop
      vertex -34.1196 20.821 -1.15787
      vertex -34.7056 20.8776 -1.16913
      vertex -34.7056 20.9639 -0.587394
    endloop
  endfacet
  facet normal 0.333148 0.148405 -0.931122
    outer loop
      vertex -26.7039 2 -5.54328
      vertex -27.2583 2 -5.74164
      vertex -32.9787 16.1021 -5.54072
    endloop
  endfacet
  facet normal 0.290082 0.928323 0.232525
    outer loop
      vertex -32.9787 20.406 1.63989
      vertex -32.9787 20.5407 1.10212
      vertex -33.5421 20.7084 1.13546
    endloop
  endfacet
  facet normal -0.146481 -0.0594998 0.987423
    outer loop
      vertex -35.8804 14.4183 5.90648
      vertex -30.1705 0 5.88471
      vertex -29.6679 0.182899 5.97029
    endloop
  endfacet
  facet normal -0.831113 0.50275 -0.237683
    outer loop
      vertex -39.8192 18.3021 -1.36779
      vertex -39.8192 18.1522 -1.68486
      vertex -40.1464 17.7204 -1.45408
    endloop
  endfacet
  facet normal -0.0979201 0.799396 0.592772
    outer loop
      vertex -35.2944 19.9828 3.32941
      vertex -35.8804 19.9348 3.29734
      vertex -35.8804 19.5879 3.76516
    endloop
  endfacet
  facet normal -0.956863 0.249193 0.149386
    outer loop
      vertex -40.6493 16.7827 0.952852
      vertex -40.8202 16.2857 0.68724
      vertex -40.6493 16.6807 1.123
    endloop
  endfacet
  facet normal 0.482743 0.212803 0.849514
    outer loop
      vertex -26.1716 2 5.29153
      vertex -31.9154 16.4939 4.92477
      vertex -31.9154 16.004 5.04749
    endloop
  endfacet
  facet normal -0.502653 -0.210064 0.838578
    outer loop
      vertex -38.0846 13.996 5.04749
      vertex -38.0846 13.5061 4.92477
      vertex -32.3334 0 4.98882
    endloop
  endfacet
  facet normal -0.0978645 0.241793 0.96538
    outer loop
      vertex -35.2944 16.1691 5.87762
      vertex -35.2944 16.7396 5.73473
      vertex -35.8804 16.1579 5.82102
    endloop
  endfacet
  facet normal -0.634047 -0.267742 -0.725464
    outer loop
      vertex -38.5742 13.1558 -4.4524
      vertex -32.8064 0 -4.63806
      vertex -39.0294 13.2987 -4.1073
    endloop
  endfacet
  facet normal 0.555103 0.280273 0.78314
    outer loop
      vertex -31.4258 16.399 4.61173
      vertex -31.4258 16.8442 4.4524
      vertex -31.9154 16.9694 4.75463
    endloop
  endfacet
  facet normal 0.912464 0.385246 0.137824
    outer loop
      vertex -23.1153 2 1.17054
      vertex -29.5761 17.4549 0.744676
      vertex -29.5761 17.3701 0.981709
    endloop
  endfacet
  facet normal 0.194849 0.787851 0.58423
    outer loop
      vertex -33.5421 19.4991 3.69229
      vertex -33.5421 19.8393 3.23352
      vertex -34.1196 19.9348 3.29734
    endloop
  endfacet
  facet normal -0.502653 -0.210064 -0.838578
    outer loop
      vertex -38.0846 13.5061 -4.92477
      vertex -38.0846 13.996 -5.04749
      vertex -32.3334 0 -4.98882
    endloop
  endfacet
  facet normal 0.874553 0.370541 0.312819
    outer loop
      vertex -23.4567 2 2.2961
      vertex -23.2584 2 1.74171
      vertex -29.8536 17.3844 1.95686
    endloop
  endfacet
  facet normal -0.706731 -0.0347153 -0.70663
    outer loop
      vertex -39.4457 15 -4.02935
      vertex -39.0294 15 -4.44571
      vertex -39.0294 14.5642 -4.4243
    endloop
  endfacet
  facet normal -0.0978921 0.59281 -0.799371
    outer loop
      vertex -35.2944 18.8018 -4.63248
      vertex -35.2944 18.3294 -4.98281
      vertex -35.8804 18.7652 -4.58786
    endloop
  endfacet
  facet normal 0.290121 0.901032 -0.322445
    outer loop
      vertex -32.9787 20.2192 -2.16188
      vertex -33.5421 20.3772 -2.22729
      vertex -32.9787 20.406 -1.63989
    endloop
  endfacet
  facet normal -0.555087 0.427656 -0.713435
    outer loop
      vertex -38.5742 17.6774 -4.00706
      vertex -38.0846 17.426 -4.53869
      vertex -38.5742 17.2718 -4.25019
    endloop
  endfacet
  facet normal -0.382364 0.913998 -0.135667
    outer loop
      vertex -37.0213 20.6221 -0.553724
      vertex -37.0213 20.5407 -1.10212
      vertex -37.5653 20.3978 -0.531638
    endloop
  endfacet
  facet normal -0.706716 -0.238339 -0.666143
    outer loop
      vertex -39.4457 13.458 -3.72264
      vertex -39.0294 13.7095 -4.25428
      vertex -39.0294 13.2987 -4.1073
    endloop
  endfacet
  facet normal -0.871461 -0.378669 -0.311713
    outer loop
      vertex -40.1464 12.6156 -1.95686
      vertex -34.5433 0 -2.2961
      vertex -34.7416 0 -1.74171
    endloop
  endfacet
  facet normal 0.633878 0.330646 -0.699194
    outer loop
      vertex -30.9706 16.7013 -4.1073
      vertex -31.4258 16.8442 -4.4524
      vertex -31.4258 17.2718 -4.25019
    endloop
  endfacet
  facet normal -0.00114875 0 -0.999999
    outer loop
      vertex -29.4968 1.18381 -5.99943
      vertex -35.2944 15 -5.99277
      vertex -29.4968 1.94425 -5.99943
    endloop
  endfacet
  facet normal -0.00113815 5.07918e-06 -0.999999
    outer loop
      vertex -29.4218 1.9859 -5.99952
      vertex -35.2944 15 -5.99277
      vertex -29 2 -6
    endloop
  endfacet
  facet normal -0.00118986 -1.82558e-05 -0.999999
    outer loop
      vertex -35.2944 15 -5.99277
      vertex -29.4218 1.9859 -5.99952
      vertex -29.4968 1.94425 -5.99943
    endloop
  endfacet
  facet normal 0.555127 0.495456 -0.6681
    outer loop
      vertex -31.4258 17.6774 -4.00706
      vertex -31.9154 17.8592 -4.27905
      vertex -31.4258 18.0573 -3.72533
    endloop
  endfacet
  facet normal -0.995175 0.0787892 0.0584717
    outer loop
      vertex -40.9351 15.732 0.489114
      vertex -40.9928 15.2448 0.163563
      vertex -40.9351 15.6805 0.558509
    endloop
  endfacet
  facet normal -0.0978935 0.899664 -0.425466
    outer loop
      vertex -35.8804 20.4833 -2.27125
      vertex -35.2944 20.2852 -2.82497
      vertex -35.8804 20.2343 -2.79777
    endloop
  endfacet
  facet normal -0.194762 0.951465 -0.238291
    outer loop
      vertex -35.8804 20.821 -1.15787
      vertex -35.8804 20.6795 -1.72286
      vertex -36.4579 20.7084 -1.13546
    endloop
  endfacet
  facet normal -0.194821 0.923512 0.330409
    outer loop
      vertex -35.8804 20.4833 2.27125
      vertex -35.8804 20.6795 1.72286
      vertex -36.4579 20.3772 2.22729
    endloop
  endfacet
  facet normal -0.980729 0.183956 0.0658067
    outer loop
      vertex -40.8202 16.3951 0.4232
      vertex -40.9351 15.8425 0.255561
      vertex -40.9351 15.8134 0.336907
    endloop
  endfacet
  facet normal -0.38225 0.870054 0.311273
    outer loop
      vertex -37.0213 20.406 1.63989
      vertex -37.5653 20.1904 1.57448
      vertex -37.5653 20.0111 2.07565
    endloop
  endfacet
  facet normal 0.881718 0.457669 -0.114509
    outer loop
      vertex -29.5761 17.4549 -0.744676
      vertex -29.8536 17.9518 -0.895416
      vertex -29.5761 17.516 -0.500471
    endloop
  endfacet
  facet normal 0 0.000556154 -1
    outer loop
      vertex -34.7056 15 -5.99277
      vertex -29 2 -6
      vertex -35.2944 15 -5.99277
    endloop
  endfacet
  facet normal -0.706542 -0.300927 0.6405
    outer loop
      vertex -39.0294 13.2987 4.1073
      vertex -33.6381 0 3.80636
      vertex -33.2426 0 4.24264
    endloop
  endfacet
  facet normal -0.863132 -0.374235 -0.339045
    outer loop
      vertex -40.1464 12.8188 -2.18115
      vertex -34.5433 0 -2.2961
      vertex -40.1464 12.6156 -1.95686
    endloop
  endfacet
  facet normal -0.633899 -0.113497 0.765043
    outer loop
      vertex -38.5742 14.5276 4.79604
      vertex -39.0294 14.5642 4.4243
      vertex -38.5742 14.0598 4.72664
    endloop
  endfacet
  facet normal -0.645955 -0.273829 -0.712573
    outer loop
      vertex -39.0294 13.2987 -4.1073
      vertex -32.8064 0 -4.63806
      vertex -33.2426 0 -4.24264
    endloop
  endfacet
  facet normal -0.195055 -0.0787212 0.977628
    outer loop
      vertex -35.8804 14.4183 5.90648
      vertex -36.4579 14.4295 5.79216
      vertex -30.1705 0 5.88471
    endloop
  endfacet
  facet normal -0.0490548 -0.0201032 0.998594
    outer loop
      vertex -35.2944 15 5.99277
      vertex -29.6615 0.19286 5.97139
      vertex -29.4968 1.18381 5.99943
    endloop
  endfacet
  facet normal 0.831381 0.354283 0.428122
    outer loop
      vertex -23.7085 2 2.82838
      vertex -29.8536 16.9569 2.38444
      vertex -30.1808 17.2674 2.76289
    endloop
  endfacet
  facet normal 0.290002 0.140412 0.946669
    outer loop
      vertex -32.9787 15.5537 5.62206
      vertex -32.9787 16.1021 5.54072
      vertex -33.5421 15.5705 5.79216
    endloop
  endfacet
  facet normal -0.0978924 0.511685 0.853578
    outer loop
      vertex -35.2944 17.825 5.28515
      vertex -35.8804 18.2973 4.93482
      vertex -35.8804 17.7978 5.23425
    endloop
  endfacet
  facet normal -0.706718 -0.171896 0.686295
    outer loop
      vertex -39.4457 14.2139 3.95193
      vertex -39.4457 13.8303 3.85585
      vertex -39.0294 14.1327 4.36028
    endloop
  endfacet
  facet normal 0.0979036 0.335291 0.937014
    outer loop
      vertex -34.7056 16.7396 5.73473
      vertex -34.1196 17.2712 5.48328
      vertex -34.7056 17.2933 5.5366
    endloop
  endfacet
  facet normal 0.0979141 0.146007 0.984426
    outer loop
      vertex -34.1196 15.5817 5.90648
      vertex -34.1196 16.1579 5.82102
      vertex -34.7056 15.5874 5.96392
    endloop
  endfacet
  facet normal -0.915481 -0.399838 0.0449878
    outer loop
      vertex -40.4239 12.447 0.251446
      vertex -35 0 0
      vertex -34.9711 0 0.588102
    endloop
  endfacet
  facet normal 0.881741 0.404639 -0.242487
    outer loop
      vertex -29.5761 17.133 -1.42522
      vertex -29.8536 17.7204 -1.45408
      vertex -29.5761 17.2624 -1.20929
    endloop
  endfacet
  facet normal 0.290036 0.709074 -0.642724
    outer loop
      vertex -32.9787 18.9946 -3.99463
      vertex -33.5421 19.1155 -4.11549
      vertex -33.5421 19.4991 -3.69229
    endloop
  endfacet
  facet normal 0.89751 0.379359 0.224861
    outer loop
      vertex -23.2584 2 1.74171
      vertex -23.1153 2 1.17054
      vertex -29.5761 17.2624 1.20929
    endloop
  endfacet
  facet normal -0.555114 0.668048 -0.49554
    outer loop
      vertex -38.0846 19.2791 -2.85917
      vertex -38.0846 18.9782 -3.26482
      vertex -38.5742 18.7253 -3.0573
    endloop
  endfacet
  facet normal -0.555096 0.202118 -0.806856
    outer loop
      vertex -38.0846 16.4939 -4.92477
      vertex -38.0846 16.004 -5.04749
      vertex -38.5742 15.9402 -4.72664
    endloop
  endfacet
  facet normal -0.555073 -0.202089 -0.806879
    outer loop
      vertex -38.5742 14.0598 -4.72664
      vertex -38.0846 13.5061 -4.92477
      vertex -38.5742 13.601 -4.61173
    endloop
  endfacet
  facet normal -0.555096 -0.202118 -0.806856
    outer loop
      vertex -38.5742 14.0598 -4.72664
      vertex -38.0846 13.996 -5.04749
      vertex -38.0846 13.5061 -4.92477
    endloop
  endfacet
  facet normal -0.881732 -0.201689 -0.426463
    outer loop
      vertex -40.4239 14.0183 -2.37006
      vertex -40.1464 13.5459 -2.72039
      vertex -40.4239 13.7907 -2.26242
    endloop
  endfacet
  facet normal -0.335881 -0.138194 0.931712
    outer loop
      vertex -37.0213 14.4463 5.62206
      vertex -37.0213 13.8979 5.54072
      vertex -31.2961 0 5.54328
    endloop
  endfacet
  facet normal -0.92368 -0.371708 0.0930012
    outer loop
      vertex -40.6493 13.0657 0.586763
      vertex -40.4239 12.484 0.500471
      vertex -40.4239 12.5451 0.744676
    endloop
  endfacet
  facet normal -0.382283 0.135573 -0.914046
    outer loop
      vertex -37.0213 16.1021 -5.54072
      vertex -37.0213 15.5537 -5.62206
      vertex -37.5653 15.5316 -5.39782
    endloop
  endfacet
  facet normal -0.633879 0.519428 -0.573054
    outer loop
      vertex -38.5742 18.4077 -3.40772
      vertex -38.5742 18.0573 -3.72533
      vertex -39.0294 18.1436 -3.14359
    endloop
  endfacet
  facet normal 0.289956 0.955889 -0.0469167
    outer loop
      vertex -32.9787 20.6493 0
      vertex -33.5421 20.7922 -0.570477
      vertex -33.5421 20.8202 0
    endloop
  endfacet
  facet normal -0.19484 0.658736 -0.726708
    outer loop
      vertex -35.8804 19.1967 -4.19672
      vertex -35.8804 18.7652 -4.58786
      vertex -36.4579 19.1155 -4.11549
    endloop
  endfacet
  facet normal -0.0978902 0.04882 -0.993999
    outer loop
      vertex -35.2944 15.5874 -5.96392
      vertex -35.2944 15 -5.99277
      vertex -35.8804 15 -5.93506
    endloop
  endfacet
  facet normal -0.555088 0.355616 -0.751941
    outer loop
      vertex -38.0846 17.426 -4.53869
      vertex -38.0846 16.9694 -4.75463
      vertex -38.5742 17.2718 -4.25019
    endloop
  endfacet
  facet normal -0.194887 0.419311 -0.886678
    outer loop
      vertex -35.8804 17.7978 -5.23425
      vertex -35.8804 17.2712 -5.48328
      vertex -36.4579 17.7436 -5.13295
    endloop
  endfacet
  facet normal 0.104879 0.048802 -0.993287
    outer loop
      vertex -34.1196 15.5817 -5.90648
      vertex -28.4119 2 -5.97111
      vertex -34.1196 15 -5.93506
    endloop
  endfacet
  facet normal 0.0978924 0.511685 -0.853578
    outer loop
      vertex -34.1196 17.7978 -5.23425
      vertex -34.7056 17.825 -5.28515
      vertex -34.1196 18.2973 -4.93482
    endloop
  endfacet
  facet normal 0.310761 0.139453 -0.940202
    outer loop
      vertex -32.9787 16.1021 -5.54072
      vertex -27.2583 2 -5.74164
      vertex -32.9787 15.5537 -5.62206
    endloop
  endfacet
  facet normal -0.863132 -0.374235 0.339045
    outer loop
      vertex -40.1464 12.8188 2.18115
      vertex -40.1464 12.6156 1.95686
      vertex -34.5433 0 2.2961
    endloop
  endfacet
  facet normal -0.502662 -0.210068 -0.838572
    outer loop
      vertex -38.0846 13.996 -5.04749
      vertex -31.8284 0 -5.29153
      vertex -32.3334 0 -4.98882
    endloop
  endfacet
  facet normal -0.831102 -0.0272889 -0.555451
    outer loop
      vertex -40.1464 14.6977 -3.06976
      vertex -39.8192 15 -3.57419
      vertex -39.8192 14.6497 -3.55698
    endloop
  endfacet
  facet normal -0.923676 -0.0562077 0.379029
    outer loop
      vertex -40.4239 14.7486 2.55298
      vertex -40.6493 14.6057 1.9825
      vertex -40.4239 14.4995 2.51604
    endloop
  endfacet
  facet normal -0.470976 0.59241 -0.65363
    outer loop
      vertex -37.5653 18.8353 -3.8353
      vertex -37.5653 18.4409 -4.19276
      vertex -38.0846 18.639 -3.63903
    endloop
  endfacet
  facet normal -0.980738 -0.19324 -0.0284902
    outer loop
      vertex -40.9351 14.1239 -0.0862923
      vertex -40.9351 14.1365 -0.171754
      vertex -40.8202 13.5491 -0.142897
    endloop
  endfacet
  facet normal -0.772661 0.62794 -0.0932069
    outer loop
      vertex -39.8192 18.557 -0.350332
      vertex -39.4457 18.9519 -0.786087
      vertex -39.8192 18.5055 -0.69729
    endloop
  endfacet
  facet normal -0.470953 0.756617 0.453579
    outer loop
      vertex -37.5653 19.7835 2.55682
      vertex -38.0846 19.5387 2.42598
      vertex -37.5653 19.5098 3.01338
    endloop
  endfacet
  facet normal -0.881731 0.280973 0.378951
    outer loop
      vertex -40.1464 16.9569 2.38444
      vertex -40.4239 16.4252 2.13299
      vertex -40.1464 16.7137 2.56476
    endloop
  endfacet
  facet normal 0.470943 0.525545 0.70853
    outer loop
      vertex -31.9154 17.8592 4.27905
      vertex -31.9154 18.2648 3.9782
      vertex -32.4347 18.0134 4.50984
    endloop
  endfacet
  facet normal 0.290121 0.901032 0.322445
    outer loop
      vertex -32.9787 20.2192 2.16188
      vertex -32.9787 20.406 1.63989
      vertex -33.5421 20.3772 2.22729
    endloop
  endfacet
  facet normal -0.0978365 0.994002 -0.0488682
    outer loop
      vertex -35.8804 20.9351 0
      vertex -35.2944 20.9639 -0.587394
      vertex -35.8804 20.9065 -0.581737
    endloop
  endfacet
  facet normal -0.0979317 0.511649 -0.853595
    outer loop
      vertex -35.2944 18.3294 -4.98281
      vertex -35.2944 17.825 -5.28515
      vertex -35.8804 18.2973 -4.93482
    endloop
  endfacet
  facet normal -0.0978922 0.853557 -0.511721
    outer loop
      vertex -35.2944 20.2852 -2.82497
      vertex -35.8804 19.9348 -3.29734
      vertex -35.8804 20.2343 -2.79777
    endloop
  endfacet
  facet normal -0.706731 0.0347142 0.70663
    outer loop
      vertex -39.0294 15.4358 4.4243
      vertex -39.4457 15.3949 4.00995
      vertex -39.4457 15 4.02935
    endloop
  endfacet
  facet normal -0.879793 -0.381753 0.283245
    outer loop
      vertex -40.1464 12.6156 1.95686
      vertex -40.1464 12.4352 1.71372
      vertex -34.7416 0 1.74171
    endloop
  endfacet
  facet normal -0.24177 -0.0991558 0.965254
    outer loop
      vertex -36.4579 14.4295 5.79216
      vertex -30.7417 0 5.74164
      vertex -30.1705 0 5.88471
    endloop
  endfacet
  facet normal -0.772669 0.0931317 0.62794
    outer loop
      vertex -39.4457 15.7861 3.95193
      vertex -39.8192 15.3503 3.55698
      vertex -39.4457 15.3949 4.00995
    endloop
  endfacet
  facet normal -0.290002 -0.0469643 0.955873
    outer loop
      vertex -36.4579 15 5.82019
      vertex -37.0213 15 5.64926
      vertex -36.4579 14.4295 5.79216
    endloop
  endfacet
  facet normal -0.555511 -0.232764 0.798266
    outer loop
      vertex -38.0846 13.5061 4.92477
      vertex -38.5742 13.601 4.61173
      vertex -32.3334 0 4.98882
    endloop
  endfacet
  facet normal -0.881728 -0.349607 0.316751
    outer loop
      vertex -40.4239 13.186 1.81396
      vertex -40.4239 13.017 1.62743
      vertex -40.1464 12.6156 1.95686
    endloop
  endfacet
  facet normal -0.706542 -0.300927 -0.6405
    outer loop
      vertex -39.0294 13.2987 -4.1073
      vertex -33.2426 0 -4.24264
      vertex -33.6381 0 -3.80636
    endloop
  endfacet
  facet normal -0.810108 -0.349276 -0.470884
    outer loop
      vertex -39.8192 12.7326 -2.76289
      vertex -39.8192 13.0143 -2.97184
      vertex -34.2915 0 -2.82838
    endloop
  endfacet
  facet normal -0.923673 -0.307753 -0.228292
    outer loop
      vertex -40.6493 13.4375 -1.28232
      vertex -40.4239 13.017 -1.62743
      vertex -40.4239 12.867 -1.42522
    endloop
  endfacet
  facet normal 0.0490532 0.0220844 0.998552
    outer loop
      vertex -29 2 6
      vertex -28.4119 2 5.97111
      vertex -34.7056 15 5.99277
    endloop
  endfacet
  facet normal 0 0.000556154 1
    outer loop
      vertex -29 2 6
      vertex -34.7056 15 5.99277
      vertex -35.2944 15 5.99277
    endloop
  endfacet
  facet normal 0.0978681 0.335326 0.937005
    outer loop
      vertex -34.1196 16.7229 5.6795
      vertex -34.1196 17.2712 5.48328
      vertex -34.7056 16.7396 5.73473
    endloop
  endfacet
  facet normal 0.0979045 0.0457422 0.994144
    outer loop
      vertex -28.4119 2 5.97111
      vertex -34.1196 15 5.93506
      vertex -34.7056 15 5.99277
    endloop
  endfacet
  facet normal 0.881739 0.404638 0.242496
    outer loop
      vertex -29.8536 17.5648 1.71372
      vertex -29.5761 17.133 1.42522
      vertex -29.8536 17.7204 1.45408
    endloop
  endfacet
  facet normal -0.0979204 0.853569 0.511695
    outer loop
      vertex -35.2944 19.9828 3.32941
      vertex -35.2944 20.2852 2.82497
      vertex -35.8804 19.9348 3.29734
    endloop
  endfacet
  facet normal 0.289967 0.570098 0.768705
    outer loop
      vertex -32.9787 18.1386 4.69719
      vertex -32.9787 18.5839 4.36694
      vertex -33.5421 18.6923 4.49907
    endloop
  endfacet
  facet normal 0.0979058 0.425466 0.899663
    outer loop
      vertex -34.1196 17.2712 5.48328
      vertex -34.7056 17.825 5.28515
      vertex -34.7056 17.2933 5.5366
    endloop
  endfacet
  facet normal -0.759428 -0.325794 -0.56314
    outer loop
      vertex -39.4457 13.1006 -3.55357
      vertex -33.6381 0 -3.80636
      vertex -33.9888 0 -3.33342
    endloop
  endfacet
  facet normal -0.289995 0.0469565 -0.955875
    outer loop
      vertex -37.0213 15.5537 -5.62206
      vertex -36.4579 15.5705 -5.79216
      vertex -37.0213 15 -5.64926
    endloop
  endfacet
  facet normal 0.706739 0.363718 0.606819
    outer loop
      vertex -30.9706 17.0957 3.92076
      vertex -30.5543 16.8994 3.55357
      vertex -30.9706 17.4699 3.69647
    endloop
  endfacet
  facet normal 0.831072 0.373489 0.412098
    outer loop
      vertex -30.1808 17.2674 2.76289
      vertex -29.8536 16.9569 2.38444
      vertex -30.1808 17.5273 2.52734
    endloop
  endfacet
  facet normal 0.89751 0.379359 -0.224861
    outer loop
      vertex -23.1153 2 -1.17054
      vertex -23.2584 2 -1.74171
      vertex -29.5761 17.2624 -1.20929
    endloop
  endfacet
  facet normal 0.633876 0.573079 -0.519405
    outer loop
      vertex -30.9706 18.1436 -3.14359
      vertex -31.4258 18.4077 -3.40772
      vertex -31.4258 18.7253 -3.0573
    endloop
  endfacet
  facet normal 0.772691 0.470383 -0.426249
    outer loop
      vertex -30.1808 17.5273 -2.52734
      vertex -30.5543 17.8492 -2.84918
      vertex -30.5543 18.1147 -2.55619
    endloop
  endfacet
  facet normal 0.555148 0.82275 0.122035
    outer loop
      vertex -31.9154 20.0475 1.00401
      vertex -31.4258 19.796 0.472368
      vertex -31.9154 20.1216 0.504432
    endloop
  endfacet
  facet normal 0.289967 0.570098 -0.768705
    outer loop
      vertex -32.9787 18.5839 -4.36694
      vertex -32.9787 18.1386 -4.69719
      vertex -33.5421 18.6923 -4.49907
    endloop
  endfacet
  facet normal 0.470943 0.525545 -0.70853
    outer loop
      vertex -31.9154 17.8592 -4.27905
      vertex -32.4347 18.0134 -4.50984
      vertex -31.9154 18.2648 -3.9782
    endloop
  endfacet
  facet normal 0.194826 0.951436 -0.238353
    outer loop
      vertex -33.5421 20.5696 -1.68951
      vertex -34.1196 20.6795 -1.72286
      vertex -33.5421 20.7084 -1.13546
    endloop
  endfacet
  facet normal -0.47096 0.214357 -0.855715
    outer loop
      vertex -38.0846 16.4939 -4.92477
      vertex -37.5653 16.0582 -5.31972
      vertex -38.0846 16.004 -5.04749
    endloop
  endfacet
  facet normal -0.555079 0.122036 -0.822797
    outer loop
      vertex -38.0846 16.004 -5.04749
      vertex -38.0846 15.5044 -5.12159
      vertex -38.5742 15.4724 -4.79604
    endloop
  endfacet
  facet normal -0.841808 -0.364384 -0.398225
    outer loop
      vertex -40.1464 12.8188 -2.18115
      vertex -34.2915 0 -2.82838
      vertex -34.5433 0 -2.2961
    endloop
  endfacet
  facet normal -0.633901 -0.0379506 -0.772483
    outer loop
      vertex -39.0294 15 -4.44571
      vertex -38.5742 14.5276 -4.79604
      vertex -39.0294 14.5642 -4.4243
    endloop
  endfacet
  facet normal -0.706718 -0.171896 -0.686295
    outer loop
      vertex -39.4457 14.2139 -3.95193
      vertex -39.0294 14.1327 -4.36028
      vertex -39.4457 13.8303 -3.85585
    endloop
  endfacet
  facet normal -0.633899 -0.113497 -0.765043
    outer loop
      vertex -39.0294 14.5642 -4.4243
      vertex -38.5742 14.5276 -4.79604
      vertex -38.5742 14.0598 -4.72664
    endloop
  endfacet
  facet normal 0.805602 0.343316 -0.482845
    outer loop
      vertex -23.7085 2 -2.82838
      vertex -24.0112 2 -3.33342
      vertex -30.1808 16.9857 -2.97184
    endloop
  endfacet
  facet normal -0.633882 -0.260611 -0.7282
    outer loop
      vertex -39.0294 13.2987 -4.1073
      vertex -38.5742 13.601 -4.61173
      vertex -38.5742 13.1558 -4.4524
    endloop
  endfacet
  facet normal -0.831117 -0.237716 -0.502727
    outer loop
      vertex -40.1464 13.8196 -2.84981
      vertex -39.8192 13.6322 -3.30213
      vertex -40.1464 13.5459 -2.72039
    endloop
  endfacet
  facet normal -0.881737 -0.37885 -0.281091
    outer loop
      vertex -40.4239 12.867 -1.42522
      vertex -40.1464 12.6156 -1.95686
      vertex -40.1464 12.4352 -1.71372
    endloop
  endfacet
  facet normal -0.88173 0.0691954 0.466652
    outer loop
      vertex -40.1464 15.6018 3.02535
      vertex -40.4239 15.5005 2.51604
      vertex -40.1464 15.3023 3.06976
    endloop
  endfacet
  facet normal -0.471263 -0.195659 0.860017
    outer loop
      vertex -37.5653 13.9418 5.31972
      vertex -38.0846 13.996 5.04749
      vertex -31.8284 0 5.29153
    endloop
  endfacet
  facet normal -0.759428 -0.325794 0.56314
    outer loop
      vertex -39.4457 13.1006 3.55357
      vertex -33.9888 0 3.33342
      vertex -33.6381 0 3.80636
    endloop
  endfacet
  facet normal -0.912107 -0.397694 -0.099503
    outer loop
      vertex -40.4239 12.484 -0.500471
      vertex -40.4239 12.5451 -0.744676
      vertex -34.9711 0 -0.588102
    endloop
  endfacet
  facet normal -0.382562 -0.157428 -0.910419
    outer loop
      vertex -37.0213 13.8979 -5.54072
      vertex -31.2961 0 -5.54328
      vertex -37.5653 13.9418 -5.31972
    endloop
  endfacet
  facet normal -0.555067 0.280232 -0.78318
    outer loop
      vertex -38.0846 16.9694 -4.75463
      vertex -38.0846 16.4939 -4.92477
      vertex -38.5742 16.399 -4.61173
    endloop
  endfacet
  facet normal -0.290048 0.90108 -0.322377
    outer loop
      vertex -36.4579 20.5696 -1.68951
      vertex -36.4579 20.3772 -2.22729
      vertex -37.0213 20.406 -1.63989
    endloop
  endfacet
  facet normal -0.633913 0.62115 -0.46079
    outer loop
      vertex -38.5742 19.0071 -2.67743
      vertex -38.5742 18.7253 -3.0573
      vertex -39.0294 18.6965 -2.4699
    endloop
  endfacet
  facet normal -0.881725 -0.201666 -0.426488
    outer loop
      vertex -40.4239 14.0183 -2.37006
      vertex -40.1464 13.8196 -2.84981
      vertex -40.1464 13.5459 -2.72039
    endloop
  endfacet
  facet normal 0.0978751 0.799372 -0.592811
    outer loop
      vertex -34.1196 19.5879 -3.76516
      vertex -34.7056 19.6325 -3.80177
      vertex -34.7056 19.9828 -3.32941
    endloop
  endfacet
  facet normal -0.24177 -0.0991558 -0.965254
    outer loop
      vertex -36.4579 14.4295 -5.79216
      vertex -30.1705 0 -5.88471
      vertex -30.7417 0 -5.74164
    endloop
  endfacet
  facet normal -0.290233 -0.118299 -0.949616
    outer loop
      vertex -37.0213 14.4463 -5.62206
      vertex -36.4579 14.4295 -5.79216
      vertex -30.7417 0 -5.74164
    endloop
  endfacet
  facet normal -0.194901 0.330417 -0.923492
    outer loop
      vertex -36.4579 17.2273 -5.37715
      vertex -35.8804 16.7229 -5.6795
      vertex -36.4579 16.6895 -5.56957
    endloop
  endfacet
  facet normal -0.290002 0.0469643 -0.955873
    outer loop
      vertex -36.4579 15.5705 -5.79216
      vertex -36.4579 15 -5.82019
      vertex -37.0213 15 -5.64926
    endloop
  endfacet
  facet normal -0.289981 0.232556 -0.928347
    outer loop
      vertex -36.4579 16.6895 -5.56957
      vertex -36.4579 16.1355 -5.70835
      vertex -37.0213 16.6399 -5.40601
    endloop
  endfacet
  facet normal 0.0490532 0.0220844 -0.998552
    outer loop
      vertex -28.4119 2 -5.97111
      vertex -29 2 -6
      vertex -34.7056 15 -5.99277
    endloop
  endfacet
  facet normal 0.382289 0.474999 -0.79261
    outer loop
      vertex -32.4347 18.0134 -4.50984
      vertex -32.9787 17.663 -4.98221
      vertex -32.9787 18.1386 -4.69719
    endloop
  endfacet
  facet normal 0.29012 0.130811 -0.948008
    outer loop
      vertex -27.2583 2 -5.74164
      vertex -33.5421 15.5705 -5.79216
      vertex -32.9787 15.5537 -5.62206
    endloop
  endfacet
  facet normal 0.289982 0.409195 -0.865141
    outer loop
      vertex -32.9787 17.1619 -5.21924
      vertex -33.5421 17.2273 -5.37715
      vertex -33.5421 17.7436 -5.13295
    endloop
  endfacet
  facet normal 0.146423 0.0662311 -0.987002
    outer loop
      vertex -27.8295 2 -5.88471
      vertex -28.4119 2 -5.97111
      vertex -34.1196 15.5817 -5.90648
    endloop
  endfacet
  facet normal -0.831356 -0.35874 0.424444
    outer loop
      vertex -39.8192 12.7326 2.76289
      vertex -40.1464 13.0431 2.38444
      vertex -34.2915 0 2.82838
    endloop
  endfacet
  facet normal 0.194852 0.143918 -0.970217
    outer loop
      vertex -33.5421 15.5705 -5.79216
      vertex -34.1196 15.5817 -5.90648
      vertex -33.5421 16.1355 -5.70835
    endloop
  endfacet
  facet normal 0.241539 0.108254 0.964334
    outer loop
      vertex -27.8295 2 5.88471
      vertex -27.2583 2 5.74164
      vertex -33.5421 15.5705 5.79216
    endloop
  endfacet
  facet normal 0.644933 0.279117 -0.711446
    outer loop
      vertex -24.7574 2 -4.24264
      vertex -25.1936 2 -4.63806
      vertex -30.9706 16.7013 -4.1073
    endloop
  endfacet
  facet normal 0.555087 0.427656 -0.713435
    outer loop
      vertex -31.4258 17.2718 -4.25019
      vertex -31.9154 17.426 -4.53869
      vertex -31.4258 17.6774 -4.00706
    endloop
  endfacet
  facet normal -0.893518 -0.389245 -0.223861
    outer loop
      vertex -40.4239 12.7376 -1.20929
      vertex -34.7416 0 -1.74171
      vertex -34.8847 0 -1.17054
    endloop
  endfacet
  facet normal -0.980733 0.131197 0.144743
    outer loop
      vertex -40.8202 16.0309 1.03088
      vertex -40.9351 15.5585 0.680545
      vertex -40.8202 15.9249 1.12696
    endloop
  endfacet
  facet normal -0.382283 -0.135573 0.914046
    outer loop
      vertex -37.0213 14.4463 5.62206
      vertex -37.5653 14.4684 5.39782
      vertex -37.0213 13.8979 5.54072
    endloop
  endfacet
  facet normal -0.881732 0.316805 -0.349547
    outer loop
      vertex -40.1464 17.1812 -2.18115
      vertex -40.1464 16.9569 -2.38444
      vertex -40.4239 16.814 -1.81396
    endloop
  endfacet
  facet normal -0.923676 0.0562077 0.379029
    outer loop
      vertex -40.4239 15.5005 2.51604
      vertex -40.6493 15.3943 1.9825
      vertex -40.4239 15.2514 2.55298
    endloop
  endfacet
  facet normal -0.881728 0.349607 -0.316751
    outer loop
      vertex -40.4239 16.983 -1.62743
      vertex -40.1464 17.3844 -1.95686
      vertex -40.4239 16.814 -1.81396
    endloop
  endfacet
  facet normal -0.831102 0.539464 -0.135088
    outer loop
      vertex -39.8192 18.5055 -0.69729
      vertex -39.8192 18.4203 -1.03753
      vertex -40.1464 17.9518 -0.895416
    endloop
  endfacet
  facet normal -0.47096 0.214357 0.855715
    outer loop
      vertex -37.5653 16.0582 5.31972
      vertex -38.0846 16.4939 4.92477
      vertex -38.0846 16.004 5.04749
    endloop
  endfacet
  facet normal -0.633862 0.772515 -0.0379415
    outer loop
      vertex -38.5742 19.8192 0
      vertex -38.5742 19.796 -0.472368
      vertex -39.0294 19.4457 0
    endloop
  endfacet
  facet normal -0.289956 0.955889 0.0469167
    outer loop
      vertex -36.4579 20.8202 0
      vertex -37.0213 20.6493 0
      vertex -36.4579 20.7922 0.570477
    endloop
  endfacet
  facet normal -0.706724 0.475093 -0.524241
    outer loop
      vertex -39.0294 18.1436 -3.14359
      vertex -39.0294 17.8203 -3.43658
      vertex -39.4457 17.8492 -2.84918
    endloop
  endfacet
  facet normal -0.92367 0.197035 -0.328649
    outer loop
      vertex -40.6493 16.123 -1.68068
      vertex -40.4239 16.4252 -2.13299
      vertex -40.6493 15.9529 -1.78266
    endloop
  endfacet
  facet normal -0.633876 0.573079 -0.519405
    outer loop
      vertex -38.5742 18.7253 -3.0573
      vertex -38.5742 18.4077 -3.40772
      vertex -39.0294 18.1436 -3.14359
    endloop
  endfacet
  facet normal -0.706758 0.66609 -0.238364
    outer loop
      vertex -39.0294 19.2543 -1.29052
      vertex -39.0294 19.1073 -1.7013
      vertex -39.4457 18.7226 -1.54197
    endloop
  endfacet
  facet normal -0.0978603 0.937038 0.335237
    outer loop
      vertex -35.2944 20.5366 2.29333
      vertex -35.2944 20.7347 1.73961
      vertex -35.8804 20.4833 2.27125
    endloop
  endfacet
  facet normal -0.289992 0.955877 -0.0469545
    outer loop
      vertex -37.0213 20.6493 0
      vertex -36.4579 20.7922 -0.570477
      vertex -37.0213 20.6221 -0.553724
    endloop
  endfacet
  facet normal -0.555155 0.783097 -0.280289
    outer loop
      vertex -38.0846 19.9248 -1.49391
      vertex -38.0846 19.7546 -1.96943
      vertex -38.5742 19.6117 -1.39895
    endloop
  endfacet
  facet normal 0.290086 0.709099 0.642674
    outer loop
      vertex -32.9787 18.9946 3.99463
      vertex -32.9787 19.3669 3.58385
      vertex -33.5421 19.4991 3.69229
    endloop
  endfacet
  facet normal -0.0978365 0.994002 0.0488682
    outer loop
      vertex -35.2944 20.9639 0.587394
      vertex -35.8804 20.9351 0
      vertex -35.8804 20.9065 0.581737
    endloop
  endfacet
  facet normal -0.0978612 0.899681 0.425438
    outer loop
      vertex -35.2944 20.5366 2.29333
      vertex -35.8804 20.4833 2.27125
      vertex -35.2944 20.2852 2.82497
    endloop
  endfacet
  facet normal 0.194847 0.841315 0.504205
    outer loop
      vertex -33.5421 19.8393 3.23352
      vertex -33.5421 20.1329 2.74362
      vertex -34.1196 19.9348 3.29734
    endloop
  endfacet
  facet normal 0.0978759 0.737345 0.668388
    outer loop
      vertex -34.1196 19.1967 4.19672
      vertex -34.1196 19.5879 3.76516
      vertex -34.7056 19.6325 3.80177
    endloop
  endfacet
  facet normal -0.290121 0.901032 0.322445
    outer loop
      vertex -36.4579 20.3772 2.22729
      vertex -37.0213 20.406 1.63989
      vertex -37.0213 20.2192 2.16188
    endloop
  endfacet
  facet normal -0.382191 0.684708 -0.620568
    outer loop
      vertex -37.0213 19.3669 -3.58385
      vertex -37.0213 18.9946 -3.99463
      vertex -37.5653 19.1928 -3.44091
    endloop
  endfacet
  facet normal -0.382366 0.922898 -0.0453345
    outer loop
      vertex -37.0213 20.6493 0
      vertex -37.0213 20.6221 -0.553724
      vertex -37.5653 20.3978 -0.531638
    endloop
  endfacet
  facet normal -0.290032 0.642706 -0.709091
    outer loop
      vertex -36.4579 19.1155 -4.11549
      vertex -36.4579 18.6923 -4.49907
      vertex -37.0213 18.9946 -3.99463
    endloop
  endfacet
  facet normal -0.194879 0.584215 -0.787855
    outer loop
      vertex -35.8804 18.7652 -4.58786
      vertex -35.8804 18.2973 -4.93482
      vertex -36.4579 18.6923 -4.49907
    endloop
  endfacet
  facet normal -0.772643 -0.32641 0.544499
    outer loop
      vertex -39.8192 13.3151 3.15216
      vertex -39.8192 13.0143 2.97184
      vertex -39.4457 13.1006 3.55357
    endloop
  endfacet
  facet normal -0.708504 -0.301776 0.637929
    outer loop
      vertex -39.4457 13.458 3.72264
      vertex -39.4457 13.1006 3.55357
      vertex -33.6381 0 3.80636
    endloop
  endfacet
  facet normal -0.893518 -0.389245 0.223861
    outer loop
      vertex -40.4239 12.7376 1.20929
      vertex -34.8847 0 1.17054
      vertex -34.7416 0 1.74171
    endloop
  endfacet
  facet normal -0.923669 -0.307745 -0.228317
    outer loop
      vertex -40.6493 13.4375 -1.28232
      vertex -40.4239 12.867 -1.42522
      vertex -40.6493 13.3193 -1.123
    endloop
  endfacet
  facet normal -0.881725 -0.15894 -0.444184
    outer loop
      vertex -40.4239 14.0183 -2.37006
      vertex -40.1464 14.1046 -2.95179
      vertex -40.1464 13.8196 -2.84981
    endloop
  endfacet
  facet normal -0.0979141 0.146007 0.984426
    outer loop
      vertex -35.2944 15.5874 5.96392
      vertex -35.8804 16.1579 5.82102
      vertex -35.8804 15.5817 5.90648
    endloop
  endfacet
  facet normal -0.194893 0.238337 0.951426
    outer loop
      vertex -35.8804 16.7229 5.6795
      vertex -36.4579 16.6895 5.56957
      vertex -36.4579 16.1355 5.70835
    endloop
  endfacet
  facet normal -0.333687 -0.137329 0.932627
    outer loop
      vertex -37.0213 14.4463 5.62206
      vertex -31.2961 0 5.54328
      vertex -30.7417 0 5.74164
    endloop
  endfacet
  facet normal -0.577728 -0.24349 0.779066
    outer loop
      vertex -32.3334 0 4.98882
      vertex -38.5742 13.601 4.61173
      vertex -32.8064 0 4.63806
    endloop
  endfacet
  facet normal -0.706716 -0.238339 0.666143
    outer loop
      vertex -39.0294 13.7095 4.25428
      vertex -39.4457 13.458 3.72264
      vertex -39.0294 13.2987 4.1073
    endloop
  endfacet
  facet normal -0.146481 -0.0594998 -0.987423
    outer loop
      vertex -35.8804 14.4183 -5.90648
      vertex -29.6679 0.182899 -5.97029
      vertex -30.1705 0 -5.88471
    endloop
  endfacet
  facet normal -0.645955 -0.273829 0.712573
    outer loop
      vertex -32.8064 0 4.63806
      vertex -39.0294 13.2987 4.1073
      vertex -33.2426 0 4.24264
    endloop
  endfacet
  facet normal -0.7681 -0.329173 0.549242
    outer loop
      vertex -39.4457 12.7614 3.35028
      vertex -33.9888 0 3.33342
      vertex -39.4457 13.1006 3.55357
    endloop
  endfacet
  facet normal -0.00114875 0 0.999999
    outer loop
      vertex -29.4968 1.94425 5.99943
      vertex -35.2944 15 5.99277
      vertex -29.4968 1.18381 5.99943
    endloop
  endfacet
  facet normal -0.00118986 -1.82558e-05 0.999999
    outer loop
      vertex -29.4218 1.9859 5.99952
      vertex -35.2944 15 5.99277
      vertex -29.4968 1.94425 5.99943
    endloop
  endfacet
  facet normal -0.00113815 5.07918e-06 0.999999
    outer loop
      vertex -35.2944 15 5.99277
      vertex -29.4218 1.9859 5.99952
      vertex -29 2 6
    endloop
  endfacet
  facet normal -0 0.336909 0.941537
    outer loop
      vertex -35.2944 17.2933 5.5366
      vertex -34.7056 16.7396 5.73473
      vertex -34.7056 17.2933 5.5366
    endloop
  endfacet
  facet normal 0 0.336909 0.941537
    outer loop
      vertex -34.7056 16.7396 5.73473
      vertex -35.2944 17.2933 5.5366
      vertex -35.2944 16.7396 5.73473
    endloop
  endfacet
  facet normal 0.47108 0.208153 0.857179
    outer loop
      vertex -26.1716 2 5.29153
      vertex -31.9154 16.004 5.04749
      vertex -32.4347 16.0582 5.31972
    endloop
  endfacet
  facet normal 0.382287 0.224521 0.896352
    outer loop
      vertex -32.9787 16.1021 5.54072
      vertex -32.4347 16.5745 5.19038
      vertex -32.9787 16.6399 5.40601
    endloop
  endfacet
  facet normal 0.706793 0.304586 0.638491
    outer loop
      vertex -24.3619 2 3.80636
      vertex -30.5543 16.8994 3.55357
      vertex -30.9706 17.0957 3.92076
    endloop
  endfacet
  facet normal 0.0978848 0.737351 0.668381
    outer loop
      vertex -34.1196 19.1967 4.19672
      vertex -34.7056 19.6325 3.80177
      vertex -34.7056 19.2375 4.23753
    endloop
  endfacet
  facet normal 0.382333 0.620604 0.684596
    outer loop
      vertex -32.4347 18.4409 4.19276
      vertex -32.9787 18.9946 3.99463
      vertex -32.9787 18.5839 4.36694
    endloop
  endfacet
  facet normal 0.194893 0.238337 0.951426
    outer loop
      vertex -33.5421 16.1355 5.70835
      vertex -33.5421 16.6895 5.56957
      vertex -34.1196 16.7229 5.6795
    endloop
  endfacet
  facet normal 0.290032 0.642706 0.709091
    outer loop
      vertex -33.5421 18.6923 4.49907
      vertex -32.9787 18.9946 3.99463
      vertex -33.5421 19.1155 4.11549
    endloop
  endfacet
  facet normal 0.0978645 0.241793 0.96538
    outer loop
      vertex -34.1196 16.1579 5.82102
      vertex -34.7056 16.7396 5.73473
      vertex -34.7056 16.1691 5.87762
    endloop
  endfacet
  facet normal 0.097874 0.146047 0.984424
    outer loop
      vertex -34.7056 15.5874 5.96392
      vertex -34.1196 16.1579 5.82102
      vertex -34.7056 16.1691 5.87762
    endloop
  endfacet
  facet normal 0.55512 0.427603 0.71344
    outer loop
      vertex -31.9154 17.426 4.53869
      vertex -31.4258 17.6774 4.00706
      vertex -31.9154 17.8592 4.27905
    endloop
  endfacet
  facet normal 0.470951 0.214368 -0.855717
    outer loop
      vertex -31.9154 16.4939 -4.92477
      vertex -32.4347 16.0582 -5.31972
      vertex -32.4347 16.5745 -5.19038
    endloop
  endfacet
  facet normal 0.896967 0.379217 -0.227253
    outer loop
      vertex -29.5761 17.2624 -1.20929
      vertex -23.2584 2 -1.74171
      vertex -29.5761 17.133 -1.42522
    endloop
  endfacet
  facet normal 0.759579 0.325248 -0.563252
    outer loop
      vertex -24.0112 2 -3.33342
      vertex -24.3619 2 -3.80636
      vertex -30.5543 16.8994 -3.55357
    endloop
  endfacet
  facet normal -0.923672 -0.0562371 0.379035
    outer loop
      vertex -40.6493 14.8019 2.01161
      vertex -40.6493 14.6057 1.9825
      vertex -40.4239 14.7486 2.55298
    endloop
  endfacet
  facet normal 0.633923 0.51935 0.573077
    outer loop
      vertex -30.9706 17.8203 3.43658
      vertex -30.9706 18.1436 3.14359
      vertex -31.4258 18.0573 3.72533
    endloop
  endfacet
  facet normal 0.29012 0.130811 0.948008
    outer loop
      vertex -27.2583 2 5.74164
      vertex -32.9787 15.5537 5.62206
      vertex -33.5421 15.5705 5.79216
    endloop
  endfacet
  facet normal 0.0979366 0.592771 0.799394
    outer loop
      vertex -34.1196 18.2973 4.93482
      vertex -34.1196 18.7652 4.58786
      vertex -34.7056 18.3294 4.98281
    endloop
  endfacet
  facet normal 0.912464 0.385246 -0.137824
    outer loop
      vertex -29.5761 17.4549 -0.744676
      vertex -23.1153 2 -1.17054
      vertex -29.5761 17.3701 -0.981709
    endloop
  endfacet
  facet normal 0.905803 0.38298 0.181241
    outer loop
      vertex -23.1153 2 1.17054
      vertex -29.5761 17.3701 0.981709
      vertex -29.5761 17.2624 1.20929
    endloop
  endfacet
  facet normal -0.914938 -0.399213 -0.0593148
    outer loop
      vertex -40.4239 12.484 -0.500471
      vertex -34.9711 0 -0.588102
      vertex -40.4239 12.447 -0.251446
    endloop
  endfacet
  facet normal 0.843853 0.358549 -0.399193
    outer loop
      vertex -23.4567 2 -2.2961
      vertex -23.7085 2 -2.82838
      vertex -29.8536 16.9569 -2.38444
    endloop
  endfacet
  facet normal 0.555092 0.668041 -0.495575
    outer loop
      vertex -31.4258 19.0071 -2.67743
      vertex -31.4258 18.7253 -3.0573
      vertex -31.9154 19.2791 -2.85917
    endloop
  endfacet
  facet normal 0.772692 0.615787 0.154118
    outer loop
      vertex -30.1808 18.4203 1.03753
      vertex -30.5543 18.9519 0.786087
      vertex -30.5543 18.8559 1.16966
    endloop
  endfacet
  facet normal 0.77266 0.615806 -0.154205
    outer loop
      vertex -30.1808 18.5055 -0.69729
      vertex -30.1808 18.4203 -1.03753
      vertex -30.5543 18.9519 -0.786087
    endloop
  endfacet
  facet normal 0.555148 0.82275 -0.122035
    outer loop
      vertex -31.4258 19.796 -0.472368
      vertex -31.9154 20.0475 -1.00401
      vertex -31.9154 20.1216 -0.504432
    endloop
  endfacet
  facet normal 0.0978922 0.853557 -0.511721
    outer loop
      vertex -34.1196 20.2343 -2.79777
      vertex -34.1196 19.9348 -3.29734
      vertex -34.7056 20.2852 -2.82497
    endloop
  endfacet
  facet normal 0.0978934 0.425455 -0.899669
    outer loop
      vertex -34.1196 17.7978 -5.23425
      vertex -34.1196 17.2712 -5.48328
      vertex -34.7056 17.825 -5.28515
    endloop
  endfacet
  facet normal 0.0979201 0.799396 -0.592772
    outer loop
      vertex -34.1196 19.9348 -3.29734
      vertex -34.1196 19.5879 -3.76516
      vertex -34.7056 19.9828 -3.32941
    endloop
  endfacet
  facet normal -0.831103 0.0815801 -0.550103
    outer loop
      vertex -39.8192 15.6973 -3.50552
      vertex -39.8192 15.3503 -3.55698
      vertex -40.1464 15.3023 -3.06976
    endloop
  endfacet
  facet normal -0.77267 0.0311483 -0.634044
    outer loop
      vertex -39.4457 15.3949 -4.00995
      vertex -39.4457 15 -4.02935
      vertex -39.8192 15.3503 -3.55698
    endloop
  endfacet
  facet normal -0.841808 -0.364384 0.398225
    outer loop
      vertex -34.2915 0 2.82838
      vertex -40.1464 12.8188 2.18115
      vertex -34.5433 0 2.2961
    endloop
  endfacet
  facet normal -0.923665 0.379039 -0.0563174
    outer loop
      vertex -40.4239 17.553 -0.251446
      vertex -40.4239 17.516 -0.500471
      vertex -40.6493 16.9825 -0.394343
    endloop
  endfacet
  facet normal -0.555511 -0.232764 -0.798266
    outer loop
      vertex -38.0846 13.5061 -4.92477
      vertex -32.3334 0 -4.98882
      vertex -38.5742 13.601 -4.61173
    endloop
  endfacet
  facet normal -0.633921 -0.26054 -0.728192
    outer loop
      vertex -39.0294 13.7095 -4.25428
      vertex -38.5742 13.601 -4.61173
      vertex -39.0294 13.2987 -4.1073
    endloop
  endfacet
  facet normal -0.555079 -0.122036 -0.822797
    outer loop
      vertex -38.5742 14.5276 -4.79604
      vertex -38.0846 14.4956 -5.12159
      vertex -38.0846 13.996 -5.04749
    endloop
  endfacet
  facet normal -0.470947 -0.129425 -0.872615
    outer loop
      vertex -38.0846 14.4956 -5.12159
      vertex -37.5653 14.4684 -5.39782
      vertex -38.0846 13.996 -5.04749
    endloop
  endfacet
  facet normal -0.706753 -0.301006 -0.640231
    outer loop
      vertex -39.4457 13.458 -3.72264
      vertex -39.0294 13.2987 -4.1073
      vertex -33.6381 0 -3.80636
    endloop
  endfacet
  facet normal -0.708504 -0.301776 -0.637929
    outer loop
      vertex -39.4457 13.458 -3.72264
      vertex -33.6381 0 -3.80636
      vertex -39.4457 13.1006 -3.55357
    endloop
  endfacet
  facet normal -0.7681 -0.329173 -0.549242
    outer loop
      vertex -39.4457 12.7614 -3.35028
      vertex -39.4457 13.1006 -3.55357
      vertex -33.9888 0 -3.33342
    endloop
  endfacet
  facet normal -0.956859 -0.149401 -0.249198
    outer loop
      vertex -40.8202 14.3128 -1.28574
      vertex -40.6493 14.0471 -1.78266
      vertex -40.6493 13.877 -1.68068
    endloop
  endfacet
  facet normal -0.879793 -0.381753 -0.283245
    outer loop
      vertex -40.1464 12.4352 -1.71372
      vertex -40.1464 12.6156 -1.95686
      vertex -34.7416 0 -1.74171
    endloop
  endfacet
  facet normal -0.881856 -0.382667 -0.275492
    outer loop
      vertex -40.1464 12.4352 -1.71372
      vertex -34.7416 0 -1.74171
      vertex -40.4239 12.867 -1.42522
    endloop
  endfacet
  facet normal -0.810108 -0.349276 0.470884
    outer loop
      vertex -39.8192 13.0143 2.97184
      vertex -39.8192 12.7326 2.76289
      vertex -34.2915 0 2.82838
    endloop
  endfacet
  facet normal 0.772673 0.378154 0.509878
    outer loop
      vertex -30.5543 17.2386 3.35028
      vertex -30.1808 16.9857 2.97184
      vertex -30.5543 17.5562 3.11473
    endloop
  endfacet
  facet normal 0.644933 0.279117 0.711446
    outer loop
      vertex -24.7574 2 4.24264
      vertex -30.9706 16.7013 4.1073
      vertex -25.1936 2 4.63806
    endloop
  endfacet
  facet normal -0.195055 -0.0787212 -0.977628
    outer loop
      vertex -36.4579 14.4295 -5.79216
      vertex -35.8804 14.4183 -5.90648
      vertex -30.1705 0 -5.88471
    endloop
  endfacet
  facet normal -0.0490548 -0.0201032 -0.998594
    outer loop
      vertex -35.2944 15 -5.99277
      vertex -29.4968 1.18381 -5.99943
      vertex -29.6615 0.19286 -5.97139
    endloop
  endfacet
  facet normal -0.382253 0.620556 -0.684685
    outer loop
      vertex -37.0213 18.9946 -3.99463
      vertex -37.5653 18.4409 -4.19276
      vertex -37.5653 18.8353 -3.8353
    endloop
  endfacet
  facet normal -0.290036 0.709074 -0.642724
    outer loop
      vertex -36.4579 19.4991 -3.69229
      vertex -36.4579 19.1155 -4.11549
      vertex -37.0213 18.9946 -3.99463
    endloop
  endfacet
  facet normal -0.772688 0.378173 -0.509841
    outer loop
      vertex -39.8192 17.2674 -2.76289
      vertex -39.4457 17.5562 -3.11473
      vertex -39.8192 16.9857 -2.97184
    endloop
  endfacet
  facet normal -0.470945 0.453509 -0.756664
    outer loop
      vertex -37.5653 18.0134 -4.50984
      vertex -38.0846 17.426 -4.53869
      vertex -38.0846 17.8592 -4.27905
    endloop
  endfacet
  facet normal -0.831101 -0.187319 -0.523625
    outer loop
      vertex -40.1464 14.1046 -2.95179
      vertex -39.8192 13.9625 -3.42029
      vertex -39.8192 13.6322 -3.30213
    endloop
  endfacet
  facet normal -0.881723 0.158951 -0.444185
    outer loop
      vertex -40.4239 15.9817 -2.37006
      vertex -40.1464 15.8954 -2.95179
      vertex -40.4239 15.7447 -2.45487
    endloop
  endfacet
  facet normal 0.29001 0.409219 -0.865121
    outer loop
      vertex -32.9787 17.663 -4.98221
      vertex -32.9787 17.1619 -5.21924
      vertex -33.5421 17.7436 -5.13295
    endloop
  endfacet
  facet normal -0.0979141 0.146007 -0.984426
    outer loop
      vertex -35.8804 16.1579 -5.82102
      vertex -35.2944 15.5874 -5.96392
      vertex -35.8804 15.5817 -5.90648
    endloop
  endfacet
  facet normal -0.194862 0.048132 -0.979649
    outer loop
      vertex -35.8804 15.5817 -5.90648
      vertex -35.8804 15 -5.93506
      vertex -36.4579 15.5705 -5.79216
    endloop
  endfacet
  facet normal -0.382265 0.224549 -0.896355
    outer loop
      vertex -37.5653 16.5745 -5.19038
      vertex -37.0213 16.1021 -5.54072
      vertex -37.5653 16.0582 -5.31972
    endloop
  endfacet
  facet normal -0.333687 -0.137329 -0.932627
    outer loop
      vertex -37.0213 14.4463 -5.62206
      vertex -30.7417 0 -5.74164
      vertex -31.2961 0 -5.54328
    endloop
  endfacet
  facet normal -0.382287 0.0453306 -0.922931
    outer loop
      vertex -37.5653 15.5316 -5.39782
      vertex -37.0213 15 -5.64926
      vertex -37.5653 15 -5.42393
    endloop
  endfacet
  facet normal -0.29001 0.409219 -0.865121
    outer loop
      vertex -36.4579 17.7436 -5.13295
      vertex -37.0213 17.1619 -5.21924
      vertex -37.0213 17.663 -4.98221
    endloop
  endfacet
  facet normal 0.0978896 0.668382 -0.737349
    outer loop
      vertex -34.1196 18.7652 -4.58786
      vertex -34.7056 18.8018 -4.63248
      vertex -34.1196 19.1967 -4.19672
    endloop
  endfacet
  facet normal -0.290002 0.140412 -0.946669
    outer loop
      vertex -37.0213 16.1021 -5.54072
      vertex -36.4579 15.5705 -5.79216
      vertex -37.0213 15.5537 -5.62206
    endloop
  endfacet
  facet normal -0.470929 0.2972 -0.830601
    outer loop
      vertex -38.0846 16.9694 -4.75463
      vertex -37.5653 17.0756 -5.01106
      vertex -38.0846 16.4939 -4.92477
    endloop
  endfacet
  facet normal -0.0979071 0.0488369 -0.993997
    outer loop
      vertex -35.8804 15.5817 -5.90648
      vertex -35.2944 15.5874 -5.96392
      vertex -35.8804 15 -5.93506
    endloop
  endfacet
  facet normal 0.0978645 0.241793 -0.96538
    outer loop
      vertex -34.1196 16.1579 -5.82102
      vertex -34.7056 16.1691 -5.87762
      vertex -34.7056 16.7396 -5.73473
    endloop
  endfacet
  facet normal 0.555071 0.495543 -0.668081
    outer loop
      vertex -31.4258 18.0573 -3.72533
      vertex -31.9154 17.8592 -4.27905
      vertex -31.9154 18.2648 -3.9782
    endloop
  endfacet
  facet normal 0.097873 0.993997 -0.048905
    outer loop
      vertex -34.1196 20.9351 0
      vertex -34.7056 20.9639 -0.587394
      vertex -34.7056 20.9928 0
    endloop
  endfacet
  facet normal 0.47096 0.214357 -0.855715
    outer loop
      vertex -31.9154 16.004 -5.04749
      vertex -32.4347 16.0582 -5.31972
      vertex -31.9154 16.4939 -4.92477
    endloop
  endfacet
  facet normal 0.576589 0.250982 -0.77753
    outer loop
      vertex -25.1936 2 -4.63806
      vertex -25.6666 2 -4.98882
      vertex -31.4258 16.399 -4.61173
    endloop
  endfacet
  facet normal 0.0979071 0.0488369 -0.993997
    outer loop
      vertex -34.1196 15 -5.93506
      vertex -34.7056 15.5874 -5.96392
      vertex -34.1196 15.5817 -5.90648
    endloop
  endfacet
  facet normal 0.0979045 0.0457422 -0.994144
    outer loop
      vertex -28.4119 2 -5.97111
      vertex -34.7056 15 -5.99277
      vertex -34.1196 15 -5.93506
    endloop
  endfacet
  facet normal -0.097874 0.146047 -0.984424
    outer loop
      vertex -35.2944 16.1691 -5.87762
      vertex -35.2944 15.5874 -5.96392
      vertex -35.8804 16.1579 -5.82102
    endloop
  endfacet
  facet normal -0.804442 -0.346994 0.482149
    outer loop
      vertex -39.8192 13.0143 2.97184
      vertex -34.2915 0 2.82838
      vertex -33.9888 0 3.33342
    endloop
  endfacet
  facet normal -0.831105 -0.285932 0.476977
    outer loop
      vertex -39.8192 13.3151 3.15216
      vertex -40.1464 13.5459 2.72039
      vertex -39.8192 13.0143 2.97184
    endloop
  endfacet
  facet normal -0.555096 0.202118 0.806856
    outer loop
      vertex -38.0846 16.4939 4.92477
      vertex -38.5742 15.9402 4.72664
      vertex -38.0846 16.004 5.04749
    endloop
  endfacet
  facet normal -0.923679 0.163762 0.346409
    outer loop
      vertex -40.4239 15.9817 2.37006
      vertex -40.6493 15.9529 1.78266
      vertex -40.6493 15.7735 1.86747
    endloop
  endfacet
  facet normal -0.0979317 0.511649 0.853595
    outer loop
      vertex -35.2944 18.3294 4.98281
      vertex -35.8804 18.2973 4.93482
      vertex -35.2944 17.825 5.28515
    endloop
  endfacet
  facet normal -0.194852 0.143918 0.970217
    outer loop
      vertex -35.8804 15.5817 5.90648
      vertex -36.4579 16.1355 5.70835
      vertex -36.4579 15.5705 5.79216
    endloop
  endfacet
  facet normal -0.555093 0.713481 0.427571
    outer loop
      vertex -38.0846 19.2791 2.85917
      vertex -38.0846 19.5387 2.42598
      vertex -38.5742 19.0071 2.67743
    endloop
  endfacet
  facet normal -0.980735 -0.144727 0.131198
    outer loop
      vertex -40.8202 13.9691 1.03088
      vertex -40.9351 14.3195 0.558509
      vertex -40.8202 13.873 0.92487
    endloop
  endfacet
  facet normal -0.980735 -0.156917 -0.116341
    outer loop
      vertex -40.9351 14.3195 -0.558509
      vertex -40.8202 13.873 -0.92487
      vertex -40.8202 13.7878 -0.809955
    endloop
  endfacet
  facet normal -0.92368 -0.257304 -0.283919
    outer loop
      vertex -40.6493 13.7177 -1.56252
      vertex -40.4239 13.186 -1.81396
      vertex -40.6493 13.5707 -1.4293
    endloop
  endfacet
  facet normal -0.923673 0.0931069 0.371697
    outer loop
      vertex -40.4239 15.7447 2.45487
      vertex -40.6493 15.5868 1.9343
      vertex -40.4239 15.5005 2.51604
    endloop
  endfacet
  facet normal -0.956859 0.149401 -0.249198
    outer loop
      vertex -40.6493 16.123 -1.68068
      vertex -40.6493 15.9529 -1.78266
      vertex -40.8202 15.6872 -1.28574
    endloop
  endfacet
  facet normal -0.772662 0.573906 -0.271339
    outer loop
      vertex -39.4457 18.7226 -1.54197
      vertex -39.4457 18.5536 -1.89942
      vertex -39.8192 18.3021 -1.36779
    endloop
  endfacet
  facet normal -0.956858 -0.124181 -0.262682
    outer loop
      vertex -40.8202 14.3128 -1.28574
      vertex -40.6493 14.2265 -1.86747
      vertex -40.6493 14.0471 -1.78266
    endloop
  endfacet
  facet normal -0.633908 0.397616 -0.663372
    outer loop
      vertex -39.0294 17.4699 -3.69647
      vertex -38.5742 17.2718 -4.25019
      vertex -39.0294 17.0957 -3.92076
    endloop
  endfacet
  facet normal -0.772669 -0.0311502 -0.634045
    outer loop
      vertex -39.8192 15 -3.57419
      vertex -39.4457 15 -4.02935
      vertex -39.8192 14.6497 -3.55698
    endloop
  endfacet
  facet normal -0.995174 0.0788293 0.0584273
    outer loop
      vertex -40.9351 15.6805 0.558509
      vertex -40.9928 15.2448 0.163563
      vertex -40.9928 15.2276 0.186769
    endloop
  endfacet
  facet normal -0.980731 0.100394 -0.167596
    outer loop
      vertex -40.8202 15.81 -1.21218
      vertex -40.8202 15.6872 -1.28574
      vertex -40.9351 15.415 -0.776428
    endloop
  endfacet
  facet normal -0.772697 0.634012 -0.0311276
    outer loop
      vertex -39.4457 19.0294 0
      vertex -39.8192 18.557 -0.350332
      vertex -39.8192 18.5742 0
    endloop
  endfacet
  facet normal -0.633861 0.765074 -0.113497
    outer loop
      vertex -38.5742 19.796 -0.472368
      vertex -38.5742 19.7266 -0.940187
      vertex -39.0294 19.4243 -0.435755
    endloop
  endfacet
  facet normal -0.470905 0.872636 0.12944
    outer loop
      vertex -37.5653 20.3197 1.05816
      vertex -37.5653 20.3978 0.531638
      vertex -38.0846 20.0475 1.00401
    endloop
  endfacet
  facet normal -0.706768 0.686278 -0.17176
    outer loop
      vertex -39.0294 19.3603 -0.867314
      vertex -39.4457 18.8559 -1.16966
      vertex -39.4457 18.9519 -0.786087
    endloop
  endfacet
  facet normal -0.555078 0.558626 -0.616299
    outer loop
      vertex -38.0846 18.639 -3.63903
      vertex -38.5742 18.0573 -3.72533
      vertex -38.5742 18.4077 -3.40772
    endloop
  endfacet
  facet normal -0.555109 0.616277 -0.55862
    outer loop
      vertex -38.0846 18.9782 -3.26482
      vertex -38.0846 18.639 -3.63903
      vertex -38.5742 18.7253 -3.0573
    endloop
  endfacet
  facet normal -0.923662 0.328705 -0.196982
    outer loop
      vertex -40.4239 17.2624 -1.20929
      vertex -40.4239 17.133 -1.42522
      vertex -40.6493 16.7827 -0.952852
    endloop
  endfacet
  facet normal -0.88173 0.46663 -0.0693478
    outer loop
      vertex -40.1464 18.0698 -0.302345
      vertex -40.1464 18.0253 -0.601778
      vertex -40.4239 17.516 -0.500471
    endloop
  endfacet
  facet normal -0.289992 0.955877 0.0469545
    outer loop
      vertex -36.4579 20.7922 0.570477
      vertex -37.0213 20.6493 0
      vertex -37.0213 20.6221 0.553724
    endloop
  endfacet
  facet normal -0.0978366 0.984421 -0.146091
    outer loop
      vertex -35.2944 20.9639 -0.587394
      vertex -35.8804 20.821 -1.15787
      vertex -35.8804 20.9065 -0.581737
    endloop
  endfacet
  facet normal -0.470909 0.872635 0.129434
    outer loop
      vertex -37.5653 20.3978 0.531638
      vertex -38.0846 20.1216 0.504432
      vertex -38.0846 20.0475 1.00401
    endloop
  endfacet
  facet normal -0.097873 0.993997 0.048905
    outer loop
      vertex -35.2944 20.9928 0
      vertex -35.8804 20.9351 0
      vertex -35.2944 20.9639 0.587394
    endloop
  endfacet
  facet normal 0.0978612 0.899681 0.425438
    outer loop
      vertex -34.7056 20.2852 2.82497
      vertex -34.1196 20.4833 2.27125
      vertex -34.7056 20.5366 2.29333
    endloop
  endfacet
  facet normal 0.0978935 0.899664 0.425466
    outer loop
      vertex -34.1196 20.2343 2.79777
      vertex -34.1196 20.4833 2.27125
      vertex -34.7056 20.2852 2.82497
    endloop
  endfacet
  facet normal -0.194834 0.970222 0.143906
    outer loop
      vertex -35.8804 20.9065 0.581737
      vertex -36.4579 20.7922 0.570477
      vertex -36.4579 20.7084 1.13546
    endloop
  endfacet
  facet normal -0.633923 0.51935 0.573077
    outer loop
      vertex -38.5742 18.0573 3.72533
      vertex -39.0294 18.1436 3.14359
      vertex -39.0294 17.8203 3.43658
    endloop
  endfacet
  facet normal -0.382181 0.870054 0.311358
    outer loop
      vertex -37.0213 20.2192 2.16188
      vertex -37.0213 20.406 1.63989
      vertex -37.5653 20.0111 2.07565
    endloop
  endfacet
  facet normal 0.194834 0.979653 -0.0481628
    outer loop
      vertex -33.5421 20.7922 -0.570477
      vertex -34.1196 20.9065 -0.581737
      vertex -34.1196 20.9351 0
    endloop
  endfacet
  facet normal 0.0978922 0.853557 0.511721
    outer loop
      vertex -34.1196 19.9348 3.29734
      vertex -34.1196 20.2343 2.79777
      vertex -34.7056 20.2852 2.82497
    endloop
  endfacet
  facet normal 0 0.857691 0.514166
    outer loop
      vertex -34.7056 20.2852 2.82497
      vertex -35.2944 19.9828 3.32941
      vertex -34.7056 19.9828 3.32941
    endloop
  endfacet
  facet normal 0 0.857691 0.514166
    outer loop
      vertex -35.2944 19.9828 3.32941
      vertex -34.7056 20.2852 2.82497
      vertex -35.2944 20.2852 2.82497
    endloop
  endfacet
  facet normal 0.289939 0.865179 0.409146
    outer loop
      vertex -32.9787 19.9822 2.66304
      vertex -32.9787 20.2192 2.16188
      vertex -33.5421 20.1329 2.74362
    endloop
  endfacet
  facet normal 0.0978603 0.937038 -0.335237
    outer loop
      vertex -34.1196 20.4833 -2.27125
      vertex -34.7056 20.5366 -2.29333
      vertex -34.7056 20.7347 -1.73961
    endloop
  endfacet
  facet normal 0.0979204 0.853569 -0.511695
    outer loop
      vertex -34.1196 19.9348 -3.29734
      vertex -34.7056 19.9828 -3.32941
      vertex -34.7056 20.2852 -2.82497
    endloop
  endfacet
  facet normal 0.290048 0.90108 -0.322377
    outer loop
      vertex -32.9787 20.406 -1.63989
      vertex -33.5421 20.3772 -2.22729
      vertex -33.5421 20.5696 -1.68951
    endloop
  endfacet
  facet normal 0.470927 0.855747 -0.214301
    outer loop
      vertex -31.9154 19.9248 -1.49391
      vertex -32.4347 20.1904 -1.57448
      vertex -32.4347 20.3197 -1.05816
    endloop
  endfacet
  facet normal -0.0979204 0.853569 -0.511695
    outer loop
      vertex -35.2944 20.2852 -2.82497
      vertex -35.2944 19.9828 -3.32941
      vertex -35.8804 19.9348 -3.29734
    endloop
  endfacet
  facet normal 0.194828 0.923513 -0.330403
    outer loop
      vertex -33.5421 20.5696 -1.68951
      vertex -33.5421 20.3772 -2.22729
      vertex -34.1196 20.6795 -1.72286
    endloop
  endfacet
  facet normal -0.289968 0.820889 -0.491995
    outer loop
      vertex -37.0213 19.9822 -2.66304
      vertex -36.4579 19.8393 -3.23352
      vertex -37.0213 19.6972 -3.13856
    endloop
  endfacet
  facet normal -0.633876 0.663391 -0.397634
    outer loop
      vertex -38.5742 19.2502 -2.27178
      vertex -39.0294 18.6965 -2.4699
      vertex -39.0294 18.9208 -2.09569
    endloop
  endfacet
  facet normal 0 0.941557 -0.336853
    outer loop
      vertex -34.7056 20.5366 -2.29333
      vertex -35.2944 20.7347 -1.73961
      vertex -34.7056 20.7347 -1.73961
    endloop
  endfacet
  facet normal 0 0.941557 -0.336853
    outer loop
      vertex -35.2944 20.7347 -1.73961
      vertex -34.7056 20.5366 -2.29333
      vertex -35.2944 20.5366 -2.29333
    endloop
  endfacet
  facet normal -0.194863 0.787858 -0.584216
    outer loop
      vertex -35.8804 19.9348 -3.29734
      vertex -35.8804 19.5879 -3.76516
      vertex -36.4579 19.4991 -3.69229
    endloop
  endfacet
  facet normal -0.0978751 0.799372 -0.592811
    outer loop
      vertex -35.2944 19.9828 -3.32941
      vertex -35.2944 19.6325 -3.80177
      vertex -35.8804 19.5879 -3.76516
    endloop
  endfacet
  facet normal -0.194884 0.658696 -0.726732
    outer loop
      vertex -36.4579 19.1155 -4.11549
      vertex -35.8804 18.7652 -4.58786
      vertex -36.4579 18.6923 -4.49907
    endloop
  endfacet
  facet normal -0.881724 -0.114631 0.457626
    outer loop
      vertex -40.4239 14.4995 2.51604
      vertex -40.4239 14.2553 2.45487
      vertex -40.1464 14.1046 2.95179
    endloop
  endfacet
  facet normal -0.923673 -0.307753 0.228292
    outer loop
      vertex -40.4239 13.017 1.62743
      vertex -40.6493 13.4375 1.28232
      vertex -40.4239 12.867 1.42522
    endloop
  endfacet
  facet normal 0.867839 0.368207 -0.333585
    outer loop
      vertex -29.8536 17.3844 -1.95686
      vertex -23.4567 2 -2.2961
      vertex -29.8536 17.1812 -2.18115
    endloop
  endfacet
  facet normal -0.19487 0.143899 0.970216
    outer loop
      vertex -35.8804 16.1579 5.82102
      vertex -36.4579 16.1355 5.70835
      vertex -35.8804 15.5817 5.90648
    endloop
  endfacet
  facet normal -0.706717 0.171898 0.686296
    outer loop
      vertex -39.0294 16.2905 4.25428
      vertex -39.4457 16.1697 3.85585
      vertex -39.0294 15.8673 4.36028
    endloop
  endfacet
  facet normal -0.0979071 0.0488369 0.993997
    outer loop
      vertex -35.2944 15.5874 5.96392
      vertex -35.8804 15.5817 5.90648
      vertex -35.8804 15 5.93506
    endloop
  endfacet
  facet normal -0.289995 0.0469565 0.955875
    outer loop
      vertex -36.4579 15.5705 5.79216
      vertex -37.0213 15.5537 5.62206
      vertex -37.0213 15 5.64926
    endloop
  endfacet
  facet normal -0.382283 0.135573 0.914046
    outer loop
      vertex -37.0213 16.1021 5.54072
      vertex -37.5653 15.5316 5.39782
      vertex -37.0213 15.5537 5.62206
    endloop
  endfacet
  facet normal -0.0979366 0.592771 0.799394
    outer loop
      vertex -35.2944 18.3294 4.98281
      vertex -35.8804 18.7652 4.58786
      vertex -35.8804 18.2973 4.93482
    endloop
  endfacet
  facet normal -0.624156 -0.263263 0.73561
    outer loop
      vertex -38.5742 13.601 4.61173
      vertex -38.5742 13.1558 4.4524
      vertex -32.8064 0 4.63806
    endloop
  endfacet
  facet normal -0.706753 -0.301006 0.640231
    outer loop
      vertex -39.0294 13.2987 4.1073
      vertex -39.4457 13.458 3.72264
      vertex -33.6381 0 3.80636
    endloop
  endfacet
  facet normal -0.624156 -0.263263 -0.73561
    outer loop
      vertex -38.5742 13.601 -4.61173
      vertex -32.8064 0 -4.63806
      vertex -38.5742 13.1558 -4.4524
    endloop
  endfacet
  facet normal -0.577728 -0.24349 -0.779066
    outer loop
      vertex -38.5742 13.601 -4.61173
      vertex -32.3334 0 -4.98882
      vertex -32.8064 0 -4.63806
    endloop
  endfacet
  facet normal -0.831101 -0.187319 0.523625
    outer loop
      vertex -39.8192 13.9625 3.42029
      vertex -40.1464 14.1046 2.95179
      vertex -39.8192 13.6322 3.30213
    endloop
  endfacet
  facet normal -0.772647 -0.271417 0.573889
    outer loop
      vertex -39.8192 13.6322 3.30213
      vertex -39.8192 13.3151 3.15216
      vertex -39.4457 13.1006 3.55357
    endloop
  endfacet
  facet normal -0.772671 -0.326334 0.544505
    outer loop
      vertex -39.4457 13.1006 3.55357
      vertex -39.8192 13.0143 2.97184
      vertex -39.4457 12.7614 3.35028
    endloop
  endfacet
  facet normal -0.772797 -0.331171 0.541398
    outer loop
      vertex -39.4457 12.7614 3.35028
      vertex -39.8192 13.0143 2.97184
      vertex -33.9888 0 3.33342
    endloop
  endfacet
  facet normal 0.104879 0.048802 0.993287
    outer loop
      vertex -28.4119 2 5.97111
      vertex -34.1196 15.5817 5.90648
      vertex -34.1196 15 5.93506
    endloop
  endfacet
  facet normal 0.0979071 0.0488369 0.993997
    outer loop
      vertex -34.1196 15 5.93506
      vertex -34.1196 15.5817 5.90648
      vertex -34.7056 15.5874 5.96392
    endloop
  endfacet
  facet normal 0.0978769 0.241805 0.965376
    outer loop
      vertex -34.1196 16.1579 5.82102
      vertex -34.1196 16.7229 5.6795
      vertex -34.7056 16.7396 5.73473
    endloop
  endfacet
  facet normal -0 0.146752 0.989173
    outer loop
      vertex -35.2944 16.1691 5.87762
      vertex -34.7056 15.5874 5.96392
      vertex -34.7056 16.1691 5.87762
    endloop
  endfacet
  facet normal 0 0.146752 0.989173
    outer loop
      vertex -34.7056 15.5874 5.96392
      vertex -35.2944 16.1691 5.87762
      vertex -35.2944 15.5874 5.96392
    endloop
  endfacet
  facet normal 0.576589 0.250982 0.77753
    outer loop
      vertex -25.1936 2 4.63806
      vertex -31.4258 16.399 4.61173
      vertex -25.6666 2 4.98882
    endloop
  endfacet
  facet normal 0.195078 0.088781 0.976761
    outer loop
      vertex -27.8295 2 5.88471
      vertex -33.5421 15.5705 5.79216
      vertex -34.1196 15.5817 5.90648
    endloop
  endfacet
  facet normal 0.146423 0.0662311 0.987002
    outer loop
      vertex -28.4119 2 5.97111
      vertex -27.8295 2 5.88471
      vertex -34.1196 15.5817 5.90648
    endloop
  endfacet
  facet normal 0.289971 0.768736 0.570054
    outer loop
      vertex -33.5421 19.4991 3.69229
      vertex -32.9787 19.6972 3.13856
      vertex -33.5421 19.8393 3.23352
    endloop
  endfacet
  facet normal 0.310761 0.139453 0.940202
    outer loop
      vertex -27.2583 2 5.74164
      vertex -32.9787 16.1021 5.54072
      vertex -32.9787 15.5537 5.62206
    endloop
  endfacet
  facet normal -0 0.42752 0.904006
    outer loop
      vertex -35.2944 17.825 5.28515
      vertex -34.7056 17.2933 5.5366
      vertex -34.7056 17.825 5.28515
    endloop
  endfacet
  facet normal 0 0.42752 0.904006
    outer loop
      vertex -34.7056 17.2933 5.5366
      vertex -35.2944 17.825 5.28515
      vertex -35.2944 17.2933 5.5366
    endloop
  endfacet
  facet normal 0.194887 0.419311 0.886678
    outer loop
      vertex -34.1196 17.2712 5.48328
      vertex -33.5421 17.7436 5.13295
      vertex -34.1196 17.7978 5.23425
    endloop
  endfacet
  facet normal 0.194884 0.658696 0.726732
    outer loop
      vertex -33.5421 18.6923 4.49907
      vertex -33.5421 19.1155 4.11549
      vertex -34.1196 18.7652 4.58786
    endloop
  endfacet
  facet normal 0.19484 0.658736 0.726708
    outer loop
      vertex -34.1196 18.7652 4.58786
      vertex -33.5421 19.1155 4.11549
      vertex -34.1196 19.1967 4.19672
    endloop
  endfacet
  facet normal -0.194901 0.330417 0.923492
    outer loop
      vertex -35.8804 16.7229 5.6795
      vertex -36.4579 17.2273 5.37715
      vertex -36.4579 16.6895 5.56957
    endloop
  endfacet
  facet normal -0.194835 0.330486 0.923482
    outer loop
      vertex -35.8804 17.2712 5.48328
      vertex -36.4579 17.2273 5.37715
      vertex -35.8804 16.7229 5.6795
    endloop
  endfacet
  facet normal -0.908137 -0.396408 -0.134715
    outer loop
      vertex -40.4239 12.5451 -0.744676
      vertex -34.8847 0 -1.17054
      vertex -34.9711 0 -0.588102
    endloop
  endfacet
  facet normal 0.843853 0.358549 0.399193
    outer loop
      vertex -23.7085 2 2.82838
      vertex -23.4567 2 2.2961
      vertex -29.8536 16.9569 2.38444
    endloop
  endfacet
  facet normal 0.831113 0.50275 0.237683
    outer loop
      vertex -29.8536 17.7204 1.45408
      vertex -30.1808 18.3021 1.36779
      vertex -30.1808 18.1522 1.68486
    endloop
  endfacet
  facet normal 0.633908 0.397616 -0.663372
    outer loop
      vertex -30.9706 17.0957 -3.92076
      vertex -31.4258 17.2718 -4.25019
      vertex -30.9706 17.4699 -3.69647
    endloop
  endfacet
  facet normal 0.813178 0.346735 -0.467458
    outer loop
      vertex -23.7085 2 -2.82838
      vertex -30.1808 16.9857 -2.97184
      vertex -30.1808 17.2674 -2.76289
    endloop
  endfacet
  facet normal 0.881721 0.4442 0.158915
    outer loop
      vertex -29.5761 17.3701 0.981709
      vertex -29.5761 17.4549 0.744676
      vertex -29.8536 17.9518 0.895416
    endloop
  endfacet
  facet normal 0.884306 0.374996 0.278173
    outer loop
      vertex -23.2584 2 1.74171
      vertex -29.5761 17.133 1.42522
      vertex -29.5761 16.983 1.62743
    endloop
  endfacet
  facet normal 0.768078 0.329187 0.549266
    outer loop
      vertex -30.5543 16.8994 3.55357
      vertex -24.0112 2 3.33342
      vertex -30.5543 17.2386 3.35028
    endloop
  endfacet
  facet normal 0.706768 0.686278 0.17176
    outer loop
      vertex -30.5543 18.8559 1.16966
      vertex -30.5543 18.9519 0.786087
      vertex -30.9706 19.3603 0.867314
    endloop
  endfacet
  facet normal 0.555068 0.55862 0.616315
    outer loop
      vertex -31.4258 18.0573 3.72533
      vertex -31.9154 18.639 3.63903
      vertex -31.9154 18.2648 3.9782
    endloop
  endfacet
  facet normal 0.77269 0.426286 0.470352
    outer loop
      vertex -30.5543 17.5562 3.11473
      vertex -30.1808 17.5273 2.52734
      vertex -30.5543 17.8492 2.84918
    endloop
  endfacet
  facet normal 0.831381 0.354283 -0.428122
    outer loop
      vertex -29.8536 16.9569 -2.38444
      vertex -23.7085 2 -2.82838
      vertex -30.1808 17.2674 -2.76289
    endloop
  endfacet
  facet normal 0.831074 0.373492 -0.412092
    outer loop
      vertex -29.8536 16.9569 -2.38444
      vertex -30.1808 17.5273 -2.52734
      vertex -29.8536 17.1812 -2.18115
    endloop
  endfacet
  facet normal 0.831122 0.411997 -0.37349
    outer loop
      vertex -29.8536 17.3844 -1.95686
      vertex -30.1808 17.5273 -2.52734
      vertex -30.1808 17.7629 -2.26745
    endloop
  endfacet
  facet normal 0.831112 0.476938 -0.285979
    outer loop
      vertex -29.8536 17.7204 -1.45408
      vertex -30.1808 17.9718 -1.98572
      vertex -30.1808 18.1522 -1.68486
    endloop
  endfacet
  facet normal 0.706768 0.686278 -0.17176
    outer loop
      vertex -30.5543 18.9519 -0.786087
      vertex -30.5543 18.8559 -1.16966
      vertex -30.9706 19.3603 -0.867314
    endloop
  endfacet
  facet normal 0.881743 0.426394 -0.201786
    outer loop
      vertex -29.5761 17.2624 -1.20929
      vertex -29.8536 17.7204 -1.45408
      vertex -29.5761 17.3701 -0.981709
    endloop
  endfacet
  facet normal 0.633862 0.772515 0.0379415
    outer loop
      vertex -31.4258 19.796 0.472368
      vertex -30.9706 19.4457 0
      vertex -31.4258 19.8192 0
    endloop
  endfacet
  facet normal 0.382186 0.835383 -0.395055
    outer loop
      vertex -32.4347 20.0111 -2.07565
      vertex -32.9787 19.9822 -2.66304
      vertex -32.9787 20.2192 -2.16188
    endloop
  endfacet
  facet normal 0 0.989175 0.146743
    outer loop
      vertex -34.7056 20.9639 0.587394
      vertex -35.2944 20.8776 1.16913
      vertex -34.7056 20.8776 1.16913
    endloop
  endfacet
  facet normal 0 0.989175 0.146743
    outer loop
      vertex -35.2944 20.8776 1.16913
      vertex -34.7056 20.9639 0.587394
      vertex -35.2944 20.9639 0.587394
    endloop
  endfacet
  facet normal 0.194834 0.979653 0.0481628
    outer loop
      vertex -33.5421 20.7922 0.570477
      vertex -34.1196 20.9351 0
      vertex -34.1196 20.9065 0.581737
    endloop
  endfacet
  facet normal 0.194992 0.841213 0.50432
    outer loop
      vertex -34.1196 19.9348 3.29734
      vertex -33.5421 20.1329 2.74362
      vertex -34.1196 20.2343 2.79777
    endloop
  endfacet
  facet normal 0.470956 0.797445 0.377202
    outer loop
      vertex -31.9154 19.5387 2.42598
      vertex -32.4347 20.0111 2.07565
      vertex -32.4347 19.7835 2.55682
    endloop
  endfacet
  facet normal -0.706731 0.0347142 -0.70663
    outer loop
      vertex -39.4457 15.3949 -4.00995
      vertex -39.0294 15.4358 -4.4243
      vertex -39.4457 15 -4.02935
    endloop
  endfacet
  facet normal -0.555073 0.202089 -0.806879
    outer loop
      vertex -38.5742 16.399 -4.61173
      vertex -38.0846 16.4939 -4.92477
      vertex -38.5742 15.9402 -4.72664
    endloop
  endfacet
  facet normal -0.831109 -0.331215 -0.446714
    outer loop
      vertex -40.1464 13.2863 -2.56476
      vertex -39.8192 13.0143 -2.97184
      vertex -40.1464 13.0431 -2.38444
    endloop
  endfacet
  facet normal -0.772671 -0.326334 -0.544505
    outer loop
      vertex -39.8192 13.0143 -2.97184
      vertex -39.4457 13.1006 -3.55357
      vertex -39.4457 12.7614 -3.35028
    endloop
  endfacet
  facet normal -0.633907 -0.187913 -0.750234
    outer loop
      vertex -39.0294 14.1327 -4.36028
      vertex -38.5742 14.0598 -4.72664
      vertex -39.0294 13.7095 -4.25428
    endloop
  endfacet
  facet normal -0.555099 -0.122063 -0.822779
    outer loop
      vertex -38.5742 14.5276 -4.79604
      vertex -38.0846 13.996 -5.04749
      vertex -38.5742 14.0598 -4.72664
    endloop
  endfacet
  facet normal -0.420944 -0.175013 -0.890043
    outer loop
      vertex -37.5653 13.9418 -5.31972
      vertex -31.2961 0 -5.54328
      vertex -31.8284 0 -5.29153
    endloop
  endfacet
  facet normal -0.471263 -0.195659 -0.860017
    outer loop
      vertex -38.0846 13.996 -5.04749
      vertex -37.5653 13.9418 -5.31972
      vertex -31.8284 0 -5.29153
    endloop
  endfacet
  facet normal -0.0994528 -0.03933 -0.994265
    outer loop
      vertex -35.8804 15 -5.93506
      vertex -29.6615 0.19286 -5.97139
      vertex -29.6657 0.185026 -5.97066
    endloop
  endfacet
  facet normal -0.0979337 -0.0386916 -0.994441
    outer loop
      vertex -29.6615 0.19286 -5.97139
      vertex -35.8804 15 -5.93506
      vertex -35.2944 15 -5.99277
    endloop
  endfacet
  facet normal -0.120302 -0.0480567 -0.991573
    outer loop
      vertex -35.8804 14.4183 -5.90648
      vertex -29.6657 0.185026 -5.97066
      vertex -29.6679 0.182899 -5.97029
    endloop
  endfacet
  facet normal -0.12179 -0.0487074 -0.99136
    outer loop
      vertex -29.6657 0.185026 -5.97066
      vertex -35.8804 14.4183 -5.90648
      vertex -35.8804 15 -5.93506
    endloop
  endfacet
  facet normal -0.470958 0.592434 -0.653621
    outer loop
      vertex -38.0846 18.639 -3.63903
      vertex -37.5653 18.4409 -4.19276
      vertex -38.0846 18.2648 -3.9782
    endloop
  endfacet
  facet normal -0.38233 0.550469 -0.742164
    outer loop
      vertex -37.0213 18.5839 -4.36694
      vertex -37.5653 18.0134 -4.50984
      vertex -37.5653 18.4409 -4.19276
    endloop
  endfacet
  facet normal -0.555068 0.55862 -0.616315
    outer loop
      vertex -38.0846 18.639 -3.63903
      vertex -38.0846 18.2648 -3.9782
      vertex -38.5742 18.0573 -3.72533
    endloop
  endfacet
  facet normal -0.555077 0.616324 -0.5586
    outer loop
      vertex -38.5742 18.7253 -3.0573
      vertex -38.0846 18.639 -3.63903
      vertex -38.5742 18.4077 -3.40772
    endloop
  endfacet
  facet normal -0.555103 0.280273 -0.78314
    outer loop
      vertex -38.5742 16.8442 -4.4524
      vertex -38.0846 16.9694 -4.75463
      vertex -38.5742 16.399 -4.61173
    endloop
  endfacet
  facet normal -0.706718 0.171896 -0.686295
    outer loop
      vertex -39.4457 16.1697 -3.85585
      vertex -39.0294 15.8673 -4.36028
      vertex -39.4457 15.7861 -3.95193
    endloop
  endfacet
  facet normal -0.382289 0.474999 -0.79261
    outer loop
      vertex -37.0213 18.1386 -4.69719
      vertex -37.0213 17.663 -4.98221
      vertex -37.5653 18.0134 -4.50984
    endloop
  endfacet
  facet normal -0.633892 0.397646 -0.66337
    outer loop
      vertex -38.5742 17.6774 -4.00706
      vertex -38.5742 17.2718 -4.25019
      vertex -39.0294 17.4699 -3.69647
    endloop
  endfacet
  facet normal -0.831097 -0.0273043 -0.555457
    outer loop
      vertex -40.1464 15 -3.08462
      vertex -39.8192 15 -3.57419
      vertex -40.1464 14.6977 -3.06976
    endloop
  endfacet
  facet normal -0.881731 -0.0231617 -0.471183
    outer loop
      vertex -40.4239 15 -2.56533
      vertex -40.1464 15 -3.08462
      vertex -40.1464 14.6977 -3.06976
    endloop
  endfacet
  facet normal -0.831114 -0.187354 -0.523591
    outer loop
      vertex -40.1464 14.1046 -2.95179
      vertex -39.8192 13.6322 -3.30213
      vertex -40.1464 13.8196 -2.84981
    endloop
  endfacet
  facet normal -0.706739 -0.103792 -0.69982
    outer loop
      vertex -39.4457 14.6051 -4.00995
      vertex -39.0294 14.5642 -4.4243
      vertex -39.4457 14.2139 -3.95193
    endloop
  endfacet
  facet normal 0.0979366 0.592771 -0.799394
    outer loop
      vertex -34.1196 18.2973 -4.93482
      vertex -34.7056 18.3294 -4.98281
      vertex -34.1196 18.7652 -4.58786
    endloop
  endfacet
  facet normal 0.382324 0.311289 -0.870016
    outer loop
      vertex -32.4347 17.0756 -5.01106
      vertex -32.9787 16.6399 -5.40601
      vertex -32.9787 17.1619 -5.21924
    endloop
  endfacet
  facet normal 0 0.740909 -0.671606
    outer loop
      vertex -34.7056 19.2375 -4.23753
      vertex -35.2944 19.6325 -3.80177
      vertex -34.7056 19.6325 -3.80177
    endloop
  endfacet
  facet normal 0 0.740909 -0.671606
    outer loop
      vertex -35.2944 19.6325 -3.80177
      vertex -34.7056 19.2375 -4.23753
      vertex -35.2944 19.2375 -4.23753
    endloop
  endfacet
  facet normal -0.0978848 0.737351 -0.668381
    outer loop
      vertex -35.2944 19.6325 -3.80177
      vertex -35.2944 19.2375 -4.23753
      vertex -35.8804 19.1967 -4.19672
    endloop
  endfacet
  facet normal 0.555109 0.616277 -0.55862
    outer loop
      vertex -31.4258 18.7253 -3.0573
      vertex -31.9154 18.639 -3.63903
      vertex -31.9154 18.9782 -3.26482
    endloop
  endfacet
  facet normal 0.289962 0.642777 -0.709056
    outer loop
      vertex -32.9787 18.5839 -4.36694
      vertex -33.5421 18.6923 -4.49907
      vertex -32.9787 18.9946 -3.99463
    endloop
  endfacet
  facet normal -0.0978769 0.241805 -0.965376
    outer loop
      vertex -35.2944 16.7396 -5.73473
      vertex -35.8804 16.1579 -5.82102
      vertex -35.8804 16.7229 -5.6795
    endloop
  endfacet
  facet normal -0.289999 0.232536 -0.928347
    outer loop
      vertex -37.0213 16.6399 -5.40601
      vertex -36.4579 16.1355 -5.70835
      vertex -37.0213 16.1021 -5.54072
    endloop
  endfacet
  facet normal -0.290013 0.492015 -0.820862
    outer loop
      vertex -36.4579 18.2335 -4.83931
      vertex -36.4579 17.7436 -5.13295
      vertex -37.0213 17.663 -4.98221
    endloop
  endfacet
  facet normal -0.194826 0.419374 -0.886661
    outer loop
      vertex -36.4579 17.7436 -5.13295
      vertex -35.8804 17.2712 -5.48328
      vertex -36.4579 17.2273 -5.37715
    endloop
  endfacet
  facet normal -0.470921 0.377164 -0.797484
    outer loop
      vertex -37.5653 17.5568 -4.78348
      vertex -37.5653 17.0756 -5.01106
      vertex -38.0846 17.426 -4.53869
    endloop
  endfacet
  facet normal -0.470943 0.525545 -0.70853
    outer loop
      vertex -38.0846 18.2648 -3.9782
      vertex -37.5653 18.0134 -4.50984
      vertex -38.0846 17.8592 -4.27905
    endloop
  endfacet
  facet normal -0.289982 0.409195 -0.865141
    outer loop
      vertex -36.4579 17.7436 -5.13295
      vertex -36.4579 17.2273 -5.37715
      vertex -37.0213 17.1619 -5.21924
    endloop
  endfacet
  facet normal -0.470951 0.214368 -0.855717
    outer loop
      vertex -37.5653 16.5745 -5.19038
      vertex -37.5653 16.0582 -5.31972
      vertex -38.0846 16.4939 -4.92477
    endloop
  endfacet
  facet normal -0.470954 0.297225 -0.830578
    outer loop
      vertex -37.5653 17.0756 -5.01106
      vertex -37.5653 16.5745 -5.19038
      vertex -38.0846 16.4939 -4.92477
    endloop
  endfacet
  facet normal -0.382324 0.311289 -0.870016
    outer loop
      vertex -37.0213 17.1619 -5.21924
      vertex -37.0213 16.6399 -5.40601
      vertex -37.5653 17.0756 -5.01106
    endloop
  endfacet
  facet normal 0.704253 0.303546 -0.641785
    outer loop
      vertex -30.9706 17.0957 -3.92076
      vertex -24.7574 2 -4.24264
      vertex -30.9706 16.7013 -4.1073
    endloop
  endfacet
  facet normal 0.382333 0.620604 -0.684596
    outer loop
      vertex -32.4347 18.4409 -4.19276
      vertex -32.9787 18.5839 -4.36694
      vertex -32.9787 18.9946 -3.99463
    endloop
  endfacet
  facet normal 0.470848 0.756734 -0.453492
    outer loop
      vertex -31.9154 19.2791 -2.85917
      vertex -32.4347 19.5098 -3.01338
      vertex -31.9154 19.5387 -2.42598
    endloop
  endfacet
  facet normal 0.77269 0.426285 -0.470352
    outer loop
      vertex -30.1808 17.2674 -2.76289
      vertex -30.5543 17.5562 -3.11473
      vertex -30.1808 17.5273 -2.52734
    endloop
  endfacet
  facet normal 0.194893 0.238337 -0.951426
    outer loop
      vertex -33.5421 16.6895 -5.56957
      vertex -33.5421 16.1355 -5.70835
      vertex -34.1196 16.7229 -5.6795
    endloop
  endfacet
  facet normal 0.290002 0.140412 -0.946669
    outer loop
      vertex -32.9787 15.5537 -5.62206
      vertex -33.5421 15.5705 -5.79216
      vertex -32.9787 16.1021 -5.54072
    endloop
  endfacet
  facet normal 0.501545 0.21993 -0.83671
    outer loop
      vertex -25.6666 2 -4.98882
      vertex -26.1716 2 -5.29153
      vertex -31.9154 16.4939 -4.92477
    endloop
  endfacet
  facet normal 0.289991 0.140426 -0.946671
    outer loop
      vertex -32.9787 16.1021 -5.54072
      vertex -33.5421 15.5705 -5.79216
      vertex -33.5421 16.1355 -5.70835
    endloop
  endfacet
  facet normal 0 0.0490556 -0.998796
    outer loop
      vertex -35.2944 15 -5.99277
      vertex -34.7056 15.5874 -5.96392
      vertex -34.7056 15 -5.99277
    endloop
  endfacet
  facet normal 0 0.0490556 -0.998796
    outer loop
      vertex -34.7056 15.5874 -5.96392
      vertex -35.2944 15 -5.99277
      vertex -35.2944 15.5874 -5.96392
    endloop
  endfacet
  facet normal 0.0978902 0.04882 -0.993999
    outer loop
      vertex -34.1196 15 -5.93506
      vertex -34.7056 15 -5.99277
      vertex -34.7056 15.5874 -5.96392
    endloop
  endfacet
  facet normal -0.77267 -0.0311483 0.634044
    outer loop
      vertex -39.4457 15 4.02935
      vertex -39.8192 14.6497 3.55698
      vertex -39.4457 14.6051 4.00995
    endloop
  endfacet
  facet normal -0.706739 -0.103792 0.69982
    outer loop
      vertex -39.4457 14.6051 4.00995
      vertex -39.4457 14.2139 3.95193
      vertex -39.0294 14.5642 4.4243
    endloop
  endfacet
  facet normal -0.470947 0.129425 0.872615
    outer loop
      vertex -37.5653 15.5316 5.39782
      vertex -38.0846 16.004 5.04749
      vertex -38.0846 15.5044 5.12159
    endloop
  endfacet
  facet normal -0.0978681 0.335326 0.937005
    outer loop
      vertex -35.2944 16.7396 5.73473
      vertex -35.8804 17.2712 5.48328
      vertex -35.8804 16.7229 5.6795
    endloop
  endfacet
  facet normal -0.470927 0.855747 0.214301
    outer loop
      vertex -37.5653 20.1904 1.57448
      vertex -37.5653 20.3197 1.05816
      vertex -38.0846 19.9248 1.49391
    endloop
  endfacet
  facet normal -0.881732 0.316805 0.349547
    outer loop
      vertex -40.1464 17.1812 2.18115
      vertex -40.4239 16.814 1.81396
      vertex -40.1464 16.9569 2.38444
    endloop
  endfacet
  facet normal -0.290093 0.768627 0.570139
    outer loop
      vertex -36.4579 19.4991 3.69229
      vertex -37.0213 19.6972 3.13856
      vertex -37.0213 19.3669 3.58385
    endloop
  endfacet
  facet normal -0.382337 0.792572 0.475023
    outer loop
      vertex -37.0213 19.6972 3.13856
      vertex -37.0213 19.9822 2.66304
      vertex -37.5653 19.5098 3.01338
    endloop
  endfacet
  facet normal -0.881725 0.201666 0.426488
    outer loop
      vertex -40.1464 16.4541 2.72039
      vertex -40.4239 15.9817 2.37006
      vertex -40.1464 16.1804 2.84981
    endloop
  endfacet
  facet normal -0.706731 -0.0347142 0.70663
    outer loop
      vertex -39.4457 15 4.02935
      vertex -39.4457 14.6051 4.00995
      vertex -39.0294 14.5642 4.4243
    endloop
  endfacet
  facet normal -0.907343 -0.395824 0.141608
    outer loop
      vertex -40.4239 12.6299 0.981709
      vertex -40.4239 12.5451 0.744676
      vertex -34.8847 0 1.17054
    endloop
  endfacet
  facet normal -0.923665 -0.379039 0.0563174
    outer loop
      vertex -40.6493 13.0175 0.394343
      vertex -40.4239 12.447 0.251446
      vertex -40.4239 12.484 0.500471
    endloop
  endfacet
  facet normal -0.980729 0.189513 0.0474874
    outer loop
      vertex -40.8202 16.3951 0.4232
      vertex -40.9351 15.8635 0.171754
      vertex -40.9351 15.8425 0.255561
    endloop
  endfacet
  facet normal -0.923679 -0.163762 -0.346409
    outer loop
      vertex -40.6493 14.2265 -1.86747
      vertex -40.4239 14.0183 -2.37006
      vertex -40.6493 14.0471 -1.78266
    endloop
  endfacet
  facet normal -0.881727 -0.378894 -0.281065
    outer loop
      vertex -40.4239 13.017 -1.62743
      vertex -40.1464 12.6156 -1.95686
      vertex -40.4239 12.867 -1.42522
    endloop
  endfacet
  facet normal -0.95685 -0.281875 -0.0706079
    outer loop
      vertex -40.8202 13.5701 -0.284418
      vertex -40.6493 13.0657 -0.586763
      vertex -40.6493 13.0175 -0.394343
    endloop
  endfacet
  facet normal -0.831097 0.0273043 0.555457
    outer loop
      vertex -39.8192 15 3.57419
      vertex -40.1464 15.3023 3.06976
      vertex -40.1464 15 3.08462
    endloop
  endfacet
  facet normal -0.923673 0.0188011 0.382721
    outer loop
      vertex -40.4239 15.2514 2.55298
      vertex -40.6493 15.1981 2.01161
      vertex -40.4239 15 2.56533
    endloop
  endfacet
  facet normal -0.881731 -0.280973 0.378951
    outer loop
      vertex -40.1464 13.2863 2.56476
      vertex -40.4239 13.5748 2.13299
      vertex -40.1464 13.0431 2.38444
    endloop
  endfacet
  facet normal -0.980732 0.156878 0.116423
    outer loop
      vertex -40.8202 16.2122 0.809955
      vertex -40.9351 15.732 0.489114
      vertex -40.9351 15.6805 0.558509
    endloop
  endfacet
  facet normal -0.831114 0.187354 -0.523591
    outer loop
      vertex -40.1464 16.1804 -2.84981
      vertex -39.8192 16.3678 -3.30213
      vertex -40.1464 15.8954 -2.95179
    endloop
  endfacet
  facet normal -0.772671 0.271457 -0.573838
    outer loop
      vertex -39.4457 16.8994 -3.55357
      vertex -39.4457 16.542 -3.72264
      vertex -39.8192 16.3678 -3.30213
    endloop
  endfacet
  facet normal -0.831123 0.446688 -0.331215
    outer loop
      vertex -39.8192 17.9718 -1.98572
      vertex -39.8192 17.7629 -2.26745
      vertex -40.1464 17.3844 -1.95686
    endloop
  endfacet
  facet normal -0.772687 0.627898 0.0932676
    outer loop
      vertex -39.4457 19.01 0.394945
      vertex -39.8192 18.557 0.350332
      vertex -39.4457 18.9519 0.786087
    endloop
  endfacet
  facet normal -0.881729 0.457638 -0.114551
    outer loop
      vertex -40.1464 18.0253 -0.601778
      vertex -40.1464 17.9518 -0.895416
      vertex -40.4239 17.516 -0.500471
    endloop
  endfacet
  facet normal -0.83112 0.550052 -0.0817455
    outer loop
      vertex -40.1464 18.0698 -0.302345
      vertex -39.8192 18.5055 -0.69729
      vertex -40.1464 18.0253 -0.601778
    endloop
  endfacet
  facet normal -0.633862 0.772515 0.0379415
    outer loop
      vertex -38.5742 19.8192 0
      vertex -39.0294 19.4457 0
      vertex -38.5742 19.796 0.472368
    endloop
  endfacet
  facet normal -0.706732 0.56821 0.421506
    outer loop
      vertex -39.0294 18.6965 2.4699
      vertex -39.4457 18.3503 2.23859
      vertex -39.4457 18.1147 2.55619
    endloop
  endfacet
  facet normal -0.382389 0.92289 0.045308
    outer loop
      vertex -37.0213 20.6493 0
      vertex -37.5653 20.4239 0
      vertex -37.5653 20.3978 0.531638
    endloop
  endfacet
  facet normal -0.555149 0.830747 0.040843
    outer loop
      vertex -38.0846 20.1216 0.504432
      vertex -38.0846 20.1464 0
      vertex -38.5742 19.796 0.472368
    endloop
  endfacet
  facet normal -0.470905 0.872636 -0.12944
    outer loop
      vertex -37.5653 20.3978 -0.531638
      vertex -37.5653 20.3197 -1.05816
      vertex -38.0846 20.0475 -1.00401
    endloop
  endfacet
  facet normal -0.19476 0.970225 -0.143985
    outer loop
      vertex -35.8804 20.9065 -0.581737
      vertex -35.8804 20.821 -1.15787
      vertex -36.4579 20.7084 -1.13546
    endloop
  endfacet
  facet normal -0.77266 0.615806 -0.154205
    outer loop
      vertex -39.4457 18.9519 -0.786087
      vertex -39.8192 18.4203 -1.03753
      vertex -39.8192 18.5055 -0.69729
    endloop
  endfacet
  facet normal -0.633847 0.750284 -0.187913
    outer loop
      vertex -38.5742 19.7266 -0.940187
      vertex -38.5742 19.6117 -1.39895
      vertex -39.0294 19.2543 -1.29052
    endloop
  endfacet
  facet normal -0.555178 0.83073 -0.0408007
    outer loop
      vertex -38.0846 20.1464 0
      vertex -38.5742 19.796 -0.472368
      vertex -38.5742 19.8192 0
    endloop
  endfacet
  facet normal -0.555158 0.806824 -0.202074
    outer loop
      vertex -38.5742 19.7266 -0.940187
      vertex -38.0846 19.9248 -1.49391
      vertex -38.5742 19.6117 -1.39895
    endloop
  endfacet
  facet normal -0.633894 0.728223 -0.260518
    outer loop
      vertex -38.5742 19.6117 -1.39895
      vertex -38.5742 19.4524 -1.84424
      vertex -39.0294 19.1073 -1.7013
    endloop
  endfacet
  facet normal -0.633913 0.187901 -0.750231
    outer loop
      vertex -38.5742 16.399 -4.61173
      vertex -38.5742 15.9402 -4.72664
      vertex -39.0294 16.2905 -4.25428
    endloop
  endfacet
  facet normal -0.194863 0.726719 -0.658717
    outer loop
      vertex -35.8804 19.5879 -3.76516
      vertex -36.4579 19.1155 -4.11549
      vertex -36.4579 19.4991 -3.69229
    endloop
  endfacet
  facet normal -0.382257 0.792552 -0.475122
    outer loop
      vertex -37.0213 19.9822 -2.66304
      vertex -37.5653 19.5098 -3.01338
      vertex -37.5653 19.7835 -2.55682
    endloop
  endfacet
  facet normal -0.194834 0.979653 -0.0481628
    outer loop
      vertex -35.8804 20.9351 0
      vertex -35.8804 20.9065 -0.581737
      vertex -36.4579 20.7922 -0.570477
    endloop
  endfacet
  facet normal -0.194834 0.979653 0.0481628
    outer loop
      vertex -35.8804 20.9065 0.581737
      vertex -35.8804 20.9351 0
      vertex -36.4579 20.7922 0.570477
    endloop
  endfacet
  facet normal -0.28999 0.946658 0.140515
    outer loop
      vertex -36.4579 20.7922 0.570477
      vertex -37.0213 20.6221 0.553724
      vertex -37.0213 20.5407 1.10212
    endloop
  endfacet
  facet normal -0.0978494 0.937035 0.335247
    outer loop
      vertex -35.2944 20.7347 1.73961
      vertex -35.8804 20.6795 1.72286
      vertex -35.8804 20.4833 2.27125
    endloop
  endfacet
  facet normal -0.290084 0.946645 0.140409
    outer loop
      vertex -36.4579 20.7084 1.13546
      vertex -36.4579 20.7922 0.570477
      vertex -37.0213 20.5407 1.10212
    endloop
  endfacet
  facet normal -0.0978889 0.965372 0.241817
    outer loop
      vertex -35.2944 20.8776 1.16913
      vertex -35.8804 20.821 1.15787
      vertex -35.2944 20.7347 1.73961
    endloop
  endfacet
  facet normal -0.194863 0.787858 0.584216
    outer loop
      vertex -35.8804 19.5879 3.76516
      vertex -35.8804 19.9348 3.29734
      vertex -36.4579 19.4991 3.69229
    endloop
  endfacet
  facet normal 0 0.803229 0.595671
    outer loop
      vertex -34.7056 19.9828 3.32941
      vertex -35.2944 19.6325 3.80177
      vertex -34.7056 19.6325 3.80177
    endloop
  endfacet
  facet normal 0 0.803229 0.595671
    outer loop
      vertex -35.2944 19.6325 3.80177
      vertex -34.7056 19.9828 3.32941
      vertex -35.2944 19.9828 3.32941
    endloop
  endfacet
  facet normal 0.382181 0.870054 -0.311358
    outer loop
      vertex -32.4347 20.0111 -2.07565
      vertex -32.9787 20.2192 -2.16188
      vertex -32.9787 20.406 -1.63989
    endloop
  endfacet
  facet normal 0.290049 0.928324 -0.232563
    outer loop
      vertex -32.9787 20.406 -1.63989
      vertex -33.5421 20.5696 -1.68951
      vertex -33.5421 20.7084 -1.13546
    endloop
  endfacet
  facet normal 0.194911 0.979642 -0.0480825
    outer loop
      vertex -33.5421 20.8202 0
      vertex -33.5421 20.7922 -0.570477
      vertex -34.1196 20.9351 0
    endloop
  endfacet
  facet normal -0.290113 0.86505 -0.409296
    outer loop
      vertex -36.4579 20.3772 -2.22729
      vertex -36.4579 20.1329 -2.74362
      vertex -37.0213 20.2192 -2.16188
    endloop
  endfacet
  facet normal 0.290113 0.86505 -0.409296
    outer loop
      vertex -32.9787 20.2192 -2.16188
      vertex -33.5421 20.1329 -2.74362
      vertex -33.5421 20.3772 -2.22729
    endloop
  endfacet
  facet normal 0.290086 0.709099 -0.642674
    outer loop
      vertex -32.9787 19.3669 -3.58385
      vertex -32.9787 18.9946 -3.99463
      vertex -33.5421 19.4991 -3.69229
    endloop
  endfacet
  facet normal -0.289939 0.865179 -0.409146
    outer loop
      vertex -37.0213 20.2192 -2.16188
      vertex -36.4579 20.1329 -2.74362
      vertex -37.0213 19.9822 -2.66304
    endloop
  endfacet
  facet normal -0.470855 0.708557 -0.525588
    outer loop
      vertex -37.5653 19.5098 -3.01338
      vertex -38.0846 18.9782 -3.26482
      vertex -38.0846 19.2791 -2.85917
    endloop
  endfacet
  facet normal -0.194822 0.886605 -0.419495
    outer loop
      vertex -35.8804 20.4833 -2.27125
      vertex -36.4579 20.1329 -2.74362
      vertex -36.4579 20.3772 -2.22729
    endloop
  endfacet
  facet normal -0.382248 0.896369 -0.224521
    outer loop
      vertex -37.0213 20.5407 -1.10212
      vertex -37.0213 20.406 -1.63989
      vertex -37.5653 20.1904 -1.57448
    endloop
  endfacet
  facet normal -0.289967 0.570098 -0.768705
    outer loop
      vertex -36.4579 18.6923 -4.49907
      vertex -37.0213 18.1386 -4.69719
      vertex -37.0213 18.5839 -4.36694
    endloop
  endfacet
  facet normal -0.470988 0.653591 -0.592443
    outer loop
      vertex -37.5653 19.1928 -3.44091
      vertex -38.0846 18.639 -3.63903
      vertex -38.0846 18.9782 -3.26482
    endloop
  endfacet
  facet normal 0 0.803229 -0.595671
    outer loop
      vertex -34.7056 19.6325 -3.80177
      vertex -35.2944 19.9828 -3.32941
      vertex -34.7056 19.9828 -3.32941
    endloop
  endfacet
  facet normal 0 0.803229 -0.595671
    outer loop
      vertex -35.2944 19.9828 -3.32941
      vertex -34.7056 19.6325 -3.80177
      vertex -35.2944 19.6325 -3.80177
    endloop
  endfacet
  facet normal -0.290093 0.768627 -0.570139
    outer loop
      vertex -37.0213 19.6972 -3.13856
      vertex -36.4579 19.4991 -3.69229
      vertex -37.0213 19.3669 -3.58385
    endloop
  endfacet
  facet normal -0.289971 0.768736 -0.570054
    outer loop
      vertex -36.4579 19.8393 -3.23352
      vertex -36.4579 19.4991 -3.69229
      vertex -37.0213 19.6972 -3.13856
    endloop
  endfacet
  facet normal -0.980733 -0.131208 0.144729
    outer loop
      vertex -40.9351 14.4415 0.680545
      vertex -40.9351 14.3775 0.622524
      vertex -40.8202 13.9691 1.03088
    endloop
  endfacet
  facet normal -0.956853 0.0426366 0.287426
    outer loop
      vertex -40.6493 15.3943 1.9825
      vertex -40.8202 15.2844 1.42987
      vertex -40.8202 15.1429 1.45086
    endloop
  endfacet
  facet normal -0.831097 -0.0273043 0.555457
    outer loop
      vertex -40.1464 15 3.08462
      vertex -40.1464 14.6977 3.06976
      vertex -39.8192 15 3.57419
    endloop
  endfacet
  facet normal -0.194862 0.048132 0.979649
    outer loop
      vertex -35.8804 15.5817 5.90648
      vertex -36.4579 15.5705 5.79216
      vertex -35.8804 15 5.93506
    endloop
  endfacet
  facet normal -0.194862 -0.048132 0.979649
    outer loop
      vertex -35.8804 15 5.93506
      vertex -36.4579 14.4295 5.79216
      vertex -35.8804 14.4183 5.90648
    endloop
  endfacet
  facet normal -0.194861 -0.0481325 0.979649
    outer loop
      vertex -36.4579 15 5.82019
      vertex -36.4579 14.4295 5.79216
      vertex -35.8804 15 5.93506
    endloop
  endfacet
  facet normal -0.194861 0.0481325 0.979649
    outer loop
      vertex -35.8804 15 5.93506
      vertex -36.4579 15.5705 5.79216
      vertex -36.4579 15 5.82019
    endloop
  endfacet
  facet normal -0.289995 -0.0469565 0.955875
    outer loop
      vertex -37.0213 15 5.64926
      vertex -37.0213 14.4463 5.62206
      vertex -36.4579 14.4295 5.79216
    endloop
  endfacet
  facet normal -0.290233 -0.118299 0.949616
    outer loop
      vertex -36.4579 14.4295 5.79216
      vertex -37.0213 14.4463 5.62206
      vertex -30.7417 0 5.74164
    endloop
  endfacet
  facet normal -0.470953 -0.129417 0.872613
    outer loop
      vertex -37.5653 14.4684 5.39782
      vertex -38.0846 13.996 5.04749
      vertex -37.5653 13.9418 5.31972
    endloop
  endfacet
  facet normal -0.502662 -0.210068 0.838572
    outer loop
      vertex -38.0846 13.996 5.04749
      vertex -32.3334 0 4.98882
      vertex -31.8284 0 5.29153
    endloop
  endfacet
  facet normal -0.633882 -0.260611 0.7282
    outer loop
      vertex -38.5742 13.601 4.61173
      vertex -39.0294 13.2987 4.1073
      vertex -38.5742 13.1558 4.4524
    endloop
  endfacet
  facet normal -0.633921 -0.26054 0.728192
    outer loop
      vertex -39.0294 13.7095 4.25428
      vertex -39.0294 13.2987 4.1073
      vertex -38.5742 13.601 4.61173
    endloop
  endfacet
  facet normal -0.77267 -0.213823 0.597713
    outer loop
      vertex -39.8192 13.9625 3.42029
      vertex -39.8192 13.6322 3.30213
      vertex -39.4457 13.458 3.72264
    endloop
  endfacet
  facet normal -0.633907 -0.187913 0.750234
    outer loop
      vertex -39.0294 14.1327 4.36028
      vertex -39.0294 13.7095 4.25428
      vertex -38.5742 14.0598 4.72664
    endloop
  endfacet
  facet normal -0.831099 -0.135157 0.539451
    outer loop
      vertex -40.1464 14.3982 3.02535
      vertex -40.1464 14.1046 2.95179
      vertex -39.8192 14.3027 3.50552
    endloop
  endfacet
  facet normal -0.706717 -0.171898 0.686296
    outer loop
      vertex -39.0294 14.1327 4.36028
      vertex -39.4457 13.8303 3.85585
      vertex -39.0294 13.7095 4.25428
    endloop
  endfacet
  facet normal 0.47096 0.214357 0.855715
    outer loop
      vertex -31.9154 16.004 5.04749
      vertex -31.9154 16.4939 4.92477
      vertex -32.4347 16.0582 5.31972
    endloop
  endfacet
  facet normal 0.382283 0.395065 0.835334
    outer loop
      vertex -32.4347 17.0756 5.01106
      vertex -32.4347 17.5568 4.78348
      vertex -32.9787 17.663 4.98221
    endloop
  endfacet
  facet normal 0.470921 0.377164 0.797484
    outer loop
      vertex -32.4347 17.0756 5.01106
      vertex -31.9154 17.426 4.53869
      vertex -32.4347 17.5568 4.78348
    endloop
  endfacet
  facet normal 0.289979 0.322403 0.901093
    outer loop
      vertex -32.9787 16.6399 5.40601
      vertex -33.5421 17.2273 5.37715
      vertex -33.5421 16.6895 5.56957
    endloop
  endfacet
  facet normal 0.333148 0.148405 0.931122
    outer loop
      vertex -26.7039 2 5.54328
      vertex -32.9787 16.1021 5.54072
      vertex -27.2583 2 5.74164
    endloop
  endfacet
  facet normal 0.555532 0.243022 0.795188
    outer loop
      vertex -25.6666 2 4.98882
      vertex -31.4258 16.399 4.61173
      vertex -31.9154 16.4939 4.92477
    endloop
  endfacet
  facet normal 0.0979317 0.511649 0.853595
    outer loop
      vertex -34.7056 17.825 5.28515
      vertex -34.1196 18.2973 4.93482
      vertex -34.7056 18.3294 4.98281
    endloop
  endfacet
  facet normal 0.0978924 0.511685 0.853578
    outer loop
      vertex -34.1196 17.7978 5.23425
      vertex -34.1196 18.2973 4.93482
      vertex -34.7056 17.825 5.28515
    endloop
  endfacet
  facet normal 0.097886 0.668385 0.737347
    outer loop
      vertex -34.7056 18.8018 4.63248
      vertex -34.1196 19.1967 4.19672
      vertex -34.7056 19.2375 4.23753
    endloop
  endfacet
  facet normal 0.0978896 0.668382 0.737349
    outer loop
      vertex -34.1196 18.7652 4.58786
      vertex -34.1196 19.1967 4.19672
      vertex -34.7056 18.8018 4.63248
    endloop
  endfacet
  facet normal 0.0978921 0.59281 0.799371
    outer loop
      vertex -34.7056 18.3294 4.98281
      vertex -34.1196 18.7652 4.58786
      vertex -34.7056 18.8018 4.63248
    endloop
  endfacet
  facet normal -0.289971 0.768736 0.570054
    outer loop
      vertex -36.4579 19.8393 3.23352
      vertex -37.0213 19.6972 3.13856
      vertex -36.4579 19.4991 3.69229
    endloop
  endfacet
  facet normal 0.470988 0.653591 0.592443
    outer loop
      vertex -31.9154 18.639 3.63903
      vertex -31.9154 18.9782 3.26482
      vertex -32.4347 19.1928 3.44091
    endloop
  endfacet
  facet normal 0.382253 0.620556 0.684685
    outer loop
      vertex -32.4347 18.4409 4.19276
      vertex -32.4347 18.8353 3.8353
      vertex -32.9787 18.9946 3.99463
    endloop
  endfacet
  facet normal 0.0979204 0.853569 0.511695
    outer loop
      vertex -34.1196 19.9348 3.29734
      vertex -34.7056 20.2852 2.82497
      vertex -34.7056 19.9828 3.32941
    endloop
  endfacet
  facet normal 0.194863 0.787858 0.584216
    outer loop
      vertex -33.5421 19.4991 3.69229
      vertex -34.1196 19.9348 3.29734
      vertex -34.1196 19.5879 3.76516
    endloop
  endfacet
  facet normal -0.194842 0.58425 0.787838
    outer loop
      vertex -35.8804 18.2973 4.93482
      vertex -36.4579 18.6923 4.49907
      vertex -36.4579 18.2335 4.83931
    endloop
  endfacet
  facet normal -0.382287 -0.0453306 0.922931
    outer loop
      vertex -37.5653 15 5.42393
      vertex -37.5653 14.4684 5.39782
      vertex -37.0213 15 5.64926
    endloop
  endfacet
  facet normal -0.194869 0.238314 0.951437
    outer loop
      vertex -35.8804 16.1579 5.82102
      vertex -35.8804 16.7229 5.6795
      vertex -36.4579 16.1355 5.70835
    endloop
  endfacet
  facet normal -0.0978769 0.241805 0.965376
    outer loop
      vertex -35.2944 16.7396 5.73473
      vertex -35.8804 16.7229 5.6795
      vertex -35.8804 16.1579 5.82102
    endloop
  endfacet
  facet normal 0.501545 0.21993 0.83671
    outer loop
      vertex -25.6666 2 4.98882
      vertex -31.9154 16.4939 4.92477
      vertex -26.1716 2 5.29153
    endloop
  endfacet
  facet normal 0.759579 0.325248 0.563252
    outer loop
      vertex -24.3619 2 3.80636
      vertex -24.0112 2 3.33342
      vertex -30.5543 16.8994 3.55357
    endloop
  endfacet
  facet normal 0.555068 0.55862 -0.616315
    outer loop
      vertex -31.4258 18.0573 -3.72533
      vertex -31.9154 18.2648 -3.9782
      vertex -31.9154 18.639 -3.63903
    endloop
  endfacet
  facet normal 0.706793 0.304586 -0.638491
    outer loop
      vertex -24.3619 2 -3.80636
      vertex -30.9706 17.0957 -3.92076
      vertex -30.5543 16.8994 -3.55357
    endloop
  endfacet
  facet normal 0.772673 0.378154 -0.509878
    outer loop
      vertex -30.1808 16.9857 -2.97184
      vertex -30.5543 17.2386 -3.35028
      vertex -30.5543 17.5562 -3.11473
    endloop
  endfacet
  facet normal 0.706723 0.363698 -0.60685
    outer loop
      vertex -30.5543 16.8994 -3.55357
      vertex -30.9706 17.4699 -3.69647
      vertex -30.5543 17.2386 -3.35028
    endloop
  endfacet
  facet normal 0.881737 0.37885 0.281091
    outer loop
      vertex -29.8536 17.3844 1.95686
      vertex -29.5761 17.133 1.42522
      vertex -29.8536 17.5648 1.71372
    endloop
  endfacet
  facet normal 0.896967 0.379217 0.227253
    outer loop
      vertex -23.2584 2 1.74171
      vertex -29.5761 17.2624 1.20929
      vertex -29.5761 17.133 1.42522
    endloop
  endfacet
  facet normal 0.881727 0.378894 0.281065
    outer loop
      vertex -29.5761 16.983 1.62743
      vertex -29.5761 17.133 1.42522
      vertex -29.8536 17.3844 1.95686
    endloop
  endfacet
  facet normal 0.881858 0.374032 0.287099
    outer loop
      vertex -23.2584 2 1.74171
      vertex -29.5761 16.983 1.62743
      vertex -29.8536 17.3844 1.95686
    endloop
  endfacet
  facet normal 0.555178 0.83073 -0.0408007
    outer loop
      vertex -31.4258 19.8192 0
      vertex -31.4258 19.796 -0.472368
      vertex -31.9154 20.1464 0
    endloop
  endfacet
  facet normal 0.920372 0.388419 -0.0452281
    outer loop
      vertex -23 2 0
      vertex -23.0289 2 -0.588102
      vertex -29.5761 17.553 -0.251446
    endloop
  endfacet
  facet normal 0.633861 0.765074 0.113497
    outer loop
      vertex -31.4258 19.7266 0.940187
      vertex -30.9706 19.4243 0.435755
      vertex -31.4258 19.796 0.472368
    endloop
  endfacet
  facet normal 0.772687 0.627898 0.0932676
    outer loop
      vertex -30.5543 18.9519 0.786087
      vertex -30.1808 18.557 0.350332
      vertex -30.5543 19.01 0.394945
    endloop
  endfacet
  facet normal 0.470945 0.453509 0.756664
    outer loop
      vertex -31.9154 17.426 4.53869
      vertex -31.9154 17.8592 4.27905
      vertex -32.4347 18.0134 4.50984
    endloop
  endfacet
  facet normal 0.555127 0.495456 0.6681
    outer loop
      vertex -31.4258 17.6774 4.00706
      vertex -31.4258 18.0573 3.72533
      vertex -31.9154 17.8592 4.27905
    endloop
  endfacet
  facet normal 0.470929 0.830614 0.297163
    outer loop
      vertex -32.4347 20.0111 2.07565
      vertex -31.9154 19.9248 1.49391
      vertex -32.4347 20.1904 1.57448
    endloop
  endfacet
  facet normal 0.382251 0.684643 0.620603
    outer loop
      vertex -32.4347 18.8353 3.8353
      vertex -32.4347 19.1928 3.44091
      vertex -32.9787 18.9946 3.99463
    endloop
  endfacet
  facet normal 0.633921 0.460731 0.621186
    outer loop
      vertex -30.9706 17.4699 3.69647
      vertex -30.9706 17.8203 3.43658
      vertex -31.4258 18.0573 3.72533
    endloop
  endfacet
  facet normal 0.633876 0.663391 0.397634
    outer loop
      vertex -30.9706 18.6965 2.4699
      vertex -30.9706 18.9208 2.09569
      vertex -31.4258 19.2502 2.27178
    endloop
  endfacet
  facet normal 0.704253 0.303546 0.641785
    outer loop
      vertex -24.7574 2 4.24264
      vertex -30.9706 17.0957 3.92076
      vertex -30.9706 16.7013 4.1073
    endloop
  endfacet
  facet normal 0.77264 0.470344 -0.426384
    outer loop
      vertex -30.1808 17.5273 -2.52734
      vertex -30.5543 18.1147 -2.55619
      vertex -30.1808 17.7629 -2.26745
    endloop
  endfacet
  facet normal 0.555067 0.751951 -0.355627
    outer loop
      vertex -31.4258 19.4524 -1.84424
      vertex -31.4258 19.2502 -2.27178
      vertex -31.9154 19.7546 -1.96943
    endloop
  endfacet
  facet normal 0.831068 0.412172 -0.373416
    outer loop
      vertex -29.8536 17.1812 -2.18115
      vertex -30.1808 17.5273 -2.52734
      vertex -29.8536 17.3844 -1.95686
    endloop
  endfacet
  facet normal 0.772657 0.54445 -0.32646
    outer loop
      vertex -30.1808 18.1522 -1.68486
      vertex -30.1808 17.9718 -1.98572
      vertex -30.5543 18.5536 -1.89942
    endloop
  endfacet
  facet normal 0.289944 0.820909 -0.491976
    outer loop
      vertex -32.9787 19.9822 -2.66304
      vertex -33.5421 19.8393 -3.23352
      vertex -33.5421 20.1329 -2.74362
    endloop
  endfacet
  facet normal 0.633848 0.728233 -0.260602
    outer loop
      vertex -30.9706 19.2543 -1.29052
      vertex -30.9706 19.1073 -1.7013
      vertex -31.4258 19.6117 -1.39895
    endloop
  endfacet
  facet normal 0.555158 0.806824 0.202074
    outer loop
      vertex -31.4258 19.6117 1.39895
      vertex -31.4258 19.7266 0.940187
      vertex -31.9154 19.9248 1.49391
    endloop
  endfacet
  facet normal 0.772692 0.615787 -0.154118
    outer loop
      vertex -30.1808 18.4203 -1.03753
      vertex -30.5543 18.8559 -1.16966
      vertex -30.5543 18.9519 -0.786087
    endloop
  endfacet
  facet normal 0.470909 0.881117 0.0433194
    outer loop
      vertex -31.9154 20.1216 0.504432
      vertex -31.9154 20.1464 0
      vertex -32.4347 20.3978 0.531638
    endloop
  endfacet
  facet normal 0.382248 0.896369 0.224521
    outer loop
      vertex -32.4347 20.1904 1.57448
      vertex -32.9787 20.5407 1.10212
      vertex -32.9787 20.406 1.63989
    endloop
  endfacet
  facet normal 0.0978482 0.965386 0.241778
    outer loop
      vertex -34.1196 20.6795 1.72286
      vertex -34.1196 20.821 1.15787
      vertex -34.7056 20.7347 1.73961
    endloop
  endfacet
  facet normal 0.290082 0.928323 -0.232525
    outer loop
      vertex -32.9787 20.5407 -1.10212
      vertex -32.9787 20.406 -1.63989
      vertex -33.5421 20.7084 -1.13546
    endloop
  endfacet
  facet normal 0 0.97003 0.242984
    outer loop
      vertex -34.7056 20.8776 1.16913
      vertex -35.2944 20.7347 1.73961
      vertex -34.7056 20.7347 1.73961
    endloop
  endfacet
  facet normal 0 0.97003 0.242984
    outer loop
      vertex -35.2944 20.7347 1.73961
      vertex -34.7056 20.8776 1.16913
      vertex -35.2944 20.8776 1.16913
    endloop
  endfacet
  facet normal 0.0978889 0.965372 0.241817
    outer loop
      vertex -34.7056 20.7347 1.73961
      vertex -34.1196 20.821 1.15787
      vertex -34.7056 20.8776 1.16913
    endloop
  endfacet
  facet normal 0.0978889 0.965372 -0.241817
    outer loop
      vertex -34.1196 20.821 -1.15787
      vertex -34.7056 20.7347 -1.73961
      vertex -34.7056 20.8776 -1.16913
    endloop
  endfacet
  facet normal 0.194911 0.979642 0.0480825
    outer loop
      vertex -33.5421 20.7922 0.570477
      vertex -33.5421 20.8202 0
      vertex -34.1196 20.9351 0
    endloop
  endfacet
  facet normal 0.555161 0.822739 0.122052
    outer loop
      vertex -31.4258 19.7266 0.940187
      vertex -31.4258 19.796 0.472368
      vertex -31.9154 20.0475 1.00401
    endloop
  endfacet
  facet normal 0.470958 0.592434 0.653621
    outer loop
      vertex -31.9154 18.2648 3.9782
      vertex -31.9154 18.639 3.63903
      vertex -32.4347 18.4409 4.19276
    endloop
  endfacet
  facet normal 0.0978366 0.984421 0.146091
    outer loop
      vertex -34.1196 20.821 1.15787
      vertex -34.1196 20.9065 0.581737
      vertex -34.7056 20.9639 0.587394
    endloop
  endfacet
  facet normal 0.194826 0.951436 0.238353
    outer loop
      vertex -33.5421 20.5696 1.68951
      vertex -33.5421 20.7084 1.13546
      vertex -34.1196 20.6795 1.72286
    endloop
  endfacet
  facet normal -0.38228 -0.0453383 -0.922933
    outer loop
      vertex -37.5653 14.4684 -5.39782
      vertex -37.0213 15 -5.64926
      vertex -37.0213 14.4463 -5.62206
    endloop
  endfacet
  facet normal -0.555086 -0.0408148 -0.830791
    outer loop
      vertex -38.5742 14.5276 -4.79604
      vertex -38.0846 15 -5.14637
      vertex -38.0846 14.4956 -5.12159
    endloop
  endfacet
  facet normal -0.891784 -0.388107 -0.23258
    outer loop
      vertex -40.4239 12.867 -1.42522
      vertex -34.7416 0 -1.74171
      vertex -40.4239 12.7376 -1.20929
    endloop
  endfacet
  facet normal -0.831356 -0.35874 -0.424444
    outer loop
      vertex -39.8192 12.7326 -2.76289
      vertex -34.2915 0 -2.82838
      vertex -40.1464 13.0431 -2.38444
    endloop
  endfacet
  facet normal -0.923673 -0.257283 -0.283959
    outer loop
      vertex -40.6493 13.7177 -1.56252
      vertex -40.4239 13.3726 -1.98303
      vertex -40.4239 13.186 -1.81396
    endloop
  endfacet
  facet normal -0.881748 -0.316732 -0.349572
    outer loop
      vertex -40.4239 13.3726 -1.98303
      vertex -40.1464 13.0431 -2.38444
      vertex -40.4239 13.186 -1.81396
    endloop
  endfacet
  facet normal -0.831103 -0.0815801 -0.550103
    outer loop
      vertex -40.1464 14.6977 -3.06976
      vertex -39.8192 14.6497 -3.55698
      vertex -39.8192 14.3027 -3.50552
    endloop
  endfacet
  facet normal -0.831076 -0.331331 -0.44669
    outer loop
      vertex -40.1464 13.0431 -2.38444
      vertex -39.8192 13.0143 -2.97184
      vertex -39.8192 12.7326 -2.76289
    endloop
  endfacet
  facet normal -0.382287 -0.0453306 -0.922931
    outer loop
      vertex -37.5653 15 -5.42393
      vertex -37.0213 15 -5.64926
      vertex -37.5653 14.4684 -5.39782
    endloop
  endfacet
  facet normal -0.335881 -0.138194 -0.931712
    outer loop
      vertex -37.0213 13.8979 -5.54072
      vertex -37.0213 14.4463 -5.62206
      vertex -31.2961 0 -5.54328
    endloop
  endfacet
  facet normal -0.194869 0.238314 -0.951437
    outer loop
      vertex -35.8804 16.7229 -5.6795
      vertex -35.8804 16.1579 -5.82102
      vertex -36.4579 16.1355 -5.70835
    endloop
  endfacet
  facet normal -0.194862 -0.048132 -0.979649
    outer loop
      vertex -36.4579 14.4295 -5.79216
      vertex -35.8804 15 -5.93506
      vertex -35.8804 14.4183 -5.90648
    endloop
  endfacet
  facet normal -0.194861 0.0481325 -0.979649
    outer loop
      vertex -36.4579 15.5705 -5.79216
      vertex -35.8804 15 -5.93506
      vertex -36.4579 15 -5.82019
    endloop
  endfacet
  facet normal -0.47094 -0.0432762 -0.881103
    outer loop
      vertex -38.0846 15 -5.14637
      vertex -37.5653 15 -5.42393
      vertex -37.5653 14.4684 -5.39782
    endloop
  endfacet
  facet normal -0.38228 0.0453383 -0.922933
    outer loop
      vertex -37.0213 15.5537 -5.62206
      vertex -37.0213 15 -5.64926
      vertex -37.5653 15.5316 -5.39782
    endloop
  endfacet
  facet normal -0.831101 0.187319 -0.523625
    outer loop
      vertex -39.8192 16.3678 -3.30213
      vertex -39.8192 16.0375 -3.42029
      vertex -40.1464 15.8954 -2.95179
    endloop
  endfacet
  facet normal -0.706739 0.103792 -0.69982
    outer loop
      vertex -39.4457 15.7861 -3.95193
      vertex -39.0294 15.4358 -4.4243
      vertex -39.4457 15.3949 -4.00995
    endloop
  endfacet
  facet normal -0.923672 0.22826 -0.307777
    outer loop
      vertex -40.4239 16.6274 -1.98303
      vertex -40.4239 16.4252 -2.13299
      vertex -40.6493 16.2823 -1.56252
    endloop
  endfacet
  facet normal -0.55512 0.427603 -0.71344
    outer loop
      vertex -38.0846 17.8592 -4.27905
      vertex -38.0846 17.426 -4.53869
      vertex -38.5742 17.6774 -4.00706
    endloop
  endfacet
  facet normal -0.633889 0.460704 -0.621238
    outer loop
      vertex -38.5742 18.0573 -3.72533
      vertex -38.5742 17.6774 -4.00706
      vertex -39.0294 17.4699 -3.69647
    endloop
  endfacet
  facet normal -0.831102 0.0272889 -0.555451
    outer loop
      vertex -39.8192 15.3503 -3.55698
      vertex -39.8192 15 -3.57419
      vertex -40.1464 15.3023 -3.06976
    endloop
  endfacet
  facet normal -0.772669 0.0311502 -0.634045
    outer loop
      vertex -39.8192 15.3503 -3.55698
      vertex -39.4457 15 -4.02935
      vertex -39.8192 15 -3.57419
    endloop
  endfacet
  facet normal -0.923673 -0.0188011 -0.382721
    outer loop
      vertex -40.6493 14.8019 -2.01161
      vertex -40.4239 15 -2.56533
      vertex -40.4239 14.7486 -2.55298
    endloop
  endfacet
  facet normal -0.88173 -0.0691954 -0.466652
    outer loop
      vertex -40.4239 14.4995 -2.51604
      vertex -40.1464 14.6977 -3.06976
      vertex -40.1464 14.3982 -3.02535
    endloop
  endfacet
  facet normal -0.77268 -0.154232 -0.615774
    outer loop
      vertex -39.8192 13.9625 -3.42029
      vertex -39.4457 14.2139 -3.95193
      vertex -39.4457 13.8303 -3.85585
    endloop
  endfacet
  facet normal -0.706731 -0.0347142 -0.70663
    outer loop
      vertex -39.4457 15 -4.02935
      vertex -39.0294 14.5642 -4.4243
      vertex -39.4457 14.6051 -4.00995
    endloop
  endfacet
  facet normal -0.706717 -0.171898 -0.686296
    outer loop
      vertex -39.4457 13.8303 -3.85585
      vertex -39.0294 14.1327 -4.36028
      vertex -39.0294 13.7095 -4.25428
    endloop
  endfacet
  facet normal -0.633913 -0.187901 -0.750231
    outer loop
      vertex -39.0294 13.7095 -4.25428
      vertex -38.5742 14.0598 -4.72664
      vertex -38.5742 13.601 -4.61173
    endloop
  endfacet
  facet normal -0.772666 -0.0931242 -0.627946
    outer loop
      vertex -39.8192 14.6497 -3.55698
      vertex -39.4457 14.2139 -3.95193
      vertex -39.8192 14.3027 -3.50552
    endloop
  endfacet
  facet normal -0.772666 -0.154271 -0.615782
    outer loop
      vertex -39.8192 14.3027 -3.50552
      vertex -39.4457 14.2139 -3.95193
      vertex -39.8192 13.9625 -3.42029
    endloop
  endfacet
  facet normal 0.0979141 0.146007 -0.984426
    outer loop
      vertex -34.1196 15.5817 -5.90648
      vertex -34.7056 15.5874 -5.96392
      vertex -34.1196 16.1579 -5.82102
    endloop
  endfacet
  facet normal -0.0979036 0.335291 -0.937014
    outer loop
      vertex -35.2944 17.2933 -5.5366
      vertex -35.2944 16.7396 -5.73473
      vertex -35.8804 17.2712 -5.48328
    endloop
  endfacet
  facet normal 0.0978921 0.59281 -0.799371
    outer loop
      vertex -34.1196 18.7652 -4.58786
      vertex -34.7056 18.3294 -4.98281
      vertex -34.7056 18.8018 -4.63248
    endloop
  endfacet
  facet normal 0.0978848 0.737351 -0.668381
    outer loop
      vertex -34.1196 19.1967 -4.19672
      vertex -34.7056 19.2375 -4.23753
      vertex -34.7056 19.6325 -3.80177
    endloop
  endfacet
  facet normal 0.0979317 0.511649 -0.853595
    outer loop
      vertex -34.1196 18.2973 -4.93482
      vertex -34.7056 17.825 -5.28515
      vertex -34.7056 18.3294 -4.98281
    endloop
  endfacet
  facet normal 0.097886 0.668385 -0.737347
    outer loop
      vertex -34.1196 19.1967 -4.19672
      vertex -34.7056 18.8018 -4.63248
      vertex -34.7056 19.2375 -4.23753
    endloop
  endfacet
  facet normal -0.0979201 0.799396 -0.592772
    outer loop
      vertex -35.2944 19.9828 -3.32941
      vertex -35.8804 19.5879 -3.76516
      vertex -35.8804 19.9348 -3.29734
    endloop
  endfacet
  facet normal 0.470989 0.708602 -0.525406
    outer loop
      vertex -31.9154 18.9782 -3.26482
      vertex -32.4347 19.1928 -3.44091
      vertex -32.4347 19.5098 -3.01338
    endloop
  endfacet
  facet normal 0.289947 0.491963 -0.820916
    outer loop
      vertex -32.9787 18.1386 -4.69719
      vertex -32.9787 17.663 -4.98221
      vertex -33.5421 18.2335 -4.83931
    endloop
  endfacet
  facet normal -0.289983 0.322407 -0.90109
    outer loop
      vertex -36.4579 17.2273 -5.37715
      vertex -37.0213 16.6399 -5.40601
      vertex -37.0213 17.1619 -5.21924
    endloop
  endfacet
  facet normal -0.194893 0.238337 -0.951426
    outer loop
      vertex -35.8804 16.7229 -5.6795
      vertex -36.4579 16.1355 -5.70835
      vertex -36.4579 16.6895 -5.56957
    endloop
  endfacet
  facet normal -0.194894 0.504296 -0.84125
    outer loop
      vertex -35.8804 18.2973 -4.93482
      vertex -35.8804 17.7978 -5.23425
      vertex -36.4579 17.7436 -5.13295
    endloop
  endfacet
  facet normal 0.0979058 0.425466 -0.899663
    outer loop
      vertex -34.1196 17.2712 -5.48328
      vertex -34.7056 17.2933 -5.5366
      vertex -34.7056 17.825 -5.28515
    endloop
  endfacet
  facet normal -0.289947 0.491963 -0.820916
    outer loop
      vertex -36.4579 18.2335 -4.83931
      vertex -37.0213 17.663 -4.98221
      vertex -37.0213 18.1386 -4.69719
    endloop
  endfacet
  facet normal -0.28994 0.570079 -0.768729
    outer loop
      vertex -36.4579 18.6923 -4.49907
      vertex -36.4579 18.2335 -4.83931
      vertex -37.0213 18.1386 -4.69719
    endloop
  endfacet
  facet normal -0.382283 0.395065 -0.835334
    outer loop
      vertex -37.0213 17.663 -4.98221
      vertex -37.5653 17.0756 -5.01106
      vertex -37.5653 17.5568 -4.78348
    endloop
  endfacet
  facet normal -0.470928 0.377155 -0.797484
    outer loop
      vertex -38.0846 17.426 -4.53869
      vertex -37.5653 17.0756 -5.01106
      vertex -38.0846 16.9694 -4.75463
    endloop
  endfacet
  facet normal -0.382293 0.550443 -0.742203
    outer loop
      vertex -37.0213 18.5839 -4.36694
      vertex -37.0213 18.1386 -4.69719
      vertex -37.5653 18.0134 -4.50984
    endloop
  endfacet
  facet normal -0.470958 0.525526 -0.708535
    outer loop
      vertex -37.5653 18.4409 -4.19276
      vertex -37.5653 18.0134 -4.50984
      vertex -38.0846 18.2648 -3.9782
    endloop
  endfacet
  facet normal -0.289979 0.322403 -0.901093
    outer loop
      vertex -36.4579 17.2273 -5.37715
      vertex -36.4579 16.6895 -5.56957
      vertex -37.0213 16.6399 -5.40601
    endloop
  endfacet
  facet normal -0.19487 0.143899 -0.970216
    outer loop
      vertex -35.8804 16.1579 -5.82102
      vertex -35.8804 15.5817 -5.90648
      vertex -36.4579 16.1355 -5.70835
    endloop
  endfacet
  facet normal -0.470948 -0.0432863 -0.881098
    outer loop
      vertex -38.0846 15 -5.14637
      vertex -37.5653 14.4684 -5.39782
      vertex -38.0846 14.4956 -5.12159
    endloop
  endfacet
  facet normal -0.470947 0.129425 -0.872615
    outer loop
      vertex -38.0846 16.004 -5.04749
      vertex -37.5653 15.5316 -5.39782
      vertex -38.0846 15.5044 -5.12159
    endloop
  endfacet
  facet normal 0.382281 0.475009 -0.792608
    outer loop
      vertex -32.4347 17.5568 -4.78348
      vertex -32.9787 17.663 -4.98221
      vertex -32.4347 18.0134 -4.50984
    endloop
  endfacet
  facet normal 0.55512 0.427603 -0.71344
    outer loop
      vertex -31.4258 17.6774 -4.00706
      vertex -31.9154 17.426 -4.53869
      vertex -31.9154 17.8592 -4.27905
    endloop
  endfacet
  facet normal 0.555087 0.751952 -0.355594
    outer loop
      vertex -31.4258 19.2502 -2.27178
      vertex -31.9154 19.5387 -2.42598
      vertex -31.9154 19.7546 -1.96943
    endloop
  endfacet
  facet normal 0.633861 0.772516 0.0379384
    outer loop
      vertex -30.9706 19.4243 0.435755
      vertex -30.9706 19.4457 0
      vertex -31.4258 19.796 0.472368
    endloop
  endfacet
  facet normal 0.290093 0.768627 -0.570139
    outer loop
      vertex -32.9787 19.3669 -3.58385
      vertex -33.5421 19.4991 -3.69229
      vertex -32.9787 19.6972 -3.13856
    endloop
  endfacet
  facet normal 0.382332 0.742144 -0.550495
    outer loop
      vertex -32.4347 19.5098 -3.01338
      vertex -32.9787 19.3669 -3.58385
      vertex -32.9787 19.6972 -3.13856
    endloop
  endfacet
  facet normal 0.241539 0.108254 -0.964334
    outer loop
      vertex -27.2583 2 -5.74164
      vertex -27.8295 2 -5.88471
      vertex -33.5421 15.5705 -5.79216
    endloop
  endfacet
  facet normal 0.195078 0.088781 -0.976761
    outer loop
      vertex -27.8295 2 -5.88471
      vertex -34.1196 15.5817 -5.90648
      vertex -33.5421 15.5705 -5.79216
    endloop
  endfacet
  facet normal 0.420131 0.185392 -0.888324
    outer loop
      vertex -26.1716 2 -5.29153
      vertex -26.7039 2 -5.54328
      vertex -32.4347 16.0582 -5.31972
    endloop
  endfacet
  facet normal 0.470921 0.377164 -0.797484
    outer loop
      vertex -31.9154 17.426 -4.53869
      vertex -32.4347 17.0756 -5.01106
      vertex -32.4347 17.5568 -4.78348
    endloop
  endfacet
  facet normal 0.0979036 0.335291 -0.937014
    outer loop
      vertex -34.1196 17.2712 -5.48328
      vertex -34.7056 16.7396 -5.73473
      vertex -34.7056 17.2933 -5.5366
    endloop
  endfacet
  facet normal 0.194887 0.419311 -0.886678
    outer loop
      vertex -33.5421 17.7436 -5.13295
      vertex -34.1196 17.2712 -5.48328
      vertex -34.1196 17.7978 -5.23425
    endloop
  endfacet
  facet normal 0.470929 0.2972 -0.830601
    outer loop
      vertex -31.9154 16.4939 -4.92477
      vertex -32.4347 17.0756 -5.01106
      vertex -31.9154 16.9694 -4.75463
    endloop
  endfacet
  facet normal 0.634181 0.275292 -0.722515
    outer loop
      vertex -30.9706 16.7013 -4.1073
      vertex -25.1936 2 -4.63806
      vertex -31.4258 16.8442 -4.4524
    endloop
  endfacet
  facet normal 0 0.146752 -0.989173
    outer loop
      vertex -35.2944 15.5874 -5.96392
      vertex -34.7056 16.1691 -5.87762
      vertex -34.7056 15.5874 -5.96392
    endloop
  endfacet
  facet normal 0 0.146752 -0.989173
    outer loop
      vertex -34.7056 16.1691 -5.87762
      vertex -35.2944 15.5874 -5.96392
      vertex -35.2944 16.1691 -5.87762
    endloop
  endfacet
  facet normal 0.0978681 0.335326 -0.937005
    outer loop
      vertex -34.1196 16.7229 -5.6795
      vertex -34.7056 16.7396 -5.73473
      vertex -34.1196 17.2712 -5.48328
    endloop
  endfacet
  facet normal -0.470948 0.0432863 0.881098
    outer loop
      vertex -37.5653 15.5316 5.39782
      vertex -38.0846 15.5044 5.12159
      vertex -38.0846 15 5.14637
    endloop
  endfacet
  facet normal -0.633907 0.187913 0.750234
    outer loop
      vertex -38.5742 15.9402 4.72664
      vertex -39.0294 16.2905 4.25428
      vertex -39.0294 15.8673 4.36028
    endloop
  endfacet
  facet normal -0.0978751 0.799372 0.592811
    outer loop
      vertex -35.2944 19.6325 3.80177
      vertex -35.2944 19.9828 3.32941
      vertex -35.8804 19.5879 3.76516
    endloop
  endfacet
  facet normal -0 0.595671 0.803228
    outer loop
      vertex -35.2944 18.8018 4.63248
      vertex -34.7056 18.3294 4.98281
      vertex -34.7056 18.8018 4.63248
    endloop
  endfacet
  facet normal 0 0.595671 0.803228
    outer loop
      vertex -34.7056 18.3294 4.98281
      vertex -35.2944 18.8018 4.63248
      vertex -35.2944 18.3294 4.98281
    endloop
  endfacet
  facet normal -0.706682 0.699853 0.103956
    outer loop
      vertex -39.0294 19.4243 0.435755
      vertex -39.4457 19.01 0.394945
      vertex -39.4457 18.9519 0.786087
    endloop
  endfacet
  facet normal -0.772691 0.470383 0.426249
    outer loop
      vertex -39.4457 18.1147 2.55619
      vertex -39.8192 17.5273 2.52734
      vertex -39.4457 17.8492 2.84918
    endloop
  endfacet
  facet normal -0.706733 0.606821 0.363726
    outer loop
      vertex -39.0294 18.9208 2.09569
      vertex -39.4457 18.5536 1.89942
      vertex -39.0294 18.6965 2.4699
    endloop
  endfacet
  facet normal -0.831102 0.539464 0.135088
    outer loop
      vertex -39.8192 18.4203 1.03753
      vertex -39.8192 18.5055 0.69729
      vertex -40.1464 17.9518 0.895416
    endloop
  endfacet
  facet normal -0.470909 0.881117 0.0433194
    outer loop
      vertex -37.5653 20.3978 0.531638
      vertex -38.0846 20.1464 0
      vertex -38.0846 20.1216 0.504432
    endloop
  endfacet
  facet normal -0.555148 0.82275 0.122035
    outer loop
      vertex -38.0846 20.1216 0.504432
      vertex -38.5742 19.796 0.472368
      vertex -38.0846 20.0475 1.00401
    endloop
  endfacet
  facet normal -0.289967 0.570098 0.768705
    outer loop
      vertex -36.4579 18.6923 4.49907
      vertex -37.0213 18.5839 4.36694
      vertex -37.0213 18.1386 4.69719
    endloop
  endfacet
  facet normal -0.470929 0.830614 0.297163
    outer loop
      vertex -37.5653 20.1904 1.57448
      vertex -38.0846 19.9248 1.49391
      vertex -37.5653 20.0111 2.07565
    endloop
  endfacet
  facet normal -0.633861 0.772516 0.0379384
    outer loop
      vertex -38.5742 19.796 0.472368
      vertex -39.0294 19.4457 0
      vertex -39.0294 19.4243 0.435755
    endloop
  endfacet
  facet normal -0.706681 0.706681 0.0347052
    outer loop
      vertex -39.0294 19.4457 0
      vertex -39.4457 19.0294 0
      vertex -39.0294 19.4243 0.435755
    endloop
  endfacet
  facet normal -0.47098 0.653588 0.592453
    outer loop
      vertex -37.5653 18.8353 3.8353
      vertex -37.5653 19.1928 3.44091
      vertex -38.0846 18.639 3.63903
    endloop
  endfacet
  facet normal -0.831123 0.446688 0.331215
    outer loop
      vertex -39.8192 17.9718 1.98572
      vertex -40.1464 17.3844 1.95686
      vertex -39.8192 17.7629 2.26745
    endloop
  endfacet
  facet normal -0.706716 0.238339 0.666143
    outer loop
      vertex -39.0294 16.7013 4.1073
      vertex -39.4457 16.542 3.72264
      vertex -39.0294 16.2905 4.25428
    endloop
  endfacet
  facet normal -0.633908 0.397616 0.663372
    outer loop
      vertex -38.5742 17.2718 4.25019
      vertex -39.0294 17.4699 3.69647
      vertex -39.0294 17.0957 3.92076
    endloop
  endfacet
  facet normal -0.831076 -0.331331 0.44669
    outer loop
      vertex -39.8192 13.0143 2.97184
      vertex -40.1464 13.0431 2.38444
      vertex -39.8192 12.7326 2.76289
    endloop
  endfacet
  facet normal -0.980733 0.131208 0.144729
    outer loop
      vertex -40.8202 16.0309 1.03088
      vertex -40.9351 15.6225 0.622524
      vertex -40.9351 15.5585 0.680545
    endloop
  endfacet
  facet normal -0.956853 -0.249279 0.149305
    outer loop
      vertex -40.8202 13.7878 0.809955
      vertex -40.8202 13.7143 0.68724
      vertex -40.6493 13.3193 1.123
    endloop
  endfacet
  facet normal -0.900889 -0.392334 0.185668
    outer loop
      vertex -40.4239 12.7376 1.20929
      vertex -40.4239 12.6299 0.981709
      vertex -34.8847 0 1.17054
    endloop
  endfacet
  facet normal -0.923677 -0.360791 0.12904
    outer loop
      vertex -40.6493 13.1325 0.773533
      vertex -40.6493 13.0657 0.586763
      vertex -40.4239 12.6299 0.981709
    endloop
  endfacet
  facet normal -0.956855 -0.273593 0.0978531
    outer loop
      vertex -40.6493 13.1325 0.773533
      vertex -40.8202 13.6049 0.4232
      vertex -40.6493 13.0657 0.586763
    endloop
  endfacet
  facet normal -0.995174 -0.0788293 -0.0584273
    outer loop
      vertex -40.9928 14.7724 -0.186769
      vertex -40.9351 14.3195 -0.558509
      vertex -40.9928 14.7552 -0.163563
    endloop
  endfacet
  facet normal -0.956847 -0.215296 -0.19517
    outer loop
      vertex -40.8202 13.9691 -1.03088
      vertex -40.6493 13.4375 -1.28232
      vertex -40.8202 13.873 -0.92487
    endloop
  endfacet
  facet normal -0.831109 0.331215 -0.446714
    outer loop
      vertex -40.1464 16.9569 -2.38444
      vertex -39.8192 16.9857 -2.97184
      vertex -40.1464 16.7137 -2.56476
    endloop
  endfacet
  facet normal -0.956854 0.0142545 -0.290218
    outer loop
      vertex -40.6493 15.1981 -2.01161
      vertex -40.6493 15 -2.02134
      vertex -40.8202 15 -1.45788
    endloop
  endfacet
  facet normal -0.923669 -0.228286 -0.307769
    outer loop
      vertex -40.6493 13.877 -1.68068
      vertex -40.4239 13.5748 -2.13299
      vertex -40.6493 13.7177 -1.56252
    endloop
  endfacet
  facet normal -0.956846 -0.233434 -0.173072
    outer loop
      vertex -40.8202 13.873 -0.92487
      vertex -40.6493 13.4375 -1.28232
      vertex -40.8202 13.7878 -0.809955
    endloop
  endfacet
  facet normal -0.923662 -0.346379 -0.16392
    outer loop
      vertex -40.6493 13.2173 -0.952852
      vertex -40.4239 12.7376 -1.20929
      vertex -40.4239 12.6299 -0.981709
    endloop
  endfacet
  facet normal -0.881723 -0.158951 -0.444185
    outer loop
      vertex -40.4239 14.2553 -2.45487
      vertex -40.1464 14.1046 -2.95179
      vertex -40.4239 14.0183 -2.37006
    endloop
  endfacet
  facet normal -0.915481 -0.399838 -0.0449878
    outer loop
      vertex -40.4239 12.447 -0.251446
      vertex -34.9711 0 -0.588102
      vertex -35 0 0
    endloop
  endfacet
  facet normal -0.923679 -0.38271 -0.018721
    outer loop
      vertex -40.6493 12.9884 -0.198126
      vertex -40.4239 12.447 -0.251446
      vertex -40.4239 12.4347 0
    endloop
  endfacet
  facet normal -0.980735 0.156917 0.116341
    outer loop
      vertex -40.8202 16.2122 0.809955
      vertex -40.9351 15.6805 0.558509
      vertex -40.8202 16.127 0.92487
    endloop
  endfacet
  facet normal -0.923662 0.328705 0.196982
    outer loop
      vertex -40.4239 17.2624 1.20929
      vertex -40.6493 16.7827 0.952852
      vertex -40.4239 17.133 1.42522
    endloop
  endfacet
  facet normal -0.923673 -0.0187979 0.38272
    outer loop
      vertex -40.6493 15 2.02134
      vertex -40.6493 14.8019 2.01161
      vertex -40.4239 15 2.56533
    endloop
  endfacet
  facet normal -0.995174 -0.0970381 0.0146005
    outer loop
      vertex -40.9928 14.7113 0.057435
      vertex -40.9928 14.707 0.0288563
      vertex -40.9351 14.1239 0.0862923
    endloop
  endfacet
  facet normal -0.98073 0.195127 -0.0097233
    outer loop
      vertex -40.8202 16.4579 0
      vertex -40.9351 15.8761 -0.0862923
      vertex -40.9351 15.8804 0
    endloop
  endfacet
  facet normal -0.956851 0.124264 -0.262668
    outer loop
      vertex -40.8202 15.6872 -1.28574
      vertex -40.6493 15.7735 -1.86747
      vertex -40.8202 15.5579 -1.34691
    endloop
  endfacet
  facet normal -0.956854 -0.0142545 -0.290218
    outer loop
      vertex -40.8202 14.8571 -1.45086
      vertex -40.6493 15 -2.02134
      vertex -40.6493 14.8019 -2.01161
    endloop
  endfacet
  facet normal -0.995176 0.0886214 -0.0420746
    outer loop
      vertex -40.9928 15.272 -0.112664
      vertex -40.9351 15.7764 -0.415009
      vertex -40.9928 15.2596 -0.138782
    endloop
  endfacet
  facet normal -0.995176 0.0886639 0.0420036
    outer loop
      vertex -40.9351 15.8134 0.336907
      vertex -40.9928 15.272 0.112664
      vertex -40.9351 15.7764 0.415009
    endloop
  endfacet
  facet normal -0.8311 0.0815704 -0.550109
    outer loop
      vertex -40.1464 15.6018 -3.02535
      vertex -39.8192 15.6973 -3.50552
      vertex -40.1464 15.3023 -3.06976
    endloop
  endfacet
  facet normal -0.881724 0.114631 -0.457626
    outer loop
      vertex -40.4239 15.7447 -2.45487
      vertex -40.1464 15.8954 -2.95179
      vertex -40.4239 15.5005 -2.51604
    endloop
  endfacet
  facet normal -0.881733 0.466626 0.069331
    outer loop
      vertex -40.1464 18.0698 0.302345
      vertex -40.4239 17.553 0.251446
      vertex -40.4239 17.516 0.500471
    endloop
  endfacet
  facet normal -0.881734 0.471184 0.0230489
    outer loop
      vertex -40.1464 18.0698 0.302345
      vertex -40.4239 17.5653 0
      vertex -40.4239 17.553 0.251446
    endloop
  endfacet
  facet normal -0.831099 0.50275 -0.237734
    outer loop
      vertex -39.8192 18.3021 -1.36779
      vertex -40.1464 17.7204 -1.45408
      vertex -40.1464 17.8498 -1.18043
    endloop
  endfacet
  facet normal -0.881718 0.457669 -0.114509
    outer loop
      vertex -40.4239 17.516 -0.500471
      vertex -40.1464 17.9518 -0.895416
      vertex -40.4239 17.4549 -0.744676
    endloop
  endfacet
  facet normal -0.923679 0.38271 0.018721
    outer loop
      vertex -40.4239 17.553 0.251446
      vertex -40.4239 17.5653 0
      vertex -40.6493 17.0116 0.198126
    endloop
  endfacet
  facet normal -0.881737 0.471177 -0.0230644
    outer loop
      vertex -40.1464 18.0846 0
      vertex -40.1464 18.0698 -0.302345
      vertex -40.4239 17.5653 0
    endloop
  endfacet
  facet normal -0.772687 0.627898 -0.0932676
    outer loop
      vertex -39.4457 19.01 -0.394945
      vertex -39.4457 18.9519 -0.786087
      vertex -39.8192 18.557 -0.350332
    endloop
  endfacet
  facet normal -0.772692 0.509821 -0.378192
    outer loop
      vertex -39.4457 18.3503 -2.23859
      vertex -39.4457 18.1147 -2.55619
      vertex -39.8192 17.9718 -1.98572
    endloop
  endfacet
  facet normal -0.706681 0.706681 -0.0347052
    outer loop
      vertex -39.0294 19.4457 0
      vertex -39.0294 19.4243 -0.435755
      vertex -39.4457 19.0294 0
    endloop
  endfacet
  facet normal -0.77269 0.634019 -0.0311435
    outer loop
      vertex -39.4457 19.0294 0
      vertex -39.4457 19.01 -0.394945
      vertex -39.8192 18.557 -0.350332
    endloop
  endfacet
  facet normal -0.923677 0.360791 0.12904
    outer loop
      vertex -40.4239 17.3701 0.981709
      vertex -40.6493 16.9343 0.586763
      vertex -40.6493 16.8675 0.773533
    endloop
  endfacet
  facet normal -0.633861 0.772516 -0.0379384
    outer loop
      vertex -39.0294 19.4457 0
      vertex -38.5742 19.796 -0.472368
      vertex -39.0294 19.4243 -0.435755
    endloop
  endfacet
  facet normal -0.382286 0.914043 0.135582
    outer loop
      vertex -37.0213 20.5407 1.10212
      vertex -37.5653 20.3978 0.531638
      vertex -37.5653 20.3197 1.05816
    endloop
  endfacet
  facet normal -0.382364 0.913998 0.135667
    outer loop
      vertex -37.0213 20.6221 0.553724
      vertex -37.5653 20.3978 0.531638
      vertex -37.0213 20.5407 1.10212
    endloop
  endfacet
  facet normal -0.470909 0.872635 -0.129434
    outer loop
      vertex -37.5653 20.3978 -0.531638
      vertex -38.0846 20.0475 -1.00401
      vertex -38.0846 20.1216 -0.504432
    endloop
  endfacet
  facet normal -0.555064 0.783199 -0.280185
    outer loop
      vertex -38.5742 19.6117 -1.39895
      vertex -38.0846 19.7546 -1.96943
      vertex -38.5742 19.4524 -1.84424
    endloop
  endfacet
  facet normal -0.28999 0.946658 -0.140515
    outer loop
      vertex -36.4579 20.7922 -0.570477
      vertex -37.0213 20.5407 -1.10212
      vertex -37.0213 20.6221 -0.553724
    endloop
  endfacet
  facet normal -0.382287 0.896364 -0.224473
    outer loop
      vertex -37.0213 20.5407 -1.10212
      vertex -37.5653 20.1904 -1.57448
      vertex -37.5653 20.3197 -1.05816
    endloop
  endfacet
  facet normal -0.555087 0.751952 -0.355594
    outer loop
      vertex -38.0846 19.7546 -1.96943
      vertex -38.0846 19.5387 -2.42598
      vertex -38.5742 19.2502 -2.27178
    endloop
  endfacet
  facet normal -0.706767 0.568223 -0.421429
    outer loop
      vertex -39.0294 18.6965 -2.4699
      vertex -39.0294 18.4366 -2.82033
      vertex -39.4457 18.1147 -2.55619
    endloop
  endfacet
  facet normal -0.706722 0.421454 -0.568261
    outer loop
      vertex -39.4457 17.5562 -3.11473
      vertex -39.0294 17.4699 -3.69647
      vertex -39.4457 17.2386 -3.35028
    endloop
  endfacet
  facet normal -0.706733 0.606821 -0.363726
    outer loop
      vertex -39.0294 18.9208 -2.09569
      vertex -39.0294 18.6965 -2.4699
      vertex -39.4457 18.5536 -1.89942
    endloop
  endfacet
  facet normal -0.831122 0.411997 -0.37349
    outer loop
      vertex -39.8192 17.7629 -2.26745
      vertex -39.8192 17.5273 -2.52734
      vertex -40.1464 17.3844 -1.95686
    endloop
  endfacet
  facet normal -0.772673 0.378154 -0.509878
    outer loop
      vertex -39.4457 17.5562 -3.11473
      vertex -39.4457 17.2386 -3.35028
      vertex -39.8192 16.9857 -2.97184
    endloop
  endfacet
  facet normal -0.881725 0.15894 -0.444184
    outer loop
      vertex -40.1464 16.1804 -2.84981
      vertex -40.1464 15.8954 -2.95179
      vertex -40.4239 15.9817 -2.37006
    endloop
  endfacet
  facet normal -0.881731 0.280973 -0.378951
    outer loop
      vertex -40.1464 16.9569 -2.38444
      vertex -40.1464 16.7137 -2.56476
      vertex -40.4239 16.4252 -2.13299
    endloop
  endfacet
  facet normal 0.0978366 0.984421 -0.146091
    outer loop
      vertex -34.1196 20.9065 -0.581737
      vertex -34.1196 20.821 -1.15787
      vertex -34.7056 20.9639 -0.587394
    endloop
  endfacet
  facet normal -0.19476 0.970225 0.143985
    outer loop
      vertex -35.8804 20.821 1.15787
      vertex -35.8804 20.9065 0.581737
      vertex -36.4579 20.7084 1.13546
    endloop
  endfacet
  facet normal -0.0978482 0.965386 0.241778
    outer loop
      vertex -35.2944 20.7347 1.73961
      vertex -35.8804 20.821 1.15787
      vertex -35.8804 20.6795 1.72286
    endloop
  endfacet
  facet normal 0 0.998792 0.0491409
    outer loop
      vertex -34.7056 20.9928 0
      vertex -35.2944 20.9639 0.587394
      vertex -34.7056 20.9639 0.587394
    endloop
  endfacet
  facet normal 0 0.998792 0.0491409
    outer loop
      vertex -35.2944 20.9639 0.587394
      vertex -34.7056 20.9928 0
      vertex -35.2944 20.9928 0
    endloop
  endfacet
  facet normal -0.097873 0.993997 -0.048905
    outer loop
      vertex -35.2944 20.9928 0
      vertex -35.2944 20.9639 -0.587394
      vertex -35.8804 20.9351 0
    endloop
  endfacet
  facet normal -0.195 0.886652 0.419312
    outer loop
      vertex -35.8804 20.2343 2.79777
      vertex -35.8804 20.4833 2.27125
      vertex -36.4579 20.1329 2.74362
    endloop
  endfacet
  facet normal -0.194847 0.841315 0.504205
    outer loop
      vertex -35.8804 19.9348 3.29734
      vertex -36.4579 20.1329 2.74362
      vertex -36.4579 19.8393 3.23352
    endloop
  endfacet
  facet normal 0 0.90402 0.42749
    outer loop
      vertex -34.7056 20.5366 2.29333
      vertex -35.2944 20.2852 2.82497
      vertex -34.7056 20.2852 2.82497
    endloop
  endfacet
  facet normal 0 0.90402 0.42749
    outer loop
      vertex -35.2944 20.2852 2.82497
      vertex -34.7056 20.5366 2.29333
      vertex -35.2944 20.5366 2.29333
    endloop
  endfacet
  facet normal -0.290113 0.86505 0.409296
    outer loop
      vertex -36.4579 20.3772 2.22729
      vertex -37.0213 20.2192 2.16188
      vertex -36.4579 20.1329 2.74362
    endloop
  endfacet
  facet normal -0.289968 0.820889 0.491995
    outer loop
      vertex -36.4579 19.8393 3.23352
      vertex -37.0213 19.9822 2.66304
      vertex -37.0213 19.6972 3.13856
    endloop
  endfacet
  facet normal -0.194884 0.658696 0.726732
    outer loop
      vertex -35.8804 18.7652 4.58786
      vertex -36.4579 19.1155 4.11549
      vertex -36.4579 18.6923 4.49907
    endloop
  endfacet
  facet normal -0.290086 0.709099 0.642674
    outer loop
      vertex -36.4579 19.4991 3.69229
      vertex -37.0213 19.3669 3.58385
      vertex -37.0213 18.9946 3.99463
    endloop
  endfacet
  facet normal -0.0978889 0.965372 -0.241817
    outer loop
      vertex -35.2944 20.8776 -1.16913
      vertex -35.2944 20.7347 -1.73961
      vertex -35.8804 20.821 -1.15787
    endloop
  endfacet
  facet normal -0.0978887 0.984424 -0.146038
    outer loop
      vertex -35.2944 20.9639 -0.587394
      vertex -35.2944 20.8776 -1.16913
      vertex -35.8804 20.821 -1.15787
    endloop
  endfacet
  facet normal 0 0.97003 -0.242984
    outer loop
      vertex -34.7056 20.7347 -1.73961
      vertex -35.2944 20.8776 -1.16913
      vertex -34.7056 20.8776 -1.16913
    endloop
  endfacet
  facet normal 0 0.97003 -0.242984
    outer loop
      vertex -35.2944 20.8776 -1.16913
      vertex -34.7056 20.7347 -1.73961
      vertex -35.2944 20.7347 -1.73961
    endloop
  endfacet
  facet normal 0.0978365 0.994002 -0.0488682
    outer loop
      vertex -34.1196 20.9065 -0.581737
      vertex -34.7056 20.9639 -0.587394
      vertex -34.1196 20.9351 0
    endloop
  endfacet
  facet normal -0.0978482 0.965386 -0.241778
    outer loop
      vertex -35.8804 20.821 -1.15787
      vertex -35.2944 20.7347 -1.73961
      vertex -35.8804 20.6795 -1.72286
    endloop
  endfacet
  facet normal -0.0978494 0.937035 -0.335247
    outer loop
      vertex -35.2944 20.7347 -1.73961
      vertex -35.8804 20.4833 -2.27125
      vertex -35.8804 20.6795 -1.72286
    endloop
  endfacet
  facet normal -0.0978603 0.937038 -0.335237
    outer loop
      vertex -35.2944 20.7347 -1.73961
      vertex -35.2944 20.5366 -2.29333
      vertex -35.8804 20.4833 -2.27125
    endloop
  endfacet
  facet normal 0.0978494 0.937035 -0.335247
    outer loop
      vertex -34.1196 20.6795 -1.72286
      vertex -34.1196 20.4833 -2.27125
      vertex -34.7056 20.7347 -1.73961
    endloop
  endfacet
  facet normal -0.470848 0.756734 -0.453492
    outer loop
      vertex -38.0846 19.5387 -2.42598
      vertex -37.5653 19.5098 -3.01338
      vertex -38.0846 19.2791 -2.85917
    endloop
  endfacet
  facet normal -0.470953 0.756617 -0.453579
    outer loop
      vertex -37.5653 19.7835 -2.55682
      vertex -37.5653 19.5098 -3.01338
      vertex -38.0846 19.5387 -2.42598
    endloop
  endfacet
  facet normal -0.55516 0.806822 -0.202076
    outer loop
      vertex -38.0846 20.0475 -1.00401
      vertex -38.0846 19.9248 -1.49391
      vertex -38.5742 19.7266 -0.940187
    endloop
  endfacet
  facet normal -0.555067 0.751951 -0.355627
    outer loop
      vertex -38.0846 19.7546 -1.96943
      vertex -38.5742 19.2502 -2.27178
      vertex -38.5742 19.4524 -1.84424
    endloop
  endfacet
  facet normal -0.470929 0.830614 -0.297163
    outer loop
      vertex -37.5653 20.1904 -1.57448
      vertex -37.5653 20.0111 -2.07565
      vertex -38.0846 19.9248 -1.49391
    endloop
  endfacet
  facet normal -0.471023 0.797449 -0.377109
    outer loop
      vertex -37.5653 20.0111 -2.07565
      vertex -38.0846 19.5387 -2.42598
      vertex -38.0846 19.7546 -1.96943
    endloop
  endfacet
  facet normal -0.194992 0.841213 -0.50432
    outer loop
      vertex -35.8804 20.2343 -2.79777
      vertex -35.8804 19.9348 -3.29734
      vertex -36.4579 20.1329 -2.74362
    endloop
  endfacet
  facet normal -0.195 0.886652 -0.419312
    outer loop
      vertex -35.8804 20.4833 -2.27125
      vertex -35.8804 20.2343 -2.79777
      vertex -36.4579 20.1329 -2.74362
    endloop
  endfacet
  facet normal -0.194828 0.923513 -0.330403
    outer loop
      vertex -35.8804 20.6795 -1.72286
      vertex -36.4579 20.3772 -2.22729
      vertex -36.4579 20.5696 -1.68951
    endloop
  endfacet
  facet normal -0.194821 0.923512 -0.330409
    outer loop
      vertex -35.8804 20.6795 -1.72286
      vertex -35.8804 20.4833 -2.27125
      vertex -36.4579 20.3772 -2.22729
    endloop
  endfacet
  facet normal 0.194863 0.787858 -0.584216
    outer loop
      vertex -33.5421 19.4991 -3.69229
      vertex -34.1196 19.5879 -3.76516
      vertex -34.1196 19.9348 -3.29734
    endloop
  endfacet
  facet normal -0.0978759 0.737345 -0.668388
    outer loop
      vertex -35.2944 19.6325 -3.80177
      vertex -35.8804 19.1967 -4.19672
      vertex -35.8804 19.5879 -3.76516
    endloop
  endfacet
  facet normal -0.194836 0.726704 -0.658742
    outer loop
      vertex -35.8804 19.5879 -3.76516
      vertex -35.8804 19.1967 -4.19672
      vertex -36.4579 19.1155 -4.11549
    endloop
  endfacet
  facet normal -0.194849 0.787851 -0.58423
    outer loop
      vertex -35.8804 19.9348 -3.29734
      vertex -36.4579 19.4991 -3.69229
      vertex -36.4579 19.8393 -3.23352
    endloop
  endfacet
  facet normal -0.290086 0.709099 -0.642674
    outer loop
      vertex -36.4579 19.4991 -3.69229
      vertex -37.0213 18.9946 -3.99463
      vertex -37.0213 19.3669 -3.58385
    endloop
  endfacet
  facet normal -0.772666 0.154271 0.615782
    outer loop
      vertex -39.4457 15.7861 3.95193
      vertex -39.8192 16.0375 3.42029
      vertex -39.8192 15.6973 3.50552
    endloop
  endfacet
  facet normal -0.772666 -0.0931242 0.627946
    outer loop
      vertex -39.8192 14.6497 3.55698
      vertex -39.8192 14.3027 3.50552
      vertex -39.4457 14.2139 3.95193
    endloop
  endfacet
  facet normal -0.923669 -0.197027 0.328658
    outer loop
      vertex -40.4239 13.7907 2.26242
      vertex -40.6493 14.0471 1.78266
      vertex -40.4239 13.5748 2.13299
    endloop
  endfacet
  facet normal -0.995175 0.0727122 0.06588
    outer loop
      vertex -40.9351 15.6805 0.558509
      vertex -40.9928 15.2276 0.186769
      vertex -40.9351 15.6225 0.622524
    endloop
  endfacet
  facet normal -0.881731 -0.0231617 0.471183
    outer loop
      vertex -40.1464 15 3.08462
      vertex -40.4239 15 2.56533
      vertex -40.1464 14.6977 3.06976
    endloop
  endfacet
  facet normal -0.706722 0.421454 0.568261
    outer loop
      vertex -39.0294 17.4699 3.69647
      vertex -39.4457 17.5562 3.11473
      vertex -39.4457 17.2386 3.35028
    endloop
  endfacet
  facet normal -0.289991 0.140426 0.946671
    outer loop
      vertex -36.4579 16.1355 5.70835
      vertex -37.0213 16.1021 5.54072
      vertex -36.4579 15.5705 5.79216
    endloop
  endfacet
  facet normal -0.290002 0.140412 0.946669
    outer loop
      vertex -36.4579 15.5705 5.79216
      vertex -37.0213 16.1021 5.54072
      vertex -37.0213 15.5537 5.62206
    endloop
  endfacet
  facet normal -0.0979337 -0.0386916 0.994441
    outer loop
      vertex -35.8804 15 5.93506
      vertex -29.6615 0.19286 5.97139
      vertex -35.2944 15 5.99277
    endloop
  endfacet
  facet normal -0.0994528 -0.03933 0.994265
    outer loop
      vertex -29.6615 0.19286 5.97139
      vertex -35.8804 15 5.93506
      vertex -29.6657 0.185026 5.97066
    endloop
  endfacet
  facet normal -0.0978902 0.04882 0.993999
    outer loop
      vertex -35.2944 15.5874 5.96392
      vertex -35.8804 15 5.93506
      vertex -35.2944 15 5.99277
    endloop
  endfacet
  facet normal -0.555096 -0.202118 0.806856
    outer loop
      vertex -38.0846 13.996 5.04749
      vertex -38.5742 14.0598 4.72664
      vertex -38.0846 13.5061 4.92477
    endloop
  endfacet
  facet normal -0.555099 -0.122063 0.822779
    outer loop
      vertex -38.5742 14.5276 4.79604
      vertex -38.5742 14.0598 4.72664
      vertex -38.0846 13.996 5.04749
    endloop
  endfacet
  facet normal -0.382273 -0.135563 0.914051
    outer loop
      vertex -37.5653 14.4684 5.39782
      vertex -37.5653 13.9418 5.31972
      vertex -37.0213 13.8979 5.54072
    endloop
  endfacet
  facet normal -0.382562 -0.157428 0.910419
    outer loop
      vertex -37.0213 13.8979 5.54072
      vertex -37.5653 13.9418 5.31972
      vertex -31.2961 0 5.54328
    endloop
  endfacet
  facet normal -0.881725 -0.201666 0.426488
    outer loop
      vertex -40.1464 13.8196 2.84981
      vertex -40.4239 14.0183 2.37006
      vertex -40.1464 13.5459 2.72039
    endloop
  endfacet
  facet normal -0.831105 -0.237761 0.502727
    outer loop
      vertex -39.8192 13.6322 3.30213
      vertex -40.1464 13.5459 2.72039
      vertex -39.8192 13.3151 3.15216
    endloop
  endfacet
  facet normal -0.633905 -0.113506 0.765037
    outer loop
      vertex -39.0294 14.5642 4.4243
      vertex -39.0294 14.1327 4.36028
      vertex -38.5742 14.0598 4.72664
    endloop
  endfacet
  facet normal -0.772669 0.0311502 0.634045
    outer loop
      vertex -39.4457 15 4.02935
      vertex -39.8192 15.3503 3.55698
      vertex -39.8192 15 3.57419
    endloop
  endfacet
  facet normal -0.772669 -0.0931317 0.62794
    outer loop
      vertex -39.4457 14.6051 4.00995
      vertex -39.8192 14.6497 3.55698
      vertex -39.4457 14.2139 3.95193
    endloop
  endfacet
  facet normal -0.77268 -0.154232 0.615774
    outer loop
      vertex -39.4457 14.2139 3.95193
      vertex -39.8192 13.9625 3.42029
      vertex -39.4457 13.8303 3.85585
    endloop
  endfacet
  facet normal 0.194835 0.330486 0.923482
    outer loop
      vertex -34.1196 16.7229 5.6795
      vertex -33.5421 17.2273 5.37715
      vertex -34.1196 17.2712 5.48328
    endloop
  endfacet
  facet normal 0.194901 0.330417 0.923492
    outer loop
      vertex -33.5421 16.6895 5.56957
      vertex -33.5421 17.2273 5.37715
      vertex -34.1196 16.7229 5.6795
    endloop
  endfacet
  facet normal 0.555067 0.280232 0.78318
    outer loop
      vertex -31.9154 16.4939 4.92477
      vertex -31.4258 16.399 4.61173
      vertex -31.9154 16.9694 4.75463
    endloop
  endfacet
  facet normal 0.194869 0.238314 0.951437
    outer loop
      vertex -33.5421 16.1355 5.70835
      vertex -34.1196 16.7229 5.6795
      vertex -34.1196 16.1579 5.82102
    endloop
  endfacet
  facet normal 0.382265 0.224549 0.896355
    outer loop
      vertex -32.4347 16.0582 5.31972
      vertex -32.4347 16.5745 5.19038
      vertex -32.9787 16.1021 5.54072
    endloop
  endfacet
  facet normal 0.470951 0.214368 0.855717
    outer loop
      vertex -32.4347 16.0582 5.31972
      vertex -31.9154 16.4939 4.92477
      vertex -32.4347 16.5745 5.19038
    endloop
  endfacet
  facet normal 0.633908 0.397616 0.663372
    outer loop
      vertex -30.9706 17.0957 3.92076
      vertex -30.9706 17.4699 3.69647
      vertex -31.4258 17.2718 4.25019
    endloop
  endfacet
  facet normal 0.470958 0.525526 0.708535
    outer loop
      vertex -32.4347 18.0134 4.50984
      vertex -31.9154 18.2648 3.9782
      vertex -32.4347 18.4409 4.19276
    endloop
  endfacet
  facet normal 0.382289 0.474999 0.79261
    outer loop
      vertex -32.9787 17.663 4.98221
      vertex -32.4347 18.0134 4.50984
      vertex -32.9787 18.1386 4.69719
    endloop
  endfacet
  facet normal 0.289962 0.642777 0.709056
    outer loop
      vertex -32.9787 18.5839 4.36694
      vertex -32.9787 18.9946 3.99463
      vertex -33.5421 18.6923 4.49907
    endloop
  endfacet
  facet normal 0.194836 0.726704 0.658742
    outer loop
      vertex -33.5421 19.1155 4.11549
      vertex -34.1196 19.5879 3.76516
      vertex -34.1196 19.1967 4.19672
    endloop
  endfacet
  facet normal 0.194863 0.726719 0.658717
    outer loop
      vertex -33.5421 19.1155 4.11549
      vertex -33.5421 19.4991 3.69229
      vertex -34.1196 19.5879 3.76516
    endloop
  endfacet
  facet normal 0.194894 0.504296 0.84125
    outer loop
      vertex -33.5421 17.7436 5.13295
      vertex -34.1196 18.2973 4.93482
      vertex -34.1196 17.7978 5.23425
    endloop
  endfacet
  facet normal 0.0978934 0.425455 0.899669
    outer loop
      vertex -34.1196 17.2712 5.48328
      vertex -34.1196 17.7978 5.23425
      vertex -34.7056 17.825 5.28515
    endloop
  endfacet
  facet normal 0.290036 0.709074 0.642724
    outer loop
      vertex -32.9787 18.9946 3.99463
      vertex -33.5421 19.4991 3.69229
      vertex -33.5421 19.1155 4.11549
    endloop
  endfacet
  facet normal 0.290093 0.768627 0.570139
    outer loop
      vertex -32.9787 19.3669 3.58385
      vertex -32.9787 19.6972 3.13856
      vertex -33.5421 19.4991 3.69229
    endloop
  endfacet
  facet normal -0.289979 0.322403 0.901093
    outer loop
      vertex -36.4579 16.6895 5.56957
      vertex -36.4579 17.2273 5.37715
      vertex -37.0213 16.6399 5.40601
    endloop
  endfacet
  facet normal -0.382285 0.311337 0.870016
    outer loop
      vertex -37.0213 16.6399 5.40601
      vertex -37.5653 17.0756 5.01106
      vertex -37.5653 16.5745 5.19038
    endloop
  endfacet
  facet normal -0.0979036 0.335291 0.937014
    outer loop
      vertex -35.2944 17.2933 5.5366
      vertex -35.8804 17.2712 5.48328
      vertex -35.2944 16.7396 5.73473
    endloop
  endfacet
  facet normal -0.0979058 0.425466 0.899663
    outer loop
      vertex -35.2944 17.2933 5.5366
      vertex -35.2944 17.825 5.28515
      vertex -35.8804 17.2712 5.48328
    endloop
  endfacet
  facet normal 0.634181 0.275292 0.722515
    outer loop
      vertex -25.1936 2 4.63806
      vertex -30.9706 16.7013 4.1073
      vertex -31.4258 16.8442 4.4524
    endloop
  endfacet
  facet normal 0.555088 0.355616 0.751941
    outer loop
      vertex -31.9154 16.9694 4.75463
      vertex -31.4258 17.2718 4.25019
      vertex -31.9154 17.426 4.53869
    endloop
  endfacet
  facet normal 0.867839 0.368207 0.333585
    outer loop
      vertex -23.4567 2 2.2961
      vertex -29.8536 17.3844 1.95686
      vertex -29.8536 17.1812 2.18115
    endloop
  endfacet
  facet normal 0.831068 0.412172 0.373416
    outer loop
      vertex -29.8536 17.1812 2.18115
      vertex -29.8536 17.3844 1.95686
      vertex -30.1808 17.5273 2.52734
    endloop
  endfacet
  facet normal 0.805602 0.343316 0.482845
    outer loop
      vertex -24.0112 2 3.33342
      vertex -23.7085 2 2.82838
      vertex -30.1808 16.9857 2.97184
    endloop
  endfacet
  facet normal 0.813178 0.346735 0.467458
    outer loop
      vertex -23.7085 2 2.82838
      vertex -30.1808 17.2674 2.76289
      vertex -30.1808 16.9857 2.97184
    endloop
  endfacet
  facet normal 0.77269 0.426286 -0.470352
    outer loop
      vertex -30.1808 17.5273 -2.52734
      vertex -30.5543 17.5562 -3.11473
      vertex -30.5543 17.8492 -2.84918
    endloop
  endfacet
  facet normal 0.706739 0.363718 -0.606819
    outer loop
      vertex -30.5543 16.8994 -3.55357
      vertex -30.9706 17.0957 -3.92076
      vertex -30.9706 17.4699 -3.69647
    endloop
  endfacet
  facet normal 0.881741 0.404639 0.242487
    outer loop
      vertex -29.5761 17.133 1.42522
      vertex -29.5761 17.2624 1.20929
      vertex -29.8536 17.7204 1.45408
    endloop
  endfacet
  facet normal 0.881743 0.426394 0.201786
    outer loop
      vertex -29.5761 17.2624 1.20929
      vertex -29.5761 17.3701 0.981709
      vertex -29.8536 17.7204 1.45408
    endloop
  endfacet
  facet normal 0.831115 0.555435 0.0271889
    outer loop
      vertex -29.8536 18.0698 0.302345
      vertex -29.8536 18.0846 0
      vertex -30.1808 18.5742 0
    endloop
  endfacet
  facet normal 0.83109 0.555468 0.0272714
    outer loop
      vertex -29.8536 18.0698 0.302345
      vertex -30.1808 18.5742 0
      vertex -30.1808 18.557 0.350332
    endloop
  endfacet
  facet normal 0.83109 0.550111 0.0816546
    outer loop
      vertex -30.1808 18.5055 0.69729
      vertex -29.8536 18.0698 0.302345
      vertex -30.1808 18.557 0.350332
    endloop
  endfacet
  facet normal 0.706704 0.686309 0.171899
    outer loop
      vertex -30.5543 18.8559 1.16966
      vertex -30.9706 19.3603 0.867314
      vertex -30.9706 19.2543 1.29052
    endloop
  endfacet
  facet normal 0.9168 0.387405 0.0969285
    outer loop
      vertex -23.0289 2 0.588102
      vertex -29.5761 17.516 0.500471
      vertex -29.5761 17.4549 0.744676
    endloop
  endfacet
  facet normal 0.706682 0.699853 0.103956
    outer loop
      vertex -30.5543 18.9519 0.786087
      vertex -30.5543 19.01 0.394945
      vertex -30.9706 19.4243 0.435755
    endloop
  endfacet
  facet normal 0.555178 0.83073 0.0408007
    outer loop
      vertex -31.4258 19.796 0.472368
      vertex -31.4258 19.8192 0
      vertex -31.9154 20.1464 0
    endloop
  endfacet
  facet normal 0.706681 0.706681 0.0347052
    outer loop
      vertex -30.9706 19.4243 0.435755
      vertex -30.5543 19.0294 0
      vertex -30.9706 19.4457 0
    endloop
  endfacet
  facet normal 0.772798 0.331222 0.541364
    outer loop
      vertex -24.0112 2 3.33342
      vertex -30.1808 16.9857 2.97184
      vertex -30.5543 17.2386 3.35028
    endloop
  endfacet
  facet normal 0.772688 0.378173 0.509841
    outer loop
      vertex -30.1808 16.9857 2.97184
      vertex -30.1808 17.2674 2.76289
      vertex -30.5543 17.5562 3.11473
    endloop
  endfacet
  facet normal 0.772692 0.509821 0.378192
    outer loop
      vertex -30.5543 18.1147 2.55619
      vertex -30.1808 17.9718 1.98572
      vertex -30.5543 18.3503 2.23859
    endloop
  endfacet
  facet normal 0.470855 0.708557 0.525588
    outer loop
      vertex -31.9154 18.9782 3.26482
      vertex -31.9154 19.2791 2.85917
      vertex -32.4347 19.5098 3.01338
    endloop
  endfacet
  facet normal 0.831123 0.446688 0.331215
    outer loop
      vertex -30.1808 17.7629 2.26745
      vertex -29.8536 17.3844 1.95686
      vertex -30.1808 17.9718 1.98572
    endloop
  endfacet
  facet normal 0.831074 0.373492 0.412092
    outer loop
      vertex -29.8536 16.9569 2.38444
      vertex -29.8536 17.1812 2.18115
      vertex -30.1808 17.5273 2.52734
    endloop
  endfacet
  facet normal 0.920372 0.388419 0.0452281
    outer loop
      vertex -23.0289 2 0.588102
      vertex -23 2 0
      vertex -29.5761 17.553 0.251446
    endloop
  endfacet
  facet normal 0.912795 0.385318 0.135406
    outer loop
      vertex -23.1153 2 1.17054
      vertex -23.0289 2 0.588102
      vertex -29.5761 17.4549 0.744676
    endloop
  endfacet
  facet normal 0.831071 0.477058 -0.285897
    outer loop
      vertex -29.8536 17.5648 -1.71372
      vertex -30.1808 17.9718 -1.98572
      vertex -29.8536 17.7204 -1.45408
    endloop
  endfacet
  facet normal 0.831071 0.44665 -0.331396
    outer loop
      vertex -29.8536 17.3844 -1.95686
      vertex -30.1808 17.9718 -1.98572
      vertex -29.8536 17.5648 -1.71372
    endloop
  endfacet
  facet normal 0.772661 0.62794 -0.0932069
    outer loop
      vertex -30.1808 18.5055 -0.69729
      vertex -30.5543 18.9519 -0.786087
      vertex -30.1808 18.557 -0.350332
    endloop
  endfacet
  facet normal 0.772687 0.627898 -0.0932676
    outer loop
      vertex -30.1808 18.557 -0.350332
      vertex -30.5543 18.9519 -0.786087
      vertex -30.5543 19.01 -0.394945
    endloop
  endfacet
  facet normal 0.706735 0.606817 -0.363729
    outer loop
      vertex -30.5543 18.3503 -2.23859
      vertex -30.9706 18.6965 -2.4699
      vertex -30.5543 18.5536 -1.89942
    endloop
  endfacet
  facet normal 0.772657 0.573918 -0.271329
    outer loop
      vertex -30.1808 18.1522 -1.68486
      vertex -30.5543 18.5536 -1.89942
      vertex -30.1808 18.3021 -1.36779
    endloop
  endfacet
  facet normal 0.881737 0.37885 -0.281091
    outer loop
      vertex -29.5761 17.133 -1.42522
      vertex -29.8536 17.3844 -1.95686
      vertex -29.8536 17.5648 -1.71372
    endloop
  endfacet
  facet normal 0.845045 0.359076 -0.396187
    outer loop
      vertex -23.4567 2 -2.2961
      vertex -29.8536 16.9569 -2.38444
      vertex -29.8536 17.1812 -2.18115
    endloop
  endfacet
  facet normal 0.831072 0.373489 -0.412098
    outer loop
      vertex -29.8536 16.9569 -2.38444
      vertex -30.1808 17.2674 -2.76289
      vertex -30.1808 17.5273 -2.52734
    endloop
  endfacet
  facet normal 0.772688 0.378173 -0.509841
    outer loop
      vertex -30.1808 16.9857 -2.97184
      vertex -30.5543 17.5562 -3.11473
      vertex -30.1808 17.2674 -2.76289
    endloop
  endfacet
  facet normal 0.706758 0.639574 -0.302386
    outer loop
      vertex -30.5543 18.7226 -1.54197
      vertex -30.5543 18.5536 -1.89942
      vertex -30.9706 19.1073 -1.7013
    endloop
  endfacet
  facet normal 0.633847 0.750284 -0.187913
    outer loop
      vertex -30.9706 19.2543 -1.29052
      vertex -31.4258 19.6117 -1.39895
      vertex -31.4258 19.7266 -0.940187
    endloop
  endfacet
  facet normal 0.470905 0.872636 -0.12944
    outer loop
      vertex -31.9154 20.0475 -1.00401
      vertex -32.4347 20.3197 -1.05816
      vertex -32.4347 20.3978 -0.531638
    endloop
  endfacet
  facet normal 0.555155 0.783097 -0.280289
    outer loop
      vertex -31.4258 19.6117 -1.39895
      vertex -31.9154 19.7546 -1.96943
      vertex -31.9154 19.9248 -1.49391
    endloop
  endfacet
  facet normal 0.633914 0.663397 -0.397564
    outer loop
      vertex -30.9706 18.6965 -2.4699
      vertex -31.4258 19.0071 -2.67743
      vertex -31.4258 19.2502 -2.27178
    endloop
  endfacet
  facet normal 0.633913 0.62115 -0.46079
    outer loop
      vertex -30.9706 18.6965 -2.4699
      vertex -31.4258 18.7253 -3.0573
      vertex -31.4258 19.0071 -2.67743
    endloop
  endfacet
  facet normal 0.194849 0.787851 -0.58423
    outer loop
      vertex -33.5421 19.8393 -3.23352
      vertex -33.5421 19.4991 -3.69229
      vertex -34.1196 19.9348 -3.29734
    endloop
  endfacet
  facet normal 0.0978482 0.965386 -0.241778
    outer loop
      vertex -34.1196 20.6795 -1.72286
      vertex -34.7056 20.7347 -1.73961
      vertex -34.1196 20.821 -1.15787
    endloop
  endfacet
  facet normal 0.470861 0.881146 0.0432586
    outer loop
      vertex -32.4347 20.3978 0.531638
      vertex -31.9154 20.1464 0
      vertex -32.4347 20.4239 0
    endloop
  endfacet
  facet normal 0.382389 0.92289 -0.045308
    outer loop
      vertex -32.4347 20.4239 0
      vertex -32.4347 20.3978 -0.531638
      vertex -32.9787 20.6493 0
    endloop
  endfacet
  facet normal 0.382366 0.922898 -0.0453345
    outer loop
      vertex -32.4347 20.3978 -0.531638
      vertex -32.9787 20.6221 -0.553724
      vertex -32.9787 20.6493 0
    endloop
  endfacet
  facet normal 0.470861 0.881146 -0.0432586
    outer loop
      vertex -31.9154 20.1464 0
      vertex -32.4347 20.3978 -0.531638
      vertex -32.4347 20.4239 0
    endloop
  endfacet
  facet normal 0.290084 0.946645 -0.140409
    outer loop
      vertex -32.9787 20.5407 -1.10212
      vertex -33.5421 20.7084 -1.13546
      vertex -33.5421 20.7922 -0.570477
    endloop
  endfacet
  facet normal 0.194834 0.970222 -0.143906
    outer loop
      vertex -33.5421 20.7922 -0.570477
      vertex -33.5421 20.7084 -1.13546
      vertex -34.1196 20.9065 -0.581737
    endloop
  endfacet
  facet normal 0.382337 0.792572 0.475023
    outer loop
      vertex -32.4347 19.5098 3.01338
      vertex -32.9787 19.9822 2.66304
      vertex -32.9787 19.6972 3.13856
    endloop
  endfacet
  facet normal 0.470953 0.756617 0.453579
    outer loop
      vertex -32.4347 19.5098 3.01338
      vertex -31.9154 19.5387 2.42598
      vertex -32.4347 19.7835 2.55682
    endloop
  endfacet
  facet normal 0.555089 0.71348 0.427578
    outer loop
      vertex -31.4258 19.0071 2.67743
      vertex -31.4258 19.2502 2.27178
      vertex -31.9154 19.5387 2.42598
    endloop
  endfacet
  facet normal 0.772696 0.544459 0.326351
    outer loop
      vertex -30.1808 17.9718 1.98572
      vertex -30.5543 18.5536 1.89942
      vertex -30.5543 18.3503 2.23859
    endloop
  endfacet
  facet normal 0.555067 0.751951 0.355627
    outer loop
      vertex -31.4258 19.2502 2.27178
      vertex -31.4258 19.4524 1.84424
      vertex -31.9154 19.7546 1.96943
    endloop
  endfacet
  facet normal 0.555114 0.668048 0.49554
    outer loop
      vertex -31.4258 18.7253 3.0573
      vertex -31.9154 19.2791 2.85917
      vertex -31.9154 18.9782 3.26482
    endloop
  endfacet
  facet normal 0.0978887 0.984424 0.146038
    outer loop
      vertex -34.1196 20.821 1.15787
      vertex -34.7056 20.9639 0.587394
      vertex -34.7056 20.8776 1.16913
    endloop
  endfacet
  facet normal 0.0978603 0.937038 0.335237
    outer loop
      vertex -34.1196 20.4833 2.27125
      vertex -34.7056 20.7347 1.73961
      vertex -34.7056 20.5366 2.29333
    endloop
  endfacet
  facet normal -0.70672 0.103831 -0.699832
    outer loop
      vertex -39.0294 15.8673 -4.36028
      vertex -39.0294 15.4358 -4.4243
      vertex -39.4457 15.7861 -3.95193
    endloop
  endfacet
  facet normal -0.382283 -0.135573 -0.914046
    outer loop
      vertex -37.5653 14.4684 -5.39782
      vertex -37.0213 14.4463 -5.62206
      vertex -37.0213 13.8979 -5.54072
    endloop
  endfacet
  facet normal -0.555096 -0.0408006 -0.830785
    outer loop
      vertex -38.5742 15 -4.81924
      vertex -38.0846 15 -5.14637
      vertex -38.5742 14.5276 -4.79604
    endloop
  endfacet
  facet normal -0.633893 -0.0379377 -0.77249
    outer loop
      vertex -39.0294 15 -4.44571
      vertex -38.5742 15 -4.81924
      vertex -38.5742 14.5276 -4.79604
    endloop
  endfacet
  facet normal -0.47094 0.0432762 -0.881103
    outer loop
      vertex -37.5653 15.5316 -5.39782
      vertex -37.5653 15 -5.42393
      vertex -38.0846 15 -5.14637
    endloop
  endfacet
  facet normal -0.470948 0.0432863 -0.881098
    outer loop
      vertex -38.0846 15.5044 -5.12159
      vertex -37.5653 15.5316 -5.39782
      vertex -38.0846 15 -5.14637
    endloop
  endfacet
  facet normal -0.881731 -0.280973 -0.378951
    outer loop
      vertex -40.4239 13.5748 -2.13299
      vertex -40.1464 13.2863 -2.56476
      vertex -40.1464 13.0431 -2.38444
    endloop
  endfacet
  facet normal -0.840649 -0.363699 -0.401288
    outer loop
      vertex -40.1464 13.0431 -2.38444
      vertex -34.2915 0 -2.82838
      vertex -40.1464 12.8188 -2.18115
    endloop
  endfacet
  facet normal -0.772647 -0.271417 -0.573889
    outer loop
      vertex -39.8192 13.6322 -3.30213
      vertex -39.4457 13.1006 -3.55357
      vertex -39.8192 13.3151 -3.15216
    endloop
  endfacet
  facet normal -0.772643 -0.32641 -0.544499
    outer loop
      vertex -39.8192 13.3151 -3.15216
      vertex -39.4457 13.1006 -3.55357
      vertex -39.8192 13.0143 -2.97184
    endloop
  endfacet
  facet normal -0.980731 0.00958683 -0.195128
    outer loop
      vertex -40.9351 15.0863 -0.876143
      vertex -40.8202 15 -1.45788
      vertex -40.9351 15 -0.880383
    endloop
  endfacet
  facet normal -0.881732 -0.316805 -0.349547
    outer loop
      vertex -40.4239 13.186 -1.81396
      vertex -40.1464 13.0431 -2.38444
      vertex -40.1464 12.8188 -2.18115
    endloop
  endfacet
  facet normal -0.831105 -0.237761 -0.502727
    outer loop
      vertex -40.1464 13.5459 -2.72039
      vertex -39.8192 13.6322 -3.30213
      vertex -39.8192 13.3151 -3.15216
    endloop
  endfacet
  facet normal -0.980731 -0.0658077 -0.183945
    outer loop
      vertex -40.9351 14.6631 -0.813367
      vertex -40.8202 14.5768 -1.3951
      vertex -40.8202 14.4421 -1.34691
    endloop
  endfacet
  facet normal -0.194861 -0.0481325 -0.979649
    outer loop
      vertex -36.4579 15 -5.82019
      vertex -35.8804 15 -5.93506
      vertex -36.4579 14.4295 -5.79216
    endloop
  endfacet
  facet normal -0.290002 -0.0469643 -0.955873
    outer loop
      vertex -37.0213 15 -5.64926
      vertex -36.4579 15 -5.82019
      vertex -36.4579 14.4295 -5.79216
    endloop
  endfacet
  facet normal -0.706712 0.238348 -0.666144
    outer loop
      vertex -39.4457 16.542 -3.72264
      vertex -39.0294 16.2905 -4.25428
      vertex -39.4457 16.1697 -3.85585
    endloop
  endfacet
  facet normal -0.772669 0.0931317 -0.62794
    outer loop
      vertex -39.4457 15.7861 -3.95193
      vertex -39.4457 15.3949 -4.00995
      vertex -39.8192 15.3503 -3.55698
    endloop
  endfacet
  facet normal -0.633899 0.113497 -0.765043
    outer loop
      vertex -38.5742 15.9402 -4.72664
      vertex -38.5742 15.4724 -4.79604
      vertex -39.0294 15.4358 -4.4243
    endloop
  endfacet
  facet normal -0.555099 0.122063 -0.822779
    outer loop
      vertex -38.5742 15.9402 -4.72664
      vertex -38.0846 16.004 -5.04749
      vertex -38.5742 15.4724 -4.79604
    endloop
  endfacet
  facet normal -0.633907 0.187913 -0.750234
    outer loop
      vertex -39.0294 16.2905 -4.25428
      vertex -38.5742 15.9402 -4.72664
      vertex -39.0294 15.8673 -4.36028
    endloop
  endfacet
  facet normal -0.555104 0.355589 -0.751941
    outer loop
      vertex -38.5742 17.2718 -4.25019
      vertex -38.0846 16.9694 -4.75463
      vertex -38.5742 16.8442 -4.4524
    endloop
  endfacet
  facet normal -0.633923 0.51935 -0.573077
    outer loop
      vertex -39.0294 18.1436 -3.14359
      vertex -38.5742 18.0573 -3.72533
      vertex -39.0294 17.8203 -3.43658
    endloop
  endfacet
  facet normal -0.633921 0.460731 -0.621186
    outer loop
      vertex -39.0294 17.8203 -3.43658
      vertex -38.5742 18.0573 -3.72533
      vertex -39.0294 17.4699 -3.69647
    endloop
  endfacet
  facet normal -0.923676 -0.0562077 -0.379029
    outer loop
      vertex -40.6493 14.6057 -1.9825
      vertex -40.4239 14.7486 -2.55298
      vertex -40.4239 14.4995 -2.51604
    endloop
  endfacet
  facet normal -0.881728 -0.0231471 -0.47119
    outer loop
      vertex -40.4239 15 -2.56533
      vertex -40.1464 14.6977 -3.06976
      vertex -40.4239 14.7486 -2.55298
    endloop
  endfacet
  facet normal -0.980731 -0.0835469 -0.1766
    outer loop
      vertex -40.9351 14.585 -0.776428
      vertex -40.8202 14.4421 -1.34691
      vertex -40.8202 14.3128 -1.28574
    endloop
  endfacet
  facet normal -0.923672 -0.0562371 -0.379035
    outer loop
      vertex -40.6493 14.8019 -2.01161
      vertex -40.4239 14.7486 -2.55298
      vertex -40.6493 14.6057 -1.9825
    endloop
  endfacet
  facet normal -0.772669 -0.0931317 -0.62794
    outer loop
      vertex -39.8192 14.6497 -3.55698
      vertex -39.4457 14.6051 -4.00995
      vertex -39.4457 14.2139 -3.95193
    endloop
  endfacet
  facet normal -0.77267 -0.0311483 -0.634044
    outer loop
      vertex -39.8192 14.6497 -3.55698
      vertex -39.4457 15 -4.02935
      vertex -39.4457 14.6051 -4.00995
    endloop
  endfacet
  facet normal -0.706712 -0.238348 -0.666144
    outer loop
      vertex -39.4457 13.8303 -3.85585
      vertex -39.0294 13.7095 -4.25428
      vertex -39.4457 13.458 -3.72264
    endloop
  endfacet
  facet normal -0.772685 -0.213853 -0.597683
    outer loop
      vertex -39.8192 13.9625 -3.42029
      vertex -39.4457 13.8303 -3.85585
      vertex -39.4457 13.458 -3.72264
    endloop
  endfacet
  facet normal -0.70672 -0.103831 -0.699832
    outer loop
      vertex -39.4457 14.2139 -3.95193
      vertex -39.0294 14.5642 -4.4243
      vertex -39.0294 14.1327 -4.36028
    endloop
  endfacet
  facet normal -0.633905 -0.113506 -0.765037
    outer loop
      vertex -39.0294 14.5642 -4.4243
      vertex -38.5742 14.0598 -4.72664
      vertex -39.0294 14.1327 -4.36028
    endloop
  endfacet
  facet normal -0.0978924 0.511685 -0.853578
    outer loop
      vertex -35.8804 18.2973 -4.93482
      vertex -35.2944 17.825 -5.28515
      vertex -35.8804 17.7978 -5.23425
    endloop
  endfacet
  facet normal 0.0978769 0.241805 -0.965376
    outer loop
      vertex -34.1196 16.7229 -5.6795
      vertex -34.1196 16.1579 -5.82102
      vertex -34.7056 16.7396 -5.73473
    endloop
  endfacet
  facet normal 0.194894 0.504296 -0.84125
    outer loop
      vertex -33.5421 17.7436 -5.13295
      vertex -34.1196 17.7978 -5.23425
      vertex -34.1196 18.2973 -4.93482
    endloop
  endfacet
  facet normal 0.289983 0.322407 -0.90109
    outer loop
      vertex -32.9787 17.1619 -5.21924
      vertex -32.9787 16.6399 -5.40601
      vertex -33.5421 17.2273 -5.37715
    endloop
  endfacet
  facet normal 0.194826 0.419374 -0.886661
    outer loop
      vertex -33.5421 17.2273 -5.37715
      vertex -34.1196 17.2712 -5.48328
      vertex -33.5421 17.7436 -5.13295
    endloop
  endfacet
  facet normal 0.097874 0.146047 -0.984424
    outer loop
      vertex -34.1196 16.1579 -5.82102
      vertex -34.7056 15.5874 -5.96392
      vertex -34.7056 16.1691 -5.87762
    endloop
  endfacet
  facet normal 0.19484 0.658736 -0.726708
    outer loop
      vertex -33.5421 19.1155 -4.11549
      vertex -34.1196 18.7652 -4.58786
      vertex -34.1196 19.1967 -4.19672
    endloop
  endfacet
  facet normal 0.0978759 0.737345 -0.668388
    outer loop
      vertex -34.1196 19.5879 -3.76516
      vertex -34.1196 19.1967 -4.19672
      vertex -34.7056 19.6325 -3.80177
    endloop
  endfacet
  facet normal 0 0.595671 -0.803228
    outer loop
      vertex -35.2944 18.3294 -4.98281
      vertex -34.7056 18.8018 -4.63248
      vertex -34.7056 18.3294 -4.98281
    endloop
  endfacet
  facet normal 0 0.595671 -0.803228
    outer loop
      vertex -34.7056 18.8018 -4.63248
      vertex -35.2944 18.3294 -4.98281
      vertex -35.2944 18.8018 -4.63248
    endloop
  endfacet
  facet normal 0.470958 0.525526 -0.708535
    outer loop
      vertex -31.9154 18.2648 -3.9782
      vertex -32.4347 18.0134 -4.50984
      vertex -32.4347 18.4409 -4.19276
    endloop
  endfacet
  facet normal 0.194842 0.58425 -0.787838
    outer loop
      vertex -33.5421 18.2335 -4.83931
      vertex -34.1196 18.2973 -4.93482
      vertex -33.5421 18.6923 -4.49907
    endloop
  endfacet
  facet normal 0.28994 0.570079 -0.768729
    outer loop
      vertex -32.9787 18.1386 -4.69719
      vertex -33.5421 18.2335 -4.83931
      vertex -33.5421 18.6923 -4.49907
    endloop
  endfacet
  facet normal 0.194879 0.584215 -0.787855
    outer loop
      vertex -33.5421 18.6923 -4.49907
      vertex -34.1196 18.2973 -4.93482
      vertex -34.1196 18.7652 -4.58786
    endloop
  endfacet
  facet normal -0.0978681 0.335326 -0.937005
    outer loop
      vertex -35.8804 17.2712 -5.48328
      vertex -35.2944 16.7396 -5.73473
      vertex -35.8804 16.7229 -5.6795
    endloop
  endfacet
  facet normal -0.194835 0.330486 -0.923482
    outer loop
      vertex -35.8804 17.2712 -5.48328
      vertex -35.8804 16.7229 -5.6795
      vertex -36.4579 17.2273 -5.37715
    endloop
  endfacet
  facet normal -0.194852 0.143918 -0.970217
    outer loop
      vertex -36.4579 16.1355 -5.70835
      vertex -35.8804 15.5817 -5.90648
      vertex -36.4579 15.5705 -5.79216
    endloop
  endfacet
  facet normal -0.289991 0.140426 -0.946671
    outer loop
      vertex -36.4579 16.1355 -5.70835
      vertex -36.4579 15.5705 -5.79216
      vertex -37.0213 16.1021 -5.54072
    endloop
  endfacet
  facet normal -0.194845 0.504256 -0.841286
    outer loop
      vertex -35.8804 18.2973 -4.93482
      vertex -36.4579 17.7436 -5.13295
      vertex -36.4579 18.2335 -4.83931
    endloop
  endfacet
  facet normal -0.194842 0.58425 -0.787838
    outer loop
      vertex -36.4579 18.6923 -4.49907
      vertex -35.8804 18.2973 -4.93482
      vertex -36.4579 18.2335 -4.83931
    endloop
  endfacet
  facet normal -0.555127 0.495456 -0.6681
    outer loop
      vertex -38.5742 18.0573 -3.72533
      vertex -38.0846 17.8592 -4.27905
      vertex -38.5742 17.6774 -4.00706
    endloop
  endfacet
  facet normal -0.555071 0.495543 -0.668081
    outer loop
      vertex -38.0846 18.2648 -3.9782
      vertex -38.0846 17.8592 -4.27905
      vertex -38.5742 18.0573 -3.72533
    endloop
  endfacet
  facet normal -0.470917 0.453487 -0.756695
    outer loop
      vertex -37.5653 18.0134 -4.50984
      vertex -37.5653 17.5568 -4.78348
      vertex -38.0846 17.426 -4.53869
    endloop
  endfacet
  facet normal -0.382281 0.475009 -0.792608
    outer loop
      vertex -37.5653 18.0134 -4.50984
      vertex -37.0213 17.663 -4.98221
      vertex -37.5653 17.5568 -4.78348
    endloop
  endfacet
  facet normal -0.47098 0.653588 -0.592453
    outer loop
      vertex -37.5653 19.1928 -3.44091
      vertex -37.5653 18.8353 -3.8353
      vertex -38.0846 18.639 -3.63903
    endloop
  endfacet
  facet normal -0.382251 0.684643 -0.620603
    outer loop
      vertex -37.5653 19.1928 -3.44091
      vertex -37.0213 18.9946 -3.99463
      vertex -37.5653 18.8353 -3.8353
    endloop
  endfacet
  facet normal -0.382333 0.620604 -0.684596
    outer loop
      vertex -37.0213 18.9946 -3.99463
      vertex -37.0213 18.5839 -4.36694
      vertex -37.5653 18.4409 -4.19276
    endloop
  endfacet
  facet normal -0.289962 0.642777 -0.709056
    outer loop
      vertex -37.0213 18.9946 -3.99463
      vertex -36.4579 18.6923 -4.49907
      vertex -37.0213 18.5839 -4.36694
    endloop
  endfacet
  facet normal -0.382285 0.311337 -0.870016
    outer loop
      vertex -37.5653 17.0756 -5.01106
      vertex -37.0213 16.6399 -5.40601
      vertex -37.5653 16.5745 -5.19038
    endloop
  endfacet
  facet normal -0.382287 0.224521 -0.896352
    outer loop
      vertex -37.0213 16.6399 -5.40601
      vertex -37.0213 16.1021 -5.54072
      vertex -37.5653 16.5745 -5.19038
    endloop
  endfacet
  facet normal 0.382285 0.311337 -0.870016
    outer loop
      vertex -32.4347 16.5745 -5.19038
      vertex -32.9787 16.6399 -5.40601
      vertex -32.4347 17.0756 -5.01106
    endloop
  endfacet
  facet normal 0.382332 0.395109 -0.835291
    outer loop
      vertex -32.4347 17.0756 -5.01106
      vertex -32.9787 17.1619 -5.21924
      vertex -32.9787 17.663 -4.98221
    endloop
  endfacet
  facet normal 0.470988 0.653591 -0.592443
    outer loop
      vertex -31.9154 18.9782 -3.26482
      vertex -31.9154 18.639 -3.63903
      vertex -32.4347 19.1928 -3.44091
    endloop
  endfacet
  facet normal 0.382253 0.620556 -0.684685
    outer loop
      vertex -32.4347 18.8353 -3.8353
      vertex -32.4347 18.4409 -4.19276
      vertex -32.9787 18.9946 -3.99463
    endloop
  endfacet
  facet normal 0.382265 0.224549 -0.896355
    outer loop
      vertex -32.4347 16.0582 -5.31972
      vertex -32.9787 16.1021 -5.54072
      vertex -32.4347 16.5745 -5.19038
    endloop
  endfacet
  facet normal 0.382645 0.170425 -0.908041
    outer loop
      vertex -32.4347 16.0582 -5.31972
      vertex -26.7039 2 -5.54328
      vertex -32.9787 16.1021 -5.54072
    endloop
  endfacet
  facet normal 0.470954 0.297225 -0.830578
    outer loop
      vertex -31.9154 16.4939 -4.92477
      vertex -32.4347 16.5745 -5.19038
      vertex -32.4347 17.0756 -5.01106
    endloop
  endfacet
  facet normal 0.61234 0.266395 -0.744361
    outer loop
      vertex -31.4258 16.8442 -4.4524
      vertex -25.1936 2 -4.63806
      vertex -31.4258 16.399 -4.61173
    endloop
  endfacet
  facet normal 0.633921 0.460731 -0.621186
    outer loop
      vertex -30.9706 17.4699 -3.69647
      vertex -31.4258 18.0573 -3.72533
      vertex -30.9706 17.8203 -3.43658
    endloop
  endfacet
  facet normal 0.633907 0.330679 -0.699152
    outer loop
      vertex -30.9706 16.7013 -4.1073
      vertex -31.4258 17.2718 -4.25019
      vertex -30.9706 17.0957 -3.92076
    endloop
  endfacet
  facet normal -0.382287 0.0453306 0.922931
    outer loop
      vertex -37.0213 15 5.64926
      vertex -37.5653 15.5316 5.39782
      vertex -37.5653 15 5.42393
    endloop
  endfacet
  facet normal -0.38228 0.0453383 0.922933
    outer loop
      vertex -37.0213 15.5537 5.62206
      vertex -37.5653 15.5316 5.39782
      vertex -37.0213 15 5.64926
    endloop
  endfacet
  facet normal -0.555096 -0.0408006 0.830785
    outer loop
      vertex -38.5742 15 4.81924
      vertex -38.5742 14.5276 4.79604
      vertex -38.0846 15 5.14637
    endloop
  endfacet
  facet normal -0.194845 0.504256 0.841286
    outer loop
      vertex -35.8804 18.2973 4.93482
      vertex -36.4579 18.2335 4.83931
      vertex -36.4579 17.7436 5.13295
    endloop
  endfacet
  facet normal -0.470948 -0.0432863 0.881098
    outer loop
      vertex -38.0846 15 5.14637
      vertex -38.0846 14.4956 5.12159
      vertex -37.5653 14.4684 5.39782
    endloop
  endfacet
  facet normal -0.555086 -0.0408148 0.830791
    outer loop
      vertex -38.0846 15 5.14637
      vertex -38.5742 14.5276 4.79604
      vertex -38.0846 14.4956 5.12159
    endloop
  endfacet
  facet normal -0.0978921 0.59281 0.799371
    outer loop
      vertex -35.2944 18.8018 4.63248
      vertex -35.8804 18.7652 4.58786
      vertex -35.2944 18.3294 4.98281
    endloop
  endfacet
  facet normal -0.194879 0.584215 0.787855
    outer loop
      vertex -35.8804 18.7652 4.58786
      vertex -36.4579 18.6923 4.49907
      vertex -35.8804 18.2973 4.93482
    endloop
  endfacet
  facet normal -0 0.67161 0.740905
    outer loop
      vertex -35.2944 19.2375 4.23753
      vertex -34.7056 18.8018 4.63248
      vertex -34.7056 19.2375 4.23753
    endloop
  endfacet
  facet normal 0 0.67161 0.740905
    outer loop
      vertex -34.7056 18.8018 4.63248
      vertex -35.2944 19.2375 4.23753
      vertex -35.2944 18.8018 4.63248
    endloop
  endfacet
  facet normal 0 0.740909 0.671606
    outer loop
      vertex -34.7056 19.6325 3.80177
      vertex -35.2944 19.2375 4.23753
      vertex -34.7056 19.2375 4.23753
    endloop
  endfacet
  facet normal 0 0.740909 0.671606
    outer loop
      vertex -35.2944 19.2375 4.23753
      vertex -34.7056 19.6325 3.80177
      vertex -35.2944 19.6325 3.80177
    endloop
  endfacet
  facet normal -0.555088 0.355616 0.751941
    outer loop
      vertex -38.0846 17.426 4.53869
      vertex -38.5742 17.2718 4.25019
      vertex -38.0846 16.9694 4.75463
    endloop
  endfacet
  facet normal -0.555104 0.355589 0.751941
    outer loop
      vertex -38.0846 16.9694 4.75463
      vertex -38.5742 17.2718 4.25019
      vertex -38.5742 16.8442 4.4524
    endloop
  endfacet
  facet normal -0.633889 0.460704 0.621238
    outer loop
      vertex -38.5742 18.0573 3.72533
      vertex -39.0294 17.4699 3.69647
      vertex -38.5742 17.6774 4.00706
    endloop
  endfacet
  facet normal -0.289981 0.232556 0.928347
    outer loop
      vertex -36.4579 16.6895 5.56957
      vertex -37.0213 16.6399 5.40601
      vertex -36.4579 16.1355 5.70835
    endloop
  endfacet
  facet normal -0.382248 0.896369 0.224521
    outer loop
      vertex -37.0213 20.406 1.63989
      vertex -37.0213 20.5407 1.10212
      vertex -37.5653 20.1904 1.57448
    endloop
  endfacet
  facet normal -0.382287 0.896364 0.224473
    outer loop
      vertex -37.0213 20.5407 1.10212
      vertex -37.5653 20.3197 1.05816
      vertex -37.5653 20.1904 1.57448
    endloop
  endfacet
  facet normal -0.88173 0.46663 0.0693478
    outer loop
      vertex -40.1464 18.0253 0.601778
      vertex -40.1464 18.0698 0.302345
      vertex -40.4239 17.516 0.500471
    endloop
  endfacet
  facet normal -0.555089 0.71348 0.427578
    outer loop
      vertex -38.0846 19.5387 2.42598
      vertex -38.5742 19.2502 2.27178
      vertex -38.5742 19.0071 2.67743
    endloop
  endfacet
  facet normal -0.923662 0.346379 0.16392
    outer loop
      vertex -40.4239 17.3701 0.981709
      vertex -40.6493 16.7827 0.952852
      vertex -40.4239 17.2624 1.20929
    endloop
  endfacet
  facet normal -0.706758 0.66609 0.238364
    outer loop
      vertex -39.0294 19.1073 1.7013
      vertex -39.0294 19.2543 1.29052
      vertex -39.4457 18.7226 1.54197
    endloop
  endfacet
  facet normal -0.881745 0.281005 0.378896
    outer loop
      vertex -40.1464 16.9569 2.38444
      vertex -40.4239 16.6274 1.98303
      vertex -40.4239 16.4252 2.13299
    endloop
  endfacet
  facet normal -0.881725 0.15894 0.444184
    outer loop
      vertex -40.1464 16.1804 2.84981
      vertex -40.4239 15.9817 2.37006
      vertex -40.1464 15.8954 2.95179
    endloop
  endfacet
  facet normal -0.471027 0.830522 0.297264
    outer loop
      vertex -37.5653 20.0111 2.07565
      vertex -38.0846 19.9248 1.49391
      vertex -38.0846 19.7546 1.96943
    endloop
  endfacet
  facet normal -0.470956 0.797445 0.377202
    outer loop
      vertex -37.5653 19.7835 2.55682
      vertex -37.5653 20.0111 2.07565
      vertex -38.0846 19.5387 2.42598
    endloop
  endfacet
  facet normal -0.633894 0.69917 0.330664
    outer loop
      vertex -38.5742 19.4524 1.84424
      vertex -39.0294 19.1073 1.7013
      vertex -38.5742 19.2502 2.27178
    endloop
  endfacet
  facet normal -0.772639 0.509952 0.378124
    outer loop
      vertex -39.4457 18.1147 2.55619
      vertex -39.8192 17.9718 1.98572
      vertex -39.8192 17.7629 2.26745
    endloop
  endfacet
  facet normal -0.633921 0.460731 0.621186
    outer loop
      vertex -38.5742 18.0573 3.72533
      vertex -39.0294 17.8203 3.43658
      vertex -39.0294 17.4699 3.69647
    endloop
  endfacet
  facet normal -0.555103 0.280273 0.78314
    outer loop
      vertex -38.0846 16.9694 4.75463
      vertex -38.5742 16.8442 4.4524
      vertex -38.5742 16.399 4.61173
    endloop
  endfacet
  facet normal -0.470921 0.377164 0.797484
    outer loop
      vertex -37.5653 17.5568 4.78348
      vertex -38.0846 17.426 4.53869
      vertex -37.5653 17.0756 5.01106
    endloop
  endfacet
  facet normal -0.382253 0.620556 0.684685
    outer loop
      vertex -37.0213 18.9946 3.99463
      vertex -37.5653 18.8353 3.8353
      vertex -37.5653 18.4409 4.19276
    endloop
  endfacet
  facet normal -0.706724 0.524203 0.475133
    outer loop
      vertex -39.0294 18.1436 3.14359
      vertex -39.0294 18.4366 2.82033
      vertex -39.4457 17.8492 2.84918
    endloop
  endfacet
  facet normal -0.706767 0.524229 0.475042
    outer loop
      vertex -39.0294 18.4366 2.82033
      vertex -39.4457 18.1147 2.55619
      vertex -39.4457 17.8492 2.84918
    endloop
  endfacet
  facet normal -0.923681 -0.360769 0.129067
    outer loop
      vertex -40.4239 12.6299 0.981709
      vertex -40.6493 13.0657 0.586763
      vertex -40.4239 12.5451 0.744676
    endloop
  endfacet
  facet normal -0.956848 -0.287446 -0.0426297
    outer loop
      vertex -40.8202 13.5491 -0.142897
      vertex -40.6493 13.0175 -0.394343
      vertex -40.6493 12.9884 -0.198126
    endloop
  endfacet
  facet normal -0.92368 -0.257304 0.283919
    outer loop
      vertex -40.6493 13.7177 1.56252
      vertex -40.6493 13.5707 1.4293
      vertex -40.4239 13.186 1.81396
    endloop
  endfacet
  facet normal -0.881727 -0.378894 0.281065
    outer loop
      vertex -40.4239 13.017 1.62743
      vertex -40.4239 12.867 1.42522
      vertex -40.1464 12.6156 1.95686
    endloop
  endfacet
  facet normal -0.923669 -0.307745 0.228317
    outer loop
      vertex -40.6493 13.4375 1.28232
      vertex -40.6493 13.3193 1.123
      vertex -40.4239 12.867 1.42522
    endloop
  endfacet
  facet normal -0.840649 -0.363699 0.401288
    outer loop
      vertex -40.1464 13.0431 2.38444
      vertex -40.1464 12.8188 2.18115
      vertex -34.2915 0 2.82838
    endloop
  endfacet
  facet normal -0.831117 -0.237716 0.502727
    outer loop
      vertex -40.1464 13.8196 2.84981
      vertex -40.1464 13.5459 2.72039
      vertex -39.8192 13.6322 3.30213
    endloop
  endfacet
  facet normal -0.881725 -0.15894 0.444184
    outer loop
      vertex -40.1464 14.1046 2.95179
      vertex -40.4239 14.0183 2.37006
      vertex -40.1464 13.8196 2.84981
    endloop
  endfacet
  facet normal -0.923665 -0.379039 -0.0563174
    outer loop
      vertex -40.6493 13.0175 -0.394343
      vertex -40.4239 12.484 -0.500471
      vertex -40.4239 12.447 -0.251446
    endloop
  endfacet
  facet normal -0.92368 -0.379018 0.0562104
    outer loop
      vertex -40.6493 13.0175 0.394343
      vertex -40.6493 12.9884 0.198126
      vertex -40.4239 12.447 0.251446
    endloop
  endfacet
  facet normal -0.95685 -0.287436 -0.042652
    outer loop
      vertex -40.8202 13.5701 -0.284418
      vertex -40.6493 13.0175 -0.394343
      vertex -40.8202 13.5491 -0.142897
    endloop
  endfacet
  facet normal -0.980731 -0.193247 0.0286756
    outer loop
      vertex -40.9351 14.1365 0.171754
      vertex -40.8202 13.5491 0.142897
      vertex -40.8202 13.5701 0.284418
    endloop
  endfacet
  facet normal -0.92368 0.371708 -0.0930012
    outer loop
      vertex -40.4239 17.516 -0.500471
      vertex -40.4239 17.4549 -0.744676
      vertex -40.6493 16.9343 -0.586763
    endloop
  endfacet
  facet normal -0.980732 0.16758 -0.100406
    outer loop
      vertex -40.9351 15.7764 -0.415009
      vertex -40.8202 16.2122 -0.809955
      vertex -40.9351 15.732 -0.489114
    endloop
  endfacet
  facet normal -0.881728 0.0231471 -0.47119
    outer loop
      vertex -40.4239 15.2514 -2.55298
      vertex -40.1464 15.3023 -3.06976
      vertex -40.4239 15 -2.56533
    endloop
  endfacet
  facet normal -0.923673 0.0187979 -0.38272
    outer loop
      vertex -40.6493 15.1981 -2.01161
      vertex -40.4239 15 -2.56533
      vertex -40.6493 15 -2.02134
    endloop
  endfacet
  facet normal -0.980731 -0.176591 -0.0835618
    outer loop
      vertex -40.9351 14.2236 -0.415009
      vertex -40.8202 13.7143 -0.68724
      vertex -40.8202 13.6531 -0.557906
    endloop
  endfacet
  facet normal -0.995176 -0.0923744 -0.0330452
    outer loop
      vertex -40.9928 14.728 -0.112664
      vertex -40.9351 14.1866 -0.336907
      vertex -40.9351 14.1575 -0.255561
    endloop
  endfacet
  facet normal -0.980735 -0.144727 -0.131198
    outer loop
      vertex -40.9351 14.3195 -0.558509
      vertex -40.8202 13.9691 -1.03088
      vertex -40.8202 13.873 -0.92487
    endloop
  endfacet
  facet normal -0.956849 -0.195154 -0.215303
    outer loop
      vertex -40.8202 14.0751 -1.12696
      vertex -40.6493 13.7177 -1.56252
      vertex -40.8202 13.9691 -1.03088
    endloop
  endfacet
  facet normal -0.923662 -0.328705 -0.196982
    outer loop
      vertex -40.6493 13.2173 -0.952852
      vertex -40.4239 12.867 -1.42522
      vertex -40.4239 12.7376 -1.20929
    endloop
  endfacet
  facet normal -0.956855 -0.273593 -0.0978531
    outer loop
      vertex -40.8202 13.6049 -0.4232
      vertex -40.6493 13.1325 -0.773533
      vertex -40.6493 13.0657 -0.586763
    endloop
  endfacet
  facet normal -0.900889 -0.392334 -0.185668
    outer loop
      vertex -40.4239 12.6299 -0.981709
      vertex -40.4239 12.7376 -1.20929
      vertex -34.8847 0 -1.17054
    endloop
  endfacet
  facet normal -0.907343 -0.395824 -0.141608
    outer loop
      vertex -40.4239 12.6299 -0.981709
      vertex -34.8847 0 -1.17054
      vertex -40.4239 12.5451 -0.744676
    endloop
  endfacet
  facet normal -0.923664 -0.371719 -0.0931132
    outer loop
      vertex -40.6493 13.0175 -0.394343
      vertex -40.6493 13.0657 -0.586763
      vertex -40.4239 12.484 -0.500471
    endloop
  endfacet
  facet normal -0.92368 -0.371708 -0.0930012
    outer loop
      vertex -40.6493 13.0657 -0.586763
      vertex -40.4239 12.5451 -0.744676
      vertex -40.4239 12.484 -0.500471
    endloop
  endfacet
  facet normal -0.956849 0.195154 0.215303
    outer loop
      vertex -40.6493 16.2823 1.56252
      vertex -40.8202 16.0309 1.03088
      vertex -40.8202 15.9249 1.12696
    endloop
  endfacet
  facet normal -0.956851 0.215317 0.19513
    outer loop
      vertex -40.6493 16.5625 1.28232
      vertex -40.8202 16.0309 1.03088
      vertex -40.6493 16.4293 1.4293
    endloop
  endfacet
  facet normal -0.923672 0.0562371 0.379035
    outer loop
      vertex -40.4239 15.2514 2.55298
      vertex -40.6493 15.3943 1.9825
      vertex -40.6493 15.1981 2.01161
    endloop
  endfacet
  facet normal -0.956856 0.0706056 0.281854
    outer loop
      vertex -40.6493 15.5868 1.9343
      vertex -40.8202 15.4232 1.3951
      vertex -40.8202 15.2844 1.42987
    endloop
  endfacet
  facet normal -0.923678 0.346391 -0.163808
    outer loop
      vertex -40.6493 16.8675 -0.773533
      vertex -40.4239 17.3701 -0.981709
      vertex -40.6493 16.7827 -0.952852
    endloop
  endfacet
  facet normal -0.956856 0.281838 -0.0706718
    outer loop
      vertex -40.8202 16.4299 -0.284418
      vertex -40.6493 16.9343 -0.586763
      vertex -40.8202 16.3951 -0.4232
    endloop
  endfacet
  facet normal -0.956854 0.233359 -0.17313
    outer loop
      vertex -40.6493 16.6807 -1.123
      vertex -40.6493 16.5625 -1.28232
      vertex -40.8202 16.2122 -0.809955
    endloop
  endfacet
  facet normal -0.923673 0.307753 -0.228292
    outer loop
      vertex -40.4239 17.133 -1.42522
      vertex -40.4239 16.983 -1.62743
      vertex -40.6493 16.5625 -1.28232
    endloop
  endfacet
  facet normal -0.95685 0.287436 -0.042652
    outer loop
      vertex -40.8202 16.4509 -0.142897
      vertex -40.6493 16.9825 -0.394343
      vertex -40.8202 16.4299 -0.284418
    endloop
  endfacet
  facet normal -0.772657 0.573918 0.271329
    outer loop
      vertex -39.4457 18.5536 1.89942
      vertex -39.8192 18.3021 1.36779
      vertex -39.8192 18.1522 1.68486
    endloop
  endfacet
  facet normal -0.995174 0.0970381 0.0146005
    outer loop
      vertex -40.9351 15.8761 0.0862923
      vertex -40.9928 15.293 0.0288563
      vertex -40.9928 15.2887 0.057435
    endloop
  endfacet
  facet normal -0.95685 -0.287436 0.042652
    outer loop
      vertex -40.8202 13.5701 0.284418
      vertex -40.8202 13.5491 0.142897
      vertex -40.6493 13.0175 0.394343
    endloop
  endfacet
  facet normal -0.980731 0.0835469 -0.1766
    outer loop
      vertex -40.8202 15.6872 -1.28574
      vertex -40.8202 15.5579 -1.34691
      vertex -40.9351 15.415 -0.776428
    endloop
  endfacet
  facet normal -0.92367 -0.197035 -0.328649
    outer loop
      vertex -40.6493 14.0471 -1.78266
      vertex -40.4239 13.5748 -2.13299
      vertex -40.6493 13.877 -1.68068
    endloop
  endfacet
  facet normal -0.956855 0.273593 -0.0978531
    outer loop
      vertex -40.6493 16.9343 -0.586763
      vertex -40.6493 16.8675 -0.773533
      vertex -40.8202 16.3951 -0.4232
    endloop
  endfacet
  facet normal -0.980738 0.19324 0.0284902
    outer loop
      vertex -40.8202 16.4509 0.142897
      vertex -40.9351 15.8761 0.0862923
      vertex -40.9351 15.8635 0.171754
    endloop
  endfacet
  facet normal -0.831071 0.477058 -0.285897
    outer loop
      vertex -40.1464 17.7204 -1.45408
      vertex -39.8192 17.9718 -1.98572
      vertex -40.1464 17.5648 -1.71372
    endloop
  endfacet
  facet normal -0.831112 0.476938 -0.285979
    outer loop
      vertex -39.8192 18.1522 -1.68486
      vertex -39.8192 17.9718 -1.98572
      vertex -40.1464 17.7204 -1.45408
    endloop
  endfacet
  facet normal -0.831119 0.539452 -0.135029
    outer loop
      vertex -39.8192 18.5055 -0.69729
      vertex -40.1464 17.9518 -0.895416
      vertex -40.1464 18.0253 -0.601778
    endloop
  endfacet
  facet normal -0.831102 0.523596 -0.187395
    outer loop
      vertex -39.8192 18.4203 -1.03753
      vertex -39.8192 18.3021 -1.36779
      vertex -40.1464 17.9518 -0.895416
    endloop
  endfacet
  facet normal -0.831115 0.555435 -0.0271889
    outer loop
      vertex -39.8192 18.5742 0
      vertex -40.1464 18.0698 -0.302345
      vertex -40.1464 18.0846 0
    endloop
  endfacet
  facet normal -0.92368 0.379018 -0.0562104
    outer loop
      vertex -40.4239 17.553 -0.251446
      vertex -40.6493 16.9825 -0.394343
      vertex -40.6493 17.0116 -0.198126
    endloop
  endfacet
  facet normal -0.83109 0.550111 -0.0816546
    outer loop
      vertex -39.8192 18.557 -0.350332
      vertex -39.8192 18.5055 -0.69729
      vertex -40.1464 18.0698 -0.302345
    endloop
  endfacet
  facet normal -0.83109 0.555468 -0.0272714
    outer loop
      vertex -39.8192 18.5742 0
      vertex -39.8192 18.557 -0.350332
      vertex -40.1464 18.0698 -0.302345
    endloop
  endfacet
  facet normal -0.470909 0.881117 -0.0433194
    outer loop
      vertex -38.0846 20.1464 0
      vertex -37.5653 20.3978 -0.531638
      vertex -38.0846 20.1216 -0.504432
    endloop
  endfacet
  facet normal -0.555161 0.822739 -0.122052
    outer loop
      vertex -38.5742 19.796 -0.472368
      vertex -38.0846 20.0475 -1.00401
      vertex -38.5742 19.7266 -0.940187
    endloop
  endfacet
  facet normal -0.83109 0.555468 0.0272714
    outer loop
      vertex -39.8192 18.557 0.350332
      vertex -39.8192 18.5742 0
      vertex -40.1464 18.0698 0.302345
    endloop
  endfacet
  facet normal -0.83109 0.550111 0.0816546
    outer loop
      vertex -39.8192 18.557 0.350332
      vertex -40.1464 18.0698 0.302345
      vertex -39.8192 18.5055 0.69729
    endloop
  endfacet
  facet normal -0.706685 0.706677 -0.0347125
    outer loop
      vertex -39.4457 19.0294 0
      vertex -39.0294 19.4243 -0.435755
      vertex -39.4457 19.01 -0.394945
    endloop
  endfacet
  facet normal -0.706682 0.699853 -0.103956
    outer loop
      vertex -39.0294 19.4243 -0.435755
      vertex -39.4457 18.9519 -0.786087
      vertex -39.4457 19.01 -0.394945
    endloop
  endfacet
  facet normal -0.382286 0.914043 -0.135582
    outer loop
      vertex -37.5653 20.3978 -0.531638
      vertex -37.0213 20.5407 -1.10212
      vertex -37.5653 20.3197 -1.05816
    endloop
  endfacet
  facet normal -0.194834 0.970222 -0.143906
    outer loop
      vertex -35.8804 20.9065 -0.581737
      vertex -36.4579 20.7084 -1.13546
      vertex -36.4579 20.7922 -0.570477
    endloop
  endfacet
  facet normal -0.470861 0.881146 0.0432586
    outer loop
      vertex -37.5653 20.4239 0
      vertex -38.0846 20.1464 0
      vertex -37.5653 20.3978 0.531638
    endloop
  endfacet
  facet normal -0.382366 0.922898 0.0453345
    outer loop
      vertex -37.0213 20.6221 0.553724
      vertex -37.0213 20.6493 0
      vertex -37.5653 20.3978 0.531638
    endloop
  endfacet
  facet normal -0.194826 0.951436 -0.238353
    outer loop
      vertex -36.4579 20.7084 -1.13546
      vertex -35.8804 20.6795 -1.72286
      vertex -36.4579 20.5696 -1.68951
    endloop
  endfacet
  facet normal -0.290084 0.946645 -0.140409
    outer loop
      vertex -36.4579 20.7922 -0.570477
      vertex -36.4579 20.7084 -1.13546
      vertex -37.0213 20.5407 -1.10212
    endloop
  endfacet
  facet normal -0.706732 0.56821 -0.421506
    outer loop
      vertex -39.0294 18.6965 -2.4699
      vertex -39.4457 18.1147 -2.55619
      vertex -39.4457 18.3503 -2.23859
    endloop
  endfacet
  facet normal -0.706724 0.524203 -0.475133
    outer loop
      vertex -39.0294 18.4366 -2.82033
      vertex -39.0294 18.1436 -3.14359
      vertex -39.4457 17.8492 -2.84918
    endloop
  endfacet
  facet normal -0.555089 0.71348 -0.427578
    outer loop
      vertex -38.0846 19.5387 -2.42598
      vertex -38.5742 19.0071 -2.67743
      vertex -38.5742 19.2502 -2.27178
    endloop
  endfacet
  facet normal -0.633914 0.663397 -0.397564
    outer loop
      vertex -38.5742 19.2502 -2.27178
      vertex -38.5742 19.0071 -2.67743
      vertex -39.0294 18.6965 -2.4699
    endloop
  endfacet
  facet normal -0.706733 0.639575 -0.302444
    outer loop
      vertex -39.0294 19.1073 -1.7013
      vertex -39.0294 18.9208 -2.09569
      vertex -39.4457 18.5536 -1.89942
    endloop
  endfacet
  facet normal -0.772692 0.615787 -0.154118
    outer loop
      vertex -39.4457 18.9519 -0.786087
      vertex -39.4457 18.8559 -1.16966
      vertex -39.8192 18.4203 -1.03753
    endloop
  endfacet
  facet normal -0.77269 0.426286 -0.470352
    outer loop
      vertex -39.4457 17.8492 -2.84918
      vertex -39.4457 17.5562 -3.11473
      vertex -39.8192 17.5273 -2.52734
    endloop
  endfacet
  facet normal -0.706723 0.363698 -0.60685
    outer loop
      vertex -39.4457 17.2386 -3.35028
      vertex -39.0294 17.4699 -3.69647
      vertex -39.4457 16.8994 -3.55357
    endloop
  endfacet
  facet normal -0.77269 0.426285 -0.470352
    outer loop
      vertex -39.8192 17.5273 -2.52734
      vertex -39.4457 17.5562 -3.11473
      vertex -39.8192 17.2674 -2.76289
    endloop
  endfacet
  facet normal -0.92367 0.163826 -0.346403
    outer loop
      vertex -40.4239 16.2093 -2.26242
      vertex -40.4239 15.9817 -2.37006
      vertex -40.6493 15.9529 -1.78266
    endloop
  endfacet
  facet normal -0.772671 0.326334 -0.544505
    outer loop
      vertex -39.4457 17.2386 -3.35028
      vertex -39.4457 16.8994 -3.55357
      vertex -39.8192 16.9857 -2.97184
    endloop
  endfacet
  facet normal -0.831105 0.285932 -0.476977
    outer loop
      vertex -39.8192 16.9857 -2.97184
      vertex -39.8192 16.6849 -3.15216
      vertex -40.1464 16.4541 -2.72039
    endloop
  endfacet
  facet normal -0.831109 0.28594 -0.476965
    outer loop
      vertex -40.1464 16.7137 -2.56476
      vertex -39.8192 16.9857 -2.97184
      vertex -40.1464 16.4541 -2.72039
    endloop
  endfacet
  facet normal -0.831105 0.237761 -0.502727
    outer loop
      vertex -39.8192 16.6849 -3.15216
      vertex -39.8192 16.3678 -3.30213
      vertex -40.1464 16.4541 -2.72039
    endloop
  endfacet
  facet normal -0.0978366 0.984421 0.146091
    outer loop
      vertex -35.2944 20.9639 0.587394
      vertex -35.8804 20.9065 0.581737
      vertex -35.8804 20.821 1.15787
    endloop
  endfacet
  facet normal -0.0978887 0.984424 0.146038
    outer loop
      vertex -35.2944 20.8776 1.16913
      vertex -35.2944 20.9639 0.587394
      vertex -35.8804 20.821 1.15787
    endloop
  endfacet
  facet normal 0 0.998792 -0.0491409
    outer loop
      vertex -34.7056 20.9639 -0.587394
      vertex -35.2944 20.9928 0
      vertex -34.7056 20.9928 0
    endloop
  endfacet
  facet normal 0 0.998792 -0.0491409
    outer loop
      vertex -35.2944 20.9928 0
      vertex -34.7056 20.9639 -0.587394
      vertex -35.2944 20.9639 -0.587394
    endloop
  endfacet
  facet normal -0.194828 0.923513 0.330403
    outer loop
      vertex -35.8804 20.6795 1.72286
      vertex -36.4579 20.5696 1.68951
      vertex -36.4579 20.3772 2.22729
    endloop
  endfacet
  facet normal -0.194762 0.951465 0.238291
    outer loop
      vertex -35.8804 20.821 1.15787
      vertex -36.4579 20.7084 1.13546
      vertex -35.8804 20.6795 1.72286
    endloop
  endfacet
  facet normal -0.194911 0.979642 0.0480825
    outer loop
      vertex -35.8804 20.9351 0
      vertex -36.4579 20.8202 0
      vertex -36.4579 20.7922 0.570477
    endloop
  endfacet
  facet normal -0.194911 0.979642 -0.0480825
    outer loop
      vertex -35.8804 20.9351 0
      vertex -36.4579 20.7922 -0.570477
      vertex -36.4579 20.8202 0
    endloop
  endfacet
  facet normal -0.382186 0.835383 0.395055
    outer loop
      vertex -37.0213 20.2192 2.16188
      vertex -37.5653 20.0111 2.07565
      vertex -37.0213 19.9822 2.66304
    endloop
  endfacet
  facet normal -0.289944 0.820909 0.491976
    outer loop
      vertex -36.4579 20.1329 2.74362
      vertex -37.0213 19.9822 2.66304
      vertex -36.4579 19.8393 3.23352
    endloop
  endfacet
  facet normal -0.194849 0.787851 0.58423
    outer loop
      vertex -35.8804 19.9348 3.29734
      vertex -36.4579 19.8393 3.23352
      vertex -36.4579 19.4991 3.69229
    endloop
  endfacet
  facet normal -0.289939 0.865179 0.409146
    outer loop
      vertex -36.4579 20.1329 2.74362
      vertex -37.0213 20.2192 2.16188
      vertex -37.0213 19.9822 2.66304
    endloop
  endfacet
  facet normal 0.194822 0.886605 -0.419495
    outer loop
      vertex -33.5421 20.3772 -2.22729
      vertex -33.5421 20.1329 -2.74362
      vertex -34.1196 20.4833 -2.27125
    endloop
  endfacet
  facet normal 0.194821 0.923512 -0.330409
    outer loop
      vertex -33.5421 20.3772 -2.22729
      vertex -34.1196 20.4833 -2.27125
      vertex -34.1196 20.6795 -1.72286
    endloop
  endfacet
  facet normal 0.0978935 0.899664 -0.425466
    outer loop
      vertex -34.1196 20.2343 -2.79777
      vertex -34.7056 20.2852 -2.82497
      vertex -34.1196 20.4833 -2.27125
    endloop
  endfacet
  facet normal -0.0978612 0.899681 -0.425438
    outer loop
      vertex -35.2944 20.5366 -2.29333
      vertex -35.2944 20.2852 -2.82497
      vertex -35.8804 20.4833 -2.27125
    endloop
  endfacet
  facet normal -0.382182 0.742298 -0.550391
    outer loop
      vertex -37.5653 19.5098 -3.01338
      vertex -37.0213 19.3669 -3.58385
      vertex -37.5653 19.1928 -3.44091
    endloop
  endfacet
  facet normal -0.470989 0.708602 -0.525406
    outer loop
      vertex -37.5653 19.5098 -3.01338
      vertex -37.5653 19.1928 -3.44091
      vertex -38.0846 18.9782 -3.26482
    endloop
  endfacet
  facet normal -0.706758 0.639574 -0.302386
    outer loop
      vertex -39.0294 19.1073 -1.7013
      vertex -39.4457 18.5536 -1.89942
      vertex -39.4457 18.7226 -1.54197
    endloop
  endfacet
  facet normal -0.471027 0.830522 -0.297264
    outer loop
      vertex -38.0846 19.9248 -1.49391
      vertex -37.5653 20.0111 -2.07565
      vertex -38.0846 19.7546 -1.96943
    endloop
  endfacet
  facet normal -0.382186 0.835383 -0.395055
    outer loop
      vertex -37.0213 20.2192 -2.16188
      vertex -37.0213 19.9822 -2.66304
      vertex -37.5653 20.0111 -2.07565
    endloop
  endfacet
  facet normal -0.290121 0.901032 -0.322445
    outer loop
      vertex -37.0213 20.406 -1.63989
      vertex -36.4579 20.3772 -2.22729
      vertex -37.0213 20.2192 -2.16188
    endloop
  endfacet
  facet normal 0 0.857691 -0.514166
    outer loop
      vertex -34.7056 19.9828 -3.32941
      vertex -35.2944 20.2852 -2.82497
      vertex -34.7056 20.2852 -2.82497
    endloop
  endfacet
  facet normal 0 0.857691 -0.514166
    outer loop
      vertex -35.2944 20.2852 -2.82497
      vertex -34.7056 19.9828 -3.32941
      vertex -35.2944 19.9828 -3.32941
    endloop
  endfacet
  facet normal -0.097886 0.668385 -0.737347
    outer loop
      vertex -35.2944 19.2375 -4.23753
      vertex -35.2944 18.8018 -4.63248
      vertex -35.8804 19.1967 -4.19672
    endloop
  endfacet
  facet normal -0.0978896 0.668382 -0.737349
    outer loop
      vertex -35.8804 19.1967 -4.19672
      vertex -35.2944 18.8018 -4.63248
      vertex -35.8804 18.7652 -4.58786
    endloop
  endfacet
  facet normal -0.289944 0.820909 -0.491976
    outer loop
      vertex -36.4579 20.1329 -2.74362
      vertex -36.4579 19.8393 -3.23352
      vertex -37.0213 19.9822 -2.66304
    endloop
  endfacet
  facet normal -0.194847 0.841315 -0.504205
    outer loop
      vertex -36.4579 20.1329 -2.74362
      vertex -35.8804 19.9348 -3.29734
      vertex -36.4579 19.8393 -3.23352
    endloop
  endfacet
  facet normal -0.706739 0.103792 0.69982
    outer loop
      vertex -39.0294 15.4358 4.4243
      vertex -39.4457 15.7861 3.95193
      vertex -39.4457 15.3949 4.00995
    endloop
  endfacet
  facet normal -0.77267 0.0311483 0.634044
    outer loop
      vertex -39.4457 15.3949 4.00995
      vertex -39.8192 15.3503 3.55698
      vertex -39.4457 15 4.02935
    endloop
  endfacet
  facet normal -0.98073 -0.189499 -0.0475175
    outer loop
      vertex -40.9351 14.1365 -0.171754
      vertex -40.8202 13.6049 -0.4232
      vertex -40.8202 13.5701 -0.284418
    endloop
  endfacet
  facet normal -0.956863 -0.249193 0.149386
    outer loop
      vertex -40.6493 13.3193 1.123
      vertex -40.8202 13.7143 0.68724
      vertex -40.6493 13.2173 0.952852
    endloop
  endfacet
  facet normal -0.956855 0.014257 0.290217
    outer loop
      vertex -40.6493 15.1981 2.01161
      vertex -40.8202 15.1429 1.45086
      vertex -40.8202 15 1.45788
    endloop
  endfacet
  facet normal -0.881728 -0.0231471 0.47119
    outer loop
      vertex -40.4239 15 2.56533
      vertex -40.4239 14.7486 2.55298
      vertex -40.1464 14.6977 3.06976
    endloop
  endfacet
  facet normal -0.633913 -0.187901 0.750231
    outer loop
      vertex -38.5742 14.0598 4.72664
      vertex -39.0294 13.7095 4.25428
      vertex -38.5742 13.601 4.61173
    endloop
  endfacet
  facet normal -0.555073 -0.202089 0.806879
    outer loop
      vertex -38.5742 14.0598 4.72664
      vertex -38.5742 13.601 4.61173
      vertex -38.0846 13.5061 4.92477
    endloop
  endfacet
  facet normal -0.772666 -0.154271 0.615782
    outer loop
      vertex -39.8192 14.3027 3.50552
      vertex -39.8192 13.9625 3.42029
      vertex -39.4457 14.2139 3.95193
    endloop
  endfacet
  facet normal -0.831102 -0.135148 0.539449
    outer loop
      vertex -39.8192 14.3027 3.50552
      vertex -40.1464 14.1046 2.95179
      vertex -39.8192 13.9625 3.42029
    endloop
  endfacet
  facet normal -0.881729 0.0692019 0.466654
    outer loop
      vertex -40.1464 15.3023 3.06976
      vertex -40.4239 15.5005 2.51604
      vertex -40.4239 15.2514 2.55298
    endloop
  endfacet
  facet normal -0.831103 -0.0815801 0.550103
    outer loop
      vertex -39.8192 14.6497 3.55698
      vertex -40.1464 14.6977 3.06976
      vertex -39.8192 14.3027 3.50552
    endloop
  endfacet
  facet normal -0.470953 0.129417 0.872613
    outer loop
      vertex -37.5653 16.0582 5.31972
      vertex -38.0846 16.004 5.04749
      vertex -37.5653 15.5316 5.39782
    endloop
  endfacet
  facet normal -0.70672 -0.103831 0.699832
    outer loop
      vertex -39.0294 14.5642 4.4243
      vertex -39.4457 14.2139 3.95193
      vertex -39.0294 14.1327 4.36028
    endloop
  endfacet
  facet normal 0.289981 0.232556 0.928347
    outer loop
      vertex -33.5421 16.1355 5.70835
      vertex -32.9787 16.6399 5.40601
      vertex -33.5421 16.6895 5.56957
    endloop
  endfacet
  facet normal 0.289982 0.409195 0.865141
    outer loop
      vertex -32.9787 17.1619 5.21924
      vertex -33.5421 17.7436 5.13295
      vertex -33.5421 17.2273 5.37715
    endloop
  endfacet
  facet normal 0.19487 0.143899 0.970216
    outer loop
      vertex -34.1196 15.5817 5.90648
      vertex -33.5421 16.1355 5.70835
      vertex -34.1196 16.1579 5.82102
    endloop
  endfacet
  facet normal 0.194852 0.143918 0.970217
    outer loop
      vertex -33.5421 15.5705 5.79216
      vertex -33.5421 16.1355 5.70835
      vertex -34.1196 15.5817 5.90648
    endloop
  endfacet
  facet normal 0.289983 0.322407 0.90109
    outer loop
      vertex -32.9787 16.6399 5.40601
      vertex -32.9787 17.1619 5.21924
      vertex -33.5421 17.2273 5.37715
    endloop
  endfacet
  facet normal 0.194826 0.419374 0.886661
    outer loop
      vertex -33.5421 17.2273 5.37715
      vertex -33.5421 17.7436 5.13295
      vertex -34.1196 17.2712 5.48328
    endloop
  endfacet
  facet normal 0.382645 0.170425 0.908041
    outer loop
      vertex -26.7039 2 5.54328
      vertex -32.4347 16.0582 5.31972
      vertex -32.9787 16.1021 5.54072
    endloop
  endfacet
  facet normal 0.420131 0.185392 0.888324
    outer loop
      vertex -26.7039 2 5.54328
      vertex -26.1716 2 5.29153
      vertex -32.4347 16.0582 5.31972
    endloop
  endfacet
  facet normal 0.382285 0.311337 0.870016
    outer loop
      vertex -32.4347 16.5745 5.19038
      vertex -32.4347 17.0756 5.01106
      vertex -32.9787 16.6399 5.40601
    endloop
  endfacet
  facet normal 0.470954 0.297225 0.830578
    outer loop
      vertex -32.4347 16.5745 5.19038
      vertex -31.9154 16.4939 4.92477
      vertex -32.4347 17.0756 5.01106
    endloop
  endfacet
  facet normal 0.382293 0.550443 0.742203
    outer loop
      vertex -32.4347 18.0134 4.50984
      vertex -32.9787 18.5839 4.36694
      vertex -32.9787 18.1386 4.69719
    endloop
  endfacet
  facet normal 0.38233 0.550469 0.742164
    outer loop
      vertex -32.4347 18.0134 4.50984
      vertex -32.4347 18.4409 4.19276
      vertex -32.9787 18.5839 4.36694
    endloop
  endfacet
  facet normal 0.289947 0.491963 0.820916
    outer loop
      vertex -32.9787 17.663 4.98221
      vertex -32.9787 18.1386 4.69719
      vertex -33.5421 18.2335 4.83931
    endloop
  endfacet
  facet normal 0.194879 0.584215 0.787855
    outer loop
      vertex -34.1196 18.2973 4.93482
      vertex -33.5421 18.6923 4.49907
      vertex -34.1196 18.7652 4.58786
    endloop
  endfacet
  facet normal 0.0979201 0.799396 0.592772
    outer loop
      vertex -34.1196 19.5879 3.76516
      vertex -34.1196 19.9348 3.29734
      vertex -34.7056 19.9828 3.32941
    endloop
  endfacet
  facet normal 0.0978751 0.799372 0.592811
    outer loop
      vertex -34.1196 19.5879 3.76516
      vertex -34.7056 19.9828 3.32941
      vertex -34.7056 19.6325 3.80177
    endloop
  endfacet
  facet normal 0.555109 0.616277 0.55862
    outer loop
      vertex -31.9154 18.639 3.63903
      vertex -31.4258 18.7253 3.0573
      vertex -31.9154 18.9782 3.26482
    endloop
  endfacet
  facet normal 0.382332 0.742144 0.550495
    outer loop
      vertex -32.9787 19.3669 3.58385
      vertex -32.4347 19.5098 3.01338
      vertex -32.9787 19.6972 3.13856
    endloop
  endfacet
  facet normal 0.705788 0.304136 0.639816
    outer loop
      vertex -24.7574 2 4.24264
      vertex -24.3619 2 3.80636
      vertex -30.9706 17.0957 3.92076
    endloop
  endfacet
  facet normal 0.61234 0.266395 0.744361
    outer loop
      vertex -25.1936 2 4.63806
      vertex -31.4258 16.8442 4.4524
      vertex -31.4258 16.399 4.61173
    endloop
  endfacet
  facet normal 0.555104 0.355589 0.751941
    outer loop
      vertex -31.4258 16.8442 4.4524
      vertex -31.4258 17.2718 4.25019
      vertex -31.9154 16.9694 4.75463
    endloop
  endfacet
  facet normal 0.845045 0.359076 0.396187
    outer loop
      vertex -23.4567 2 2.2961
      vertex -29.8536 17.1812 2.18115
      vertex -29.8536 16.9569 2.38444
    endloop
  endfacet
  facet normal 0.706724 0.524203 0.475133
    outer loop
      vertex -30.5543 17.8492 2.84918
      vertex -30.9706 18.4366 2.82033
      vertex -30.9706 18.1436 3.14359
    endloop
  endfacet
  facet normal 0.706711 0.47512 -0.524233
    outer loop
      vertex -30.5543 17.5562 -3.11473
      vertex -30.9706 17.8203 -3.43658
      vertex -30.5543 17.8492 -2.84918
    endloop
  endfacet
  facet normal 0.555078 0.558626 -0.616299
    outer loop
      vertex -31.4258 18.4077 -3.40772
      vertex -31.4258 18.0573 -3.72533
      vertex -31.9154 18.639 -3.63903
    endloop
  endfacet
  facet normal 0.555077 0.616324 -0.5586
    outer loop
      vertex -31.4258 18.4077 -3.40772
      vertex -31.9154 18.639 -3.63903
      vertex -31.4258 18.7253 -3.0573
    endloop
  endfacet
  facet normal 0.633923 0.51935 -0.573077
    outer loop
      vertex -30.9706 17.8203 -3.43658
      vertex -31.4258 18.0573 -3.72533
      vertex -30.9706 18.1436 -3.14359
    endloop
  endfacet
  facet normal 0.633873 0.699201 0.33064
    outer loop
      vertex -30.9706 18.9208 2.09569
      vertex -30.9706 19.1073 1.7013
      vertex -31.4258 19.2502 2.27178
    endloop
  endfacet
  facet normal 0.881711 0.426509 0.201682
    outer loop
      vertex -29.8536 17.7204 1.45408
      vertex -29.5761 17.3701 0.981709
      vertex -29.8536 17.8498 1.18043
    endloop
  endfacet
  facet normal 0.920996 0.389107 -0.019034
    outer loop
      vertex -23 2 0
      vertex -29.5761 17.553 -0.251446
      vertex -29.5761 17.5653 0
    endloop
  endfacet
  facet normal 0.88173 0.46663 -0.0693478
    outer loop
      vertex -29.5761 17.516 -0.500471
      vertex -29.8536 18.0253 -0.601778
      vertex -29.8536 18.0698 -0.302345
    endloop
  endfacet
  facet normal 0.633841 0.750287 0.187924
    outer loop
      vertex -30.9706 19.2543 1.29052
      vertex -30.9706 19.3603 0.867314
      vertex -31.4258 19.7266 0.940187
    endloop
  endfacet
  facet normal 0.772657 0.573918 0.271329
    outer loop
      vertex -30.1808 18.1522 1.68486
      vertex -30.1808 18.3021 1.36779
      vertex -30.5543 18.5536 1.89942
    endloop
  endfacet
  facet normal 0.881737 0.471177 -0.0230644
    outer loop
      vertex -29.5761 17.5653 0
      vertex -29.8536 18.0698 -0.302345
      vertex -29.8536 18.0846 0
    endloop
  endfacet
  facet normal 0.881734 0.471184 -0.0230489
    outer loop
      vertex -29.5761 17.553 -0.251446
      vertex -29.8536 18.0698 -0.302345
      vertex -29.5761 17.5653 0
    endloop
  endfacet
  facet normal 0.555149 0.830747 0.040843
    outer loop
      vertex -31.4258 19.796 0.472368
      vertex -31.9154 20.1464 0
      vertex -31.9154 20.1216 0.504432
    endloop
  endfacet
  facet normal 0.470909 0.872635 0.129434
    outer loop
      vertex -31.9154 20.0475 1.00401
      vertex -31.9154 20.1216 0.504432
      vertex -32.4347 20.3978 0.531638
    endloop
  endfacet
  facet normal 0.706713 0.421474 0.568257
    outer loop
      vertex -30.9706 17.4699 3.69647
      vertex -30.5543 17.5562 3.11473
      vertex -30.9706 17.8203 3.43658
    endloop
  endfacet
  facet normal 0.772639 0.509952 0.378124
    outer loop
      vertex -30.1808 17.7629 2.26745
      vertex -30.1808 17.9718 1.98572
      vertex -30.5543 18.1147 2.55619
    endloop
  endfacet
  facet normal 0.706722 0.421454 0.568261
    outer loop
      vertex -30.5543 17.2386 3.35028
      vertex -30.5543 17.5562 3.11473
      vertex -30.9706 17.4699 3.69647
    endloop
  endfacet
  facet normal 0.706723 0.363698 0.60685
    outer loop
      vertex -30.5543 16.8994 3.55357
      vertex -30.5543 17.2386 3.35028
      vertex -30.9706 17.4699 3.69647
    endloop
  endfacet
  facet normal 0.633889 0.460704 0.621238
    outer loop
      vertex -31.4258 17.6774 4.00706
      vertex -30.9706 17.4699 3.69647
      vertex -31.4258 18.0573 3.72533
    endloop
  endfacet
  facet normal 0.555071 0.495543 0.668081
    outer loop
      vertex -31.9154 17.8592 4.27905
      vertex -31.4258 18.0573 3.72533
      vertex -31.9154 18.2648 3.9782
    endloop
  endfacet
  facet normal 0.706724 0.475093 0.524241
    outer loop
      vertex -30.9706 17.8203 3.43658
      vertex -30.5543 17.8492 2.84918
      vertex -30.9706 18.1436 3.14359
    endloop
  endfacet
  facet normal 0.77269 0.426285 0.470352
    outer loop
      vertex -30.1808 17.2674 2.76289
      vertex -30.1808 17.5273 2.52734
      vertex -30.5543 17.5562 3.11473
    endloop
  endfacet
  facet normal 0.831071 0.477058 0.285897
    outer loop
      vertex -29.8536 17.5648 1.71372
      vertex -29.8536 17.7204 1.45408
      vertex -30.1808 17.9718 1.98572
    endloop
  endfacet
  facet normal 0.831071 0.44665 0.331396
    outer loop
      vertex -29.8536 17.3844 1.95686
      vertex -29.8536 17.5648 1.71372
      vertex -30.1808 17.9718 1.98572
    endloop
  endfacet
  facet normal 0.831099 0.50275 0.237734
    outer loop
      vertex -29.8536 17.7204 1.45408
      vertex -29.8536 17.8498 1.18043
      vertex -30.1808 18.3021 1.36779
    endloop
  endfacet
  facet normal 0.831119 0.539452 0.135029
    outer loop
      vertex -29.8536 17.9518 0.895416
      vertex -29.8536 18.0253 0.601778
      vertex -30.1808 18.5055 0.69729
    endloop
  endfacet
  facet normal 0.881718 0.457669 0.114509
    outer loop
      vertex -29.5761 17.4549 0.744676
      vertex -29.5761 17.516 0.500471
      vertex -29.8536 17.9518 0.895416
    endloop
  endfacet
  facet normal 0.831102 0.523596 0.187395
    outer loop
      vertex -30.1808 18.3021 1.36779
      vertex -29.8536 17.9518 0.895416
      vertex -30.1808 18.4203 1.03753
    endloop
  endfacet
  facet normal 0.706733 0.639575 -0.302444
    outer loop
      vertex -30.5543 18.5536 -1.89942
      vertex -30.9706 18.9208 -2.09569
      vertex -30.9706 19.1073 -1.7013
    endloop
  endfacet
  facet normal 0.706732 0.56821 -0.421506
    outer loop
      vertex -30.5543 18.3503 -2.23859
      vertex -30.5543 18.1147 -2.55619
      vertex -30.9706 18.6965 -2.4699
    endloop
  endfacet
  facet normal 0.881733 0.466626 -0.069331
    outer loop
      vertex -29.5761 17.553 -0.251446
      vertex -29.5761 17.516 -0.500471
      vertex -29.8536 18.0698 -0.302345
    endloop
  endfacet
  facet normal 0.83112 0.550052 -0.0817455
    outer loop
      vertex -29.8536 18.0253 -0.601778
      vertex -30.1808 18.5055 -0.69729
      vertex -29.8536 18.0698 -0.302345
    endloop
  endfacet
  facet normal 0.831102 0.539464 -0.135088
    outer loop
      vertex -29.8536 17.9518 -0.895416
      vertex -30.1808 18.4203 -1.03753
      vertex -30.1808 18.5055 -0.69729
    endloop
  endfacet
  facet normal 0.633873 0.699201 -0.33064
    outer loop
      vertex -30.9706 18.9208 -2.09569
      vertex -31.4258 19.2502 -2.27178
      vertex -30.9706 19.1073 -1.7013
    endloop
  endfacet
  facet normal 0.881739 0.404638 -0.242496
    outer loop
      vertex -29.5761 17.133 -1.42522
      vertex -29.8536 17.5648 -1.71372
      vertex -29.8536 17.7204 -1.45408
    endloop
  endfacet
  facet normal 0.905803 0.38298 -0.181241
    outer loop
      vertex -23.1153 2 -1.17054
      vertex -29.5761 17.2624 -1.20929
      vertex -29.5761 17.3701 -0.981709
    endloop
  endfacet
  facet normal 0.884306 0.374996 -0.278173
    outer loop
      vertex -29.5761 17.133 -1.42522
      vertex -23.2584 2 -1.74171
      vertex -29.5761 16.983 -1.62743
    endloop
  endfacet
  facet normal 0.874553 0.370541 -0.312819
    outer loop
      vertex -23.2584 2 -1.74171
      vertex -23.4567 2 -2.2961
      vertex -29.8536 17.3844 -1.95686
    endloop
  endfacet
  facet normal 0.831123 0.446688 -0.331215
    outer loop
      vertex -29.8536 17.3844 -1.95686
      vertex -30.1808 17.7629 -2.26745
      vertex -30.1808 17.9718 -1.98572
    endloop
  endfacet
  facet normal 0.772639 0.509952 -0.378124
    outer loop
      vertex -30.1808 17.7629 -2.26745
      vertex -30.5543 18.1147 -2.55619
      vertex -30.1808 17.9718 -1.98572
    endloop
  endfacet
  facet normal 0.555149 0.830747 -0.040843
    outer loop
      vertex -31.4258 19.796 -0.472368
      vertex -31.9154 20.1216 -0.504432
      vertex -31.9154 20.1464 0
    endloop
  endfacet
  facet normal 0.382286 0.914043 -0.135582
    outer loop
      vertex -32.4347 20.3197 -1.05816
      vertex -32.9787 20.5407 -1.10212
      vertex -32.4347 20.3978 -0.531638
    endloop
  endfacet
  facet normal 0.633839 0.765097 -0.113464
    outer loop
      vertex -30.9706 19.3603 -0.867314
      vertex -31.4258 19.7266 -0.940187
      vertex -30.9706 19.4243 -0.435755
    endloop
  endfacet
  facet normal 0.633862 0.772515 -0.0379415
    outer loop
      vertex -30.9706 19.4457 0
      vertex -31.4258 19.796 -0.472368
      vertex -31.4258 19.8192 0
    endloop
  endfacet
  facet normal 0.633894 0.69917 -0.330664
    outer loop
      vertex -30.9706 19.1073 -1.7013
      vertex -31.4258 19.2502 -2.27178
      vertex -31.4258 19.4524 -1.84424
    endloop
  endfacet
  facet normal 0.55516 0.806822 -0.202076
    outer loop
      vertex -31.4258 19.7266 -0.940187
      vertex -31.9154 19.9248 -1.49391
      vertex -31.9154 20.0475 -1.00401
    endloop
  endfacet
  facet normal 0.471027 0.830522 -0.297264
    outer loop
      vertex -31.9154 19.7546 -1.96943
      vertex -32.4347 20.0111 -2.07565
      vertex -31.9154 19.9248 -1.49391
    endloop
  endfacet
  facet normal 0.470906 0.855751 -0.214331
    outer loop
      vertex -31.9154 20.0475 -1.00401
      vertex -31.9154 19.9248 -1.49391
      vertex -32.4347 20.3197 -1.05816
    endloop
  endfacet
  facet normal 0.382287 0.896364 -0.224473
    outer loop
      vertex -32.4347 20.3197 -1.05816
      vertex -32.4347 20.1904 -1.57448
      vertex -32.9787 20.5407 -1.10212
    endloop
  endfacet
  facet normal 0.470953 0.756617 -0.453579
    outer loop
      vertex -31.9154 19.5387 -2.42598
      vertex -32.4347 19.5098 -3.01338
      vertex -32.4347 19.7835 -2.55682
    endloop
  endfacet
  facet normal 0.555093 0.713481 -0.427571
    outer loop
      vertex -31.4258 19.0071 -2.67743
      vertex -31.9154 19.2791 -2.85917
      vertex -31.9154 19.5387 -2.42598
    endloop
  endfacet
  facet normal 0.555089 0.71348 -0.427578
    outer loop
      vertex -31.4258 19.2502 -2.27178
      vertex -31.4258 19.0071 -2.67743
      vertex -31.9154 19.5387 -2.42598
    endloop
  endfacet
  facet normal 0.194834 0.970222 0.143906
    outer loop
      vertex -33.5421 20.7084 1.13546
      vertex -33.5421 20.7922 0.570477
      vertex -34.1196 20.9065 0.581737
    endloop
  endfacet
  facet normal 0.290084 0.946645 0.140409
    outer loop
      vertex -32.9787 20.5407 1.10212
      vertex -33.5421 20.7922 0.570477
      vertex -33.5421 20.7084 1.13546
    endloop
  endfacet
  facet normal 0.19476 0.970225 -0.143985
    outer loop
      vertex -33.5421 20.7084 -1.13546
      vertex -34.1196 20.821 -1.15787
      vertex -34.1196 20.9065 -0.581737
    endloop
  endfacet
  facet normal 0.194762 0.951465 -0.238291
    outer loop
      vertex -33.5421 20.7084 -1.13546
      vertex -34.1196 20.6795 -1.72286
      vertex -34.1196 20.821 -1.15787
    endloop
  endfacet
  facet normal 0.28999 0.946658 -0.140515
    outer loop
      vertex -32.9787 20.6221 -0.553724
      vertex -32.9787 20.5407 -1.10212
      vertex -33.5421 20.7922 -0.570477
    endloop
  endfacet
  facet normal 0.289956 0.955889 0.0469167
    outer loop
      vertex -33.5421 20.7922 0.570477
      vertex -32.9787 20.6493 0
      vertex -33.5421 20.8202 0
    endloop
  endfacet
  facet normal 0.470989 0.708602 0.525406
    outer loop
      vertex -31.9154 18.9782 3.26482
      vertex -32.4347 19.5098 3.01338
      vertex -32.4347 19.1928 3.44091
    endloop
  endfacet
  facet normal 0.706733 0.606821 0.363726
    outer loop
      vertex -30.9706 18.6965 2.4699
      vertex -30.5543 18.5536 1.89942
      vertex -30.9706 18.9208 2.09569
    endloop
  endfacet
  facet normal 0.382257 0.835321 0.395118
    outer loop
      vertex -32.4347 19.7835 2.55682
      vertex -32.4347 20.0111 2.07565
      vertex -32.9787 19.9822 2.66304
    endloop
  endfacet
  facet normal 0.382257 0.792552 0.475122
    outer loop
      vertex -32.4347 19.5098 3.01338
      vertex -32.4347 19.7835 2.55682
      vertex -32.9787 19.9822 2.66304
    endloop
  endfacet
  facet normal 0.38225 0.870054 0.311273
    outer loop
      vertex -32.4347 20.0111 2.07565
      vertex -32.4347 20.1904 1.57448
      vertex -32.9787 20.406 1.63989
    endloop
  endfacet
  facet normal 0.55516 0.806822 0.202076
    outer loop
      vertex -31.9154 19.9248 1.49391
      vertex -31.4258 19.7266 0.940187
      vertex -31.9154 20.0475 1.00401
    endloop
  endfacet
  facet normal 0.633848 0.728233 0.260602
    outer loop
      vertex -30.9706 19.1073 1.7013
      vertex -30.9706 19.2543 1.29052
      vertex -31.4258 19.6117 1.39895
    endloop
  endfacet
  facet normal 0.555155 0.783097 0.280289
    outer loop
      vertex -31.9154 19.7546 1.96943
      vertex -31.4258 19.6117 1.39895
      vertex -31.9154 19.9248 1.49391
    endloop
  endfacet
  facet normal 0.290113 0.86505 0.409296
    outer loop
      vertex -33.5421 20.1329 2.74362
      vertex -32.9787 20.2192 2.16188
      vertex -33.5421 20.3772 2.22729
    endloop
  endfacet
  facet normal 0.0978494 0.937035 0.335247
    outer loop
      vertex -34.1196 20.4833 2.27125
      vertex -34.1196 20.6795 1.72286
      vertex -34.7056 20.7347 1.73961
    endloop
  endfacet
  facet normal 0.194762 0.951465 0.238291
    outer loop
      vertex -34.1196 20.6795 1.72286
      vertex -33.5421 20.7084 1.13546
      vertex -34.1196 20.821 1.15787
    endloop
  endfacet
  facet normal 0.19476 0.970225 0.143985
    outer loop
      vertex -33.5421 20.7084 1.13546
      vertex -34.1196 20.9065 0.581737
      vertex -34.1196 20.821 1.15787
    endloop
  endfacet
  facet normal 0 0.941557 0.336853
    outer loop
      vertex -34.7056 20.7347 1.73961
      vertex -35.2944 20.5366 2.29333
      vertex -34.7056 20.5366 2.29333
    endloop
  endfacet
  facet normal 0 0.941557 0.336853
    outer loop
      vertex -35.2944 20.5366 2.29333
      vertex -34.7056 20.7347 1.73961
      vertex -35.2944 20.7347 1.73961
    endloop
  endfacet
  facet normal -0.382273 -0.135563 -0.914051
    outer loop
      vertex -37.5653 14.4684 -5.39782
      vertex -37.0213 13.8979 -5.54072
      vertex -37.5653 13.9418 -5.31972
    endloop
  endfacet
  facet normal -0.470953 -0.129417 -0.872613
    outer loop
      vertex -38.0846 13.996 -5.04749
      vertex -37.5653 14.4684 -5.39782
      vertex -37.5653 13.9418 -5.31972
    endloop
  endfacet
  facet normal -0.881731 -0.349612 -0.316738
    outer loop
      vertex -40.4239 13.186 -1.81396
      vertex -40.1464 12.8188 -2.18115
      vertex -40.1464 12.6156 -1.95686
    endloop
  endfacet
  facet normal -0.881728 -0.349607 -0.316751
    outer loop
      vertex -40.4239 13.186 -1.81396
      vertex -40.1464 12.6156 -1.95686
      vertex -40.4239 13.017 -1.62743
    endloop
  endfacet
  facet normal -0.772797 -0.331171 -0.541398
    outer loop
      vertex -39.8192 13.0143 -2.97184
      vertex -39.4457 12.7614 -3.35028
      vertex -33.9888 0 -3.33342
    endloop
  endfacet
  facet normal -0.804442 -0.346994 -0.482149
    outer loop
      vertex -39.8192 13.0143 -2.97184
      vertex -33.9888 0 -3.33342
      vertex -34.2915 0 -2.82838
    endloop
  endfacet
  facet normal -0.831105 -0.285932 -0.476977
    outer loop
      vertex -40.1464 13.5459 -2.72039
      vertex -39.8192 13.3151 -3.15216
      vertex -39.8192 13.0143 -2.97184
    endloop
  endfacet
  facet normal -0.831109 -0.28594 -0.476965
    outer loop
      vertex -40.1464 13.5459 -2.72039
      vertex -39.8192 13.0143 -2.97184
      vertex -40.1464 13.2863 -2.56476
    endloop
  endfacet
  facet normal -0.77267 -0.213823 -0.597713
    outer loop
      vertex -39.8192 13.9625 -3.42029
      vertex -39.4457 13.458 -3.72264
      vertex -39.8192 13.6322 -3.30213
    endloop
  endfacet
  facet normal -0.772671 -0.271457 -0.573838
    outer loop
      vertex -39.8192 13.6322 -3.30213
      vertex -39.4457 13.458 -3.72264
      vertex -39.4457 13.1006 -3.55357
    endloop
  endfacet
  facet normal -0.706713 0.302543 -0.63955
    outer loop
      vertex -39.4457 16.8994 -3.55357
      vertex -39.0294 16.7013 -4.1073
      vertex -39.4457 16.542 -3.72264
    endloop
  endfacet
  facet normal -0.633905 0.113506 -0.765037
    outer loop
      vertex -39.0294 15.8673 -4.36028
      vertex -38.5742 15.9402 -4.72664
      vertex -39.0294 15.4358 -4.4243
    endloop
  endfacet
  facet normal -0.633878 0.330646 -0.699194
    outer loop
      vertex -38.5742 17.2718 -4.25019
      vertex -38.5742 16.8442 -4.4524
      vertex -39.0294 16.7013 -4.1073
    endloop
  endfacet
  facet normal -0.831102 0.135148 -0.539449
    outer loop
      vertex -39.8192 16.0375 -3.42029
      vertex -39.8192 15.6973 -3.50552
      vertex -40.1464 15.8954 -2.95179
    endloop
  endfacet
  facet normal -0.706717 0.171898 -0.686296
    outer loop
      vertex -39.0294 16.2905 -4.25428
      vertex -39.0294 15.8673 -4.36028
      vertex -39.4457 16.1697 -3.85585
    endloop
  endfacet
  facet normal -0.555086 0.0408148 -0.830791
    outer loop
      vertex -38.0846 15.5044 -5.12159
      vertex -38.0846 15 -5.14637
      vertex -38.5742 15.4724 -4.79604
    endloop
  endfacet
  facet normal -0.470953 0.129417 -0.872613
    outer loop
      vertex -37.5653 16.0582 -5.31972
      vertex -37.5653 15.5316 -5.39782
      vertex -38.0846 16.004 -5.04749
    endloop
  endfacet
  facet normal -0.382273 0.135563 -0.914051
    outer loop
      vertex -37.5653 16.0582 -5.31972
      vertex -37.0213 16.1021 -5.54072
      vertex -37.5653 15.5316 -5.39782
    endloop
  endfacet
  facet normal -0.555096 0.0408006 -0.830785
    outer loop
      vertex -38.5742 15.4724 -4.79604
      vertex -38.0846 15 -5.14637
      vertex -38.5742 15 -4.81924
    endloop
  endfacet
  facet normal -0.633893 0.0379377 -0.77249
    outer loop
      vertex -38.5742 15.4724 -4.79604
      vertex -38.5742 15 -4.81924
      vertex -39.0294 15 -4.44571
    endloop
  endfacet
  facet normal -0.8311 -0.0815704 -0.550109
    outer loop
      vertex -40.1464 14.6977 -3.06976
      vertex -39.8192 14.3027 -3.50552
      vertex -40.1464 14.3982 -3.02535
    endloop
  endfacet
  facet normal -0.831102 -0.135148 -0.539449
    outer loop
      vertex -40.1464 14.1046 -2.95179
      vertex -39.8192 14.3027 -3.50552
      vertex -39.8192 13.9625 -3.42029
    endloop
  endfacet
  facet normal -0.956854 -0.0426446 -0.287423
    outer loop
      vertex -40.8202 14.8571 -1.45086
      vertex -40.6493 14.8019 -2.01161
      vertex -40.6493 14.6057 -1.9825
    endloop
  endfacet
  facet normal -0.956853 0.0705773 -0.28187
    outer loop
      vertex -40.6493 15.5868 -1.9343
      vertex -40.6493 15.3943 -1.9825
      vertex -40.8202 15.2844 -1.42987
    endloop
  endfacet
  facet normal -0.995176 -0.0886214 -0.0420746
    outer loop
      vertex -40.9928 14.7404 -0.138782
      vertex -40.9351 14.2236 -0.415009
      vertex -40.9928 14.728 -0.112664
    endloop
  endfacet
  facet normal -0.923678 -0.129133 -0.360754
    outer loop
      vertex -40.6493 14.4132 -1.9343
      vertex -40.4239 14.0183 -2.37006
      vertex -40.6493 14.2265 -1.86747
    endloop
  endfacet
  facet normal 0.194845 0.504256 -0.841286
    outer loop
      vertex -33.5421 18.2335 -4.83931
      vertex -33.5421 17.7436 -5.13295
      vertex -34.1196 18.2973 -4.93482
    endloop
  endfacet
  facet normal 0.290013 0.492015 -0.820862
    outer loop
      vertex -32.9787 17.663 -4.98221
      vertex -33.5421 17.7436 -5.13295
      vertex -33.5421 18.2335 -4.83931
    endloop
  endfacet
  facet normal 0.194869 0.238314 -0.951437
    outer loop
      vertex -33.5421 16.1355 -5.70835
      vertex -34.1196 16.1579 -5.82102
      vertex -34.1196 16.7229 -5.6795
    endloop
  endfacet
  facet normal 0.19487 0.143899 -0.970216
    outer loop
      vertex -33.5421 16.1355 -5.70835
      vertex -34.1196 15.5817 -5.90648
      vertex -34.1196 16.1579 -5.82102
    endloop
  endfacet
  facet normal 0 0.24296 -0.970036
    outer loop
      vertex -35.2944 16.1691 -5.87762
      vertex -34.7056 16.7396 -5.73473
      vertex -34.7056 16.1691 -5.87762
    endloop
  endfacet
  facet normal 0 0.24296 -0.970036
    outer loop
      vertex -34.7056 16.7396 -5.73473
      vertex -35.2944 16.1691 -5.87762
      vertex -35.2944 16.7396 -5.73473
    endloop
  endfacet
  facet normal 0 0.67161 -0.740905
    outer loop
      vertex -35.2944 18.8018 -4.63248
      vertex -34.7056 19.2375 -4.23753
      vertex -34.7056 18.8018 -4.63248
    endloop
  endfacet
  facet normal 0 0.67161 -0.740905
    outer loop
      vertex -34.7056 19.2375 -4.23753
      vertex -35.2944 18.8018 -4.63248
      vertex -35.2944 19.2375 -4.23753
    endloop
  endfacet
  facet normal 0.470976 0.59241 -0.65363
    outer loop
      vertex -31.9154 18.639 -3.63903
      vertex -32.4347 18.4409 -4.19276
      vertex -32.4347 18.8353 -3.8353
    endloop
  endfacet
  facet normal 0.470958 0.592434 -0.653621
    outer loop
      vertex -31.9154 18.2648 -3.9782
      vertex -32.4347 18.4409 -4.19276
      vertex -31.9154 18.639 -3.63903
    endloop
  endfacet
  facet normal 0.194884 0.658696 -0.726732
    outer loop
      vertex -33.5421 18.6923 -4.49907
      vertex -34.1196 18.7652 -4.58786
      vertex -33.5421 19.1155 -4.11549
    endloop
  endfacet
  facet normal 0.290032 0.642706 -0.709091
    outer loop
      vertex -32.9787 18.9946 -3.99463
      vertex -33.5421 18.6923 -4.49907
      vertex -33.5421 19.1155 -4.11549
    endloop
  endfacet
  facet normal 0 0.42752 -0.904006
    outer loop
      vertex -35.2944 17.2933 -5.5366
      vertex -34.7056 17.825 -5.28515
      vertex -34.7056 17.2933 -5.5366
    endloop
  endfacet
  facet normal 0 0.42752 -0.904006
    outer loop
      vertex -34.7056 17.825 -5.28515
      vertex -35.2944 17.2933 -5.5366
      vertex -35.2944 17.825 -5.28515
    endloop
  endfacet
  facet normal -0.0979058 0.425466 -0.899663
    outer loop
      vertex -35.2944 17.825 -5.28515
      vertex -35.2944 17.2933 -5.5366
      vertex -35.8804 17.2712 -5.48328
    endloop
  endfacet
  facet normal -0.0978934 0.425455 -0.899669
    outer loop
      vertex -35.2944 17.825 -5.28515
      vertex -35.8804 17.2712 -5.48328
      vertex -35.8804 17.7978 -5.23425
    endloop
  endfacet
  facet normal -0.0979366 0.592771 -0.799394
    outer loop
      vertex -35.8804 18.7652 -4.58786
      vertex -35.2944 18.3294 -4.98281
      vertex -35.8804 18.2973 -4.93482
    endloop
  endfacet
  facet normal 0.555103 0.280273 -0.78314
    outer loop
      vertex -31.4258 16.399 -4.61173
      vertex -31.9154 16.9694 -4.75463
      vertex -31.4258 16.8442 -4.4524
    endloop
  endfacet
  facet normal 0.382283 0.395065 -0.835334
    outer loop
      vertex -32.4347 17.5568 -4.78348
      vertex -32.4347 17.0756 -5.01106
      vertex -32.9787 17.663 -4.98221
    endloop
  endfacet
  facet normal 0.555114 0.668048 -0.49554
    outer loop
      vertex -31.4258 18.7253 -3.0573
      vertex -31.9154 18.9782 -3.26482
      vertex -31.9154 19.2791 -2.85917
    endloop
  endfacet
  facet normal 0.470855 0.708557 -0.525588
    outer loop
      vertex -31.9154 19.2791 -2.85917
      vertex -31.9154 18.9782 -3.26482
      vertex -32.4347 19.5098 -3.01338
    endloop
  endfacet
  facet normal 0.382191 0.684708 -0.620568
    outer loop
      vertex -32.4347 19.1928 -3.44091
      vertex -32.9787 18.9946 -3.99463
      vertex -32.9787 19.3669 -3.58385
    endloop
  endfacet
  facet normal 0.382182 0.742298 -0.550391
    outer loop
      vertex -32.4347 19.1928 -3.44091
      vertex -32.9787 19.3669 -3.58385
      vertex -32.4347 19.5098 -3.01338
    endloop
  endfacet
  facet normal 0.289981 0.232556 -0.928347
    outer loop
      vertex -32.9787 16.6399 -5.40601
      vertex -33.5421 16.1355 -5.70835
      vertex -33.5421 16.6895 -5.56957
    endloop
  endfacet
  facet normal 0.289979 0.322403 -0.901093
    outer loop
      vertex -32.9787 16.6399 -5.40601
      vertex -33.5421 16.6895 -5.56957
      vertex -33.5421 17.2273 -5.37715
    endloop
  endfacet
  facet normal 0.470928 0.377155 -0.797484
    outer loop
      vertex -31.9154 16.9694 -4.75463
      vertex -32.4347 17.0756 -5.01106
      vertex -31.9154 17.426 -4.53869
    endloop
  endfacet
  facet normal 0.555532 0.243022 -0.795188
    outer loop
      vertex -31.4258 16.399 -4.61173
      vertex -25.6666 2 -4.98882
      vertex -31.9154 16.4939 -4.92477
    endloop
  endfacet
  facet normal 0.633889 0.460704 -0.621238
    outer loop
      vertex -30.9706 17.4699 -3.69647
      vertex -31.4258 17.6774 -4.00706
      vertex -31.4258 18.0573 -3.72533
    endloop
  endfacet
  facet normal 0.555067 0.280232 -0.78318
    outer loop
      vertex -31.4258 16.399 -4.61173
      vertex -31.9154 16.4939 -4.92477
      vertex -31.9154 16.9694 -4.75463
    endloop
  endfacet
  facet normal -0.555099 0.122063 0.822779
    outer loop
      vertex -38.0846 16.004 5.04749
      vertex -38.5742 15.9402 4.72664
      vertex -38.5742 15.4724 4.79604
    endloop
  endfacet
  facet normal -0.633899 0.113497 0.765043
    outer loop
      vertex -38.5742 15.9402 4.72664
      vertex -39.0294 15.4358 4.4243
      vertex -38.5742 15.4724 4.79604
    endloop
  endfacet
  facet normal -0.555086 0.0408148 0.830791
    outer loop
      vertex -38.0846 15.5044 5.12159
      vertex -38.5742 15.4724 4.79604
      vertex -38.0846 15 5.14637
    endloop
  endfacet
  facet normal -0.706731 0.0347153 0.70663
    outer loop
      vertex -39.0294 15.4358 4.4243
      vertex -39.4457 15 4.02935
      vertex -39.0294 15 4.44571
    endloop
  endfacet
  facet normal -0.47094 0.0432762 0.881103
    outer loop
      vertex -37.5653 15.5316 5.39782
      vertex -38.0846 15 5.14637
      vertex -37.5653 15 5.42393
    endloop
  endfacet
  facet normal -0.47094 -0.0432762 0.881103
    outer loop
      vertex -37.5653 15 5.42393
      vertex -38.0846 15 5.14637
      vertex -37.5653 14.4684 5.39782
    endloop
  endfacet
  facet normal -0.633901 0.0379506 0.772483
    outer loop
      vertex -38.5742 15.4724 4.79604
      vertex -39.0294 15.4358 4.4243
      vertex -39.0294 15 4.44571
    endloop
  endfacet
  facet normal -0.555096 0.0408006 0.830785
    outer loop
      vertex -38.0846 15 5.14637
      vertex -38.5742 15.4724 4.79604
      vertex -38.5742 15 4.81924
    endloop
  endfacet
  facet normal -0.555079 -0.122036 0.822797
    outer loop
      vertex -38.0846 14.4956 5.12159
      vertex -38.5742 14.5276 4.79604
      vertex -38.0846 13.996 5.04749
    endloop
  endfacet
  facet normal -0.470947 -0.129425 0.872615
    outer loop
      vertex -38.0846 14.4956 5.12159
      vertex -38.0846 13.996 5.04749
      vertex -37.5653 14.4684 5.39782
    endloop
  endfacet
  facet normal -0.194826 0.419374 0.886661
    outer loop
      vertex -35.8804 17.2712 5.48328
      vertex -36.4579 17.7436 5.13295
      vertex -36.4579 17.2273 5.37715
    endloop
  endfacet
  facet normal -0.194887 0.419311 0.886678
    outer loop
      vertex -35.8804 17.7978 5.23425
      vertex -36.4579 17.7436 5.13295
      vertex -35.8804 17.2712 5.48328
    endloop
  endfacet
  facet normal -0.097886 0.668385 0.737347
    outer loop
      vertex -35.2944 19.2375 4.23753
      vertex -35.8804 19.1967 4.19672
      vertex -35.2944 18.8018 4.63248
    endloop
  endfacet
  facet normal -0.0978848 0.737351 0.668381
    outer loop
      vertex -35.2944 19.2375 4.23753
      vertex -35.2944 19.6325 3.80177
      vertex -35.8804 19.1967 4.19672
    endloop
  endfacet
  facet normal -0.382273 0.135563 0.914051
    outer loop
      vertex -37.0213 16.1021 5.54072
      vertex -37.5653 16.0582 5.31972
      vertex -37.5653 15.5316 5.39782
    endloop
  endfacet
  facet normal -0.289947 0.491963 0.820916
    outer loop
      vertex -36.4579 18.2335 4.83931
      vertex -37.0213 18.1386 4.69719
      vertex -37.0213 17.663 4.98221
    endloop
  endfacet
  facet normal -0.289962 0.642777 0.709056
    outer loop
      vertex -36.4579 18.6923 4.49907
      vertex -37.0213 18.9946 3.99463
      vertex -37.0213 18.5839 4.36694
    endloop
  endfacet
  facet normal -0.382283 0.395065 0.835334
    outer loop
      vertex -37.0213 17.663 4.98221
      vertex -37.5653 17.5568 4.78348
      vertex -37.5653 17.0756 5.01106
    endloop
  endfacet
  facet normal -0.633848 0.728233 0.260602
    outer loop
      vertex -38.5742 19.6117 1.39895
      vertex -39.0294 19.2543 1.29052
      vertex -39.0294 19.1073 1.7013
    endloop
  endfacet
  facet normal -0.706685 0.706677 0.0347125
    outer loop
      vertex -39.0294 19.4243 0.435755
      vertex -39.4457 19.0294 0
      vertex -39.4457 19.01 0.394945
    endloop
  endfacet
  facet normal -0.956854 0.233359 0.17313
    outer loop
      vertex -40.6493 16.6807 1.123
      vertex -40.8202 16.2122 0.809955
      vertex -40.6493 16.5625 1.28232
    endloop
  endfacet
  facet normal -0.956858 0.262638 0.124278
    outer loop
      vertex -40.6493 16.8675 0.773533
      vertex -40.8202 16.3469 0.557906
      vertex -40.8202 16.2857 0.68724
    endloop
  endfacet
  facet normal -0.831074 0.373492 0.412092
    outer loop
      vertex -39.8192 17.5273 2.52734
      vertex -40.1464 17.1812 2.18115
      vertex -40.1464 16.9569 2.38444
    endloop
  endfacet
  facet normal -0.772657 0.54445 0.32646
    outer loop
      vertex -39.4457 18.5536 1.89942
      vertex -39.8192 18.1522 1.68486
      vertex -39.8192 17.9718 1.98572
    endloop
  endfacet
  facet normal -0.831117 0.237716 0.502727
    outer loop
      vertex -39.8192 16.3678 3.30213
      vertex -40.1464 16.4541 2.72039
      vertex -40.1464 16.1804 2.84981
    endloop
  endfacet
  facet normal -0.881723 0.158951 0.444185
    outer loop
      vertex -40.1464 15.8954 2.95179
      vertex -40.4239 15.9817 2.37006
      vertex -40.4239 15.7447 2.45487
    endloop
  endfacet
  facet normal -0.881728 0.349607 0.316751
    outer loop
      vertex -40.1464 17.3844 1.95686
      vertex -40.4239 16.983 1.62743
      vertex -40.4239 16.814 1.81396
    endloop
  endfacet
  facet normal -0.956846 0.233434 0.173072
    outer loop
      vertex -40.6493 16.5625 1.28232
      vertex -40.8202 16.2122 0.809955
      vertex -40.8202 16.127 0.92487
    endloop
  endfacet
  facet normal -0.470989 0.708602 0.525406
    outer loop
      vertex -37.5653 19.1928 3.44091
      vertex -37.5653 19.5098 3.01338
      vertex -38.0846 18.9782 3.26482
    endloop
  endfacet
  facet normal -0.470848 0.756734 0.453492
    outer loop
      vertex -37.5653 19.5098 3.01338
      vertex -38.0846 19.5387 2.42598
      vertex -38.0846 19.2791 2.85917
    endloop
  endfacet
  facet normal -0.470906 0.855751 0.214331
    outer loop
      vertex -37.5653 20.3197 1.05816
      vertex -38.0846 20.0475 1.00401
      vertex -38.0846 19.9248 1.49391
    endloop
  endfacet
  facet normal -0.555155 0.783097 0.280289
    outer loop
      vertex -38.0846 19.9248 1.49391
      vertex -38.5742 19.6117 1.39895
      vertex -38.0846 19.7546 1.96943
    endloop
  endfacet
  facet normal -0.555067 0.280232 0.78318
    outer loop
      vertex -38.0846 16.9694 4.75463
      vertex -38.5742 16.399 4.61173
      vertex -38.0846 16.4939 4.92477
    endloop
  endfacet
  facet normal -0.633878 0.330646 0.699194
    outer loop
      vertex -38.5742 17.2718 4.25019
      vertex -39.0294 16.7013 4.1073
      vertex -38.5742 16.8442 4.4524
    endloop
  endfacet
  facet normal -0.706737 0.302489 0.639549
    outer loop
      vertex -39.0294 17.0957 3.92076
      vertex -39.4457 16.8994 3.55357
      vertex -39.0294 16.7013 4.1073
    endloop
  endfacet
  facet normal -0.633907 0.330679 0.699152
    outer loop
      vertex -38.5742 17.2718 4.25019
      vertex -39.0294 17.0957 3.92076
      vertex -39.0294 16.7013 4.1073
    endloop
  endfacet
  facet normal -0.555068 0.55862 0.616315
    outer loop
      vertex -38.0846 18.2648 3.9782
      vertex -38.0846 18.639 3.63903
      vertex -38.5742 18.0573 3.72533
    endloop
  endfacet
  facet normal -0.470958 0.592434 0.653621
    outer loop
      vertex -37.5653 18.4409 4.19276
      vertex -38.0846 18.639 3.63903
      vertex -38.0846 18.2648 3.9782
    endloop
  endfacet
  facet normal -0.633879 0.519428 0.573054
    outer loop
      vertex -38.5742 18.4077 3.40772
      vertex -39.0294 18.1436 3.14359
      vertex -38.5742 18.0573 3.72533
    endloop
  endfacet
  facet normal -0.555109 0.616277 0.55862
    outer loop
      vertex -38.0846 18.9782 3.26482
      vertex -38.5742 18.7253 3.0573
      vertex -38.0846 18.639 3.63903
    endloop
  endfacet
  facet normal -0.633892 0.397646 0.66337
    outer loop
      vertex -38.5742 17.6774 4.00706
      vertex -39.0294 17.4699 3.69647
      vertex -38.5742 17.2718 4.25019
    endloop
  endfacet
  facet normal -0.555087 0.427656 0.713435
    outer loop
      vertex -38.0846 17.426 4.53869
      vertex -38.5742 17.6774 4.00706
      vertex -38.5742 17.2718 4.25019
    endloop
  endfacet
  facet normal -0.92368 0.28392 0.257301
    outer loop
      vertex -40.4239 16.814 1.81396
      vertex -40.6493 16.5625 1.28232
      vertex -40.6493 16.4293 1.4293
    endloop
  endfacet
  facet normal -0.77269 0.426286 0.470352
    outer loop
      vertex -39.4457 17.8492 2.84918
      vertex -39.8192 17.5273 2.52734
      vertex -39.4457 17.5562 3.11473
    endloop
  endfacet
  facet normal -0.77267 0.213823 0.597713
    outer loop
      vertex -39.4457 16.542 3.72264
      vertex -39.8192 16.3678 3.30213
      vertex -39.8192 16.0375 3.42029
    endloop
  endfacet
  facet normal -0.831101 0.187319 0.523625
    outer loop
      vertex -39.8192 16.3678 3.30213
      vertex -40.1464 15.8954 2.95179
      vertex -39.8192 16.0375 3.42029
    endloop
  endfacet
  facet normal -0.912107 -0.397694 0.099503
    outer loop
      vertex -40.4239 12.5451 0.744676
      vertex -40.4239 12.484 0.500471
      vertex -34.9711 0 0.588102
    endloop
  endfacet
  facet normal -0.908137 -0.396408 0.134715
    outer loop
      vertex -40.4239 12.5451 0.744676
      vertex -34.9711 0 0.588102
      vertex -34.8847 0 1.17054
    endloop
  endfacet
  facet normal -0.923662 -0.346379 0.16392
    outer loop
      vertex -40.4239 12.7376 1.20929
      vertex -40.6493 13.2173 0.952852
      vertex -40.4239 12.6299 0.981709
    endloop
  endfacet
  facet normal -0.891784 -0.388107 0.23258
    outer loop
      vertex -40.4239 12.867 1.42522
      vertex -40.4239 12.7376 1.20929
      vertex -34.7416 0 1.74171
    endloop
  endfacet
  facet normal -0.881732 -0.316805 0.349547
    outer loop
      vertex -40.1464 13.0431 2.38444
      vertex -40.4239 13.186 1.81396
      vertex -40.1464 12.8188 2.18115
    endloop
  endfacet
  facet normal -0.881731 -0.349612 0.316738
    outer loop
      vertex -40.1464 12.8188 2.18115
      vertex -40.4239 13.186 1.81396
      vertex -40.1464 12.6156 1.95686
    endloop
  endfacet
  facet normal -0.831109 -0.28594 0.476965
    outer loop
      vertex -40.1464 13.5459 2.72039
      vertex -40.1464 13.2863 2.56476
      vertex -39.8192 13.0143 2.97184
    endloop
  endfacet
  facet normal -0.92367 -0.163826 0.346403
    outer loop
      vertex -40.4239 14.0183 2.37006
      vertex -40.6493 14.0471 1.78266
      vertex -40.4239 13.7907 2.26242
    endloop
  endfacet
  facet normal -0.881748 -0.316732 0.349572
    outer loop
      vertex -40.4239 13.3726 1.98303
      vertex -40.4239 13.186 1.81396
      vertex -40.1464 13.0431 2.38444
    endloop
  endfacet
  facet normal -0.881723 -0.158951 0.444185
    outer loop
      vertex -40.4239 14.2553 2.45487
      vertex -40.4239 14.0183 2.37006
      vertex -40.1464 14.1046 2.95179
    endloop
  endfacet
  facet normal -0.995175 -0.00481449 -0.097993
    outer loop
      vertex -40.9928 15 -0.294406
      vertex -40.9351 15 -0.880383
      vertex -40.9351 14.9137 -0.876143
    endloop
  endfacet
  facet normal -0.923673 -0.283964 0.257277
    outer loop
      vertex -40.4239 13.186 1.81396
      vertex -40.6493 13.4375 1.28232
      vertex -40.4239 13.017 1.62743
    endloop
  endfacet
  facet normal -0.92368 -0.379018 -0.0562104
    outer loop
      vertex -40.6493 12.9884 -0.198126
      vertex -40.6493 13.0175 -0.394343
      vertex -40.4239 12.447 -0.251446
    endloop
  endfacet
  facet normal -0.995176 -0.0143893 0.0970486
    outer loop
      vertex -40.9351 14.9137 0.876143
      vertex -40.9928 14.9426 0.288749
      vertex -40.9351 14.8282 0.863466
    endloop
  endfacet
  facet normal -0.916422 -0.399735 -0.0195539
    outer loop
      vertex -40.4239 12.4347 0
      vertex -40.4239 12.447 -0.251446
      vertex -35 0 0
    endloop
  endfacet
  facet normal -0.916422 -0.399735 0.0195539
    outer loop
      vertex -40.4239 12.4347 0
      vertex -35 0 0
      vertex -40.4239 12.447 0.251446
    endloop
  endfacet
  facet normal -0.956858 -0.262638 -0.124278
    outer loop
      vertex -40.8202 13.7143 -0.68724
      vertex -40.6493 13.1325 -0.773533
      vertex -40.8202 13.6531 -0.557906
    endloop
  endfacet
  facet normal -0.995175 -0.0787892 -0.0584717
    outer loop
      vertex -40.9928 14.7552 -0.163563
      vertex -40.9351 14.3195 -0.558509
      vertex -40.9351 14.268 -0.489114
    endloop
  endfacet
  facet normal -0.98073 0.0658512 0.183938
    outer loop
      vertex -40.8202 15.4232 1.3951
      vertex -40.9351 15.3369 0.813367
      vertex -40.9351 15.2556 0.842473
    endloop
  endfacet
  facet normal -0.995176 -0.0951599 0.0238448
    outer loop
      vertex -40.9351 14.1575 0.255561
      vertex -40.9928 14.7183 0.0854607
      vertex -40.9351 14.1365 0.171754
    endloop
  endfacet
  facet normal -0.881745 0.281005 -0.378896
    outer loop
      vertex -40.4239 16.6274 -1.98303
      vertex -40.1464 16.9569 -2.38444
      vertex -40.4239 16.4252 -2.13299
    endloop
  endfacet
  facet normal -0.92368 0.28392 -0.257301
    outer loop
      vertex -40.6493 16.5625 -1.28232
      vertex -40.4239 16.814 -1.81396
      vertex -40.6493 16.4293 -1.4293
    endloop
  endfacet
  facet normal -0.923678 0.129133 -0.360754
    outer loop
      vertex -40.6493 15.7735 -1.86747
      vertex -40.4239 15.9817 -2.37006
      vertex -40.6493 15.5868 -1.9343
    endloop
  endfacet
  facet normal -0.995174 -0.098008 0.00475498
    outer loop
      vertex -40.9928 14.707 0.0288563
      vertex -40.9928 14.7056 0
      vertex -40.9351 14.1239 0.0862923
    endloop
  endfacet
  facet normal -0.881729 0.0692019 -0.466654
    outer loop
      vertex -40.4239 15.5005 -2.51604
      vertex -40.1464 15.3023 -3.06976
      vertex -40.4239 15.2514 -2.55298
    endloop
  endfacet
  facet normal -0.831099 0.135157 -0.539451
    outer loop
      vertex -40.1464 15.8954 -2.95179
      vertex -39.8192 15.6973 -3.50552
      vertex -40.1464 15.6018 -3.02535
    endloop
  endfacet
  facet normal -0.923673 0.0931069 -0.371697
    outer loop
      vertex -40.4239 15.7447 -2.45487
      vertex -40.4239 15.5005 -2.51604
      vertex -40.6493 15.5868 -1.9343
    endloop
  endfacet
  facet normal -0.923673 0.129104 -0.360778
    outer loop
      vertex -40.4239 15.9817 -2.37006
      vertex -40.4239 15.7447 -2.45487
      vertex -40.6493 15.5868 -1.9343
    endloop
  endfacet
  facet normal -0.995176 -0.0886639 -0.0420036
    outer loop
      vertex -40.9928 14.728 -0.112664
      vertex -40.9351 14.2236 -0.415009
      vertex -40.9351 14.1866 -0.336907
    endloop
  endfacet
  facet normal -0.956856 -0.281838 -0.0706718
    outer loop
      vertex -40.8202 13.6049 -0.4232
      vertex -40.6493 13.0657 -0.586763
      vertex -40.8202 13.5701 -0.284418
    endloop
  endfacet
  facet normal -0.980733 -0.116376 -0.156907
    outer loop
      vertex -40.9351 14.4415 -0.680545
      vertex -40.8202 14.19 -1.21218
      vertex -40.8202 14.0751 -1.12696
    endloop
  endfacet
  facet normal -0.923673 -0.0187979 -0.38272
    outer loop
      vertex -40.6493 15 -2.02134
      vertex -40.4239 15 -2.56533
      vertex -40.6493 14.8019 -2.01161
    endloop
  endfacet
  facet normal -0.980731 -0.1676 -0.100384
    outer loop
      vertex -40.9351 14.2236 -0.415009
      vertex -40.8202 13.7878 -0.809955
      vertex -40.8202 13.7143 -0.68724
    endloop
  endfacet
  facet normal -0.956853 -0.249279 -0.149305
    outer loop
      vertex -40.8202 13.7878 -0.809955
      vertex -40.6493 13.3193 -1.123
      vertex -40.8202 13.7143 -0.68724
    endloop
  endfacet
  facet normal -0.995177 -0.092399 -0.0329471
    outer loop
      vertex -40.9928 14.728 -0.112664
      vertex -40.9351 14.1575 -0.255561
      vertex -40.9928 14.7183 -0.0854607
    endloop
  endfacet
  facet normal -0.995176 -0.0951599 -0.0238448
    outer loop
      vertex -40.9928 14.7183 -0.0854607
      vertex -40.9351 14.1575 -0.255561
      vertex -40.9351 14.1365 -0.171754
    endloop
  endfacet
  facet normal -0.956854 0.0426446 0.287423
    outer loop
      vertex -40.6493 15.3943 1.9825
      vertex -40.8202 15.1429 1.45086
      vertex -40.6493 15.1981 2.01161
    endloop
  endfacet
  facet normal -0.956856 0.0979237 0.273565
    outer loop
      vertex -40.6493 15.7735 1.86747
      vertex -40.8202 15.4232 1.3951
      vertex -40.6493 15.5868 1.9343
    endloop
  endfacet
  facet normal -0.831102 0.0272889 0.555451
    outer loop
      vertex -39.8192 15.3503 3.55698
      vertex -40.1464 15.3023 3.06976
      vertex -39.8192 15 3.57419
    endloop
  endfacet
  facet normal -0.923679 0.0930682 0.371693
    outer loop
      vertex -40.4239 15.5005 2.51604
      vertex -40.6493 15.5868 1.9343
      vertex -40.6493 15.3943 1.9825
    endloop
  endfacet
  facet normal -0.980732 0.156878 -0.116423
    outer loop
      vertex -40.9351 15.732 -0.489114
      vertex -40.8202 16.2122 -0.809955
      vertex -40.9351 15.6805 -0.558509
    endloop
  endfacet
  facet normal -0.881721 0.4442 -0.158915
    outer loop
      vertex -40.1464 17.9518 -0.895416
      vertex -40.4239 17.3701 -0.981709
      vertex -40.4239 17.4549 -0.744676
    endloop
  endfacet
  facet normal -0.881711 0.426509 -0.201682
    outer loop
      vertex -40.1464 17.8498 -1.18043
      vertex -40.1464 17.7204 -1.45408
      vertex -40.4239 17.3701 -0.981709
    endloop
  endfacet
  facet normal -0.923671 0.328656 -0.197022
    outer loop
      vertex -40.6493 16.7827 -0.952852
      vertex -40.4239 17.133 -1.42522
      vertex -40.6493 16.6807 -1.123
    endloop
  endfacet
  facet normal -0.980728 0.176569 -0.0836477
    outer loop
      vertex -40.9351 15.8134 -0.336907
      vertex -40.8202 16.3469 -0.557906
      vertex -40.9351 15.7764 -0.415009
    endloop
  endfacet
  facet normal -0.995175 0.050444 -0.0841548
    outer loop
      vertex -40.9351 15.4891 -0.732011
      vertex -40.9351 15.415 -0.776428
      vertex -40.9928 15.1636 -0.244789
    endloop
  endfacet
  facet normal -0.995176 -0.0979891 0.00488286
    outer loop
      vertex -40.9928 14.7056 0
      vertex -40.9351 14.1196 0
      vertex -40.9351 14.1239 0.0862923
    endloop
  endfacet
  facet normal -0.956846 0.290247 0.0142101
    outer loop
      vertex -40.6493 17.0213 0
      vertex -40.8202 16.4579 0
      vertex -40.6493 17.0116 0.198126
    endloop
  endfacet
  facet normal -0.995175 -0.0144344 -0.0970464
    outer loop
      vertex -40.9928 14.9711 -0.292988
      vertex -40.9351 14.9137 -0.876143
      vertex -40.9928 14.9426 -0.288749
    endloop
  endfacet
  facet normal -0.98073 0.0474751 0.189511
    outer loop
      vertex -40.8202 15.4232 1.3951
      vertex -40.9351 15.2556 0.842473
      vertex -40.9351 15.1718 0.863466
    endloop
  endfacet
  facet normal -0.980731 0.0658077 -0.183945
    outer loop
      vertex -40.8202 15.5579 -1.34691
      vertex -40.8202 15.4232 -1.3951
      vertex -40.9351 15.3369 -0.813367
    endloop
  endfacet
  facet normal -0.995177 0.092399 -0.0329471
    outer loop
      vertex -40.9928 15.2817 -0.0854607
      vertex -40.9351 15.8425 -0.255561
      vertex -40.9928 15.272 -0.112664
    endloop
  endfacet
  facet normal -0.995175 0.0841646 0.0504272
    outer loop
      vertex -40.9351 15.7764 0.415009
      vertex -40.9928 15.2448 0.163563
      vertex -40.9351 15.732 0.489114
    endloop
  endfacet
  facet normal -0.995175 0.00480814 -0.0979939
    outer loop
      vertex -40.9928 15.0289 -0.292988
      vertex -40.9351 15.0863 -0.876143
      vertex -40.9928 15 -0.294406
    endloop
  endfacet
  facet normal -0.980731 0.0835288 -0.176605
    outer loop
      vertex -40.9351 15.415 -0.776428
      vertex -40.8202 15.5579 -1.34691
      vertex -40.9351 15.3369 -0.813367
    endloop
  endfacet
  facet normal -0.923677 0.382715 0.0187372
    outer loop
      vertex -40.4239 17.5653 0
      vertex -40.6493 17.0213 0
      vertex -40.6493 17.0116 0.198126
    endloop
  endfacet
  facet normal -0.956853 0.249279 0.149305
    outer loop
      vertex -40.6493 16.6807 1.123
      vertex -40.8202 16.2857 0.68724
      vertex -40.8202 16.2122 0.809955
    endloop
  endfacet
  facet normal -0.980738 0.19324 -0.0284902
    outer loop
      vertex -40.8202 16.4509 -0.142897
      vertex -40.9351 15.8635 -0.171754
      vertex -40.9351 15.8761 -0.0862923
    endloop
  endfacet
  facet normal -0.923679 0.38271 -0.018721
    outer loop
      vertex -40.4239 17.5653 0
      vertex -40.4239 17.553 -0.251446
      vertex -40.6493 17.0116 -0.198126
    endloop
  endfacet
  facet normal -0.772657 0.54445 -0.32646
    outer loop
      vertex -39.4457 18.5536 -1.89942
      vertex -39.8192 17.9718 -1.98572
      vertex -39.8192 18.1522 -1.68486
    endloop
  endfacet
  facet normal -0.772657 0.573918 -0.271329
    outer loop
      vertex -39.8192 18.3021 -1.36779
      vertex -39.4457 18.5536 -1.89942
      vertex -39.8192 18.1522 -1.68486
    endloop
  endfacet
  facet normal -0.88171 0.444202 -0.15897
    outer loop
      vertex -40.1464 17.9518 -0.895416
      vertex -40.1464 17.8498 -1.18043
      vertex -40.4239 17.3701 -0.981709
    endloop
  endfacet
  facet normal -0.831098 0.523605 -0.187386
    outer loop
      vertex -40.1464 17.9518 -0.895416
      vertex -39.8192 18.3021 -1.36779
      vertex -40.1464 17.8498 -1.18043
    endloop
  endfacet
  facet normal -0.772692 0.597631 -0.213973
    outer loop
      vertex -39.4457 18.8559 -1.16966
      vertex -39.4457 18.7226 -1.54197
      vertex -39.8192 18.4203 -1.03753
    endloop
  endfacet
  facet normal -0.772661 0.597692 -0.213914
    outer loop
      vertex -39.8192 18.4203 -1.03753
      vertex -39.4457 18.7226 -1.54197
      vertex -39.8192 18.3021 -1.36779
    endloop
  endfacet
  facet normal -0.881734 0.471184 -0.0230489
    outer loop
      vertex -40.4239 17.5653 0
      vertex -40.1464 18.0698 -0.302345
      vertex -40.4239 17.553 -0.251446
    endloop
  endfacet
  facet normal -0.881733 0.466626 -0.069331
    outer loop
      vertex -40.1464 18.0698 -0.302345
      vertex -40.4239 17.516 -0.500471
      vertex -40.4239 17.553 -0.251446
    endloop
  endfacet
  facet normal -0.881737 0.471177 0.0230644
    outer loop
      vertex -40.1464 18.0846 0
      vertex -40.4239 17.5653 0
      vertex -40.1464 18.0698 0.302345
    endloop
  endfacet
  facet normal -0.831115 0.555435 0.0271889
    outer loop
      vertex -39.8192 18.5742 0
      vertex -40.1464 18.0846 0
      vertex -40.1464 18.0698 0.302345
    endloop
  endfacet
  facet normal -0.555148 0.82275 -0.122035
    outer loop
      vertex -38.0846 20.1216 -0.504432
      vertex -38.0846 20.0475 -1.00401
      vertex -38.5742 19.796 -0.472368
    endloop
  endfacet
  facet normal -0.555149 0.830747 -0.040843
    outer loop
      vertex -38.0846 20.1464 0
      vertex -38.0846 20.1216 -0.504432
      vertex -38.5742 19.796 -0.472368
    endloop
  endfacet
  facet normal -0.290082 0.928323 -0.232525
    outer loop
      vertex -36.4579 20.7084 -1.13546
      vertex -37.0213 20.406 -1.63989
      vertex -37.0213 20.5407 -1.10212
    endloop
  endfacet
  facet normal -0.290049 0.928324 -0.232563
    outer loop
      vertex -36.4579 20.7084 -1.13546
      vertex -36.4579 20.5696 -1.68951
      vertex -37.0213 20.406 -1.63989
    endloop
  endfacet
  facet normal -0.382389 0.92289 -0.045308
    outer loop
      vertex -37.0213 20.6493 0
      vertex -37.5653 20.3978 -0.531638
      vertex -37.5653 20.4239 0
    endloop
  endfacet
  facet normal -0.470861 0.881146 -0.0432586
    outer loop
      vertex -37.5653 20.4239 0
      vertex -37.5653 20.3978 -0.531638
      vertex -38.0846 20.1464 0
    endloop
  endfacet
  facet normal -0.772691 0.470383 -0.426249
    outer loop
      vertex -39.4457 18.1147 -2.55619
      vertex -39.4457 17.8492 -2.84918
      vertex -39.8192 17.5273 -2.52734
    endloop
  endfacet
  facet normal -0.706767 0.524229 -0.475042
    outer loop
      vertex -39.0294 18.4366 -2.82033
      vertex -39.4457 17.8492 -2.84918
      vertex -39.4457 18.1147 -2.55619
    endloop
  endfacet
  facet normal -0.772639 0.509952 -0.378124
    outer loop
      vertex -39.8192 17.9718 -1.98572
      vertex -39.4457 18.1147 -2.55619
      vertex -39.8192 17.7629 -2.26745
    endloop
  endfacet
  facet normal -0.77264 0.470344 -0.426384
    outer loop
      vertex -39.8192 17.7629 -2.26745
      vertex -39.4457 18.1147 -2.55619
      vertex -39.8192 17.5273 -2.52734
    endloop
  endfacet
  facet normal -0.633861 0.621235 -0.460746
    outer loop
      vertex -39.0294 18.6965 -2.4699
      vertex -38.5742 18.7253 -3.0573
      vertex -39.0294 18.4366 -2.82033
    endloop
  endfacet
  facet normal -0.633864 0.573072 -0.519428
    outer loop
      vertex -38.5742 18.7253 -3.0573
      vertex -39.0294 18.1436 -3.14359
      vertex -39.0294 18.4366 -2.82033
    endloop
  endfacet
  facet normal -0.555093 0.713481 -0.427571
    outer loop
      vertex -38.0846 19.5387 -2.42598
      vertex -38.0846 19.2791 -2.85917
      vertex -38.5742 19.0071 -2.67743
    endloop
  endfacet
  facet normal -0.555092 0.668041 -0.495575
    outer loop
      vertex -38.0846 19.2791 -2.85917
      vertex -38.5742 18.7253 -3.0573
      vertex -38.5742 19.0071 -2.67743
    endloop
  endfacet
  facet normal -0.706765 0.699795 -0.103779
    outer loop
      vertex -39.0294 19.4243 -0.435755
      vertex -39.0294 19.3603 -0.867314
      vertex -39.4457 18.9519 -0.786087
    endloop
  endfacet
  facet normal -0.633839 0.765097 -0.113464
    outer loop
      vertex -39.0294 19.4243 -0.435755
      vertex -38.5742 19.7266 -0.940187
      vertex -39.0294 19.3603 -0.867314
    endloop
  endfacet
  facet normal -0.831068 0.412172 -0.373416
    outer loop
      vertex -40.1464 17.3844 -1.95686
      vertex -39.8192 17.5273 -2.52734
      vertex -40.1464 17.1812 -2.18115
    endloop
  endfacet
  facet normal -0.881748 0.316732 -0.349572
    outer loop
      vertex -40.4239 16.814 -1.81396
      vertex -40.1464 16.9569 -2.38444
      vertex -40.4239 16.6274 -1.98303
    endloop
  endfacet
  facet normal -0.881731 0.349612 -0.316738
    outer loop
      vertex -40.1464 17.3844 -1.95686
      vertex -40.1464 17.1812 -2.18115
      vertex -40.4239 16.814 -1.81396
    endloop
  endfacet
  facet normal -0.831074 0.373492 -0.412092
    outer loop
      vertex -40.1464 17.1812 -2.18115
      vertex -39.8192 17.5273 -2.52734
      vertex -40.1464 16.9569 -2.38444
    endloop
  endfacet
  facet normal -0.881725 0.201666 -0.426488
    outer loop
      vertex -40.1464 16.4541 -2.72039
      vertex -40.1464 16.1804 -2.84981
      vertex -40.4239 15.9817 -2.37006
    endloop
  endfacet
  facet normal -0.831117 0.237716 -0.502727
    outer loop
      vertex -40.1464 16.4541 -2.72039
      vertex -39.8192 16.3678 -3.30213
      vertex -40.1464 16.1804 -2.84981
    endloop
  endfacet
  facet normal -0.772643 0.32641 -0.544499
    outer loop
      vertex -39.8192 16.9857 -2.97184
      vertex -39.4457 16.8994 -3.55357
      vertex -39.8192 16.6849 -3.15216
    endloop
  endfacet
  facet normal -0.772647 0.271417 -0.573889
    outer loop
      vertex -39.8192 16.6849 -3.15216
      vertex -39.4457 16.8994 -3.55357
      vertex -39.8192 16.3678 -3.30213
    endloop
  endfacet
  facet normal 0.097873 0.993997 0.048905
    outer loop
      vertex -34.7056 20.9639 0.587394
      vertex -34.1196 20.9351 0
      vertex -34.7056 20.9928 0
    endloop
  endfacet
  facet normal 0.0978365 0.994002 0.0488682
    outer loop
      vertex -34.1196 20.9065 0.581737
      vertex -34.1196 20.9351 0
      vertex -34.7056 20.9639 0.587394
    endloop
  endfacet
  facet normal 0 0.989175 -0.146743
    outer loop
      vertex -34.7056 20.8776 -1.16913
      vertex -35.2944 20.9639 -0.587394
      vertex -34.7056 20.9639 -0.587394
    endloop
  endfacet
  facet normal 0 0.989175 -0.146743
    outer loop
      vertex -35.2944 20.9639 -0.587394
      vertex -34.7056 20.8776 -1.16913
      vertex -35.2944 20.8776 -1.16913
    endloop
  endfacet
  facet normal -0.290082 0.928323 0.232525
    outer loop
      vertex -36.4579 20.7084 1.13546
      vertex -37.0213 20.5407 1.10212
      vertex -37.0213 20.406 1.63989
    endloop
  endfacet
  facet normal -0.194826 0.951436 0.238353
    outer loop
      vertex -35.8804 20.6795 1.72286
      vertex -36.4579 20.7084 1.13546
      vertex -36.4579 20.5696 1.68951
    endloop
  endfacet
  facet normal -0.0978935 0.899664 0.425466
    outer loop
      vertex -35.2944 20.2852 2.82497
      vertex -35.8804 20.4833 2.27125
      vertex -35.8804 20.2343 2.79777
    endloop
  endfacet
  facet normal -0.194822 0.886605 0.419495
    outer loop
      vertex -35.8804 20.4833 2.27125
      vertex -36.4579 20.3772 2.22729
      vertex -36.4579 20.1329 2.74362
    endloop
  endfacet
  facet normal -0.382191 0.684708 0.620568
    outer loop
      vertex -37.0213 19.3669 3.58385
      vertex -37.5653 19.1928 3.44091
      vertex -37.0213 18.9946 3.99463
    endloop
  endfacet
  facet normal -0.194836 0.726704 0.658742
    outer loop
      vertex -35.8804 19.1967 4.19672
      vertex -35.8804 19.5879 3.76516
      vertex -36.4579 19.1155 4.11549
    endloop
  endfacet
  facet normal 0.382337 0.792572 -0.475023
    outer loop
      vertex -32.4347 19.5098 -3.01338
      vertex -32.9787 19.6972 -3.13856
      vertex -32.9787 19.9822 -2.66304
    endloop
  endfacet
  facet normal 0.194847 0.841315 -0.504205
    outer loop
      vertex -33.5421 19.8393 -3.23352
      vertex -34.1196 19.9348 -3.29734
      vertex -33.5421 20.1329 -2.74362
    endloop
  endfacet
  facet normal -0.470956 0.797445 -0.377202
    outer loop
      vertex -37.5653 20.0111 -2.07565
      vertex -37.5653 19.7835 -2.55682
      vertex -38.0846 19.5387 -2.42598
    endloop
  endfacet
  facet normal -0.382257 0.835321 -0.395118
    outer loop
      vertex -37.5653 20.0111 -2.07565
      vertex -37.0213 19.9822 -2.66304
      vertex -37.5653 19.7835 -2.55682
    endloop
  endfacet
  facet normal -0.382332 0.742144 -0.550495
    outer loop
      vertex -37.0213 19.6972 -3.13856
      vertex -37.0213 19.3669 -3.58385
      vertex -37.5653 19.5098 -3.01338
    endloop
  endfacet
  facet normal -0.382337 0.792572 -0.475023
    outer loop
      vertex -37.0213 19.9822 -2.66304
      vertex -37.0213 19.6972 -3.13856
      vertex -37.5653 19.5098 -3.01338
    endloop
  endfacet
  facet normal -0.470906 0.855751 -0.214331
    outer loop
      vertex -37.5653 20.3197 -1.05816
      vertex -38.0846 19.9248 -1.49391
      vertex -38.0846 20.0475 -1.00401
    endloop
  endfacet
  facet normal -0.470927 0.855747 -0.214301
    outer loop
      vertex -37.5653 20.3197 -1.05816
      vertex -37.5653 20.1904 -1.57448
      vertex -38.0846 19.9248 -1.49391
    endloop
  endfacet
  facet normal 0.0978612 0.899681 -0.425438
    outer loop
      vertex -34.1196 20.4833 -2.27125
      vertex -34.7056 20.2852 -2.82497
      vertex -34.7056 20.5366 -2.29333
    endloop
  endfacet
  facet normal 0 0.90402 -0.42749
    outer loop
      vertex -34.7056 20.2852 -2.82497
      vertex -35.2944 20.5366 -2.29333
      vertex -34.7056 20.5366 -2.29333
    endloop
  endfacet
  facet normal 0 0.90402 -0.42749
    outer loop
      vertex -35.2944 20.5366 -2.29333
      vertex -34.7056 20.2852 -2.82497
      vertex -35.2944 20.2852 -2.82497
    endloop
  endfacet
  facet normal -0.772685 -0.213853 0.597683
    outer loop
      vertex -39.4457 13.8303 3.85585
      vertex -39.8192 13.9625 3.42029
      vertex -39.4457 13.458 3.72264
    endloop
  endfacet
  facet normal -0.706712 -0.238348 0.666144
    outer loop
      vertex -39.4457 13.8303 3.85585
      vertex -39.4457 13.458 3.72264
      vertex -39.0294 13.7095 4.25428
    endloop
  endfacet
  facet normal -0.881729 -0.0692019 0.466654
    outer loop
      vertex -40.4239 14.7486 2.55298
      vertex -40.4239 14.4995 2.51604
      vertex -40.1464 14.6977 3.06976
    endloop
  endfacet
  facet normal -0.8311 -0.0815704 0.550109
    outer loop
      vertex -40.1464 14.6977 3.06976
      vertex -40.1464 14.3982 3.02535
      vertex -39.8192 14.3027 3.50552
    endloop
  endfacet
  facet normal -0.831102 -0.0272889 0.555451
    outer loop
      vertex -39.8192 15 3.57419
      vertex -40.1464 14.6977 3.06976
      vertex -39.8192 14.6497 3.55698
    endloop
  endfacet
  facet normal -0.772669 -0.0311502 0.634045
    outer loop
      vertex -39.8192 15 3.57419
      vertex -39.8192 14.6497 3.55698
      vertex -39.4457 15 4.02935
    endloop
  endfacet
  facet normal 0.289999 0.232536 0.928347
    outer loop
      vertex -32.9787 16.1021 5.54072
      vertex -32.9787 16.6399 5.40601
      vertex -33.5421 16.1355 5.70835
    endloop
  endfacet
  facet normal 0.289991 0.140426 0.946671
    outer loop
      vertex -33.5421 15.5705 5.79216
      vertex -32.9787 16.1021 5.54072
      vertex -33.5421 16.1355 5.70835
    endloop
  endfacet
  facet normal 0.470928 0.377155 0.797484
    outer loop
      vertex -31.9154 16.9694 4.75463
      vertex -31.9154 17.426 4.53869
      vertex -32.4347 17.0756 5.01106
    endloop
  endfacet
  facet normal 0.470929 0.2972 0.830601
    outer loop
      vertex -31.9154 16.4939 4.92477
      vertex -31.9154 16.9694 4.75463
      vertex -32.4347 17.0756 5.01106
    endloop
  endfacet
  facet normal 0.470917 0.453487 0.756695
    outer loop
      vertex -31.9154 17.426 4.53869
      vertex -32.4347 18.0134 4.50984
      vertex -32.4347 17.5568 4.78348
    endloop
  endfacet
  facet normal 0.382281 0.475009 0.792608
    outer loop
      vertex -32.4347 17.5568 4.78348
      vertex -32.4347 18.0134 4.50984
      vertex -32.9787 17.663 4.98221
    endloop
  endfacet
  facet normal 0.382324 0.311289 0.870016
    outer loop
      vertex -32.9787 16.6399 5.40601
      vertex -32.4347 17.0756 5.01106
      vertex -32.9787 17.1619 5.21924
    endloop
  endfacet
  facet normal 0.382332 0.395109 0.835291
    outer loop
      vertex -32.4347 17.0756 5.01106
      vertex -32.9787 17.663 4.98221
      vertex -32.9787 17.1619 5.21924
    endloop
  endfacet
  facet normal 0.28994 0.570079 0.768729
    outer loop
      vertex -32.9787 18.1386 4.69719
      vertex -33.5421 18.6923 4.49907
      vertex -33.5421 18.2335 4.83931
    endloop
  endfacet
  facet normal 0.194842 0.58425 0.787838
    outer loop
      vertex -33.5421 18.2335 4.83931
      vertex -33.5421 18.6923 4.49907
      vertex -34.1196 18.2973 4.93482
    endloop
  endfacet
  facet normal 0.194845 0.504256 0.841286
    outer loop
      vertex -33.5421 17.7436 5.13295
      vertex -33.5421 18.2335 4.83931
      vertex -34.1196 18.2973 4.93482
    endloop
  endfacet
  facet normal 0.290013 0.492015 0.820862
    outer loop
      vertex -32.9787 17.663 4.98221
      vertex -33.5421 18.2335 4.83931
      vertex -33.5421 17.7436 5.13295
    endloop
  endfacet
  facet normal 0.382182 0.742298 0.550391
    outer loop
      vertex -32.4347 19.1928 3.44091
      vertex -32.4347 19.5098 3.01338
      vertex -32.9787 19.3669 3.58385
    endloop
  endfacet
  facet normal 0.382191 0.684708 0.620568
    outer loop
      vertex -32.9787 18.9946 3.99463
      vertex -32.4347 19.1928 3.44091
      vertex -32.9787 19.3669 3.58385
    endloop
  endfacet
  facet normal 0.633892 0.397646 -0.66337
    outer loop
      vertex -30.9706 17.4699 -3.69647
      vertex -31.4258 17.2718 -4.25019
      vertex -31.4258 17.6774 -4.00706
    endloop
  endfacet
  facet normal 0.633879 0.519428 -0.573054
    outer loop
      vertex -30.9706 18.1436 -3.14359
      vertex -31.4258 18.0573 -3.72533
      vertex -31.4258 18.4077 -3.40772
    endloop
  endfacet
  facet normal 0.706713 0.421474 -0.568257
    outer loop
      vertex -30.5543 17.5562 -3.11473
      vertex -30.9706 17.4699 -3.69647
      vertex -30.9706 17.8203 -3.43658
    endloop
  endfacet
  facet normal 0.706722 0.421454 -0.568261
    outer loop
      vertex -30.5543 17.2386 -3.35028
      vertex -30.9706 17.4699 -3.69647
      vertex -30.5543 17.5562 -3.11473
    endloop
  endfacet
  facet normal 0.706767 0.524229 -0.475042
    outer loop
      vertex -30.5543 18.1147 -2.55619
      vertex -30.5543 17.8492 -2.84918
      vertex -30.9706 18.4366 -2.82033
    endloop
  endfacet
  facet normal 0.706724 0.524203 -0.475133
    outer loop
      vertex -30.5543 17.8492 -2.84918
      vertex -30.9706 18.1436 -3.14359
      vertex -30.9706 18.4366 -2.82033
    endloop
  endfacet
  facet normal 0.919682 0.388399 -0.0577081
    outer loop
      vertex -29.5761 17.553 -0.251446
      vertex -23.0289 2 -0.588102
      vertex -29.5761 17.516 -0.500471
    endloop
  endfacet
  facet normal 0.881721 0.4442 -0.158915
    outer loop
      vertex -29.5761 17.4549 -0.744676
      vertex -29.5761 17.3701 -0.981709
      vertex -29.8536 17.9518 -0.895416
    endloop
  endfacet
  facet normal 0.83112 0.550052 0.0817455
    outer loop
      vertex -29.8536 18.0253 0.601778
      vertex -29.8536 18.0698 0.302345
      vertex -30.1808 18.5055 0.69729
    endloop
  endfacet
  facet normal 0.920996 0.389107 0.019034
    outer loop
      vertex -29.5761 17.553 0.251446
      vertex -23 2 0
      vertex -29.5761 17.5653 0
    endloop
  endfacet
  facet normal 0.772661 0.62794 0.0932069
    outer loop
      vertex -30.1808 18.5055 0.69729
      vertex -30.1808 18.557 0.350332
      vertex -30.5543 18.9519 0.786087
    endloop
  endfacet
  facet normal 0.77266 0.615806 0.154205
    outer loop
      vertex -30.1808 18.4203 1.03753
      vertex -30.1808 18.5055 0.69729
      vertex -30.5543 18.9519 0.786087
    endloop
  endfacet
  facet normal 0.706765 0.699795 0.103779
    outer loop
      vertex -30.5543 18.9519 0.786087
      vertex -30.9706 19.4243 0.435755
      vertex -30.9706 19.3603 0.867314
    endloop
  endfacet
  facet normal 0.633839 0.765097 0.113464
    outer loop
      vertex -30.9706 19.3603 0.867314
      vertex -30.9706 19.4243 0.435755
      vertex -31.4258 19.7266 0.940187
    endloop
  endfacet
  facet normal 0.77269 0.634019 0.0311435
    outer loop
      vertex -30.1808 18.557 0.350332
      vertex -30.5543 19.0294 0
      vertex -30.5543 19.01 0.394945
    endloop
  endfacet
  facet normal 0.706685 0.706677 0.0347125
    outer loop
      vertex -30.5543 19.01 0.394945
      vertex -30.5543 19.0294 0
      vertex -30.9706 19.4243 0.435755
    endloop
  endfacet
  facet normal 0.831115 0.555435 -0.0271889
    outer loop
      vertex -29.8536 18.0846 0
      vertex -29.8536 18.0698 -0.302345
      vertex -30.1808 18.5742 0
    endloop
  endfacet
  facet normal 0.83109 0.555468 -0.0272714
    outer loop
      vertex -29.8536 18.0698 -0.302345
      vertex -30.1808 18.557 -0.350332
      vertex -30.1808 18.5742 0
    endloop
  endfacet
  facet normal 0.555087 0.427656 0.713435
    outer loop
      vertex -31.4258 17.2718 4.25019
      vertex -31.4258 17.6774 4.00706
      vertex -31.9154 17.426 4.53869
    endloop
  endfacet
  facet normal 0.633892 0.397646 0.66337
    outer loop
      vertex -31.4258 17.2718 4.25019
      vertex -30.9706 17.4699 3.69647
      vertex -31.4258 17.6774 4.00706
    endloop
  endfacet
  facet normal 0.706711 0.47512 0.524233
    outer loop
      vertex -30.5543 17.5562 3.11473
      vertex -30.5543 17.8492 2.84918
      vertex -30.9706 17.8203 3.43658
    endloop
  endfacet
  facet normal 0.831122 0.411997 0.37349
    outer loop
      vertex -30.1808 17.5273 2.52734
      vertex -29.8536 17.3844 1.95686
      vertex -30.1808 17.7629 2.26745
    endloop
  endfacet
  facet normal 0.772691 0.470383 0.426249
    outer loop
      vertex -30.5543 17.8492 2.84918
      vertex -30.1808 17.5273 2.52734
      vertex -30.5543 18.1147 2.55619
    endloop
  endfacet
  facet normal 0.77264 0.470344 0.426384
    outer loop
      vertex -30.1808 17.5273 2.52734
      vertex -30.1808 17.7629 2.26745
      vertex -30.5543 18.1147 2.55619
    endloop
  endfacet
  facet normal 0.706758 0.639574 0.302386
    outer loop
      vertex -30.5543 18.5536 1.89942
      vertex -30.5543 18.7226 1.54197
      vertex -30.9706 19.1073 1.7013
    endloop
  endfacet
  facet normal 0.772661 0.597692 0.213914
    outer loop
      vertex -30.1808 18.3021 1.36779
      vertex -30.1808 18.4203 1.03753
      vertex -30.5543 18.7226 1.54197
    endloop
  endfacet
  facet normal 0.919682 0.388399 0.0577081
    outer loop
      vertex -23.0289 2 0.588102
      vertex -29.5761 17.553 0.251446
      vertex -29.5761 17.516 0.500471
    endloop
  endfacet
  facet normal 0.831102 0.539464 0.135088
    outer loop
      vertex -29.8536 17.9518 0.895416
      vertex -30.1808 18.5055 0.69729
      vertex -30.1808 18.4203 1.03753
    endloop
  endfacet
  facet normal 0.772696 0.544459 -0.326351
    outer loop
      vertex -30.1808 17.9718 -1.98572
      vertex -30.5543 18.3503 -2.23859
      vertex -30.5543 18.5536 -1.89942
    endloop
  endfacet
  facet normal 0.772692 0.509821 -0.378192
    outer loop
      vertex -30.1808 17.9718 -1.98572
      vertex -30.5543 18.1147 -2.55619
      vertex -30.5543 18.3503 -2.23859
    endloop
  endfacet
  facet normal 0.706758 0.66609 -0.238364
    outer loop
      vertex -30.5543 18.7226 -1.54197
      vertex -30.9706 19.1073 -1.7013
      vertex -30.9706 19.2543 -1.29052
    endloop
  endfacet
  facet normal 0.831099 0.50275 -0.237734
    outer loop
      vertex -29.8536 17.8498 -1.18043
      vertex -29.8536 17.7204 -1.45408
      vertex -30.1808 18.3021 -1.36779
    endloop
  endfacet
  facet normal 0.831102 0.523596 -0.187395
    outer loop
      vertex -29.8536 17.9518 -0.895416
      vertex -30.1808 18.3021 -1.36779
      vertex -30.1808 18.4203 -1.03753
    endloop
  endfacet
  facet normal 0.706702 0.666105 -0.238489
    outer loop
      vertex -30.5543 18.8559 -1.16966
      vertex -30.5543 18.7226 -1.54197
      vertex -30.9706 19.2543 -1.29052
    endloop
  endfacet
  facet normal 0.881858 0.374032 -0.287099
    outer loop
      vertex -23.2584 2 -1.74171
      vertex -29.8536 17.3844 -1.95686
      vertex -29.5761 16.983 -1.62743
    endloop
  endfacet
  facet normal 0.881727 0.378894 -0.281065
    outer loop
      vertex -29.5761 16.983 -1.62743
      vertex -29.8536 17.3844 -1.95686
      vertex -29.5761 17.133 -1.42522
    endloop
  endfacet
  facet normal 0.470909 0.872635 -0.129434
    outer loop
      vertex -31.9154 20.1216 -0.504432
      vertex -31.9154 20.0475 -1.00401
      vertex -32.4347 20.3978 -0.531638
    endloop
  endfacet
  facet normal 0.470909 0.881117 -0.0433194
    outer loop
      vertex -31.9154 20.1216 -0.504432
      vertex -32.4347 20.3978 -0.531638
      vertex -31.9154 20.1464 0
    endloop
  endfacet
  facet normal 0.471023 0.797449 -0.377109
    outer loop
      vertex -31.9154 19.7546 -1.96943
      vertex -31.9154 19.5387 -2.42598
      vertex -32.4347 20.0111 -2.07565
    endloop
  endfacet
  facet normal 0.470929 0.830614 -0.297163
    outer loop
      vertex -31.9154 19.9248 -1.49391
      vertex -32.4347 20.0111 -2.07565
      vertex -32.4347 20.1904 -1.57448
    endloop
  endfacet
  facet normal 0.555161 0.822739 -0.122052
    outer loop
      vertex -31.4258 19.7266 -0.940187
      vertex -31.9154 20.0475 -1.00401
      vertex -31.4258 19.796 -0.472368
    endloop
  endfacet
  facet normal 0.633861 0.772516 -0.0379384
    outer loop
      vertex -30.9706 19.4243 -0.435755
      vertex -31.4258 19.796 -0.472368
      vertex -30.9706 19.4457 0
    endloop
  endfacet
  facet normal 0.706681 0.706681 -0.0347052
    outer loop
      vertex -30.5543 19.0294 0
      vertex -30.9706 19.4243 -0.435755
      vertex -30.9706 19.4457 0
    endloop
  endfacet
  facet normal 0.633861 0.765074 -0.113497
    outer loop
      vertex -30.9706 19.4243 -0.435755
      vertex -31.4258 19.7266 -0.940187
      vertex -31.4258 19.796 -0.472368
    endloop
  endfacet
  facet normal 0.555158 0.806824 -0.202074
    outer loop
      vertex -31.4258 19.6117 -1.39895
      vertex -31.9154 19.9248 -1.49391
      vertex -31.4258 19.7266 -0.940187
    endloop
  endfacet
  facet normal 0.633841 0.750287 -0.187924
    outer loop
      vertex -30.9706 19.3603 -0.867314
      vertex -30.9706 19.2543 -1.29052
      vertex -31.4258 19.7266 -0.940187
    endloop
  endfacet
  facet normal 0.706733 0.606821 -0.363726
    outer loop
      vertex -30.5543 18.5536 -1.89942
      vertex -30.9706 18.6965 -2.4699
      vertex -30.9706 18.9208 -2.09569
    endloop
  endfacet
  facet normal 0.633876 0.663391 -0.397634
    outer loop
      vertex -30.9706 18.9208 -2.09569
      vertex -30.9706 18.6965 -2.4699
      vertex -31.4258 19.2502 -2.27178
    endloop
  endfacet
  facet normal 0.470956 0.797445 -0.377202
    outer loop
      vertex -31.9154 19.5387 -2.42598
      vertex -32.4347 19.7835 -2.55682
      vertex -32.4347 20.0111 -2.07565
    endloop
  endfacet
  facet normal 0.289939 0.865179 -0.409146
    outer loop
      vertex -32.9787 19.9822 -2.66304
      vertex -33.5421 20.1329 -2.74362
      vertex -32.9787 20.2192 -2.16188
    endloop
  endfacet
  facet normal 0.289992 0.955877 0.0469545
    outer loop
      vertex -32.9787 20.6221 0.553724
      vertex -32.9787 20.6493 0
      vertex -33.5421 20.7922 0.570477
    endloop
  endfacet
  facet normal 0.28999 0.946658 0.140515
    outer loop
      vertex -32.9787 20.5407 1.10212
      vertex -32.9787 20.6221 0.553724
      vertex -33.5421 20.7922 0.570477
    endloop
  endfacet
  facet normal 0.289992 0.955877 -0.0469545
    outer loop
      vertex -32.9787 20.6221 -0.553724
      vertex -33.5421 20.7922 -0.570477
      vertex -32.9787 20.6493 0
    endloop
  endfacet
  facet normal 0.382364 0.913998 -0.135667
    outer loop
      vertex -32.4347 20.3978 -0.531638
      vertex -32.9787 20.5407 -1.10212
      vertex -32.9787 20.6221 -0.553724
    endloop
  endfacet
  facet normal 0.47098 0.653588 0.592453
    outer loop
      vertex -31.9154 18.639 3.63903
      vertex -32.4347 19.1928 3.44091
      vertex -32.4347 18.8353 3.8353
    endloop
  endfacet
  facet normal 0.470976 0.59241 0.65363
    outer loop
      vertex -32.4347 18.4409 4.19276
      vertex -31.9154 18.639 3.63903
      vertex -32.4347 18.8353 3.8353
    endloop
  endfacet
  facet normal 0.470848 0.756734 0.453492
    outer loop
      vertex -31.9154 19.2791 2.85917
      vertex -31.9154 19.5387 2.42598
      vertex -32.4347 19.5098 3.01338
    endloop
  endfacet
  facet normal 0.555077 0.616324 0.5586
    outer loop
      vertex -31.4258 18.4077 3.40772
      vertex -31.4258 18.7253 3.0573
      vertex -31.9154 18.639 3.63903
    endloop
  endfacet
  facet normal 0.290049 0.928324 0.232563
    outer loop
      vertex -32.9787 20.406 1.63989
      vertex -33.5421 20.7084 1.13546
      vertex -33.5421 20.5696 1.68951
    endloop
  endfacet
  facet normal 0.289968 0.820889 0.491995
    outer loop
      vertex -32.9787 19.6972 3.13856
      vertex -32.9787 19.9822 2.66304
      vertex -33.5421 19.8393 3.23352
    endloop
  endfacet
  facet normal 0.555087 0.751952 0.355594
    outer loop
      vertex -31.4258 19.2502 2.27178
      vertex -31.9154 19.7546 1.96943
      vertex -31.9154 19.5387 2.42598
    endloop
  endfacet
  facet normal 0.470906 0.855751 0.214331
    outer loop
      vertex -31.9154 19.9248 1.49391
      vertex -31.9154 20.0475 1.00401
      vertex -32.4347 20.3197 1.05816
    endloop
  endfacet
  facet normal 0.470905 0.872636 0.12944
    outer loop
      vertex -31.9154 20.0475 1.00401
      vertex -32.4347 20.3978 0.531638
      vertex -32.4347 20.3197 1.05816
    endloop
  endfacet
  facet normal 0.382286 0.914043 0.135582
    outer loop
      vertex -32.4347 20.3197 1.05816
      vertex -32.4347 20.3978 0.531638
      vertex -32.9787 20.5407 1.10212
    endloop
  endfacet
  facet normal 0.633894 0.728223 0.260518
    outer loop
      vertex -30.9706 19.1073 1.7013
      vertex -31.4258 19.6117 1.39895
      vertex -31.4258 19.4524 1.84424
    endloop
  endfacet
  facet normal 0.633847 0.750284 0.187913
    outer loop
      vertex -30.9706 19.2543 1.29052
      vertex -31.4258 19.7266 0.940187
      vertex -31.4258 19.6117 1.39895
    endloop
  endfacet
  facet normal 0.772662 0.573906 0.271339
    outer loop
      vertex -30.5543 18.5536 1.89942
      vertex -30.1808 18.3021 1.36779
      vertex -30.5543 18.7226 1.54197
    endloop
  endfacet
  facet normal 0.706758 0.66609 0.238364
    outer loop
      vertex -30.5543 18.7226 1.54197
      vertex -30.9706 19.2543 1.29052
      vertex -30.9706 19.1073 1.7013
    endloop
  endfacet
  facet normal -0.923672 -0.22826 -0.307777
    outer loop
      vertex -40.6493 13.7177 -1.56252
      vertex -40.4239 13.5748 -2.13299
      vertex -40.4239 13.3726 -1.98303
    endloop
  endfacet
  facet normal -0.881745 -0.281005 -0.378896
    outer loop
      vertex -40.4239 13.5748 -2.13299
      vertex -40.1464 13.0431 -2.38444
      vertex -40.4239 13.3726 -1.98303
    endloop
  endfacet
  facet normal -0.772666 0.154271 -0.615782
    outer loop
      vertex -39.8192 16.0375 -3.42029
      vertex -39.4457 15.7861 -3.95193
      vertex -39.8192 15.6973 -3.50552
    endloop
  endfacet
  facet normal -0.772666 0.0931242 -0.627946
    outer loop
      vertex -39.8192 15.6973 -3.50552
      vertex -39.4457 15.7861 -3.95193
      vertex -39.8192 15.3503 -3.55698
    endloop
  endfacet
  facet normal -0.77268 0.154232 -0.615774
    outer loop
      vertex -39.4457 16.1697 -3.85585
      vertex -39.4457 15.7861 -3.95193
      vertex -39.8192 16.0375 -3.42029
    endloop
  endfacet
  facet normal -0.633882 0.260611 -0.7282
    outer loop
      vertex -38.5742 16.8442 -4.4524
      vertex -38.5742 16.399 -4.61173
      vertex -39.0294 16.7013 -4.1073
    endloop
  endfacet
  facet normal -0.633901 0.0379506 -0.772483
    outer loop
      vertex -39.0294 15.4358 -4.4243
      vertex -38.5742 15.4724 -4.79604
      vertex -39.0294 15 -4.44571
    endloop
  endfacet
  facet normal -0.706731 0.0347153 -0.70663
    outer loop
      vertex -39.0294 15.4358 -4.4243
      vertex -39.0294 15 -4.44571
      vertex -39.4457 15 -4.02935
    endloop
  endfacet
  facet normal -0.831099 -0.135157 -0.539451
    outer loop
      vertex -40.1464 14.3982 -3.02535
      vertex -39.8192 14.3027 -3.50552
      vertex -40.1464 14.1046 -2.95179
    endloop
  endfacet
  facet normal -0.881729 -0.0692019 -0.466654
    outer loop
      vertex -40.4239 14.7486 -2.55298
      vertex -40.1464 14.6977 -3.06976
      vertex -40.4239 14.4995 -2.51604
    endloop
  endfacet
  facet normal -0.956856 -0.0706056 -0.281854
    outer loop
      vertex -40.8202 14.7156 -1.42987
      vertex -40.6493 14.4132 -1.9343
      vertex -40.8202 14.5768 -1.3951
    endloop
  endfacet
  facet normal -0.956853 -0.0705773 -0.28187
    outer loop
      vertex -40.8202 14.7156 -1.42987
      vertex -40.6493 14.6057 -1.9825
      vertex -40.6493 14.4132 -1.9343
    endloop
  endfacet
  facet normal -0.92367 -0.163826 -0.346403
    outer loop
      vertex -40.6493 14.0471 -1.78266
      vertex -40.4239 14.0183 -2.37006
      vertex -40.4239 13.7907 -2.26242
    endloop
  endfacet
  facet normal -0.956856 -0.0979237 -0.273565
    outer loop
      vertex -40.8202 14.5768 -1.3951
      vertex -40.6493 14.4132 -1.9343
      vertex -40.6493 14.2265 -1.86747
    endloop
  endfacet
  facet normal -0.923669 -0.197027 -0.328658
    outer loop
      vertex -40.6493 14.0471 -1.78266
      vertex -40.4239 13.7907 -2.26242
      vertex -40.4239 13.5748 -2.13299
    endloop
  endfacet
  facet normal -0.95685 -0.173106 -0.233395
    outer loop
      vertex -40.8202 14.19 -1.21218
      vertex -40.6493 13.7177 -1.56252
      vertex -40.8202 14.0751 -1.12696
    endloop
  endfacet
  facet normal 0.38233 0.550469 -0.742164
    outer loop
      vertex -32.4347 18.4409 -4.19276
      vertex -32.4347 18.0134 -4.50984
      vertex -32.9787 18.5839 -4.36694
    endloop
  endfacet
  facet normal 0.382293 0.550443 -0.742203
    outer loop
      vertex -32.4347 18.0134 -4.50984
      vertex -32.9787 18.1386 -4.69719
      vertex -32.9787 18.5839 -4.36694
    endloop
  endfacet
  facet normal 0.194836 0.726704 -0.658742
    outer loop
      vertex -33.5421 19.1155 -4.11549
      vertex -34.1196 19.1967 -4.19672
      vertex -34.1196 19.5879 -3.76516
    endloop
  endfacet
  facet normal 0.194863 0.726719 -0.658717
    outer loop
      vertex -33.5421 19.4991 -3.69229
      vertex -33.5421 19.1155 -4.11549
      vertex -34.1196 19.5879 -3.76516
    endloop
  endfacet
  facet normal 0 0.336909 -0.941537
    outer loop
      vertex -35.2944 16.7396 -5.73473
      vertex -34.7056 17.2933 -5.5366
      vertex -34.7056 16.7396 -5.73473
    endloop
  endfacet
  facet normal 0 0.336909 -0.941537
    outer loop
      vertex -34.7056 17.2933 -5.5366
      vertex -35.2944 16.7396 -5.73473
      vertex -35.2944 17.2933 -5.5366
    endloop
  endfacet
  facet normal 0.470917 0.453487 -0.756695
    outer loop
      vertex -31.9154 17.426 -4.53869
      vertex -32.4347 17.5568 -4.78348
      vertex -32.4347 18.0134 -4.50984
    endloop
  endfacet
  facet normal 0.470945 0.453509 -0.756664
    outer loop
      vertex -31.9154 17.8592 -4.27905
      vertex -31.9154 17.426 -4.53869
      vertex -32.4347 18.0134 -4.50984
    endloop
  endfacet
  facet normal 0.382251 0.684643 -0.620603
    outer loop
      vertex -32.4347 18.8353 -3.8353
      vertex -32.9787 18.9946 -3.99463
      vertex -32.4347 19.1928 -3.44091
    endloop
  endfacet
  facet normal 0.47098 0.653588 -0.592453
    outer loop
      vertex -31.9154 18.639 -3.63903
      vertex -32.4347 18.8353 -3.8353
      vertex -32.4347 19.1928 -3.44091
    endloop
  endfacet
  facet normal 0.194901 0.330417 -0.923492
    outer loop
      vertex -33.5421 16.6895 -5.56957
      vertex -34.1196 16.7229 -5.6795
      vertex -33.5421 17.2273 -5.37715
    endloop
  endfacet
  facet normal 0.194835 0.330486 -0.923482
    outer loop
      vertex -33.5421 17.2273 -5.37715
      vertex -34.1196 16.7229 -5.6795
      vertex -34.1196 17.2712 -5.48328
    endloop
  endfacet
  facet normal 0.382287 0.224521 -0.896352
    outer loop
      vertex -32.4347 16.5745 -5.19038
      vertex -32.9787 16.1021 -5.54072
      vertex -32.9787 16.6399 -5.40601
    endloop
  endfacet
  facet normal 0.289999 0.232536 -0.928347
    outer loop
      vertex -32.9787 16.1021 -5.54072
      vertex -33.5421 16.1355 -5.70835
      vertex -32.9787 16.6399 -5.40601
    endloop
  endfacet
  facet normal 0.482743 0.212803 -0.849514
    outer loop
      vertex -31.9154 16.4939 -4.92477
      vertex -26.1716 2 -5.29153
      vertex -31.9154 16.004 -5.04749
    endloop
  endfacet
  facet normal 0.47108 0.208153 -0.857179
    outer loop
      vertex -26.1716 2 -5.29153
      vertex -32.4347 16.0582 -5.31972
      vertex -31.9154 16.004 -5.04749
    endloop
  endfacet
  facet normal -0.70672 0.103831 0.699832
    outer loop
      vertex -39.0294 15.8673 4.36028
      vertex -39.4457 15.7861 3.95193
      vertex -39.0294 15.4358 4.4243
    endloop
  endfacet
  facet normal -0.706718 0.171896 0.686295
    outer loop
      vertex -39.0294 15.8673 4.36028
      vertex -39.4457 16.1697 3.85585
      vertex -39.4457 15.7861 3.95193
    endloop
  endfacet
  facet normal -0.633901 -0.0379506 0.772483
    outer loop
      vertex -39.0294 15 4.44571
      vertex -39.0294 14.5642 4.4243
      vertex -38.5742 14.5276 4.79604
    endloop
  endfacet
  facet normal -0.706731 -0.0347153 0.70663
    outer loop
      vertex -39.0294 15 4.44571
      vertex -39.4457 15 4.02935
      vertex -39.0294 14.5642 4.4243
    endloop
  endfacet
  facet normal -0.633893 0.0379377 0.77249
    outer loop
      vertex -38.5742 15.4724 4.79604
      vertex -39.0294 15 4.44571
      vertex -38.5742 15 4.81924
    endloop
  endfacet
  facet normal -0.633893 -0.0379377 0.77249
    outer loop
      vertex -38.5742 15 4.81924
      vertex -39.0294 15 4.44571
      vertex -38.5742 14.5276 4.79604
    endloop
  endfacet
  facet normal -0.633905 0.113506 0.765037
    outer loop
      vertex -38.5742 15.9402 4.72664
      vertex -39.0294 15.8673 4.36028
      vertex -39.0294 15.4358 4.4243
    endloop
  endfacet
  facet normal -0.555079 0.122036 0.822797
    outer loop
      vertex -38.0846 16.004 5.04749
      vertex -38.5742 15.4724 4.79604
      vertex -38.0846 15.5044 5.12159
    endloop
  endfacet
  facet normal -0.28994 0.570079 0.768729
    outer loop
      vertex -36.4579 18.2335 4.83931
      vertex -36.4579 18.6923 4.49907
      vertex -37.0213 18.1386 4.69719
    endloop
  endfacet
  facet normal -0.382289 0.474999 0.79261
    outer loop
      vertex -37.0213 18.1386 4.69719
      vertex -37.5653 18.0134 4.50984
      vertex -37.0213 17.663 4.98221
    endloop
  endfacet
  facet normal -0.19484 0.658736 0.726708
    outer loop
      vertex -35.8804 19.1967 4.19672
      vertex -36.4579 19.1155 4.11549
      vertex -35.8804 18.7652 4.58786
    endloop
  endfacet
  facet normal -0.0978759 0.737345 0.668388
    outer loop
      vertex -35.2944 19.6325 3.80177
      vertex -35.8804 19.5879 3.76516
      vertex -35.8804 19.1967 4.19672
    endloop
  endfacet
  facet normal -0.0978896 0.668382 0.737349
    outer loop
      vertex -35.2944 18.8018 4.63248
      vertex -35.8804 19.1967 4.19672
      vertex -35.8804 18.7652 4.58786
    endloop
  endfacet
  facet normal -0.194863 0.726719 0.658717
    outer loop
      vertex -35.8804 19.5879 3.76516
      vertex -36.4579 19.4991 3.69229
      vertex -36.4579 19.1155 4.11549
    endloop
  endfacet
  facet normal -0.470954 0.297225 0.830578
    outer loop
      vertex -37.5653 17.0756 5.01106
      vertex -38.0846 16.4939 4.92477
      vertex -37.5653 16.5745 5.19038
    endloop
  endfacet
  facet normal -0.382332 0.395109 0.835291
    outer loop
      vertex -37.0213 17.1619 5.21924
      vertex -37.0213 17.663 4.98221
      vertex -37.5653 17.0756 5.01106
    endloop
  endfacet
  facet normal -0.633861 0.765074 0.113497
    outer loop
      vertex -38.5742 19.796 0.472368
      vertex -39.0294 19.4243 0.435755
      vertex -38.5742 19.7266 0.940187
    endloop
  endfacet
  facet normal -0.706704 0.686309 0.171899
    outer loop
      vertex -39.0294 19.2543 1.29052
      vertex -39.0294 19.3603 0.867314
      vertex -39.4457 18.8559 1.16966
    endloop
  endfacet
  facet normal -0.77269 0.634019 0.0311435
    outer loop
      vertex -39.4457 19.01 0.394945
      vertex -39.4457 19.0294 0
      vertex -39.8192 18.557 0.350332
    endloop
  endfacet
  facet normal -0.772697 0.634012 0.0311276
    outer loop
      vertex -39.4457 19.0294 0
      vertex -39.8192 18.5742 0
      vertex -39.8192 18.557 0.350332
    endloop
  endfacet
  facet normal -0.772661 0.62794 0.0932069
    outer loop
      vertex -39.4457 18.9519 0.786087
      vertex -39.8192 18.557 0.350332
      vertex -39.8192 18.5055 0.69729
    endloop
  endfacet
  facet normal -0.831102 0.523596 0.187395
    outer loop
      vertex -39.8192 18.4203 1.03753
      vertex -40.1464 17.9518 0.895416
      vertex -39.8192 18.3021 1.36779
    endloop
  endfacet
  facet normal -0.923673 0.283964 0.257277
    outer loop
      vertex -40.4239 16.983 1.62743
      vertex -40.6493 16.5625 1.28232
      vertex -40.4239 16.814 1.81396
    endloop
  endfacet
  facet normal -0.831113 0.50275 0.237683
    outer loop
      vertex -39.8192 18.1522 1.68486
      vertex -39.8192 18.3021 1.36779
      vertex -40.1464 17.7204 1.45408
    endloop
  endfacet
  facet normal -0.980733 0.144769 0.131166
    outer loop
      vertex -40.8202 16.0309 1.03088
      vertex -40.9351 15.6805 0.558509
      vertex -40.9351 15.6225 0.622524
    endloop
  endfacet
  facet normal -0.881731 0.349612 0.316738
    outer loop
      vertex -40.1464 17.3844 1.95686
      vertex -40.4239 16.814 1.81396
      vertex -40.1464 17.1812 2.18115
    endloop
  endfacet
  facet normal -0.831068 0.412172 0.373416
    outer loop
      vertex -39.8192 17.5273 2.52734
      vertex -40.1464 17.3844 1.95686
      vertex -40.1464 17.1812 2.18115
    endloop
  endfacet
  facet normal -0.706735 0.606817 0.363729
    outer loop
      vertex -39.0294 18.6965 2.4699
      vertex -39.4457 18.5536 1.89942
      vertex -39.4457 18.3503 2.23859
    endloop
  endfacet
  facet normal -0.881721 0.4442 0.158915
    outer loop
      vertex -40.1464 17.9518 0.895416
      vertex -40.4239 17.4549 0.744676
      vertex -40.4239 17.3701 0.981709
    endloop
  endfacet
  facet normal -0.92368 0.379018 0.0562104
    outer loop
      vertex -40.4239 17.553 0.251446
      vertex -40.6493 17.0116 0.198126
      vertex -40.6493 16.9825 0.394343
    endloop
  endfacet
  facet normal -0.831071 0.44665 0.331396
    outer loop
      vertex -39.8192 17.9718 1.98572
      vertex -40.1464 17.5648 1.71372
      vertex -40.1464 17.3844 1.95686
    endloop
  endfacet
  facet normal -0.923672 0.22826 0.307777
    outer loop
      vertex -40.4239 16.6274 1.98303
      vertex -40.6493 16.2823 1.56252
      vertex -40.4239 16.4252 2.13299
    endloop
  endfacet
  facet normal -0.382257 0.792552 0.475122
    outer loop
      vertex -37.0213 19.9822 2.66304
      vertex -37.5653 19.7835 2.55682
      vertex -37.5653 19.5098 3.01338
    endloop
  endfacet
  facet normal -0.382257 0.835321 0.395118
    outer loop
      vertex -37.0213 19.9822 2.66304
      vertex -37.5653 20.0111 2.07565
      vertex -37.5653 19.7835 2.55682
    endloop
  endfacet
  facet normal -0.633913 0.62115 0.46079
    outer loop
      vertex -38.5742 19.0071 2.67743
      vertex -39.0294 18.6965 2.4699
      vertex -38.5742 18.7253 3.0573
    endloop
  endfacet
  facet normal -0.470855 0.708557 0.525588
    outer loop
      vertex -37.5653 19.5098 3.01338
      vertex -38.0846 19.2791 2.85917
      vertex -38.0846 18.9782 3.26482
    endloop
  endfacet
  facet normal -0.633873 0.699201 0.33064
    outer loop
      vertex -38.5742 19.2502 2.27178
      vertex -39.0294 19.1073 1.7013
      vertex -39.0294 18.9208 2.09569
    endloop
  endfacet
  facet normal -0.772662 0.573906 0.271339
    outer loop
      vertex -39.4457 18.7226 1.54197
      vertex -39.8192 18.3021 1.36779
      vertex -39.4457 18.5536 1.89942
    endloop
  endfacet
  facet normal -0.706739 0.363718 0.606819
    outer loop
      vertex -39.0294 17.4699 3.69647
      vertex -39.4457 16.8994 3.55357
      vertex -39.0294 17.0957 3.92076
    endloop
  endfacet
  facet normal -0.772671 0.271457 0.573838
    outer loop
      vertex -39.4457 16.8994 3.55357
      vertex -39.8192 16.3678 3.30213
      vertex -39.4457 16.542 3.72264
    endloop
  endfacet
  facet normal -0.555071 0.495543 0.668081
    outer loop
      vertex -38.0846 18.2648 3.9782
      vertex -38.5742 18.0573 3.72533
      vertex -38.0846 17.8592 4.27905
    endloop
  endfacet
  facet normal -0.470943 0.525545 0.70853
    outer loop
      vertex -37.5653 18.0134 4.50984
      vertex -38.0846 18.2648 3.9782
      vertex -38.0846 17.8592 4.27905
    endloop
  endfacet
  facet normal -0.706724 0.475093 0.524241
    outer loop
      vertex -39.0294 18.1436 3.14359
      vertex -39.4457 17.8492 2.84918
      vertex -39.0294 17.8203 3.43658
    endloop
  endfacet
  facet normal -0.633876 0.573079 0.519405
    outer loop
      vertex -38.5742 18.4077 3.40772
      vertex -38.5742 18.7253 3.0573
      vertex -39.0294 18.1436 3.14359
    endloop
  endfacet
  facet normal -0.706711 0.47512 0.524233
    outer loop
      vertex -39.0294 17.8203 3.43658
      vertex -39.4457 17.8492 2.84918
      vertex -39.4457 17.5562 3.11473
    endloop
  endfacet
  facet normal -0.706713 0.421474 0.568257
    outer loop
      vertex -39.0294 17.8203 3.43658
      vertex -39.4457 17.5562 3.11473
      vertex -39.0294 17.4699 3.69647
    endloop
  endfacet
  facet normal -0.555078 0.558626 0.616299
    outer loop
      vertex -38.0846 18.639 3.63903
      vertex -38.5742 18.4077 3.40772
      vertex -38.5742 18.0573 3.72533
    endloop
  endfacet
  facet normal -0.633861 0.621235 0.460746
    outer loop
      vertex -38.5742 18.7253 3.0573
      vertex -39.0294 18.6965 2.4699
      vertex -39.0294 18.4366 2.82033
    endloop
  endfacet
  facet normal -0.77269 0.426285 0.470352
    outer loop
      vertex -39.4457 17.5562 3.11473
      vertex -39.8192 17.5273 2.52734
      vertex -39.8192 17.2674 2.76289
    endloop
  endfacet
  facet normal -0.831072 0.373489 0.412098
    outer loop
      vertex -39.8192 17.5273 2.52734
      vertex -40.1464 16.9569 2.38444
      vertex -39.8192 17.2674 2.76289
    endloop
  endfacet
  facet normal -0.772673 0.378154 0.509878
    outer loop
      vertex -39.4457 17.5562 3.11473
      vertex -39.8192 16.9857 2.97184
      vertex -39.4457 17.2386 3.35028
    endloop
  endfacet
  facet normal -0.706713 0.302543 0.63955
    outer loop
      vertex -39.0294 16.7013 4.1073
      vertex -39.4457 16.8994 3.55357
      vertex -39.4457 16.542 3.72264
    endloop
  endfacet
  facet normal -0.831114 0.187354 0.523591
    outer loop
      vertex -39.8192 16.3678 3.30213
      vertex -40.1464 16.1804 2.84981
      vertex -40.1464 15.8954 2.95179
    endloop
  endfacet
  facet normal -0.881732 0.201689 0.426463
    outer loop
      vertex -40.1464 16.4541 2.72039
      vertex -40.4239 16.2093 2.26242
      vertex -40.4239 15.9817 2.37006
    endloop
  endfacet
  facet normal -0.831102 0.135148 0.539449
    outer loop
      vertex -39.8192 16.0375 3.42029
      vertex -40.1464 15.8954 2.95179
      vertex -39.8192 15.6973 3.50552
    endloop
  endfacet
  facet normal -0.77268 0.154232 0.615774
    outer loop
      vertex -39.4457 16.1697 3.85585
      vertex -39.8192 16.0375 3.42029
      vertex -39.4457 15.7861 3.95193
    endloop
  endfacet
  facet normal -0.95685 -0.281875 0.0706079
    outer loop
      vertex -40.6493 13.0657 0.586763
      vertex -40.8202 13.5701 0.284418
      vertex -40.6493 13.0175 0.394343
    endloop
  endfacet
  facet normal -0.923664 -0.371719 0.0931132
    outer loop
      vertex -40.6493 13.0657 0.586763
      vertex -40.6493 13.0175 0.394343
      vertex -40.4239 12.484 0.500471
    endloop
  endfacet
  facet normal -0.881856 -0.382667 0.275492
    outer loop
      vertex -40.1464 12.4352 1.71372
      vertex -40.4239 12.867 1.42522
      vertex -34.7416 0 1.74171
    endloop
  endfacet
  facet normal -0.881737 -0.37885 0.281091
    outer loop
      vertex -40.1464 12.6156 1.95686
      vertex -40.4239 12.867 1.42522
      vertex -40.1464 12.4352 1.71372
    endloop
  endfacet
  facet normal -0.881731 -0.242566 0.404614
    outer loop
      vertex -40.1464 13.5459 2.72039
      vertex -40.4239 13.5748 2.13299
      vertex -40.1464 13.2863 2.56476
    endloop
  endfacet
  facet normal -0.831109 -0.331215 0.446714
    outer loop
      vertex -40.1464 13.2863 2.56476
      vertex -40.1464 13.0431 2.38444
      vertex -39.8192 13.0143 2.97184
    endloop
  endfacet
  facet normal -0.923673 -0.129104 0.360778
    outer loop
      vertex -40.4239 14.2553 2.45487
      vertex -40.6493 14.4132 1.9343
      vertex -40.4239 14.0183 2.37006
    endloop
  endfacet
  facet normal -0.923673 -0.0931069 0.371697
    outer loop
      vertex -40.4239 14.4995 2.51604
      vertex -40.6493 14.4132 1.9343
      vertex -40.4239 14.2553 2.45487
    endloop
  endfacet
  facet normal -0.956846 -0.233434 0.173072
    outer loop
      vertex -40.8202 13.873 0.92487
      vertex -40.8202 13.7878 0.809955
      vertex -40.6493 13.4375 1.28232
    endloop
  endfacet
  facet normal -0.956854 -0.233359 0.17313
    outer loop
      vertex -40.6493 13.4375 1.28232
      vertex -40.8202 13.7878 0.809955
      vertex -40.6493 13.3193 1.123
    endloop
  endfacet
  facet normal -0.923669 -0.228286 0.307769
    outer loop
      vertex -40.6493 13.877 1.68068
      vertex -40.6493 13.7177 1.56252
      vertex -40.4239 13.5748 2.13299
    endloop
  endfacet
  facet normal -0.881745 -0.281005 0.378896
    outer loop
      vertex -40.4239 13.5748 2.13299
      vertex -40.4239 13.3726 1.98303
      vertex -40.1464 13.0431 2.38444
    endloop
  endfacet
  facet normal -0.980732 -0.16758 0.100406
    outer loop
      vertex -40.9351 14.268 0.489114
      vertex -40.9351 14.2236 0.415009
      vertex -40.8202 13.7878 0.809955
    endloop
  endfacet
  facet normal -0.956854 -0.233359 -0.17313
    outer loop
      vertex -40.8202 13.7878 -0.809955
      vertex -40.6493 13.4375 -1.28232
      vertex -40.6493 13.3193 -1.123
    endloop
  endfacet
  facet normal -0.995175 -0.0841646 -0.0504272
    outer loop
      vertex -40.9928 14.7552 -0.163563
      vertex -40.9351 14.268 -0.489114
      vertex -40.9351 14.2236 -0.415009
    endloop
  endfacet
  facet normal -0.995175 0.0144344 -0.0970464
    outer loop
      vertex -40.9928 15.0574 -0.288749
      vertex -40.9351 15.0863 -0.876143
      vertex -40.9928 15.0289 -0.292988
    endloop
  endfacet
  facet normal -0.995175 -0.00480814 0.0979939
    outer loop
      vertex -40.9928 15 0.294406
      vertex -40.9928 14.9711 0.292988
      vertex -40.9351 14.9137 0.876143
    endloop
  endfacet
  facet normal -0.980736 -0.195104 -0.00955741
    outer loop
      vertex -40.9351 14.1239 -0.0862923
      vertex -40.8202 13.5491 -0.142897
      vertex -40.8202 13.5421 0
    endloop
  endfacet
  facet normal -0.980731 -0.193247 -0.0286756
    outer loop
      vertex -40.9351 14.1365 -0.171754
      vertex -40.8202 13.5701 -0.284418
      vertex -40.8202 13.5491 -0.142897
    endloop
  endfacet
  facet normal -0.98073 -0.0474736 -0.189512
    outer loop
      vertex -40.9351 14.8282 -0.863466
      vertex -40.8202 14.7156 -1.42987
      vertex -40.8202 14.5768 -1.3951
    endloop
  endfacet
  facet normal -0.980729 -0.183954 0.0658216
    outer loop
      vertex -40.8202 13.6531 0.557906
      vertex -40.9351 14.1866 0.336907
      vertex -40.8202 13.6049 0.4232
    endloop
  endfacet
  facet normal -0.923673 0.257283 -0.283959
    outer loop
      vertex -40.4239 16.814 -1.81396
      vertex -40.4239 16.6274 -1.98303
      vertex -40.6493 16.2823 -1.56252
    endloop
  endfacet
  facet normal -0.923673 0.283964 -0.257277
    outer loop
      vertex -40.4239 16.983 -1.62743
      vertex -40.4239 16.814 -1.81396
      vertex -40.6493 16.5625 -1.28232
    endloop
  endfacet
  facet normal -0.881731 0.242566 -0.404614
    outer loop
      vertex -40.1464 16.7137 -2.56476
      vertex -40.1464 16.4541 -2.72039
      vertex -40.4239 16.4252 -2.13299
    endloop
  endfacet
  facet normal -0.923669 0.197027 -0.328658
    outer loop
      vertex -40.4239 16.4252 -2.13299
      vertex -40.4239 16.2093 -2.26242
      vertex -40.6493 15.9529 -1.78266
    endloop
  endfacet
  facet normal -0.923679 0.163762 -0.346409
    outer loop
      vertex -40.6493 15.9529 -1.78266
      vertex -40.4239 15.9817 -2.37006
      vertex -40.6493 15.7735 -1.86747
    endloop
  endfacet
  facet normal -0.956858 0.124181 -0.262682
    outer loop
      vertex -40.6493 15.9529 -1.78266
      vertex -40.6493 15.7735 -1.86747
      vertex -40.8202 15.6872 -1.28574
    endloop
  endfacet
  facet normal -0.831097 0.0273043 -0.555457
    outer loop
      vertex -40.1464 15.3023 -3.06976
      vertex -39.8192 15 -3.57419
      vertex -40.1464 15 -3.08462
    endloop
  endfacet
  facet normal -0.881731 0.0231617 -0.471183
    outer loop
      vertex -40.1464 15.3023 -3.06976
      vertex -40.1464 15 -3.08462
      vertex -40.4239 15 -2.56533
    endloop
  endfacet
  facet normal -0.956863 -0.26265 -0.124207
    outer loop
      vertex -40.8202 13.7143 -0.68724
      vertex -40.6493 13.2173 -0.952852
      vertex -40.6493 13.1325 -0.773533
    endloop
  endfacet
  facet normal -0.956858 -0.273569 -0.0978874
    outer loop
      vertex -40.8202 13.6531 -0.557906
      vertex -40.6493 13.1325 -0.773533
      vertex -40.8202 13.6049 -0.4232
    endloop
  endfacet
  facet normal -0.980733 -0.116365 -0.156913
    outer loop
      vertex -40.9351 14.5109 -0.732011
      vertex -40.8202 14.19 -1.21218
      vertex -40.9351 14.4415 -0.680545
    endloop
  endfacet
  facet normal -0.980731 -0.100394 -0.167596
    outer loop
      vertex -40.9351 14.585 -0.776428
      vertex -40.8202 14.3128 -1.28574
      vertex -40.8202 14.19 -1.21218
    endloop
  endfacet
  facet normal -0.92368 -0.28392 -0.257301
    outer loop
      vertex -40.6493 13.5707 -1.4293
      vertex -40.4239 13.186 -1.81396
      vertex -40.6493 13.4375 -1.28232
    endloop
  endfacet
  facet normal -0.923673 -0.283964 -0.257277
    outer loop
      vertex -40.6493 13.4375 -1.28232
      vertex -40.4239 13.186 -1.81396
      vertex -40.4239 13.017 -1.62743
    endloop
  endfacet
  facet normal -0.923678 -0.346391 -0.163808
    outer loop
      vertex -40.6493 13.2173 -0.952852
      vertex -40.4239 12.6299 -0.981709
      vertex -40.6493 13.1325 -0.773533
    endloop
  endfacet
  facet normal -0.923677 -0.360791 -0.12904
    outer loop
      vertex -40.6493 13.1325 -0.773533
      vertex -40.4239 12.6299 -0.981709
      vertex -40.6493 13.0657 -0.586763
    endloop
  endfacet
  facet normal -0.956851 0.124264 0.262668
    outer loop
      vertex -40.6493 15.7735 1.86747
      vertex -40.8202 15.6872 1.28574
      vertex -40.8202 15.5579 1.34691
    endloop
  endfacet
  facet normal -0.980731 0.028653 0.19325
    outer loop
      vertex -40.8202 15.1429 1.45086
      vertex -40.9351 15.1718 0.863466
      vertex -40.9351 15.0863 0.876143
    endloop
  endfacet
  facet normal -0.956854 -0.0142545 0.290218
    outer loop
      vertex -40.6493 15 2.02134
      vertex -40.8202 14.8571 1.45086
      vertex -40.6493 14.8019 2.01161
    endloop
  endfacet
  facet normal -0.923673 0.129104 0.360778
    outer loop
      vertex -40.4239 15.9817 2.37006
      vertex -40.6493 15.5868 1.9343
      vertex -40.4239 15.7447 2.45487
    endloop
  endfacet
  facet normal -0.923678 0.129133 0.360754
    outer loop
      vertex -40.4239 15.9817 2.37006
      vertex -40.6493 15.7735 1.86747
      vertex -40.6493 15.5868 1.9343
    endloop
  endfacet
  facet normal -0.772666 0.0931242 0.627946
    outer loop
      vertex -39.4457 15.7861 3.95193
      vertex -39.8192 15.6973 3.50552
      vertex -39.8192 15.3503 3.55698
    endloop
  endfacet
  facet normal -0.881724 0.114631 0.457626
    outer loop
      vertex -40.1464 15.8954 2.95179
      vertex -40.4239 15.7447 2.45487
      vertex -40.4239 15.5005 2.51604
    endloop
  endfacet
  facet normal -0.881728 0.0231471 0.47119
    outer loop
      vertex -40.1464 15.3023 3.06976
      vertex -40.4239 15.2514 2.55298
      vertex -40.4239 15 2.56533
    endloop
  endfacet
  facet normal -0.881731 0.0231617 0.471183
    outer loop
      vertex -40.1464 15.3023 3.06976
      vertex -40.4239 15 2.56533
      vertex -40.1464 15 3.08462
    endloop
  endfacet
  facet normal -0.923669 0.228286 -0.307769
    outer loop
      vertex -40.6493 16.2823 -1.56252
      vertex -40.4239 16.4252 -2.13299
      vertex -40.6493 16.123 -1.68068
    endloop
  endfacet
  facet normal -0.956851 0.215317 -0.19513
    outer loop
      vertex -40.6493 16.5625 -1.28232
      vertex -40.6493 16.4293 -1.4293
      vertex -40.8202 16.0309 -1.03088
    endloop
  endfacet
  facet normal -0.881741 0.404639 -0.242487
    outer loop
      vertex -40.4239 17.2624 -1.20929
      vertex -40.1464 17.7204 -1.45408
      vertex -40.4239 17.133 -1.42522
    endloop
  endfacet
  facet normal -0.923669 0.307745 -0.228317
    outer loop
      vertex -40.6493 16.6807 -1.123
      vertex -40.4239 17.133 -1.42522
      vertex -40.6493 16.5625 -1.28232
    endloop
  endfacet
  facet normal -0.923681 0.360769 -0.129067
    outer loop
      vertex -40.4239 17.4549 -0.744676
      vertex -40.4239 17.3701 -0.981709
      vertex -40.6493 16.9343 -0.586763
    endloop
  endfacet
  facet normal -0.923677 0.360791 -0.12904
    outer loop
      vertex -40.6493 16.9343 -0.586763
      vertex -40.4239 17.3701 -0.981709
      vertex -40.6493 16.8675 -0.773533
    endloop
  endfacet
  facet normal -0.980735 0.156917 -0.116341
    outer loop
      vertex -40.8202 16.2122 -0.809955
      vertex -40.8202 16.127 -0.92487
      vertex -40.9351 15.6805 -0.558509
    endloop
  endfacet
  facet normal -0.980733 0.131208 -0.144729
    outer loop
      vertex -40.9351 15.6225 -0.622524
      vertex -40.8202 16.0309 -1.03088
      vertex -40.9351 15.5585 -0.680545
    endloop
  endfacet
  facet normal -0.995176 -0.0842242 -0.0503014
    outer loop
      vertex -40.9928 14.7552 -0.163563
      vertex -40.9351 14.2236 -0.415009
      vertex -40.9928 14.7404 -0.138782
    endloop
  endfacet
  facet normal -0.995175 0.0659 0.0726909
    outer loop
      vertex -40.9351 15.6225 0.622524
      vertex -40.9928 15.1868 0.227578
      vertex -40.9351 15.5585 0.680545
    endloop
  endfacet
  facet normal -0.995176 0.0886639 -0.0420036
    outer loop
      vertex -40.9351 15.8134 -0.336907
      vertex -40.9351 15.7764 -0.415009
      vertex -40.9928 15.272 -0.112664
    endloop
  endfacet
  facet normal -0.980732 0.16758 0.100406
    outer loop
      vertex -40.8202 16.2122 0.809955
      vertex -40.9351 15.7764 0.415009
      vertex -40.9351 15.732 0.489114
    endloop
  endfacet
  facet normal -0.956858 0.273569 0.0978874
    outer loop
      vertex -40.6493 16.8675 0.773533
      vertex -40.8202 16.3951 0.4232
      vertex -40.8202 16.3469 0.557906
    endloop
  endfacet
  facet normal -0.956855 0.273593 0.0978531
    outer loop
      vertex -40.6493 16.9343 0.586763
      vertex -40.8202 16.3951 0.4232
      vertex -40.6493 16.8675 0.773533
    endloop
  endfacet
  facet normal -0.995175 0.0659 -0.0726909
    outer loop
      vertex -40.9351 15.6225 -0.622524
      vertex -40.9351 15.5585 -0.680545
      vertex -40.9928 15.1868 -0.227578
    endloop
  endfacet
  facet normal -0.980735 -0.156917 0.116341
    outer loop
      vertex -40.8202 13.873 0.92487
      vertex -40.9351 14.3195 0.558509
      vertex -40.8202 13.7878 0.809955
    endloop
  endfacet
  facet normal -0.980729 0.183956 -0.0658067
    outer loop
      vertex -40.9351 15.8425 -0.255561
      vertex -40.8202 16.3951 -0.4232
      vertex -40.9351 15.8134 -0.336907
    endloop
  endfacet
  facet normal -0.98073 0.189499 -0.0475175
    outer loop
      vertex -40.8202 16.4299 -0.284418
      vertex -40.8202 16.3951 -0.4232
      vertex -40.9351 15.8635 -0.171754
    endloop
  endfacet
  facet normal -0.956848 0.287446 0.0426297
    outer loop
      vertex -40.6493 17.0116 0.198126
      vertex -40.8202 16.4509 0.142897
      vertex -40.6493 16.9825 0.394343
    endloop
  endfacet
  facet normal -0.995175 -0.0659021 -0.0726886
    outer loop
      vertex -40.9928 14.8132 -0.227578
      vertex -40.9351 14.3775 -0.622524
      vertex -40.9928 14.7918 -0.208176
    endloop
  endfacet
  facet normal -0.956852 0.0978809 -0.273595
    outer loop
      vertex -40.8202 15.5579 -1.34691
      vertex -40.6493 15.7735 -1.86747
      vertex -40.8202 15.4232 -1.3951
    endloop
  endfacet
  facet normal -0.956856 0.0979237 -0.273565
    outer loop
      vertex -40.6493 15.7735 -1.86747
      vertex -40.6493 15.5868 -1.9343
      vertex -40.8202 15.4232 -1.3951
    endloop
  endfacet
  facet normal -0.995175 0.0419497 -0.0886942
    outer loop
      vertex -40.9351 15.415 -0.776428
      vertex -40.9351 15.3369 -0.813367
      vertex -40.9928 15.1127 -0.271996
    endloop
  endfacet
  facet normal -0.980733 -0.131197 -0.144743
    outer loop
      vertex -40.9351 14.4415 -0.680545
      vertex -40.8202 14.0751 -1.12696
      vertex -40.8202 13.9691 -1.03088
    endloop
  endfacet
  facet normal -0.995175 0.0584443 0.07881
    outer loop
      vertex -40.9351 15.5585 0.680545
      vertex -40.9928 15.1636 0.244789
      vertex -40.9351 15.4891 0.732011
    endloop
  endfacet
  facet normal -0.980729 -0.189513 -0.0474874
    outer loop
      vertex -40.9351 14.1575 -0.255561
      vertex -40.8202 13.6049 -0.4232
      vertex -40.9351 14.1365 -0.171754
    endloop
  endfacet
  facet normal -0.980735 0.144727 -0.131198
    outer loop
      vertex -40.8202 16.127 -0.92487
      vertex -40.8202 16.0309 -1.03088
      vertex -40.9351 15.6805 -0.558509
    endloop
  endfacet
  facet normal -0.95685 0.281875 0.0706079
    outer loop
      vertex -40.6493 16.9825 0.394343
      vertex -40.8202 16.4299 0.284418
      vertex -40.6493 16.9343 0.586763
    endloop
  endfacet
  facet normal -0.956847 0.290244 0.014218
    outer loop
      vertex -40.6493 17.0116 0.198126
      vertex -40.8202 16.4579 0
      vertex -40.8202 16.4509 0.142897
    endloop
  endfacet
  facet normal -0.923677 0.382715 -0.0187372
    outer loop
      vertex -40.4239 17.5653 0
      vertex -40.6493 17.0116 -0.198126
      vertex -40.6493 17.0213 0
    endloop
  endfacet
  facet normal -0.980731 0.193247 0.0286756
    outer loop
      vertex -40.8202 16.4299 0.284418
      vertex -40.8202 16.4509 0.142897
      vertex -40.9351 15.8635 0.171754
    endloop
  endfacet
  facet normal -0.772696 0.544459 -0.326351
    outer loop
      vertex -39.4457 18.5536 -1.89942
      vertex -39.4457 18.3503 -2.23859
      vertex -39.8192 17.9718 -1.98572
    endloop
  endfacet
  facet normal -0.706735 0.606817 -0.363729
    outer loop
      vertex -39.4457 18.5536 -1.89942
      vertex -39.0294 18.6965 -2.4699
      vertex -39.4457 18.3503 -2.23859
    endloop
  endfacet
  facet normal -0.382181 0.870054 -0.311358
    outer loop
      vertex -37.0213 20.406 -1.63989
      vertex -37.0213 20.2192 -2.16188
      vertex -37.5653 20.0111 -2.07565
    endloop
  endfacet
  facet normal -0.38225 0.870054 -0.311273
    outer loop
      vertex -37.0213 20.406 -1.63989
      vertex -37.5653 20.0111 -2.07565
      vertex -37.5653 20.1904 -1.57448
    endloop
  endfacet
  facet normal -0.706711 0.47512 -0.524233
    outer loop
      vertex -39.4457 17.8492 -2.84918
      vertex -39.0294 17.8203 -3.43658
      vertex -39.4457 17.5562 -3.11473
    endloop
  endfacet
  facet normal -0.706713 0.421474 -0.568257
    outer loop
      vertex -39.0294 17.8203 -3.43658
      vertex -39.0294 17.4699 -3.69647
      vertex -39.4457 17.5562 -3.11473
    endloop
  endfacet
  facet normal -0.633848 0.728233 -0.260602
    outer loop
      vertex -38.5742 19.6117 -1.39895
      vertex -39.0294 19.1073 -1.7013
      vertex -39.0294 19.2543 -1.29052
    endloop
  endfacet
  facet normal -0.706702 0.666105 -0.238489
    outer loop
      vertex -39.0294 19.2543 -1.29052
      vertex -39.4457 18.7226 -1.54197
      vertex -39.4457 18.8559 -1.16966
    endloop
  endfacet
  facet normal -0.831071 0.44665 -0.331396
    outer loop
      vertex -40.1464 17.5648 -1.71372
      vertex -39.8192 17.9718 -1.98572
      vertex -40.1464 17.3844 -1.95686
    endloop
  endfacet
  facet normal -0.881739 0.404638 -0.242496
    outer loop
      vertex -40.1464 17.7204 -1.45408
      vertex -40.1464 17.5648 -1.71372
      vertex -40.4239 17.133 -1.42522
    endloop
  endfacet
  facet normal -0.831076 0.331331 -0.44669
    outer loop
      vertex -39.8192 17.2674 -2.76289
      vertex -39.8192 16.9857 -2.97184
      vertex -40.1464 16.9569 -2.38444
    endloop
  endfacet
  facet normal -0.831072 0.373489 -0.412098
    outer loop
      vertex -39.8192 17.5273 -2.52734
      vertex -39.8192 17.2674 -2.76289
      vertex -40.1464 16.9569 -2.38444
    endloop
  endfacet
  facet normal -0.290049 0.928324 0.232563
    outer loop
      vertex -36.4579 20.5696 1.68951
      vertex -36.4579 20.7084 1.13546
      vertex -37.0213 20.406 1.63989
    endloop
  endfacet
  facet normal -0.290048 0.90108 0.322377
    outer loop
      vertex -36.4579 20.5696 1.68951
      vertex -37.0213 20.406 1.63989
      vertex -36.4579 20.3772 2.22729
    endloop
  endfacet
  facet normal -0.194992 0.841213 0.50432
    outer loop
      vertex -35.8804 20.2343 2.79777
      vertex -36.4579 20.1329 2.74362
      vertex -35.8804 19.9348 3.29734
    endloop
  endfacet
  facet normal -0.0978922 0.853557 0.511721
    outer loop
      vertex -35.2944 20.2852 2.82497
      vertex -35.8804 20.2343 2.79777
      vertex -35.8804 19.9348 3.29734
    endloop
  endfacet
  facet normal -0.290036 0.709074 0.642724
    outer loop
      vertex -36.4579 19.1155 4.11549
      vertex -36.4579 19.4991 3.69229
      vertex -37.0213 18.9946 3.99463
    endloop
  endfacet
  facet normal -0.290032 0.642706 0.709091
    outer loop
      vertex -36.4579 19.1155 4.11549
      vertex -37.0213 18.9946 3.99463
      vertex -36.4579 18.6923 4.49907
    endloop
  endfacet
  facet normal -0.382332 0.742144 0.550495
    outer loop
      vertex -37.0213 19.6972 3.13856
      vertex -37.5653 19.5098 3.01338
      vertex -37.0213 19.3669 3.58385
    endloop
  endfacet
  facet normal -0.382182 0.742298 0.550391
    outer loop
      vertex -37.0213 19.3669 3.58385
      vertex -37.5653 19.5098 3.01338
      vertex -37.5653 19.1928 3.44091
    endloop
  endfacet
  facet normal 0.289968 0.820889 -0.491995
    outer loop
      vertex -32.9787 19.6972 -3.13856
      vertex -33.5421 19.8393 -3.23352
      vertex -32.9787 19.9822 -2.66304
    endloop
  endfacet
  facet normal 0.289971 0.768736 -0.570054
    outer loop
      vertex -32.9787 19.6972 -3.13856
      vertex -33.5421 19.4991 -3.69229
      vertex -33.5421 19.8393 -3.23352
    endloop
  endfacet
  facet normal 0.195 0.886652 -0.419312
    outer loop
      vertex -33.5421 20.1329 -2.74362
      vertex -34.1196 20.2343 -2.79777
      vertex -34.1196 20.4833 -2.27125
    endloop
  endfacet
  facet normal 0.194992 0.841213 -0.50432
    outer loop
      vertex -33.5421 20.1329 -2.74362
      vertex -34.1196 19.9348 -3.29734
      vertex -34.1196 20.2343 -2.79777
    endloop
  endfacet
  facet normal 0.382257 0.835321 -0.395118
    outer loop
      vertex -32.4347 19.7835 -2.55682
      vertex -32.9787 19.9822 -2.66304
      vertex -32.4347 20.0111 -2.07565
    endloop
  endfacet
  facet normal 0.382257 0.792552 -0.475122
    outer loop
      vertex -32.4347 19.7835 -2.55682
      vertex -32.4347 19.5098 -3.01338
      vertex -32.9787 19.9822 -2.66304
    endloop
  endfacet
  facet normal -0.88173 -0.0691954 0.466652
    outer loop
      vertex -40.1464 14.6977 3.06976
      vertex -40.4239 14.4995 2.51604
      vertex -40.1464 14.3982 3.02535
    endloop
  endfacet
  facet normal -0.88173 -0.114652 0.457611
    outer loop
      vertex -40.1464 14.3982 3.02535
      vertex -40.4239 14.4995 2.51604
      vertex -40.1464 14.1046 2.95179
    endloop
  endfacet
  facet normal 0.706724 0.475093 -0.524241
    outer loop
      vertex -30.5543 17.8492 -2.84918
      vertex -30.9706 17.8203 -3.43658
      vertex -30.9706 18.1436 -3.14359
    endloop
  endfacet
  facet normal 0.633864 0.573072 -0.519428
    outer loop
      vertex -30.9706 18.4366 -2.82033
      vertex -30.9706 18.1436 -3.14359
      vertex -31.4258 18.7253 -3.0573
    endloop
  endfacet
  facet normal 0.772798 0.331222 -0.541364
    outer loop
      vertex -24.0112 2 -3.33342
      vertex -30.5543 17.2386 -3.35028
      vertex -30.1808 16.9857 -2.97184
    endloop
  endfacet
  facet normal 0.768078 0.329187 -0.549266
    outer loop
      vertex -24.0112 2 -3.33342
      vertex -30.5543 16.8994 -3.55357
      vertex -30.5543 17.2386 -3.35028
    endloop
  endfacet
  facet normal 0.633861 0.621235 -0.460746
    outer loop
      vertex -30.9706 18.4366 -2.82033
      vertex -31.4258 18.7253 -3.0573
      vertex -30.9706 18.6965 -2.4699
    endloop
  endfacet
  facet normal 0.706767 0.568223 -0.421429
    outer loop
      vertex -30.5543 18.1147 -2.55619
      vertex -30.9706 18.4366 -2.82033
      vertex -30.9706 18.6965 -2.4699
    endloop
  endfacet
  facet normal 0.9168 0.387405 -0.0969285
    outer loop
      vertex -23.0289 2 -0.588102
      vertex -29.5761 17.4549 -0.744676
      vertex -29.5761 17.516 -0.500471
    endloop
  endfacet
  facet normal 0.912795 0.385318 -0.135406
    outer loop
      vertex -23.0289 2 -0.588102
      vertex -23.1153 2 -1.17054
      vertex -29.5761 17.4549 -0.744676
    endloop
  endfacet
  facet normal 0.83109 0.550111 -0.0816546
    outer loop
      vertex -29.8536 18.0698 -0.302345
      vertex -30.1808 18.5055 -0.69729
      vertex -30.1808 18.557 -0.350332
    endloop
  endfacet
  facet normal 0.772697 0.634012 -0.0311276
    outer loop
      vertex -30.1808 18.5742 0
      vertex -30.1808 18.557 -0.350332
      vertex -30.5543 19.0294 0
    endloop
  endfacet
  facet normal 0.772697 0.634012 0.0311276
    outer loop
      vertex -30.1808 18.557 0.350332
      vertex -30.1808 18.5742 0
      vertex -30.5543 19.0294 0
    endloop
  endfacet
  facet normal 0.881733 0.466626 0.069331
    outer loop
      vertex -29.5761 17.516 0.500471
      vertex -29.5761 17.553 0.251446
      vertex -29.8536 18.0698 0.302345
    endloop
  endfacet
  facet normal 0.633878 0.330646 0.699194
    outer loop
      vertex -31.4258 16.8442 4.4524
      vertex -30.9706 16.7013 4.1073
      vertex -31.4258 17.2718 4.25019
    endloop
  endfacet
  facet normal 0.633907 0.330679 0.699152
    outer loop
      vertex -30.9706 16.7013 4.1073
      vertex -30.9706 17.0957 3.92076
      vertex -31.4258 17.2718 4.25019
    endloop
  endfacet
  facet normal 0.706735 0.606817 0.363729
    outer loop
      vertex -30.5543 18.3503 2.23859
      vertex -30.5543 18.5536 1.89942
      vertex -30.9706 18.6965 2.4699
    endloop
  endfacet
  facet normal 0.706767 0.524229 0.475042
    outer loop
      vertex -30.5543 17.8492 2.84918
      vertex -30.5543 18.1147 2.55619
      vertex -30.9706 18.4366 2.82033
    endloop
  endfacet
  facet normal 0.706702 0.666105 0.238489
    outer loop
      vertex -30.5543 18.7226 1.54197
      vertex -30.5543 18.8559 1.16966
      vertex -30.9706 19.2543 1.29052
    endloop
  endfacet
  facet normal 0.772692 0.597631 0.213973
    outer loop
      vertex -30.5543 18.7226 1.54197
      vertex -30.1808 18.4203 1.03753
      vertex -30.5543 18.8559 1.16966
    endloop
  endfacet
  facet normal 0.706733 0.639575 0.302444
    outer loop
      vertex -30.5543 18.5536 1.89942
      vertex -30.9706 19.1073 1.7013
      vertex -30.9706 18.9208 2.09569
    endloop
  endfacet
  facet normal 0.633914 0.663397 0.397564
    outer loop
      vertex -30.9706 18.6965 2.4699
      vertex -31.4258 19.2502 2.27178
      vertex -31.4258 19.0071 2.67743
    endloop
  endfacet
  facet normal 0.88173 0.46663 0.0693478
    outer loop
      vertex -29.5761 17.516 0.500471
      vertex -29.8536 18.0698 0.302345
      vertex -29.8536 18.0253 0.601778
    endloop
  endfacet
  facet normal 0.881729 0.457638 0.114551
    outer loop
      vertex -29.8536 17.9518 0.895416
      vertex -29.5761 17.516 0.500471
      vertex -29.8536 18.0253 0.601778
    endloop
  endfacet
  facet normal 0.881711 0.426509 -0.201682
    outer loop
      vertex -29.5761 17.3701 -0.981709
      vertex -29.8536 17.7204 -1.45408
      vertex -29.8536 17.8498 -1.18043
    endloop
  endfacet
  facet normal 0.831113 0.50275 -0.237683
    outer loop
      vertex -29.8536 17.7204 -1.45408
      vertex -30.1808 18.1522 -1.68486
      vertex -30.1808 18.3021 -1.36779
    endloop
  endfacet
  facet normal 0.77269 0.634019 -0.0311435
    outer loop
      vertex -30.1808 18.557 -0.350332
      vertex -30.5543 19.01 -0.394945
      vertex -30.5543 19.0294 0
    endloop
  endfacet
  facet normal 0.706765 0.699795 -0.103779
    outer loop
      vertex -30.5543 18.9519 -0.786087
      vertex -30.9706 19.3603 -0.867314
      vertex -30.9706 19.4243 -0.435755
    endloop
  endfacet
  facet normal 0.772692 0.597631 -0.213973
    outer loop
      vertex -30.1808 18.4203 -1.03753
      vertex -30.5543 18.7226 -1.54197
      vertex -30.5543 18.8559 -1.16966
    endloop
  endfacet
  facet normal 0.706704 0.686309 -0.171899
    outer loop
      vertex -30.5543 18.8559 -1.16966
      vertex -30.9706 19.2543 -1.29052
      vertex -30.9706 19.3603 -0.867314
    endloop
  endfacet
  facet normal 0.633894 0.728223 -0.260518
    outer loop
      vertex -30.9706 19.1073 -1.7013
      vertex -31.4258 19.4524 -1.84424
      vertex -31.4258 19.6117 -1.39895
    endloop
  endfacet
  facet normal 0.555064 0.783199 -0.280185
    outer loop
      vertex -31.4258 19.4524 -1.84424
      vertex -31.9154 19.7546 -1.96943
      vertex -31.4258 19.6117 -1.39895
    endloop
  endfacet
  facet normal 0.38225 0.870054 -0.311273
    outer loop
      vertex -32.4347 20.1904 -1.57448
      vertex -32.4347 20.0111 -2.07565
      vertex -32.9787 20.406 -1.63989
    endloop
  endfacet
  facet normal 0.382248 0.896369 -0.224521
    outer loop
      vertex -32.4347 20.1904 -1.57448
      vertex -32.9787 20.406 -1.63989
      vertex -32.9787 20.5407 -1.10212
    endloop
  endfacet
  facet normal 0.382366 0.922898 0.0453345
    outer loop
      vertex -32.4347 20.3978 0.531638
      vertex -32.9787 20.6493 0
      vertex -32.9787 20.6221 0.553724
    endloop
  endfacet
  facet normal 0.382389 0.92289 0.045308
    outer loop
      vertex -32.4347 20.3978 0.531638
      vertex -32.4347 20.4239 0
      vertex -32.9787 20.6493 0
    endloop
  endfacet
  facet normal 0.555078 0.558626 0.616299
    outer loop
      vertex -31.4258 18.0573 3.72533
      vertex -31.4258 18.4077 3.40772
      vertex -31.9154 18.639 3.63903
    endloop
  endfacet
  facet normal 0.633879 0.519428 0.573054
    outer loop
      vertex -31.4258 18.0573 3.72533
      vertex -30.9706 18.1436 3.14359
      vertex -31.4258 18.4077 3.40772
    endloop
  endfacet
  facet normal 0.633894 0.69917 0.330664
    outer loop
      vertex -31.4258 19.2502 2.27178
      vertex -30.9706 19.1073 1.7013
      vertex -31.4258 19.4524 1.84424
    endloop
  endfacet
  facet normal 0.555064 0.783199 0.280185
    outer loop
      vertex -31.4258 19.4524 1.84424
      vertex -31.4258 19.6117 1.39895
      vertex -31.9154 19.7546 1.96943
    endloop
  endfacet
  facet normal 0.633876 0.573079 0.519405
    outer loop
      vertex -30.9706 18.1436 3.14359
      vertex -31.4258 18.7253 3.0573
      vertex -31.4258 18.4077 3.40772
    endloop
  endfacet
  facet normal 0.555093 0.713481 0.427571
    outer loop
      vertex -31.4258 19.0071 2.67743
      vertex -31.9154 19.5387 2.42598
      vertex -31.9154 19.2791 2.85917
    endloop
  endfacet
  facet normal 0.194821 0.923512 0.330409
    outer loop
      vertex -33.5421 20.3772 2.22729
      vertex -34.1196 20.6795 1.72286
      vertex -34.1196 20.4833 2.27125
    endloop
  endfacet
  facet normal 0.289944 0.820909 0.491976
    outer loop
      vertex -33.5421 19.8393 3.23352
      vertex -32.9787 19.9822 2.66304
      vertex -33.5421 20.1329 2.74362
    endloop
  endfacet
  facet normal 0.382186 0.835383 0.395055
    outer loop
      vertex -32.9787 19.9822 2.66304
      vertex -32.4347 20.0111 2.07565
      vertex -32.9787 20.2192 2.16188
    endloop
  endfacet
  facet normal 0.382181 0.870054 0.311358
    outer loop
      vertex -32.4347 20.0111 2.07565
      vertex -32.9787 20.406 1.63989
      vertex -32.9787 20.2192 2.16188
    endloop
  endfacet
  facet normal 0.471027 0.830522 0.297264
    outer loop
      vertex -31.9154 19.7546 1.96943
      vertex -31.9154 19.9248 1.49391
      vertex -32.4347 20.0111 2.07565
    endloop
  endfacet
  facet normal 0.471023 0.797449 0.377109
    outer loop
      vertex -31.9154 19.5387 2.42598
      vertex -31.9154 19.7546 1.96943
      vertex -32.4347 20.0111 2.07565
    endloop
  endfacet
  facet normal 0.470927 0.855747 0.214301
    outer loop
      vertex -31.9154 19.9248 1.49391
      vertex -32.4347 20.3197 1.05816
      vertex -32.4347 20.1904 1.57448
    endloop
  endfacet
  facet normal 0.382287 0.896364 0.224473
    outer loop
      vertex -32.4347 20.1904 1.57448
      vertex -32.4347 20.3197 1.05816
      vertex -32.9787 20.5407 1.10212
    endloop
  endfacet
  facet normal -0.881732 -0.242562 -0.404614
    outer loop
      vertex -40.4239 13.7907 -2.26242
      vertex -40.1464 13.5459 -2.72039
      vertex -40.4239 13.5748 -2.13299
    endloop
  endfacet
  facet normal -0.881731 -0.242566 -0.404614
    outer loop
      vertex -40.4239 13.5748 -2.13299
      vertex -40.1464 13.5459 -2.72039
      vertex -40.1464 13.2863 -2.56476
    endloop
  endfacet
  facet normal -0.772685 0.213853 -0.597683
    outer loop
      vertex -39.4457 16.542 -3.72264
      vertex -39.4457 16.1697 -3.85585
      vertex -39.8192 16.0375 -3.42029
    endloop
  endfacet
  facet normal -0.77267 0.213823 -0.597713
    outer loop
      vertex -39.8192 16.3678 -3.30213
      vertex -39.4457 16.542 -3.72264
      vertex -39.8192 16.0375 -3.42029
    endloop
  endfacet
  facet normal -0.88173 -0.114652 -0.457611
    outer loop
      vertex -40.4239 14.4995 -2.51604
      vertex -40.1464 14.3982 -3.02535
      vertex -40.1464 14.1046 -2.95179
    endloop
  endfacet
  facet normal -0.881724 -0.114631 -0.457626
    outer loop
      vertex -40.4239 14.4995 -2.51604
      vertex -40.1464 14.1046 -2.95179
      vertex -40.4239 14.2553 -2.45487
    endloop
  endfacet
  facet normal -0.923673 -0.129104 -0.360778
    outer loop
      vertex -40.6493 14.4132 -1.9343
      vertex -40.4239 14.2553 -2.45487
      vertex -40.4239 14.0183 -2.37006
    endloop
  endfacet
  facet normal -0.980731 -0.0835288 -0.176605
    outer loop
      vertex -40.9351 14.6631 -0.813367
      vertex -40.8202 14.4421 -1.34691
      vertex -40.9351 14.585 -0.776428
    endloop
  endfacet
  facet normal -0.980731 -0.00958572 -0.195128
    outer loop
      vertex -40.9351 14.9137 -0.876143
      vertex -40.8202 15 -1.45788
      vertex -40.8202 14.8571 -1.45086
    endloop
  endfacet
  facet normal -0.956854 0.0426446 -0.287423
    outer loop
      vertex -40.6493 15.3943 -1.9825
      vertex -40.6493 15.1981 -2.01161
      vertex -40.8202 15.1429 -1.45086
    endloop
  endfacet
  facet normal 0 0.514121 -0.857718
    outer loop
      vertex -35.2944 17.825 -5.28515
      vertex -34.7056 18.3294 -4.98281
      vertex -34.7056 17.825 -5.28515
    endloop
  endfacet
  facet normal 0 0.514121 -0.857718
    outer loop
      vertex -34.7056 18.3294 -4.98281
      vertex -35.2944 17.825 -5.28515
      vertex -35.2944 18.3294 -4.98281
    endloop
  endfacet
  facet normal 0.555088 0.355616 -0.751941
    outer loop
      vertex -31.4258 17.2718 -4.25019
      vertex -31.9154 16.9694 -4.75463
      vertex -31.9154 17.426 -4.53869
    endloop
  endfacet
  facet normal 0.555104 0.355589 -0.751941
    outer loop
      vertex -31.4258 16.8442 -4.4524
      vertex -31.9154 16.9694 -4.75463
      vertex -31.4258 17.2718 -4.25019
    endloop
  endfacet
  facet normal -0.633913 0.187901 0.750231
    outer loop
      vertex -38.5742 16.399 4.61173
      vertex -39.0294 16.2905 4.25428
      vertex -38.5742 15.9402 4.72664
    endloop
  endfacet
  facet normal -0.555073 0.202089 0.806879
    outer loop
      vertex -38.0846 16.4939 4.92477
      vertex -38.5742 16.399 4.61173
      vertex -38.5742 15.9402 4.72664
    endloop
  endfacet
  facet normal -0.194894 0.504296 0.84125
    outer loop
      vertex -35.8804 17.7978 5.23425
      vertex -35.8804 18.2973 4.93482
      vertex -36.4579 17.7436 5.13295
    endloop
  endfacet
  facet normal -0.0978934 0.425455 0.899669
    outer loop
      vertex -35.2944 17.825 5.28515
      vertex -35.8804 17.7978 5.23425
      vertex -35.8804 17.2712 5.48328
    endloop
  endfacet
  facet normal -0.382293 0.550443 0.742203
    outer loop
      vertex -37.0213 18.1386 4.69719
      vertex -37.0213 18.5839 4.36694
      vertex -37.5653 18.0134 4.50984
    endloop
  endfacet
  facet normal -0.289982 0.409195 0.865141
    outer loop
      vertex -36.4579 17.2273 5.37715
      vertex -36.4579 17.7436 5.13295
      vertex -37.0213 17.1619 5.21924
    endloop
  endfacet
  facet normal -0.470929 0.2972 0.830601
    outer loop
      vertex -37.5653 17.0756 5.01106
      vertex -38.0846 16.9694 4.75463
      vertex -38.0846 16.4939 4.92477
    endloop
  endfacet
  facet normal -0.470928 0.377155 0.797484
    outer loop
      vertex -37.5653 17.0756 5.01106
      vertex -38.0846 17.426 4.53869
      vertex -38.0846 16.9694 4.75463
    endloop
  endfacet
  facet normal -0.470951 0.214368 0.855717
    outer loop
      vertex -37.5653 16.5745 5.19038
      vertex -38.0846 16.4939 4.92477
      vertex -37.5653 16.0582 5.31972
    endloop
  endfacet
  facet normal -0.382265 0.224549 0.896355
    outer loop
      vertex -37.0213 16.1021 5.54072
      vertex -37.5653 16.5745 5.19038
      vertex -37.5653 16.0582 5.31972
    endloop
  endfacet
  facet normal -0.555158 0.806824 0.202074
    outer loop
      vertex -38.0846 19.9248 1.49391
      vertex -38.5742 19.7266 0.940187
      vertex -38.5742 19.6117 1.39895
    endloop
  endfacet
  facet normal -0.706702 0.666105 0.238489
    outer loop
      vertex -39.0294 19.2543 1.29052
      vertex -39.4457 18.8559 1.16966
      vertex -39.4457 18.7226 1.54197
    endloop
  endfacet
  facet normal -0.923678 0.346391 0.163808
    outer loop
      vertex -40.4239 17.3701 0.981709
      vertex -40.6493 16.8675 0.773533
      vertex -40.6493 16.7827 0.952852
    endloop
  endfacet
  facet normal -0.980729 0.183954 0.0658216
    outer loop
      vertex -40.8202 16.3951 0.4232
      vertex -40.9351 15.8134 0.336907
      vertex -40.8202 16.3469 0.557906
    endloop
  endfacet
  facet normal -0.92367 0.163826 0.346403
    outer loop
      vertex -40.4239 16.2093 2.26242
      vertex -40.6493 15.9529 1.78266
      vertex -40.4239 15.9817 2.37006
    endloop
  endfacet
  facet normal -0.772696 0.544459 0.326351
    outer loop
      vertex -39.4457 18.3503 2.23859
      vertex -39.4457 18.5536 1.89942
      vertex -39.8192 17.9718 1.98572
    endloop
  endfacet
  facet normal -0.772692 0.509821 0.378192
    outer loop
      vertex -39.4457 18.3503 2.23859
      vertex -39.8192 17.9718 1.98572
      vertex -39.4457 18.1147 2.55619
    endloop
  endfacet
  facet normal -0.77266 0.615806 0.154205
    outer loop
      vertex -39.4457 18.9519 0.786087
      vertex -39.8192 18.5055 0.69729
      vertex -39.8192 18.4203 1.03753
    endloop
  endfacet
  facet normal -0.881741 0.404639 0.242487
    outer loop
      vertex -40.1464 17.7204 1.45408
      vertex -40.4239 17.2624 1.20929
      vertex -40.4239 17.133 1.42522
    endloop
  endfacet
  facet normal -0.923681 0.360769 0.129067
    outer loop
      vertex -40.4239 17.4549 0.744676
      vertex -40.6493 16.9343 0.586763
      vertex -40.4239 17.3701 0.981709
    endloop
  endfacet
  facet normal -0.923671 0.328656 0.197022
    outer loop
      vertex -40.4239 17.133 1.42522
      vertex -40.6493 16.7827 0.952852
      vertex -40.6493 16.6807 1.123
    endloop
  endfacet
  facet normal -0.923665 0.379039 0.0563174
    outer loop
      vertex -40.4239 17.516 0.500471
      vertex -40.4239 17.553 0.251446
      vertex -40.6493 16.9825 0.394343
    endloop
  endfacet
  facet normal -0.923664 0.371719 0.0931132
    outer loop
      vertex -40.4239 17.516 0.500471
      vertex -40.6493 16.9825 0.394343
      vertex -40.6493 16.9343 0.586763
    endloop
  endfacet
  facet normal -0.633864 0.573072 0.519428
    outer loop
      vertex -38.5742 18.7253 3.0573
      vertex -39.0294 18.4366 2.82033
      vertex -39.0294 18.1436 3.14359
    endloop
  endfacet
  facet normal -0.470988 0.653591 0.592443
    outer loop
      vertex -37.5653 19.1928 3.44091
      vertex -38.0846 18.9782 3.26482
      vertex -38.0846 18.639 3.63903
    endloop
  endfacet
  facet normal -0.706758 0.639574 0.302386
    outer loop
      vertex -39.0294 19.1073 1.7013
      vertex -39.4457 18.7226 1.54197
      vertex -39.4457 18.5536 1.89942
    endloop
  endfacet
  facet normal -0.706733 0.639575 0.302444
    outer loop
      vertex -39.0294 18.9208 2.09569
      vertex -39.0294 19.1073 1.7013
      vertex -39.4457 18.5536 1.89942
    endloop
  endfacet
  facet normal -0.633876 0.663391 0.397634
    outer loop
      vertex -38.5742 19.2502 2.27178
      vertex -39.0294 18.9208 2.09569
      vertex -39.0294 18.6965 2.4699
    endloop
  endfacet
  facet normal -0.633914 0.663397 0.397564
    outer loop
      vertex -38.5742 19.0071 2.67743
      vertex -38.5742 19.2502 2.27178
      vertex -39.0294 18.6965 2.4699
    endloop
  endfacet
  facet normal -0.470976 0.59241 0.65363
    outer loop
      vertex -37.5653 18.8353 3.8353
      vertex -38.0846 18.639 3.63903
      vertex -37.5653 18.4409 4.19276
    endloop
  endfacet
  facet normal -0.470945 0.453509 0.756664
    outer loop
      vertex -37.5653 18.0134 4.50984
      vertex -38.0846 17.8592 4.27905
      vertex -38.0846 17.426 4.53869
    endloop
  endfacet
  facet normal -0.470958 0.525526 0.708535
    outer loop
      vertex -37.5653 18.4409 4.19276
      vertex -38.0846 18.2648 3.9782
      vertex -37.5653 18.0134 4.50984
    endloop
  endfacet
  facet normal -0.382251 0.684643 0.620603
    outer loop
      vertex -37.0213 18.9946 3.99463
      vertex -37.5653 19.1928 3.44091
      vertex -37.5653 18.8353 3.8353
    endloop
  endfacet
  facet normal -0.555077 0.616324 0.5586
    outer loop
      vertex -38.0846 18.639 3.63903
      vertex -38.5742 18.7253 3.0573
      vertex -38.5742 18.4077 3.40772
    endloop
  endfacet
  facet normal -0.706767 0.568223 0.421429
    outer loop
      vertex -39.0294 18.4366 2.82033
      vertex -39.0294 18.6965 2.4699
      vertex -39.4457 18.1147 2.55619
    endloop
  endfacet
  facet normal -0.772647 0.271417 0.573889
    outer loop
      vertex -39.4457 16.8994 3.55357
      vertex -39.8192 16.6849 3.15216
      vertex -39.8192 16.3678 3.30213
    endloop
  endfacet
  facet normal -0.772671 0.326334 0.544505
    outer loop
      vertex -39.4457 17.2386 3.35028
      vertex -39.8192 16.9857 2.97184
      vertex -39.4457 16.8994 3.55357
    endloop
  endfacet
  facet normal -0.772685 0.213853 0.597683
    outer loop
      vertex -39.4457 16.542 3.72264
      vertex -39.8192 16.0375 3.42029
      vertex -39.4457 16.1697 3.85585
    endloop
  endfacet
  facet normal -0.706712 0.238348 0.666144
    outer loop
      vertex -39.0294 16.2905 4.25428
      vertex -39.4457 16.542 3.72264
      vertex -39.4457 16.1697 3.85585
    endloop
  endfacet
  facet normal -0.831105 0.237761 0.502727
    outer loop
      vertex -39.8192 16.6849 3.15216
      vertex -40.1464 16.4541 2.72039
      vertex -39.8192 16.3678 3.30213
    endloop
  endfacet
  facet normal -0.706723 0.363698 0.60685
    outer loop
      vertex -39.0294 17.4699 3.69647
      vertex -39.4457 17.2386 3.35028
      vertex -39.4457 16.8994 3.55357
    endloop
  endfacet
  facet normal -0.831105 0.285932 0.476977
    outer loop
      vertex -39.8192 16.9857 2.97184
      vertex -40.1464 16.4541 2.72039
      vertex -39.8192 16.6849 3.15216
    endloop
  endfacet
  facet normal -0.772643 0.32641 0.544499
    outer loop
      vertex -39.4457 16.8994 3.55357
      vertex -39.8192 16.9857 2.97184
      vertex -39.8192 16.6849 3.15216
    endloop
  endfacet
  facet normal -0.956848 -0.287446 0.0426297
    outer loop
      vertex -40.6493 13.0175 0.394343
      vertex -40.8202 13.5491 0.142897
      vertex -40.6493 12.9884 0.198126
    endloop
  endfacet
  facet normal -0.956846 -0.290247 0.0142101
    outer loop
      vertex -40.8202 13.5421 0
      vertex -40.6493 12.9787 0
      vertex -40.6493 12.9884 0.198126
    endloop
  endfacet
  facet normal -0.923678 -0.346391 0.163808
    outer loop
      vertex -40.6493 13.2173 0.952852
      vertex -40.6493 13.1325 0.773533
      vertex -40.4239 12.6299 0.981709
    endloop
  endfacet
  facet normal -0.980731 -0.1676 0.100384
    outer loop
      vertex -40.8202 13.7878 0.809955
      vertex -40.9351 14.2236 0.415009
      vertex -40.8202 13.7143 0.68724
    endloop
  endfacet
  facet normal -0.923679 -0.0930682 0.371693
    outer loop
      vertex -40.6493 14.6057 1.9825
      vertex -40.6493 14.4132 1.9343
      vertex -40.4239 14.4995 2.51604
    endloop
  endfacet
  facet normal -0.956847 -0.215296 0.19517
    outer loop
      vertex -40.8202 13.9691 1.03088
      vertex -40.8202 13.873 0.92487
      vertex -40.6493 13.4375 1.28232
    endloop
  endfacet
  facet normal -0.92368 -0.28392 0.257301
    outer loop
      vertex -40.6493 13.5707 1.4293
      vertex -40.6493 13.4375 1.28232
      vertex -40.4239 13.186 1.81396
    endloop
  endfacet
  facet normal -0.923672 -0.22826 0.307777
    outer loop
      vertex -40.4239 13.5748 2.13299
      vertex -40.6493 13.7177 1.56252
      vertex -40.4239 13.3726 1.98303
    endloop
  endfacet
  facet normal -0.923673 -0.257283 0.283959
    outer loop
      vertex -40.4239 13.3726 1.98303
      vertex -40.6493 13.7177 1.56252
      vertex -40.4239 13.186 1.81396
    endloop
  endfacet
  facet normal -0.881732 -0.242562 0.404614
    outer loop
      vertex -40.4239 13.7907 2.26242
      vertex -40.4239 13.5748 2.13299
      vertex -40.1464 13.5459 2.72039
    endloop
  endfacet
  facet normal -0.881732 -0.201689 0.426463
    outer loop
      vertex -40.4239 14.0183 2.37006
      vertex -40.4239 13.7907 2.26242
      vertex -40.1464 13.5459 2.72039
    endloop
  endfacet
  facet normal -0.95685 -0.173113 0.233386
    outer loop
      vertex -40.6493 13.877 1.68068
      vertex -40.8202 14.19 1.21218
      vertex -40.6493 13.7177 1.56252
    endloop
  endfacet
  facet normal -0.95685 -0.173106 0.233395
    outer loop
      vertex -40.8202 14.19 1.21218
      vertex -40.8202 14.0751 1.12696
      vertex -40.6493 13.7177 1.56252
    endloop
  endfacet
  facet normal -0.995176 0.0979891 0.00488286
    outer loop
      vertex -40.9351 15.8804 0
      vertex -40.9928 15.2944 0
      vertex -40.9351 15.8761 0.0862923
    endloop
  endfacet
  facet normal -0.980732 -0.16758 -0.100406
    outer loop
      vertex -40.9351 14.268 -0.489114
      vertex -40.8202 13.7878 -0.809955
      vertex -40.9351 14.2236 -0.415009
    endloop
  endfacet
  facet normal -0.980732 -0.156878 -0.116423
    outer loop
      vertex -40.9351 14.3195 -0.558509
      vertex -40.8202 13.7878 -0.809955
      vertex -40.9351 14.268 -0.489114
    endloop
  endfacet
  facet normal -0.995175 0.00481449 -0.097993
    outer loop
      vertex -40.9351 15.0863 -0.876143
      vertex -40.9351 15 -0.880383
      vertex -40.9928 15 -0.294406
    endloop
  endfacet
  facet normal -0.995175 0.00481449 0.097993
    outer loop
      vertex -40.9351 15.0863 0.876143
      vertex -40.9928 15 0.294406
      vertex -40.9351 15 0.880383
    endloop
  endfacet
  facet normal -0.956847 -0.290244 -0.014218
    outer loop
      vertex -40.8202 13.5491 -0.142897
      vertex -40.6493 12.9884 -0.198126
      vertex -40.8202 13.5421 0
    endloop
  endfacet
  facet normal -0.956847 -0.290244 0.014218
    outer loop
      vertex -40.8202 13.5491 0.142897
      vertex -40.8202 13.5421 0
      vertex -40.6493 12.9884 0.198126
    endloop
  endfacet
  facet normal -0.980732 -0.156878 0.116423
    outer loop
      vertex -40.9351 14.3195 0.558509
      vertex -40.9351 14.268 0.489114
      vertex -40.8202 13.7878 0.809955
    endloop
  endfacet
  facet normal -0.956856 -0.281838 0.0706718
    outer loop
      vertex -40.8202 13.6049 0.4232
      vertex -40.8202 13.5701 0.284418
      vertex -40.6493 13.0657 0.586763
    endloop
  endfacet
  facet normal -0.956849 -0.195154 0.215303
    outer loop
      vertex -40.8202 14.0751 1.12696
      vertex -40.8202 13.9691 1.03088
      vertex -40.6493 13.7177 1.56252
    endloop
  endfacet
  facet normal -0.995174 0.0970381 -0.0146005
    outer loop
      vertex -40.9928 15.293 -0.0288563
      vertex -40.9351 15.8761 -0.0862923
      vertex -40.9928 15.2887 -0.057435
    endloop
  endfacet
  facet normal -0.881732 0.242562 -0.404614
    outer loop
      vertex -40.4239 16.4252 -2.13299
      vertex -40.1464 16.4541 -2.72039
      vertex -40.4239 16.2093 -2.26242
    endloop
  endfacet
  facet normal -0.881732 0.201689 -0.426463
    outer loop
      vertex -40.4239 16.2093 -2.26242
      vertex -40.1464 16.4541 -2.72039
      vertex -40.4239 15.9817 -2.37006
    endloop
  endfacet
  facet normal -0.88173 0.0691954 -0.466652
    outer loop
      vertex -40.1464 15.6018 -3.02535
      vertex -40.1464 15.3023 -3.06976
      vertex -40.4239 15.5005 -2.51604
    endloop
  endfacet
  facet normal -0.88173 0.114652 -0.457611
    outer loop
      vertex -40.1464 15.8954 -2.95179
      vertex -40.1464 15.6018 -3.02535
      vertex -40.4239 15.5005 -2.51604
    endloop
  endfacet
  facet normal -0.980729 -0.183954 -0.0658216
    outer loop
      vertex -40.9351 14.1866 -0.336907
      vertex -40.8202 13.6531 -0.557906
      vertex -40.8202 13.6049 -0.4232
    endloop
  endfacet
  facet normal -0.980729 -0.183956 -0.0658067
    outer loop
      vertex -40.9351 14.1866 -0.336907
      vertex -40.8202 13.6049 -0.4232
      vertex -40.9351 14.1575 -0.255561
    endloop
  endfacet
  facet normal -0.923671 -0.328656 -0.197022
    outer loop
      vertex -40.6493 13.3193 -1.123
      vertex -40.4239 12.867 -1.42522
      vertex -40.6493 13.2173 -0.952852
    endloop
  endfacet
  facet normal -0.956863 -0.249193 -0.149386
    outer loop
      vertex -40.8202 13.7143 -0.68724
      vertex -40.6493 13.3193 -1.123
      vertex -40.6493 13.2173 -0.952852
    endloop
  endfacet
  facet normal -0.956851 -0.215317 -0.19513
    outer loop
      vertex -40.8202 13.9691 -1.03088
      vertex -40.6493 13.5707 -1.4293
      vertex -40.6493 13.4375 -1.28232
    endloop
  endfacet
  facet normal -0.956851 -0.195131 -0.215315
    outer loop
      vertex -40.8202 13.9691 -1.03088
      vertex -40.6493 13.7177 -1.56252
      vertex -40.6493 13.5707 -1.4293
    endloop
  endfacet
  facet normal -0.980731 0.0835469 0.1766
    outer loop
      vertex -40.8202 15.6872 1.28574
      vertex -40.9351 15.415 0.776428
      vertex -40.8202 15.5579 1.34691
    endloop
  endfacet
  facet normal -0.95685 0.149324 0.249279
    outer loop
      vertex -40.6493 16.123 1.68068
      vertex -40.8202 15.81 1.21218
      vertex -40.8202 15.6872 1.28574
    endloop
  endfacet
  facet normal -0.88173 0.114652 0.457611
    outer loop
      vertex -40.1464 15.8954 2.95179
      vertex -40.4239 15.5005 2.51604
      vertex -40.1464 15.6018 3.02535
    endloop
  endfacet
  facet normal -0.831103 0.0815801 0.550103
    outer loop
      vertex -39.8192 15.6973 3.50552
      vertex -40.1464 15.3023 3.06976
      vertex -39.8192 15.3503 3.55698
    endloop
  endfacet
  facet normal -0.881737 0.37885 -0.281091
    outer loop
      vertex -40.1464 17.5648 -1.71372
      vertex -40.1464 17.3844 -1.95686
      vertex -40.4239 17.133 -1.42522
    endloop
  endfacet
  facet normal -0.881727 0.378894 -0.281065
    outer loop
      vertex -40.4239 17.133 -1.42522
      vertex -40.1464 17.3844 -1.95686
      vertex -40.4239 16.983 -1.62743
    endloop
  endfacet
  facet normal -0.95685 0.281875 -0.0706079
    outer loop
      vertex -40.6493 16.9825 -0.394343
      vertex -40.6493 16.9343 -0.586763
      vertex -40.8202 16.4299 -0.284418
    endloop
  endfacet
  facet normal -0.923664 0.371719 -0.0931132
    outer loop
      vertex -40.4239 17.516 -0.500471
      vertex -40.6493 16.9343 -0.586763
      vertex -40.6493 16.9825 -0.394343
    endloop
  endfacet
  facet normal -0.95685 0.173106 -0.233395
    outer loop
      vertex -40.8202 15.9249 -1.12696
      vertex -40.6493 16.2823 -1.56252
      vertex -40.8202 15.81 -1.21218
    endloop
  endfacet
  facet normal -0.980733 0.116376 -0.156907
    outer loop
      vertex -40.8202 15.9249 -1.12696
      vertex -40.8202 15.81 -1.21218
      vertex -40.9351 15.5585 -0.680545
    endloop
  endfacet
  facet normal -0.956853 0.249279 -0.149305
    outer loop
      vertex -40.8202 16.2857 -0.68724
      vertex -40.6493 16.6807 -1.123
      vertex -40.8202 16.2122 -0.809955
    endloop
  endfacet
  facet normal -0.956858 0.262638 -0.124278
    outer loop
      vertex -40.8202 16.3469 -0.557906
      vertex -40.6493 16.8675 -0.773533
      vertex -40.8202 16.2857 -0.68724
    endloop
  endfacet
  facet normal -0.980733 0.100437 -0.167557
    outer loop
      vertex -40.9351 15.4891 -0.732011
      vertex -40.8202 15.81 -1.21218
      vertex -40.9351 15.415 -0.776428
    endloop
  endfacet
  facet normal -0.995176 0.0143893 -0.0970486
    outer loop
      vertex -40.9351 15.1718 -0.863466
      vertex -40.9351 15.0863 -0.876143
      vertex -40.9928 15.0574 -0.288749
    endloop
  endfacet
  facet normal -0.95685 0.287436 0.042652
    outer loop
      vertex -40.6493 16.9825 0.394343
      vertex -40.8202 16.4509 0.142897
      vertex -40.8202 16.4299 0.284418
    endloop
  endfacet
  facet normal -0.995176 0.0842242 0.0503014
    outer loop
      vertex -40.9351 15.7764 0.415009
      vertex -40.9928 15.2596 0.138782
      vertex -40.9928 15.2448 0.163563
    endloop
  endfacet
  facet normal -0.980728 0.176569 0.0836477
    outer loop
      vertex -40.8202 16.3469 0.557906
      vertex -40.9351 15.8134 0.336907
      vertex -40.9351 15.7764 0.415009
    endloop
  endfacet
  facet normal -0.956863 0.26265 0.124207
    outer loop
      vertex -40.6493 16.8675 0.773533
      vertex -40.8202 16.2857 0.68724
      vertex -40.6493 16.7827 0.952852
    endloop
  endfacet
  facet normal -0.980733 -0.100437 0.167557
    outer loop
      vertex -40.9351 14.585 0.776428
      vertex -40.9351 14.5109 0.732011
      vertex -40.8202 14.19 1.21218
    endloop
  endfacet
  facet normal -0.995175 -0.0238414 -0.0951703
    outer loop
      vertex -40.9928 14.9145 -0.281729
      vertex -40.9351 14.8282 -0.863466
      vertex -40.9351 14.7444 -0.842473
    endloop
  endfacet
  facet normal -0.995175 0.0504134 -0.0841693
    outer loop
      vertex -40.9928 15.1636 -0.244789
      vertex -40.9351 15.415 -0.776428
      vertex -40.9928 15.1388 -0.259643
    endloop
  endfacet
  facet normal -0.995175 -0.0727039 -0.0658876
    outer loop
      vertex -40.9928 14.7918 -0.208176
      vertex -40.9351 14.3775 -0.622524
      vertex -40.9928 14.7724 -0.186769
    endloop
  endfacet
  facet normal -0.956858 0.273569 -0.0978874
    outer loop
      vertex -40.8202 16.3951 -0.4232
      vertex -40.6493 16.8675 -0.773533
      vertex -40.8202 16.3469 -0.557906
    endloop
  endfacet
  facet normal -0.980729 0.183954 -0.0658216
    outer loop
      vertex -40.8202 16.3951 -0.4232
      vertex -40.8202 16.3469 -0.557906
      vertex -40.9351 15.8134 -0.336907
    endloop
  endfacet
  facet normal -0.995175 0.0727122 -0.06588
    outer loop
      vertex -40.9351 15.6805 -0.558509
      vertex -40.9351 15.6225 -0.622524
      vertex -40.9928 15.2276 -0.186769
    endloop
  endfacet
  facet normal -0.956847 0.290244 -0.014218
    outer loop
      vertex -40.8202 16.4579 0
      vertex -40.6493 17.0116 -0.198126
      vertex -40.8202 16.4509 -0.142897
    endloop
  endfacet
  facet normal -0.956854 -0.014257 -0.290218
    outer loop
      vertex -40.8202 15 -1.45788
      vertex -40.6493 15 -2.02134
      vertex -40.8202 14.8571 -1.45086
    endloop
  endfacet
  facet normal -0.980731 -0.00958683 -0.195128
    outer loop
      vertex -40.9351 15 -0.880383
      vertex -40.8202 15 -1.45788
      vertex -40.9351 14.9137 -0.876143
    endloop
  endfacet
  facet normal -0.98073 -0.0658512 -0.183938
    outer loop
      vertex -40.9351 14.7444 -0.842473
      vertex -40.8202 14.5768 -1.3951
      vertex -40.9351 14.6631 -0.813367
    endloop
  endfacet
  facet normal -0.995176 -0.0923744 0.0330452
    outer loop
      vertex -40.9351 14.1866 0.336907
      vertex -40.9928 14.728 0.112664
      vertex -40.9351 14.1575 0.255561
    endloop
  endfacet
  facet normal -0.980733 -0.100437 -0.167557
    outer loop
      vertex -40.9351 14.585 -0.776428
      vertex -40.8202 14.19 -1.21218
      vertex -40.9351 14.5109 -0.732011
    endloop
  endfacet
  facet normal -0.980733 -0.131208 -0.144729
    outer loop
      vertex -40.9351 14.4415 -0.680545
      vertex -40.8202 13.9691 -1.03088
      vertex -40.9351 14.3775 -0.622524
    endloop
  endfacet
  facet normal -0.980733 -0.144769 -0.131166
    outer loop
      vertex -40.9351 14.3775 -0.622524
      vertex -40.8202 13.9691 -1.03088
      vertex -40.9351 14.3195 -0.558509
    endloop
  endfacet
  facet normal -0.995175 -0.0727122 -0.06588
    outer loop
      vertex -40.9928 14.7724 -0.186769
      vertex -40.9351 14.3775 -0.622524
      vertex -40.9351 14.3195 -0.558509
    endloop
  endfacet
  facet normal -0.995176 0.0143893 0.0970486
    outer loop
      vertex -40.9351 15.1718 0.863466
      vertex -40.9928 15.0574 0.288749
      vertex -40.9351 15.0863 0.876143
    endloop
  endfacet
  facet normal -0.995176 0.0886214 0.0420746
    outer loop
      vertex -40.9351 15.7764 0.415009
      vertex -40.9928 15.272 0.112664
      vertex -40.9928 15.2596 0.138782
    endloop
  endfacet
  facet normal -0.98073 0.189499 0.0475175
    outer loop
      vertex -40.8202 16.4299 0.284418
      vertex -40.9351 15.8635 0.171754
      vertex -40.8202 16.3951 0.4232
    endloop
  endfacet
  facet normal -0.956856 0.281838 0.0706718
    outer loop
      vertex -40.6493 16.9343 0.586763
      vertex -40.8202 16.4299 0.284418
      vertex -40.8202 16.3951 0.4232
    endloop
  endfacet
  facet normal -0.633894 0.69917 -0.330664
    outer loop
      vertex -38.5742 19.4524 -1.84424
      vertex -38.5742 19.2502 -2.27178
      vertex -39.0294 19.1073 -1.7013
    endloop
  endfacet
  facet normal -0.633873 0.699201 -0.33064
    outer loop
      vertex -39.0294 19.1073 -1.7013
      vertex -38.5742 19.2502 -2.27178
      vertex -39.0294 18.9208 -2.09569
    endloop
  endfacet
  facet normal 0.881729 0.457638 -0.114551
    outer loop
      vertex -29.5761 17.516 -0.500471
      vertex -29.8536 17.9518 -0.895416
      vertex -29.8536 18.0253 -0.601778
    endloop
  endfacet
  facet normal 0.831119 0.539452 -0.135029
    outer loop
      vertex -29.8536 18.0253 -0.601778
      vertex -29.8536 17.9518 -0.895416
      vertex -30.1808 18.5055 -0.69729
    endloop
  endfacet
  facet normal 0.633913 0.62115 0.46079
    outer loop
      vertex -31.4258 18.7253 3.0573
      vertex -30.9706 18.6965 2.4699
      vertex -31.4258 19.0071 2.67743
    endloop
  endfacet
  facet normal 0.555092 0.668041 0.495575
    outer loop
      vertex -31.4258 18.7253 3.0573
      vertex -31.4258 19.0071 2.67743
      vertex -31.9154 19.2791 2.85917
    endloop
  endfacet
  facet normal 0.772657 0.54445 0.32646
    outer loop
      vertex -30.1808 17.9718 1.98572
      vertex -30.1808 18.1522 1.68486
      vertex -30.5543 18.5536 1.89942
    endloop
  endfacet
  facet normal 0.831112 0.476938 0.285979
    outer loop
      vertex -30.1808 17.9718 1.98572
      vertex -29.8536 17.7204 1.45408
      vertex -30.1808 18.1522 1.68486
    endloop
  endfacet
  facet normal 0.831098 0.523605 0.187386
    outer loop
      vertex -29.8536 17.8498 1.18043
      vertex -29.8536 17.9518 0.895416
      vertex -30.1808 18.3021 1.36779
    endloop
  endfacet
  facet normal 0.88171 0.444202 0.15897
    outer loop
      vertex -29.5761 17.3701 0.981709
      vertex -29.8536 17.9518 0.895416
      vertex -29.8536 17.8498 1.18043
    endloop
  endfacet
  facet normal 0.881734 0.471184 0.0230489
    outer loop
      vertex -29.5761 17.553 0.251446
      vertex -29.5761 17.5653 0
      vertex -29.8536 18.0698 0.302345
    endloop
  endfacet
  facet normal 0.881737 0.471177 0.0230644
    outer loop
      vertex -29.8536 18.0698 0.302345
      vertex -29.5761 17.5653 0
      vertex -29.8536 18.0846 0
    endloop
  endfacet
  facet normal 0.831098 0.523605 -0.187386
    outer loop
      vertex -29.8536 17.8498 -1.18043
      vertex -30.1808 18.3021 -1.36779
      vertex -29.8536 17.9518 -0.895416
    endloop
  endfacet
  facet normal 0.88171 0.444202 -0.15897
    outer loop
      vertex -29.5761 17.3701 -0.981709
      vertex -29.8536 17.8498 -1.18043
      vertex -29.8536 17.9518 -0.895416
    endloop
  endfacet
  facet normal 0.706682 0.699853 -0.103956
    outer loop
      vertex -30.5543 19.01 -0.394945
      vertex -30.5543 18.9519 -0.786087
      vertex -30.9706 19.4243 -0.435755
    endloop
  endfacet
  facet normal 0.706685 0.706677 -0.0347125
    outer loop
      vertex -30.5543 19.01 -0.394945
      vertex -30.9706 19.4243 -0.435755
      vertex -30.5543 19.0294 0
    endloop
  endfacet
  facet normal 0.772661 0.597692 -0.213914
    outer loop
      vertex -30.1808 18.3021 -1.36779
      vertex -30.5543 18.7226 -1.54197
      vertex -30.1808 18.4203 -1.03753
    endloop
  endfacet
  facet normal 0.772662 0.573906 -0.271339
    outer loop
      vertex -30.1808 18.3021 -1.36779
      vertex -30.5543 18.5536 -1.89942
      vertex -30.5543 18.7226 -1.54197
    endloop
  endfacet
  facet normal 0.194822 0.886605 0.419495
    outer loop
      vertex -33.5421 20.1329 2.74362
      vertex -33.5421 20.3772 2.22729
      vertex -34.1196 20.4833 2.27125
    endloop
  endfacet
  facet normal 0.195 0.886652 0.419312
    outer loop
      vertex -33.5421 20.1329 2.74362
      vertex -34.1196 20.4833 2.27125
      vertex -34.1196 20.2343 2.79777
    endloop
  endfacet
  facet normal 0.194828 0.923513 0.330403
    outer loop
      vertex -33.5421 20.3772 2.22729
      vertex -33.5421 20.5696 1.68951
      vertex -34.1196 20.6795 1.72286
    endloop
  endfacet
  facet normal 0.290048 0.90108 0.322377
    outer loop
      vertex -33.5421 20.3772 2.22729
      vertex -32.9787 20.406 1.63989
      vertex -33.5421 20.5696 1.68951
    endloop
  endfacet
  facet normal -0.95685 -0.173113 -0.233386
    outer loop
      vertex -40.8202 14.19 -1.21218
      vertex -40.6493 13.877 -1.68068
      vertex -40.6493 13.7177 -1.56252
    endloop
  endfacet
  facet normal -0.95685 -0.149324 -0.249279
    outer loop
      vertex -40.8202 14.3128 -1.28574
      vertex -40.6493 13.877 -1.68068
      vertex -40.8202 14.19 -1.21218
    endloop
  endfacet
  facet normal -0.706737 0.302489 -0.639549
    outer loop
      vertex -39.0294 17.0957 -3.92076
      vertex -39.0294 16.7013 -4.1073
      vertex -39.4457 16.8994 -3.55357
    endloop
  endfacet
  facet normal -0.633907 0.330679 -0.699152
    outer loop
      vertex -39.0294 17.0957 -3.92076
      vertex -38.5742 17.2718 -4.25019
      vertex -39.0294 16.7013 -4.1073
    endloop
  endfacet
  facet normal -0.956852 -0.0978809 -0.273595
    outer loop
      vertex -40.8202 14.5768 -1.3951
      vertex -40.6493 14.2265 -1.86747
      vertex -40.8202 14.4421 -1.34691
    endloop
  endfacet
  facet normal -0.956851 -0.124264 -0.262668
    outer loop
      vertex -40.8202 14.4421 -1.34691
      vertex -40.6493 14.2265 -1.86747
      vertex -40.8202 14.3128 -1.28574
    endloop
  endfacet
  facet normal -0.980733 0.100437 0.167557
    outer loop
      vertex -40.8202 15.81 1.21218
      vertex -40.9351 15.4891 0.732011
      vertex -40.9351 15.415 0.776428
    endloop
  endfacet
  facet normal -0.923679 -0.0930682 -0.371693
    outer loop
      vertex -40.6493 14.6057 -1.9825
      vertex -40.4239 14.4995 -2.51604
      vertex -40.6493 14.4132 -1.9343
    endloop
  endfacet
  facet normal -0.923673 -0.0931069 -0.371697
    outer loop
      vertex -40.6493 14.4132 -1.9343
      vertex -40.4239 14.4995 -2.51604
      vertex -40.4239 14.2553 -2.45487
    endloop
  endfacet
  facet normal -0.98073 0.0474736 -0.189512
    outer loop
      vertex -40.8202 15.4232 -1.3951
      vertex -40.8202 15.2844 -1.42987
      vertex -40.9351 15.1718 -0.863466
    endloop
  endfacet
  facet normal -0.956856 0.0706056 -0.281854
    outer loop
      vertex -40.8202 15.4232 -1.3951
      vertex -40.6493 15.5868 -1.9343
      vertex -40.8202 15.2844 -1.42987
    endloop
  endfacet
  facet normal -0.633882 0.260611 0.7282
    outer loop
      vertex -38.5742 16.8442 4.4524
      vertex -39.0294 16.7013 4.1073
      vertex -38.5742 16.399 4.61173
    endloop
  endfacet
  facet normal -0.633921 0.26054 0.728192
    outer loop
      vertex -38.5742 16.399 4.61173
      vertex -39.0294 16.7013 4.1073
      vertex -39.0294 16.2905 4.25428
    endloop
  endfacet
  facet normal -0.290013 0.492015 0.820862
    outer loop
      vertex -36.4579 17.7436 5.13295
      vertex -36.4579 18.2335 4.83931
      vertex -37.0213 17.663 4.98221
    endloop
  endfacet
  facet normal -0.29001 0.409219 0.865121
    outer loop
      vertex -36.4579 17.7436 5.13295
      vertex -37.0213 17.663 4.98221
      vertex -37.0213 17.1619 5.21924
    endloop
  endfacet
  facet normal -0.289983 0.322407 0.90109
    outer loop
      vertex -36.4579 17.2273 5.37715
      vertex -37.0213 17.1619 5.21924
      vertex -37.0213 16.6399 5.40601
    endloop
  endfacet
  facet normal -0.382324 0.311289 0.870016
    outer loop
      vertex -37.0213 17.1619 5.21924
      vertex -37.5653 17.0756 5.01106
      vertex -37.0213 16.6399 5.40601
    endloop
  endfacet
  facet normal -0.55516 0.806822 0.202076
    outer loop
      vertex -38.0846 20.0475 1.00401
      vertex -38.5742 19.7266 0.940187
      vertex -38.0846 19.9248 1.49391
    endloop
  endfacet
  facet normal -0.555161 0.822739 0.122052
    outer loop
      vertex -38.0846 20.0475 1.00401
      vertex -38.5742 19.796 0.472368
      vertex -38.5742 19.7266 0.940187
    endloop
  endfacet
  facet normal -0.923669 0.307745 0.228317
    outer loop
      vertex -40.4239 17.133 1.42522
      vertex -40.6493 16.6807 1.123
      vertex -40.6493 16.5625 1.28232
    endloop
  endfacet
  facet normal -0.923673 0.307753 0.228292
    outer loop
      vertex -40.4239 17.133 1.42522
      vertex -40.6493 16.5625 1.28232
      vertex -40.4239 16.983 1.62743
    endloop
  endfacet
  facet normal -0.995175 0.050444 0.0841548
    outer loop
      vertex -40.9351 15.4891 0.732011
      vertex -40.9928 15.1636 0.244789
      vertex -40.9351 15.415 0.776428
    endloop
  endfacet
  facet normal -0.956858 0.124181 0.262682
    outer loop
      vertex -40.6493 15.9529 1.78266
      vertex -40.8202 15.6872 1.28574
      vertex -40.6493 15.7735 1.86747
    endloop
  endfacet
  facet normal -0.923669 0.228286 0.307769
    outer loop
      vertex -40.4239 16.4252 2.13299
      vertex -40.6493 16.2823 1.56252
      vertex -40.6493 16.123 1.68068
    endloop
  endfacet
  facet normal -0.923669 0.197027 0.328658
    outer loop
      vertex -40.4239 16.4252 2.13299
      vertex -40.6493 15.9529 1.78266
      vertex -40.4239 16.2093 2.26242
    endloop
  endfacet
  facet normal -0.956847 0.215296 0.19517
    outer loop
      vertex -40.6493 16.5625 1.28232
      vertex -40.8202 16.127 0.92487
      vertex -40.8202 16.0309 1.03088
    endloop
  endfacet
  facet normal -0.980735 0.144727 0.131198
    outer loop
      vertex -40.8202 16.127 0.92487
      vertex -40.9351 15.6805 0.558509
      vertex -40.8202 16.0309 1.03088
    endloop
  endfacet
  facet normal -0.95685 0.173113 0.233386
    outer loop
      vertex -40.6493 16.2823 1.56252
      vertex -40.8202 15.81 1.21218
      vertex -40.6493 16.123 1.68068
    endloop
  endfacet
  facet normal -0.95685 0.173106 0.233395
    outer loop
      vertex -40.6493 16.2823 1.56252
      vertex -40.8202 15.9249 1.12696
      vertex -40.8202 15.81 1.21218
    endloop
  endfacet
  facet normal -0.772692 0.615787 0.154118
    outer loop
      vertex -39.4457 18.8559 1.16966
      vertex -39.4457 18.9519 0.786087
      vertex -39.8192 18.4203 1.03753
    endloop
  endfacet
  facet normal -0.881729 0.457638 0.114551
    outer loop
      vertex -40.1464 18.0253 0.601778
      vertex -40.4239 17.516 0.500471
      vertex -40.1464 17.9518 0.895416
    endloop
  endfacet
  facet normal -0.881737 0.37885 0.281091
    outer loop
      vertex -40.1464 17.5648 1.71372
      vertex -40.4239 17.133 1.42522
      vertex -40.1464 17.3844 1.95686
    endloop
  endfacet
  facet normal -0.881727 0.378894 0.281065
    outer loop
      vertex -40.1464 17.3844 1.95686
      vertex -40.4239 17.133 1.42522
      vertex -40.4239 16.983 1.62743
    endloop
  endfacet
  facet normal -0.881739 0.404638 0.242496
    outer loop
      vertex -40.1464 17.7204 1.45408
      vertex -40.4239 17.133 1.42522
      vertex -40.1464 17.5648 1.71372
    endloop
  endfacet
  facet normal -0.831112 0.476938 0.285979
    outer loop
      vertex -39.8192 18.1522 1.68486
      vertex -40.1464 17.7204 1.45408
      vertex -39.8192 17.9718 1.98572
    endloop
  endfacet
  facet normal -0.555114 0.668048 0.49554
    outer loop
      vertex -38.0846 18.9782 3.26482
      vertex -38.0846 19.2791 2.85917
      vertex -38.5742 18.7253 3.0573
    endloop
  endfacet
  facet normal -0.555092 0.668041 0.495575
    outer loop
      vertex -38.0846 19.2791 2.85917
      vertex -38.5742 19.0071 2.67743
      vertex -38.5742 18.7253 3.0573
    endloop
  endfacet
  facet normal -0.633894 0.728223 0.260518
    outer loop
      vertex -38.5742 19.4524 1.84424
      vertex -38.5742 19.6117 1.39895
      vertex -39.0294 19.1073 1.7013
    endloop
  endfacet
  facet normal -0.633839 0.765097 0.113464
    outer loop
      vertex -38.5742 19.7266 0.940187
      vertex -39.0294 19.4243 0.435755
      vertex -39.0294 19.3603 0.867314
    endloop
  endfacet
  facet normal -0.555087 0.751952 0.355594
    outer loop
      vertex -38.0846 19.5387 2.42598
      vertex -38.0846 19.7546 1.96943
      vertex -38.5742 19.2502 2.27178
    endloop
  endfacet
  facet normal -0.471023 0.797449 0.377109
    outer loop
      vertex -37.5653 20.0111 2.07565
      vertex -38.0846 19.7546 1.96943
      vertex -38.0846 19.5387 2.42598
    endloop
  endfacet
  facet normal -0.382281 0.475009 0.792608
    outer loop
      vertex -37.0213 17.663 4.98221
      vertex -37.5653 18.0134 4.50984
      vertex -37.5653 17.5568 4.78348
    endloop
  endfacet
  facet normal -0.470917 0.453487 0.756695
    outer loop
      vertex -37.5653 17.5568 4.78348
      vertex -37.5653 18.0134 4.50984
      vertex -38.0846 17.426 4.53869
    endloop
  endfacet
  facet normal -0.555127 0.495456 0.6681
    outer loop
      vertex -38.0846 17.8592 4.27905
      vertex -38.5742 18.0573 3.72533
      vertex -38.5742 17.6774 4.00706
    endloop
  endfacet
  facet normal -0.55512 0.427603 0.71344
    outer loop
      vertex -38.0846 17.8592 4.27905
      vertex -38.5742 17.6774 4.00706
      vertex -38.0846 17.426 4.53869
    endloop
  endfacet
  facet normal -0.38233 0.550469 0.742164
    outer loop
      vertex -37.0213 18.5839 4.36694
      vertex -37.5653 18.4409 4.19276
      vertex -37.5653 18.0134 4.50984
    endloop
  endfacet
  facet normal -0.382333 0.620604 0.684596
    outer loop
      vertex -37.0213 18.5839 4.36694
      vertex -37.0213 18.9946 3.99463
      vertex -37.5653 18.4409 4.19276
    endloop
  endfacet
  facet normal -0.772688 0.378173 0.509841
    outer loop
      vertex -39.4457 17.5562 3.11473
      vertex -39.8192 17.2674 2.76289
      vertex -39.8192 16.9857 2.97184
    endloop
  endfacet
  facet normal -0.831076 0.331331 0.44669
    outer loop
      vertex -39.8192 17.2674 2.76289
      vertex -40.1464 16.9569 2.38444
      vertex -39.8192 16.9857 2.97184
    endloop
  endfacet
  facet normal -0.956846 -0.290247 -0.0142101
    outer loop
      vertex -40.8202 13.5421 0
      vertex -40.6493 12.9884 -0.198126
      vertex -40.6493 12.9787 0
    endloop
  endfacet
  facet normal -0.923679 -0.38271 0.018721
    outer loop
      vertex -40.6493 12.9884 0.198126
      vertex -40.4239 12.4347 0
      vertex -40.4239 12.447 0.251446
    endloop
  endfacet
  facet normal -0.923662 -0.328705 0.196982
    outer loop
      vertex -40.4239 12.867 1.42522
      vertex -40.6493 13.2173 0.952852
      vertex -40.4239 12.7376 1.20929
    endloop
  endfacet
  facet normal -0.923671 -0.328656 0.197022
    outer loop
      vertex -40.6493 13.3193 1.123
      vertex -40.6493 13.2173 0.952852
      vertex -40.4239 12.867 1.42522
    endloop
  endfacet
  facet normal -0.923673 -0.0188011 0.382721
    outer loop
      vertex -40.4239 15 2.56533
      vertex -40.6493 14.8019 2.01161
      vertex -40.4239 14.7486 2.55298
    endloop
  endfacet
  facet normal -0.923673 0.0187979 0.38272
    outer loop
      vertex -40.4239 15 2.56533
      vertex -40.6493 15.1981 2.01161
      vertex -40.6493 15 2.02134
    endloop
  endfacet
  facet normal -0.923679 -0.163762 0.346409
    outer loop
      vertex -40.6493 14.2265 1.86747
      vertex -40.6493 14.0471 1.78266
      vertex -40.4239 14.0183 2.37006
    endloop
  endfacet
  facet normal -0.923678 -0.129133 0.360754
    outer loop
      vertex -40.6493 14.4132 1.9343
      vertex -40.6493 14.2265 1.86747
      vertex -40.4239 14.0183 2.37006
    endloop
  endfacet
  facet normal -0.995177 0.0951709 0.0237709
    outer loop
      vertex -40.9351 15.8635 0.171754
      vertex -40.9928 15.2887 0.057435
      vertex -40.9928 15.2817 0.0854607
    endloop
  endfacet
  facet normal -0.995176 0.0970527 0.0143089
    outer loop
      vertex -40.9351 15.8761 0.0862923
      vertex -40.9928 15.2887 0.057435
      vertex -40.9351 15.8635 0.171754
    endloop
  endfacet
  facet normal -0.995175 0.0841646 -0.0504272
    outer loop
      vertex -40.9351 15.7764 -0.415009
      vertex -40.9351 15.732 -0.489114
      vertex -40.9928 15.2448 -0.163563
    endloop
  endfacet
  facet normal -0.995176 -0.0970527 -0.0143089
    outer loop
      vertex -40.9928 14.7113 -0.057435
      vertex -40.9351 14.1365 -0.171754
      vertex -40.9351 14.1239 -0.0862923
    endloop
  endfacet
  facet normal -0.995177 -0.0951709 -0.0237709
    outer loop
      vertex -40.9928 14.7183 -0.0854607
      vertex -40.9351 14.1365 -0.171754
      vertex -40.9928 14.7113 -0.057435
    endloop
  endfacet
  facet normal -0.995175 -0.058457 0.0787986
    outer loop
      vertex -40.9928 14.8364 0.244789
      vertex -40.9928 14.8132 0.227578
      vertex -40.9351 14.4415 0.680545
    endloop
  endfacet
  facet normal -0.995177 0.092399 0.0329471
    outer loop
      vertex -40.9351 15.8425 0.255561
      vertex -40.9928 15.2817 0.0854607
      vertex -40.9928 15.272 0.112664
    endloop
  endfacet
  facet normal -0.995176 0.0923744 0.0330452
    outer loop
      vertex -40.9351 15.8425 0.255561
      vertex -40.9928 15.272 0.112664
      vertex -40.9351 15.8134 0.336907
    endloop
  endfacet
  facet normal -0.98073 -0.189499 0.0475175
    outer loop
      vertex -40.8202 13.6049 0.4232
      vertex -40.9351 14.1365 0.171754
      vertex -40.8202 13.5701 0.284418
    endloop
  endfacet
  facet normal -0.956858 -0.273569 0.0978874
    outer loop
      vertex -40.8202 13.6531 0.557906
      vertex -40.8202 13.6049 0.4232
      vertex -40.6493 13.1325 0.773533
    endloop
  endfacet
  facet normal -0.980728 -0.176569 0.0836477
    outer loop
      vertex -40.9351 14.2236 0.415009
      vertex -40.9351 14.1866 0.336907
      vertex -40.8202 13.6531 0.557906
    endloop
  endfacet
  facet normal -0.980731 -0.176591 0.0835618
    outer loop
      vertex -40.8202 13.7143 0.68724
      vertex -40.9351 14.2236 0.415009
      vertex -40.8202 13.6531 0.557906
    endloop
  endfacet
  facet normal -0.956851 -0.215317 0.19513
    outer loop
      vertex -40.6493 13.5707 1.4293
      vertex -40.8202 13.9691 1.03088
      vertex -40.6493 13.4375 1.28232
    endloop
  endfacet
  facet normal -0.956851 -0.195131 0.215315
    outer loop
      vertex -40.6493 13.7177 1.56252
      vertex -40.8202 13.9691 1.03088
      vertex -40.6493 13.5707 1.4293
    endloop
  endfacet
  facet normal -0.980733 0.116365 0.156913
    outer loop
      vertex -40.8202 15.81 1.21218
      vertex -40.9351 15.5585 0.680545
      vertex -40.9351 15.4891 0.732011
    endloop
  endfacet
  facet normal -0.980733 0.116376 0.156907
    outer loop
      vertex -40.8202 15.9249 1.12696
      vertex -40.9351 15.5585 0.680545
      vertex -40.8202 15.81 1.21218
    endloop
  endfacet
  facet normal -0.980731 0.0658077 0.183945
    outer loop
      vertex -40.8202 15.5579 1.34691
      vertex -40.9351 15.3369 0.813367
      vertex -40.8202 15.4232 1.3951
    endloop
  endfacet
  facet normal -0.956852 0.0978809 0.273595
    outer loop
      vertex -40.6493 15.7735 1.86747
      vertex -40.8202 15.5579 1.34691
      vertex -40.8202 15.4232 1.3951
    endloop
  endfacet
  facet normal -0.8311 0.0815704 0.550109
    outer loop
      vertex -39.8192 15.6973 3.50552
      vertex -40.1464 15.6018 3.02535
      vertex -40.1464 15.3023 3.06976
    endloop
  endfacet
  facet normal -0.831099 0.135157 0.539451
    outer loop
      vertex -39.8192 15.6973 3.50552
      vertex -40.1464 15.8954 2.95179
      vertex -40.1464 15.6018 3.02535
    endloop
  endfacet
  facet normal -0.95685 0.173113 -0.233386
    outer loop
      vertex -40.6493 16.2823 -1.56252
      vertex -40.6493 16.123 -1.68068
      vertex -40.8202 15.81 -1.21218
    endloop
  endfacet
  facet normal -0.95685 0.149324 -0.249279
    outer loop
      vertex -40.8202 15.81 -1.21218
      vertex -40.6493 16.123 -1.68068
      vertex -40.8202 15.6872 -1.28574
    endloop
  endfacet
  facet normal -0.956849 0.195154 -0.215303
    outer loop
      vertex -40.8202 16.0309 -1.03088
      vertex -40.6493 16.2823 -1.56252
      vertex -40.8202 15.9249 -1.12696
    endloop
  endfacet
  facet normal -0.980733 0.131197 -0.144743
    outer loop
      vertex -40.8202 16.0309 -1.03088
      vertex -40.8202 15.9249 -1.12696
      vertex -40.9351 15.5585 -0.680545
    endloop
  endfacet
  facet normal -0.923662 0.346379 -0.16392
    outer loop
      vertex -40.4239 17.3701 -0.981709
      vertex -40.4239 17.2624 -1.20929
      vertex -40.6493 16.7827 -0.952852
    endloop
  endfacet
  facet normal -0.881743 0.426394 -0.201786
    outer loop
      vertex -40.4239 17.3701 -0.981709
      vertex -40.1464 17.7204 -1.45408
      vertex -40.4239 17.2624 -1.20929
    endloop
  endfacet
  facet normal -0.995175 -0.0659 -0.0726909
    outer loop
      vertex -40.9928 14.8132 -0.227578
      vertex -40.9351 14.4415 -0.680545
      vertex -40.9351 14.3775 -0.622524
    endloop
  endfacet
  facet normal -0.995175 -0.058457 -0.0787986
    outer loop
      vertex -40.9928 14.8364 -0.244789
      vertex -40.9351 14.4415 -0.680545
      vertex -40.9928 14.8132 -0.227578
    endloop
  endfacet
  facet normal -0.995176 0.0951599 0.0238448
    outer loop
      vertex -40.9351 15.8635 0.171754
      vertex -40.9928 15.2817 0.0854607
      vertex -40.9351 15.8425 0.255561
    endloop
  endfacet
  facet normal -0.995175 0.0727039 -0.0658876
    outer loop
      vertex -40.9928 15.2276 -0.186769
      vertex -40.9351 15.6225 -0.622524
      vertex -40.9928 15.2082 -0.208176
    endloop
  endfacet
  facet normal -0.980731 0.176591 0.0835618
    outer loop
      vertex -40.8202 16.3469 0.557906
      vertex -40.9351 15.7764 0.415009
      vertex -40.8202 16.2857 0.68724
    endloop
  endfacet
  facet normal -0.980731 0.1676 0.100384
    outer loop
      vertex -40.8202 16.2857 0.68724
      vertex -40.9351 15.7764 0.415009
      vertex -40.8202 16.2122 0.809955
    endloop
  endfacet
  facet normal -0.995175 0.0787892 -0.0584717
    outer loop
      vertex -40.9351 15.732 -0.489114
      vertex -40.9351 15.6805 -0.558509
      vertex -40.9928 15.2448 -0.163563
    endloop
  endfacet
  facet normal -0.995175 0.0419722 0.0886808
    outer loop
      vertex -40.9351 15.415 0.776428
      vertex -40.9928 15.1388 0.259643
      vertex -40.9928 15.1127 0.271996
    endloop
  endfacet
  facet normal -0.995176 0.0970527 -0.0143089
    outer loop
      vertex -40.9351 15.8761 -0.0862923
      vertex -40.9351 15.8635 -0.171754
      vertex -40.9928 15.2887 -0.057435
    endloop
  endfacet
  facet normal -0.980729 0.189513 -0.0474874
    outer loop
      vertex -40.9351 15.8635 -0.171754
      vertex -40.8202 16.3951 -0.4232
      vertex -40.9351 15.8425 -0.255561
    endloop
  endfacet
  facet normal -0.995175 -0.0419722 -0.0886808
    outer loop
      vertex -40.9928 14.8873 -0.271996
      vertex -40.9351 14.585 -0.776428
      vertex -40.9928 14.8612 -0.259643
    endloop
  endfacet
  facet normal -0.995175 -0.0504134 -0.0841693
    outer loop
      vertex -40.9928 14.8612 -0.259643
      vertex -40.9351 14.585 -0.776428
      vertex -40.9928 14.8364 -0.244789
    endloop
  endfacet
  facet normal -0.995176 0.0923744 -0.0330452
    outer loop
      vertex -40.9351 15.8425 -0.255561
      vertex -40.9351 15.8134 -0.336907
      vertex -40.9928 15.272 -0.112664
    endloop
  endfacet
  facet normal -0.995176 -0.0979891 -0.00488286
    outer loop
      vertex -40.9928 14.7056 0
      vertex -40.9351 14.1239 -0.0862923
      vertex -40.9351 14.1196 0
    endloop
  endfacet
  facet normal -0.995175 0.0238414 -0.0951703
    outer loop
      vertex -40.9351 15.2556 -0.842473
      vertex -40.9351 15.1718 -0.863466
      vertex -40.9928 15.0855 -0.281729
    endloop
  endfacet
  facet normal -0.995177 -0.092399 0.0329471
    outer loop
      vertex -40.9928 14.728 0.112664
      vertex -40.9928 14.7183 0.0854607
      vertex -40.9351 14.1575 0.255561
    endloop
  endfacet
  facet normal -0.956863 0.26265 -0.124207
    outer loop
      vertex -40.6493 16.8675 -0.773533
      vertex -40.6493 16.7827 -0.952852
      vertex -40.8202 16.2857 -0.68724
    endloop
  endfacet
  facet normal -0.956863 0.249193 -0.149386
    outer loop
      vertex -40.6493 16.7827 -0.952852
      vertex -40.6493 16.6807 -1.123
      vertex -40.8202 16.2857 -0.68724
    endloop
  endfacet
  facet normal -0.980731 -0.0835288 0.176605
    outer loop
      vertex -40.9351 14.6631 0.813367
      vertex -40.9351 14.585 0.776428
      vertex -40.8202 14.4421 1.34691
    endloop
  endfacet
  facet normal -0.995175 -0.0584443 -0.07881
    outer loop
      vertex -40.9928 14.8364 -0.244789
      vertex -40.9351 14.5109 -0.732011
      vertex -40.9351 14.4415 -0.680545
    endloop
  endfacet
  facet normal -0.995175 -0.050444 -0.0841548
    outer loop
      vertex -40.9928 14.8364 -0.244789
      vertex -40.9351 14.585 -0.776428
      vertex -40.9351 14.5109 -0.732011
    endloop
  endfacet
  facet normal -0.995174 0.098008 0.00475498
    outer loop
      vertex -40.9351 15.8761 0.0862923
      vertex -40.9928 15.2944 0
      vertex -40.9928 15.293 0.0288563
    endloop
  endfacet
  facet normal -0.995175 0.0238414 0.0951703
    outer loop
      vertex -40.9351 15.2556 0.842473
      vertex -40.9928 15.0855 0.281729
      vertex -40.9351 15.1718 0.863466
    endloop
  endfacet
  facet normal -0.995174 0.0788293 -0.0584273
    outer loop
      vertex -40.9928 15.2448 -0.163563
      vertex -40.9351 15.6805 -0.558509
      vertex -40.9928 15.2276 -0.186769
    endloop
  endfacet
  facet normal -0.980731 0.028653 -0.19325
    outer loop
      vertex -40.9351 15.1718 -0.863466
      vertex -40.8202 15.1429 -1.45086
      vertex -40.9351 15.0863 -0.876143
    endloop
  endfacet
  facet normal -0.995175 0.058457 0.0787986
    outer loop
      vertex -40.9351 15.5585 0.680545
      vertex -40.9928 15.1868 0.227578
      vertex -40.9928 15.1636 0.244789
    endloop
  endfacet
  facet normal -0.980731 0.193247 -0.0286756
    outer loop
      vertex -40.8202 16.4509 -0.142897
      vertex -40.8202 16.4299 -0.284418
      vertex -40.9351 15.8635 -0.171754
    endloop
  endfacet
  facet normal -0.956848 0.287446 -0.0426297
    outer loop
      vertex -40.6493 17.0116 -0.198126
      vertex -40.6493 16.9825 -0.394343
      vertex -40.8202 16.4509 -0.142897
    endloop
  endfacet
  facet normal -0.706704 0.686309 -0.171899
    outer loop
      vertex -39.0294 19.3603 -0.867314
      vertex -39.0294 19.2543 -1.29052
      vertex -39.4457 18.8559 -1.16966
    endloop
  endfacet
  facet normal -0.633841 0.750287 -0.187924
    outer loop
      vertex -38.5742 19.7266 -0.940187
      vertex -39.0294 19.2543 -1.29052
      vertex -39.0294 19.3603 -0.867314
    endloop
  endfacet
  facet normal 0.706767 0.568223 0.421429
    outer loop
      vertex -30.5543 18.1147 2.55619
      vertex -30.9706 18.6965 2.4699
      vertex -30.9706 18.4366 2.82033
    endloop
  endfacet
  facet normal 0.706732 0.56821 0.421506
    outer loop
      vertex -30.5543 18.1147 2.55619
      vertex -30.5543 18.3503 2.23859
      vertex -30.9706 18.6965 2.4699
    endloop
  endfacet
  facet normal 0.633864 0.573072 0.519428
    outer loop
      vertex -30.9706 18.1436 3.14359
      vertex -30.9706 18.4366 2.82033
      vertex -31.4258 18.7253 3.0573
    endloop
  endfacet
  facet normal 0.633861 0.621235 0.460746
    outer loop
      vertex -30.9706 18.4366 2.82033
      vertex -30.9706 18.6965 2.4699
      vertex -31.4258 18.7253 3.0573
    endloop
  endfacet
  facet normal -0.706716 0.238339 -0.666143
    outer loop
      vertex -39.0294 16.7013 -4.1073
      vertex -39.0294 16.2905 -4.25428
      vertex -39.4457 16.542 -3.72264
    endloop
  endfacet
  facet normal -0.633921 0.26054 -0.728192
    outer loop
      vertex -39.0294 16.7013 -4.1073
      vertex -38.5742 16.399 -4.61173
      vertex -39.0294 16.2905 -4.25428
    endloop
  endfacet
  facet normal -0.995176 -0.0143893 -0.0970486
    outer loop
      vertex -40.9928 14.9426 -0.288749
      vertex -40.9351 14.9137 -0.876143
      vertex -40.9351 14.8282 -0.863466
    endloop
  endfacet
  facet normal -0.956853 -0.0426366 -0.287426
    outer loop
      vertex -40.8202 14.8571 -1.45086
      vertex -40.6493 14.6057 -1.9825
      vertex -40.8202 14.7156 -1.42987
    endloop
  endfacet
  facet normal -0.995175 -0.00480814 -0.0979939
    outer loop
      vertex -40.9928 15 -0.294406
      vertex -40.9351 14.9137 -0.876143
      vertex -40.9928 14.9711 -0.292988
    endloop
  endfacet
  facet normal -0.98073 -0.0474751 -0.189511
    outer loop
      vertex -40.9351 14.8282 -0.863466
      vertex -40.8202 14.5768 -1.3951
      vertex -40.9351 14.7444 -0.842473
    endloop
  endfacet
  facet normal -0.995176 0.0979891 -0.00488286
    outer loop
      vertex -40.9351 15.8804 0
      vertex -40.9351 15.8761 -0.0862923
      vertex -40.9928 15.2944 0
    endloop
  endfacet
  facet normal -0.995176 -0.0886639 0.0420036
    outer loop
      vertex -40.9351 14.2236 0.415009
      vertex -40.9928 14.728 0.112664
      vertex -40.9351 14.1866 0.336907
    endloop
  endfacet
  facet normal -0.923679 0.0930682 -0.371693
    outer loop
      vertex -40.6493 15.5868 -1.9343
      vertex -40.4239 15.5005 -2.51604
      vertex -40.6493 15.3943 -1.9825
    endloop
  endfacet
  facet normal -0.923673 0.0188011 -0.382721
    outer loop
      vertex -40.4239 15.2514 -2.55298
      vertex -40.4239 15 -2.56533
      vertex -40.6493 15.1981 -2.01161
    endloop
  endfacet
  facet normal -0.980731 0.00958572 -0.195128
    outer loop
      vertex -40.8202 15.1429 -1.45086
      vertex -40.8202 15 -1.45788
      vertex -40.9351 15.0863 -0.876143
    endloop
  endfacet
  facet normal -0.956855 0.014257 -0.290217
    outer loop
      vertex -40.8202 15.1429 -1.45086
      vertex -40.6493 15.1981 -2.01161
      vertex -40.8202 15 -1.45788
    endloop
  endfacet
  facet normal -0.382287 0.224521 0.896352
    outer loop
      vertex -37.0213 16.6399 5.40601
      vertex -37.5653 16.5745 5.19038
      vertex -37.0213 16.1021 5.54072
    endloop
  endfacet
  facet normal -0.289999 0.232536 0.928347
    outer loop
      vertex -36.4579 16.1355 5.70835
      vertex -37.0213 16.6399 5.40601
      vertex -37.0213 16.1021 5.54072
    endloop
  endfacet
  facet normal -0.706765 0.699795 0.103779
    outer loop
      vertex -39.0294 19.3603 0.867314
      vertex -39.0294 19.4243 0.435755
      vertex -39.4457 18.9519 0.786087
    endloop
  endfacet
  facet normal -0.706768 0.686278 0.17176
    outer loop
      vertex -39.0294 19.3603 0.867314
      vertex -39.4457 18.9519 0.786087
      vertex -39.4457 18.8559 1.16966
    endloop
  endfacet
  facet normal -0.831099 0.50275 0.237734
    outer loop
      vertex -39.8192 18.3021 1.36779
      vertex -40.1464 17.8498 1.18043
      vertex -40.1464 17.7204 1.45408
    endloop
  endfacet
  facet normal -0.831071 0.477058 0.285897
    outer loop
      vertex -39.8192 17.9718 1.98572
      vertex -40.1464 17.7204 1.45408
      vertex -40.1464 17.5648 1.71372
    endloop
  endfacet
  facet normal -0.881732 0.242562 0.404614
    outer loop
      vertex -40.1464 16.4541 2.72039
      vertex -40.4239 16.4252 2.13299
      vertex -40.4239 16.2093 2.26242
    endloop
  endfacet
  facet normal -0.831109 0.331215 0.446714
    outer loop
      vertex -39.8192 16.9857 2.97184
      vertex -40.1464 16.9569 2.38444
      vertex -40.1464 16.7137 2.56476
    endloop
  endfacet
  facet normal -0.923673 0.257283 0.283959
    outer loop
      vertex -40.4239 16.814 1.81396
      vertex -40.6493 16.2823 1.56252
      vertex -40.4239 16.6274 1.98303
    endloop
  endfacet
  facet normal -0.881748 0.316732 0.349572
    outer loop
      vertex -40.1464 16.9569 2.38444
      vertex -40.4239 16.814 1.81396
      vertex -40.4239 16.6274 1.98303
    endloop
  endfacet
  facet normal -0.831119 0.539452 0.135029
    outer loop
      vertex -39.8192 18.5055 0.69729
      vertex -40.1464 18.0253 0.601778
      vertex -40.1464 17.9518 0.895416
    endloop
  endfacet
  facet normal -0.83112 0.550052 0.0817455
    outer loop
      vertex -39.8192 18.5055 0.69729
      vertex -40.1464 18.0698 0.302345
      vertex -40.1464 18.0253 0.601778
    endloop
  endfacet
  facet normal -0.881718 0.457669 0.114509
    outer loop
      vertex -40.1464 17.9518 0.895416
      vertex -40.4239 17.516 0.500471
      vertex -40.4239 17.4549 0.744676
    endloop
  endfacet
  facet normal -0.92368 0.371708 0.0930012
    outer loop
      vertex -40.4239 17.4549 0.744676
      vertex -40.4239 17.516 0.500471
      vertex -40.6493 16.9343 0.586763
    endloop
  endfacet
  facet normal -0.831098 0.523605 0.187386
    outer loop
      vertex -39.8192 18.3021 1.36779
      vertex -40.1464 17.9518 0.895416
      vertex -40.1464 17.8498 1.18043
    endloop
  endfacet
  facet normal -0.881743 0.426394 0.201786
    outer loop
      vertex -40.1464 17.7204 1.45408
      vertex -40.4239 17.3701 0.981709
      vertex -40.4239 17.2624 1.20929
    endloop
  endfacet
  facet normal -0.772661 0.597692 0.213914
    outer loop
      vertex -39.4457 18.7226 1.54197
      vertex -39.8192 18.4203 1.03753
      vertex -39.8192 18.3021 1.36779
    endloop
  endfacet
  facet normal -0.772692 0.597631 0.213973
    outer loop
      vertex -39.4457 18.8559 1.16966
      vertex -39.8192 18.4203 1.03753
      vertex -39.4457 18.7226 1.54197
    endloop
  endfacet
  facet normal -0.831122 0.411997 0.37349
    outer loop
      vertex -39.8192 17.7629 2.26745
      vertex -40.1464 17.3844 1.95686
      vertex -39.8192 17.5273 2.52734
    endloop
  endfacet
  facet normal -0.77264 0.470344 0.426384
    outer loop
      vertex -39.4457 18.1147 2.55619
      vertex -39.8192 17.7629 2.26745
      vertex -39.8192 17.5273 2.52734
    endloop
  endfacet
  facet normal -0.555067 0.751951 0.355627
    outer loop
      vertex -38.0846 19.7546 1.96943
      vertex -38.5742 19.4524 1.84424
      vertex -38.5742 19.2502 2.27178
    endloop
  endfacet
  facet normal -0.555064 0.783199 0.280185
    outer loop
      vertex -38.0846 19.7546 1.96943
      vertex -38.5742 19.6117 1.39895
      vertex -38.5742 19.4524 1.84424
    endloop
  endfacet
  facet normal -0.923677 -0.382715 -0.0187372
    outer loop
      vertex -40.6493 12.9787 0
      vertex -40.6493 12.9884 -0.198126
      vertex -40.4239 12.4347 0
    endloop
  endfacet
  facet normal -0.923677 -0.382715 0.0187372
    outer loop
      vertex -40.6493 12.9787 0
      vertex -40.4239 12.4347 0
      vertex -40.6493 12.9884 0.198126
    endloop
  endfacet
  facet normal -0.956858 -0.262638 0.124278
    outer loop
      vertex -40.8202 13.7143 0.68724
      vertex -40.8202 13.6531 0.557906
      vertex -40.6493 13.1325 0.773533
    endloop
  endfacet
  facet normal -0.956863 -0.26265 0.124207
    outer loop
      vertex -40.6493 13.2173 0.952852
      vertex -40.8202 13.7143 0.68724
      vertex -40.6493 13.1325 0.773533
    endloop
  endfacet
  facet normal -0.956854 -0.014257 0.290218
    outer loop
      vertex -40.8202 15 1.45788
      vertex -40.8202 14.8571 1.45086
      vertex -40.6493 15 2.02134
    endloop
  endfacet
  facet normal -0.956856 -0.0706056 0.281854
    outer loop
      vertex -40.8202 14.7156 1.42987
      vertex -40.8202 14.5768 1.3951
      vertex -40.6493 14.4132 1.9343
    endloop
  endfacet
  facet normal -0.95685 -0.149324 0.249279
    outer loop
      vertex -40.8202 14.3128 1.28574
      vertex -40.8202 14.19 1.21218
      vertex -40.6493 13.877 1.68068
    endloop
  endfacet
  facet normal -0.995175 -0.0238414 0.0951703
    outer loop
      vertex -40.9351 14.8282 0.863466
      vertex -40.9928 14.9145 0.281729
      vertex -40.9351 14.7444 0.842473
    endloop
  endfacet
  facet normal -0.995174 -0.098008 -0.00475498
    outer loop
      vertex -40.9928 14.707 -0.0288563
      vertex -40.9351 14.1239 -0.0862923
      vertex -40.9928 14.7056 0
    endloop
  endfacet
  facet normal -0.980736 -0.195104 0.00955741
    outer loop
      vertex -40.9351 14.1239 0.0862923
      vertex -40.8202 13.5421 0
      vertex -40.8202 13.5491 0.142897
    endloop
  endfacet
  facet normal -0.980738 -0.19324 0.0284902
    outer loop
      vertex -40.9351 14.1365 0.171754
      vertex -40.9351 14.1239 0.0862923
      vertex -40.8202 13.5491 0.142897
    endloop
  endfacet
  facet normal -0.995176 0.0842242 -0.0503014
    outer loop
      vertex -40.9928 15.2596 -0.138782
      vertex -40.9351 15.7764 -0.415009
      vertex -40.9928 15.2448 -0.163563
    endloop
  endfacet
  facet normal -0.995175 0.058457 -0.0787986
    outer loop
      vertex -40.9928 15.1868 -0.227578
      vertex -40.9351 15.5585 -0.680545
      vertex -40.9928 15.1636 -0.244789
    endloop
  endfacet
  facet normal -0.980731 0.100394 0.167596
    outer loop
      vertex -40.8202 15.81 1.21218
      vertex -40.9351 15.415 0.776428
      vertex -40.8202 15.6872 1.28574
    endloop
  endfacet
  facet normal -0.995175 0.0504134 0.0841693
    outer loop
      vertex -40.9351 15.415 0.776428
      vertex -40.9928 15.1636 0.244789
      vertex -40.9928 15.1388 0.259643
    endloop
  endfacet
  facet normal -0.995175 -0.0659 0.0726909
    outer loop
      vertex -40.9351 14.4415 0.680545
      vertex -40.9928 14.8132 0.227578
      vertex -40.9351 14.3775 0.622524
    endloop
  endfacet
  facet normal -0.980729 -0.183956 0.0658067
    outer loop
      vertex -40.9351 14.1866 0.336907
      vertex -40.9351 14.1575 0.255561
      vertex -40.8202 13.6049 0.4232
    endloop
  endfacet
  facet normal -0.980729 -0.189513 0.0474874
    outer loop
      vertex -40.9351 14.1575 0.255561
      vertex -40.9351 14.1365 0.171754
      vertex -40.8202 13.6049 0.4232
    endloop
  endfacet
  facet normal -0.995175 -0.0727122 0.06588
    outer loop
      vertex -40.9351 14.3775 0.622524
      vertex -40.9928 14.7724 0.186769
      vertex -40.9351 14.3195 0.558509
    endloop
  endfacet
  facet normal -0.995175 0.0659021 -0.0726886
    outer loop
      vertex -40.9928 15.2082 -0.208176
      vertex -40.9351 15.6225 -0.622524
      vertex -40.9928 15.1868 -0.227578
    endloop
  endfacet
  facet normal -0.980733 0.144769 -0.131166
    outer loop
      vertex -40.9351 15.6805 -0.558509
      vertex -40.8202 16.0309 -1.03088
      vertex -40.9351 15.6225 -0.622524
    endloop
  endfacet
  facet normal -0.956846 0.233434 -0.173072
    outer loop
      vertex -40.8202 16.2122 -0.809955
      vertex -40.6493 16.5625 -1.28232
      vertex -40.8202 16.127 -0.92487
    endloop
  endfacet
  facet normal -0.956847 0.215296 -0.19517
    outer loop
      vertex -40.8202 16.127 -0.92487
      vertex -40.6493 16.5625 -1.28232
      vertex -40.8202 16.0309 -1.03088
    endloop
  endfacet
  facet normal -0.92368 0.257304 -0.283919
    outer loop
      vertex -40.6493 16.4293 -1.4293
      vertex -40.4239 16.814 -1.81396
      vertex -40.6493 16.2823 -1.56252
    endloop
  endfacet
  facet normal -0.956851 0.195131 -0.215315
    outer loop
      vertex -40.6493 16.4293 -1.4293
      vertex -40.6493 16.2823 -1.56252
      vertex -40.8202 16.0309 -1.03088
    endloop
  endfacet
  facet normal -0.995177 0.0951709 -0.0237709
    outer loop
      vertex -40.9928 15.2887 -0.057435
      vertex -40.9351 15.8635 -0.171754
      vertex -40.9928 15.2817 -0.0854607
    endloop
  endfacet
  facet normal -0.995176 0.0951599 -0.0238448
    outer loop
      vertex -40.9351 15.8635 -0.171754
      vertex -40.9351 15.8425 -0.255561
      vertex -40.9928 15.2817 -0.0854607
    endloop
  endfacet
  facet normal -0.995174 0.098008 -0.00475498
    outer loop
      vertex -40.9928 15.2944 0
      vertex -40.9351 15.8761 -0.0862923
      vertex -40.9928 15.293 -0.0288563
    endloop
  endfacet
  facet normal -0.995175 0.0419722 -0.0886808
    outer loop
      vertex -40.9928 15.1388 -0.259643
      vertex -40.9351 15.415 -0.776428
      vertex -40.9928 15.1127 -0.271996
    endloop
  endfacet
  facet normal -0.995175 -0.0330548 -0.0923755
    outer loop
      vertex -40.9928 14.9145 -0.281729
      vertex -40.9351 14.7444 -0.842473
      vertex -40.9928 14.8873 -0.271996
    endloop
  endfacet
  facet normal -0.995176 -0.023778 -0.0951798
    outer loop
      vertex -40.9928 14.9426 -0.288749
      vertex -40.9351 14.8282 -0.863466
      vertex -40.9928 14.9145 -0.281729
    endloop
  endfacet
  facet normal -0.980731 0.1676 -0.100384
    outer loop
      vertex -40.8202 16.2857 -0.68724
      vertex -40.8202 16.2122 -0.809955
      vertex -40.9351 15.7764 -0.415009
    endloop
  endfacet
  facet normal -0.980731 0.176591 -0.0835618
    outer loop
      vertex -40.8202 16.3469 -0.557906
      vertex -40.8202 16.2857 -0.68724
      vertex -40.9351 15.7764 -0.415009
    endloop
  endfacet
  facet normal -0.995175 0.00480814 0.0979939
    outer loop
      vertex -40.9351 15.0863 0.876143
      vertex -40.9928 15.0289 0.292988
      vertex -40.9928 15 0.294406
    endloop
  endfacet
  facet normal -0.995175 0.0419497 0.0886942
    outer loop
      vertex -40.9351 15.415 0.776428
      vertex -40.9928 15.1127 0.271996
      vertex -40.9351 15.3369 0.813367
    endloop
  endfacet
  facet normal -0.995175 0.0330698 -0.0923717
    outer loop
      vertex -40.9351 15.3369 -0.813367
      vertex -40.9351 15.2556 -0.842473
      vertex -40.9928 15.1127 -0.271996
    endloop
  endfacet
  facet normal -0.995175 0.0584443 -0.07881
    outer loop
      vertex -40.9351 15.5585 -0.680545
      vertex -40.9351 15.4891 -0.732011
      vertex -40.9928 15.1636 -0.244789
    endloop
  endfacet
  facet normal -0.980733 0.116365 -0.156913
    outer loop
      vertex -40.9351 15.5585 -0.680545
      vertex -40.8202 15.81 -1.21218
      vertex -40.9351 15.4891 -0.732011
    endloop
  endfacet
  facet normal -0.995175 -0.0144344 0.0970464
    outer loop
      vertex -40.9928 14.9711 0.292988
      vertex -40.9928 14.9426 0.288749
      vertex -40.9351 14.9137 0.876143
    endloop
  endfacet
  facet normal -0.995175 -0.0787892 0.0584717
    outer loop
      vertex -40.9351 14.3195 0.558509
      vertex -40.9928 14.7552 0.163563
      vertex -40.9351 14.268 0.489114
    endloop
  endfacet
  facet normal -0.98073 0.0658512 -0.183938
    outer loop
      vertex -40.9351 15.3369 -0.813367
      vertex -40.8202 15.4232 -1.3951
      vertex -40.9351 15.2556 -0.842473
    endloop
  endfacet
  facet normal -0.98073 0.0474751 -0.189511
    outer loop
      vertex -40.9351 15.2556 -0.842473
      vertex -40.8202 15.4232 -1.3951
      vertex -40.9351 15.1718 -0.863466
    endloop
  endfacet
  facet normal -0.956853 0.0426366 -0.287426
    outer loop
      vertex -40.8202 15.2844 -1.42987
      vertex -40.6493 15.3943 -1.9825
      vertex -40.8202 15.1429 -1.45086
    endloop
  endfacet
  facet normal -0.980731 0.0286667 -0.193251
    outer loop
      vertex -40.8202 15.2844 -1.42987
      vertex -40.8202 15.1429 -1.45086
      vertex -40.9351 15.1718 -0.863466
    endloop
  endfacet
  facet normal -0.980736 0.195104 -0.00955741
    outer loop
      vertex -40.8202 16.4579 0
      vertex -40.8202 16.4509 -0.142897
      vertex -40.9351 15.8761 -0.0862923
    endloop
  endfacet
  facet normal -0.956846 0.290247 -0.0142101
    outer loop
      vertex -40.6493 17.0213 0
      vertex -40.6493 17.0116 -0.198126
      vertex -40.8202 16.4579 0
    endloop
  endfacet
  facet normal -0.980731 -0.028653 -0.19325
    outer loop
      vertex -40.9351 14.9137 -0.876143
      vertex -40.8202 14.8571 -1.45086
      vertex -40.9351 14.8282 -0.863466
    endloop
  endfacet
  facet normal -0.980731 -0.0286667 -0.193251
    outer loop
      vertex -40.9351 14.8282 -0.863466
      vertex -40.8202 14.8571 -1.45086
      vertex -40.8202 14.7156 -1.42987
    endloop
  endfacet
  facet normal -0.995175 -0.0419497 -0.0886942
    outer loop
      vertex -40.9928 14.8873 -0.271996
      vertex -40.9351 14.6631 -0.813367
      vertex -40.9351 14.585 -0.776428
    endloop
  endfacet
  facet normal -0.995175 -0.0330698 -0.0923717
    outer loop
      vertex -40.9928 14.8873 -0.271996
      vertex -40.9351 14.7444 -0.842473
      vertex -40.9351 14.6631 -0.813367
    endloop
  endfacet
  facet normal -0.995175 -0.0841646 0.0504272
    outer loop
      vertex -40.9351 14.268 0.489114
      vertex -40.9928 14.7552 0.163563
      vertex -40.9351 14.2236 0.415009
    endloop
  endfacet
  facet normal -0.633847 0.750284 0.187913
    outer loop
      vertex -38.5742 19.6117 1.39895
      vertex -38.5742 19.7266 0.940187
      vertex -39.0294 19.2543 1.29052
    endloop
  endfacet
  facet normal -0.633841 0.750287 0.187924
    outer loop
      vertex -38.5742 19.7266 0.940187
      vertex -39.0294 19.3603 0.867314
      vertex -39.0294 19.2543 1.29052
    endloop
  endfacet
  facet normal -0.956859 0.149401 0.249198
    outer loop
      vertex -40.6493 16.123 1.68068
      vertex -40.8202 15.6872 1.28574
      vertex -40.6493 15.9529 1.78266
    endloop
  endfacet
  facet normal -0.92367 0.197035 0.328649
    outer loop
      vertex -40.4239 16.4252 2.13299
      vertex -40.6493 16.123 1.68068
      vertex -40.6493 15.9529 1.78266
    endloop
  endfacet
  facet normal -0.881731 0.242566 0.404614
    outer loop
      vertex -40.1464 16.7137 2.56476
      vertex -40.4239 16.4252 2.13299
      vertex -40.1464 16.4541 2.72039
    endloop
  endfacet
  facet normal -0.831109 0.28594 0.476965
    outer loop
      vertex -39.8192 16.9857 2.97184
      vertex -40.1464 16.7137 2.56476
      vertex -40.1464 16.4541 2.72039
    endloop
  endfacet
  facet normal -0.956851 0.195131 0.215315
    outer loop
      vertex -40.6493 16.4293 1.4293
      vertex -40.8202 16.0309 1.03088
      vertex -40.6493 16.2823 1.56252
    endloop
  endfacet
  facet normal -0.92368 0.257304 0.283919
    outer loop
      vertex -40.4239 16.814 1.81396
      vertex -40.6493 16.4293 1.4293
      vertex -40.6493 16.2823 1.56252
    endloop
  endfacet
  facet normal -0.88171 0.444202 0.15897
    outer loop
      vertex -40.1464 17.8498 1.18043
      vertex -40.1464 17.9518 0.895416
      vertex -40.4239 17.3701 0.981709
    endloop
  endfacet
  facet normal -0.881711 0.426509 0.201682
    outer loop
      vertex -40.1464 17.8498 1.18043
      vertex -40.4239 17.3701 0.981709
      vertex -40.1464 17.7204 1.45408
    endloop
  endfacet
  facet normal -0.956854 0.0142545 0.290218
    outer loop
      vertex -40.6493 15.1981 2.01161
      vertex -40.8202 15 1.45788
      vertex -40.6493 15 2.02134
    endloop
  endfacet
  facet normal -0.980731 -0.028653 0.19325
    outer loop
      vertex -40.9351 14.9137 0.876143
      vertex -40.9351 14.8282 0.863466
      vertex -40.8202 14.8571 1.45086
    endloop
  endfacet
  facet normal -0.956853 0.0705773 0.28187
    outer loop
      vertex -40.6493 15.5868 1.9343
      vertex -40.8202 15.2844 1.42987
      vertex -40.6493 15.3943 1.9825
    endloop
  endfacet
  facet normal -0.980731 0.00958572 0.195128
    outer loop
      vertex -40.8202 15.1429 1.45086
      vertex -40.9351 15.0863 0.876143
      vertex -40.8202 15 1.45788
    endloop
  endfacet
  facet normal -0.995175 0.0330548 0.0923755
    outer loop
      vertex -40.9351 15.2556 0.842473
      vertex -40.9928 15.1127 0.271996
      vertex -40.9928 15.0855 0.281729
    endloop
  endfacet
  facet normal -0.980731 -0.00958683 0.195128
    outer loop
      vertex -40.9351 15 0.880383
      vertex -40.9351 14.9137 0.876143
      vertex -40.8202 15 1.45788
    endloop
  endfacet
  facet normal -0.98073 -0.0474751 0.189511
    outer loop
      vertex -40.9351 14.8282 0.863466
      vertex -40.9351 14.7444 0.842473
      vertex -40.8202 14.5768 1.3951
    endloop
  endfacet
  facet normal -0.980731 -0.0658077 0.183945
    outer loop
      vertex -40.8202 14.5768 1.3951
      vertex -40.9351 14.6631 0.813367
      vertex -40.8202 14.4421 1.34691
    endloop
  endfacet
  facet normal -0.92367 -0.197035 0.328649
    outer loop
      vertex -40.6493 14.0471 1.78266
      vertex -40.6493 13.877 1.68068
      vertex -40.4239 13.5748 2.13299
    endloop
  endfacet
  facet normal -0.956858 -0.124181 0.262682
    outer loop
      vertex -40.6493 14.2265 1.86747
      vertex -40.8202 14.3128 1.28574
      vertex -40.6493 14.0471 1.78266
    endloop
  endfacet
  facet normal -0.956856 -0.0979237 0.273565
    outer loop
      vertex -40.6493 14.4132 1.9343
      vertex -40.8202 14.5768 1.3951
      vertex -40.6493 14.2265 1.86747
    endloop
  endfacet
  facet normal -0.956859 -0.149401 0.249198
    outer loop
      vertex -40.6493 14.0471 1.78266
      vertex -40.8202 14.3128 1.28574
      vertex -40.6493 13.877 1.68068
    endloop
  endfacet
  facet normal -0.98073 -0.195127 -0.0097233
    outer loop
      vertex -40.9351 14.1196 0
      vertex -40.9351 14.1239 -0.0862923
      vertex -40.8202 13.5421 0
    endloop
  endfacet
  facet normal -0.98073 -0.195127 0.0097233
    outer loop
      vertex -40.9351 14.1196 0
      vertex -40.8202 13.5421 0
      vertex -40.9351 14.1239 0.0862923
    endloop
  endfacet
  facet normal -0.995175 0.0330548 -0.0923755
    outer loop
      vertex -40.9928 15.1127 -0.271996
      vertex -40.9351 15.2556 -0.842473
      vertex -40.9928 15.0855 -0.281729
    endloop
  endfacet
  facet normal -0.995176 0.023778 -0.0951798
    outer loop
      vertex -40.9928 15.0855 -0.281729
      vertex -40.9351 15.1718 -0.863466
      vertex -40.9928 15.0574 -0.288749
    endloop
  endfacet
  facet normal -0.980733 -0.131197 0.144743
    outer loop
      vertex -40.8202 14.0751 1.12696
      vertex -40.9351 14.4415 0.680545
      vertex -40.8202 13.9691 1.03088
    endloop
  endfacet
  facet normal -0.980733 -0.116376 0.156907
    outer loop
      vertex -40.8202 14.19 1.21218
      vertex -40.9351 14.4415 0.680545
      vertex -40.8202 14.0751 1.12696
    endloop
  endfacet
  facet normal -0.995175 -0.0330548 0.0923755
    outer loop
      vertex -40.9928 14.9145 0.281729
      vertex -40.9928 14.8873 0.271996
      vertex -40.9351 14.7444 0.842473
    endloop
  endfacet
  facet normal -0.980731 0.0835288 0.176605
    outer loop
      vertex -40.8202 15.5579 1.34691
      vertex -40.9351 15.415 0.776428
      vertex -40.9351 15.3369 0.813367
    endloop
  endfacet
  facet normal -0.995175 -0.00481449 0.097993
    outer loop
      vertex -40.9351 15 0.880383
      vertex -40.9928 15 0.294406
      vertex -40.9351 14.9137 0.876143
    endloop
  endfacet
  facet normal -0.995174 -0.0788293 0.0584273
    outer loop
      vertex -40.9928 14.7724 0.186769
      vertex -40.9928 14.7552 0.163563
      vertex -40.9351 14.3195 0.558509
    endloop
  endfacet
  facet normal -0.923676 0.0562077 -0.379029
    outer loop
      vertex -40.4239 15.5005 -2.51604
      vertex -40.4239 15.2514 -2.55298
      vertex -40.6493 15.3943 -1.9825
    endloop
  endfacet
  facet normal -0.923672 0.0562371 -0.379035
    outer loop
      vertex -40.6493 15.3943 -1.9825
      vertex -40.4239 15.2514 -2.55298
      vertex -40.6493 15.1981 -2.01161
    endloop
  endfacet
  facet normal -0.98073 0.195127 0.0097233
    outer loop
      vertex -40.8202 16.4579 0
      vertex -40.9351 15.8804 0
      vertex -40.9351 15.8761 0.0862923
    endloop
  endfacet
  facet normal -0.980736 0.195104 0.00955741
    outer loop
      vertex -40.8202 16.4509 0.142897
      vertex -40.8202 16.4579 0
      vertex -40.9351 15.8761 0.0862923
    endloop
  endfacet
  facet normal -0.98073 0.0474736 0.189512
    outer loop
      vertex -40.8202 15.4232 1.3951
      vertex -40.9351 15.1718 0.863466
      vertex -40.8202 15.2844 1.42987
    endloop
  endfacet
  facet normal -0.980731 0.0286667 0.193251
    outer loop
      vertex -40.8202 15.2844 1.42987
      vertex -40.9351 15.1718 0.863466
      vertex -40.8202 15.1429 1.45086
    endloop
  endfacet
  facet normal -0.980731 0.00958683 0.195128
    outer loop
      vertex -40.8202 15 1.45788
      vertex -40.9351 15.0863 0.876143
      vertex -40.9351 15 0.880383
    endloop
  endfacet
  facet normal -0.995176 0.023778 0.0951798
    outer loop
      vertex -40.9351 15.1718 0.863466
      vertex -40.9928 15.0855 0.281729
      vertex -40.9928 15.0574 0.288749
    endloop
  endfacet
  facet normal -0.956853 -0.0705773 0.28187
    outer loop
      vertex -40.6493 14.6057 1.9825
      vertex -40.8202 14.7156 1.42987
      vertex -40.6493 14.4132 1.9343
    endloop
  endfacet
  facet normal -0.980731 -0.00958572 0.195128
    outer loop
      vertex -40.8202 15 1.45788
      vertex -40.9351 14.9137 0.876143
      vertex -40.8202 14.8571 1.45086
    endloop
  endfacet
  facet normal -0.980731 -0.100394 0.167596
    outer loop
      vertex -40.8202 14.3128 1.28574
      vertex -40.9351 14.585 0.776428
      vertex -40.8202 14.19 1.21218
    endloop
  endfacet
  facet normal -0.980731 -0.0835469 0.1766
    outer loop
      vertex -40.8202 14.4421 1.34691
      vertex -40.9351 14.585 0.776428
      vertex -40.8202 14.3128 1.28574
    endloop
  endfacet
  facet normal -0.995174 -0.0970381 -0.0146005
    outer loop
      vertex -40.9928 14.7113 -0.057435
      vertex -40.9351 14.1239 -0.0862923
      vertex -40.9928 14.707 -0.0288563
    endloop
  endfacet
  facet normal -0.995175 -0.0659021 0.0726886
    outer loop
      vertex -40.9928 14.8132 0.227578
      vertex -40.9928 14.7918 0.208176
      vertex -40.9351 14.3775 0.622524
    endloop
  endfacet
  facet normal -0.995177 -0.0951709 0.0237709
    outer loop
      vertex -40.9928 14.7183 0.0854607
      vertex -40.9928 14.7113 0.057435
      vertex -40.9351 14.1365 0.171754
    endloop
  endfacet
  facet normal -0.995175 -0.0727039 0.0658876
    outer loop
      vertex -40.9928 14.7918 0.208176
      vertex -40.9928 14.7724 0.186769
      vertex -40.9351 14.3775 0.622524
    endloop
  endfacet
  facet normal -0.980733 -0.144769 0.131166
    outer loop
      vertex -40.9351 14.3775 0.622524
      vertex -40.9351 14.3195 0.558509
      vertex -40.8202 13.9691 1.03088
    endloop
  endfacet
  facet normal -0.995175 0.0659021 0.0726886
    outer loop
      vertex -40.9351 15.6225 0.622524
      vertex -40.9928 15.2082 0.208176
      vertex -40.9928 15.1868 0.227578
    endloop
  endfacet
  facet normal -0.995175 0.0727039 0.0658876
    outer loop
      vertex -40.9351 15.6225 0.622524
      vertex -40.9928 15.2276 0.186769
      vertex -40.9928 15.2082 0.208176
    endloop
  endfacet
  facet normal -0.98073 -0.0474736 0.189512
    outer loop
      vertex -40.8202 14.7156 1.42987
      vertex -40.9351 14.8282 0.863466
      vertex -40.8202 14.5768 1.3951
    endloop
  endfacet
  facet normal -0.980731 -0.0286667 0.193251
    outer loop
      vertex -40.8202 14.8571 1.45086
      vertex -40.9351 14.8282 0.863466
      vertex -40.8202 14.7156 1.42987
    endloop
  endfacet
  facet normal -0.995175 -0.0419497 0.0886942
    outer loop
      vertex -40.9351 14.6631 0.813367
      vertex -40.9928 14.8873 0.271996
      vertex -40.9351 14.585 0.776428
    endloop
  endfacet
  facet normal -0.995175 -0.0419722 0.0886808
    outer loop
      vertex -40.9928 14.8873 0.271996
      vertex -40.9928 14.8612 0.259643
      vertex -40.9351 14.585 0.776428
    endloop
  endfacet
  facet normal -0.995175 0.0330698 0.0923717
    outer loop
      vertex -40.9351 15.3369 0.813367
      vertex -40.9928 15.1127 0.271996
      vertex -40.9351 15.2556 0.842473
    endloop
  endfacet
  facet normal -0.995176 -0.0842242 0.0503014
    outer loop
      vertex -40.9928 14.7552 0.163563
      vertex -40.9928 14.7404 0.138782
      vertex -40.9351 14.2236 0.415009
    endloop
  endfacet
  facet normal -0.995175 -0.0504134 0.0841693
    outer loop
      vertex -40.9928 14.8612 0.259643
      vertex -40.9928 14.8364 0.244789
      vertex -40.9351 14.585 0.776428
    endloop
  endfacet
  facet normal -0.995176 -0.0970527 0.0143089
    outer loop
      vertex -40.9351 14.1365 0.171754
      vertex -40.9928 14.7113 0.057435
      vertex -40.9351 14.1239 0.0862923
    endloop
  endfacet
  facet normal -0.956853 -0.0426366 0.287426
    outer loop
      vertex -40.8202 14.8571 1.45086
      vertex -40.8202 14.7156 1.42987
      vertex -40.6493 14.6057 1.9825
    endloop
  endfacet
  facet normal -0.956854 -0.0426446 0.287423
    outer loop
      vertex -40.6493 14.8019 2.01161
      vertex -40.8202 14.8571 1.45086
      vertex -40.6493 14.6057 1.9825
    endloop
  endfacet
  facet normal -0.956851 -0.124264 0.262668
    outer loop
      vertex -40.8202 14.4421 1.34691
      vertex -40.8202 14.3128 1.28574
      vertex -40.6493 14.2265 1.86747
    endloop
  endfacet
  facet normal -0.956852 -0.0978809 0.273595
    outer loop
      vertex -40.8202 14.5768 1.3951
      vertex -40.8202 14.4421 1.34691
      vertex -40.6493 14.2265 1.86747
    endloop
  endfacet
  facet normal -0.995175 0.0144344 0.0970464
    outer loop
      vertex -40.9351 15.0863 0.876143
      vertex -40.9928 15.0574 0.288749
      vertex -40.9928 15.0289 0.292988
    endloop
  endfacet
  facet normal -0.995175 -0.050444 0.0841548
    outer loop
      vertex -40.9351 14.585 0.776428
      vertex -40.9928 14.8364 0.244789
      vertex -40.9351 14.5109 0.732011
    endloop
  endfacet
  facet normal -0.995176 -0.023778 0.0951798
    outer loop
      vertex -40.9928 14.9426 0.288749
      vertex -40.9928 14.9145 0.281729
      vertex -40.9351 14.8282 0.863466
    endloop
  endfacet
  facet normal -1 0 0
    outer loop
      vertex -40.9928 15.293 -0.0288563
      vertex -40.9928 15.293 0.0288563
      vertex -40.9928 15.2944 0
    endloop
  endfacet
  facet normal -1 0 0
    outer loop
      vertex -40.9928 15.2887 -0.057435
      vertex -40.9928 15.293 0.0288563
      vertex -40.9928 15.293 -0.0288563
    endloop
  endfacet
  facet normal -1 0 0
    outer loop
      vertex -40.9928 15.2887 -0.057435
      vertex -40.9928 15.2887 0.057435
      vertex -40.9928 15.293 0.0288563
    endloop
  endfacet
  facet normal -1 0 0
    outer loop
      vertex -40.9928 15.2817 -0.0854607
      vertex -40.9928 15.2887 0.057435
      vertex -40.9928 15.2887 -0.057435
    endloop
  endfacet
  facet normal -1 0 0
    outer loop
      vertex -40.9928 15.2817 -0.0854607
      vertex -40.9928 15.2817 0.0854607
      vertex -40.9928 15.2887 0.057435
    endloop
  endfacet
  facet normal -1 0 0
    outer loop
      vertex -40.9928 15.272 -0.112664
      vertex -40.9928 15.2817 0.0854607
      vertex -40.9928 15.2817 -0.0854607
    endloop
  endfacet
  facet normal -1 0 0
    outer loop
      vertex -40.9928 15.272 -0.112664
      vertex -40.9928 15.272 0.112664
      vertex -40.9928 15.2817 0.0854607
    endloop
  endfacet
  facet normal -1 0 0
    outer loop
      vertex -40.9928 15.2596 -0.138782
      vertex -40.9928 15.272 0.112664
      vertex -40.9928 15.272 -0.112664
    endloop
  endfacet
  facet normal -1 0 0
    outer loop
      vertex -40.9928 15.2596 -0.138782
      vertex -40.9928 15.2596 0.138782
      vertex -40.9928 15.272 0.112664
    endloop
  endfacet
  facet normal -1 0 0
    outer loop
      vertex -40.9928 15.2448 -0.163563
      vertex -40.9928 15.2596 0.138782
      vertex -40.9928 15.2596 -0.138782
    endloop
  endfacet
  facet normal -1 0 0
    outer loop
      vertex -40.9928 15.2448 -0.163563
      vertex -40.9928 15.2448 0.163563
      vertex -40.9928 15.2596 0.138782
    endloop
  endfacet
  facet normal -1 0 0
    outer loop
      vertex -40.9928 15.2276 -0.186769
      vertex -40.9928 15.2448 0.163563
      vertex -40.9928 15.2448 -0.163563
    endloop
  endfacet
  facet normal -1 0 0
    outer loop
      vertex -40.9928 15.2276 -0.186769
      vertex -40.9928 15.2276 0.186769
      vertex -40.9928 15.2448 0.163563
    endloop
  endfacet
  facet normal -1 0 0
    outer loop
      vertex -40.9928 15.2082 -0.208176
      vertex -40.9928 15.2276 0.186769
      vertex -40.9928 15.2276 -0.186769
    endloop
  endfacet
  facet normal -1 0 0
    outer loop
      vertex -40.9928 15.2082 -0.208176
      vertex -40.9928 15.2082 0.208176
      vertex -40.9928 15.2276 0.186769
    endloop
  endfacet
  facet normal -1 0 0
    outer loop
      vertex -40.9928 15.1868 -0.227578
      vertex -40.9928 15.2082 0.208176
      vertex -40.9928 15.2082 -0.208176
    endloop
  endfacet
  facet normal -1 0 0
    outer loop
      vertex -40.9928 15.1868 -0.227578
      vertex -40.9928 15.1868 0.227578
      vertex -40.9928 15.2082 0.208176
    endloop
  endfacet
  facet normal -1 0 0
    outer loop
      vertex -40.9928 15.1636 -0.244789
      vertex -40.9928 15.1868 0.227578
      vertex -40.9928 15.1868 -0.227578
    endloop
  endfacet
  facet normal -1 0 0
    outer loop
      vertex -40.9928 15.1636 -0.244789
      vertex -40.9928 15.1636 0.244789
      vertex -40.9928 15.1868 0.227578
    endloop
  endfacet
  facet normal -1 0 0
    outer loop
      vertex -40.9928 15.1388 -0.259643
      vertex -40.9928 15.1636 0.244789
      vertex -40.9928 15.1636 -0.244789
    endloop
  endfacet
  facet normal -1 0 0
    outer loop
      vertex -40.9928 15.1388 -0.259643
      vertex -40.9928 15.1388 0.259643
      vertex -40.9928 15.1636 0.244789
    endloop
  endfacet
  facet normal -1 0 0
    outer loop
      vertex -40.9928 15.1127 -0.271996
      vertex -40.9928 15.1388 0.259643
      vertex -40.9928 15.1388 -0.259643
    endloop
  endfacet
  facet normal -1 0 0
    outer loop
      vertex -40.9928 15.1127 -0.271996
      vertex -40.9928 15.1127 0.271996
      vertex -40.9928 15.1388 0.259643
    endloop
  endfacet
  facet normal -1 0 0
    outer loop
      vertex -40.9928 15.0855 -0.281729
      vertex -40.9928 15.1127 0.271996
      vertex -40.9928 15.1127 -0.271996
    endloop
  endfacet
  facet normal -1 0 0
    outer loop
      vertex -40.9928 15.0855 -0.281729
      vertex -40.9928 15.0855 0.281729
      vertex -40.9928 15.1127 0.271996
    endloop
  endfacet
  facet normal -1 0 0
    outer loop
      vertex -40.9928 15.0574 -0.288749
      vertex -40.9928 15.0855 0.281729
      vertex -40.9928 15.0855 -0.281729
    endloop
  endfacet
  facet normal -1 0 0
    outer loop
      vertex -40.9928 15.0574 -0.288749
      vertex -40.9928 15.0574 0.288749
      vertex -40.9928 15.0855 0.281729
    endloop
  endfacet
  facet normal -1 0 0
    outer loop
      vertex -40.9928 15.0289 -0.292988
      vertex -40.9928 15.0574 0.288749
      vertex -40.9928 15.0574 -0.288749
    endloop
  endfacet
  facet normal -1 0 0
    outer loop
      vertex -40.9928 15.0289 -0.292988
      vertex -40.9928 15.0289 0.292988
      vertex -40.9928 15.0574 0.288749
    endloop
  endfacet
  facet normal -1 0 0
    outer loop
      vertex -40.9928 15 -0.294406
      vertex -40.9928 15.0289 0.292988
      vertex -40.9928 15.0289 -0.292988
    endloop
  endfacet
  facet normal -1 0 0
    outer loop
      vertex -40.9928 15 -0.294406
      vertex -40.9928 15 0.294406
      vertex -40.9928 15.0289 0.292988
    endloop
  endfacet
  facet normal -1 0 0
    outer loop
      vertex -40.9928 14.9711 -0.292988
      vertex -40.9928 15 0.294406
      vertex -40.9928 15 -0.294406
    endloop
  endfacet
  facet normal -1 0 0
    outer loop
      vertex -40.9928 14.9711 -0.292988
      vertex -40.9928 14.9711 0.292988
      vertex -40.9928 15 0.294406
    endloop
  endfacet
  facet normal -1 0 0
    outer loop
      vertex -40.9928 14.9426 -0.288749
      vertex -40.9928 14.9711 0.292988
      vertex -40.9928 14.9711 -0.292988
    endloop
  endfacet
  facet normal -1 0 0
    outer loop
      vertex -40.9928 14.9426 -0.288749
      vertex -40.9928 14.9426 0.288749
      vertex -40.9928 14.9711 0.292988
    endloop
  endfacet
  facet normal -1 0 0
    outer loop
      vertex -40.9928 14.9145 -0.281729
      vertex -40.9928 14.9426 0.288749
      vertex -40.9928 14.9426 -0.288749
    endloop
  endfacet
  facet normal -1 0 0
    outer loop
      vertex -40.9928 14.9145 -0.281729
      vertex -40.9928 14.9145 0.281729
      vertex -40.9928 14.9426 0.288749
    endloop
  endfacet
  facet normal -1 0 0
    outer loop
      vertex -40.9928 14.8873 -0.271996
      vertex -40.9928 14.9145 0.281729
      vertex -40.9928 14.9145 -0.281729
    endloop
  endfacet
  facet normal -1 0 0
    outer loop
      vertex -40.9928 14.8873 -0.271996
      vertex -40.9928 14.8873 0.271996
      vertex -40.9928 14.9145 0.281729
    endloop
  endfacet
  facet normal -1 0 0
    outer loop
      vertex -40.9928 14.8612 -0.259643
      vertex -40.9928 14.8873 0.271996
      vertex -40.9928 14.8873 -0.271996
    endloop
  endfacet
  facet normal -1 0 0
    outer loop
      vertex -40.9928 14.8612 -0.259643
      vertex -40.9928 14.8612 0.259643
      vertex -40.9928 14.8873 0.271996
    endloop
  endfacet
  facet normal -1 0 0
    outer loop
      vertex -40.9928 14.8364 -0.244789
      vertex -40.9928 14.8612 0.259643
      vertex -40.9928 14.8612 -0.259643
    endloop
  endfacet
  facet normal -1 0 0
    outer loop
      vertex -40.9928 14.8364 -0.244789
      vertex -40.9928 14.8364 0.244789
      vertex -40.9928 14.8612 0.259643
    endloop
  endfacet
  facet normal -1 0 0
    outer loop
      vertex -40.9928 14.8132 -0.227578
      vertex -40.9928 14.8364 0.244789
      vertex -40.9928 14.8364 -0.244789
    endloop
  endfacet
  facet normal -1 0 0
    outer loop
      vertex -40.9928 14.8132 -0.227578
      vertex -40.9928 14.8132 0.227578
      vertex -40.9928 14.8364 0.244789
    endloop
  endfacet
  facet normal -1 0 0
    outer loop
      vertex -40.9928 14.7918 -0.208176
      vertex -40.9928 14.8132 0.227578
      vertex -40.9928 14.8132 -0.227578
    endloop
  endfacet
  facet normal -1 0 0
    outer loop
      vertex -40.9928 14.7918 -0.208176
      vertex -40.9928 14.7918 0.208176
      vertex -40.9928 14.8132 0.227578
    endloop
  endfacet
  facet normal -1 0 0
    outer loop
      vertex -40.9928 14.7724 -0.186769
      vertex -40.9928 14.7918 0.208176
      vertex -40.9928 14.7918 -0.208176
    endloop
  endfacet
  facet normal -1 0 0
    outer loop
      vertex -40.9928 14.7724 -0.186769
      vertex -40.9928 14.7724 0.186769
      vertex -40.9928 14.7918 0.208176
    endloop
  endfacet
  facet normal -1 0 0
    outer loop
      vertex -40.9928 14.7552 -0.163563
      vertex -40.9928 14.7724 0.186769
      vertex -40.9928 14.7724 -0.186769
    endloop
  endfacet
  facet normal -1 0 0
    outer loop
      vertex -40.9928 14.7552 -0.163563
      vertex -40.9928 14.7552 0.163563
      vertex -40.9928 14.7724 0.186769
    endloop
  endfacet
  facet normal -1 0 0
    outer loop
      vertex -40.9928 14.7404 -0.138782
      vertex -40.9928 14.7552 0.163563
      vertex -40.9928 14.7552 -0.163563
    endloop
  endfacet
  facet normal -1 0 0
    outer loop
      vertex -40.9928 14.7404 -0.138782
      vertex -40.9928 14.7404 0.138782
      vertex -40.9928 14.7552 0.163563
    endloop
  endfacet
  facet normal -1 0 0
    outer loop
      vertex -40.9928 14.728 -0.112664
      vertex -40.9928 14.7404 0.138782
      vertex -40.9928 14.7404 -0.138782
    endloop
  endfacet
  facet normal -1 0 0
    outer loop
      vertex -40.9928 14.728 -0.112664
      vertex -40.9928 14.728 0.112664
      vertex -40.9928 14.7404 0.138782
    endloop
  endfacet
  facet normal -1 0 0
    outer loop
      vertex -40.9928 14.7183 -0.0854607
      vertex -40.9928 14.728 0.112664
      vertex -40.9928 14.728 -0.112664
    endloop
  endfacet
  facet normal -1 0 0
    outer loop
      vertex -40.9928 14.7183 -0.0854607
      vertex -40.9928 14.7183 0.0854607
      vertex -40.9928 14.728 0.112664
    endloop
  endfacet
  facet normal -1 0 0
    outer loop
      vertex -40.9928 14.7113 -0.057435
      vertex -40.9928 14.7183 0.0854607
      vertex -40.9928 14.7183 -0.0854607
    endloop
  endfacet
  facet normal -1 0 0
    outer loop
      vertex -40.9928 14.7113 -0.057435
      vertex -40.9928 14.7113 0.057435
      vertex -40.9928 14.7183 0.0854607
    endloop
  endfacet
  facet normal -1 0 0
    outer loop
      vertex -40.9928 14.707 -0.0288563
      vertex -40.9928 14.7113 0.057435
      vertex -40.9928 14.7113 -0.057435
    endloop
  endfacet
  facet normal -1 0 0
    outer loop
      vertex -40.9928 14.707 -0.0288563
      vertex -40.9928 14.707 0.0288563
      vertex -40.9928 14.7113 0.057435
    endloop
  endfacet
  facet normal -1 0 -0
    outer loop
      vertex -40.9928 14.707 0.0288563
      vertex -40.9928 14.707 -0.0288563
      vertex -40.9928 14.7056 0
    endloop
  endfacet
  facet normal -0.995175 -0.0330698 0.0923717
    outer loop
      vertex -40.9351 14.7444 0.842473
      vertex -40.9928 14.8873 0.271996
      vertex -40.9351 14.6631 0.813367
    endloop
  endfacet
  facet normal -0.98073 -0.0658512 0.183938
    outer loop
      vertex -40.9351 14.7444 0.842473
      vertex -40.9351 14.6631 0.813367
      vertex -40.8202 14.5768 1.3951
    endloop
  endfacet
  facet normal -0.995176 -0.0886214 0.0420746
    outer loop
      vertex -40.9928 14.7404 0.138782
      vertex -40.9928 14.728 0.112664
      vertex -40.9351 14.2236 0.415009
    endloop
  endfacet
  facet normal -0.995175 -0.0584443 0.07881
    outer loop
      vertex -40.9351 14.5109 0.732011
      vertex -40.9928 14.8364 0.244789
      vertex -40.9351 14.4415 0.680545
    endloop
  endfacet
  facet normal -0.980733 -0.116365 0.156913
    outer loop
      vertex -40.9351 14.5109 0.732011
      vertex -40.9351 14.4415 0.680545
      vertex -40.8202 14.19 1.21218
    endloop
  endfacet
  facet normal 0 0.740756 -0.671774
    outer loop
      vertex -2.3 13.6472 1.11019
      vertex -6 13.7626 1.23744
      vertex -2.3 13.7626 1.23744
    endloop
  endfacet
  facet normal 0 0.740756 -0.671774
    outer loop
      vertex -6 13.7626 1.23744
      vertex -2.3 13.6472 1.11019
      vertex -6 13.6472 1.11019
    endloop
  endfacet
  facet normal 0 -0.146717 -0.989178
    outer loop
      vertex -6 15.1715 1.74157
      vertex -2.3 15.3414 1.71637
      vertex -2.3 15.1715 1.74157
    endloop
  endfacet
  facet normal -0 -0.146717 -0.989178
    outer loop
      vertex -2.3 15.3414 1.71637
      vertex -6 15.1715 1.74157
      vertex -6 15.3414 1.71637
    endloop
  endfacet
  facet normal 0 -0.0490952 -0.998794
    outer loop
      vertex -6 15 1.75
      vertex -2.3 15.1715 1.74157
      vertex -2.3 15 1.75
    endloop
  endfacet
  facet normal -0 -0.0490952 -0.998794
    outer loop
      vertex -2.3 15.1715 1.74157
      vertex -6 15 1.75
      vertex -6 15.1715 1.74157
    endloop
  endfacet
  facet normal 0 -0.242919 -0.970047
    outer loop
      vertex -6 15.3414 1.71637
      vertex -2.3 15.508 1.67465
      vertex -2.3 15.3414 1.71637
    endloop
  endfacet
  facet normal -0 -0.242919 -0.970047
    outer loop
      vertex -2.3 15.508 1.67465
      vertex -6 15.3414 1.71637
      vertex -6 15.508 1.67465
    endloop
  endfacet
  facet normal 0 0.941648 -0.336598
    outer loop
      vertex -2.3 13.3254 0.507998
      vertex -6 13.3832 0.669696
      vertex -2.3 13.3832 0.669696
    endloop
  endfacet
  facet normal 0 0.941648 -0.336598
    outer loop
      vertex -6 13.3832 0.669696
      vertex -2.3 13.3254 0.507998
      vertex -6 13.3254 0.507998
    endloop
  endfacet
  facet normal 0 -0.740756 0.671774
    outer loop
      vertex -6 16.2374 -1.23744
      vertex -2.3 16.3528 -1.11019
      vertex -6 16.3528 -1.11019
    endloop
  endfacet
  facet normal 0 -0.740756 0.671774
    outer loop
      vertex -2.3 16.3528 -1.11019
      vertex -6 16.2374 -1.23744
      vertex -2.3 16.2374 -1.23744
    endloop
  endfacet
  facet normal -0 0.242919 0.970047
    outer loop
      vertex -6 14.6586 -1.71637
      vertex -2.3 14.492 -1.67465
      vertex -2.3 14.6586 -1.71637
    endloop
  endfacet
  facet normal 0 0.242919 0.970047
    outer loop
      vertex -2.3 14.492 -1.67465
      vertex -6 14.6586 -1.71637
      vertex -6 14.492 -1.67465
    endloop
  endfacet
  facet normal 0 -0.90405 -0.427427
    outer loop
      vertex -6 16.6168 0.669696
      vertex -2.3 16.5434 0.824944
      vertex -6 16.5434 0.824944
    endloop
  endfacet
  facet normal 0 -0.90405 -0.427427
    outer loop
      vertex -2.3 16.5434 0.824944
      vertex -6 16.6168 0.669696
      vertex -2.3 16.6168 0.669696
    endloop
  endfacet
  facet normal 0 0.969933 0.243371
    outer loop
      vertex -2.3 13.3254 -0.507998
      vertex -6 13.2836 -0.341408
      vertex -2.3 13.2836 -0.341408
    endloop
  endfacet
  facet normal 0 0.969933 0.243371
    outer loop
      vertex -6 13.2836 -0.341408
      vertex -2.3 13.3254 -0.507998
      vertex -6 13.3254 -0.507998
    endloop
  endfacet
  facet normal 0 0.989176 0.146736
    outer loop
      vertex -2.3 13.2836 -0.341408
      vertex -6 13.2584 -0.17153
      vertex -2.3 13.2584 -0.17153
    endloop
  endfacet
  facet normal 0 0.989176 0.146736
    outer loop
      vertex -6 13.2584 -0.17153
      vertex -2.3 13.2836 -0.341408
      vertex -6 13.2836 -0.341408
    endloop
  endfacet
  facet normal 0 -0.969933 -0.243371
    outer loop
      vertex -6 16.7164 0.341408
      vertex -2.3 16.6746 0.507998
      vertex -6 16.6746 0.507998
    endloop
  endfacet
  facet normal 0 -0.969933 -0.243371
    outer loop
      vertex -2.3 16.6746 0.507998
      vertex -6 16.7164 0.341408
      vertex -2.3 16.7164 0.341408
    endloop
  endfacet
  facet normal 0 -0.671695 0.740828
    outer loop
      vertex -6 16.2374 -1.23744
      vertex -2.3 16.1102 -1.35277
      vertex -2.3 16.2374 -1.23744
    endloop
  endfacet
  facet normal 0 -0.671695 0.740828
    outer loop
      vertex -2.3 16.1102 -1.35277
      vertex -6 16.2374 -1.23744
      vertex -6 16.1102 -1.35277
    endloop
  endfacet
  facet normal 0 -0.941648 0.336598
    outer loop
      vertex -6 16.6168 -0.669696
      vertex -2.3 16.6746 -0.507998
      vertex -6 16.6746 -0.507998
    endloop
  endfacet
  facet normal 0 -0.941648 0.336598
    outer loop
      vertex -2.3 16.6746 -0.507998
      vertex -6 16.6168 -0.669696
      vertex -2.3 16.6168 -0.669696
    endloop
  endfacet
  facet normal 0 0.998803 -0.0489124
    outer loop
      vertex -2.3 13.25 0
      vertex -6 13.2584 0.17153
      vertex -2.3 13.2584 0.17153
    endloop
  endfacet
  facet normal 0 0.998803 -0.0489124
    outer loop
      vertex -6 13.2584 0.17153
      vertex -2.3 13.25 0
      vertex -6 13.25 0
    endloop
  endfacet
  facet normal 0 -0.998803 0.0489124
    outer loop
      vertex -6 16.7416 -0.17153
      vertex -2.3 16.75 0
      vertex -6 16.75 0
    endloop
  endfacet
  facet normal 0 -0.998803 0.0489124
    outer loop
      vertex -2.3 16.75 0
      vertex -6 16.7416 -0.17153
      vertex -2.3 16.7416 -0.17153
    endloop
  endfacet
  facet normal 0 0.803223 0.595679
    outer loop
      vertex -2.3 13.6472 -1.11019
      vertex -6 13.5449 -0.972247
      vertex -2.3 13.5449 -0.972247
    endloop
  endfacet
  facet normal 0 0.803223 0.595679
    outer loop
      vertex -6 13.5449 -0.972247
      vertex -2.3 13.6472 -1.11019
      vertex -6 13.6472 -1.11019
    endloop
  endfacet
  facet normal -0 0.427678 0.903931
    outer loop
      vertex -6 14.3303 -1.61679
      vertex -2.3 14.1751 -1.54336
      vertex -2.3 14.3303 -1.61679
    endloop
  endfacet
  facet normal 0 0.427678 0.903931
    outer loop
      vertex -2.3 14.1751 -1.54336
      vertex -6 14.3303 -1.61679
      vertex -6 14.1751 -1.54336
    endloop
  endfacet
  facet normal 0 -0.989176 0.146736
    outer loop
      vertex -6 16.7164 -0.341408
      vertex -2.3 16.7416 -0.17153
      vertex -6 16.7416 -0.17153
    endloop
  endfacet
  facet normal 0 -0.989176 0.146736
    outer loop
      vertex -2.3 16.7416 -0.17153
      vertex -6 16.7164 -0.341408
      vertex -2.3 16.7164 -0.341408
    endloop
  endfacet
  facet normal 0 -0.857703 -0.514145
    outer loop
      vertex -6 16.5434 0.824944
      vertex -2.3 16.4551 0.972247
      vertex -6 16.4551 0.972247
    endloop
  endfacet
  facet normal 0 -0.857703 -0.514145
    outer loop
      vertex -2.3 16.4551 0.972247
      vertex -6 16.5434 0.824944
      vertex -2.3 16.5434 0.824944
    endloop
  endfacet
  facet normal -0 0.0490952 0.998794
    outer loop
      vertex -6 15 -1.75
      vertex -2.3 14.8285 -1.74157
      vertex -2.3 15 -1.75
    endloop
  endfacet
  facet normal 0 0.0490952 0.998794
    outer loop
      vertex -2.3 14.8285 -1.74157
      vertex -6 15 -1.75
      vertex -6 14.8285 -1.74157
    endloop
  endfacet
  facet normal 0 0.941648 0.336598
    outer loop
      vertex -2.3 13.3832 -0.669696
      vertex -6 13.3254 -0.507998
      vertex -2.3 13.3254 -0.507998
    endloop
  endfacet
  facet normal 0 0.941648 0.336598
    outer loop
      vertex -6 13.3254 -0.507998
      vertex -2.3 13.3832 -0.669696
      vertex -6 13.3832 -0.669696
    endloop
  endfacet
  facet normal 0 -0.427678 0.903931
    outer loop
      vertex -6 15.8249 -1.54336
      vertex -2.3 15.6697 -1.61679
      vertex -2.3 15.8249 -1.54336
    endloop
  endfacet
  facet normal 0 -0.427678 0.903931
    outer loop
      vertex -2.3 15.6697 -1.61679
      vertex -6 15.8249 -1.54336
      vertex -6 15.6697 -1.61679
    endloop
  endfacet
  facet normal 0 0.242919 -0.970047
    outer loop
      vertex -6 14.492 1.67465
      vertex -2.3 14.6586 1.71637
      vertex -2.3 14.492 1.67465
    endloop
  endfacet
  facet normal 0 0.242919 -0.970047
    outer loop
      vertex -2.3 14.6586 1.71637
      vertex -6 14.492 1.67465
      vertex -6 14.6586 1.71637
    endloop
  endfacet
  facet normal 0 -0.740756 -0.671774
    outer loop
      vertex -6 16.3528 1.11019
      vertex -2.3 16.2374 1.23744
      vertex -6 16.2374 1.23744
    endloop
  endfacet
  facet normal 0 -0.740756 -0.671774
    outer loop
      vertex -2.3 16.2374 1.23744
      vertex -6 16.3528 1.11019
      vertex -2.3 16.3528 1.11019
    endloop
  endfacet
  facet normal 0 -0.803223 -0.595679
    outer loop
      vertex -6 16.4551 0.972247
      vertex -2.3 16.3528 1.11019
      vertex -6 16.3528 1.11019
    endloop
  endfacet
  facet normal 0 -0.803223 -0.595679
    outer loop
      vertex -2.3 16.3528 1.11019
      vertex -6 16.4551 0.972247
      vertex -2.3 16.4551 0.972247
    endloop
  endfacet
  facet normal 0 -0.803223 0.595679
    outer loop
      vertex -6 16.3528 -1.11019
      vertex -2.3 16.4551 -0.972247
      vertex -6 16.4551 -0.972247
    endloop
  endfacet
  facet normal 0 -0.803223 0.595679
    outer loop
      vertex -2.3 16.4551 -0.972247
      vertex -6 16.3528 -1.11019
      vertex -2.3 16.3528 -1.11019
    endloop
  endfacet
  facet normal 0 0.857703 -0.514145
    outer loop
      vertex -2.3 13.4566 0.824944
      vertex -6 13.5449 0.972247
      vertex -2.3 13.5449 0.972247
    endloop
  endfacet
  facet normal 0 0.857703 -0.514145
    outer loop
      vertex -6 13.5449 0.972247
      vertex -2.3 13.4566 0.824944
      vertex -6 13.4566 0.824944
    endloop
  endfacet
  facet normal 0 -0.671695 -0.740828
    outer loop
      vertex -6 16.1102 1.35277
      vertex -2.3 16.2374 1.23744
      vertex -2.3 16.1102 1.35277
    endloop
  endfacet
  facet normal -0 -0.671695 -0.740828
    outer loop
      vertex -2.3 16.2374 1.23744
      vertex -6 16.1102 1.35277
      vertex -6 16.2374 1.23744
    endloop
  endfacet
  facet normal 0 -0.59552 -0.803341
    outer loop
      vertex -6 15.9722 1.45507
      vertex -2.3 16.1102 1.35277
      vertex -2.3 15.9722 1.45507
    endloop
  endfacet
  facet normal -0 -0.59552 -0.803341
    outer loop
      vertex -2.3 16.1102 1.35277
      vertex -6 15.9722 1.45507
      vertex -6 16.1102 1.35277
    endloop
  endfacet
  facet normal 0 0.146717 -0.989178
    outer loop
      vertex -6 14.6586 1.71637
      vertex -2.3 14.8285 1.74157
      vertex -2.3 14.6586 1.71637
    endloop
  endfacet
  facet normal 0 0.146717 -0.989178
    outer loop
      vertex -2.3 14.8285 1.74157
      vertex -6 14.6586 1.71637
      vertex -6 14.8285 1.74157
    endloop
  endfacet
  facet normal 0 -0.336904 0.941539
    outer loop
      vertex -6 15.6697 -1.61679
      vertex -2.3 15.508 -1.67465
      vertex -2.3 15.6697 -1.61679
    endloop
  endfacet
  facet normal 0 -0.336904 0.941539
    outer loop
      vertex -2.3 15.508 -1.67465
      vertex -6 15.6697 -1.61679
      vertex -6 15.508 -1.67465
    endloop
  endfacet
  facet normal 0 0.427678 -0.903931
    outer loop
      vertex -6 14.1751 1.54336
      vertex -2.3 14.3303 1.61679
      vertex -2.3 14.1751 1.54336
    endloop
  endfacet
  facet normal 0 0.427678 -0.903931
    outer loop
      vertex -2.3 14.3303 1.61679
      vertex -6 14.1751 1.54336
      vertex -6 14.3303 1.61679
    endloop
  endfacet
  facet normal 0 0.0490952 -0.998794
    outer loop
      vertex -6 14.8285 1.74157
      vertex -2.3 15 1.75
      vertex -2.3 14.8285 1.74157
    endloop
  endfacet
  facet normal 0 0.0490952 -0.998794
    outer loop
      vertex -2.3 15 1.75
      vertex -6 14.8285 1.74157
      vertex -6 15 1.75
    endloop
  endfacet
  facet normal 0 0.969933 -0.243371
    outer loop
      vertex -2.3 13.2836 0.341408
      vertex -6 13.3254 0.507998
      vertex -2.3 13.3254 0.507998
    endloop
  endfacet
  facet normal 0 0.969933 -0.243371
    outer loop
      vertex -6 13.3254 0.507998
      vertex -2.3 13.2836 0.341408
      vertex -6 13.2836 0.341408
    endloop
  endfacet
  facet normal 0 0.989176 -0.146736
    outer loop
      vertex -2.3 13.2584 0.17153
      vertex -6 13.2836 0.341408
      vertex -2.3 13.2836 0.341408
    endloop
  endfacet
  facet normal 0 0.989176 -0.146736
    outer loop
      vertex -6 13.2836 0.341408
      vertex -2.3 13.2584 0.17153
      vertex -6 13.2584 0.17153
    endloop
  endfacet
  facet normal 0 -0.336904 -0.941539
    outer loop
      vertex -6 15.508 1.67465
      vertex -2.3 15.6697 1.61679
      vertex -2.3 15.508 1.67465
    endloop
  endfacet
  facet normal -0 -0.336904 -0.941539
    outer loop
      vertex -2.3 15.6697 1.61679
      vertex -6 15.508 1.67465
      vertex -6 15.6697 1.61679
    endloop
  endfacet
  facet normal 0 0.59552 -0.803341
    outer loop
      vertex -6 13.8898 1.35277
      vertex -2.3 14.0278 1.45507
      vertex -2.3 13.8898 1.35277
    endloop
  endfacet
  facet normal 0 0.59552 -0.803341
    outer loop
      vertex -2.3 14.0278 1.45507
      vertex -6 13.8898 1.35277
      vertex -6 14.0278 1.45507
    endloop
  endfacet
  facet normal 0 0.51411 -0.857724
    outer loop
      vertex -6 14.0278 1.45507
      vertex -2.3 14.1751 1.54336
      vertex -2.3 14.0278 1.45507
    endloop
  endfacet
  facet normal 0 0.51411 -0.857724
    outer loop
      vertex -2.3 14.1751 1.54336
      vertex -6 14.0278 1.45507
      vertex -6 14.1751 1.54336
    endloop
  endfacet
  facet normal 0 0.90405 -0.427427
    outer loop
      vertex -2.3 13.3832 0.669696
      vertex -6 13.4566 0.824944
      vertex -2.3 13.4566 0.824944
    endloop
  endfacet
  facet normal 0 0.90405 -0.427427
    outer loop
      vertex -6 13.4566 0.824944
      vertex -2.3 13.3832 0.669696
      vertex -6 13.3832 0.669696
    endloop
  endfacet
  facet normal 0 -0.998803 -0.0489124
    outer loop
      vertex -6 16.75 0
      vertex -2.3 16.7416 0.17153
      vertex -6 16.7416 0.17153
    endloop
  endfacet
  facet normal 0 -0.998803 -0.0489124
    outer loop
      vertex -2.3 16.7416 0.17153
      vertex -6 16.75 0
      vertex -2.3 16.75 0
    endloop
  endfacet
  facet normal 0 -0.857703 0.514145
    outer loop
      vertex -6 16.4551 -0.972247
      vertex -2.3 16.5434 -0.824944
      vertex -6 16.5434 -0.824944
    endloop
  endfacet
  facet normal 0 -0.857703 0.514145
    outer loop
      vertex -2.3 16.5434 -0.824944
      vertex -6 16.4551 -0.972247
      vertex -2.3 16.4551 -0.972247
    endloop
  endfacet
  facet normal 0 0.336904 -0.941539
    outer loop
      vertex -6 14.3303 1.61679
      vertex -2.3 14.492 1.67465
      vertex -2.3 14.3303 1.61679
    endloop
  endfacet
  facet normal 0 0.336904 -0.941539
    outer loop
      vertex -2.3 14.492 1.67465
      vertex -6 14.3303 1.61679
      vertex -6 14.492 1.67465
    endloop
  endfacet
  facet normal 0 -0.969933 0.243371
    outer loop
      vertex -6 16.6746 -0.507998
      vertex -2.3 16.7164 -0.341408
      vertex -6 16.7164 -0.341408
    endloop
  endfacet
  facet normal 0 -0.969933 0.243371
    outer loop
      vertex -2.3 16.7164 -0.341408
      vertex -6 16.6746 -0.507998
      vertex -2.3 16.6746 -0.507998
    endloop
  endfacet
  facet normal 0 -0.427678 -0.903931
    outer loop
      vertex -6 15.6697 1.61679
      vertex -2.3 15.8249 1.54336
      vertex -2.3 15.6697 1.61679
    endloop
  endfacet
  facet normal -0 -0.427678 -0.903931
    outer loop
      vertex -2.3 15.8249 1.54336
      vertex -6 15.6697 1.61679
      vertex -6 15.8249 1.54336
    endloop
  endfacet
  facet normal 0 -0.90405 0.427427
    outer loop
      vertex -6 16.5434 -0.824944
      vertex -2.3 16.6168 -0.669696
      vertex -6 16.6168 -0.669696
    endloop
  endfacet
  facet normal 0 -0.90405 0.427427
    outer loop
      vertex -2.3 16.6168 -0.669696
      vertex -6 16.5434 -0.824944
      vertex -2.3 16.5434 -0.824944
    endloop
  endfacet
  facet normal 0 -0.989176 -0.146736
    outer loop
      vertex -6 16.7416 0.17153
      vertex -2.3 16.7164 0.341408
      vertex -6 16.7164 0.341408
    endloop
  endfacet
  facet normal 0 -0.989176 -0.146736
    outer loop
      vertex -2.3 16.7164 0.341408
      vertex -6 16.7416 0.17153
      vertex -2.3 16.7416 0.17153
    endloop
  endfacet
  facet normal -0 0.51411 0.857724
    outer loop
      vertex -6 14.1751 -1.54336
      vertex -2.3 14.0278 -1.45507
      vertex -2.3 14.1751 -1.54336
    endloop
  endfacet
  facet normal 0 0.51411 0.857724
    outer loop
      vertex -2.3 14.0278 -1.45507
      vertex -6 14.1751 -1.54336
      vertex -6 14.0278 -1.45507
    endloop
  endfacet
  facet normal 0 -0.51411 -0.857724
    outer loop
      vertex -6 15.8249 1.54336
      vertex -2.3 15.9722 1.45507
      vertex -2.3 15.8249 1.54336
    endloop
  endfacet
  facet normal -0 -0.51411 -0.857724
    outer loop
      vertex -2.3 15.9722 1.45507
      vertex -6 15.8249 1.54336
      vertex -6 15.9722 1.45507
    endloop
  endfacet
  facet normal -0 0.671695 0.740828
    outer loop
      vertex -6 13.8898 -1.35277
      vertex -2.3 13.7626 -1.23744
      vertex -2.3 13.8898 -1.35277
    endloop
  endfacet
  facet normal 0 0.671695 0.740828
    outer loop
      vertex -2.3 13.7626 -1.23744
      vertex -6 13.8898 -1.35277
      vertex -6 13.7626 -1.23744
    endloop
  endfacet
  facet normal 0 0.90405 0.427427
    outer loop
      vertex -2.3 13.4566 -0.824944
      vertex -6 13.3832 -0.669696
      vertex -2.3 13.3832 -0.669696
    endloop
  endfacet
  facet normal 0 0.90405 0.427427
    outer loop
      vertex -6 13.3832 -0.669696
      vertex -2.3 13.4566 -0.824944
      vertex -6 13.4566 -0.824944
    endloop
  endfacet
  facet normal -0 0.336904 0.941539
    outer loop
      vertex -6 14.492 -1.67465
      vertex -2.3 14.3303 -1.61679
      vertex -2.3 14.492 -1.67465
    endloop
  endfacet
  facet normal 0 0.336904 0.941539
    outer loop
      vertex -2.3 14.3303 -1.61679
      vertex -6 14.492 -1.67465
      vertex -6 14.3303 -1.61679
    endloop
  endfacet
  facet normal 0 0.857703 0.514145
    outer loop
      vertex -2.3 13.5449 -0.972247
      vertex -6 13.4566 -0.824944
      vertex -2.3 13.4566 -0.824944
    endloop
  endfacet
  facet normal 0 0.857703 0.514145
    outer loop
      vertex -6 13.4566 -0.824944
      vertex -2.3 13.5449 -0.972247
      vertex -6 13.5449 -0.972247
    endloop
  endfacet
  facet normal 0 -0.242919 0.970047
    outer loop
      vertex -6 15.508 -1.67465
      vertex -2.3 15.3414 -1.71637
      vertex -2.3 15.508 -1.67465
    endloop
  endfacet
  facet normal 0 -0.242919 0.970047
    outer loop
      vertex -2.3 15.3414 -1.71637
      vertex -6 15.508 -1.67465
      vertex -6 15.3414 -1.71637
    endloop
  endfacet
  facet normal 0 -0.146717 0.989178
    outer loop
      vertex -6 15.3414 -1.71637
      vertex -2.3 15.1715 -1.74157
      vertex -2.3 15.3414 -1.71637
    endloop
  endfacet
  facet normal 0 -0.146717 0.989178
    outer loop
      vertex -2.3 15.1715 -1.74157
      vertex -6 15.3414 -1.71637
      vertex -6 15.1715 -1.74157
    endloop
  endfacet
  facet normal -0 0.59552 0.803341
    outer loop
      vertex -6 14.0278 -1.45507
      vertex -2.3 13.8898 -1.35277
      vertex -2.3 14.0278 -1.45507
    endloop
  endfacet
  facet normal 0 0.59552 0.803341
    outer loop
      vertex -2.3 13.8898 -1.35277
      vertex -6 14.0278 -1.45507
      vertex -6 13.8898 -1.35277
    endloop
  endfacet
  facet normal -0 0.146717 0.989178
    outer loop
      vertex -6 14.8285 -1.74157
      vertex -2.3 14.6586 -1.71637
      vertex -2.3 14.8285 -1.74157
    endloop
  endfacet
  facet normal 0 0.146717 0.989178
    outer loop
      vertex -2.3 14.6586 -1.71637
      vertex -6 14.8285 -1.74157
      vertex -6 14.6586 -1.71637
    endloop
  endfacet
  facet normal 0 0.803223 -0.595679
    outer loop
      vertex -2.3 13.5449 0.972247
      vertex -6 13.6472 1.11019
      vertex -2.3 13.6472 1.11019
    endloop
  endfacet
  facet normal 0 0.803223 -0.595679
    outer loop
      vertex -6 13.6472 1.11019
      vertex -2.3 13.5449 0.972247
      vertex -6 13.5449 0.972247
    endloop
  endfacet
  facet normal 0 0.740756 0.671774
    outer loop
      vertex -2.3 13.7626 -1.23744
      vertex -6 13.6472 -1.11019
      vertex -2.3 13.6472 -1.11019
    endloop
  endfacet
  facet normal 0 0.740756 0.671774
    outer loop
      vertex -6 13.6472 -1.11019
      vertex -2.3 13.7626 -1.23744
      vertex -6 13.7626 -1.23744
    endloop
  endfacet
  facet normal 0 -0.59552 0.803341
    outer loop
      vertex -6 16.1102 -1.35277
      vertex -2.3 15.9722 -1.45507
      vertex -2.3 16.1102 -1.35277
    endloop
  endfacet
  facet normal 0 -0.59552 0.803341
    outer loop
      vertex -2.3 15.9722 -1.45507
      vertex -6 16.1102 -1.35277
      vertex -6 15.9722 -1.45507
    endloop
  endfacet
  facet normal 0 -0.51411 0.857724
    outer loop
      vertex -6 15.9722 -1.45507
      vertex -2.3 15.8249 -1.54336
      vertex -2.3 15.9722 -1.45507
    endloop
  endfacet
  facet normal 0 -0.51411 0.857724
    outer loop
      vertex -2.3 15.8249 -1.54336
      vertex -6 15.9722 -1.45507
      vertex -6 15.8249 -1.54336
    endloop
  endfacet
  facet normal 0 0.998803 0.0489124
    outer loop
      vertex -2.3 13.2584 -0.17153
      vertex -6 13.25 0
      vertex -2.3 13.25 0
    endloop
  endfacet
  facet normal 0 0.998803 0.0489124
    outer loop
      vertex -6 13.25 0
      vertex -2.3 13.2584 -0.17153
      vertex -6 13.2584 -0.17153
    endloop
  endfacet
  facet normal 0 -0.0490952 0.998794
    outer loop
      vertex -6 15.1715 -1.74157
      vertex -2.3 15 -1.75
      vertex -2.3 15.1715 -1.74157
    endloop
  endfacet
  facet normal 0 -0.0490952 0.998794
    outer loop
      vertex -2.3 15 -1.75
      vertex -6 15.1715 -1.74157
      vertex -6 15 -1.75
    endloop
  endfacet
  facet normal 0 -0.941648 -0.336598
    outer loop
      vertex -6 16.6746 0.507998
      vertex -2.3 16.6168 0.669696
      vertex -6 16.6168 0.669696
    endloop
  endfacet
  facet normal 0 -0.941648 -0.336598
    outer loop
      vertex -2.3 16.6168 0.669696
      vertex -6 16.6746 0.507998
      vertex -2.3 16.6746 0.507998
    endloop
  endfacet
  facet normal 0 0.671695 -0.740828
    outer loop
      vertex -6 13.7626 1.23744
      vertex -2.3 13.8898 1.35277
      vertex -2.3 13.7626 1.23744
    endloop
  endfacet
  facet normal 0 0.671695 -0.740828
    outer loop
      vertex -2.3 13.8898 1.35277
      vertex -6 13.7626 1.23744
      vertex -6 13.8898 1.35277
    endloop
  endfacet
  facet normal 0.446783 -0.0438897 -0.893565
    outer loop
      vertex 0 15.2323 2.88859
      vertex 0 15 2.9
      vertex -2.3 15 1.75
    endloop
  endfacet
  facet normal 0.446767 0.808801 0.382414
    outer loop
      vertex -2.3 13.3832 -0.669696
      vertex 0 12.3208 -1.10978
      vertex 0 12.4202 -1.32001
    endloop
  endfacet
  facet normal 0.446787 -0.382134 0.808922
    outer loop
      vertex -2.3 15.8249 -1.54336
      vertex 0 16.32 -2.57982
      vertex 0 16.3671 -2.55757
    endloop
  endfacet
  facet normal 0.446788 -0.382618 0.808693
    outer loop
      vertex 0 16.32 -2.57982
      vertex -2.3 15.8249 -1.54336
      vertex -2.3 15.6697 -1.61679
    endloop
  endfacet
  facet normal 0.446774 -0.867748 0.217731
    outer loop
      vertex -2.3 16.6746 -0.507998
      vertex 0 17.8443 -0.565761
      vertex -2.3 16.7164 -0.341408
    endloop
  endfacet
  facet normal 0.44673 -0.867634 0.218275
    outer loop
      vertex 0 17.8443 -0.565761
      vertex -2.3 16.6746 -0.507998
      vertex 0 17.8316 -0.616243
    endloop
  endfacet
  facet normal 0.446772 -0.53293 0.718596
    outer loop
      vertex -2.3 16.1102 -1.35277
      vertex 0 16.7979 -2.27273
      vertex 0 16.8397 -2.24173
    endloop
  endfacet
  facet normal 0.446772 -0.532781 0.718707
    outer loop
      vertex 0 16.7979 -2.27273
      vertex -2.3 16.1102 -1.35277
      vertex -2.3 15.9722 -1.45507
    endloop
  endfacet
  facet normal 0.446783 -0.301358 0.842359
    outer loop
      vertex -2.3 15.6697 -1.61679
      vertex 0 16.0608 -2.69678
      vertex 0 16.1098 -2.67925
    endloop
  endfacet
  facet normal 0.446783 -0.301409 0.842341
    outer loop
      vertex 0 16.0608 -2.69678
      vertex -2.3 15.6697 -1.61679
      vertex -2.3 15.508 -1.67465
    endloop
  endfacet
  facet normal 0.446784 0.842438 0.301135
    outer loop
      vertex 0 12.3032 -1.06078
      vertex -2.3 13.3832 -0.669696
      vertex -2.3 13.3254 -0.507998
    endloop
  endfacet
  facet normal 0.446785 0.841975 0.302424
    outer loop
      vertex -2.3 13.3832 -0.669696
      vertex 0 12.3032 -1.06078
      vertex 0 12.3208 -1.10978
    endloop
  endfacet
  facet normal 0.44678 -0.718461 -0.533105
    outer loop
      vertex 0 17.4113 1.61115
      vertex 0 17.2727 1.79794
      vertex -2.3 16.4551 0.972247
    endloop
  endfacet
  facet normal 0.446781 -0.767449 -0.459792
    outer loop
      vertex 0 17.5308 1.41169
      vertex 0 17.4113 1.61115
      vertex -2.3 16.4551 0.972247
    endloop
  endfacet
  facet normal 0.446788 -0.808643 -0.382723
    outer loop
      vertex 0 17.6793 1.10978
      vertex 0 17.5798 1.32001
      vertex -2.3 16.6168 0.669696
    endloop
  endfacet
  facet normal 0.446788 -0.808643 0.382723
    outer loop
      vertex 0 17.6793 -1.10978
      vertex -2.3 16.6168 -0.669696
      vertex 0 17.5798 -1.32001
    endloop
  endfacet
  facet normal 0.446783 0.382549 -0.808728
    outer loop
      vertex 0 13.8902 2.67925
      vertex 0 13.68 2.57982
      vertex -2.3 14.3303 1.61679
    endloop
  endfacet
  facet normal 0.44678 0.718461 -0.533105
    outer loop
      vertex 0 12.7273 1.79794
      vertex 0 12.5887 1.61115
      vertex -2.3 13.5449 0.972247
    endloop
  endfacet
  facet normal 0.446772 0.53293 -0.718596
    outer loop
      vertex -2.3 13.8898 1.35277
      vertex 0 13.2021 2.27273
      vertex 0 13.1603 2.24173
    endloop
  endfacet
  facet normal 0.446772 0.532781 -0.718707
    outer loop
      vertex 0 13.2021 2.27273
      vertex -2.3 13.8898 1.35277
      vertex -2.3 14.0278 1.45507
    endloop
  endfacet
  facet normal 0.446801 0.662441 -0.601282
    outer loop
      vertex 0 12.9144 2.01205
      vertex -2.3 13.7626 1.23744
      vertex 0 12.9494 2.05061
    endloop
  endfacet
  facet normal 0.4468 0.662705 -0.600992
    outer loop
      vertex -2.3 13.7626 1.23744
      vertex 0 12.9144 2.01205
      vertex -2.3 13.6472 1.11019
    endloop
  endfacet
  facet normal 0.446783 0.0438897 -0.893565
    outer loop
      vertex 0 15 2.9
      vertex 0 14.7677 2.88859
      vertex -2.3 15 1.75
    endloop
  endfacet
  facet normal 0.446779 -0.893527 -0.0446944
    outer loop
      vertex -2.3 16.7416 0.17153
      vertex 0 17.8886 0.23227
      vertex 0 17.886 0.284249
    endloop
  endfacet
  facet normal 0.446777 -0.893574 -0.0437593
    outer loop
      vertex 0 17.8886 0.23227
      vertex -2.3 16.7416 0.17153
      vertex -2.3 16.75 0
    endloop
  endfacet
  facet normal 0.446777 -0.460165 0.767228
    outer loop
      vertex -2.3 15.9722 -1.45507
      vertex 0 16.3671 -2.55757
      vertex 0 16.4117 -2.53082
    endloop
  endfacet
  facet normal 0.446797 -0.459941 0.76735
    outer loop
      vertex 0 16.3671 -2.55757
      vertex -2.3 15.9722 -1.45507
      vertex -2.3 15.8249 -1.54336
    endloop
  endfacet
  facet normal 0.446766 -0.718598 -0.532932
    outer loop
      vertex -2.3 16.3528 1.11019
      vertex 0 17.2727 1.79794
      vertex 0 17.2417 1.83974
    endloop
  endfacet
  facet normal 0.446766 -0.718604 -0.532924
    outer loop
      vertex 0 17.2727 1.79794
      vertex -2.3 16.3528 1.11019
      vertex -2.3 16.4551 0.972247
    endloop
  endfacet
  facet normal 0.446771 0.600823 -0.662879
    outer loop
      vertex 0 13.1603 2.24173
      vertex 0 12.988 2.08556
      vertex -2.3 13.8898 1.35277
    endloop
  endfacet
  facet normal 0.446771 0.600823 0.662879
    outer loop
      vertex -2.3 13.8898 -1.35277
      vertex 0 12.988 -2.08556
      vertex 0 13.1603 -2.24173
    endloop
  endfacet
  facet normal 0.446779 0.893527 -0.0446944
    outer loop
      vertex 0 12.1114 0.23227
      vertex -2.3 13.2584 0.17153
      vertex 0 12.114 0.284249
    endloop
  endfacet
  facet normal 0.446777 0.893574 -0.0437593
    outer loop
      vertex -2.3 13.2584 0.17153
      vertex 0 12.1114 0.23227
      vertex -2.3 13.25 0
    endloop
  endfacet
  facet normal 0.446796 0.533092 0.718461
    outer loop
      vertex -2.3 14.0278 -1.45507
      vertex 0 13.2021 -2.27273
      vertex 0 13.3888 -2.41126
    endloop
  endfacet
  facet normal 0.44678 0.718461 0.533105
    outer loop
      vertex -2.3 13.5449 -0.972247
      vertex 0 12.5887 -1.61115
      vertex 0 12.7273 -1.79794
    endloop
  endfacet
  facet normal 0.446797 0.45989 -0.767381
    outer loop
      vertex 0 13.5883 2.53082
      vertex 0 13.3888 2.41126
      vertex -2.3 14.0278 1.45507
    endloop
  endfacet
  facet normal 0.446783 -0.382549 0.808728
    outer loop
      vertex 0 16.32 -2.57982
      vertex -2.3 15.6697 -1.61679
      vertex 0 16.1098 -2.67925
    endloop
  endfacet
  facet normal 0.446781 0.767449 0.459792
    outer loop
      vertex -2.3 13.5449 -0.972247
      vertex 0 12.4692 -1.41169
      vertex 0 12.5887 -1.61115
    endloop
  endfacet
  facet normal 0.446784 -0.842438 0.301135
    outer loop
      vertex -2.3 16.6168 -0.669696
      vertex 0 17.6968 -1.06078
      vertex -2.3 16.6746 -0.507998
    endloop
  endfacet
  facet normal 0.446783 -0.842522 0.300901
    outer loop
      vertex 0 17.6968 -1.06078
      vertex -2.3 16.6168 -0.669696
      vertex 0 17.6793 -1.10978
    endloop
  endfacet
  facet normal 0.446788 -0.867834 -0.21736
    outer loop
      vertex 0 17.8316 0.616243
      vertex 0 17.7751 0.841825
      vertex -2.3 16.6746 0.507998
    endloop
  endfacet
  facet normal 0.446772 -0.66303 0.600655
    outer loop
      vertex 0 17.2417 -1.83974
      vertex -2.3 16.3528 -1.11019
      vertex 0 17.0856 -2.01205
    endloop
  endfacet
  facet normal 0.446786 0.131226 0.884965
    outer loop
      vertex -2.3 14.6586 -1.71637
      vertex 0 14.4342 -2.84428
      vertex 0 14.6643 -2.8784
    endloop
  endfacet
  facet normal 0.446797 -0.45989 -0.767381
    outer loop
      vertex 0 16.6112 2.41126
      vertex 0 16.4117 2.53082
      vertex -2.3 15.9722 1.45507
    endloop
  endfacet
  facet normal 0.446772 -0.66303 -0.600655
    outer loop
      vertex 0 17.2417 1.83974
      vertex 0 17.0856 2.01205
      vertex -2.3 16.3528 1.11019
    endloop
  endfacet
  facet normal 0.446771 -0.600823 0.662879
    outer loop
      vertex 0 17.012 -2.08556
      vertex -2.3 16.1102 -1.35277
      vertex 0 16.8397 -2.24173
    endloop
  endfacet
  facet normal 0.446783 -0.0438897 0.893565
    outer loop
      vertex 0 15.2323 -2.88859
      vertex -2.3 15 -1.75
      vertex 0 15 -2.9
    endloop
  endfacet
  facet normal 0.446783 -0.893567 -0.043857
    outer loop
      vertex 0 17.9 0
      vertex 0 17.8886 0.23227
      vertex -2.3 16.75 0
    endloop
  endfacet
  facet normal 0.446771 -0.600823 -0.662879
    outer loop
      vertex 0 17.012 2.08556
      vertex 0 16.8397 2.24173
      vertex -2.3 16.1102 1.35277
    endloop
  endfacet
  facet normal 0.44673 0.867634 -0.218275
    outer loop
      vertex 0 12.1557 0.565761
      vertex -2.3 13.3254 0.507998
      vertex 0 12.1684 0.616243
    endloop
  endfacet
  facet normal 0.446774 0.867748 -0.217731
    outer loop
      vertex -2.3 13.3254 0.507998
      vertex 0 12.1557 0.565761
      vertex -2.3 13.2836 0.341408
    endloop
  endfacet
  facet normal 0.446783 -0.382549 -0.808728
    outer loop
      vertex 0 16.32 2.57982
      vertex 0 16.1098 2.67925
      vertex -2.3 15.6697 1.61679
    endloop
  endfacet
  facet normal 0.446751 0.217797 -0.867743
    outer loop
      vertex -2.3 14.492 1.67465
      vertex 0 14.4342 2.84428
      vertex 0 14.3838 2.83163
    endloop
  endfacet
  facet normal 0.446789 0.217325 -0.867842
    outer loop
      vertex 0 14.4342 2.84428
      vertex -2.3 14.492 1.67465
      vertex -2.3 14.6586 1.71637
    endloop
  endfacet
  facet normal 0.446797 -0.459941 -0.76735
    outer loop
      vertex -2.3 15.9722 1.45507
      vertex 0 16.3671 2.55757
      vertex -2.3 15.8249 1.54336
    endloop
  endfacet
  facet normal 0.446777 -0.460165 -0.767228
    outer loop
      vertex 0 16.3671 2.55757
      vertex -2.3 15.9722 1.45507
      vertex 0 16.4117 2.53082
    endloop
  endfacet
  facet normal 0.446783 -0.301409 -0.842341
    outer loop
      vertex -2.3 15.6697 1.61679
      vertex 0 16.0608 2.69678
      vertex -2.3 15.508 1.67465
    endloop
  endfacet
  facet normal 0.446783 -0.301358 -0.842359
    outer loop
      vertex 0 16.0608 2.69678
      vertex -2.3 15.6697 1.61679
      vertex 0 16.1098 2.67925
    endloop
  endfacet
  facet normal 0.446812 0.885035 0.130663
    outer loop
      vertex -2.3 13.2836 -0.341408
      vertex 0 12.114 -0.284249
      vertex 0 12.1216 -0.335727
    endloop
  endfacet
  facet normal 0.446763 0.884968 0.131278
    outer loop
      vertex 0 12.114 -0.284249
      vertex -2.3 13.2836 -0.341408
      vertex -2.3 13.2584 -0.17153
    endloop
  endfacet
  facet normal 0.446785 -0.0439034 0.893564
    outer loop
      vertex -2.3 15.1715 -1.74157
      vertex 0 15.2323 -2.88859
      vertex 0 15.2842 -2.88604
    endloop
  endfacet
  facet normal 0.446785 -0.0439226 0.893563
    outer loop
      vertex 0 15.2323 -2.88859
      vertex -2.3 15.1715 -1.74157
      vertex -2.3 15 -1.75
    endloop
  endfacet
  facet normal 0.446783 -0.842522 -0.300901
    outer loop
      vertex -2.3 16.6168 0.669696
      vertex 0 17.6968 1.06078
      vertex 0 17.6793 1.10978
    endloop
  endfacet
  facet normal 0.446784 -0.842438 -0.301135
    outer loop
      vertex 0 17.6968 1.06078
      vertex -2.3 16.6168 0.669696
      vertex -2.3 16.6746 0.507998
    endloop
  endfacet
  facet normal 0.446783 -0.893567 0.043857
    outer loop
      vertex 0 17.9 0
      vertex -2.3 16.75 0
      vertex 0 17.8886 -0.23227
    endloop
  endfacet
  facet normal 0.446797 -0.45989 0.767381
    outer loop
      vertex 0 16.6112 -2.41126
      vertex -2.3 15.9722 -1.45507
      vertex 0 16.4117 -2.53082
    endloop
  endfacet
  facet normal 0.446796 -0.533092 0.718461
    outer loop
      vertex 0 16.7979 -2.27273
      vertex -2.3 15.9722 -1.45507
      vertex 0 16.6112 -2.41126
    endloop
  endfacet
  facet normal 0.44678 0.301364 0.842358
    outer loop
      vertex -2.3 14.492 -1.67465
      vertex 0 13.9392 -2.69678
      vertex 0 14.1582 -2.77513
    endloop
  endfacet
  facet normal 0.446796 -0.533092 -0.718461
    outer loop
      vertex 0 16.7979 2.27273
      vertex 0 16.6112 2.41126
      vertex -2.3 15.9722 1.45507
    endloop
  endfacet
  facet normal 0.446786 -0.131226 0.884965
    outer loop
      vertex 0 15.5658 -2.84428
      vertex -2.3 15.3414 -1.71637
      vertex 0 15.3357 -2.8784
    endloop
  endfacet
  facet normal 0.446751 -0.217797 0.867743
    outer loop
      vertex -2.3 15.508 -1.67465
      vertex 0 15.5658 -2.84428
      vertex 0 15.6162 -2.83163
    endloop
  endfacet
  facet normal 0.446789 -0.217325 0.867842
    outer loop
      vertex 0 15.5658 -2.84428
      vertex -2.3 15.508 -1.67465
      vertex -2.3 15.3414 -1.71637
    endloop
  endfacet
  facet normal 0.44678 0.884973 0.131188
    outer loop
      vertex -2.3 13.2836 -0.341408
      vertex 0 12.1216 -0.335727
      vertex 0 12.1557 -0.565761
    endloop
  endfacet
  facet normal 0.446791 -0.842394 -0.301247
    outer loop
      vertex 0 17.7751 0.841825
      vertex 0 17.6968 1.06078
      vertex -2.3 16.6746 0.507998
    endloop
  endfacet
  facet normal 0.446767 0.808801 -0.382414
    outer loop
      vertex 0 12.4202 1.32001
      vertex 0 12.3208 1.10978
      vertex -2.3 13.3832 0.669696
    endloop
  endfacet
  facet normal 0.44678 -0.600928 -0.662777
    outer loop
      vertex -2.3 16.2374 1.23744
      vertex 0 17.012 2.08556
      vertex -2.3 16.1102 1.35277
    endloop
  endfacet
  facet normal 0.446779 -0.600476 -0.663187
    outer loop
      vertex 0 17.012 2.08556
      vertex -2.3 16.2374 1.23744
      vertex 0 17.0506 2.05061
    endloop
  endfacet
  facet normal 0.446789 -0.217325 -0.867842
    outer loop
      vertex -2.3 15.508 1.67465
      vertex 0 15.5658 2.84428
      vertex -2.3 15.3414 1.71637
    endloop
  endfacet
  facet normal 0.446751 -0.217797 -0.867743
    outer loop
      vertex 0 15.5658 2.84428
      vertex -2.3 15.508 1.67465
      vertex 0 15.6162 2.83163
    endloop
  endfacet
  facet normal 0.446779 -0.217345 0.867842
    outer loop
      vertex 0 15.8418 -2.77513
      vertex -2.3 15.508 -1.67465
      vertex 0 15.6162 -2.83163
    endloop
  endfacet
  facet normal 0.446791 -0.842394 0.301247
    outer loop
      vertex 0 17.7751 -0.841825
      vertex -2.3 16.6746 -0.507998
      vertex 0 17.6968 -1.06078
    endloop
  endfacet
  facet normal 0.446779 -0.600476 0.663187
    outer loop
      vertex -2.3 16.2374 -1.23744
      vertex 0 17.012 -2.08556
      vertex 0 17.0506 -2.05061
    endloop
  endfacet
  facet normal 0.44678 -0.600928 0.662777
    outer loop
      vertex 0 17.012 -2.08556
      vertex -2.3 16.2374 -1.23744
      vertex -2.3 16.1102 -1.35277
    endloop
  endfacet
  facet normal 0.446772 0.66303 -0.600655
    outer loop
      vertex 0 12.9144 2.01205
      vertex 0 12.7583 1.83974
      vertex -2.3 13.6472 1.11019
    endloop
  endfacet
  facet normal 0.446731 0.76705 -0.460505
    outer loop
      vertex 0 12.4424 1.36705
      vertex -2.3 13.5449 0.972247
      vertex 0 12.4692 1.41169
    endloop
  endfacet
  facet normal 0.446779 0.767339 -0.459977
    outer loop
      vertex -2.3 13.5449 0.972247
      vertex 0 12.4424 1.36705
      vertex -2.3 13.4566 0.824944
    endloop
  endfacet
  facet normal 0.446788 0.382618 0.808693
    outer loop
      vertex -2.3 14.1751 -1.54336
      vertex 0 13.68 -2.57982
      vertex -2.3 14.3303 -1.61679
    endloop
  endfacet
  facet normal 0.446787 0.382134 0.808922
    outer loop
      vertex 0 13.68 -2.57982
      vertex -2.3 14.1751 -1.54336
      vertex 0 13.6329 -2.55757
    endloop
  endfacet
  facet normal 0.446772 -0.532781 -0.718707
    outer loop
      vertex -2.3 16.1102 1.35277
      vertex 0 16.7979 2.27273
      vertex -2.3 15.9722 1.45507
    endloop
  endfacet
  facet normal 0.446772 -0.53293 -0.718596
    outer loop
      vertex 0 16.7979 2.27273
      vertex -2.3 16.1102 1.35277
      vertex 0 16.8397 2.24173
    endloop
  endfacet
  facet normal 0.44678 0.301364 -0.842358
    outer loop
      vertex 0 14.1582 2.77513
      vertex 0 13.9392 2.69678
      vertex -2.3 14.492 1.67465
    endloop
  endfacet
  facet normal 0.446779 0.217345 -0.867842
    outer loop
      vertex 0 14.3838 2.83163
      vertex 0 14.1582 2.77513
      vertex -2.3 14.492 1.67465
    endloop
  endfacet
  facet normal 0.446779 -0.767339 0.459977
    outer loop
      vertex -2.3 16.4551 -0.972247
      vertex 0 17.5576 -1.36705
      vertex -2.3 16.5434 -0.824944
    endloop
  endfacet
  facet normal 0.446731 -0.76705 0.460505
    outer loop
      vertex 0 17.5576 -1.36705
      vertex -2.3 16.4551 -0.972247
      vertex 0 17.5308 -1.41169
    endloop
  endfacet
  facet normal 0.446784 -0.13126 -0.88496
    outer loop
      vertex -2.3 15.3414 1.71637
      vertex 0 15.2842 2.88604
      vertex -2.3 15.1715 1.74157
    endloop
  endfacet
  facet normal 0.446782 -0.131283 -0.884958
    outer loop
      vertex 0 15.2842 2.88604
      vertex -2.3 15.3414 1.71637
      vertex 0 15.3357 2.8784
    endloop
  endfacet
  facet normal 0.44678 -0.301364 -0.842358
    outer loop
      vertex 0 16.0608 2.69678
      vertex 0 15.8418 2.77513
      vertex -2.3 15.508 1.67465
    endloop
  endfacet
  facet normal 0.446783 0.301409 0.842341
    outer loop
      vertex -2.3 14.3303 -1.61679
      vertex 0 13.9392 -2.69678
      vertex -2.3 14.492 -1.67465
    endloop
  endfacet
  facet normal 0.446783 0.301358 0.842359
    outer loop
      vertex 0 13.9392 -2.69678
      vertex -2.3 14.3303 -1.61679
      vertex 0 13.8902 -2.67925
    endloop
  endfacet
  facet normal 0.44678 -0.301364 0.842358
    outer loop
      vertex 0 16.0608 -2.69678
      vertex -2.3 15.508 -1.67465
      vertex 0 15.8418 -2.77513
    endloop
  endfacet
  facet normal 0.446783 0.301358 -0.842359
    outer loop
      vertex -2.3 14.3303 1.61679
      vertex 0 13.9392 2.69678
      vertex 0 13.8902 2.67925
    endloop
  endfacet
  facet normal 0.446783 0.301409 -0.842341
    outer loop
      vertex 0 13.9392 2.69678
      vertex -2.3 14.3303 1.61679
      vertex -2.3 14.492 1.67465
    endloop
  endfacet
  facet normal 0.446783 0.893567 -0.043857
    outer loop
      vertex -2.3 13.25 0
      vertex 0 12.1114 0.23227
      vertex 0 12.1 0
    endloop
  endfacet
  facet normal 0.446783 0.382549 0.808728
    outer loop
      vertex -2.3 14.3303 -1.61679
      vertex 0 13.68 -2.57982
      vertex 0 13.8902 -2.67925
    endloop
  endfacet
  facet normal 0.446783 0.0438897 0.893565
    outer loop
      vertex -2.3 15 -1.75
      vertex 0 14.7677 -2.88859
      vertex 0 15 -2.9
    endloop
  endfacet
  facet normal 0.446786 0.131226 -0.884965
    outer loop
      vertex 0 14.6643 2.8784
      vertex 0 14.4342 2.84428
      vertex -2.3 14.6586 1.71637
    endloop
  endfacet
  facet normal 0.446788 -0.867834 0.21736
    outer loop
      vertex 0 17.8316 -0.616243
      vertex -2.3 16.6746 -0.507998
      vertex 0 17.7751 -0.841825
    endloop
  endfacet
  facet normal 0.446765 -0.809076 -0.381834
    outer loop
      vertex -2.3 16.5434 0.824944
      vertex 0 17.5798 1.32001
      vertex 0 17.5576 1.36705
    endloop
  endfacet
  facet normal 0.446766 -0.808809 -0.382398
    outer loop
      vertex 0 17.5798 1.32001
      vertex -2.3 16.5434 0.824944
      vertex -2.3 16.6168 0.669696
    endloop
  endfacet
  facet normal 0.446766 -0.808809 0.382398
    outer loop
      vertex -2.3 16.5434 -0.824944
      vertex 0 17.5798 -1.32001
      vertex -2.3 16.6168 -0.669696
    endloop
  endfacet
  facet normal 0.446765 -0.809076 0.381834
    outer loop
      vertex 0 17.5798 -1.32001
      vertex -2.3 16.5434 -0.824944
      vertex 0 17.5576 -1.36705
    endloop
  endfacet
  facet normal 0.446784 0.13126 0.88496
    outer loop
      vertex -2.3 14.6586 -1.71637
      vertex 0 14.7158 -2.88604
      vertex -2.3 14.8285 -1.74157
    endloop
  endfacet
  facet normal 0.446782 0.131283 0.884958
    outer loop
      vertex 0 14.7158 -2.88604
      vertex -2.3 14.6586 -1.71637
      vertex 0 14.6643 -2.8784
    endloop
  endfacet
  facet normal 0.446783 0.893567 0.043857
    outer loop
      vertex -2.3 13.25 0
      vertex 0 12.1 0
      vertex 0 12.1114 -0.23227
    endloop
  endfacet
  facet normal 0.44678 -0.718461 0.533105
    outer loop
      vertex 0 17.4113 -1.61115
      vertex -2.3 16.4551 -0.972247
      vertex 0 17.2727 -1.79794
    endloop
  endfacet
  facet normal 0.446801 -0.662441 -0.601282
    outer loop
      vertex -2.3 16.2374 1.23744
      vertex 0 17.0856 2.01205
      vertex 0 17.0506 2.05061
    endloop
  endfacet
  facet normal 0.4468 -0.662705 -0.600992
    outer loop
      vertex 0 17.0856 2.01205
      vertex -2.3 16.2374 1.23744
      vertex -2.3 16.3528 1.11019
    endloop
  endfacet
  facet normal 0.44673 -0.867634 -0.218275
    outer loop
      vertex -2.3 16.6746 0.507998
      vertex 0 17.8443 0.565761
      vertex 0 17.8316 0.616243
    endloop
  endfacet
  facet normal 0.446774 -0.867748 -0.217731
    outer loop
      vertex 0 17.8443 0.565761
      vertex -2.3 16.6746 0.507998
      vertex -2.3 16.7164 0.341408
    endloop
  endfacet
  facet normal 0.446781 -0.767449 0.459792
    outer loop
      vertex 0 17.5308 -1.41169
      vertex -2.3 16.4551 -0.972247
      vertex 0 17.4113 -1.61115
    endloop
  endfacet
  facet normal 0.446779 0.600476 -0.663187
    outer loop
      vertex -2.3 13.7626 1.23744
      vertex 0 12.988 2.08556
      vertex 0 12.9494 2.05061
    endloop
  endfacet
  facet normal 0.44678 0.600928 -0.662777
    outer loop
      vertex 0 12.988 2.08556
      vertex -2.3 13.7626 1.23744
      vertex -2.3 13.8898 1.35277
    endloop
  endfacet
  facet normal 0.4468 -0.662705 0.600992
    outer loop
      vertex -2.3 16.2374 -1.23744
      vertex 0 17.0856 -2.01205
      vertex -2.3 16.3528 -1.11019
    endloop
  endfacet
  facet normal 0.446801 -0.662441 0.601282
    outer loop
      vertex 0 17.0856 -2.01205
      vertex -2.3 16.2374 -1.23744
      vertex 0 17.0506 -2.05061
    endloop
  endfacet
  facet normal 0.446766 -0.718604 0.532924
    outer loop
      vertex -2.3 16.3528 -1.11019
      vertex 0 17.2727 -1.79794
      vertex -2.3 16.4551 -0.972247
    endloop
  endfacet
  facet normal 0.446766 -0.718598 0.532932
    outer loop
      vertex 0 17.2727 -1.79794
      vertex -2.3 16.3528 -1.11019
      vertex 0 17.2417 -1.83974
    endloop
  endfacet
  facet normal 0.446785 0.0439226 0.893563
    outer loop
      vertex -2.3 14.8285 -1.74157
      vertex 0 14.7677 -2.88859
      vertex -2.3 15 -1.75
    endloop
  endfacet
  facet normal 0.446785 0.0439034 0.893564
    outer loop
      vertex 0 14.7677 -2.88859
      vertex -2.3 14.8285 -1.74157
      vertex 0 14.7158 -2.88604
    endloop
  endfacet
  facet normal 0.446779 0.217345 0.867842
    outer loop
      vertex -2.3 14.492 -1.67465
      vertex 0 14.1582 -2.77513
      vertex 0 14.3838 -2.83163
    endloop
  endfacet
  facet normal 0.446782 -0.131283 0.884958
    outer loop
      vertex -2.3 15.3414 -1.71637
      vertex 0 15.2842 -2.88604
      vertex 0 15.3357 -2.8784
    endloop
  endfacet
  facet normal 0.446784 -0.13126 0.88496
    outer loop
      vertex 0 15.2842 -2.88604
      vertex -2.3 15.3414 -1.71637
      vertex -2.3 15.1715 -1.74157
    endloop
  endfacet
  facet normal 0.44678 -0.884973 -0.131188
    outer loop
      vertex 0 17.8443 0.565761
      vertex -2.3 16.7164 0.341408
      vertex 0 17.8784 0.335727
    endloop
  endfacet
  facet normal 0.446779 0.767339 0.459977
    outer loop
      vertex 0 12.4424 -1.36705
      vertex -2.3 13.5449 -0.972247
      vertex -2.3 13.4566 -0.824944
    endloop
  endfacet
  facet normal 0.446731 0.76705 0.460505
    outer loop
      vertex -2.3 13.5449 -0.972247
      vertex 0 12.4424 -1.36705
      vertex 0 12.4692 -1.41169
    endloop
  endfacet
  facet normal 0.446731 -0.76705 -0.460505
    outer loop
      vertex -2.3 16.4551 0.972247
      vertex 0 17.5576 1.36705
      vertex 0 17.5308 1.41169
    endloop
  endfacet
  facet normal 0.446779 -0.767339 -0.459977
    outer loop
      vertex 0 17.5576 1.36705
      vertex -2.3 16.4551 0.972247
      vertex -2.3 16.5434 0.824944
    endloop
  endfacet
  facet normal 0.44678 -0.884973 0.131188
    outer loop
      vertex 0 17.8784 -0.335727
      vertex -2.3 16.7164 -0.341408
      vertex 0 17.8443 -0.565761
    endloop
  endfacet
  facet normal 0.44678 0.600928 0.662777
    outer loop
      vertex -2.3 13.7626 -1.23744
      vertex 0 12.988 -2.08556
      vertex -2.3 13.8898 -1.35277
    endloop
  endfacet
  facet normal 0.446779 0.600476 0.663187
    outer loop
      vertex 0 12.988 -2.08556
      vertex -2.3 13.7626 -1.23744
      vertex 0 12.9494 -2.05061
    endloop
  endfacet
  facet normal 0.446788 -0.382618 -0.808693
    outer loop
      vertex -2.3 15.8249 1.54336
      vertex 0 16.32 2.57982
      vertex -2.3 15.6697 1.61679
    endloop
  endfacet
  facet normal 0.446787 -0.382134 -0.808922
    outer loop
      vertex 0 16.32 2.57982
      vertex -2.3 15.8249 1.54336
      vertex 0 16.3671 2.55757
    endloop
  endfacet
  facet normal 0.446766 0.718604 0.532924
    outer loop
      vertex 0 12.7273 -1.79794
      vertex -2.3 13.6472 -1.11019
      vertex -2.3 13.5449 -0.972247
    endloop
  endfacet
  facet normal 0.446766 0.718598 0.532932
    outer loop
      vertex -2.3 13.6472 -1.11019
      vertex 0 12.7273 -1.79794
      vertex 0 12.7583 -1.83974
    endloop
  endfacet
  facet normal 0.446796 0.533092 -0.718461
    outer loop
      vertex 0 13.3888 2.41126
      vertex 0 13.2021 2.27273
      vertex -2.3 14.0278 1.45507
    endloop
  endfacet
  facet normal 0.446779 -0.217345 -0.867842
    outer loop
      vertex 0 15.8418 2.77513
      vertex 0 15.6162 2.83163
      vertex -2.3 15.508 1.67465
    endloop
  endfacet
  facet normal 0.446786 -0.131226 -0.884965
    outer loop
      vertex 0 15.5658 2.84428
      vertex 0 15.3357 2.8784
      vertex -2.3 15.3414 1.71637
    endloop
  endfacet
  facet normal 0.446774 0.867748 0.217731
    outer loop
      vertex 0 12.1557 -0.565761
      vertex -2.3 13.3254 -0.507998
      vertex -2.3 13.2836 -0.341408
    endloop
  endfacet
  facet normal 0.44673 0.867634 0.218275
    outer loop
      vertex -2.3 13.3254 -0.507998
      vertex 0 12.1557 -0.565761
      vertex 0 12.1684 -0.616243
    endloop
  endfacet
  facet normal 0.446788 0.867834 -0.21736
    outer loop
      vertex 0 12.2249 0.841825
      vertex 0 12.1684 0.616243
      vertex -2.3 13.3254 0.507998
    endloop
  endfacet
  facet normal 0.446766 0.718598 -0.532932
    outer loop
      vertex 0 12.7273 1.79794
      vertex -2.3 13.6472 1.11019
      vertex 0 12.7583 1.83974
    endloop
  endfacet
  facet normal 0.446766 0.718604 -0.532924
    outer loop
      vertex -2.3 13.6472 1.11019
      vertex 0 12.7273 1.79794
      vertex -2.3 13.5449 0.972247
    endloop
  endfacet
  facet normal 0.446785 -0.0439226 -0.893563
    outer loop
      vertex -2.3 15.1715 1.74157
      vertex 0 15.2323 2.88859
      vertex -2.3 15 1.75
    endloop
  endfacet
  facet normal 0.446785 -0.0439034 -0.893564
    outer loop
      vertex 0 15.2323 2.88859
      vertex -2.3 15.1715 1.74157
      vertex 0 15.2842 2.88604
    endloop
  endfacet
  facet normal 0.446766 0.808809 0.382398
    outer loop
      vertex 0 12.4202 -1.32001
      vertex -2.3 13.4566 -0.824944
      vertex -2.3 13.3832 -0.669696
    endloop
  endfacet
  facet normal 0.446765 0.809076 0.381834
    outer loop
      vertex -2.3 13.4566 -0.824944
      vertex 0 12.4202 -1.32001
      vertex 0 12.4424 -1.36705
    endloop
  endfacet
  facet normal 0.446782 0.131283 -0.884958
    outer loop
      vertex -2.3 14.6586 1.71637
      vertex 0 14.7158 2.88604
      vertex 0 14.6643 2.8784
    endloop
  endfacet
  facet normal 0.446784 0.13126 -0.88496
    outer loop
      vertex 0 14.7158 2.88604
      vertex -2.3 14.6586 1.71637
      vertex -2.3 14.8285 1.74157
    endloop
  endfacet
  facet normal 0.446785 0.0439034 -0.893564
    outer loop
      vertex -2.3 14.8285 1.74157
      vertex 0 14.7677 2.88859
      vertex 0 14.7158 2.88604
    endloop
  endfacet
  facet normal 0.446785 0.0439226 -0.893563
    outer loop
      vertex 0 14.7677 2.88859
      vertex -2.3 14.8285 1.74157
      vertex -2.3 15 1.75
    endloop
  endfacet
  facet normal 0.446791 0.842394 -0.301247
    outer loop
      vertex 0 12.3032 1.06078
      vertex 0 12.2249 0.841825
      vertex -2.3 13.3254 0.507998
    endloop
  endfacet
  facet normal 0.446785 0.841975 -0.302424
    outer loop
      vertex 0 12.3032 1.06078
      vertex -2.3 13.3832 0.669696
      vertex 0 12.3208 1.10978
    endloop
  endfacet
  facet normal 0.446784 0.842438 -0.301135
    outer loop
      vertex -2.3 13.3832 0.669696
      vertex 0 12.3032 1.06078
      vertex -2.3 13.3254 0.507998
    endloop
  endfacet
  facet normal 0.44678 0.884973 -0.131188
    outer loop
      vertex -2.3 13.2836 0.341408
      vertex 0 12.1557 0.565761
      vertex 0 12.1216 0.335727
    endloop
  endfacet
  facet normal 0.446812 0.885035 -0.130663
    outer loop
      vertex 0 12.114 0.284249
      vertex -2.3 13.2836 0.341408
      vertex 0 12.1216 0.335727
    endloop
  endfacet
  facet normal 0.446763 0.884968 -0.131278
    outer loop
      vertex -2.3 13.2836 0.341408
      vertex 0 12.114 0.284249
      vertex -2.3 13.2584 0.17153
    endloop
  endfacet
  facet normal 0.446789 0.217325 0.867842
    outer loop
      vertex -2.3 14.492 -1.67465
      vertex 0 14.4342 -2.84428
      vertex -2.3 14.6586 -1.71637
    endloop
  endfacet
  facet normal 0.446751 0.217797 0.867743
    outer loop
      vertex 0 14.4342 -2.84428
      vertex -2.3 14.492 -1.67465
      vertex 0 14.3838 -2.83163
    endloop
  endfacet
  facet normal 0.446788 0.867834 0.21736
    outer loop
      vertex -2.3 13.3254 -0.507998
      vertex 0 12.1684 -0.616243
      vertex 0 12.2249 -0.841825
    endloop
  endfacet
  facet normal 0.446781 0.767449 -0.459792
    outer loop
      vertex 0 12.5887 1.61115
      vertex 0 12.4692 1.41169
      vertex -2.3 13.5449 0.972247
    endloop
  endfacet
  facet normal 0.446763 -0.884968 0.131278
    outer loop
      vertex -2.3 16.7164 -0.341408
      vertex 0 17.886 -0.284249
      vertex -2.3 16.7416 -0.17153
    endloop
  endfacet
  facet normal 0.446812 -0.885035 0.130663
    outer loop
      vertex 0 17.886 -0.284249
      vertex -2.3 16.7164 -0.341408
      vertex 0 17.8784 -0.335727
    endloop
  endfacet
  facet normal 0.446777 0.893574 0.0437593
    outer loop
      vertex 0 12.1114 -0.23227
      vertex -2.3 13.2584 -0.17153
      vertex -2.3 13.25 0
    endloop
  endfacet
  facet normal 0.446779 0.893527 0.0446944
    outer loop
      vertex -2.3 13.2584 -0.17153
      vertex 0 12.1114 -0.23227
      vertex 0 12.114 -0.284249
    endloop
  endfacet
  facet normal 0.446797 0.459941 0.76735
    outer loop
      vertex -2.3 14.0278 -1.45507
      vertex 0 13.6329 -2.55757
      vertex -2.3 14.1751 -1.54336
    endloop
  endfacet
  facet normal 0.446777 0.460165 0.767228
    outer loop
      vertex 0 13.6329 -2.55757
      vertex -2.3 14.0278 -1.45507
      vertex 0 13.5883 -2.53082
    endloop
  endfacet
  facet normal 0.446812 -0.885035 -0.130663
    outer loop
      vertex -2.3 16.7164 0.341408
      vertex 0 17.886 0.284249
      vertex 0 17.8784 0.335727
    endloop
  endfacet
  facet normal 0.446763 -0.884968 -0.131278
    outer loop
      vertex 0 17.886 0.284249
      vertex -2.3 16.7164 0.341408
      vertex -2.3 16.7416 0.17153
    endloop
  endfacet
  facet normal 0.4468 0.662705 0.600992
    outer loop
      vertex 0 12.9144 -2.01205
      vertex -2.3 13.7626 -1.23744
      vertex -2.3 13.6472 -1.11019
    endloop
  endfacet
  facet normal 0.446801 0.662441 0.601282
    outer loop
      vertex -2.3 13.7626 -1.23744
      vertex 0 12.9144 -2.01205
      vertex 0 12.9494 -2.05061
    endloop
  endfacet
  facet normal 0.446777 0.460165 -0.767228
    outer loop
      vertex -2.3 14.0278 1.45507
      vertex 0 13.6329 2.55757
      vertex 0 13.5883 2.53082
    endloop
  endfacet
  facet normal 0.446797 0.459941 -0.76735
    outer loop
      vertex 0 13.6329 2.55757
      vertex -2.3 14.0278 1.45507
      vertex -2.3 14.1751 1.54336
    endloop
  endfacet
  facet normal 0.446777 -0.893574 0.0437593
    outer loop
      vertex -2.3 16.7416 -0.17153
      vertex 0 17.8886 -0.23227
      vertex -2.3 16.75 0
    endloop
  endfacet
  facet normal 0.446779 -0.893527 0.0446944
    outer loop
      vertex 0 17.8886 -0.23227
      vertex -2.3 16.7416 -0.17153
      vertex 0 17.886 -0.284249
    endloop
  endfacet
  facet normal 0.446791 0.842394 0.301247
    outer loop
      vertex -2.3 13.3254 -0.507998
      vertex 0 12.2249 -0.841825
      vertex 0 12.3032 -1.06078
    endloop
  endfacet
  facet normal 0.446797 0.45989 0.767381
    outer loop
      vertex -2.3 14.0278 -1.45507
      vertex 0 13.3888 -2.41126
      vertex 0 13.5883 -2.53082
    endloop
  endfacet
  facet normal 0.446765 0.809076 -0.381834
    outer loop
      vertex 0 12.4202 1.32001
      vertex -2.3 13.4566 0.824944
      vertex 0 12.4424 1.36705
    endloop
  endfacet
  facet normal 0.446766 0.808809 -0.382398
    outer loop
      vertex -2.3 13.4566 0.824944
      vertex 0 12.4202 1.32001
      vertex -2.3 13.3832 0.669696
    endloop
  endfacet
  facet normal 0.446787 0.382134 -0.808922
    outer loop
      vertex -2.3 14.1751 1.54336
      vertex 0 13.68 2.57982
      vertex 0 13.6329 2.55757
    endloop
  endfacet
  facet normal 0.446788 0.382618 -0.808693
    outer loop
      vertex 0 13.68 2.57982
      vertex -2.3 14.1751 1.54336
      vertex -2.3 14.3303 1.61679
    endloop
  endfacet
  facet normal 0.446772 0.532781 0.718707
    outer loop
      vertex -2.3 13.8898 -1.35277
      vertex 0 13.2021 -2.27273
      vertex -2.3 14.0278 -1.45507
    endloop
  endfacet
  facet normal 0.446772 0.53293 0.718596
    outer loop
      vertex 0 13.2021 -2.27273
      vertex -2.3 13.8898 -1.35277
      vertex 0 13.1603 -2.24173
    endloop
  endfacet
  facet normal 0.446772 0.66303 0.600655
    outer loop
      vertex -2.3 13.6472 -1.11019
      vertex 0 12.7583 -1.83974
      vertex 0 12.9144 -2.01205
    endloop
  endfacet
endsolid OpenSCAD_Model
