solid OpenSCAD_Model
  facet normal 0.05233595624294425 0.9986295347545738 0
    outer loop
      vertex 3.390943073464693 1.6109562092634535 2
      vertex 3.6 1.6 38
      vertex 3.6 1.6 2
    endloop
  endfacet
  facet normal 0 1 0
    outer loop
      vertex 3.6 1.6 2
      vertex 4.35 1.6 38
      vertex 13.1 1.6 2
    endloop
  endfacet
  facet normal 0 0 1
    outer loop
      vertex 1.867949192431123 2.6 2
      vertex 1.8778640450004205 15.147717981660215 2
      vertex 1.7729090847147984 2.7865267138484 2
    endloop
  endfacet
  facet normal 0 0 1
    outer loop
      vertex 1.7729090847147984 2.7865267138484 2
      vertex 1.8778640450004205 15.147717981660215 2
      vertex 1.697886967409693 2.981966011250105 2
    endloop
  endfacet
  facet normal 0 0 1
    outer loop
      vertex 1.697886967409693 2.981966011250105 2
      vertex 1.8778640450004205 15.147717981660215 2
      vertex 1.6437047985323887 3.1841766183644813 2
    endloop
  endfacet
  facet normal 0 0 1
    outer loop
      vertex 1.6437047985323887 3.1841766183644813 2
      vertex 1.8778640450004205 15.147717981660215 2
      vertex 1.6109562092634535 3.390943073464693 2
    endloop
  endfacet
  facet normal 0 0 1
    outer loop
      vertex 1.6109562092634535 3.390943073464693 2
      vertex 1.8778640450004205 15.147717981660215 2
      vertex 1.6 3.6 2
    endloop
  endfacet
  facet normal 0 0 1
    outer loop
      vertex 2.2617387872822836 2.1137103490452116 2
      vertex 2.424429495415054 1.9819660112501052 2
      vertex 2.404841396180846 14.496955149129134 2
    endloop
  endfacet
  facet normal 0 0 1
    outer loop
      vertex 2.7865267138484 1.7729090847147984 2
      vertex 2.996955149129134 13.904841396180846 2
      vertex 2.6 1.867949192431123 2
    endloop
  endfacet
  facet normal 0 0 1
    outer loop
      vertex 2.424429495415054 1.9819660112501052 2
      vertex 2.6 1.867949192431123 2
      vertex 2.996955149129134 13.904841396180846 2
    endloop
  endfacet
  facet normal 0 0 1
    outer loop
      vertex 2.981966011250105 1.697886967409693 2
      vertex 3.1841766183644813 1.6437047985323887 2
      vertex 3.647717981660215 13.37786404500042 2
    endloop
  endfacet
  facet normal 0 0 1
    outer loop
      vertex 3.1841766183644813 1.6437047985323887 2
      vertex 3.390943073464693 1.6109562092634535 2
      vertex 3.647717981660215 13.37786404500042 2
    endloop
  endfacet
  facet normal 0 0 1
    outer loop
      vertex 3.390943073464693 1.6109562092634535 2
      vertex 3.6 1.6 2
      vertex 3.647717981660215 13.37786404500042 2
    endloop
  endfacet
  facet normal 0 0 1
    outer loop
      vertex 2.7865267138484 1.7729090847147984 2
      vertex 2.981966011250105 1.697886967409693 2
      vertex 2.996955149129134 13.904841396180846 2
    endloop
  endfacet
  facet normal 0 0 1
    outer loop
      vertex 1.9819660112501052 2.424429495415054 2
      vertex 2.404841396180846 14.496955149129134 2
      vertex 1.867949192431123 2.6 2
    endloop
  endfacet
  facet normal 0 0 1
    outer loop
      vertex 2.2617387872822836 2.1137103490452116 2
      vertex 2.404841396180846 14.496955149129134 2
      vertex 2.1137103490452116 2.2617387872822836 2
    endloop
  endfacet
  facet normal 0 0 1
    outer loop
      vertex 2.1137103490452116 2.2617387872822836 2
      vertex 2.404841396180846 14.496955149129134 2
      vertex 1.9819660112501052 2.424429495415054 2
    endloop
  endfacet
  facet normal 0 0 1
    outer loop
      vertex 2.981966011250105 1.697886967409693 2
      vertex 3.647717981660215 13.37786404500042 2
      vertex 2.996955149129134 13.904841396180846 2
    endloop
  endfacet
  facet normal 0 0 1
    outer loop
      vertex 3.6 1.6 2
      vertex 6.6867064734579245 12.024819194129554 2
      vertex 5.87786404500042 12.24154786963877 2
    endloop
  endfacet
  facet normal 0 0 1
    outer loop
      vertex 3.6 1.6 2
      vertex 4.35 12.92179676972449 2
      vertex 3.647717981660215 13.37786404500042 2
    endloop
  endfacet
  facet normal 0 0 1
    outer loop
      vertex 3.6 1.6 2
      vertex 5.096106855393598 12.541636338859194 2
      vertex 4.35 12.92179676972449 2
    endloop
  endfacet
  facet normal 0 0 1
    outer loop
      vertex 3.6 1.6 2
      vertex 5.87786404500042 12.24154786963877 2
      vertex 5.096106855393598 12.541636338859194 2
    endloop
  endfacet
  facet normal 0 0 1
    outer loop
      vertex 3.6 1.6 2
      vertex 7.513772293858771 11.893824837053813 2
      vertex 6.6867064734579245 12.024819194129554 2
    endloop
  endfacet
  facet normal 0 0 1
    outer loop
      vertex 3.6 1.6 2
      vertex 8.35 11.85 2
      vertex 7.513772293858771 11.893824837053813 2
    endloop
  endfacet
  facet normal 0 0 1
    outer loop
      vertex 3.6 1.6 2
      vertex 9.186227706141228 11.893824837053813 2
      vertex 8.35 11.85 2
    endloop
  endfacet
  facet normal -0.05233595624294414 0.9986295347545738 0
    outer loop
      vertex 13.1 1.6 2
      vertex 13.309056926535307 1.6109562092634535 38
      vertex 13.309056926535307 1.6109562092634535 2
    endloop
  endfacet
  facet normal -0.15643446504022995 0.9876883405951379 -8.631750284742349e-20
    outer loop
      vertex 13.309056926535307 1.6109562092634535 2
      vertex 13.35 1.6174409550393252 38
      vertex 13.515823381635519 1.6437047985323887 2
    endloop
  endfacet
  facet normal 0 0 1
    outer loop
      vertex 3.6 1.6 2
      vertex 13.1 1.6 2
      vertex 9.186227706141228 11.893824837053813 2
    endloop
  endfacet
  facet normal 0 0 1
    outer loop
      vertex 13.1 1.6 2
      vertex 10.013293526542075 12.024819194129554 2
      vertex 9.186227706141228 11.893824837053813 2
    endloop
  endfacet
  facet normal 0 0 1
    outer loop
      vertex 13.1 1.6 2
      vertex 10.82213595499958 12.24154786963877 2
      vertex 10.013293526542075 12.024819194129554 2
    endloop
  endfacet
  facet normal 0 0 1
    outer loop
      vertex 13.1 1.6 2
      vertex 13.309056926535307 1.6109562092634535 2
      vertex 13.703044850870866 13.904841396180846 2
    endloop
  endfacet
  facet normal 0 0 1
    outer loop
      vertex 13.309056926535307 1.6109562092634535 2
      vertex 13.515823381635519 1.6437047985323887 2
      vertex 13.703044850870866 13.904841396180846 2
    endloop
  endfacet
  facet normal 0 0 1
    outer loop
      vertex 13.515823381635519 1.6437047985323887 2
      vertex 13.718033988749895 1.697886967409693 2
      vertex 13.703044850870866 13.904841396180846 2
    endloop
  endfacet
  facet normal 0 0 1
    outer loop
      vertex 13.718033988749895 1.697886967409693 2
      vertex 13.9134732861516 1.7729090847147984 2
      vertex 14.295158603819154 14.496955149129134 2
    endloop
  endfacet
  facet normal 0 0 1
    outer loop
      vertex 13.9134732861516 1.7729090847147984 2
      vertex 14.1 1.867949192431123 2
      vertex 14.295158603819154 14.496955149129134 2
    endloop
  endfacet
  facet normal 0 0 1
    outer loop
      vertex 14.1 1.867949192431123 2
      vertex 14.275570504584946 1.9819660112501052 2
      vertex 14.295158603819154 14.496955149129134 2
    endloop
  endfacet
  facet normal 0 0 1
    outer loop
      vertex 14.275570504584946 1.9819660112501052 2
      vertex 14.438261212717716 2.1137103490452116 2
      vertex 14.295158603819154 14.496955149129134 2
    endloop
  endfacet
  facet normal 0 0 1
    outer loop
      vertex 14.438261212717716 2.1137103490452116 2
      vertex 14.586289650954788 2.2617387872822836 2
      vertex 14.82213595499958 15.147717981660215 2
    endloop
  endfacet
  facet normal 0 0 1
    outer loop
      vertex 14.586289650954788 2.2617387872822836 2
      vertex 14.718033988749895 2.424429495415054 2
      vertex 14.82213595499958 15.147717981660215 2
    endloop
  endfacet
  facet normal 0 0 1
    outer loop
      vertex 14.718033988749895 2.424429495415054 2
      vertex 14.832050807568876 2.6 2
      vertex 14.82213595499958 15.147717981660215 2
    endloop
  endfacet
  facet normal 0 0 1
    outer loop
      vertex 14.832050807568876 2.6 2
      vertex 14.927090915285202 2.7865267138484 2
      vertex 15.1 15.575591089260161 2
    endloop
  endfacet
  facet normal 0 0 1
    outer loop
      vertex 14.927090915285202 2.7865267138484 2
      vertex 15.002113032590307 2.981966011250105 2
      vertex 15.1 15.575591089260161 2
    endloop
  endfacet
  facet normal 0 0 1
    outer loop
      vertex 15.002113032590307 2.981966011250105 2
      vertex 15.056295201467611 3.1841766183644813 2
      vertex 15.1 15.575591089260161 2
    endloop
  endfacet
  facet normal 0 0 1
    outer loop
      vertex 15.056295201467611 3.1841766183644813 2
      vertex 15.089043790736547 3.390943073464693 2
      vertex 15.1 15.575591089260161 2
    endloop
  endfacet
  facet normal 0 0 1
    outer loop
      vertex 13.1 1.6 2
      vertex 11.6038931446064 12.541636338859194 2
      vertex 10.82213595499958 12.24154786963877 2
    endloop
  endfacet
  facet normal 0 0 1
    outer loop
      vertex 13.1 1.6 2
      vertex 12.35 12.92179676972449 2
      vertex 11.6038931446064 12.541636338859194 2
    endloop
  endfacet
  facet normal 0 0 1
    outer loop
      vertex 13.1 1.6 2
      vertex 13.052282018339785 13.37786404500042 2
      vertex 12.35 12.92179676972449 2
    endloop
  endfacet
  facet normal 0 0 1
    outer loop
      vertex 13.1 1.6 2
      vertex 13.703044850870866 13.904841396180846 2
      vertex 13.052282018339785 13.37786404500042 2
    endloop
  endfacet
  facet normal 0 0 1
    outer loop
      vertex 15.089043790736547 3.390943073464693 2
      vertex 15.1 3.6 2
      vertex 15.1 15.575591089260161 2
    endloop
  endfacet
  facet normal 0.4539904997395467 0.8910065241883679 0
    outer loop
      vertex 2.7865267138484 1.7729090847147984 2
      vertex 2.6 1.867949192431123 2
      vertex 2.6 1.867949192431123 58
    endloop
  endfacet
  facet normal 0.6293203910498375 0.7771459614569709 0
    outer loop
      vertex 2.2617387872822836 2.1137103490452116 2
      vertex 2.2617387872822836 2.1137103490452116 58
      vertex 2.424429495415054 1.9819660112501052 2
    endloop
  endfacet
  facet normal 0.7771459614569709 0.6293203910498375 0
    outer loop
      vertex 2.1137103490452116 2.2617387872822836 2
      vertex 1.9819660112501052 2.424429495415054 2
      vertex 1.9819660112501052 2.424429495415054 58
    endloop
  endfacet
  facet normal 0.7071067811865475 0.7071067811865475 0
    outer loop
      vertex 2.2617387872822836 2.1137103490452116 2
      vertex 2.1137103490452116 2.2617387872822836 2
      vertex 2.1137103490452116 2.2617387872822836 58
    endloop
  endfacet
  facet normal 0.5446390350150265 0.8386705679454244 0
    outer loop
      vertex 2.424429495415054 1.9819660112501052 2
      vertex 2.424429495415054 1.9819660112501052 58
      vertex 2.6 1.867949192431123 2
    endloop
  endfacet
  facet normal 0.2588190451025217 0.9659258262890681 0
    outer loop
      vertex 2.981966011250105 1.697886967409693 2
      vertex 2.981966011250105 1.697886967409693 58
      vertex 3.1841766183644813 1.6437047985323887 2
    endloop
  endfacet
  facet normal 0.35836794954530043 0.9335804264972016 0
    outer loop
      vertex 2.7865267138484 1.7729090847147984 2
      vertex 2.7865267138484 1.7729090847147984 58
      vertex 2.981966011250105 1.697886967409693 2
    endloop
  endfacet
  facet normal 0.15643446504022995 0.9876883405951379 0
    outer loop
      vertex 3.1841766183644813 1.6437047985323887 2
      vertex 3.1841766183644813 1.6437047985323887 58
      vertex 3.390943073464693 1.6109562092634535 2
    endloop
  endfacet
  facet normal 0.8910065241883679 0.4539904997395467 0
    outer loop
      vertex 1.867949192431123 2.6 2
      vertex 1.7729090847147984 2.7865267138484 2
      vertex 1.7729090847147984 2.7865267138484 58
    endloop
  endfacet
  facet normal 0.9335804264972016 0.35836794954530043 0
    outer loop
      vertex 1.7729090847147984 2.7865267138484 2
      vertex 1.697886967409693 2.981966011250105 2
      vertex 1.697886967409693 2.981966011250105 58
    endloop
  endfacet
  facet normal 0.9659258262890681 0.2588190451025217 0
    outer loop
      vertex 1.697886967409693 2.981966011250105 2
      vertex 1.6437047985323887 3.1841766183644813 2
      vertex 1.6437047985323887 3.1841766183644813 58
    endloop
  endfacet
  facet normal 0.9876883405951379 0.15643446504022995 0
    outer loop
      vertex 1.6437047985323887 3.1841766183644813 2
      vertex 1.6109562092634535 3.390943073464693 2
      vertex 1.6109562092634535 3.390943073464693 58
    endloop
  endfacet
  facet normal 0.9986295347545739 0.05233595624294426 0
    outer loop
      vertex 1.6109562092634535 3.390943073464693 2
      vertex 1.6 3.6 2
      vertex 1.6 3.6 58
    endloop
  endfacet
  facet normal 0.8386705679454244 0.5446390350150265 0
    outer loop
      vertex 1.9819660112501052 2.424429495415054 2
      vertex 1.867949192431123 2.6 2
      vertex 1.867949192431123 2.6 58
    endloop
  endfacet
  facet normal 0.15643446504023195 0.9876883405951377 0
    outer loop
      vertex 3.390943073464693 1.6109562092634535 2
      vertex 3.3499999999999996 1.6174409550393254 38
      vertex 3.390943073464693 1.6109562092634535 38
    endloop
  endfacet
  facet normal 0.05233595624294425 0.9986295347545738 0
    outer loop
      vertex 3.390943073464693 1.6109562092634535 2
      vertex 3.390943073464693 1.6109562092634535 38
      vertex 3.6 1.6 38
    endloop
  endfacet
  facet normal 0 1 0
    outer loop
      vertex 3.6 1.6 2
      vertex 3.6 1.6 38
      vertex 4.35 1.6 38
    endloop
  endfacet
  facet normal -0.2588190451025222 0.9659258262890679 0
    outer loop
      vertex 13.515823381635519 1.6437047985323887 2
      vertex 13.515823381635519 1.6437047985323887 58
      vertex 13.718033988749895 1.697886967409693 2
    endloop
  endfacet
  facet normal -0.35836794954530043 0.9335804264972016 0
    outer loop
      vertex 13.718033988749895 1.697886967409693 2
      vertex 13.718033988749895 1.697886967409693 58
      vertex 13.9134732861516 1.7729090847147984 2
    endloop
  endfacet
  facet normal -0.4539904997395467 0.8910065241883679 0
    outer loop
      vertex 13.9134732861516 1.7729090847147984 2
      vertex 13.9134732861516 1.7729090847147984 58
      vertex 14.1 1.867949192431123 2
    endloop
  endfacet
  facet normal -0.5446390350150256 0.838670567945425 0
    outer loop
      vertex 14.1 1.867949192431123 2
      vertex 14.1 1.867949192431123 58
      vertex 14.275570504584946 1.9819660112501052 2
    endloop
  endfacet
  facet normal -0.6293203910498386 0.7771459614569701 0
    outer loop
      vertex 14.275570504584946 1.9819660112501052 2
      vertex 14.275570504584946 1.9819660112501052 58
      vertex 14.438261212717716 2.1137103490452116 2
    endloop
  endfacet
  facet normal -0.7071067811865486 0.7071067811865465 0
    outer loop
      vertex 14.438261212717716 2.1137103490452116 2
      vertex 14.438261212717716 2.1137103490452116 58
      vertex 14.586289650954788 2.2617387872822836 2
    endloop
  endfacet
  facet normal -0.7771459614569698 0.6293203910498387 0
    outer loop
      vertex 14.586289650954788 2.2617387872822836 2
      vertex 14.586289650954788 2.2617387872822836 58
      vertex 14.718033988749895 2.424429495415054 2
    endloop
  endfacet
  facet normal -0.8386705679454254 0.5446390350150251 0
    outer loop
      vertex 14.718033988749895 2.424429495415054 2
      vertex 14.718033988749895 2.424429495415054 58
      vertex 14.832050807568876 2.6 2
    endloop
  endfacet
  facet normal -0.8910065241883658 0.45399049973955097 0
    outer loop
      vertex 14.832050807568876 2.6 2
      vertex 14.832050807568876 2.6 58
      vertex 14.927090915285202 2.7865267138484 2
    endloop
  endfacet
  facet normal -0.9335804264972024 0.3583679495452986 0
    outer loop
      vertex 14.927090915285202 2.7865267138484 2
      vertex 14.927090915285202 2.7865267138484 58
      vertex 15.002113032590307 2.981966011250105 2
    endloop
  endfacet
  facet normal -0.9659258262890684 0.2588190451025207 0
    outer loop
      vertex 15.002113032590307 2.981966011250105 2
      vertex 15.002113032590307 2.981966011250105 58
      vertex 15.056295201467611 3.1841766183644813 2
    endloop
  endfacet
  facet normal -0.9876883405951374 0.156434465040232 0
    outer loop
      vertex 15.056295201467611 3.1841766183644813 2
      vertex 15.056295201467611 3.1841766183644813 58
      vertex 15.089043790736547 3.390943073464693 2
    endloop
  endfacet
  facet normal -0.998629534754574 0.05233595624294215 0
    outer loop
      vertex 15.089043790736547 3.390943073464693 2
      vertex 15.089043790736547 3.390943073464693 58
      vertex 15.1 3.6 2
    endloop
  endfacet
  facet normal 0 1 0
    outer loop
      vertex 13.1 1.6 2
      vertex 12.35 1.6 38
      vertex 13.1 1.6 38
    endloop
  endfacet
  facet normal -0.05233595624294414 0.9986295347545738 0
    outer loop
      vertex 13.1 1.6 2
      vertex 13.1 1.6 38
      vertex 13.309056926535307 1.6109562092634535 38
    endloop
  endfacet
  facet normal -0.15643446504023 0.9876883405951379 0
    outer loop
      vertex 13.309056926535307 1.6109562092634535 2
      vertex 13.309056926535307 1.6109562092634535 38
      vertex 13.35 1.6174409550393252 38
    endloop
  endfacet
  facet normal -1 0 0
    outer loop
      vertex 15.1 3.6 2
      vertex 15.1 3.6 58
      vertex 15.1 15.575591089260161 6
    endloop
  endfacet
  facet normal 0 0 1
    outer loop
      vertex 1.6 3.6 2
      vertex 1.8778640450004205 15.147717981660215 2
      vertex 1.6 15.575591089260161 2
    endloop
  endfacet
  facet normal 1 0 0
    outer loop
      vertex 1.6 3.6 2
      vertex 1.6 15.575591089260161 2
      vertex 1.6 15.575591089260161 6
    endloop
  endfacet
  facet normal 0 0 1
    outer loop
      vertex 2.424429495415054 1.9819660112501052 2
      vertex 2.996955149129134 13.904841396180846 2
      vertex 2.404841396180846 14.496955149129134 2
    endloop
  endfacet
  facet normal 0 0 1
    outer loop
      vertex 1.867949192431123 2.6 2
      vertex 2.404841396180846 14.496955149129134 2
      vertex 1.8778640450004205 15.147717981660215 2
    endloop
  endfacet
  facet normal 0 0 1
    outer loop
      vertex 13.718033988749895 1.697886967409693 2
      vertex 14.295158603819154 14.496955149129134 2
      vertex 13.703044850870866 13.904841396180846 2
    endloop
  endfacet
  facet normal 0 0 1
    outer loop
      vertex 14.438261212717716 2.1137103490452116 2
      vertex 14.82213595499958 15.147717981660215 2
      vertex 14.295158603819154 14.496955149129134 2
    endloop
  endfacet
  facet normal 0 0 1
    outer loop
      vertex 14.832050807568876 2.6 2
      vertex 15.1 15.575591089260161 2
      vertex 14.82213595499958 15.147717981660215 2
    endloop
  endfacet
  facet normal -1 0 0
    outer loop
      vertex 15.1 3.6 2
      vertex 15.1 15.575591089260161 6
      vertex 15.1 15.575591089260161 2
    endloop
  endfacet
  facet normal 1 0 0
    outer loop
      vertex 1.6 3.6 2
      vertex 1.6 15.575591089260161 6
      vertex 1.6 36.1 58
    endloop
  endfacet
  facet normal -1 0 0
    outer loop
      vertex 15.1 15.575591089260161 6
      vertex 15.1 3.6 58
      vertex 15.1 24.12440891073984 6
    endloop
  endfacet
  facet normal 0.15643446504022906 0.987688340595138 -3.3264205842682503e-18
    outer loop
      vertex 3.390943073464693 1.6109562092634535 2
      vertex 3.1841766183644813 1.6437047985323887 58
      vertex 3.3499999999999996 1.6174409550393254 38
    endloop
  endfacet
  facet normal 0 1 0
    outer loop
      vertex 13.1 1.6 2
      vertex 4.35 1.6 38
      vertex 4.35 1.6 58
    endloop
  endfacet
  facet normal 0.4539904997395467 0.8910065241883679 0
    outer loop
      vertex 2.7865267138484 1.7729090847147984 2
      vertex 2.6 1.867949192431123 58
      vertex 2.7865267138484 1.7729090847147984 58
    endloop
  endfacet
  facet normal 0.7071067811865475 0.7071067811865475 0
    outer loop
      vertex 2.2617387872822836 2.1137103490452116 2
      vertex 2.1137103490452116 2.2617387872822836 58
      vertex 2.2617387872822836 2.1137103490452116 58
    endloop
  endfacet
  facet normal 0.6293203910498375 0.7771459614569709 0
    outer loop
      vertex 2.424429495415054 1.9819660112501052 2
      vertex 2.2617387872822836 2.1137103490452116 58
      vertex 2.424429495415054 1.9819660112501052 58
    endloop
  endfacet
  facet normal 0.7771459614569709 0.6293203910498375 0
    outer loop
      vertex 2.1137103490452116 2.2617387872822836 2
      vertex 1.9819660112501052 2.424429495415054 58
      vertex 2.1137103490452116 2.2617387872822836 58
    endloop
  endfacet
  facet normal 0.5446390350150265 0.8386705679454244 0
    outer loop
      vertex 2.6 1.867949192431123 2
      vertex 2.424429495415054 1.9819660112501052 58
      vertex 2.6 1.867949192431123 58
    endloop
  endfacet
  facet normal 0.35836794954530043 0.9335804264972016 0
    outer loop
      vertex 2.981966011250105 1.697886967409693 2
      vertex 2.7865267138484 1.7729090847147984 58
      vertex 2.981966011250105 1.697886967409693 58
    endloop
  endfacet
  facet normal 0.2588190451025217 0.9659258262890681 0
    outer loop
      vertex 3.1841766183644813 1.6437047985323887 2
      vertex 2.981966011250105 1.697886967409693 58
      vertex 3.1841766183644813 1.6437047985323887 58
    endloop
  endfacet
  facet normal 0.8910065241883679 0.4539904997395467 0
    outer loop
      vertex 1.867949192431123 2.6 2
      vertex 1.7729090847147984 2.7865267138484 58
      vertex 1.867949192431123 2.6 58
    endloop
  endfacet
  facet normal 0.9335804264972016 0.35836794954530043 0
    outer loop
      vertex 1.7729090847147984 2.7865267138484 2
      vertex 1.697886967409693 2.981966011250105 58
      vertex 1.7729090847147984 2.7865267138484 58
    endloop
  endfacet
  facet normal 0.9659258262890681 0.2588190451025217 0
    outer loop
      vertex 1.697886967409693 2.981966011250105 2
      vertex 1.6437047985323887 3.1841766183644813 58
      vertex 1.697886967409693 2.981966011250105 58
    endloop
  endfacet
  facet normal 0.9876883405951379 0.15643446504022995 0
    outer loop
      vertex 1.6437047985323887 3.1841766183644813 2
      vertex 1.6109562092634535 3.390943073464693 58
      vertex 1.6437047985323887 3.1841766183644813 58
    endloop
  endfacet
  facet normal 0.9986295347545739 0.05233595624294426 0
    outer loop
      vertex 1.6109562092634535 3.390943073464693 2
      vertex 1.6 3.6 58
      vertex 1.6109562092634535 3.390943073464693 58
    endloop
  endfacet
  facet normal 0.8386705679454244 0.5446390350150265 0
    outer loop
      vertex 1.9819660112501052 2.424429495415054 2
      vertex 1.867949192431123 2.6 58
      vertex 1.9819660112501052 2.424429495415054 58
    endloop
  endfacet
  facet normal 0 1 0
    outer loop
      vertex 13.1 1.6 2
      vertex 4.35 1.6 58
      vertex 5.1 1.6 54
    endloop
  endfacet
  facet normal 0 1 0
    outer loop
      vertex 13.1 1.6 2
      vertex 5.1 1.6 54
      vertex 12.35 1.6 38
    endloop
  endfacet
  facet normal -0.15643446504022993 0.9876883405951379 0
    outer loop
      vertex 13.515823381635519 1.6437047985323887 2
      vertex 13.35 1.6174409550393252 38
      vertex 13.35 1.6174409550393252 58
    endloop
  endfacet
  facet normal -0.15643446504022993 0.9876883405951379 0
    outer loop
      vertex 13.515823381635519 1.6437047985323887 2
      vertex 13.35 1.6174409550393252 58
      vertex 13.515823381635519 1.6437047985323887 58
    endloop
  endfacet
  facet normal -0.2588190451025222 0.9659258262890679 0
    outer loop
      vertex 13.718033988749895 1.697886967409693 2
      vertex 13.515823381635519 1.6437047985323887 58
      vertex 13.718033988749895 1.697886967409693 58
    endloop
  endfacet
  facet normal -0.35836794954530043 0.9335804264972016 0
    outer loop
      vertex 13.9134732861516 1.7729090847147984 2
      vertex 13.718033988749895 1.697886967409693 58
      vertex 13.9134732861516 1.7729090847147984 58
    endloop
  endfacet
  facet normal -0.4539904997395467 0.8910065241883679 0
    outer loop
      vertex 14.1 1.867949192431123 2
      vertex 13.9134732861516 1.7729090847147984 58
      vertex 14.1 1.867949192431123 58
    endloop
  endfacet
  facet normal -0.5446390350150256 0.838670567945425 0
    outer loop
      vertex 14.275570504584946 1.9819660112501052 2
      vertex 14.1 1.867949192431123 58
      vertex 14.275570504584946 1.9819660112501052 58
    endloop
  endfacet
  facet normal -0.6293203910498386 0.7771459614569701 0
    outer loop
      vertex 14.438261212717716 2.1137103490452116 2
      vertex 14.275570504584946 1.9819660112501052 58
      vertex 14.438261212717716 2.1137103490452116 58
    endloop
  endfacet
  facet normal -0.7071067811865486 0.7071067811865465 0
    outer loop
      vertex 14.586289650954788 2.2617387872822836 2
      vertex 14.438261212717716 2.1137103490452116 58
      vertex 14.586289650954788 2.2617387872822836 58
    endloop
  endfacet
  facet normal -0.7771459614569698 0.6293203910498387 0
    outer loop
      vertex 14.718033988749895 2.424429495415054 2
      vertex 14.586289650954788 2.2617387872822836 58
      vertex 14.718033988749895 2.424429495415054 58
    endloop
  endfacet
  facet normal -0.8386705679454254 0.5446390350150251 0
    outer loop
      vertex 14.832050807568876 2.6 2
      vertex 14.718033988749895 2.424429495415054 58
      vertex 14.832050807568876 2.6 58
    endloop
  endfacet
  facet normal -0.8910065241883658 0.45399049973955097 0
    outer loop
      vertex 14.927090915285202 2.7865267138484 2
      vertex 14.832050807568876 2.6 58
      vertex 14.927090915285202 2.7865267138484 58
    endloop
  endfacet
  facet normal -0.9335804264972024 0.3583679495452986 0
    outer loop
      vertex 15.002113032590307 2.981966011250105 2
      vertex 14.927090915285202 2.7865267138484 58
      vertex 15.002113032590307 2.981966011250105 58
    endloop
  endfacet
  facet normal -0.9659258262890684 0.2588190451025207 0
    outer loop
      vertex 15.056295201467611 3.1841766183644813 2
      vertex 15.002113032590307 2.981966011250105 58
      vertex 15.056295201467611 3.1841766183644813 58
    endloop
  endfacet
  facet normal -0.9876883405951374 0.156434465040232 0
    outer loop
      vertex 15.089043790736547 3.390943073464693 2
      vertex 15.056295201467611 3.1841766183644813 58
      vertex 15.089043790736547 3.390943073464693 58
    endloop
  endfacet
  facet normal -0.998629534754574 0.05233595624294215 0
    outer loop
      vertex 15.1 3.6 2
      vertex 15.089043790736547 3.390943073464693 58
      vertex 15.1 3.6 58
    endloop
  endfacet
  facet normal 0.15643446504022945 0.987688340595138 0
    outer loop
      vertex 3.3499999999999996 1.6174409550393254 38
      vertex 3.1841766183644813 1.6437047985323887 58
      vertex 3.3499999999999996 1.6174409550393254 58
    endloop
  endfacet
  facet normal 0 1 0
    outer loop
      vertex 4.35 1.6 58
      vertex 5.1 1.6 58
      vertex 5.1 1.6 54
    endloop
  endfacet
  facet normal 0 1 0
    outer loop
      vertex 12.35 1.6 38
      vertex 5.1 1.6 54
      vertex 11.6 1.6 54
    endloop
  endfacet
  facet normal 0 1 0
    outer loop
      vertex 12.35 1.6 38
      vertex 11.6 1.6 54
      vertex 12.35 1.6 58
    endloop
  endfacet
  facet normal 0 1 0
    outer loop
      vertex 12.35 1.6 58
      vertex 11.6 1.6 54
      vertex 11.6 1.6 58
    endloop
  endfacet
  facet normal 1 0 0
    outer loop
      vertex 1.6 3.6 2
      vertex 1.6 36.1 58
      vertex 1.6 3.6 58
    endloop
  endfacet
  facet normal 1 0 0
    outer loop
      vertex 1.6 24.12440891073984 2
      vertex 1.6 36.1 2
      vertex 1.6 24.12440891073984 6
    endloop
  endfacet
  facet normal 0 0 1
    outer loop
      vertex 1.6 24.12440891073984 2
      vertex 1.8778640450004205 24.55228201833979 2
      vertex 1.867949192431123 37.1 2
    endloop
  endfacet
  facet normal 0 0 1
    outer loop
      vertex 1.8778640450004205 24.55228201833979 2
      vertex 2.404841396180846 25.203044850870867 2
      vertex 2.2617387872822836 37.58628965095479 2
    endloop
  endfacet
  facet normal 0 0 1
    outer loop
      vertex 2.404841396180846 25.203044850870867 2
      vertex 2.996955149129134 25.795158603819154 2
      vertex 2.981966011250105 38.00211303259031 2
    endloop
  endfacet
  facet normal 0 0 1
    outer loop
      vertex 15.1 24.12440891073984 2
      vertex 15.1 36.1 2
      vertex 14.82213595499958 24.55228201833979 2
    endloop
  endfacet
  facet normal -1 0 0
    outer loop
      vertex 15.1 24.12440891073984 2
      vertex 15.1 24.12440891073984 6
      vertex 15.1 36.1 2
    endloop
  endfacet
  facet normal 0 0 1
    outer loop
      vertex 13.703044850870866 25.795158603819154 2
      vertex 14.295158603819154 25.203044850870867 2
      vertex 14.275570504584946 37.718033988749895 2
    endloop
  endfacet
  facet normal 0 0 1
    outer loop
      vertex 14.82213595499958 24.55228201833979 2
      vertex 14.832050807568876 37.1 2
      vertex 14.295158603819154 25.203044850870867 2
    endloop
  endfacet
  facet normal 1 0 0
    outer loop
      vertex 1.6 15.575591089260161 6
      vertex 1.6 24.12440891073984 6
      vertex 1.6 36.1 58
    endloop
  endfacet
  facet normal -1 0 0
    outer loop
      vertex 15.1 3.6 58
      vertex 15.1 36.1 2
      vertex 15.1 24.12440891073984 6
    endloop
  endfacet
  facet normal 0 0 1
    outer loop
      vertex 1.6 24.12440891073984 2
      vertex 1.6109562092634535 36.309056926535305 2
      vertex 1.6 36.1 2
    endloop
  endfacet
  facet normal 0 0 1
    outer loop
      vertex 2.996955149129134 25.795158603819154 2
      vertex 3.647717981660215 26.32213595499958 2
      vertex 3.6 38.1 2
    endloop
  endfacet
  facet normal 0 0 1
    outer loop
      vertex 1.6 24.12440891073984 2
      vertex 1.6437047985323887 36.51582338163552 2
      vertex 1.6109562092634535 36.309056926535305 2
    endloop
  endfacet
  facet normal 0 0 1
    outer loop
      vertex 1.6 24.12440891073984 2
      vertex 1.697886967409693 36.718033988749895 2
      vertex 1.6437047985323887 36.51582338163552 2
    endloop
  endfacet
  facet normal 0 0 1
    outer loop
      vertex 1.6 24.12440891073984 2
      vertex 1.7729090847147984 36.9134732861516 2
      vertex 1.697886967409693 36.718033988749895 2
    endloop
  endfacet
  facet normal 0 0 1
    outer loop
      vertex 1.6 24.12440891073984 2
      vertex 1.867949192431123 37.1 2
      vertex 1.7729090847147984 36.9134732861516 2
    endloop
  endfacet
  facet normal 0 0 1
    outer loop
      vertex 1.8778640450004205 24.55228201833979 2
      vertex 1.9819660112501052 37.27557050458495 2
      vertex 1.867949192431123 37.1 2
    endloop
  endfacet
  facet normal 0 0 1
    outer loop
      vertex 1.8778640450004205 24.55228201833979 2
      vertex 2.1137103490452116 37.43826121271772 2
      vertex 1.9819660112501052 37.27557050458495 2
    endloop
  endfacet
  facet normal 0 0 1
    outer loop
      vertex 1.8778640450004205 24.55228201833979 2
      vertex 2.2617387872822836 37.58628965095479 2
      vertex 2.1137103490452116 37.43826121271772 2
    endloop
  endfacet
  facet normal 0 0 1
    outer loop
      vertex 2.404841396180846 25.203044850870867 2
      vertex 2.424429495415054 37.718033988749895 2
      vertex 2.2617387872822836 37.58628965095479 2
    endloop
  endfacet
  facet normal 0 0 1
    outer loop
      vertex 2.404841396180846 25.203044850870867 2
      vertex 2.6 37.832050807568876 2
      vertex 2.424429495415054 37.718033988749895 2
    endloop
  endfacet
  facet normal 0 0 1
    outer loop
      vertex 2.404841396180846 25.203044850870867 2
      vertex 2.7865267138484 37.927090915285206 2
      vertex 2.6 37.832050807568876 2
    endloop
  endfacet
  facet normal 0 0 1
    outer loop
      vertex 2.404841396180846 25.203044850870867 2
      vertex 2.981966011250105 38.00211303259031 2
      vertex 2.7865267138484 37.927090915285206 2
    endloop
  endfacet
  facet normal 0 0 1
    outer loop
      vertex 2.996955149129134 25.795158603819154 2
      vertex 3.1841766183644813 38.05629520146761 2
      vertex 2.981966011250105 38.00211303259031 2
    endloop
  endfacet
  facet normal 0 0 1
    outer loop
      vertex 2.996955149129134 25.795158603819154 2
      vertex 3.390943073464693 38.08904379073655 2
      vertex 3.1841766183644813 38.05629520146761 2
    endloop
  endfacet
  facet normal 0 0 1
    outer loop
      vertex 2.996955149129134 25.795158603819154 2
      vertex 3.6 38.1 2
      vertex 3.390943073464693 38.08904379073655 2
    endloop
  endfacet
  facet normal 0 0 1
    outer loop
      vertex 3.647717981660215 26.32213595499958 2
      vertex 4.35 26.77820323027551 2
      vertex 3.6 38.1 2
    endloop
  endfacet
  facet normal 0 0 1
    outer loop
      vertex 4.35 26.77820323027551 2
      vertex 5.096106855393598 27.158363661140807 2
      vertex 3.6 38.1 2
    endloop
  endfacet
  facet normal 0 0 1
    outer loop
      vertex 5.096106855393598 27.158363661140807 2
      vertex 5.87786404500042 27.45845213036123 2
      vertex 3.6 38.1 2
    endloop
  endfacet
  facet normal 0 0 1
    outer loop
      vertex 5.87786404500042 27.45845213036123 2
      vertex 6.6867064734579245 27.675180805870447 2
      vertex 3.6 38.1 2
    endloop
  endfacet
  facet normal 0 0 1
    outer loop
      vertex 6.6867064734579245 27.675180805870447 2
      vertex 7.513772293858771 27.80617516294619 2
      vertex 3.6 38.1 2
    endloop
  endfacet
  facet normal 0.15643446504022374 -0.9876883405951389 -3.4527001138969433e-18
    outer loop
      vertex 3.1841766183644813 38.05629520146761 2
      vertex 3.390943073464693 38.08904379073655 2
      vertex 3.3499999999999996 38.082559044960675 38
    endloop
  endfacet
  facet normal 0.0523359562429506 -0.9986295347545735 0
    outer loop
      vertex 3.390943073464693 38.08904379073655 2
      vertex 3.6 38.1 2
      vertex 3.390943073464693 38.08904379073655 38
    endloop
  endfacet
  facet normal 0 0 1
    outer loop
      vertex 7.513772293858771 27.80617516294619 2
      vertex 8.35 27.85 2
      vertex 13.1 38.1 2
    endloop
  endfacet
  facet normal 0 0 1
    outer loop
      vertex 8.35 27.85 2
      vertex 9.186227706141228 27.80617516294619 2
      vertex 13.1 38.1 2
    endloop
  endfacet
  facet normal 0 0 1
    outer loop
      vertex 9.186227706141228 27.80617516294619 2
      vertex 10.013293526542075 27.675180805870447 2
      vertex 13.1 38.1 2
    endloop
  endfacet
  facet normal 0 0 1
    outer loop
      vertex 10.013293526542075 27.675180805870447 2
      vertex 10.82213595499958 27.45845213036123 2
      vertex 13.1 38.1 2
    endloop
  endfacet
  facet normal 0 0 1
    outer loop
      vertex 7.513772293858771 27.80617516294619 2
      vertex 13.1 38.1 2
      vertex 3.6 38.1 2
    endloop
  endfacet
  facet normal 0 0 1
    outer loop
      vertex 10.82213595499958 27.45845213036123 2
      vertex 11.6038931446064 27.158363661140807 2
      vertex 13.1 38.1 2
    endloop
  endfacet
  facet normal 0 0 1
    outer loop
      vertex 11.6038931446064 27.158363661140807 2
      vertex 12.35 26.77820323027551 2
      vertex 13.1 38.1 2
    endloop
  endfacet
  facet normal 0 0 1
    outer loop
      vertex 12.35 26.77820323027551 2
      vertex 13.052282018339785 26.32213595499958 2
      vertex 13.1 38.1 2
    endloop
  endfacet
  facet normal 0 0 1
    outer loop
      vertex 13.052282018339785 26.32213595499958 2
      vertex 13.703044850870866 25.795158603819154 2
      vertex 13.718033988749895 38.00211303259031 2
    endloop
  endfacet
  facet normal 0 0 1
    outer loop
      vertex 13.052282018339785 26.32213595499958 2
      vertex 13.309056926535307 38.08904379073655 2
      vertex 13.1 38.1 2
    endloop
  endfacet
  facet normal 0 0 1
    outer loop
      vertex 13.052282018339785 26.32213595499958 2
      vertex 13.515823381635519 38.05629520146761 2
      vertex 13.309056926535307 38.08904379073655 2
    endloop
  endfacet
  facet normal 0 0 1
    outer loop
      vertex 14.82213595499958 24.55228201833979 2
      vertex 15.1 36.1 2
      vertex 15.089043790736547 36.309056926535305 2
    endloop
  endfacet
  facet normal 0 0 1
    outer loop
      vertex 14.82213595499958 24.55228201833979 2
      vertex 15.089043790736547 36.309056926535305 2
      vertex 15.056295201467611 36.51582338163552 2
    endloop
  endfacet
  facet normal 0 0 1
    outer loop
      vertex 14.82213595499958 24.55228201833979 2
      vertex 15.056295201467611 36.51582338163552 2
      vertex 15.002113032590307 36.718033988749895 2
    endloop
  endfacet
  facet normal 0 0 1
    outer loop
      vertex 14.82213595499958 24.55228201833979 2
      vertex 15.002113032590307 36.718033988749895 2
      vertex 14.927090915285202 36.9134732861516 2
    endloop
  endfacet
  facet normal 0 0 1
    outer loop
      vertex 14.82213595499958 24.55228201833979 2
      vertex 14.927090915285202 36.9134732861516 2
      vertex 14.832050807568876 37.1 2
    endloop
  endfacet
  facet normal 0 0 1
    outer loop
      vertex 14.295158603819154 25.203044850870867 2
      vertex 14.586289650954788 37.43826121271772 2
      vertex 14.438261212717716 37.58628965095479 2
    endloop
  endfacet
  facet normal 0 0 1
    outer loop
      vertex 14.295158603819154 25.203044850870867 2
      vertex 14.718033988749895 37.27557050458495 2
      vertex 14.586289650954788 37.43826121271772 2
    endloop
  endfacet
  facet normal 0 0 1
    outer loop
      vertex 14.295158603819154 25.203044850870867 2
      vertex 14.832050807568876 37.1 2
      vertex 14.718033988749895 37.27557050458495 2
    endloop
  endfacet
  facet normal 0 0 1
    outer loop
      vertex 13.703044850870866 25.795158603819154 2
      vertex 14.275570504584946 37.718033988749895 2
      vertex 14.1 37.832050807568876 2
    endloop
  endfacet
  facet normal 0 0 1
    outer loop
      vertex 13.703044850870866 25.795158603819154 2
      vertex 13.9134732861516 37.927090915285206 2
      vertex 13.718033988749895 38.00211303259031 2
    endloop
  endfacet
  facet normal 0 0 1
    outer loop
      vertex 13.703044850870866 25.795158603819154 2
      vertex 14.1 37.832050807568876 2
      vertex 13.9134732861516 37.927090915285206 2
    endloop
  endfacet
  facet normal 0 0 1
    outer loop
      vertex 13.052282018339785 26.32213595499958 2
      vertex 13.718033988749895 38.00211303259031 2
      vertex 13.515823381635519 38.05629520146761 2
    endloop
  endfacet
  facet normal 0 0 1
    outer loop
      vertex 14.295158603819154 25.203044850870867 2
      vertex 14.438261212717716 37.58628965095479 2
      vertex 14.275570504584946 37.718033988749895 2
    endloop
  endfacet
  facet normal 0 -1 0
    outer loop
      vertex 3.6 38.1 2
      vertex 13.1 38.1 2
      vertex 12.35 38.1 38
    endloop
  endfacet
  facet normal -0.05233595624295049 -0.9986295347545735 0
    outer loop
      vertex 13.1 38.1 2
      vertex 13.309056926535307 38.08904379073655 2
      vertex 13.1 38.1 38
    endloop
  endfacet
  facet normal 1 0 0
    outer loop
      vertex 1.6 24.12440891073984 6
      vertex 1.6 36.1 2
      vertex 1.6 36.1 58
    endloop
  endfacet
  facet normal 0.9986295347545737 -0.05233595624294503 0
    outer loop
      vertex 1.6 36.1 2
      vertex 1.6109562092634535 36.309056926535305 2
      vertex 1.6109562092634535 36.309056926535305 58
    endloop
  endfacet
  facet normal 0.9876883405951383 -0.15643446504022732 0
    outer loop
      vertex 1.6109562092634535 36.309056926535305 2
      vertex 1.6437047985323887 36.51582338163552 2
      vertex 1.6437047985323887 36.51582338163552 58
    endloop
  endfacet
  facet normal 0.9659258262890674 -0.25881904510252435 0
    outer loop
      vertex 1.6437047985323887 36.51582338163552 2
      vertex 1.697886967409693 36.718033988749895 2
      vertex 1.697886967409693 36.718033988749895 58
    endloop
  endfacet
  facet normal 0.9335804264972016 -0.35836794954530043 0
    outer loop
      vertex 1.697886967409693 36.718033988749895 2
      vertex 1.7729090847147984 36.9134732861516 2
      vertex 1.7729090847147984 36.9134732861516 58
    endloop
  endfacet
  facet normal 0.8910065241883696 -0.4539904997395433 0
    outer loop
      vertex 1.7729090847147984 36.9134732861516 2
      vertex 1.867949192431123 37.1 2
      vertex 1.867949192431123 37.1 58
    endloop
  endfacet
  facet normal 0.838670567945425 -0.5446390350150256 0
    outer loop
      vertex 1.867949192431123 37.1 2
      vertex 1.9819660112501052 37.27557050458495 2
      vertex 1.9819660112501052 37.27557050458495 58
    endloop
  endfacet
  facet normal 0.7771459614569733 -0.6293203910498344 0
    outer loop
      vertex 1.9819660112501052 37.27557050458495 2
      vertex 2.1137103490452116 37.43826121271772 2
      vertex 2.1137103490452116 37.43826121271772 58
    endloop
  endfacet
  facet normal 0.7071067811865422 -0.7071067811865529 0
    outer loop
      vertex 2.1137103490452116 37.43826121271772 2
      vertex 2.2617387872822836 37.58628965095479 2
      vertex 2.2617387872822836 37.58628965095479 58
    endloop
  endfacet
  facet normal 0.6293203910498336 -0.777145961456974 0
    outer loop
      vertex 2.2617387872822836 37.58628965095479 2
      vertex 2.424429495415054 37.718033988749895 2
      vertex 2.424429495415054 37.718033988749895 58
    endloop
  endfacet
  facet normal 0.5446390350150251 -0.8386705679454254 0
    outer loop
      vertex 2.424429495415054 37.718033988749895 2
      vertex 2.6 37.832050807568876 2
      vertex 2.6 37.832050807568876 58
    endloop
  endfacet
  facet normal 0.4539904997395644 -0.8910065241883588 0
    outer loop
      vertex 2.6 37.832050807568876 2
      vertex 2.7865267138484 37.927090915285206 2
      vertex 2.7865267138484 37.927090915285206 58
    endloop
  endfacet
  facet normal 0.35836794954529116 -0.9335804264972052 0
    outer loop
      vertex 2.7865267138484 37.927090915285206 2
      vertex 2.981966011250105 38.00211303259031 2
      vertex 2.981966011250105 38.00211303259031 58
    endloop
  endfacet
  facet normal 0.2588190451025207 -0.9659258262890684 0
    outer loop
      vertex 2.981966011250105 38.00211303259031 2
      vertex 3.1841766183644813 38.05629520146761 2
      vertex 3.1841766183644813 38.05629520146761 58
    endloop
  endfacet
  facet normal 0.1564344650402267 -0.9876883405951384 0
    outer loop
      vertex 3.390943073464693 38.08904379073655 2
      vertex 3.390943073464693 38.08904379073655 38
      vertex 3.3499999999999996 38.082559044960675 38
    endloop
  endfacet
  facet normal 0.0523359562429506 -0.9986295347545735 0
    outer loop
      vertex 3.6 38.1 2
      vertex 3.6 38.1 38
      vertex 3.390943073464693 38.08904379073655 38
    endloop
  endfacet
  facet normal 0 -1 0
    outer loop
      vertex 3.6 38.1 2
      vertex 4.35 38.1 38
      vertex 3.6 38.1 38
    endloop
  endfacet
  facet normal -0.9986295347545739 -0.05233595624294291 0
    outer loop
      vertex 15.1 36.1 2
      vertex 15.1 36.1 58
      vertex 15.089043790736547 36.309056926535305 2
    endloop
  endfacet
  facet normal -0.987688340595138 -0.1564344650402294 0
    outer loop
      vertex 15.089043790736547 36.309056926535305 2
      vertex 15.089043790736547 36.309056926535305 58
      vertex 15.056295201467611 36.51582338163552 2
    endloop
  endfacet
  facet normal -0.9659258262890676 -0.25881904510252335 0
    outer loop
      vertex 15.056295201467611 36.51582338163552 2
      vertex 15.056295201467611 36.51582338163552 58
      vertex 15.002113032590307 36.718033988749895 2
    endloop
  endfacet
  facet normal -0.9335804264972024 -0.3583679495452986 0
    outer loop
      vertex 15.002113032590307 36.718033988749895 2
      vertex 15.002113032590307 36.718033988749895 58
      vertex 14.927090915285202 36.9134732861516 2
    endloop
  endfacet
  facet normal -0.8910065241883676 -0.4539904997395475 0
    outer loop
      vertex 14.927090915285202 36.9134732861516 2
      vertex 14.927090915285202 36.9134732861516 58
      vertex 14.832050807568876 37.1 2
    endloop
  endfacet
  facet normal -0.8386705679454259 -0.5446390350150241 0
    outer loop
      vertex 14.832050807568876 37.1 2
      vertex 14.832050807568876 37.1 58
      vertex 14.718033988749895 37.27557050458495 2
    endloop
  endfacet
  facet normal -0.5446390350150241 -0.8386705679454259 0
    outer loop
      vertex 14.1 37.832050807568876 2
      vertex 14.275570504584946 37.718033988749895 2
      vertex 14.275570504584946 37.718033988749895 58
    endloop
  endfacet
  facet normal -0.15643446504022374 -0.9876883405951389 0
    outer loop
      vertex 13.309056926535307 38.08904379073655 2
      vertex 13.515823381635519 38.05629520146761 2
      vertex 13.515823381635519 38.05629520146761 58
    endloop
  endfacet
  facet normal -0.2588190451025212 -0.9659258262890681 0
    outer loop
      vertex 13.515823381635519 38.05629520146761 2
      vertex 13.718033988749895 38.00211303259031 2
      vertex 13.718033988749895 38.00211303259031 58
    endloop
  endfacet
  facet normal -0.35836794954529116 -0.9335804264972052 0
    outer loop
      vertex 13.718033988749895 38.00211303259031 2
      vertex 13.9134732861516 37.927090915285206 2
      vertex 13.9134732861516 37.927090915285206 58
    endloop
  endfacet
  facet normal -0.4539904997395644 -0.8910065241883588 0
    outer loop
      vertex 14.1 37.832050807568876 2
      vertex 14.1 37.832050807568876 58
      vertex 13.9134732861516 37.927090915285206 2
    endloop
  endfacet
  facet normal -0.7771459614569723 -0.6293203910498356 0
    outer loop
      vertex 14.718033988749895 37.27557050458495 2
      vertex 14.718033988749895 37.27557050458495 58
      vertex 14.586289650954788 37.43826121271772 2
    endloop
  endfacet
  facet normal -0.7071067811865432 -0.7071067811865517 0
    outer loop
      vertex 14.586289650954788 37.43826121271772 2
      vertex 14.586289650954788 37.43826121271772 58
      vertex 14.438261212717716 37.58628965095479 2
    endloop
  endfacet
  facet normal -0.6293203910498347 -0.7771459614569731 0
    outer loop
      vertex 14.438261212717716 37.58628965095479 2
      vertex 14.438261212717716 37.58628965095479 58
      vertex 14.275570504584946 37.718033988749895 2
    endloop
  endfacet
  facet normal 0 -1 0
    outer loop
      vertex 13.1 38.1 2
      vertex 13.1 38.1 38
      vertex 12.35 38.1 38
    endloop
  endfacet
  facet normal -0.05233595624295049 -0.9986295347545735 0
    outer loop
      vertex 13.309056926535307 38.08904379073655 2
      vertex 13.309056926535307 38.08904379073655 38
      vertex 13.1 38.1 38
    endloop
  endfacet
  facet normal -0.15643446504023 -0.9876883405951379 0
    outer loop
      vertex 13.309056926535307 38.08904379073655 2
      vertex 13.35 38.082559044960675 38
      vertex 13.309056926535307 38.08904379073655 38
    endloop
  endfacet
  facet normal -1 0 0
    outer loop
      vertex 15.1 3.6 58
      vertex 15.1 36.1 58
      vertex 15.1 36.1 2
    endloop
  endfacet
  facet normal 0.15643446504022301 -0.987688340595139 0
    outer loop
      vertex 3.1841766183644813 38.05629520146761 2
      vertex 3.3499999999999996 38.082559044960675 38
      vertex 3.3499999999999996 38.082559044960675 58
    endloop
  endfacet
  facet normal 0 -1 0
    outer loop
      vertex 3.6 38.1 2
      vertex 11.6 38.1 54
      vertex 4.35 38.1 38
    endloop
  endfacet
  facet normal 0.9986295347545737 -0.05233595624294503 0
    outer loop
      vertex 1.6 36.1 2
      vertex 1.6109562092634535 36.309056926535305 58
      vertex 1.6 36.1 58
    endloop
  endfacet
  facet normal 0.9876883405951383 -0.15643446504022732 0
    outer loop
      vertex 1.6109562092634535 36.309056926535305 2
      vertex 1.6437047985323887 36.51582338163552 58
      vertex 1.6109562092634535 36.309056926535305 58
    endloop
  endfacet
  facet normal 0.9659258262890674 -0.25881904510252435 0
    outer loop
      vertex 1.6437047985323887 36.51582338163552 2
      vertex 1.697886967409693 36.718033988749895 58
      vertex 1.6437047985323887 36.51582338163552 58
    endloop
  endfacet
  facet normal 0.9335804264972016 -0.35836794954530043 0
    outer loop
      vertex 1.697886967409693 36.718033988749895 2
      vertex 1.7729090847147984 36.9134732861516 58
      vertex 1.697886967409693 36.718033988749895 58
    endloop
  endfacet
  facet normal 0.8910065241883696 -0.4539904997395433 0
    outer loop
      vertex 1.7729090847147984 36.9134732861516 2
      vertex 1.867949192431123 37.1 58
      vertex 1.7729090847147984 36.9134732861516 58
    endloop
  endfacet
  facet normal 0.838670567945425 -0.5446390350150256 0
    outer loop
      vertex 1.867949192431123 37.1 2
      vertex 1.9819660112501052 37.27557050458495 58
      vertex 1.867949192431123 37.1 58
    endloop
  endfacet
  facet normal 0.7771459614569733 -0.6293203910498344 0
    outer loop
      vertex 1.9819660112501052 37.27557050458495 2
      vertex 2.1137103490452116 37.43826121271772 58
      vertex 1.9819660112501052 37.27557050458495 58
    endloop
  endfacet
  facet normal 0.7071067811865422 -0.7071067811865529 0
    outer loop
      vertex 2.1137103490452116 37.43826121271772 2
      vertex 2.2617387872822836 37.58628965095479 58
      vertex 2.1137103490452116 37.43826121271772 58
    endloop
  endfacet
  facet normal 0.6293203910498336 -0.777145961456974 0
    outer loop
      vertex 2.2617387872822836 37.58628965095479 2
      vertex 2.424429495415054 37.718033988749895 58
      vertex 2.2617387872822836 37.58628965095479 58
    endloop
  endfacet
  facet normal 0.5446390350150251 -0.8386705679454254 0
    outer loop
      vertex 2.424429495415054 37.718033988749895 2
      vertex 2.6 37.832050807568876 58
      vertex 2.424429495415054 37.718033988749895 58
    endloop
  endfacet
  facet normal 0.4539904997395644 -0.8910065241883588 0
    outer loop
      vertex 2.6 37.832050807568876 2
      vertex 2.7865267138484 37.927090915285206 58
      vertex 2.6 37.832050807568876 58
    endloop
  endfacet
  facet normal 0.35836794954529116 -0.9335804264972052 0
    outer loop
      vertex 2.7865267138484 37.927090915285206 2
      vertex 2.981966011250105 38.00211303259031 58
      vertex 2.7865267138484 37.927090915285206 58
    endloop
  endfacet
  facet normal 0.2588190451025207 -0.9659258262890684 0
    outer loop
      vertex 2.981966011250105 38.00211303259031 2
      vertex 3.1841766183644813 38.05629520146761 58
      vertex 2.981966011250105 38.00211303259031 58
    endloop
  endfacet
  facet normal 0.15643446504022301 -0.9876883405951391 0
    outer loop
      vertex 3.1841766183644813 38.05629520146761 2
      vertex 3.3499999999999996 38.082559044960675 58
      vertex 3.1841766183644813 38.05629520146761 58
    endloop
  endfacet
  facet normal 0 -1 0
    outer loop
      vertex 3.6 38.1 2
      vertex 12.35 38.1 38
      vertex 12.35 38.1 58
    endloop
  endfacet
  facet normal -0.15643446504022093 -0.9876883405951393 -1.0561385355051607e-17
    outer loop
      vertex 13.309056926535307 38.08904379073655 2
      vertex 13.515823381635519 38.05629520146761 58
      vertex 13.35 38.082559044960675 38
    endloop
  endfacet
  facet normal 0 -1 0
    outer loop
      vertex 3.6 38.1 2
      vertex 12.35 38.1 58
      vertex 11.6 38.1 54
    endloop
  endfacet
  facet normal -0.9986295347545739 -0.05233595624294291 0
    outer loop
      vertex 15.089043790736547 36.309056926535305 2
      vertex 15.1 36.1 58
      vertex 15.089043790736547 36.309056926535305 58
    endloop
  endfacet
  facet normal -0.987688340595138 -0.1564344650402294 0
    outer loop
      vertex 15.056295201467611 36.51582338163552 2
      vertex 15.089043790736547 36.309056926535305 58
      vertex 15.056295201467611 36.51582338163552 58
    endloop
  endfacet
  facet normal -0.9335804264972024 -0.3583679495452986 0
    outer loop
      vertex 14.927090915285202 36.9134732861516 2
      vertex 15.002113032590307 36.718033988749895 58
      vertex 14.927090915285202 36.9134732861516 58
    endloop
  endfacet
  facet normal -0.9659258262890676 -0.25881904510252335 0
    outer loop
      vertex 15.002113032590307 36.718033988749895 2
      vertex 15.056295201467611 36.51582338163552 58
      vertex 15.002113032590307 36.718033988749895 58
    endloop
  endfacet
  facet normal -0.8910065241883676 -0.4539904997395475 0
    outer loop
      vertex 14.832050807568876 37.1 2
      vertex 14.927090915285202 36.9134732861516 58
      vertex 14.832050807568876 37.1 58
    endloop
  endfacet
  facet normal -0.8386705679454259 -0.5446390350150241 0
    outer loop
      vertex 14.718033988749895 37.27557050458495 2
      vertex 14.832050807568876 37.1 58
      vertex 14.718033988749895 37.27557050458495 58
    endloop
  endfacet
  facet normal -0.5446390350150241 -0.8386705679454259 0
    outer loop
      vertex 14.1 37.832050807568876 2
      vertex 14.275570504584946 37.718033988749895 58
      vertex 14.1 37.832050807568876 58
    endloop
  endfacet
  facet normal -0.2588190451025212 -0.9659258262890681 0
    outer loop
      vertex 13.515823381635519 38.05629520146761 2
      vertex 13.718033988749895 38.00211303259031 58
      vertex 13.515823381635519 38.05629520146761 58
    endloop
  endfacet
  facet normal -0.35836794954529116 -0.9335804264972052 0
    outer loop
      vertex 13.718033988749895 38.00211303259031 2
      vertex 13.9134732861516 37.927090915285206 58
      vertex 13.718033988749895 38.00211303259031 58
    endloop
  endfacet
  facet normal -0.4539904997395644 -0.8910065241883588 0
    outer loop
      vertex 13.9134732861516 37.927090915285206 2
      vertex 14.1 37.832050807568876 58
      vertex 13.9134732861516 37.927090915285206 58
    endloop
  endfacet
  facet normal -0.7771459614569723 -0.6293203910498356 0
    outer loop
      vertex 14.586289650954788 37.43826121271772 2
      vertex 14.718033988749895 37.27557050458495 58
      vertex 14.586289650954788 37.43826121271772 58
    endloop
  endfacet
  facet normal -0.6293203910498347 -0.7771459614569731 0
    outer loop
      vertex 14.275570504584946 37.718033988749895 2
      vertex 14.438261212717716 37.58628965095479 58
      vertex 14.275570504584946 37.718033988749895 58
    endloop
  endfacet
  facet normal -0.7071067811865432 -0.7071067811865517 0
    outer loop
      vertex 14.438261212717716 37.58628965095479 2
      vertex 14.586289650954788 37.43826121271772 58
      vertex 14.438261212717716 37.58628965095479 58
    endloop
  endfacet
  facet normal 0 -1 0
    outer loop
      vertex 4.35 38.1 38
      vertex 5.1 38.1 54
      vertex 4.35 38.1 58
    endloop
  endfacet
  facet normal 0 -1 0
    outer loop
      vertex 4.35 38.1 38
      vertex 11.6 38.1 54
      vertex 5.1 38.1 54
    endloop
  endfacet
  facet normal 0 -1 0
    outer loop
      vertex 4.35 38.1 58
      vertex 5.1 38.1 54
      vertex 5.1 38.1 58
    endloop
  endfacet
  facet normal -0.1564344650402222 -0.9876883405951392 0
    outer loop
      vertex 13.35 38.082559044960675 38
      vertex 13.515823381635519 38.05629520146761 58
      vertex 13.35 38.082559044960675 58
    endloop
  endfacet
  facet normal 0 -1 0
    outer loop
      vertex 12.35 38.1 58
      vertex 11.6 38.1 58
      vertex 11.6 38.1 54
    endloop
  endfacet
  facet normal 0.6293203910498375 0.7771459614569709 0
    outer loop
      vertex 3.647717981660215 13.37786404500042 0
      vertex 2.996955149129134 13.904841396180846 2
      vertex 3.647717981660215 13.37786404500042 2
    endloop
  endfacet
  facet normal 0.7071067811865476 0.7071067811865476 0
    outer loop
      vertex 2.996955149129134 13.904841396180846 0
      vertex 2.404841396180846 14.496955149129134 2
      vertex 2.996955149129134 13.904841396180846 2
    endloop
  endfacet
  facet normal 0.7071067811865476 0.7071067811865476 0
    outer loop
      vertex 2.404841396180846 14.496955149129134 0
      vertex 2.404841396180846 14.496955149129134 2
      vertex 2.996955149129134 13.904841396180846 0
    endloop
  endfacet
  facet normal 0.7771459614569709 0.6293203910498375 0
    outer loop
      vertex 2.404841396180846 14.496955149129134 0
      vertex 1.8778640450004205 15.147717981660215 2
      vertex 2.404841396180846 14.496955149129134 2
    endloop
  endfacet
  facet normal 0.6293203910498375 0.7771459614569709 0
    outer loop
      vertex 3.647717981660215 13.37786404500042 0
      vertex 2.996955149129134 13.904841396180846 0
      vertex 2.996955149129134 13.904841396180846 2
    endloop
  endfacet
  facet normal 0.35836794954530227 0.933580426497201 0
    outer loop
      vertex 5.87786404500042 12.24154786963877 0
      vertex 5.096106855393598 12.541636338859194 2
      vertex 5.87786404500042 12.24154786963877 2
    endloop
  endfacet
  facet normal 0.2588190451025207 0.9659258262890683 0
    outer loop
      vertex 5.87786404500042 12.24154786963877 0
      vertex 5.87786404500042 12.24154786963877 2
      vertex 6.6867064734579245 12.024819194129554 0
    endloop
  endfacet
  facet normal 0.2588190451025207 0.9659258262890683 0
    outer loop
      vertex 6.6867064734579245 12.024819194129554 0
      vertex 5.87786404500042 12.24154786963877 2
      vertex 6.6867064734579245 12.024819194129554 2
    endloop
  endfacet
  facet normal 0.15643446504022995 0.9876883405951379 0
    outer loop
      vertex 6.6867064734579245 12.024819194129554 0
      vertex 6.6867064734579245 12.024819194129554 2
      vertex 7.513772293858771 11.893824837053813 0
    endloop
  endfacet
  facet normal 0.15643446504022995 0.9876883405951379 0
    outer loop
      vertex 7.513772293858771 11.893824837053813 0
      vertex 6.6867064734579245 12.024819194129554 2
      vertex 7.513772293858771 11.893824837053813 2
    endloop
  endfacet
  facet normal 0.4539904997395459 0.8910065241883683 0
    outer loop
      vertex 4.35 12.92179676972449 0
      vertex 4.35 12.92179676972449 2
      vertex 5.096106855393598 12.541636338859194 0
    endloop
  endfacet
  facet normal 0.5446390350150268 0.8386705679454242 0
    outer loop
      vertex 3.647717981660215 13.37786404500042 0
      vertex 3.647717981660215 13.37786404500042 2
      vertex 4.35 12.92179676972449 0
    endloop
  endfacet
  facet normal 0.5446390350150268 0.8386705679454242 0
    outer loop
      vertex 3.647717981660215 13.37786404500042 2
      vertex 4.35 12.92179676972449 2
      vertex 4.35 12.92179676972449 0
    endloop
  endfacet
  facet normal 0.35836794954530227 0.933580426497201 0
    outer loop
      vertex 5.87786404500042 12.24154786963877 0
      vertex 5.096106855393598 12.541636338859194 0
      vertex 5.096106855393598 12.541636338859194 2
    endloop
  endfacet
  facet normal 0.4539904997395459 0.8910065241883683 0
    outer loop
      vertex 5.096106855393598 12.541636338859194 0
      vertex 4.35 12.92179676972449 2
      vertex 5.096106855393598 12.541636338859194 2
    endloop
  endfacet
  facet normal 0.8386705679454245 0.5446390350150265 0
    outer loop
      vertex 1.8778640450004205 15.147717981660215 0
      vertex 1.6 15.575591089260161 2
      vertex 1.8778640450004205 15.147717981660215 2
    endloop
  endfacet
  facet normal 0.8386705679454244 0.5446390350150265 -1.6572960546705315e-17
    outer loop
      vertex 1.8778640450004205 15.147717981660215 0
      vertex 1.4217967697244913 15.85 0
      vertex 1.6 15.575591089260161 2
    endloop
  endfacet
  facet normal 0.8386705679454243 0.5446390350150266 0
    outer loop
      vertex 1.4217967697244913 15.85 0
      vertex 1.4217967697244913 15.85 6
      vertex 1.6 15.575591089260161 2
    endloop
  endfacet
  facet normal 0.9335804264972016 0.35836794954530043 0
    outer loop
      vertex 1.0416363388591932 16.5961068553936 0
      vertex 0.7415478696387718 17.377864045000422 0
      vertex 0.7415478696387718 17.377864045000422 6
    endloop
  endfacet
  facet normal 0.8910065241883683 0.4539904997395459 0
    outer loop
      vertex 1.4217967697244913 15.85 0
      vertex 1.0416363388591932 16.5961068553936 0
      vertex 1.0416363388591932 16.5961068553936 6
    endloop
  endfacet
  facet normal 0.7771459614569709 0.6293203910498375 0
    outer loop
      vertex 2.404841396180846 14.496955149129134 0
      vertex 1.8778640450004205 15.147717981660215 0
      vertex 1.8778640450004205 15.147717981660215 2
    endloop
  endfacet
  facet normal 0.8910065241883683 0.4539904997395459 0
    outer loop
      vertex 1.4217967697244913 15.85 0
      vertex 1.0416363388591932 16.5961068553936 6
      vertex 1.4217967697244913 15.85 6
    endloop
  endfacet
  facet normal 0.8386705679454244 0.5446390350150266 0
    outer loop
      vertex 1.6 15.575591089260161 2
      vertex 1.4217967697244913 15.85 6
      vertex 1.6 15.575591089260161 6
    endloop
  endfacet
  facet normal 0.9335804264972016 0.35836794954530043 0
    outer loop
      vertex 1.0416363388591932 16.5961068553936 0
      vertex 0.7415478696387718 17.377864045000422 6
      vertex 1.0416363388591932 16.5961068553936 6
    endloop
  endfacet
  facet normal 0.9659258262890682 0.25881904510252113 0
    outer loop
      vertex 0.7415478696387718 17.377864045000422 0
      vertex 0.5248191941295546 18.186706473457928 0
      vertex 0.5248191941295546 18.186706473457928 6
    endloop
  endfacet
  facet normal 0.9876883405951379 0.15643446504022995 0
    outer loop
      vertex 0.5248191941295546 18.186706473457928 0
      vertex 0.39382483705381377 19.013772293858775 0
      vertex 0.39382483705381377 19.013772293858775 6
    endloop
  endfacet
  facet normal 0.9986295347545737 0.05233595624294436 0
    outer loop
      vertex 0.39382483705381377 19.013772293858775 0
      vertex 0.3500000000000001 19.85 0
      vertex 0.3500000000000001 19.85 6
    endloop
  endfacet
  facet normal 0.9659258262890682 0.25881904510252113 0
    outer loop
      vertex 0.7415478696387718 17.377864045000422 0
      vertex 0.5248191941295546 18.186706473457928 6
      vertex 0.7415478696387718 17.377864045000422 6
    endloop
  endfacet
  facet normal 0.9876883405951379 0.15643446504022995 0
    outer loop
      vertex 0.5248191941295546 18.186706473457928 0
      vertex 0.39382483705381377 19.013772293858775 6
      vertex 0.5248191941295546 18.186706473457928 6
    endloop
  endfacet
  facet normal 0 0 -1
    outer loop
      vertex 1.4217967697244913 15.85 6
      vertex 1.0416363388591932 16.5961068553936 6
      vertex 1.0416363388591932 23.103893144606403 6
    endloop
  endfacet
  facet normal 0 0 -1
    outer loop
      vertex 1.4217967697244913 15.85 6
      vertex 1.4217967697244913 23.85 6
      vertex 1.6 15.575591089260161 6
    endloop
  endfacet
  facet normal 0.9986295347545737 0.05233595624294436 0
    outer loop
      vertex 0.39382483705381377 19.013772293858775 0
      vertex 0.3500000000000001 19.85 6
      vertex 0.39382483705381377 19.013772293858775 6
    endloop
  endfacet
  facet normal 0 0 -1
    outer loop
      vertex 1.0416363388591932 16.5961068553936 6
      vertex 0.7415478696387718 17.377864045000422 6
      vertex 0.7415478696387718 22.32213595499958 6
    endloop
  endfacet
  facet normal 0 0 -1
    outer loop
      vertex 0.7415478696387718 17.377864045000422 6
      vertex 0.5248191941295546 18.186706473457928 6
      vertex 0.5248191941295546 21.513293526542075 6
    endloop
  endfacet
  facet normal 0 0 -1
    outer loop
      vertex 0.5248191941295546 18.186706473457928 6
      vertex 0.39382483705381377 19.013772293858775 6
      vertex 0.39382483705381377 20.686227706141228 6
    endloop
  endfacet
  facet normal 0 0 -1
    outer loop
      vertex 0.39382483705381377 19.013772293858775 6
      vertex 0.3500000000000001 19.85 6
      vertex 0.39382483705381377 20.686227706141228 6
    endloop
  endfacet
  facet normal 0.05233595624294426 0.9986295347545739 0
    outer loop
      vertex 7.513772293858771 11.893824837053813 0
      vertex 7.513772293858771 11.893824837053813 2
      vertex 8.35 11.85 0
    endloop
  endfacet
  facet normal 0.05233595624294426 0.9986295347545739 0
    outer loop
      vertex 7.513772293858771 11.893824837053813 2
      vertex 8.35 11.85 2
      vertex 8.35 11.85 0
    endloop
  endfacet
  facet normal -0.05233595624294426 0.9986295347545739 0
    outer loop
      vertex 8.35 11.85 0
      vertex 8.35 11.85 2
      vertex 9.186227706141228 11.893824837053813 0
    endloop
  endfacet
  facet normal -0.15643446504022995 0.9876883405951379 0
    outer loop
      vertex 9.186227706141228 11.893824837053813 0
      vertex 9.186227706141228 11.893824837053813 2
      vertex 10.013293526542075 12.024819194129554 0
    endloop
  endfacet
  facet normal -0.05233595624294426 0.9986295347545739 0
    outer loop
      vertex 9.186227706141228 11.893824837053813 0
      vertex 8.35 11.85 2
      vertex 9.186227706141228 11.893824837053813 2
    endloop
  endfacet
  facet normal -0.2588190451025207 0.9659258262890683 0
    outer loop
      vertex 10.013293526542075 12.024819194129554 0
      vertex 10.013293526542075 12.024819194129554 2
      vertex 10.82213595499958 12.24154786963877 0
    endloop
  endfacet
  facet normal -0.15643446504022995 0.9876883405951379 0
    outer loop
      vertex 9.186227706141228 11.893824837053813 2
      vertex 10.013293526542075 12.024819194129554 2
      vertex 10.013293526542075 12.024819194129554 0
    endloop
  endfacet
  facet normal -0.35836794954530227 0.933580426497201 0
    outer loop
      vertex 10.82213595499958 12.24154786963877 0
      vertex 10.82213595499958 12.24154786963877 2
      vertex 11.6038931446064 12.541636338859194 0
    endloop
  endfacet
  facet normal -0.2588190451025207 0.9659258262890683 0
    outer loop
      vertex 10.82213595499958 12.24154786963877 0
      vertex 10.013293526542075 12.024819194129554 2
      vertex 10.82213595499958 12.24154786963877 2
    endloop
  endfacet
  facet normal -0.35836794954530227 0.933580426497201 0
    outer loop
      vertex 10.82213595499958 12.24154786963877 2
      vertex 11.6038931446064 12.541636338859194 2
      vertex 11.6038931446064 12.541636338859194 0
    endloop
  endfacet
  facet normal -0.4539904997395459 0.8910065241883683 0
    outer loop
      vertex 11.6038931446064 12.541636338859194 0
      vertex 11.6038931446064 12.541636338859194 2
      vertex 12.35 12.92179676972449 0
    endloop
  endfacet
  facet normal -0.4539904997395459 0.8910065241883683 0
    outer loop
      vertex 12.35 12.92179676972449 0
      vertex 11.6038931446064 12.541636338859194 2
      vertex 12.35 12.92179676972449 2
    endloop
  endfacet
  facet normal -0.5446390350150265 0.8386705679454244 0
    outer loop
      vertex 12.35 12.92179676972449 0
      vertex 12.35 12.92179676972449 2
      vertex 13.052282018339785 13.37786404500042 0
    endloop
  endfacet
  facet normal -0.6293203910498375 0.7771459614569709 0
    outer loop
      vertex 13.052282018339785 13.37786404500042 0
      vertex 13.052282018339785 13.37786404500042 2
      vertex 13.703044850870866 13.904841396180846 0
    endloop
  endfacet
  facet normal -0.5446390350150265 0.8386705679454244 0
    outer loop
      vertex 13.052282018339785 13.37786404500042 0
      vertex 12.35 12.92179676972449 2
      vertex 13.052282018339785 13.37786404500042 2
    endloop
  endfacet
  facet normal -0.7071067811865476 0.7071067811865476 0
    outer loop
      vertex 13.703044850870866 13.904841396180846 0
      vertex 13.703044850870866 13.904841396180846 2
      vertex 14.295158603819154 14.496955149129134 0
    endloop
  endfacet
  facet normal -0.6293203910498375 0.7771459614569709 0
    outer loop
      vertex 13.052282018339785 13.37786404500042 2
      vertex 13.703044850870866 13.904841396180846 2
      vertex 13.703044850870866 13.904841396180846 0
    endloop
  endfacet
  facet normal -0.7071067811865476 0.7071067811865476 0
    outer loop
      vertex 14.295158603819154 14.496955149129134 0
      vertex 13.703044850870866 13.904841396180846 2
      vertex 14.295158603819154 14.496955149129134 2
    endloop
  endfacet
  facet normal -0.7771459614569709 0.6293203910498375 0
    outer loop
      vertex 14.295158603819154 14.496955149129134 0
      vertex 14.295158603819154 14.496955149129134 2
      vertex 14.82213595499958 15.147717981660215 0
    endloop
  endfacet
  facet normal -0.8386705679454244 0.5446390350150265 0
    outer loop
      vertex 14.82213595499958 15.147717981660215 0
      vertex 14.82213595499958 15.147717981660215 2
      vertex 15.278203230275508 15.85 0
    endloop
  endfacet
  facet normal -0.7771459614569709 0.6293203910498375 0
    outer loop
      vertex 14.295158603819154 14.496955149129134 2
      vertex 14.82213595499958 15.147717981660215 2
      vertex 14.82213595499958 15.147717981660215 0
    endloop
  endfacet
  facet normal -0.8386705679454245 0.5446390350150265 -2.7201738029041975e-17
    outer loop
      vertex 14.82213595499958 15.147717981660215 2
      vertex 15.1 15.575591089260161 2
      vertex 15.278203230275508 15.85 0
    endloop
  endfacet
  facet normal -0.8386705679454244 0.5446390350150266 0
    outer loop
      vertex 15.1 15.575591089260161 2
      vertex 15.1 15.575591089260161 6
      vertex 15.278203230275508 15.85 6
    endloop
  endfacet
  facet normal 0 0 -1
    outer loop
      vertex 15.1 15.575591089260161 6
      vertex 15.1 24.12440891073984 6
      vertex 15.278203230275508 15.85 6
    endloop
  endfacet
  facet normal -0.8386705679454243 0.5446390350150266 0
    outer loop
      vertex 15.1 15.575591089260161 2
      vertex 15.278203230275508 15.85 6
      vertex 15.278203230275508 15.85 0
    endloop
  endfacet
  facet normal -0.8910065241883687 0.453990499739545 0
    outer loop
      vertex 15.278203230275508 15.85 0
      vertex 15.278203230275508 15.85 6
      vertex 15.658363661140806 16.5961068553936 0
    endloop
  endfacet
  facet normal -0.9335804264972026 0.3583679495452978 0
    outer loop
      vertex 15.658363661140806 16.5961068553936 0
      vertex 15.658363661140806 16.5961068553936 6
      vertex 15.7 16.704573226449572 0
    endloop
  endfacet
  facet normal -0.8910065241883687 0.453990499739545 0
    outer loop
      vertex 15.658363661140806 16.5961068553936 0
      vertex 15.278203230275508 15.85 6
      vertex 15.658363661140806 16.5961068553936 6
    endloop
  endfacet
  facet normal -0.9335804264972026 0.3583679495452978 0
    outer loop
      vertex 15.7 16.704573226449572 0
      vertex 15.658363661140806 16.5961068553936 6
      vertex 15.7 16.704573226449572 6
    endloop
  endfacet
  facet normal 0 0 -1
    outer loop
      vertex 15.278203230275508 15.85 6
      vertex 15.278203230275508 23.85 6
      vertex 15.658363661140806 16.5961068553936 6
    endloop
  endfacet
  facet normal 0 0 -1
    outer loop
      vertex 15.658363661140806 16.5961068553936 6
      vertex 15.658363661140806 23.103893144606403 6
      vertex 15.7 16.704573226449572 6
    endloop
  endfacet
  facet normal 0 0 -1
    outer loop
      vertex 15.7 16.704573226449572 6
      vertex 15.658363661140806 23.103893144606403 6
      vertex 15.958452130361229 17.377864045000422 6
    endloop
  endfacet
  facet normal 0 0 -1
    outer loop
      vertex 15.958452130361229 17.377864045000422 6
      vertex 15.958452130361229 22.32213595499958 6
      vertex 16.175180805870447 18.186706473457928 6
    endloop
  endfacet
  facet normal 0 0 -1
    outer loop
      vertex 16.175180805870447 18.186706473457928 6
      vertex 16.3 20.72521615054607 6
      vertex 16.3 18.97478384945393 6
    endloop
  endfacet
  facet normal 0.9986295347545737 -0.05233595624294436 0
    outer loop
      vertex 0.3500000000000001 19.85 0
      vertex 0.39382483705381377 20.686227706141228 0
      vertex 0.39382483705381377 20.686227706141228 6
    endloop
  endfacet
  facet normal 0.9876883405951379 -0.15643446504022995 0
    outer loop
      vertex 0.39382483705381377 20.686227706141228 0
      vertex 0.5248191941295546 21.513293526542075 0
      vertex 0.5248191941295546 21.513293526542075 6
    endloop
  endfacet
  facet normal 0.9659258262890682 -0.25881904510252113 0
    outer loop
      vertex 0.5248191941295546 21.513293526542075 0
      vertex 0.7415478696387718 22.32213595499958 0
      vertex 0.7415478696387718 22.32213595499958 6
    endloop
  endfacet
  facet normal 0.9986295347545737 -0.05233595624294436 0
    outer loop
      vertex 0.3500000000000001 19.85 0
      vertex 0.39382483705381377 20.686227706141228 6
      vertex 0.3500000000000001 19.85 6
    endloop
  endfacet
  facet normal 0.9876883405951379 -0.15643446504022995 0
    outer loop
      vertex 0.39382483705381377 20.686227706141228 0
      vertex 0.5248191941295546 21.513293526542075 6
      vertex 0.39382483705381377 20.686227706141228 6
    endloop
  endfacet
  facet normal 0 0 -1
    outer loop
      vertex 0.5248191941295546 18.186706473457928 6
      vertex 0.39382483705381377 20.686227706141228 6
      vertex 0.5248191941295546 21.513293526542075 6
    endloop
  endfacet
  facet normal 0 0 -1
    outer loop
      vertex 0.7415478696387718 17.377864045000422 6
      vertex 0.5248191941295546 21.513293526542075 6
      vertex 0.7415478696387718 22.32213595499958 6
    endloop
  endfacet
  facet normal 0 0 -1
    outer loop
      vertex 1.0416363388591932 16.5961068553936 6
      vertex 0.7415478696387718 22.32213595499958 6
      vertex 1.0416363388591932 23.103893144606403 6
    endloop
  endfacet
  facet normal 0 0 -1
    outer loop
      vertex 1.4217967697244913 15.85 6
      vertex 1.0416363388591932 23.103893144606403 6
      vertex 1.4217967697244913 23.85 6
    endloop
  endfacet
  facet normal 0.9659258262890682 -0.25881904510252113 0
    outer loop
      vertex 0.5248191941295546 21.513293526542075 0
      vertex 0.7415478696387718 22.32213595499958 6
      vertex 0.5248191941295546 21.513293526542075 6
    endloop
  endfacet
  facet normal 0 0 -1
    outer loop
      vertex 1.6 15.575591089260161 6
      vertex 1.4217967697244913 23.85 6
      vertex 1.6 24.12440891073984 6
    endloop
  endfacet
  facet normal 0.9335804264972016 -0.35836794954530043 0
    outer loop
      vertex 0.7415478696387718 22.32213595499958 0
      vertex 1.0416363388591932 23.103893144606403 0
      vertex 1.0416363388591932 23.103893144606403 6
    endloop
  endfacet
  facet normal 0.8386705679454245 -0.5446390350150265 4.624295464937135e-16
    outer loop
      vertex 1.4217967697244913 23.85 0
      vertex 1.8778640450004205 24.55228201833979 2
      vertex 1.6 24.12440891073984 2
    endloop
  endfacet
  facet normal 0.8386705679454249 -0.5446390350150255 0
    outer loop
      vertex 1.4217967697244913 23.85 0
      vertex 1.8778640450004205 24.55228201833979 0
      vertex 1.8778640450004205 24.55228201833979 2
    endloop
  endfacet
  facet normal 0.891006524188368 -0.4539904997395468 0
    outer loop
      vertex 1.0416363388591932 23.103893144606403 0
      vertex 1.4217967697244913 23.85 0
      vertex 1.4217967697244913 23.85 6
    endloop
  endfacet
  facet normal 0.8386705679454259 -0.5446390350150242 0
    outer loop
      vertex 1.4217967697244913 23.85 0
      vertex 1.6 24.12440891073984 2
      vertex 1.4217967697244913 23.85 6
    endloop
  endfacet
  facet normal 0.77714596145697 -0.6293203910498385 0
    outer loop
      vertex 1.8778640450004205 24.55228201833979 0
      vertex 2.404841396180846 25.203044850870867 2
      vertex 1.8778640450004205 24.55228201833979 2
    endloop
  endfacet
  facet normal 0.9335804264972016 -0.35836794954530043 0
    outer loop
      vertex 0.7415478696387718 22.32213595499958 0
      vertex 1.0416363388591932 23.103893144606403 6
      vertex 0.7415478696387718 22.32213595499958 6
    endloop
  endfacet
  facet normal 0.891006524188368 -0.4539904997395468 0
    outer loop
      vertex 1.0416363388591932 23.103893144606403 0
      vertex 1.4217967697244913 23.85 6
      vertex 1.0416363388591932 23.103893144606403 6
    endloop
  endfacet
  facet normal 0.8386705679454259 -0.5446390350150242 0
    outer loop
      vertex 1.6 24.12440891073984 2
      vertex 1.6 24.12440891073984 6
      vertex 1.4217967697244913 23.85 6
    endloop
  endfacet
  facet normal 0.77714596145697 -0.6293203910498385 0
    outer loop
      vertex 1.8778640450004205 24.55228201833979 0
      vertex 2.404841396180846 25.203044850870867 0
      vertex 2.404841396180846 25.203044850870867 2
    endloop
  endfacet
  facet normal 0.7071067811865465 -0.7071067811865486 0
    outer loop
      vertex 2.404841396180846 25.203044850870867 0
      vertex 2.996955149129134 25.795158603819154 2
      vertex 2.404841396180846 25.203044850870867 2
    endloop
  endfacet
  facet normal 0.7071067811865465 -0.7071067811865486 0
    outer loop
      vertex 2.404841396180846 25.203044850870867 0
      vertex 2.996955149129134 25.795158603819154 0
      vertex 2.996955149129134 25.795158603819154 2
    endloop
  endfacet
  facet normal 0.6293203910498387 -0.7771459614569698 0
    outer loop
      vertex 2.996955149129134 25.795158603819154 0
      vertex 3.647717981660215 26.32213595499958 2
      vertex 2.996955149129134 25.795158603819154 2
    endloop
  endfacet
  facet normal 0.6293203910498387 -0.7771459614569698 0
    outer loop
      vertex 2.996955149129134 25.795158603819154 0
      vertex 3.647717981660215 26.32213595499958 0
      vertex 3.647717981660215 26.32213595499958 2
    endloop
  endfacet
  facet normal 0.5446390350150253 -0.8386705679454252 0
    outer loop
      vertex 3.647717981660215 26.32213595499958 0
      vertex 4.35 26.77820323027551 0
      vertex 4.35 26.77820323027551 2
    endloop
  endfacet
  facet normal 0.5446390350150253 -0.8386705679454252 0
    outer loop
      vertex 3.647717981660215 26.32213595499958 0
      vertex 4.35 26.77820323027551 2
      vertex 3.647717981660215 26.32213595499958 2
    endloop
  endfacet
  facet normal 0.4539904997395476 -0.8910065241883675 0
    outer loop
      vertex 4.35 26.77820323027551 0
      vertex 5.096106855393598 27.158363661140807 2
      vertex 4.35 26.77820323027551 2
    endloop
  endfacet
  facet normal 0.4539904997395476 -0.8910065241883675 0
    outer loop
      vertex 4.35 26.77820323027551 0
      vertex 5.096106855393598 27.158363661140807 0
      vertex 5.096106855393598 27.158363661140807 2
    endloop
  endfacet
  facet normal 0.35836794954530227 -0.933580426497201 0
    outer loop
      vertex 5.096106855393598 27.158363661140807 0
      vertex 5.87786404500042 27.45845213036123 2
      vertex 5.096106855393598 27.158363661140807 2
    endloop
  endfacet
  facet normal 0.35836794954530227 -0.933580426497201 0
    outer loop
      vertex 5.096106855393598 27.158363661140807 0
      vertex 5.87786404500042 27.45845213036123 0
      vertex 5.87786404500042 27.45845213036123 2
    endloop
  endfacet
  facet normal 0.2588190451025207 -0.9659258262890683 0
    outer loop
      vertex 5.87786404500042 27.45845213036123 0
      vertex 6.6867064734579245 27.675180805870447 0
      vertex 6.6867064734579245 27.675180805870447 2
    endloop
  endfacet
  facet normal 0.2588190451025207 -0.9659258262890683 0
    outer loop
      vertex 5.87786404500042 27.45845213036123 0
      vertex 6.6867064734579245 27.675180805870447 2
      vertex 5.87786404500042 27.45845213036123 2
    endloop
  endfacet
  facet normal 0.156434465040232 -0.9876883405951374 0
    outer loop
      vertex 6.6867064734579245 27.675180805870447 0
      vertex 7.513772293858771 27.80617516294619 0
      vertex 7.513772293858771 27.80617516294619 2
    endloop
  endfacet
  facet normal 0.156434465040232 -0.9876883405951374 0
    outer loop
      vertex 6.6867064734579245 27.675180805870447 0
      vertex 7.513772293858771 27.80617516294619 2
      vertex 6.6867064734579245 27.675180805870447 2
    endloop
  endfacet
  facet normal -0.8386705679454249 -0.5446390350150255 2.817403292939898e-16
    outer loop
      vertex 14.82213595499958 24.55228201833979 0
      vertex 15.278203230275508 23.85 0
      vertex 15.1 24.12440891073984 2
    endloop
  endfacet
  facet normal -0.77714596145697 -0.6293203910498385 0
    outer loop
      vertex 14.82213595499958 24.55228201833979 0
      vertex 14.82213595499958 24.55228201833979 2
      vertex 14.295158603819154 25.203044850870867 0
    endloop
  endfacet
  facet normal -0.8386705679454245 -0.5446390350150265 0
    outer loop
      vertex 14.82213595499958 24.55228201833979 0
      vertex 15.1 24.12440891073984 2
      vertex 14.82213595499958 24.55228201833979 2
    endloop
  endfacet
  facet normal -0.8386705679454259 -0.5446390350150242 0
    outer loop
      vertex 15.1 24.12440891073984 2
      vertex 15.278203230275508 23.85 6
      vertex 15.1 24.12440891073984 6
    endloop
  endfacet
  facet normal -0.35836794954530227 -0.933580426497201 0
    outer loop
      vertex 10.82213595499958 27.45845213036123 0
      vertex 11.6038931446064 27.158363661140807 0
      vertex 11.6038931446064 27.158363661140807 2
    endloop
  endfacet
  facet normal 0.05233595624294214 -0.9986295347545739 0
    outer loop
      vertex 7.513772293858771 27.80617516294619 0
      vertex 8.35 27.85 0
      vertex 8.35 27.85 2
    endloop
  endfacet
  facet normal 0.05233595624294214 -0.9986295347545739 0
    outer loop
      vertex 7.513772293858771 27.80617516294619 0
      vertex 8.35 27.85 2
      vertex 7.513772293858771 27.80617516294619 2
    endloop
  endfacet
  facet normal -0.05233595624294214 -0.9986295347545739 0
    outer loop
      vertex 8.35 27.85 0
      vertex 9.186227706141228 27.80617516294619 0
      vertex 9.186227706141228 27.80617516294619 2
    endloop
  endfacet
  facet normal -0.05233595624294214 -0.9986295347545739 0
    outer loop
      vertex 8.35 27.85 0
      vertex 9.186227706141228 27.80617516294619 2
      vertex 8.35 27.85 2
    endloop
  endfacet
  facet normal -0.156434465040232 -0.9876883405951374 0
    outer loop
      vertex 9.186227706141228 27.80617516294619 0
      vertex 10.013293526542075 27.675180805870447 2
      vertex 9.186227706141228 27.80617516294619 2
    endloop
  endfacet
  facet normal -0.156434465040232 -0.9876883405951374 0
    outer loop
      vertex 9.186227706141228 27.80617516294619 0
      vertex 10.013293526542075 27.675180805870447 0
      vertex 10.013293526542075 27.675180805870447 2
    endloop
  endfacet
  facet normal -0.2588190451025207 -0.9659258262890683 0
    outer loop
      vertex 10.013293526542075 27.675180805870447 0
      vertex 10.82213595499958 27.45845213036123 2
      vertex 10.013293526542075 27.675180805870447 2
    endloop
  endfacet
  facet normal -0.2588190451025207 -0.9659258262890683 0
    outer loop
      vertex 10.013293526542075 27.675180805870447 0
      vertex 10.82213595499958 27.45845213036123 0
      vertex 10.82213595499958 27.45845213036123 2
    endloop
  endfacet
  facet normal -0.35836794954530227 -0.933580426497201 0
    outer loop
      vertex 10.82213595499958 27.45845213036123 0
      vertex 11.6038931446064 27.158363661140807 2
      vertex 10.82213595499958 27.45845213036123 2
    endloop
  endfacet
  facet normal -0.4539904997395476 -0.8910065241883675 0
    outer loop
      vertex 11.6038931446064 27.158363661140807 0
      vertex 12.35 26.77820323027551 0
      vertex 12.35 26.77820323027551 2
    endloop
  endfacet
  facet normal -0.4539904997395476 -0.8910065241883675 0
    outer loop
      vertex 11.6038931446064 27.158363661140807 0
      vertex 12.35 26.77820323027551 2
      vertex 11.6038931446064 27.158363661140807 2
    endloop
  endfacet
  facet normal -0.544639035015025 -0.8386705679454253 0
    outer loop
      vertex 12.35 26.77820323027551 0
      vertex 13.052282018339785 26.32213595499958 0
      vertex 13.052282018339785 26.32213595499958 2
    endloop
  endfacet
  facet normal -0.544639035015025 -0.8386705679454253 0
    outer loop
      vertex 12.35 26.77820323027551 0
      vertex 13.052282018339785 26.32213595499958 2
      vertex 12.35 26.77820323027551 2
    endloop
  endfacet
  facet normal -0.6293203910498387 -0.7771459614569698 0
    outer loop
      vertex 13.052282018339785 26.32213595499958 0
      vertex 13.703044850870866 25.795158603819154 2
      vertex 13.052282018339785 26.32213595499958 2
    endloop
  endfacet
  facet normal -0.7071067811865465 -0.7071067811865486 0
    outer loop
      vertex 13.703044850870866 25.795158603819154 0
      vertex 14.295158603819154 25.203044850870867 0
      vertex 14.295158603819154 25.203044850870867 2
    endloop
  endfacet
  facet normal -0.6293203910498387 -0.7771459614569698 0
    outer loop
      vertex 13.052282018339785 26.32213595499958 0
      vertex 13.703044850870866 25.795158603819154 0
      vertex 13.703044850870866 25.795158603819154 2
    endloop
  endfacet
  facet normal -0.7071067811865465 -0.7071067811865486 0
    outer loop
      vertex 13.703044850870866 25.795158603819154 0
      vertex 14.295158603819154 25.203044850870867 2
      vertex 13.703044850870866 25.795158603819154 2
    endloop
  endfacet
  facet normal -0.77714596145697 -0.6293203910498385 0
    outer loop
      vertex 14.82213595499958 24.55228201833979 2
      vertex 14.295158603819154 25.203044850870867 2
      vertex 14.295158603819154 25.203044850870867 0
    endloop
  endfacet
  facet normal 0 0 -1
    outer loop
      vertex 16.175180805870447 18.186706473457928 6
      vertex 15.958452130361229 22.32213595499958 6
      vertex 16.175180805870447 21.513293526542075 6
    endloop
  endfacet
  facet normal 0 0 -1
    outer loop
      vertex 15.958452130361229 17.377864045000422 6
      vertex 15.7 22.99542677355043 6
      vertex 15.958452130361229 22.32213595499958 6
    endloop
  endfacet
  facet normal 0 0 -1
    outer loop
      vertex 16.175180805870447 18.186706473457928 6
      vertex 16.175180805870447 21.513293526542075 6
      vertex 16.3 20.72521615054607 6
    endloop
  endfacet
  facet normal 0 0 -1
    outer loop
      vertex 15.278203230275508 15.85 6
      vertex 15.1 24.12440891073984 6
      vertex 15.278203230275508 23.85 6
    endloop
  endfacet
  facet normal 0 0 -1
    outer loop
      vertex 15.658363661140806 16.5961068553936 6
      vertex 15.278203230275508 23.85 6
      vertex 15.658363661140806 23.103893144606403 6
    endloop
  endfacet
  facet normal 0 0 -1
    outer loop
      vertex 15.958452130361229 17.377864045000422 6
      vertex 15.658363661140806 23.103893144606403 6
      vertex 15.7 22.99542677355043 6
    endloop
  endfacet
  facet normal -0.8910065241883682 -0.45399049973954586 0
    outer loop
      vertex 15.658363661140806 23.103893144606403 0
      vertex 15.658363661140806 23.103893144606403 6
      vertex 15.278203230275508 23.85 0
    endloop
  endfacet
  facet normal -0.9335804264972026 -0.3583679495452978 0
    outer loop
      vertex 15.658363661140806 23.103893144606403 0
      vertex 15.7 22.99542677355043 0
      vertex 15.7 22.99542677355043 6
    endloop
  endfacet
  facet normal -0.8386705679454259 -0.5446390350150242 0
    outer loop
      vertex 15.1 24.12440891073984 2
      vertex 15.278203230275508 23.85 0
      vertex 15.278203230275508 23.85 6
    endloop
  endfacet
  facet normal -0.9335804264972026 -0.3583679495452978 0
    outer loop
      vertex 15.658363661140806 23.103893144606403 0
      vertex 15.7 22.99542677355043 6
      vertex 15.658363661140806 23.103893144606403 6
    endloop
  endfacet
  facet normal -0.8910065241883682 -0.45399049973954586 0
    outer loop
      vertex 15.278203230275508 23.85 0
      vertex 15.658363661140806 23.103893144606403 6
      vertex 15.278203230275508 23.85 6
    endloop
  endfacet
  facet normal 0.05233595624294414 0.9986295347545738 0
    outer loop
      vertex 18.090943073464693 1.6109562092634535 2
      vertex 18.3 1.6 38
      vertex 18.3 1.6 2
    endloop
  endfacet
  facet normal 0 1 0
    outer loop
      vertex 18.3 1.6 2
      vertex 19.05 1.6 38
      vertex 27.8 1.6 2
    endloop
  endfacet
  facet normal 0 0 1
    outer loop
      vertex 16.961738787282286 2.1137103490452116 2
      vertex 17.124429495415054 1.9819660112501052 2
      vertex 17.104841396180845 14.496955149129134 2
    endloop
  endfacet
  facet normal 0 0 1
    outer loop
      vertex 16.681966011250104 2.424429495415054 2
      vertex 17.104841396180845 14.496955149129134 2
      vertex 16.567949192431122 2.6 2
    endloop
  endfacet
  facet normal 0 0 1
    outer loop
      vertex 16.961738787282286 2.1137103490452116 2
      vertex 17.104841396180845 14.496955149129134 2
      vertex 16.813710349045213 2.2617387872822836 2
    endloop
  endfacet
  facet normal 0 0 1
    outer loop
      vertex 16.813710349045213 2.2617387872822836 2
      vertex 17.104841396180845 14.496955149129134 2
      vertex 16.681966011250104 2.424429495415054 2
    endloop
  endfacet
  facet normal 0 0 1
    outer loop
      vertex 16.4729090847148 2.7865267138484 2
      vertex 16.57786404500042 15.147717981660215 2
      vertex 16.397886967409693 2.981966011250105 2
    endloop
  endfacet
  facet normal 0 0 1
    outer loop
      vertex 16.567949192431122 2.6 2
      vertex 16.57786404500042 15.147717981660215 2
      vertex 16.4729090847148 2.7865267138484 2
    endloop
  endfacet
  facet normal 0 0 1
    outer loop
      vertex 16.397886967409693 2.981966011250105 2
      vertex 16.57786404500042 15.147717981660215 2
      vertex 16.34370479853239 3.1841766183644813 2
    endloop
  endfacet
  facet normal 0 0 1
    outer loop
      vertex 16.34370479853239 3.1841766183644813 2
      vertex 16.57786404500042 15.147717981660215 2
      vertex 16.310956209263455 3.390943073464693 2
    endloop
  endfacet
  facet normal 0 0 1
    outer loop
      vertex 16.310956209263455 3.390943073464693 2
      vertex 16.57786404500042 15.147717981660215 2
      vertex 16.3 3.6 2
    endloop
  endfacet
  facet normal 0 0 1
    outer loop
      vertex 17.681966011250104 1.697886967409693 2
      vertex 17.88417661836448 1.6437047985323887 2
      vertex 18.347717981660217 13.37786404500042 2
    endloop
  endfacet
  facet normal 0 0 1
    outer loop
      vertex 17.4865267138484 1.7729090847147984 2
      vertex 17.696955149129135 13.904841396180846 2
      vertex 17.3 1.867949192431123 2
    endloop
  endfacet
  facet normal 0 0 1
    outer loop
      vertex 17.124429495415054 1.9819660112501052 2
      vertex 17.3 1.867949192431123 2
      vertex 17.696955149129135 13.904841396180846 2
    endloop
  endfacet
  facet normal 0 0 1
    outer loop
      vertex 17.4865267138484 1.7729090847147984 2
      vertex 17.681966011250104 1.697886967409693 2
      vertex 17.696955149129135 13.904841396180846 2
    endloop
  endfacet
  facet normal 0 0 1
    outer loop
      vertex 17.88417661836448 1.6437047985323887 2
      vertex 18.090943073464693 1.6109562092634535 2
      vertex 18.347717981660217 13.37786404500042 2
    endloop
  endfacet
  facet normal 0 0 1
    outer loop
      vertex 18.090943073464693 1.6109562092634535 2
      vertex 18.3 1.6 2
      vertex 18.347717981660217 13.37786404500042 2
    endloop
  endfacet
  facet normal 0 0 1
    outer loop
      vertex 17.681966011250104 1.697886967409693 2
      vertex 18.347717981660217 13.37786404500042 2
      vertex 17.696955149129135 13.904841396180846 2
    endloop
  endfacet
  facet normal 0 0 1
    outer loop
      vertex 18.3 1.6 2
      vertex 19.05 12.92179676972449 2
      vertex 18.347717981660217 13.37786404500042 2
    endloop
  endfacet
  facet normal 0 0 1
    outer loop
      vertex 18.3 1.6 2
      vertex 21.386706473457927 12.024819194129554 2
      vertex 20.57786404500042 12.24154786963877 2
    endloop
  endfacet
  facet normal 0 0 1
    outer loop
      vertex 18.3 1.6 2
      vertex 22.213772293858774 11.893824837053813 2
      vertex 21.386706473457927 12.024819194129554 2
    endloop
  endfacet
  facet normal 0 0 1
    outer loop
      vertex 18.3 1.6 2
      vertex 19.7961068553936 12.541636338859194 2
      vertex 19.05 12.92179676972449 2
    endloop
  endfacet
  facet normal 0 0 1
    outer loop
      vertex 18.3 1.6 2
      vertex 20.57786404500042 12.24154786963877 2
      vertex 19.7961068553936 12.541636338859194 2
    endloop
  endfacet
  facet normal 0 0 1
    outer loop
      vertex 18.3 1.6 2
      vertex 23.05 11.85 2
      vertex 22.213772293858774 11.893824837053813 2
    endloop
  endfacet
  facet normal 0 0 1
    outer loop
      vertex 18.3 1.6 2
      vertex 23.886227706141227 11.893824837053813 2
      vertex 23.05 11.85 2
    endloop
  endfacet
  facet normal -0.05233595624294414 0.9986295347545738 0
    outer loop
      vertex 27.8 1.6 2
      vertex 28.009056926535308 1.6109562092634535 38
      vertex 28.009056926535308 1.6109562092634535 2
    endloop
  endfacet
  facet normal -0.15643446504022995 0.9876883405951379 -8.631750284742349e-20
    outer loop
      vertex 28.009056926535308 1.6109562092634535 2
      vertex 28.05 1.6174409550393252 38
      vertex 28.21582338163552 1.6437047985323887 2
    endloop
  endfacet
  facet normal 0 0 1
    outer loop
      vertex 18.3 1.6 2
      vertex 27.8 1.6 2
      vertex 23.886227706141227 11.893824837053813 2
    endloop
  endfacet
  facet normal 0 0 1
    outer loop
      vertex 27.8 1.6 2
      vertex 24.713293526542074 12.024819194129554 2
      vertex 23.886227706141227 11.893824837053813 2
    endloop
  endfacet
  facet normal 0 0 1
    outer loop
      vertex 27.8 1.6 2
      vertex 25.52213595499958 12.24154786963877 2
      vertex 24.713293526542074 12.024819194129554 2
    endloop
  endfacet
  facet normal 0 0 1
    outer loop
      vertex 27.8 1.6 2
      vertex 26.303893144606402 12.541636338859194 2
      vertex 25.52213595499958 12.24154786963877 2
    endloop
  endfacet
  facet normal 0 0 1
    outer loop
      vertex 27.8 1.6 2
      vertex 28.009056926535308 1.6109562092634535 2
      vertex 28.403044850870867 13.904841396180846 2
    endloop
  endfacet
  facet normal 0 0 1
    outer loop
      vertex 28.009056926535308 1.6109562092634535 2
      vertex 28.21582338163552 1.6437047985323887 2
      vertex 28.403044850870867 13.904841396180846 2
    endloop
  endfacet
  facet normal 0 0 1
    outer loop
      vertex 28.21582338163552 1.6437047985323887 2
      vertex 28.418033988749897 1.697886967409693 2
      vertex 28.403044850870867 13.904841396180846 2
    endloop
  endfacet
  facet normal 0 0 1
    outer loop
      vertex 28.418033988749897 1.697886967409693 2
      vertex 28.613473286151603 1.7729090847147984 2
      vertex 28.995158603819156 14.496955149129134 2
    endloop
  endfacet
  facet normal 0 0 1
    outer loop
      vertex 28.613473286151603 1.7729090847147984 2
      vertex 28.8 1.867949192431123 2
      vertex 28.995158603819156 14.496955149129134 2
    endloop
  endfacet
  facet normal 0 0 1
    outer loop
      vertex 28.8 1.867949192431123 2
      vertex 28.975570504584947 1.9819660112501052 2
      vertex 28.995158603819156 14.496955149129134 2
    endloop
  endfacet
  facet normal 0 0 1
    outer loop
      vertex 28.975570504584947 1.9819660112501052 2
      vertex 29.138261212717715 2.1137103490452116 2
      vertex 28.995158603819156 14.496955149129134 2
    endloop
  endfacet
  facet normal 0 0 1
    outer loop
      vertex 29.138261212717715 2.1137103490452116 2
      vertex 29.28628965095479 2.2617387872822836 2
      vertex 29.52213595499958 15.147717981660215 2
    endloop
  endfacet
  facet normal 0 0 1
    outer loop
      vertex 29.28628965095479 2.2617387872822836 2
      vertex 29.418033988749897 2.424429495415054 2
      vertex 29.52213595499958 15.147717981660215 2
    endloop
  endfacet
  facet normal 0 0 1
    outer loop
      vertex 29.418033988749897 2.424429495415054 2
      vertex 29.53205080756888 2.6 2
      vertex 29.52213595499958 15.147717981660215 2
    endloop
  endfacet
  facet normal 0 0 1
    outer loop
      vertex 29.53205080756888 2.6 2
      vertex 29.6270909152852 2.7865267138484 2
      vertex 29.8 15.575591089260161 2
    endloop
  endfacet
  facet normal 0 0 1
    outer loop
      vertex 29.6270909152852 2.7865267138484 2
      vertex 29.702113032590308 2.981966011250105 2
      vertex 29.8 15.575591089260161 2
    endloop
  endfacet
  facet normal 0 0 1
    outer loop
      vertex 29.702113032590308 2.981966011250105 2
      vertex 29.756295201467612 3.1841766183644813 2
      vertex 29.8 15.575591089260161 2
    endloop
  endfacet
  facet normal 0 0 1
    outer loop
      vertex 29.756295201467612 3.1841766183644813 2
      vertex 29.78904379073655 3.390943073464693 2
      vertex 29.8 15.575591089260161 2
    endloop
  endfacet
  facet normal 0 0 1
    outer loop
      vertex 27.8 1.6 2
      vertex 27.05 12.92179676972449 2
      vertex 26.303893144606402 12.541636338859194 2
    endloop
  endfacet
  facet normal 0 0 1
    outer loop
      vertex 27.8 1.6 2
      vertex 27.752282018339784 13.37786404500042 2
      vertex 27.05 12.92179676972449 2
    endloop
  endfacet
  facet normal 0 0 1
    outer loop
      vertex 27.8 1.6 2
      vertex 28.403044850870867 13.904841396180846 2
      vertex 27.752282018339784 13.37786404500042 2
    endloop
  endfacet
  facet normal 0 0 1
    outer loop
      vertex 29.78904379073655 3.390943073464693 2
      vertex 29.8 3.6 2
      vertex 29.8 15.575591089260161 2
    endloop
  endfacet
  facet normal 0.6293203910498427 0.7771459614569667 0
    outer loop
      vertex 16.961738787282286 2.1137103490452116 2
      vertex 16.961738787282286 2.1137103490452116 58
      vertex 17.124429495415054 1.9819660112501052 2
    endloop
  endfacet
  facet normal 0.7771459614569657 0.6293203910498439 0
    outer loop
      vertex 16.813710349045213 2.2617387872822836 2
      vertex 16.681966011250104 2.424429495415054 2
      vertex 16.681966011250104 2.424429495415054 58
    endloop
  endfacet
  facet normal 0.7071067811865444 0.7071067811865508 0
    outer loop
      vertex 16.961738787282286 2.1137103490452116 2
      vertex 16.813710349045213 2.2617387872822836 2
      vertex 16.813710349045213 2.2617387872822836 58
    endloop
  endfacet
  facet normal 0.45399049973955014 0.8910065241883661 0
    outer loop
      vertex 17.4865267138484 1.7729090847147984 2
      vertex 17.3 1.867949192431123 2
      vertex 17.3 1.867949192431123 58
    endloop
  endfacet
  facet normal 0.35836794954530043 0.9335804264972016 0
    outer loop
      vertex 17.4865267138484 1.7729090847147984 2
      vertex 17.4865267138484 1.7729090847147984 58
      vertex 17.681966011250104 1.697886967409693 2
    endloop
  endfacet
  facet normal 0.2588190451025201 0.9659258262890684 0
    outer loop
      vertex 17.681966011250104 1.697886967409693 2
      vertex 17.681966011250104 1.697886967409693 58
      vertex 17.88417661836448 1.6437047985323887 2
    endloop
  endfacet
  facet normal 0.15643446504022995 0.9876883405951379 0
    outer loop
      vertex 17.88417661836448 1.6437047985323887 2
      vertex 17.88417661836448 1.6437047985323887 58
      vertex 18.090943073464693 1.6109562092634535 2
    endloop
  endfacet
  facet normal 0.5446390350150256 0.838670567945425 0
    outer loop
      vertex 17.124429495415054 1.9819660112501052 2
      vertex 17.124429495415054 1.9819660112501052 58
      vertex 17.3 1.867949192431123 2
    endloop
  endfacet
  facet normal 0.8386705679454254 0.5446390350150251 0
    outer loop
      vertex 16.681966011250104 2.424429495415054 2
      vertex 16.567949192431122 2.6 2
      vertex 16.567949192431122 2.6 58
    endloop
  endfacet
  facet normal 0.8910065241883726 0.4539904997395375 0
    outer loop
      vertex 16.567949192431122 2.6 2
      vertex 16.4729090847148 2.7865267138484 2
      vertex 16.4729090847148 2.7865267138484 58
    endloop
  endfacet
  facet normal 0.9335804264971995 0.358367949545306 0
    outer loop
      vertex 16.4729090847148 2.7865267138484 2
      vertex 16.397886967409693 2.981966011250105 2
      vertex 16.397886967409693 2.981966011250105 58
    endloop
  endfacet
  facet normal 0.9659258262890684 0.2588190451025207 0
    outer loop
      vertex 16.397886967409693 2.981966011250105 2
      vertex 16.34370479853239 3.1841766183644813 2
      vertex 16.34370479853239 3.1841766183644813 58
    endloop
  endfacet
  facet normal 0.9876883405951389 0.15643446504022374 0
    outer loop
      vertex 16.34370479853239 3.1841766183644813 2
      vertex 16.310956209263455 3.390943073464693 2
      vertex 16.310956209263455 3.390943073464693 58
    endloop
  endfacet
  facet normal 0.9986295347545735 0.0523359562429506 0
    outer loop
      vertex 16.310956209263455 3.390943073464693 2
      vertex 16.3 3.6 2
      vertex 16.3 3.6 58
    endloop
  endfacet
  facet normal 0.15643446504023 0.9876883405951379 0
    outer loop
      vertex 18.090943073464693 1.6109562092634535 2
      vertex 18.05 1.6174409550393252 38
      vertex 18.090943073464693 1.6109562092634535 38
    endloop
  endfacet
  facet normal 0.05233595624294414 0.9986295347545738 0
    outer loop
      vertex 18.090943073464693 1.6109562092634535 2
      vertex 18.090943073464693 1.6109562092634535 38
      vertex 18.3 1.6 38
    endloop
  endfacet
  facet normal 0 1 0
    outer loop
      vertex 18.3 1.6 2
      vertex 18.3 1.6 38
      vertex 19.05 1.6 38
    endloop
  endfacet
  facet normal -0.2588190451025201 0.9659258262890684 0
    outer loop
      vertex 28.21582338163552 1.6437047985323887 2
      vertex 28.21582338163552 1.6437047985323887 58
      vertex 28.418033988749897 1.697886967409693 2
    endloop
  endfacet
  facet normal -0.35836794954530043 0.9335804264972016 0
    outer loop
      vertex 28.418033988749897 1.697886967409693 2
      vertex 28.418033988749897 1.697886967409693 58
      vertex 28.613473286151603 1.7729090847147984 2
    endloop
  endfacet
  facet normal -0.45399049973955014 0.8910065241883661 0
    outer loop
      vertex 28.613473286151603 1.7729090847147984 2
      vertex 28.613473286151603 1.7729090847147984 58
      vertex 28.8 1.867949192431123 2
    endloop
  endfacet
  facet normal -0.5446390350150256 0.838670567945425 0
    outer loop
      vertex 28.8 1.867949192431123 2
      vertex 28.8 1.867949192431123 58
      vertex 28.975570504584947 1.9819660112501052 2
    endloop
  endfacet
  facet normal -0.6293203910498427 0.7771459614569667 0
    outer loop
      vertex 28.975570504584947 1.9819660112501052 2
      vertex 28.975570504584947 1.9819660112501052 58
      vertex 29.138261212717715 2.1137103490452116 2
    endloop
  endfacet
  facet normal -0.7071067811865444 0.7071067811865508 0
    outer loop
      vertex 29.138261212717715 2.1137103490452116 2
      vertex 29.138261212717715 2.1137103490452116 58
      vertex 29.28628965095479 2.2617387872822836 2
    endloop
  endfacet
  facet normal -0.7771459614569657 0.6293203910498439 0
    outer loop
      vertex 29.28628965095479 2.2617387872822836 2
      vertex 29.28628965095479 2.2617387872822836 58
      vertex 29.418033988749897 2.424429495415054 2
    endloop
  endfacet
  facet normal -0.8386705679454254 0.5446390350150251 0
    outer loop
      vertex 29.418033988749897 2.424429495415054 2
      vertex 29.418033988749897 2.424429495415054 58
      vertex 29.53205080756888 2.6 2
    endloop
  endfacet
  facet normal -0.8910065241883726 0.4539904997395375 0
    outer loop
      vertex 29.53205080756888 2.6 2
      vertex 29.53205080756888 2.6 58
      vertex 29.6270909152852 2.7865267138484 2
    endloop
  endfacet
  facet normal -0.9335804264971995 0.358367949545306 0
    outer loop
      vertex 29.6270909152852 2.7865267138484 2
      vertex 29.6270909152852 2.7865267138484 58
      vertex 29.702113032590308 2.981966011250105 2
    endloop
  endfacet
  facet normal -0.9659258262890684 0.2588190451025207 0
    outer loop
      vertex 29.702113032590308 2.981966011250105 2
      vertex 29.702113032590308 2.981966011250105 58
      vertex 29.756295201467612 3.1841766183644813 2
    endloop
  endfacet
  facet normal -0.9876883405951363 0.1564344650402403 0
    outer loop
      vertex 29.756295201467612 3.1841766183644813 2
      vertex 29.756295201467612 3.1841766183644813 58
      vertex 29.78904379073655 3.390943073464693 2
    endloop
  endfacet
  facet normal -0.9986295347545744 0.052335956242933676 0
    outer loop
      vertex 29.78904379073655 3.390943073464693 2
      vertex 29.78904379073655 3.390943073464693 58
      vertex 29.8 3.6 2
    endloop
  endfacet
  facet normal 0 1 0
    outer loop
      vertex 27.8 1.6 2
      vertex 27.05 1.6 38
      vertex 27.8 1.6 38
    endloop
  endfacet
  facet normal -0.05233595624294414 0.9986295347545738 0
    outer loop
      vertex 27.8 1.6 2
      vertex 27.8 1.6 38
      vertex 28.009056926535308 1.6109562092634535 38
    endloop
  endfacet
  facet normal -0.15643446504023 0.9876883405951379 0
    outer loop
      vertex 28.009056926535308 1.6109562092634535 2
      vertex 28.009056926535308 1.6109562092634535 38
      vertex 28.05 1.6174409550393252 38
    endloop
  endfacet
  facet normal -1 0 0
    outer loop
      vertex 29.8 3.6 2
      vertex 29.8 3.6 58
      vertex 29.8 15.575591089260161 6
    endloop
  endfacet
  facet normal 0 0 1
    outer loop
      vertex 16.567949192431122 2.6 2
      vertex 17.104841396180845 14.496955149129134 2
      vertex 16.57786404500042 15.147717981660215 2
    endloop
  endfacet
  facet normal 0 0 1
    outer loop
      vertex 16.3 3.6 2
      vertex 16.57786404500042 15.147717981660215 2
      vertex 16.3 15.575591089260161 2
    endloop
  endfacet
  facet normal 1 0 0
    outer loop
      vertex 16.3 3.6 2
      vertex 16.3 15.575591089260161 2
      vertex 16.3 15.575591089260161 6
    endloop
  endfacet
  facet normal 0 0 1
    outer loop
      vertex 17.124429495415054 1.9819660112501052 2
      vertex 17.696955149129135 13.904841396180846 2
      vertex 17.104841396180845 14.496955149129134 2
    endloop
  endfacet
  facet normal 0 0 1
    outer loop
      vertex 28.418033988749897 1.697886967409693 2
      vertex 28.995158603819156 14.496955149129134 2
      vertex 28.403044850870867 13.904841396180846 2
    endloop
  endfacet
  facet normal 0 0 1
    outer loop
      vertex 29.138261212717715 2.1137103490452116 2
      vertex 29.52213595499958 15.147717981660215 2
      vertex 28.995158603819156 14.496955149129134 2
    endloop
  endfacet
  facet normal 0 0 1
    outer loop
      vertex 29.53205080756888 2.6 2
      vertex 29.8 15.575591089260161 2
      vertex 29.52213595499958 15.147717981660215 2
    endloop
  endfacet
  facet normal -1 0 0
    outer loop
      vertex 29.8 3.6 2
      vertex 29.8 15.575591089260161 6
      vertex 29.8 15.575591089260161 2
    endloop
  endfacet
  facet normal 1 0 0
    outer loop
      vertex 16.3 3.6 2
      vertex 16.3 15.575591089260161 6
      vertex 16.3 36.1 58
    endloop
  endfacet
  facet normal -1 0 0
    outer loop
      vertex 29.8 15.575591089260161 6
      vertex 29.8 3.6 58
      vertex 29.8 18.97478384945391 6
    endloop
  endfacet
  facet normal -1 0 0
    outer loop
      vertex 29.8 18.97478384945391 6
      vertex 29.8 3.6 58
      vertex 29.8 20.725216150546093 6
    endloop
  endfacet
  facet normal -1 0 0
    outer loop
      vertex 29.8 3.6 58
      vertex 29.8 24.12440891073984 6
      vertex 29.8 20.725216150546093 6
    endloop
  endfacet
  facet normal 0.15643446504022993 0.9876883405951379 -1.2474077191005817e-19
    outer loop
      vertex 18.090943073464693 1.6109562092634535 2
      vertex 17.88417661836448 1.6437047985323887 58
      vertex 18.05 1.6174409550393252 38
    endloop
  endfacet
  facet normal 0 1 0
    outer loop
      vertex 27.8 1.6 2
      vertex 19.05 1.6 38
      vertex 19.05 1.6 58
    endloop
  endfacet
  facet normal 0.7071067811865444 0.7071067811865508 0
    outer loop
      vertex 16.961738787282286 2.1137103490452116 2
      vertex 16.813710349045213 2.2617387872822836 58
      vertex 16.961738787282286 2.1137103490452116 58
    endloop
  endfacet
  facet normal 0.6293203910498427 0.7771459614569667 0
    outer loop
      vertex 17.124429495415054 1.9819660112501052 2
      vertex 16.961738787282286 2.1137103490452116 58
      vertex 17.124429495415054 1.9819660112501052 58
    endloop
  endfacet
  facet normal 0.7771459614569657 0.6293203910498439 0
    outer loop
      vertex 16.813710349045213 2.2617387872822836 2
      vertex 16.681966011250104 2.424429495415054 58
      vertex 16.813710349045213 2.2617387872822836 58
    endloop
  endfacet
  facet normal 0.45399049973955014 0.8910065241883661 0
    outer loop
      vertex 17.4865267138484 1.7729090847147984 2
      vertex 17.3 1.867949192431123 58
      vertex 17.4865267138484 1.7729090847147984 58
    endloop
  endfacet
  facet normal 0.35836794954530043 0.9335804264972016 0
    outer loop
      vertex 17.681966011250104 1.697886967409693 2
      vertex 17.4865267138484 1.7729090847147984 58
      vertex 17.681966011250104 1.697886967409693 58
    endloop
  endfacet
  facet normal 0.2588190451025201 0.9659258262890684 0
    outer loop
      vertex 17.88417661836448 1.6437047985323887 2
      vertex 17.681966011250104 1.697886967409693 58
      vertex 17.88417661836448 1.6437047985323887 58
    endloop
  endfacet
  facet normal 0.5446390350150256 0.838670567945425 0
    outer loop
      vertex 17.3 1.867949192431123 2
      vertex 17.124429495415054 1.9819660112501052 58
      vertex 17.3 1.867949192431123 58
    endloop
  endfacet
  facet normal 0.8910065241883726 0.4539904997395375 0
    outer loop
      vertex 16.567949192431122 2.6 2
      vertex 16.4729090847148 2.7865267138484 58
      vertex 16.567949192431122 2.6 58
    endloop
  endfacet
  facet normal 0.9659258262890684 0.2588190451025207 0
    outer loop
      vertex 16.397886967409693 2.981966011250105 2
      vertex 16.34370479853239 3.1841766183644813 58
      vertex 16.397886967409693 2.981966011250105 58
    endloop
  endfacet
  facet normal 0.9335804264971995 0.358367949545306 0
    outer loop
      vertex 16.4729090847148 2.7865267138484 2
      vertex 16.397886967409693 2.981966011250105 58
      vertex 16.4729090847148 2.7865267138484 58
    endloop
  endfacet
  facet normal 0.8386705679454254 0.5446390350150251 0
    outer loop
      vertex 16.681966011250104 2.424429495415054 2
      vertex 16.567949192431122 2.6 58
      vertex 16.681966011250104 2.424429495415054 58
    endloop
  endfacet
  facet normal 0.9876883405951389 0.15643446504022374 0
    outer loop
      vertex 16.34370479853239 3.1841766183644813 2
      vertex 16.310956209263455 3.390943073464693 58
      vertex 16.34370479853239 3.1841766183644813 58
    endloop
  endfacet
  facet normal 0.9986295347545735 0.0523359562429506 0
    outer loop
      vertex 16.310956209263455 3.390943073464693 2
      vertex 16.3 3.6 58
      vertex 16.310956209263455 3.390943073464693 58
    endloop
  endfacet
  facet normal 0 1 0
    outer loop
      vertex 27.8 1.6 2
      vertex 19.05 1.6 58
      vertex 19.8 1.6 54
    endloop
  endfacet
  facet normal 0 1 0
    outer loop
      vertex 27.8 1.6 2
      vertex 19.8 1.6 54
      vertex 27.05 1.6 38
    endloop
  endfacet
  facet normal -0.15643446504022993 0.9876883405951379 0
    outer loop
      vertex 28.21582338163552 1.6437047985323887 2
      vertex 28.05 1.6174409550393252 38
      vertex 28.05 1.6174409550393252 58
    endloop
  endfacet
  facet normal -0.15643446504022993 0.9876883405951379 0
    outer loop
      vertex 28.21582338163552 1.6437047985323887 2
      vertex 28.05 1.6174409550393252 58
      vertex 28.21582338163552 1.6437047985323887 58
    endloop
  endfacet
  facet normal -0.2588190451025201 0.9659258262890684 0
    outer loop
      vertex 28.418033988749897 1.697886967409693 2
      vertex 28.21582338163552 1.6437047985323887 58
      vertex 28.418033988749897 1.697886967409693 58
    endloop
  endfacet
  facet normal -0.35836794954530043 0.9335804264972016 0
    outer loop
      vertex 28.613473286151603 1.7729090847147984 2
      vertex 28.418033988749897 1.697886967409693 58
      vertex 28.613473286151603 1.7729090847147984 58
    endloop
  endfacet
  facet normal -0.45399049973955014 0.8910065241883661 0
    outer loop
      vertex 28.8 1.867949192431123 2
      vertex 28.613473286151603 1.7729090847147984 58
      vertex 28.8 1.867949192431123 58
    endloop
  endfacet
  facet normal -0.5446390350150256 0.838670567945425 0
    outer loop
      vertex 28.975570504584947 1.9819660112501052 2
      vertex 28.8 1.867949192431123 58
      vertex 28.975570504584947 1.9819660112501052 58
    endloop
  endfacet
  facet normal -0.6293203910498427 0.7771459614569667 0
    outer loop
      vertex 29.138261212717715 2.1137103490452116 2
      vertex 28.975570504584947 1.9819660112501052 58
      vertex 29.138261212717715 2.1137103490452116 58
    endloop
  endfacet
  facet normal -0.7071067811865444 0.7071067811865508 0
    outer loop
      vertex 29.28628965095479 2.2617387872822836 2
      vertex 29.138261212717715 2.1137103490452116 58
      vertex 29.28628965095479 2.2617387872822836 58
    endloop
  endfacet
  facet normal -0.7771459614569657 0.6293203910498439 0
    outer loop
      vertex 29.418033988749897 2.424429495415054 2
      vertex 29.28628965095479 2.2617387872822836 58
      vertex 29.418033988749897 2.424429495415054 58
    endloop
  endfacet
  facet normal -0.8386705679454254 0.5446390350150251 0
    outer loop
      vertex 29.53205080756888 2.6 2
      vertex 29.418033988749897 2.424429495415054 58
      vertex 29.53205080756888 2.6 58
    endloop
  endfacet
  facet normal -0.8910065241883726 0.4539904997395375 0
    outer loop
      vertex 29.6270909152852 2.7865267138484 2
      vertex 29.53205080756888 2.6 58
      vertex 29.6270909152852 2.7865267138484 58
    endloop
  endfacet
  facet normal -0.9335804264971995 0.358367949545306 0
    outer loop
      vertex 29.702113032590308 2.981966011250105 2
      vertex 29.6270909152852 2.7865267138484 58
      vertex 29.702113032590308 2.981966011250105 58
    endloop
  endfacet
  facet normal -0.9659258262890684 0.2588190451025207 0
    outer loop
      vertex 29.756295201467612 3.1841766183644813 2
      vertex 29.702113032590308 2.981966011250105 58
      vertex 29.756295201467612 3.1841766183644813 58
    endloop
  endfacet
  facet normal -0.9876883405951363 0.1564344650402403 0
    outer loop
      vertex 29.78904379073655 3.390943073464693 2
      vertex 29.756295201467612 3.1841766183644813 58
      vertex 29.78904379073655 3.390943073464693 58
    endloop
  endfacet
  facet normal -0.9986295347545744 0.052335956242933676 0
    outer loop
      vertex 29.8 3.6 2
      vertex 29.78904379073655 3.390943073464693 58
      vertex 29.8 3.6 58
    endloop
  endfacet
  facet normal 0.15643446504022993 0.9876883405951379 0
    outer loop
      vertex 18.05 1.6174409550393252 38
      vertex 17.88417661836448 1.6437047985323887 58
      vertex 18.05 1.6174409550393252 58
    endloop
  endfacet
  facet normal 0 1 0
    outer loop
      vertex 19.05 1.6 58
      vertex 19.8 1.6 58
      vertex 19.8 1.6 54
    endloop
  endfacet
  facet normal 0 1 0
    outer loop
      vertex 27.05 1.6 38
      vertex 19.8 1.6 54
      vertex 26.3 1.6 54
    endloop
  endfacet
  facet normal 0 1 0
    outer loop
      vertex 27.05 1.6 38
      vertex 26.3 1.6 54
      vertex 27.05 1.6 58
    endloop
  endfacet
  facet normal 0 1 0
    outer loop
      vertex 27.05 1.6 58
      vertex 26.3 1.6 54
      vertex 26.3 1.6 58
    endloop
  endfacet
  facet normal 1 0 0
    outer loop
      vertex 16.3 3.6 2
      vertex 16.3 36.1 58
      vertex 16.3 3.6 58
    endloop
  endfacet
  facet normal 1 0 0
    outer loop
      vertex 16.3 24.12440891073984 2
      vertex 16.3 36.1 2
      vertex 16.3 24.12440891073984 6
    endloop
  endfacet
  facet normal 0 0 1
    outer loop
      vertex 16.3 24.12440891073984 2
      vertex 16.57786404500042 24.55228201833979 2
      vertex 16.567949192431122 37.1 2
    endloop
  endfacet
  facet normal 0 0 1
    outer loop
      vertex 16.57786404500042 24.55228201833979 2
      vertex 17.104841396180845 25.203044850870867 2
      vertex 16.961738787282286 37.58628965095479 2
    endloop
  endfacet
  facet normal 0 0 1
    outer loop
      vertex 17.104841396180845 25.203044850870867 2
      vertex 17.696955149129135 25.795158603819154 2
      vertex 17.681966011250104 38.00211303259031 2
    endloop
  endfacet
  facet normal 0 0 1
    outer loop
      vertex 29.8 24.12440891073984 2
      vertex 29.8 36.1 2
      vertex 29.52213595499958 24.55228201833979 2
    endloop
  endfacet
  facet normal -1 0 0
    outer loop
      vertex 29.8 24.12440891073984 2
      vertex 29.8 24.12440891073984 6
      vertex 29.8 36.1 2
    endloop
  endfacet
  facet normal 0 0 1
    outer loop
      vertex 29.52213595499958 24.55228201833979 2
      vertex 29.53205080756888 37.1 2
      vertex 28.995158603819156 25.203044850870867 2
    endloop
  endfacet
  facet normal 0 0 1
    outer loop
      vertex 28.403044850870867 25.795158603819154 2
      vertex 28.995158603819156 25.203044850870867 2
      vertex 28.975570504584947 37.718033988749895 2
    endloop
  endfacet
  facet normal 1 0 0
    outer loop
      vertex 16.3 15.575591089260161 6
      vertex 16.3 18.97478384945393 6
      vertex 16.3 36.1 58
    endloop
  endfacet
  facet normal 1 0 0
    outer loop
      vertex 16.3 18.97478384945393 6
      vertex 16.3 20.72521615054607 6
      vertex 16.3 36.1 58
    endloop
  endfacet
  facet normal 1 0 0
    outer loop
      vertex 16.3 20.72521615054607 6
      vertex 16.3 24.12440891073984 6
      vertex 16.3 36.1 58
    endloop
  endfacet
  facet normal -1 0 0
    outer loop
      vertex 29.8 3.6 58
      vertex 29.8 36.1 2
      vertex 29.8 24.12440891073984 6
    endloop
  endfacet
  facet normal 0 0 1
    outer loop
      vertex 16.3 24.12440891073984 2
      vertex 16.310956209263455 36.309056926535305 2
      vertex 16.3 36.1 2
    endloop
  endfacet
  facet normal 0 0 1
    outer loop
      vertex 17.696955149129135 25.795158603819154 2
      vertex 18.347717981660217 26.32213595499958 2
      vertex 18.3 38.1 2
    endloop
  endfacet
  facet normal 0 0 1
    outer loop
      vertex 18.347717981660217 26.32213595499958 2
      vertex 19.05 26.77820323027551 2
      vertex 18.3 38.1 2
    endloop
  endfacet
  facet normal 0 0 1
    outer loop
      vertex 16.3 24.12440891073984 2
      vertex 16.34370479853239 36.51582338163552 2
      vertex 16.310956209263455 36.309056926535305 2
    endloop
  endfacet
  facet normal 0 0 1
    outer loop
      vertex 16.3 24.12440891073984 2
      vertex 16.397886967409693 36.718033988749895 2
      vertex 16.34370479853239 36.51582338163552 2
    endloop
  endfacet
  facet normal 0 0 1
    outer loop
      vertex 16.3 24.12440891073984 2
      vertex 16.4729090847148 36.9134732861516 2
      vertex 16.397886967409693 36.718033988749895 2
    endloop
  endfacet
  facet normal 0 0 1
    outer loop
      vertex 16.3 24.12440891073984 2
      vertex 16.567949192431122 37.1 2
      vertex 16.4729090847148 36.9134732861516 2
    endloop
  endfacet
  facet normal 0 0 1
    outer loop
      vertex 16.57786404500042 24.55228201833979 2
      vertex 16.681966011250104 37.27557050458495 2
      vertex 16.567949192431122 37.1 2
    endloop
  endfacet
  facet normal 0 0 1
    outer loop
      vertex 16.57786404500042 24.55228201833979 2
      vertex 16.813710349045213 37.43826121271772 2
      vertex 16.681966011250104 37.27557050458495 2
    endloop
  endfacet
  facet normal 0 0 1
    outer loop
      vertex 16.57786404500042 24.55228201833979 2
      vertex 16.961738787282286 37.58628965095479 2
      vertex 16.813710349045213 37.43826121271772 2
    endloop
  endfacet
  facet normal 0 0 1
    outer loop
      vertex 17.104841396180845 25.203044850870867 2
      vertex 17.124429495415054 37.718033988749895 2
      vertex 16.961738787282286 37.58628965095479 2
    endloop
  endfacet
  facet normal 0 0 1
    outer loop
      vertex 17.104841396180845 25.203044850870867 2
      vertex 17.3 37.832050807568876 2
      vertex 17.124429495415054 37.718033988749895 2
    endloop
  endfacet
  facet normal 0 0 1
    outer loop
      vertex 17.104841396180845 25.203044850870867 2
      vertex 17.4865267138484 37.927090915285206 2
      vertex 17.3 37.832050807568876 2
    endloop
  endfacet
  facet normal 0 0 1
    outer loop
      vertex 17.104841396180845 25.203044850870867 2
      vertex 17.681966011250104 38.00211303259031 2
      vertex 17.4865267138484 37.927090915285206 2
    endloop
  endfacet
  facet normal 0 0 1
    outer loop
      vertex 17.696955149129135 25.795158603819154 2
      vertex 17.88417661836448 38.05629520146761 2
      vertex 17.681966011250104 38.00211303259031 2
    endloop
  endfacet
  facet normal 0 0 1
    outer loop
      vertex 17.696955149129135 25.795158603819154 2
      vertex 18.090943073464693 38.08904379073655 2
      vertex 17.88417661836448 38.05629520146761 2
    endloop
  endfacet
  facet normal 0 0 1
    outer loop
      vertex 17.696955149129135 25.795158603819154 2
      vertex 18.3 38.1 2
      vertex 18.090943073464693 38.08904379073655 2
    endloop
  endfacet
  facet normal 0 0 1
    outer loop
      vertex 19.05 26.77820323027551 2
      vertex 19.7961068553936 27.158363661140807 2
      vertex 18.3 38.1 2
    endloop
  endfacet
  facet normal 0 0 1
    outer loop
      vertex 19.7961068553936 27.158363661140807 2
      vertex 20.57786404500042 27.45845213036123 2
      vertex 18.3 38.1 2
    endloop
  endfacet
  facet normal 0 0 1
    outer loop
      vertex 20.57786404500042 27.45845213036123 2
      vertex 21.386706473457927 27.675180805870447 2
      vertex 18.3 38.1 2
    endloop
  endfacet
  facet normal 0 0 1
    outer loop
      vertex 21.386706473457927 27.675180805870447 2
      vertex 22.213772293858774 27.80617516294619 2
      vertex 18.3 38.1 2
    endloop
  endfacet
  facet normal 0 0 1
    outer loop
      vertex 22.213772293858774 27.80617516294619 2
      vertex 27.8 38.1 2
      vertex 18.3 38.1 2
    endloop
  endfacet
  facet normal 0.15643446504022374 -0.9876883405951389 -7.365760242980145e-18
    outer loop
      vertex 17.88417661836448 38.05629520146761 2
      vertex 18.090943073464693 38.08904379073655 2
      vertex 18.05 38.082559044960675 38
    endloop
  endfacet
  facet normal 0.05233595624295049 -0.9986295347545735 0
    outer loop
      vertex 18.090943073464693 38.08904379073655 2
      vertex 18.3 38.1 2
      vertex 18.090943073464693 38.08904379073655 38
    endloop
  endfacet
  facet normal 0 0 1
    outer loop
      vertex 22.213772293858774 27.80617516294619 2
      vertex 23.05 27.85 2
      vertex 27.8 38.1 2
    endloop
  endfacet
  facet normal 0 0 1
    outer loop
      vertex 26.303893144606402 27.158363661140807 2
      vertex 27.8 38.1 2
      vertex 25.52213595499958 27.45845213036123 2
    endloop
  endfacet
  facet normal 0 0 1
    outer loop
      vertex 23.05 27.85 2
      vertex 23.886227706141227 27.80617516294619 2
      vertex 27.8 38.1 2
    endloop
  endfacet
  facet normal 0 0 1
    outer loop
      vertex 23.886227706141227 27.80617516294619 2
      vertex 24.713293526542074 27.675180805870447 2
      vertex 27.8 38.1 2
    endloop
  endfacet
  facet normal 0 0 1
    outer loop
      vertex 24.713293526542074 27.675180805870447 2
      vertex 25.52213595499958 27.45845213036123 2
      vertex 27.8 38.1 2
    endloop
  endfacet
  facet normal 0 0 1
    outer loop
      vertex 26.303893144606402 27.158363661140807 2
      vertex 27.05 26.77820323027551 2
      vertex 27.8 38.1 2
    endloop
  endfacet
  facet normal 0 0 1
    outer loop
      vertex 27.05 26.77820323027551 2
      vertex 27.752282018339784 26.32213595499958 2
      vertex 27.8 38.1 2
    endloop
  endfacet
  facet normal 0 0 1
    outer loop
      vertex 28.403044850870867 25.795158603819154 2
      vertex 28.418033988749897 38.00211303259031 2
      vertex 27.752282018339784 26.32213595499958 2
    endloop
  endfacet
  facet normal 0 0 1
    outer loop
      vertex 28.403044850870867 25.795158603819154 2
      vertex 28.613473286151603 37.927090915285206 2
      vertex 28.418033988749897 38.00211303259031 2
    endloop
  endfacet
  facet normal 0 0 1
    outer loop
      vertex 27.752282018339784 26.32213595499958 2
      vertex 28.009056926535308 38.08904379073655 2
      vertex 27.8 38.1 2
    endloop
  endfacet
  facet normal 0 0 1
    outer loop
      vertex 27.752282018339784 26.32213595499958 2
      vertex 28.21582338163552 38.05629520146761 2
      vertex 28.009056926535308 38.08904379073655 2
    endloop
  endfacet
  facet normal 0 0 1
    outer loop
      vertex 27.752282018339784 26.32213595499958 2
      vertex 28.418033988749897 38.00211303259031 2
      vertex 28.21582338163552 38.05629520146761 2
    endloop
  endfacet
  facet normal 0 0 1
    outer loop
      vertex 28.995158603819156 25.203044850870867 2
      vertex 29.28628965095479 37.43826121271772 2
      vertex 29.138261212717715 37.58628965095479 2
    endloop
  endfacet
  facet normal 0 0 1
    outer loop
      vertex 28.995158603819156 25.203044850870867 2
      vertex 29.53205080756888 37.1 2
      vertex 29.418033988749897 37.27557050458495 2
    endloop
  endfacet
  facet normal 0 0 1
    outer loop
      vertex 28.995158603819156 25.203044850870867 2
      vertex 29.418033988749897 37.27557050458495 2
      vertex 29.28628965095479 37.43826121271772 2
    endloop
  endfacet
  facet normal 0 0 1
    outer loop
      vertex 29.52213595499958 24.55228201833979 2
      vertex 29.8 36.1 2
      vertex 29.78904379073655 36.309056926535305 2
    endloop
  endfacet
  facet normal 0 0 1
    outer loop
      vertex 29.52213595499958 24.55228201833979 2
      vertex 29.78904379073655 36.309056926535305 2
      vertex 29.756295201467612 36.51582338163552 2
    endloop
  endfacet
  facet normal 0 0 1
    outer loop
      vertex 29.52213595499958 24.55228201833979 2
      vertex 29.756295201467612 36.51582338163552 2
      vertex 29.702113032590308 36.718033988749895 2
    endloop
  endfacet
  facet normal 0 0 1
    outer loop
      vertex 29.52213595499958 24.55228201833979 2
      vertex 29.6270909152852 36.9134732861516 2
      vertex 29.53205080756888 37.1 2
    endloop
  endfacet
  facet normal 0 0 1
    outer loop
      vertex 29.52213595499958 24.55228201833979 2
      vertex 29.702113032590308 36.718033988749895 2
      vertex 29.6270909152852 36.9134732861516 2
    endloop
  endfacet
  facet normal 0 0 1
    outer loop
      vertex 28.403044850870867 25.795158603819154 2
      vertex 28.975570504584947 37.718033988749895 2
      vertex 28.8 37.832050807568876 2
    endloop
  endfacet
  facet normal 0 0 1
    outer loop
      vertex 28.403044850870867 25.795158603819154 2
      vertex 28.8 37.832050807568876 2
      vertex 28.613473286151603 37.927090915285206 2
    endloop
  endfacet
  facet normal 0 0 1
    outer loop
      vertex 28.995158603819156 25.203044850870867 2
      vertex 29.138261212717715 37.58628965095479 2
      vertex 28.975570504584947 37.718033988749895 2
    endloop
  endfacet
  facet normal 0 -1 0
    outer loop
      vertex 18.3 38.1 2
      vertex 27.8 38.1 2
      vertex 27.05 38.1 38
    endloop
  endfacet
  facet normal -0.05233595624295049 -0.9986295347545735 0
    outer loop
      vertex 27.8 38.1 2
      vertex 28.009056926535308 38.08904379073655 2
      vertex 27.8 38.1 38
    endloop
  endfacet
  facet normal 1 0 0
    outer loop
      vertex 16.3 24.12440891073984 6
      vertex 16.3 36.1 2
      vertex 16.3 36.1 58
    endloop
  endfacet
  facet normal 0.9986295347545735 -0.05233595624295138 0
    outer loop
      vertex 16.3 36.1 2
      vertex 16.310956209263455 36.309056926535305 2
      vertex 16.310956209263455 36.309056926535305 58
    endloop
  endfacet
  facet normal 0.9876883405951393 -0.15643446504022113 0
    outer loop
      vertex 16.310956209263455 36.309056926535305 2
      vertex 16.34370479853239 36.51582338163552 2
      vertex 16.34370479853239 36.51582338163552 58
    endloop
  endfacet
  facet normal 0.9659258262890676 -0.25881904510252335 0
    outer loop
      vertex 16.34370479853239 36.51582338163552 2
      vertex 16.397886967409693 36.718033988749895 2
      vertex 16.397886967409693 36.718033988749895 58
    endloop
  endfacet
  facet normal 0.9335804264971995 -0.358367949545306 0
    outer loop
      vertex 16.397886967409693 36.718033988749895 2
      vertex 16.4729090847148 36.9134732861516 2
      vertex 16.4729090847148 36.9134732861516 58
    endloop
  endfacet
  facet normal 0.8910065241883743 -0.45399049973953404 0
    outer loop
      vertex 16.4729090847148 36.9134732861516 2
      vertex 16.567949192431122 37.1 2
      vertex 16.567949192431122 37.1 58
    endloop
  endfacet
  facet normal 0.8386705679454259 -0.5446390350150241 0
    outer loop
      vertex 16.567949192431122 37.1 2
      vertex 16.681966011250104 37.27557050458495 2
      vertex 16.681966011250104 37.27557050458495 58
    endloop
  endfacet
  facet normal 0.7771459614569682 -0.6293203910498408 0
    outer loop
      vertex 16.681966011250104 37.27557050458495 2
      vertex 16.813710349045213 37.43826121271772 2
      vertex 16.813710349045213 37.43826121271772 58
    endloop
  endfacet
  facet normal 0.707106781186539 -0.707106781186556 0
    outer loop
      vertex 16.813710349045213 37.43826121271772 2
      vertex 16.961738787282286 37.58628965095479 2
      vertex 16.961738787282286 37.58628965095479 58
    endloop
  endfacet
  facet normal 0.6293203910498388 -0.7771459614569697 0
    outer loop
      vertex 16.961738787282286 37.58628965095479 2
      vertex 17.124429495415054 37.718033988749895 2
      vertex 17.124429495415054 37.718033988749895 58
    endloop
  endfacet
  facet normal 0.5446390350150241 -0.8386705679454259 0
    outer loop
      vertex 17.124429495415054 37.718033988749895 2
      vertex 17.3 37.832050807568876 2
      vertex 17.3 37.832050807568876 58
    endloop
  endfacet
  facet normal 0.45399049973956784 -0.891006524188357 0
    outer loop
      vertex 17.3 37.832050807568876 2
      vertex 17.4865267138484 37.927090915285206 2
      vertex 17.4865267138484 37.927090915285206 58
    endloop
  endfacet
  facet normal 0.35836794954529116 -0.9335804264972052 0
    outer loop
      vertex 17.4865267138484 37.927090915285206 2
      vertex 17.681966011250104 38.00211303259031 2
      vertex 17.681966011250104 38.00211303259031 58
    endloop
  endfacet
  facet normal 0.2588190451025191 -0.9659258262890688 0
    outer loop
      vertex 17.681966011250104 38.00211303259031 2
      vertex 17.88417661836448 38.05629520146761 2
      vertex 17.88417661836448 38.05629520146761 58
    endloop
  endfacet
  facet normal 0.15643446504023 -0.9876883405951379 0
    outer loop
      vertex 18.090943073464693 38.08904379073655 2
      vertex 18.090943073464693 38.08904379073655 38
      vertex 18.05 38.082559044960675 38
    endloop
  endfacet
  facet normal 0.05233595624295049 -0.9986295347545735 0
    outer loop
      vertex 18.3 38.1 2
      vertex 18.3 38.1 38
      vertex 18.090943073464693 38.08904379073655 38
    endloop
  endfacet
  facet normal 0 -1 0
    outer loop
      vertex 18.3 38.1 2
      vertex 19.05 38.1 38
      vertex 18.3 38.1 38
    endloop
  endfacet
  facet normal -0.9986295347545744 -0.05233595624293445 0
    outer loop
      vertex 29.8 36.1 2
      vertex 29.8 36.1 58
      vertex 29.78904379073655 36.309056926535305 2
    endloop
  endfacet
  facet normal -0.9876883405951368 -0.1564344650402377 0
    outer loop
      vertex 29.78904379073655 36.309056926535305 2
      vertex 29.78904379073655 36.309056926535305 58
      vertex 29.756295201467612 36.51582338163552 2
    endloop
  endfacet
  facet normal -0.9659258262890676 -0.25881904510252335 0
    outer loop
      vertex 29.756295201467612 36.51582338163552 2
      vertex 29.756295201467612 36.51582338163552 58
      vertex 29.702113032590308 36.718033988749895 2
    endloop
  endfacet
  facet normal -0.9335804264971995 -0.358367949545306 0
    outer loop
      vertex 29.702113032590308 36.718033988749895 2
      vertex 29.702113032590308 36.718033988749895 58
      vertex 29.6270909152852 36.9134732861516 2
    endloop
  endfacet
  facet normal -0.8910065241883743 -0.45399049973953404 0
    outer loop
      vertex 29.6270909152852 36.9134732861516 2
      vertex 29.6270909152852 36.9134732861516 58
      vertex 29.53205080756888 37.1 2
    endloop
  endfacet
  facet normal -0.8386705679454259 -0.5446390350150241 0
    outer loop
      vertex 29.53205080756888 37.1 2
      vertex 29.53205080756888 37.1 58
      vertex 29.418033988749897 37.27557050458495 2
    endloop
  endfacet
  facet normal -0.15643446504022374 -0.9876883405951389 0
    outer loop
      vertex 28.009056926535308 38.08904379073655 2
      vertex 28.21582338163552 38.05629520146761 2
      vertex 28.21582338163552 38.05629520146761 58
    endloop
  endfacet
  facet normal -0.2588190451025191 -0.9659258262890688 0
    outer loop
      vertex 28.21582338163552 38.05629520146761 2
      vertex 28.418033988749897 38.00211303259031 2
      vertex 28.418033988749897 38.00211303259031 58
    endloop
  endfacet
  facet normal -0.5446390350150241 -0.8386705679454259 0
    outer loop
      vertex 28.8 37.832050807568876 2
      vertex 28.975570504584947 37.718033988749895 2
      vertex 28.975570504584947 37.718033988749895 58
    endloop
  endfacet
  facet normal -0.7771459614569682 -0.6293203910498408 0
    outer loop
      vertex 29.418033988749897 37.27557050458495 2
      vertex 29.418033988749897 37.27557050458495 58
      vertex 29.28628965095479 37.43826121271772 2
    endloop
  endfacet
  facet normal -0.707106781186539 -0.707106781186556 0
    outer loop
      vertex 29.28628965095479 37.43826121271772 2
      vertex 29.28628965095479 37.43826121271772 58
      vertex 29.138261212717715 37.58628965095479 2
    endloop
  endfacet
  facet normal -0.6293203910498388 -0.7771459614569697 0
    outer loop
      vertex 29.138261212717715 37.58628965095479 2
      vertex 29.138261212717715 37.58628965095479 58
      vertex 28.975570504584947 37.718033988749895 2
    endloop
  endfacet
  facet normal -0.35836794954529116 -0.9335804264972052 0
    outer loop
      vertex 28.418033988749897 38.00211303259031 2
      vertex 28.613473286151603 37.927090915285206 2
      vertex 28.613473286151603 37.927090915285206 58
    endloop
  endfacet
  facet normal -0.45399049973956784 -0.891006524188357 0
    outer loop
      vertex 28.8 37.832050807568876 2
      vertex 28.8 37.832050807568876 58
      vertex 28.613473286151603 37.927090915285206 2
    endloop
  endfacet
  facet normal 0 -1 0
    outer loop
      vertex 27.8 38.1 2
      vertex 27.8 38.1 38
      vertex 27.05 38.1 38
    endloop
  endfacet
  facet normal -0.05233595624295049 -0.9986295347545735 0
    outer loop
      vertex 28.009056926535308 38.08904379073655 2
      vertex 28.009056926535308 38.08904379073655 38
      vertex 27.8 38.1 38
    endloop
  endfacet
  facet normal -0.15643446504023 -0.9876883405951379 0
    outer loop
      vertex 28.009056926535308 38.08904379073655 2
      vertex 28.05 38.082559044960675 38
      vertex 28.009056926535308 38.08904379073655 38
    endloop
  endfacet
  facet normal -1 0 0
    outer loop
      vertex 29.8 3.6 58
      vertex 29.8 36.1 58
      vertex 29.8 36.1 2
    endloop
  endfacet
  facet normal 0.1564344650402222 -0.9876883405951392 0
    outer loop
      vertex 17.88417661836448 38.05629520146761 2
      vertex 18.05 38.082559044960675 38
      vertex 18.05 38.082559044960675 58
    endloop
  endfacet
  facet normal 0 -1 0
    outer loop
      vertex 18.3 38.1 2
      vertex 26.3 38.1 54
      vertex 19.05 38.1 38
    endloop
  endfacet
  facet normal 0.9986295347545735 -0.05233595624295138 0
    outer loop
      vertex 16.3 36.1 2
      vertex 16.310956209263455 36.309056926535305 58
      vertex 16.3 36.1 58
    endloop
  endfacet
  facet normal 0.9876883405951393 -0.15643446504022113 0
    outer loop
      vertex 16.310956209263455 36.309056926535305 2
      vertex 16.34370479853239 36.51582338163552 58
      vertex 16.310956209263455 36.309056926535305 58
    endloop
  endfacet
  facet normal 0.9659258262890676 -0.25881904510252335 0
    outer loop
      vertex 16.34370479853239 36.51582338163552 2
      vertex 16.397886967409693 36.718033988749895 58
      vertex 16.34370479853239 36.51582338163552 58
    endloop
  endfacet
  facet normal 0.9335804264971995 -0.358367949545306 0
    outer loop
      vertex 16.397886967409693 36.718033988749895 2
      vertex 16.4729090847148 36.9134732861516 58
      vertex 16.397886967409693 36.718033988749895 58
    endloop
  endfacet
  facet normal 0.8910065241883743 -0.45399049973953404 0
    outer loop
      vertex 16.4729090847148 36.9134732861516 2
      vertex 16.567949192431122 37.1 58
      vertex 16.4729090847148 36.9134732861516 58
    endloop
  endfacet
  facet normal 0.8386705679454259 -0.5446390350150241 0
    outer loop
      vertex 16.567949192431122 37.1 2
      vertex 16.681966011250104 37.27557050458495 58
      vertex 16.567949192431122 37.1 58
    endloop
  endfacet
  facet normal 0.7771459614569682 -0.6293203910498408 0
    outer loop
      vertex 16.681966011250104 37.27557050458495 2
      vertex 16.813710349045213 37.43826121271772 58
      vertex 16.681966011250104 37.27557050458495 58
    endloop
  endfacet
  facet normal 0.707106781186539 -0.707106781186556 0
    outer loop
      vertex 16.813710349045213 37.43826121271772 2
      vertex 16.961738787282286 37.58628965095479 58
      vertex 16.813710349045213 37.43826121271772 58
    endloop
  endfacet
  facet normal 0.6293203910498388 -0.7771459614569697 0
    outer loop
      vertex 16.961738787282286 37.58628965095479 2
      vertex 17.124429495415054 37.718033988749895 58
      vertex 16.961738787282286 37.58628965095479 58
    endloop
  endfacet
  facet normal 0.5446390350150241 -0.8386705679454259 0
    outer loop
      vertex 17.124429495415054 37.718033988749895 2
      vertex 17.3 37.832050807568876 58
      vertex 17.124429495415054 37.718033988749895 58
    endloop
  endfacet
  facet normal 0.45399049973956784 -0.891006524188357 0
    outer loop
      vertex 17.3 37.832050807568876 2
      vertex 17.4865267138484 37.927090915285206 58
      vertex 17.3 37.832050807568876 58
    endloop
  endfacet
  facet normal 0.35836794954529116 -0.9335804264972052 0
    outer loop
      vertex 17.4865267138484 37.927090915285206 2
      vertex 17.681966011250104 38.00211303259031 58
      vertex 17.4865267138484 37.927090915285206 58
    endloop
  endfacet
  facet normal 0.2588190451025191 -0.9659258262890688 0
    outer loop
      vertex 17.681966011250104 38.00211303259031 2
      vertex 17.88417661836448 38.05629520146761 58
      vertex 17.681966011250104 38.00211303259031 58
    endloop
  endfacet
  facet normal 0.1564344650402222 -0.9876883405951391 0
    outer loop
      vertex 17.88417661836448 38.05629520146761 2
      vertex 18.05 38.082559044960675 58
      vertex 17.88417661836448 38.05629520146761 58
    endloop
  endfacet
  facet normal 0 -1 0
    outer loop
      vertex 18.3 38.1 2
      vertex 27.05 38.1 38
      vertex 27.05 38.1 58
    endloop
  endfacet
  facet normal -0.15643446504022093 -0.9876883405951393 -1.0561385355051607e-17
    outer loop
      vertex 28.009056926535308 38.08904379073655 2
      vertex 28.21582338163552 38.05629520146761 58
      vertex 28.05 38.082559044960675 38
    endloop
  endfacet
  facet normal 0 -1 0
    outer loop
      vertex 18.3 38.1 2
      vertex 27.05 38.1 58
      vertex 26.3 38.1 54
    endloop
  endfacet
  facet normal -0.9986295347545744 -0.05233595624293445 0
    outer loop
      vertex 29.78904379073655 36.309056926535305 2
      vertex 29.8 36.1 58
      vertex 29.78904379073655 36.309056926535305 58
    endloop
  endfacet
  facet normal -0.9876883405951368 -0.1564344650402377 0
    outer loop
      vertex 29.756295201467612 36.51582338163552 2
      vertex 29.78904379073655 36.309056926535305 58
      vertex 29.756295201467612 36.51582338163552 58
    endloop
  endfacet
  facet normal -0.9335804264971995 -0.358367949545306 0
    outer loop
      vertex 29.6270909152852 36.9134732861516 2
      vertex 29.702113032590308 36.718033988749895 58
      vertex 29.6270909152852 36.9134732861516 58
    endloop
  endfacet
  facet normal -0.9659258262890676 -0.25881904510252335 0
    outer loop
      vertex 29.702113032590308 36.718033988749895 2
      vertex 29.756295201467612 36.51582338163552 58
      vertex 29.702113032590308 36.718033988749895 58
    endloop
  endfacet
  facet normal -0.8910065241883743 -0.45399049973953404 0
    outer loop
      vertex 29.53205080756888 37.1 2
      vertex 29.6270909152852 36.9134732861516 58
      vertex 29.53205080756888 37.1 58
    endloop
  endfacet
  facet normal -0.8386705679454259 -0.5446390350150241 0
    outer loop
      vertex 29.418033988749897 37.27557050458495 2
      vertex 29.53205080756888 37.1 58
      vertex 29.418033988749897 37.27557050458495 58
    endloop
  endfacet
  facet normal -0.35836794954529116 -0.9335804264972052 0
    outer loop
      vertex 28.418033988749897 38.00211303259031 2
      vertex 28.613473286151603 37.927090915285206 58
      vertex 28.418033988749897 38.00211303259031 58
    endloop
  endfacet
  facet normal -0.2588190451025191 -0.9659258262890688 0
    outer loop
      vertex 28.21582338163552 38.05629520146761 2
      vertex 28.418033988749897 38.00211303259031 58
      vertex 28.21582338163552 38.05629520146761 58
    endloop
  endfacet
  facet normal -0.5446390350150241 -0.8386705679454259 0
    outer loop
      vertex 28.8 37.832050807568876 2
      vertex 28.975570504584947 37.718033988749895 58
      vertex 28.8 37.832050807568876 58
    endloop
  endfacet
  facet normal -0.7771459614569682 -0.6293203910498408 0
    outer loop
      vertex 29.28628965095479 37.43826121271772 2
      vertex 29.418033988749897 37.27557050458495 58
      vertex 29.28628965095479 37.43826121271772 58
    endloop
  endfacet
  facet normal -0.6293203910498388 -0.7771459614569697 0
    outer loop
      vertex 28.975570504584947 37.718033988749895 2
      vertex 29.138261212717715 37.58628965095479 58
      vertex 28.975570504584947 37.718033988749895 58
    endloop
  endfacet
  facet normal -0.707106781186539 -0.707106781186556 0
    outer loop
      vertex 29.138261212717715 37.58628965095479 2
      vertex 29.28628965095479 37.43826121271772 58
      vertex 29.138261212717715 37.58628965095479 58
    endloop
  endfacet
  facet normal -0.45399049973956784 -0.891006524188357 0
    outer loop
      vertex 28.613473286151603 37.927090915285206 2
      vertex 28.8 37.832050807568876 58
      vertex 28.613473286151603 37.927090915285206 58
    endloop
  endfacet
  facet normal 0 -1 0
    outer loop
      vertex 19.05 38.1 38
      vertex 19.8 38.1 54
      vertex 19.05 38.1 58
    endloop
  endfacet
  facet normal 0 -1 0
    outer loop
      vertex 19.05 38.1 38
      vertex 26.3 38.1 54
      vertex 19.8 38.1 54
    endloop
  endfacet
  facet normal 0 -1 0
    outer loop
      vertex 19.05 38.1 58
      vertex 19.8 38.1 54
      vertex 19.8 38.1 58
    endloop
  endfacet
  facet normal 0 -1 0
    outer loop
      vertex 27.05 38.1 58
      vertex 26.3 38.1 58
      vertex 26.3 38.1 54
    endloop
  endfacet
  facet normal -0.1564344650402222 -0.9876883405951392 0
    outer loop
      vertex 28.05 38.082559044960675 38
      vertex 28.21582338163552 38.05629520146761 58
      vertex 28.05 38.082559044960675 58
    endloop
  endfacet
  facet normal 0.7771459614569718 0.6293203910498362 0
    outer loop
      vertex 17.104841396180845 14.496955149129134 0
      vertex 16.57786404500042 15.147717981660215 2
      vertex 17.104841396180845 14.496955149129134 2
    endloop
  endfacet
  facet normal 0.5446390350150275 0.8386705679454237 0
    outer loop
      vertex 18.347717981660217 13.37786404500042 0
      vertex 18.347717981660217 13.37786404500042 2
      vertex 19.05 12.92179676972449 0
    endloop
  endfacet
  facet normal 0.6293203910498364 0.7771459614569717 0
    outer loop
      vertex 18.347717981660217 13.37786404500042 0
      vertex 17.696955149129135 13.904841396180846 2
      vertex 18.347717981660217 13.37786404500042 2
    endloop
  endfacet
  facet normal 0.5446390350150275 0.8386705679454237 0
    outer loop
      vertex 18.347717981660217 13.37786404500042 2
      vertex 19.05 12.92179676972449 2
      vertex 19.05 12.92179676972449 0
    endloop
  endfacet
  facet normal 0.6293203910498364 0.7771459614569717 0
    outer loop
      vertex 18.347717981660217 13.37786404500042 0
      vertex 17.696955149129135 13.904841396180846 0
      vertex 17.696955149129135 13.904841396180846 2
    endloop
  endfacet
  facet normal 0.7071067811865465 0.7071067811865487 0
    outer loop
      vertex 17.696955149129135 13.904841396180846 0
      vertex 17.104841396180845 14.496955149129134 2
      vertex 17.696955149129135 13.904841396180846 2
    endloop
  endfacet
  facet normal 0.7071067811865465 0.7071067811865487 0
    outer loop
      vertex 17.696955149129135 13.904841396180846 0
      vertex 17.104841396180845 14.496955149129134 0
      vertex 17.104841396180845 14.496955149129134 2
    endloop
  endfacet
  facet normal 0.2588190451025202 0.9659258262890685 0
    outer loop
      vertex 20.57786404500042 12.24154786963877 0
      vertex 20.57786404500042 12.24154786963877 2
      vertex 21.386706473457927 12.024819194129554 0
    endloop
  endfacet
  facet normal 0.35836794954530227 0.933580426497201 0
    outer loop
      vertex 20.57786404500042 12.24154786963877 0
      vertex 19.7961068553936 12.541636338859194 2
      vertex 20.57786404500042 12.24154786963877 2
    endloop
  endfacet
  facet normal 0.15643446504022995 0.9876883405951379 0
    outer loop
      vertex 21.386706473457927 12.024819194129554 0
      vertex 21.386706473457927 12.024819194129554 2
      vertex 22.213772293858774 11.893824837053813 0
    endloop
  endfacet
  facet normal 0.2588190451025202 0.9659258262890685 0
    outer loop
      vertex 20.57786404500042 12.24154786963877 2
      vertex 21.386706473457927 12.024819194129554 2
      vertex 21.386706473457927 12.024819194129554 0
    endloop
  endfacet
  facet normal 0.05233595624294436 0.9986295347545738 0
    outer loop
      vertex 22.213772293858774 11.893824837053813 0
      vertex 22.213772293858774 11.893824837053813 2
      vertex 23.05 11.85 0
    endloop
  endfacet
  facet normal 0.15643446504022995 0.9876883405951379 0
    outer loop
      vertex 22.213772293858774 11.893824837053813 0
      vertex 21.386706473457927 12.024819194129554 2
      vertex 22.213772293858774 11.893824837053813 2
    endloop
  endfacet
  facet normal 0.05233595624294436 0.9986295347545738 0
    outer loop
      vertex 22.213772293858774 11.893824837053813 2
      vertex 23.05 11.85 2
      vertex 23.05 11.85 0
    endloop
  endfacet
  facet normal 0.4539904997395459 0.8910065241883683 0
    outer loop
      vertex 19.05 12.92179676972449 0
      vertex 19.05 12.92179676972449 2
      vertex 19.7961068553936 12.541636338859194 0
    endloop
  endfacet
  facet normal 0.4539904997395459 0.8910065241883683 0
    outer loop
      vertex 19.7961068553936 12.541636338859194 0
      vertex 19.05 12.92179676972449 2
      vertex 19.7961068553936 12.541636338859194 2
    endloop
  endfacet
  facet normal 0.35836794954530227 0.933580426497201 0
    outer loop
      vertex 20.57786404500042 12.24154786963877 0
      vertex 19.7961068553936 12.541636338859194 0
      vertex 19.7961068553936 12.541636338859194 2
    endloop
  endfacet
  facet normal 0.7771459614569718 0.6293203910498362 0
    outer loop
      vertex 17.104841396180845 14.496955149129134 0
      vertex 16.57786404500042 15.147717981660215 0
      vertex 16.57786404500042 15.147717981660215 2
    endloop
  endfacet
  facet normal 0.8386705679454245 0.5446390350150265 0
    outer loop
      vertex 16.57786404500042 15.147717981660215 0
      vertex 16.3 15.575591089260161 2
      vertex 16.57786404500042 15.147717981660215 2
    endloop
  endfacet
  facet normal 0.8386705679454234 0.544639035015028 -4.806158558544536e-16
    outer loop
      vertex 16.12179676972449 15.85 0
      vertex 16.3 15.575591089260161 2
      vertex 16.57786404500042 15.147717981660215 0
    endloop
  endfacet
  facet normal 0.8386705679454218 0.5446390350150304 0
    outer loop
      vertex 16.12179676972449 15.85 0
      vertex 16.12179676972449 15.85 6
      vertex 16.3 15.575591089260161 2
    endloop
  endfacet
  facet normal 0.8910065241883696 0.45399049973954336 0
    outer loop
      vertex 16.12179676972449 15.85 0
      vertex 15.741636338859195 16.5961068553936 0
      vertex 15.741636338859195 16.5961068553936 6
    endloop
  endfacet
  facet normal 0.9335804264971975 0.35836794954531115 0
    outer loop
      vertex 15.741636338859195 16.5961068553936 0
      vertex 15.7 16.704573226449572 0
      vertex 15.7 16.704573226449572 6
    endloop
  endfacet
  facet normal 0.8910065241883696 0.45399049973954336 0
    outer loop
      vertex 16.12179676972449 15.85 0
      vertex 15.741636338859195 16.5961068553936 6
      vertex 16.12179676972449 15.85 6
    endloop
  endfacet
  facet normal 0.8386705679454218 0.5446390350150304 0
    outer loop
      vertex 16.3 15.575591089260161 2
      vertex 16.12179676972449 15.85 6
      vertex 16.3 15.575591089260161 6
    endloop
  endfacet
  facet normal 0.9335804264971975 0.35836794954531115 0
    outer loop
      vertex 15.741636338859195 16.5961068553936 0
      vertex 15.7 16.704573226449572 6
      vertex 15.741636338859195 16.5961068553936 6
    endloop
  endfacet
  facet normal 0 0 -1
    outer loop
      vertex 16.12179676972449 15.85 6
      vertex 15.741636338859195 16.5961068553936 6
      vertex 15.958452130361229 17.377864045000422 6
    endloop
  endfacet
  facet normal 0 0 -1
    outer loop
      vertex 15.741636338859195 16.5961068553936 6
      vertex 15.7 16.704573226449572 6
      vertex 15.958452130361229 17.377864045000422 6
    endloop
  endfacet
  facet normal 0 0 -1
    outer loop
      vertex 16.12179676972449 15.85 6
      vertex 15.958452130361229 17.377864045000422 6
      vertex 16.175180805870447 18.186706473457928 6
    endloop
  endfacet
  facet normal 0 0 -1
    outer loop
      vertex 16.12179676972449 15.85 6
      vertex 16.175180805870447 18.186706473457928 6
      vertex 16.3 15.575591089260161 6
    endloop
  endfacet
  facet normal 0 0 -1
    outer loop
      vertex 16.3 15.575591089260161 6
      vertex 16.175180805870447 18.186706473457928 6
      vertex 16.3 18.97478384945393 6
    endloop
  endfacet
  facet normal -0.05233595624294436 0.9986295347545738 0
    outer loop
      vertex 23.05 11.85 0
      vertex 23.05 11.85 2
      vertex 23.886227706141227 11.893824837053813 0
    endloop
  endfacet
  facet normal -0.05233595624294436 0.9986295347545738 0
    outer loop
      vertex 23.886227706141227 11.893824837053813 0
      vertex 23.05 11.85 2
      vertex 23.886227706141227 11.893824837053813 2
    endloop
  endfacet
  facet normal -0.15643446504022995 0.9876883405951379 0
    outer loop
      vertex 23.886227706141227 11.893824837053813 0
      vertex 23.886227706141227 11.893824837053813 2
      vertex 24.713293526542074 12.024819194129554 0
    endloop
  endfacet
  facet normal -0.15643446504022995 0.9876883405951379 0
    outer loop
      vertex 23.886227706141227 11.893824837053813 2
      vertex 24.713293526542074 12.024819194129554 2
      vertex 24.713293526542074 12.024819194129554 0
    endloop
  endfacet
  facet normal -0.2588190451025202 0.9659258262890685 0
    outer loop
      vertex 24.713293526542074 12.024819194129554 0
      vertex 24.713293526542074 12.024819194129554 2
      vertex 25.52213595499958 12.24154786963877 0
    endloop
  endfacet
  facet normal -0.2588190451025202 0.9659258262890685 0
    outer loop
      vertex 25.52213595499958 12.24154786963877 0
      vertex 24.713293526542074 12.024819194129554 2
      vertex 25.52213595499958 12.24154786963877 2
    endloop
  endfacet
  facet normal -0.35836794954530227 0.933580426497201 0
    outer loop
      vertex 25.52213595499958 12.24154786963877 0
      vertex 25.52213595499958 12.24154786963877 2
      vertex 26.303893144606402 12.541636338859194 0
    endloop
  endfacet
  facet normal -0.4539904997395459 0.8910065241883683 0
    outer loop
      vertex 26.303893144606402 12.541636338859194 0
      vertex 26.303893144606402 12.541636338859194 2
      vertex 27.05 12.92179676972449 0
    endloop
  endfacet
  facet normal -0.35836794954530227 0.933580426497201 0
    outer loop
      vertex 25.52213595499958 12.24154786963877 2
      vertex 26.303893144606402 12.541636338859194 2
      vertex 26.303893144606402 12.541636338859194 0
    endloop
  endfacet
  facet normal -0.4539904997395459 0.8910065241883683 0
    outer loop
      vertex 26.303893144606402 12.541636338859194 2
      vertex 27.05 12.92179676972449 2
      vertex 27.05 12.92179676972449 0
    endloop
  endfacet
  facet normal -0.5446390350150275 0.8386705679454237 0
    outer loop
      vertex 27.05 12.92179676972449 0
      vertex 27.05 12.92179676972449 2
      vertex 27.752282018339784 13.37786404500042 0
    endloop
  endfacet
  facet normal -0.5446390350150275 0.8386705679454237 0
    outer loop
      vertex 27.752282018339784 13.37786404500042 0
      vertex 27.05 12.92179676972449 2
      vertex 27.752282018339784 13.37786404500042 2
    endloop
  endfacet
  facet normal -0.6293203910498364 0.7771459614569717 0
    outer loop
      vertex 27.752282018339784 13.37786404500042 0
      vertex 27.752282018339784 13.37786404500042 2
      vertex 28.403044850870867 13.904841396180846 0
    endloop
  endfacet
  facet normal -0.6293203910498364 0.7771459614569717 0
    outer loop
      vertex 27.752282018339784 13.37786404500042 2
      vertex 28.403044850870867 13.904841396180846 2
      vertex 28.403044850870867 13.904841396180846 0
    endloop
  endfacet
  facet normal -0.7071067811865465 0.7071067811865487 0
    outer loop
      vertex 28.403044850870867 13.904841396180846 0
      vertex 28.403044850870867 13.904841396180846 2
      vertex 28.995158603819156 14.496955149129134 0
    endloop
  endfacet
  facet normal -0.7771459614569718 0.6293203910498362 0
    outer loop
      vertex 28.995158603819156 14.496955149129134 0
      vertex 28.995158603819156 14.496955149129134 2
      vertex 29.52213595499958 15.147717981660215 0
    endloop
  endfacet
  facet normal -0.7071067811865465 0.7071067811865487 0
    outer loop
      vertex 28.403044850870867 13.904841396180846 2
      vertex 28.995158603819156 14.496955149129134 2
      vertex 28.995158603819156 14.496955149129134 0
    endloop
  endfacet
  facet normal -0.7771459614569718 0.6293203910498362 0
    outer loop
      vertex 28.995158603819156 14.496955149129134 2
      vertex 29.52213595499958 15.147717981660215 2
      vertex 29.52213595499958 15.147717981660215 0
    endloop
  endfacet
  facet normal -0.8386705679454234 0.544639035015028 0
    outer loop
      vertex 29.52213595499958 15.147717981660215 0
      vertex 29.52213595499958 15.147717981660215 2
      vertex 29.97820323027551 15.85 0
    endloop
  endfacet
  facet normal -0.8386705679454245 0.5446390350150265 -7.888504028422172e-16
    outer loop
      vertex 29.97820323027551 15.85 0
      vertex 29.52213595499958 15.147717981660215 2
      vertex 29.8 15.575591089260161 2
    endloop
  endfacet
  facet normal -0.8386705679454218 0.5446390350150304 0
    outer loop
      vertex 29.97820323027551 15.85 0
      vertex 29.8 15.575591089260161 2
      vertex 29.97820323027551 15.85 6
    endloop
  endfacet
  facet normal -0.8910065241883696 0.45399049973954336 0
    outer loop
      vertex 29.97820323027551 15.85 0
      vertex 29.97820323027551 15.85 6
      vertex 30.358363661140807 16.5961068553936 0
    endloop
  endfacet
  facet normal -0.9335804264972039 0.3583679495452948 0
    outer loop
      vertex 30.358363661140807 16.5961068553936 0
      vertex 30.358363661140807 16.5961068553936 6
      vertex 30.4 16.70457322644957 0
    endloop
  endfacet
  facet normal -0.8386705679454218 0.5446390350150304 0
    outer loop
      vertex 29.8 15.575591089260161 2
      vertex 29.8 15.575591089260161 6
      vertex 29.97820323027551 15.85 6
    endloop
  endfacet
  facet normal -0.8910065241883696 0.45399049973954336 0
    outer loop
      vertex 30.358363661140807 16.5961068553936 0
      vertex 29.97820323027551 15.85 6
      vertex 30.358363661140807 16.5961068553936 6
    endloop
  endfacet
  facet normal -0.9335804264972039 0.3583679495452948 0
    outer loop
      vertex 30.4 16.70457322644957 0
      vertex 30.358363661140807 16.5961068553936 6
      vertex 30.4 16.70457322644957 6
    endloop
  endfacet
  facet normal 0 0 -1
    outer loop
      vertex 29.8 15.575591089260161 6
      vertex 29.924819194129554 18.186706473457928 6
      vertex 29.97820323027551 15.85 6
    endloop
  endfacet
  facet normal 0 0 -1
    outer loop
      vertex 29.97820323027551 15.85 6
      vertex 30.4 16.70457322644957 6
      vertex 30.358363661140807 16.5961068553936 6
    endloop
  endfacet
  facet normal 0 0 -1
    outer loop
      vertex 29.97820323027551 15.85 6
      vertex 30.14154786963877 17.377864045000422 6
      vertex 30.4 16.70457322644957 6
    endloop
  endfacet
  facet normal 0 0 -1
    outer loop
      vertex 29.97820323027551 15.85 6
      vertex 29.924819194129554 18.186706473457928 6
      vertex 30.14154786963877 17.377864045000422 6
    endloop
  endfacet
  facet normal 0 0 -1
    outer loop
      vertex 29.8 15.575591089260161 6
      vertex 29.8 18.97478384945391 6
      vertex 29.924819194129554 18.186706473457928 6
    endloop
  endfacet
  facet normal 0 0 -1
    outer loop
      vertex 16.3 20.72521615054607 6
      vertex 16.175180805870447 21.513293526542075 6
      vertex 16.3 24.12440891073984 6
    endloop
  endfacet
  facet normal 0.9335804264971975 -0.35836794954531115 0
    outer loop
      vertex 15.7 22.99542677355043 0
      vertex 15.741636338859195 23.103893144606403 0
      vertex 15.741636338859195 23.103893144606403 6
    endloop
  endfacet
  facet normal 0.8386705679454245 -0.5446390350150265 -2.9921911831946173e-16
    outer loop
      vertex 16.12179676972449 23.85 0
      vertex 16.57786404500042 24.55228201833979 2
      vertex 16.3 24.12440891073984 2
    endloop
  endfacet
  facet normal 0.838670567945424 -0.5446390350150271 0
    outer loop
      vertex 16.12179676972449 23.85 0
      vertex 16.57786404500042 24.55228201833979 0
      vertex 16.57786404500042 24.55228201833979 2
    endloop
  endfacet
  facet normal 0.777145961456971 -0.6293203910498373 0
    outer loop
      vertex 16.57786404500042 24.55228201833979 0
      vertex 17.104841396180845 25.203044850870867 2
      vertex 16.57786404500042 24.55228201833979 2
    endloop
  endfacet
  facet normal 0.891006524188369 -0.45399049973954414 0
    outer loop
      vertex 15.741636338859195 23.103893144606403 0
      vertex 16.12179676972449 23.85 0
      vertex 16.12179676972449 23.85 6
    endloop
  endfacet
  facet normal 0.8386705679454235 -0.544639035015028 0
    outer loop
      vertex 16.12179676972449 23.85 0
      vertex 16.3 24.12440891073984 2
      vertex 16.12179676972449 23.85 6
    endloop
  endfacet
  facet normal 0.9335804264971975 -0.35836794954531115 0
    outer loop
      vertex 15.7 22.99542677355043 0
      vertex 15.741636338859195 23.103893144606403 6
      vertex 15.7 22.99542677355043 6
    endloop
  endfacet
  facet normal 0.891006524188369 -0.45399049973954414 0
    outer loop
      vertex 15.741636338859195 23.103893144606403 0
      vertex 16.12179676972449 23.85 6
      vertex 15.741636338859195 23.103893144606403 6
    endloop
  endfacet
  facet normal 0 0 -1
    outer loop
      vertex 15.958452130361229 22.32213595499958 6
      vertex 16.12179676972449 23.85 6
      vertex 16.175180805870447 21.513293526542075 6
    endloop
  endfacet
  facet normal 0 0 -1
    outer loop
      vertex 15.958452130361229 22.32213595499958 6
      vertex 15.7 22.99542677355043 6
      vertex 16.12179676972449 23.85 6
    endloop
  endfacet
  facet normal 0 0 -1
    outer loop
      vertex 15.7 22.99542677355043 6
      vertex 15.741636338859195 23.103893144606403 6
      vertex 16.12179676972449 23.85 6
    endloop
  endfacet
  facet normal 0 0 -1
    outer loop
      vertex 16.175180805870447 21.513293526542075 6
      vertex 16.12179676972449 23.85 6
      vertex 16.3 24.12440891073984 6
    endloop
  endfacet
  facet normal 0.8386705679454234 -0.544639035015028 0
    outer loop
      vertex 16.3 24.12440891073984 2
      vertex 16.3 24.12440891073984 6
      vertex 16.12179676972449 23.85 6
    endloop
  endfacet
  facet normal 0.777145961456971 -0.6293203910498373 0
    outer loop
      vertex 16.57786404500042 24.55228201833979 0
      vertex 17.104841396180845 25.203044850870867 0
      vertex 17.104841396180845 25.203044850870867 2
    endloop
  endfacet
  facet normal 0.7071067811865455 -0.7071067811865497 0
    outer loop
      vertex 17.104841396180845 25.203044850870867 0
      vertex 17.696955149129135 25.795158603819154 2
      vertex 17.104841396180845 25.203044850870867 2
    endloop
  endfacet
  facet normal 0.7071067811865455 -0.7071067811865497 0
    outer loop
      vertex 17.104841396180845 25.203044850870867 0
      vertex 17.696955149129135 25.795158603819154 0
      vertex 17.696955149129135 25.795158603819154 2
    endloop
  endfacet
  facet normal 0.6293203910498377 -0.7771459614569707 0
    outer loop
      vertex 17.696955149129135 25.795158603819154 0
      vertex 18.347717981660217 26.32213595499958 2
      vertex 17.696955149129135 25.795158603819154 2
    endloop
  endfacet
  facet normal 0.6293203910498377 -0.7771459614569707 0
    outer loop
      vertex 17.696955149129135 25.795158603819154 0
      vertex 18.347717981660217 26.32213595499958 0
      vertex 18.347717981660217 26.32213595499958 2
    endloop
  endfacet
  facet normal 0.544639035015026 -0.8386705679454247 0
    outer loop
      vertex 18.347717981660217 26.32213595499958 0
      vertex 19.05 26.77820323027551 0
      vertex 19.05 26.77820323027551 2
    endloop
  endfacet
  facet normal 0.544639035015026 -0.8386705679454247 0
    outer loop
      vertex 18.347717981660217 26.32213595499958 0
      vertex 19.05 26.77820323027551 2
      vertex 18.347717981660217 26.32213595499958 2
    endloop
  endfacet
  facet normal 0.4539904997395476 -0.8910065241883675 0
    outer loop
      vertex 19.05 26.77820323027551 0
      vertex 19.7961068553936 27.158363661140807 0
      vertex 19.7961068553936 27.158363661140807 2
    endloop
  endfacet
  facet normal 0.4539904997395476 -0.8910065241883675 0
    outer loop
      vertex 19.05 26.77820323027551 0
      vertex 19.7961068553936 27.158363661140807 2
      vertex 19.05 26.77820323027551 2
    endloop
  endfacet
  facet normal 0.35836794954530227 -0.933580426497201 0
    outer loop
      vertex 19.7961068553936 27.158363661140807 0
      vertex 20.57786404500042 27.45845213036123 2
      vertex 19.7961068553936 27.158363661140807 2
    endloop
  endfacet
  facet normal 0.35836794954530227 -0.933580426497201 0
    outer loop
      vertex 19.7961068553936 27.158363661140807 0
      vertex 20.57786404500042 27.45845213036123 0
      vertex 20.57786404500042 27.45845213036123 2
    endloop
  endfacet
  facet normal 0.2588190451025202 -0.9659258262890685 0
    outer loop
      vertex 20.57786404500042 27.45845213036123 0
      vertex 21.386706473457927 27.675180805870447 2
      vertex 20.57786404500042 27.45845213036123 2
    endloop
  endfacet
  facet normal 0.2588190451025202 -0.9659258262890685 0
    outer loop
      vertex 20.57786404500042 27.45845213036123 0
      vertex 21.386706473457927 27.675180805870447 0
      vertex 21.386706473457927 27.675180805870447 2
    endloop
  endfacet
  facet normal 0.156434465040232 -0.9876883405951374 0
    outer loop
      vertex 21.386706473457927 27.675180805870447 0
      vertex 22.213772293858774 27.80617516294619 2
      vertex 21.386706473457927 27.675180805870447 2
    endloop
  endfacet
  facet normal 0.156434465040232 -0.9876883405951374 0
    outer loop
      vertex 21.386706473457927 27.675180805870447 0
      vertex 22.213772293858774 27.80617516294619 0
      vertex 22.213772293858774 27.80617516294619 2
    endloop
  endfacet
  facet normal 0.05233595624294225 -0.9986295347545739 0
    outer loop
      vertex 22.213772293858774 27.80617516294619 0
      vertex 23.05 27.85 0
      vertex 23.05 27.85 2
    endloop
  endfacet
  facet normal 0.05233595624294225 -0.9986295347545739 0
    outer loop
      vertex 22.213772293858774 27.80617516294619 0
      vertex 23.05 27.85 2
      vertex 22.213772293858774 27.80617516294619 2
    endloop
  endfacet
  facet normal 0 0 -1
    outer loop
      vertex 29.8 20.725216150546093 6
      vertex 29.8 24.12440891073984 6
      vertex 29.924819194129554 21.513293526542075 6
    endloop
  endfacet
  facet normal -0.9335804264972039 -0.3583679495452948 0
    outer loop
      vertex 30.4 22.995426773550435 0
      vertex 30.4 22.995426773550435 6
      vertex 30.358363661140807 23.103893144606403 0
    endloop
  endfacet
  facet normal -0.891006524188369 -0.45399049973954414 0
    outer loop
      vertex 30.358363661140807 23.103893144606403 0
      vertex 30.358363661140807 23.103893144606403 6
      vertex 29.97820323027551 23.85 0
    endloop
  endfacet
  facet normal -0.777145961456971 -0.6293203910498373 0
    outer loop
      vertex 29.52213595499958 24.55228201833979 0
      vertex 29.52213595499958 24.55228201833979 2
      vertex 28.995158603819156 25.203044850870867 0
    endloop
  endfacet
  facet normal -0.838670567945424 -0.5446390350150271 -1.8230256601375793e-16
    outer loop
      vertex 29.97820323027551 23.85 0
      vertex 29.8 24.12440891073984 2
      vertex 29.52213595499958 24.55228201833979 0
    endloop
  endfacet
  facet normal -0.8386705679454245 -0.5446390350150265 0
    outer loop
      vertex 29.52213595499958 24.55228201833979 0
      vertex 29.8 24.12440891073984 2
      vertex 29.52213595499958 24.55228201833979 2
    endloop
  endfacet
  facet normal -0.8386705679454235 -0.544639035015028 0
    outer loop
      vertex 29.97820323027551 23.85 0
      vertex 29.97820323027551 23.85 6
      vertex 29.8 24.12440891073984 2
    endloop
  endfacet
  facet normal -0.9335804264972039 -0.3583679495452948 0
    outer loop
      vertex 30.358363661140807 23.103893144606403 0
      vertex 30.4 22.995426773550435 6
      vertex 30.358363661140807 23.103893144606403 6
    endloop
  endfacet
  facet normal 0 0 -1
    outer loop
      vertex 29.924819194129554 21.513293526542075 6
      vertex 29.97820323027551 23.85 6
      vertex 30.14154786963877 22.32213595499958 6
    endloop
  endfacet
  facet normal 0 0 -1
    outer loop
      vertex 30.14154786963877 22.32213595499958 6
      vertex 30.358363661140807 23.103893144606403 6
      vertex 30.4 22.995426773550435 6
    endloop
  endfacet
  facet normal 0 0 -1
    outer loop
      vertex 29.924819194129554 21.513293526542075 6
      vertex 29.8 24.12440891073984 6
      vertex 29.97820323027551 23.85 6
    endloop
  endfacet
  facet normal 0 0 -1
    outer loop
      vertex 30.14154786963877 22.32213595499958 6
      vertex 29.97820323027551 23.85 6
      vertex 30.358363661140807 23.103893144606403 6
    endloop
  endfacet
  facet normal -0.891006524188369 -0.45399049973954414 0
    outer loop
      vertex 29.97820323027551 23.85 0
      vertex 30.358363661140807 23.103893144606403 6
      vertex 29.97820323027551 23.85 6
    endloop
  endfacet
  facet normal -0.8386705679454234 -0.544639035015028 0
    outer loop
      vertex 29.8 24.12440891073984 2
      vertex 29.97820323027551 23.85 6
      vertex 29.8 24.12440891073984 6
    endloop
  endfacet
  facet normal -0.35836794954530227 -0.933580426497201 0
    outer loop
      vertex 26.303893144606402 27.158363661140807 0
      vertex 26.303893144606402 27.158363661140807 2
      vertex 25.52213595499958 27.45845213036123 0
    endloop
  endfacet
  facet normal -0.4539904997395476 -0.8910065241883675 0
    outer loop
      vertex 26.303893144606402 27.158363661140807 0
      vertex 27.05 26.77820323027551 2
      vertex 26.303893144606402 27.158363661140807 2
    endloop
  endfacet
  facet normal -0.05233595624294225 -0.9986295347545739 0
    outer loop
      vertex 23.05 27.85 0
      vertex 23.886227706141227 27.80617516294619 0
      vertex 23.886227706141227 27.80617516294619 2
    endloop
  endfacet
  facet normal -0.05233595624294225 -0.9986295347545739 0
    outer loop
      vertex 23.05 27.85 0
      vertex 23.886227706141227 27.80617516294619 2
      vertex 23.05 27.85 2
    endloop
  endfacet
  facet normal -0.156434465040232 -0.9876883405951374 0
    outer loop
      vertex 23.886227706141227 27.80617516294619 0
      vertex 24.713293526542074 27.675180805870447 0
      vertex 24.713293526542074 27.675180805870447 2
    endloop
  endfacet
  facet normal -0.156434465040232 -0.9876883405951374 0
    outer loop
      vertex 23.886227706141227 27.80617516294619 0
      vertex 24.713293526542074 27.675180805870447 2
      vertex 23.886227706141227 27.80617516294619 2
    endloop
  endfacet
  facet normal -0.2588190451025202 -0.9659258262890685 0
    outer loop
      vertex 24.713293526542074 27.675180805870447 0
      vertex 25.52213595499958 27.45845213036123 0
      vertex 25.52213595499958 27.45845213036123 2
    endloop
  endfacet
  facet normal -0.2588190451025202 -0.9659258262890685 0
    outer loop
      vertex 24.713293526542074 27.675180805870447 0
      vertex 25.52213595499958 27.45845213036123 2
      vertex 24.713293526542074 27.675180805870447 2
    endloop
  endfacet
  facet normal -0.35836794954530227 -0.933580426497201 0
    outer loop
      vertex 26.303893144606402 27.158363661140807 2
      vertex 25.52213595499958 27.45845213036123 2
      vertex 25.52213595499958 27.45845213036123 0
    endloop
  endfacet
  facet normal -0.6293203910498377 -0.7771459614569707 0
    outer loop
      vertex 28.403044850870867 25.795158603819154 0
      vertex 28.403044850870867 25.795158603819154 2
      vertex 27.752282018339784 26.32213595499958 0
    endloop
  endfacet
  facet normal -0.544639035015026 -0.8386705679454247 0
    outer loop
      vertex 27.05 26.77820323027551 0
      vertex 27.752282018339784 26.32213595499958 0
      vertex 27.752282018339784 26.32213595499958 2
    endloop
  endfacet
  facet normal -0.544639035015026 -0.8386705679454247 0
    outer loop
      vertex 27.05 26.77820323027551 0
      vertex 27.752282018339784 26.32213595499958 2
      vertex 27.05 26.77820323027551 2
    endloop
  endfacet
  facet normal -0.4539904997395476 -0.8910065241883675 0
    outer loop
      vertex 26.303893144606402 27.158363661140807 0
      vertex 27.05 26.77820323027551 0
      vertex 27.05 26.77820323027551 2
    endloop
  endfacet
  facet normal -0.6293203910498377 -0.7771459614569707 0
    outer loop
      vertex 28.403044850870867 25.795158603819154 2
      vertex 27.752282018339784 26.32213595499958 2
      vertex 27.752282018339784 26.32213595499958 0
    endloop
  endfacet
  facet normal -0.7071067811865455 -0.7071067811865497 0
    outer loop
      vertex 28.403044850870867 25.795158603819154 0
      vertex 28.995158603819156 25.203044850870867 0
      vertex 28.995158603819156 25.203044850870867 2
    endloop
  endfacet
  facet normal -0.777145961456971 -0.6293203910498373 0
    outer loop
      vertex 29.52213595499958 24.55228201833979 2
      vertex 28.995158603819156 25.203044850870867 2
      vertex 28.995158603819156 25.203044850870867 0
    endloop
  endfacet
  facet normal -0.7071067811865455 -0.7071067811865497 0
    outer loop
      vertex 28.403044850870867 25.795158603819154 0
      vertex 28.995158603819156 25.203044850870867 2
      vertex 28.403044850870867 25.795158603819154 2
    endloop
  endfacet
  facet normal 0.05233595624294503 0.9986295347545738 0
    outer loop
      vertex 32.790943073464696 1.6109562092634535 2
      vertex 33 1.6 38
      vertex 33 1.6 2
    endloop
  endfacet
  facet normal 0 1 0
    outer loop
      vertex 33 1.6 2
      vertex 33.75 1.6 38
      vertex 42.5 1.6 2
    endloop
  endfacet
  facet normal 0 0 1
    outer loop
      vertex 31.824429495415053 1.9819660112501052 2
      vertex 31.804841396180848 14.496955149129134 2
      vertex 31.66173878728228 2.1137103490452116 2
    endloop
  endfacet
  facet normal 0 0 1
    outer loop
      vertex 32.1865267138484 1.7729090847147984 2
      vertex 32.396955149129134 13.904841396180846 2
      vertex 32 1.867949192431123 2
    endloop
  endfacet
  facet normal 0 0 1
    outer loop
      vertex 31.824429495415053 1.9819660112501052 2
      vertex 32 1.867949192431123 2
      vertex 32.396955149129134 13.904841396180846 2
    endloop
  endfacet
  facet normal 0 0 1
    outer loop
      vertex 31.1729090847148 2.7865267138484 2
      vertex 31.27786404500042 15.147717981660215 2
      vertex 31.097886967409693 2.981966011250105 2
    endloop
  endfacet
  facet normal 0 0 1
    outer loop
      vertex 31.26794919243112 2.6 2
      vertex 31.27786404500042 15.147717981660215 2
      vertex 31.1729090847148 2.7865267138484 2
    endloop
  endfacet
  facet normal 0 0 1
    outer loop
      vertex 31.097886967409693 2.981966011250105 2
      vertex 31.27786404500042 15.147717981660215 2
      vertex 31.04370479853239 3.1841766183644813 2
    endloop
  endfacet
  facet normal 0 0 1
    outer loop
      vertex 31.04370479853239 3.1841766183644813 2
      vertex 31.27786404500042 15.147717981660215 2
      vertex 31.010956209263455 3.390943073464693 2
    endloop
  endfacet
  facet normal 0 0 1
    outer loop
      vertex 31.010956209263455 3.390943073464693 2
      vertex 31.27786404500042 15.147717981660215 2
      vertex 31 3.6 2
    endloop
  endfacet
  facet normal 0 0 1
    outer loop
      vertex 31.513710349045212 2.2617387872822836 2
      vertex 31.804841396180848 14.496955149129134 2
      vertex 31.381966011250107 2.424429495415054 2
    endloop
  endfacet
  facet normal 0 0 1
    outer loop
      vertex 31.381966011250107 2.424429495415054 2
      vertex 31.804841396180848 14.496955149129134 2
      vertex 31.26794919243112 2.6 2
    endloop
  endfacet
  facet normal 0 0 1
    outer loop
      vertex 31.66173878728228 2.1137103490452116 2
      vertex 31.804841396180848 14.496955149129134 2
      vertex 31.513710349045212 2.2617387872822836 2
    endloop
  endfacet
  facet normal 0 0 1
    outer loop
      vertex 32.38196601125011 1.697886967409693 2
      vertex 32.58417661836448 1.6437047985323887 2
      vertex 33.04771798166021 13.37786404500042 2
    endloop
  endfacet
  facet normal 0 0 1
    outer loop
      vertex 32.58417661836448 1.6437047985323887 2
      vertex 32.790943073464696 1.6109562092634535 2
      vertex 33.04771798166021 13.37786404500042 2
    endloop
  endfacet
  facet normal 0 0 1
    outer loop
      vertex 32.790943073464696 1.6109562092634535 2
      vertex 33 1.6 2
      vertex 33.04771798166021 13.37786404500042 2
    endloop
  endfacet
  facet normal 0 0 1
    outer loop
      vertex 32.1865267138484 1.7729090847147984 2
      vertex 32.38196601125011 1.697886967409693 2
      vertex 32.396955149129134 13.904841396180846 2
    endloop
  endfacet
  facet normal 0 0 1
    outer loop
      vertex 32.38196601125011 1.697886967409693 2
      vertex 33.04771798166021 13.37786404500042 2
      vertex 32.396955149129134 13.904841396180846 2
    endloop
  endfacet
  facet normal 0 0 1
    outer loop
      vertex 33 1.6 2
      vertex 33.75 12.92179676972449 2
      vertex 33.04771798166021 13.37786404500042 2
    endloop
  endfacet
  facet normal 0 0 1
    outer loop
      vertex 33 1.6 2
      vertex 34.4961068553936 12.541636338859194 2
      vertex 33.75 12.92179676972449 2
    endloop
  endfacet
  facet normal 0 0 1
    outer loop
      vertex 33 1.6 2
      vertex 36.08670647345792 12.024819194129554 2
      vertex 35.27786404500042 12.24154786963877 2
    endloop
  endfacet
  facet normal 0 0 1
    outer loop
      vertex 33 1.6 2
      vertex 36.91377229385877 11.893824837053813 2
      vertex 36.08670647345792 12.024819194129554 2
    endloop
  endfacet
  facet normal 0 0 1
    outer loop
      vertex 33 1.6 2
      vertex 37.75 11.85 2
      vertex 36.91377229385877 11.893824837053813 2
    endloop
  endfacet
  facet normal 0 0 1
    outer loop
      vertex 33 1.6 2
      vertex 35.27786404500042 12.24154786963877 2
      vertex 34.4961068553936 12.541636338859194 2
    endloop
  endfacet
  facet normal 0 0 1
    outer loop
      vertex 33 1.6 2
      vertex 38.58622770614123 11.893824837053813 2
      vertex 37.75 11.85 2
    endloop
  endfacet
  facet normal -0.05233595624294325 0.9986295347545738 0
    outer loop
      vertex 42.5 1.6 2
      vertex 42.70905692653531 1.6109562092634535 38
      vertex 42.70905692653531 1.6109562092634535 2
    endloop
  endfacet
  facet normal -0.1564344650402326 0.9876883405951375 -2.5895250854227484e-19
    outer loop
      vertex 42.70905692653531 1.6109562092634535 2
      vertex 42.75 1.6174409550393247 38
      vertex 42.91582338163552 1.6437047985323887 2
    endloop
  endfacet
  facet normal 0 0 1
    outer loop
      vertex 33 1.6 2
      vertex 42.5 1.6 2
      vertex 38.58622770614123 11.893824837053813 2
    endloop
  endfacet
  facet normal 0 0 1
    outer loop
      vertex 42.5 1.6 2
      vertex 39.41329352654208 12.024819194129554 2
      vertex 38.58622770614123 11.893824837053813 2
    endloop
  endfacet
  facet normal 0 0 1
    outer loop
      vertex 42.5 1.6 2
      vertex 40.22213595499958 12.24154786963877 2
      vertex 39.41329352654208 12.024819194129554 2
    endloop
  endfacet
  facet normal 0 0 1
    outer loop
      vertex 42.5 1.6 2
      vertex 41.0038931446064 12.541636338859194 2
      vertex 40.22213595499958 12.24154786963877 2
    endloop
  endfacet
  facet normal 0 0 1
    outer loop
      vertex 42.5 1.6 2
      vertex 41.75 12.92179676972449 2
      vertex 41.0038931446064 12.541636338859194 2
    endloop
  endfacet
  facet normal 0 0 1
    outer loop
      vertex 42.5 1.6 2
      vertex 42.70905692653531 1.6109562092634535 2
      vertex 43.103044850870866 13.904841396180846 2
    endloop
  endfacet
  facet normal 0 0 1
    outer loop
      vertex 42.70905692653531 1.6109562092634535 2
      vertex 42.91582338163552 1.6437047985323887 2
      vertex 43.103044850870866 13.904841396180846 2
    endloop
  endfacet
  facet normal 0 0 1
    outer loop
      vertex 42.91582338163552 1.6437047985323887 2
      vertex 43.11803398874989 1.697886967409693 2
      vertex 43.103044850870866 13.904841396180846 2
    endloop
  endfacet
  facet normal 0 0 1
    outer loop
      vertex 43.11803398874989 1.697886967409693 2
      vertex 43.3134732861516 1.7729090847147984 2
      vertex 43.69515860381915 14.496955149129134 2
    endloop
  endfacet
  facet normal 0 0 1
    outer loop
      vertex 43.3134732861516 1.7729090847147984 2
      vertex 43.5 1.867949192431123 2
      vertex 43.69515860381915 14.496955149129134 2
    endloop
  endfacet
  facet normal 0 0 1
    outer loop
      vertex 43.5 1.867949192431123 2
      vertex 43.67557050458495 1.9819660112501052 2
      vertex 43.69515860381915 14.496955149129134 2
    endloop
  endfacet
  facet normal 0 0 1
    outer loop
      vertex 43.67557050458495 1.9819660112501052 2
      vertex 43.83826121271772 2.1137103490452116 2
      vertex 43.69515860381915 14.496955149129134 2
    endloop
  endfacet
  facet normal 0 0 1
    outer loop
      vertex 43.83826121271772 2.1137103490452116 2
      vertex 43.98628965095479 2.2617387872822836 2
      vertex 44.22213595499958 15.147717981660215 2
    endloop
  endfacet
  facet normal 0 0 1
    outer loop
      vertex 43.98628965095479 2.2617387872822836 2
      vertex 44.11803398874989 2.424429495415054 2
      vertex 44.22213595499958 15.147717981660215 2
    endloop
  endfacet
  facet normal 0 0 1
    outer loop
      vertex 44.11803398874989 2.424429495415054 2
      vertex 44.232050807568875 2.6 2
      vertex 44.22213595499958 15.147717981660215 2
    endloop
  endfacet
  facet normal 0 0 1
    outer loop
      vertex 44.232050807568875 2.6 2
      vertex 44.327090915285204 2.7865267138484 2
      vertex 44.5 15.575591089260161 2
    endloop
  endfacet
  facet normal 0 0 1
    outer loop
      vertex 44.327090915285204 2.7865267138484 2
      vertex 44.40211303259031 2.981966011250105 2
      vertex 44.5 15.575591089260161 2
    endloop
  endfacet
  facet normal 0 0 1
    outer loop
      vertex 44.40211303259031 2.981966011250105 2
      vertex 44.45629520146761 3.1841766183644813 2
      vertex 44.5 15.575591089260161 2
    endloop
  endfacet
  facet normal 0 0 1
    outer loop
      vertex 44.45629520146761 3.1841766183644813 2
      vertex 44.489043790736545 3.390943073464693 2
      vertex 44.5 15.575591089260161 2
    endloop
  endfacet
  facet normal 0 0 1
    outer loop
      vertex 42.5 1.6 2
      vertex 42.45228201833979 13.37786404500042 2
      vertex 41.75 12.92179676972449 2
    endloop
  endfacet
  facet normal 0 0 1
    outer loop
      vertex 42.5 1.6 2
      vertex 43.103044850870866 13.904841396180846 2
      vertex 42.45228201833979 13.37786404500042 2
    endloop
  endfacet
  facet normal 0 0 1
    outer loop
      vertex 44.489043790736545 3.390943073464693 2
      vertex 44.5 3.6 2
      vertex 44.5 15.575591089260161 2
    endloop
  endfacet
  facet normal 0.4539904997395433 0.8910065241883696 0
    outer loop
      vertex 32.1865267138484 1.7729090847147984 2
      vertex 32 1.867949192431123 2
      vertex 32 1.867949192431123 58
    endloop
  endfacet
  facet normal 0.35836794954530043 0.9335804264972016 0
    outer loop
      vertex 32.1865267138484 1.7729090847147984 2
      vertex 32.1865267138484 1.7729090847147984 58
      vertex 32.38196601125011 1.697886967409693 2
    endloop
  endfacet
  facet normal 0.6293203910498344 0.7771459614569733 0
    outer loop
      vertex 31.824429495415053 1.9819660112501052 2
      vertex 31.66173878728228 2.1137103490452116 2
      vertex 31.66173878728228 2.1137103490452116 58
    endloop
  endfacet
  facet normal 0.7071067811865529 0.7071067811865422 0
    outer loop
      vertex 31.66173878728228 2.1137103490452116 2
      vertex 31.513710349045212 2.2617387872822836 2
      vertex 31.513710349045212 2.2617387872822836 58
    endloop
  endfacet
  facet normal 0.777145961456974 0.6293203910498336 0
    outer loop
      vertex 31.513710349045212 2.2617387872822836 2
      vertex 31.381966011250107 2.424429495415054 2
      vertex 31.381966011250107 2.424429495415054 58
    endloop
  endfacet
  facet normal 0.5446390350150256 0.838670567945425 0
    outer loop
      vertex 31.824429495415053 1.9819660112501052 2
      vertex 31.824429495415053 1.9819660112501052 58
      vertex 32 1.867949192431123 2
    endloop
  endfacet
  facet normal 0.25881904510252435 0.9659258262890674 0
    outer loop
      vertex 32.38196601125011 1.697886967409693 2
      vertex 32.38196601125011 1.697886967409693 58
      vertex 32.58417661836448 1.6437047985323887 2
    endloop
  endfacet
  facet normal 0.15643446504022732 0.9876883405951383 0
    outer loop
      vertex 32.58417661836448 1.6437047985323887 2
      vertex 32.58417661836448 1.6437047985323887 58
      vertex 32.790943073464696 1.6109562092634535 2
    endloop
  endfacet
  facet normal 0.8386705679454176 0.544639035015037 0
    outer loop
      vertex 31.381966011250107 2.424429495415054 2
      vertex 31.26794919243112 2.6 2
      vertex 31.26794919243112 2.6 58
    endloop
  endfacet
  facet normal 0.8910065241883726 0.4539904997395375 0
    outer loop
      vertex 31.26794919243112 2.6 2
      vertex 31.1729090847148 2.7865267138484 2
      vertex 31.1729090847148 2.7865267138484 58
    endloop
  endfacet
  facet normal 0.9335804264971995 0.358367949545306 0
    outer loop
      vertex 31.1729090847148 2.7865267138484 2
      vertex 31.097886967409693 2.981966011250105 2
      vertex 31.097886967409693 2.981966011250105 58
    endloop
  endfacet
  facet normal 0.9659258262890684 0.2588190451025207 0
    outer loop
      vertex 31.097886967409693 2.981966011250105 2
      vertex 31.04370479853239 3.1841766183644813 2
      vertex 31.04370479853239 3.1841766183644813 58
    endloop
  endfacet
  facet normal 0.9876883405951389 0.15643446504022374 0
    outer loop
      vertex 31.04370479853239 3.1841766183644813 2
      vertex 31.010956209263455 3.390943073464693 2
      vertex 31.010956209263455 3.390943073464693 58
    endloop
  endfacet
  facet normal 0.9986295347545735 0.0523359562429506 0
    outer loop
      vertex 31.010956209263455 3.390943073464693 2
      vertex 31 3.6 2
      vertex 31 3.6 58
    endloop
  endfacet
  facet normal 0.1564344650402272 0.9876883405951383 0
    outer loop
      vertex 32.790943073464696 1.6109562092634535 2
      vertex 32.75 1.6174409550393256 38
      vertex 32.790943073464696 1.6109562092634535 38
    endloop
  endfacet
  facet normal 0.05233595624294503 0.9986295347545738 0
    outer loop
      vertex 32.790943073464696 1.6109562092634535 2
      vertex 32.790943073464696 1.6109562092634535 38
      vertex 33 1.6 38
    endloop
  endfacet
  facet normal 0 1 0
    outer loop
      vertex 33 1.6 2
      vertex 33 1.6 38
      vertex 33.75 1.6 38
    endloop
  endfacet
  facet normal -0.25881904510252435 0.9659258262890674 0
    outer loop
      vertex 42.91582338163552 1.6437047985323887 2
      vertex 42.91582338163552 1.6437047985323887 58
      vertex 43.11803398874989 1.697886967409693 2
    endloop
  endfacet
  facet normal -0.35836794954530043 0.9335804264972016 0
    outer loop
      vertex 43.11803398874989 1.697886967409693 2
      vertex 43.11803398874989 1.697886967409693 58
      vertex 43.3134732861516 1.7729090847147984 2
    endloop
  endfacet
  facet normal -0.4539904997395433 0.8910065241883696 0
    outer loop
      vertex 43.3134732861516 1.7729090847147984 2
      vertex 43.3134732861516 1.7729090847147984 58
      vertex 43.5 1.867949192431123 2
    endloop
  endfacet
  facet normal -0.5446390350150256 0.838670567945425 0
    outer loop
      vertex 43.5 1.867949192431123 2
      vertex 43.5 1.867949192431123 58
      vertex 43.67557050458495 1.9819660112501052 2
    endloop
  endfacet
  facet normal -0.6293203910498344 0.7771459614569733 0
    outer loop
      vertex 43.67557050458495 1.9819660112501052 2
      vertex 43.67557050458495 1.9819660112501052 58
      vertex 43.83826121271772 2.1137103490452116 2
    endloop
  endfacet
  facet normal -0.7071067811865529 0.7071067811865422 0
    outer loop
      vertex 43.83826121271772 2.1137103490452116 2
      vertex 43.83826121271772 2.1137103490452116 58
      vertex 43.98628965095479 2.2617387872822836 2
    endloop
  endfacet
  facet normal -0.777145961456974 0.6293203910498336 0
    outer loop
      vertex 43.98628965095479 2.2617387872822836 2
      vertex 43.98628965095479 2.2617387872822836 58
      vertex 44.11803398874989 2.424429495415054 2
    endloop
  endfacet
  facet normal -0.8386705679454254 0.5446390350150251 0
    outer loop
      vertex 44.11803398874989 2.424429495415054 2
      vertex 44.11803398874989 2.424429495415054 58
      vertex 44.232050807568875 2.6 2
    endloop
  endfacet
  facet normal -0.8910065241883588 0.4539904997395644 0
    outer loop
      vertex 44.232050807568875 2.6 2
      vertex 44.232050807568875 2.6 58
      vertex 44.327090915285204 2.7865267138484 2
    endloop
  endfacet
  facet normal -0.9335804264972052 0.35836794954529116 0
    outer loop
      vertex 44.327090915285204 2.7865267138484 2
      vertex 44.327090915285204 2.7865267138484 58
      vertex 44.40211303259031 2.981966011250105 2
    endloop
  endfacet
  facet normal -0.9659258262890684 0.2588190451025207 0
    outer loop
      vertex 44.40211303259031 2.981966011250105 2
      vertex 44.40211303259031 2.981966011250105 58
      vertex 44.45629520146761 3.1841766183644813 2
    endloop
  endfacet
  facet normal -0.9876883405951389 0.15643446504022374 0
    outer loop
      vertex 44.45629520146761 3.1841766183644813 2
      vertex 44.45629520146761 3.1841766183644813 58
      vertex 44.489043790736545 3.390943073464693 2
    endloop
  endfacet
  facet normal -0.9986295347545735 0.0523359562429506 0
    outer loop
      vertex 44.489043790736545 3.390943073464693 2
      vertex 44.489043790736545 3.390943073464693 58
      vertex 44.5 3.6 2
    endloop
  endfacet
  facet normal 0 1 0
    outer loop
      vertex 42.5 1.6 2
      vertex 41.75 1.6 38
      vertex 42.5 1.6 38
    endloop
  endfacet
  facet normal -0.05233595624294325 0.9986295347545738 0
    outer loop
      vertex 42.5 1.6 2
      vertex 42.5 1.6 38
      vertex 42.70905692653531 1.6109562092634535 38
    endloop
  endfacet
  facet normal -0.15643446504023278 0.9876883405951373 0
    outer loop
      vertex 42.70905692653531 1.6109562092634535 2
      vertex 42.70905692653531 1.6109562092634535 38
      vertex 42.75 1.6174409550393247 38
    endloop
  endfacet
  facet normal -1 0 0
    outer loop
      vertex 44.5 3.6 2
      vertex 44.5 3.6 58
      vertex 44.5 15.575591089260161 6
    endloop
  endfacet
  facet normal 0 0 1
    outer loop
      vertex 31.824429495415053 1.9819660112501052 2
      vertex 32.396955149129134 13.904841396180846 2
      vertex 31.804841396180848 14.496955149129134 2
    endloop
  endfacet
  facet normal 0 0 1
    outer loop
      vertex 31.26794919243112 2.6 2
      vertex 31.804841396180848 14.496955149129134 2
      vertex 31.27786404500042 15.147717981660215 2
    endloop
  endfacet
  facet normal 0 0 1
    outer loop
      vertex 31 3.6 2
      vertex 31.27786404500042 15.147717981660215 2
      vertex 31 15.575591089260161 2
    endloop
  endfacet
  facet normal 1 0 0
    outer loop
      vertex 31 3.6 2
      vertex 31 15.575591089260161 2
      vertex 31 15.575591089260161 6
    endloop
  endfacet
  facet normal 0 0 1
    outer loop
      vertex 43.11803398874989 1.697886967409693 2
      vertex 43.69515860381915 14.496955149129134 2
      vertex 43.103044850870866 13.904841396180846 2
    endloop
  endfacet
  facet normal 0 0 1
    outer loop
      vertex 43.83826121271772 2.1137103490452116 2
      vertex 44.22213595499958 15.147717981660215 2
      vertex 43.69515860381915 14.496955149129134 2
    endloop
  endfacet
  facet normal 0 0 1
    outer loop
      vertex 44.232050807568875 2.6 2
      vertex 44.5 15.575591089260161 2
      vertex 44.22213595499958 15.147717981660215 2
    endloop
  endfacet
  facet normal -1 0 0
    outer loop
      vertex 44.5 3.6 2
      vertex 44.5 15.575591089260161 6
      vertex 44.5 15.575591089260161 2
    endloop
  endfacet
  facet normal 1 0 0
    outer loop
      vertex 31 3.6 2
      vertex 31 15.575591089260161 6
      vertex 31 36.1 58
    endloop
  endfacet
  facet normal -1 0 0
    outer loop
      vertex 44.5 15.575591089260161 6
      vertex 44.5 3.6 58
      vertex 44.5 18.97478384945389 6
    endloop
  endfacet
  facet normal -1 0 0
    outer loop
      vertex 44.5 18.97478384945389 6
      vertex 44.5 3.6 58
      vertex 44.5 20.725216150546114 6
    endloop
  endfacet
  facet normal -1 0 0
    outer loop
      vertex 44.5 3.6 58
      vertex 44.5 24.12440891073984 6
      vertex 44.5 20.725216150546114 6
    endloop
  endfacet
  facet normal 0.15643446504022737 0.9876883405951383 2.0790128651676658e-19
    outer loop
      vertex 32.790943073464696 1.6109562092634535 2
      vertex 32.58417661836448 1.6437047985323887 58
      vertex 32.75 1.6174409550393256 38
    endloop
  endfacet
  facet normal 0 1 0
    outer loop
      vertex 42.5 1.6 2
      vertex 33.75 1.6 38
      vertex 33.75 1.6 58
    endloop
  endfacet
  facet normal 0.4539904997395433 0.8910065241883696 0
    outer loop
      vertex 32.1865267138484 1.7729090847147984 2
      vertex 32 1.867949192431123 58
      vertex 32.1865267138484 1.7729090847147984 58
    endloop
  endfacet
  facet normal 0.7071067811865529 0.7071067811865422 0
    outer loop
      vertex 31.66173878728228 2.1137103490452116 2
      vertex 31.513710349045212 2.2617387872822836 58
      vertex 31.66173878728228 2.1137103490452116 58
    endloop
  endfacet
  facet normal 0.6293203910498344 0.7771459614569733 0
    outer loop
      vertex 31.824429495415053 1.9819660112501052 2
      vertex 31.66173878728228 2.1137103490452116 58
      vertex 31.824429495415053 1.9819660112501052 58
    endloop
  endfacet
  facet normal 0.777145961456974 0.6293203910498336 0
    outer loop
      vertex 31.513710349045212 2.2617387872822836 2
      vertex 31.381966011250107 2.424429495415054 58
      vertex 31.513710349045212 2.2617387872822836 58
    endloop
  endfacet
  facet normal 0.5446390350150256 0.838670567945425 0
    outer loop
      vertex 32 1.867949192431123 2
      vertex 31.824429495415053 1.9819660112501052 58
      vertex 32 1.867949192431123 58
    endloop
  endfacet
  facet normal 0.25881904510252435 0.9659258262890674 0
    outer loop
      vertex 32.58417661836448 1.6437047985323887 2
      vertex 32.38196601125011 1.697886967409693 58
      vertex 32.58417661836448 1.6437047985323887 58
    endloop
  endfacet
  facet normal 0.35836794954530043 0.9335804264972016 0
    outer loop
      vertex 32.38196601125011 1.697886967409693 2
      vertex 32.1865267138484 1.7729090847147984 58
      vertex 32.38196601125011 1.697886967409693 58
    endloop
  endfacet
  facet normal 0.8386705679454176 0.544639035015037 0
    outer loop
      vertex 31.381966011250107 2.424429495415054 2
      vertex 31.26794919243112 2.6 58
      vertex 31.381966011250107 2.424429495415054 58
    endloop
  endfacet
  facet normal 0.8910065241883726 0.4539904997395375 0
    outer loop
      vertex 31.26794919243112 2.6 2
      vertex 31.1729090847148 2.7865267138484 58
      vertex 31.26794919243112 2.6 58
    endloop
  endfacet
  facet normal 0.9659258262890684 0.2588190451025207 0
    outer loop
      vertex 31.097886967409693 2.981966011250105 2
      vertex 31.04370479853239 3.1841766183644813 58
      vertex 31.097886967409693 2.981966011250105 58
    endloop
  endfacet
  facet normal 0.9335804264971995 0.358367949545306 0
    outer loop
      vertex 31.1729090847148 2.7865267138484 2
      vertex 31.097886967409693 2.981966011250105 58
      vertex 31.1729090847148 2.7865267138484 58
    endloop
  endfacet
  facet normal 0.9876883405951389 0.15643446504022374 0
    outer loop
      vertex 31.04370479853239 3.1841766183644813 2
      vertex 31.010956209263455 3.390943073464693 58
      vertex 31.04370479853239 3.1841766183644813 58
    endloop
  endfacet
  facet normal 0.9986295347545735 0.0523359562429506 0
    outer loop
      vertex 31.010956209263455 3.390943073464693 2
      vertex 31 3.6 58
      vertex 31.010956209263455 3.390943073464693 58
    endloop
  endfacet
  facet normal 0 1 0
    outer loop
      vertex 42.5 1.6 2
      vertex 33.75 1.6 58
      vertex 34.5 1.6 54
    endloop
  endfacet
  facet normal 0 1 0
    outer loop
      vertex 42.5 1.6 2
      vertex 34.5 1.6 54
      vertex 41.75 1.6 38
    endloop
  endfacet
  facet normal -0.1564344650402325 0.9876883405951374 0
    outer loop
      vertex 42.91582338163552 1.6437047985323887 2
      vertex 42.75 1.6174409550393247 38
      vertex 42.75 1.6174409550393247 58
    endloop
  endfacet
  facet normal -0.1564344650402325 0.9876883405951374 0
    outer loop
      vertex 42.91582338163552 1.6437047985323887 2
      vertex 42.75 1.6174409550393247 58
      vertex 42.91582338163552 1.6437047985323887 58
    endloop
  endfacet
  facet normal -0.25881904510252435 0.9659258262890674 0
    outer loop
      vertex 43.11803398874989 1.697886967409693 2
      vertex 42.91582338163552 1.6437047985323887 58
      vertex 43.11803398874989 1.697886967409693 58
    endloop
  endfacet
  facet normal -0.35836794954530043 0.9335804264972016 0
    outer loop
      vertex 43.3134732861516 1.7729090847147984 2
      vertex 43.11803398874989 1.697886967409693 58
      vertex 43.3134732861516 1.7729090847147984 58
    endloop
  endfacet
  facet normal -0.4539904997395433 0.8910065241883696 0
    outer loop
      vertex 43.5 1.867949192431123 2
      vertex 43.3134732861516 1.7729090847147984 58
      vertex 43.5 1.867949192431123 58
    endloop
  endfacet
  facet normal -0.5446390350150256 0.838670567945425 0
    outer loop
      vertex 43.67557050458495 1.9819660112501052 2
      vertex 43.5 1.867949192431123 58
      vertex 43.67557050458495 1.9819660112501052 58
    endloop
  endfacet
  facet normal -0.6293203910498344 0.7771459614569733 0
    outer loop
      vertex 43.83826121271772 2.1137103490452116 2
      vertex 43.67557050458495 1.9819660112501052 58
      vertex 43.83826121271772 2.1137103490452116 58
    endloop
  endfacet
  facet normal -0.7071067811865529 0.7071067811865422 0
    outer loop
      vertex 43.98628965095479 2.2617387872822836 2
      vertex 43.83826121271772 2.1137103490452116 58
      vertex 43.98628965095479 2.2617387872822836 58
    endloop
  endfacet
  facet normal -0.777145961456974 0.6293203910498336 0
    outer loop
      vertex 44.11803398874989 2.424429495415054 2
      vertex 43.98628965095479 2.2617387872822836 58
      vertex 44.11803398874989 2.424429495415054 58
    endloop
  endfacet
  facet normal -0.8386705679454254 0.5446390350150251 0
    outer loop
      vertex 44.232050807568875 2.6 2
      vertex 44.11803398874989 2.424429495415054 58
      vertex 44.232050807568875 2.6 58
    endloop
  endfacet
  facet normal -0.8910065241883588 0.4539904997395644 0
    outer loop
      vertex 44.327090915285204 2.7865267138484 2
      vertex 44.232050807568875 2.6 58
      vertex 44.327090915285204 2.7865267138484 58
    endloop
  endfacet
  facet normal -0.9335804264972052 0.35836794954529116 0
    outer loop
      vertex 44.40211303259031 2.981966011250105 2
      vertex 44.327090915285204 2.7865267138484 58
      vertex 44.40211303259031 2.981966011250105 58
    endloop
  endfacet
  facet normal -0.9659258262890684 0.2588190451025207 0
    outer loop
      vertex 44.45629520146761 3.1841766183644813 2
      vertex 44.40211303259031 2.981966011250105 58
      vertex 44.45629520146761 3.1841766183644813 58
    endloop
  endfacet
  facet normal -0.9876883405951389 0.15643446504022374 0
    outer loop
      vertex 44.489043790736545 3.390943073464693 2
      vertex 44.45629520146761 3.1841766183644813 58
      vertex 44.489043790736545 3.390943073464693 58
    endloop
  endfacet
  facet normal -0.9986295347545735 0.0523359562429506 0
    outer loop
      vertex 44.5 3.6 2
      vertex 44.489043790736545 3.390943073464693 58
      vertex 44.5 3.6 58
    endloop
  endfacet
  facet normal 0.15643446504022734 0.9876883405951383 0
    outer loop
      vertex 32.75 1.6174409550393256 38
      vertex 32.58417661836448 1.6437047985323887 58
      vertex 32.75 1.6174409550393256 58
    endloop
  endfacet
  facet normal 0 1 0
    outer loop
      vertex 33.75 1.6 58
      vertex 34.5 1.6 58
      vertex 34.5 1.6 54
    endloop
  endfacet
  facet normal 0 1 0
    outer loop
      vertex 41.75 1.6 38
      vertex 34.5 1.6 54
      vertex 41 1.6 54
    endloop
  endfacet
  facet normal 0 1 0
    outer loop
      vertex 41.75 1.6 38
      vertex 41 1.6 54
      vertex 41.75 1.6 58
    endloop
  endfacet
  facet normal 0 1 0
    outer loop
      vertex 41.75 1.6 58
      vertex 41 1.6 54
      vertex 41 1.6 58
    endloop
  endfacet
  facet normal 1 0 0
    outer loop
      vertex 31 3.6 2
      vertex 31 36.1 58
      vertex 31 3.6 58
    endloop
  endfacet
  facet normal 1 0 0
    outer loop
      vertex 31 24.12440891073984 2
      vertex 31 36.1 2
      vertex 31 24.12440891073984 6
    endloop
  endfacet
  facet normal 0 0 1
    outer loop
      vertex 31 24.12440891073984 2
      vertex 31.27786404500042 24.55228201833979 2
      vertex 31.26794919243112 37.1 2
    endloop
  endfacet
  facet normal 0 0 1
    outer loop
      vertex 31.27786404500042 24.55228201833979 2
      vertex 31.804841396180848 25.203044850870867 2
      vertex 31.66173878728228 37.58628965095479 2
    endloop
  endfacet
  facet normal 0 0 1
    outer loop
      vertex 31.804841396180848 25.203044850870867 2
      vertex 32.396955149129134 25.795158603819154 2
      vertex 32.38196601125011 38.00211303259031 2
    endloop
  endfacet
  facet normal 0 0 1
    outer loop
      vertex 43.69515860381915 25.203044850870867 2
      vertex 43.67557050458495 37.718033988749895 2
      vertex 43.103044850870866 25.795158603819154 2
    endloop
  endfacet
  facet normal 0 0 1
    outer loop
      vertex 44.5 24.12440891073984 2
      vertex 44.5 36.1 2
      vertex 44.22213595499958 24.55228201833979 2
    endloop
  endfacet
  facet normal -1 0 0
    outer loop
      vertex 44.5 24.12440891073984 2
      vertex 44.5 24.12440891073984 6
      vertex 44.5 36.1 2
    endloop
  endfacet
  facet normal 0 0 1
    outer loop
      vertex 44.22213595499958 24.55228201833979 2
      vertex 44.232050807568875 37.1 2
      vertex 43.69515860381915 25.203044850870867 2
    endloop
  endfacet
  facet normal 1 0 0
    outer loop
      vertex 31 15.575591089260161 6
      vertex 31 24.12440891073984 6
      vertex 31 36.1 58
    endloop
  endfacet
  facet normal -1 0 0
    outer loop
      vertex 44.5 3.6 58
      vertex 44.5 36.1 2
      vertex 44.5 24.12440891073984 6
    endloop
  endfacet
  facet normal 0 0 1
    outer loop
      vertex 31 24.12440891073984 2
      vertex 31.010956209263455 36.309056926535305 2
      vertex 31 36.1 2
    endloop
  endfacet
  facet normal 0 0 1
    outer loop
      vertex 32.396955149129134 25.795158603819154 2
      vertex 33.04771798166021 26.32213595499958 2
      vertex 33 38.1 2
    endloop
  endfacet
  facet normal 0 0 1
    outer loop
      vertex 33.04771798166021 26.32213595499958 2
      vertex 33.75 26.77820323027551 2
      vertex 33 38.1 2
    endloop
  endfacet
  facet normal 0 0 1
    outer loop
      vertex 33.75 26.77820323027551 2
      vertex 34.4961068553936 27.158363661140807 2
      vertex 33 38.1 2
    endloop
  endfacet
  facet normal 0 0 1
    outer loop
      vertex 31 24.12440891073984 2
      vertex 31.04370479853239 36.51582338163552 2
      vertex 31.010956209263455 36.309056926535305 2
    endloop
  endfacet
  facet normal 0 0 1
    outer loop
      vertex 31 24.12440891073984 2
      vertex 31.097886967409693 36.718033988749895 2
      vertex 31.04370479853239 36.51582338163552 2
    endloop
  endfacet
  facet normal 0 0 1
    outer loop
      vertex 31 24.12440891073984 2
      vertex 31.1729090847148 36.9134732861516 2
      vertex 31.097886967409693 36.718033988749895 2
    endloop
  endfacet
  facet normal 0 0 1
    outer loop
      vertex 31 24.12440891073984 2
      vertex 31.26794919243112 37.1 2
      vertex 31.1729090847148 36.9134732861516 2
    endloop
  endfacet
  facet normal 0 0 1
    outer loop
      vertex 31.27786404500042 24.55228201833979 2
      vertex 31.381966011250107 37.27557050458495 2
      vertex 31.26794919243112 37.1 2
    endloop
  endfacet
  facet normal 0 0 1
    outer loop
      vertex 31.27786404500042 24.55228201833979 2
      vertex 31.513710349045212 37.43826121271772 2
      vertex 31.381966011250107 37.27557050458495 2
    endloop
  endfacet
  facet normal 0 0 1
    outer loop
      vertex 31.27786404500042 24.55228201833979 2
      vertex 31.66173878728228 37.58628965095479 2
      vertex 31.513710349045212 37.43826121271772 2
    endloop
  endfacet
  facet normal 0 0 1
    outer loop
      vertex 31.804841396180848 25.203044850870867 2
      vertex 31.824429495415053 37.718033988749895 2
      vertex 31.66173878728228 37.58628965095479 2
    endloop
  endfacet
  facet normal 0 0 1
    outer loop
      vertex 31.804841396180848 25.203044850870867 2
      vertex 32 37.832050807568876 2
      vertex 31.824429495415053 37.718033988749895 2
    endloop
  endfacet
  facet normal 0 0 1
    outer loop
      vertex 31.804841396180848 25.203044850870867 2
      vertex 32.1865267138484 37.927090915285206 2
      vertex 32 37.832050807568876 2
    endloop
  endfacet
  facet normal 0 0 1
    outer loop
      vertex 31.804841396180848 25.203044850870867 2
      vertex 32.38196601125011 38.00211303259031 2
      vertex 32.1865267138484 37.927090915285206 2
    endloop
  endfacet
  facet normal 0 0 1
    outer loop
      vertex 32.396955149129134 25.795158603819154 2
      vertex 32.58417661836448 38.05629520146761 2
      vertex 32.38196601125011 38.00211303259031 2
    endloop
  endfacet
  facet normal 0 0 1
    outer loop
      vertex 32.396955149129134 25.795158603819154 2
      vertex 32.790943073464696 38.08904379073655 2
      vertex 32.58417661836448 38.05629520146761 2
    endloop
  endfacet
  facet normal 0 0 1
    outer loop
      vertex 32.396955149129134 25.795158603819154 2
      vertex 33 38.1 2
      vertex 32.790943073464696 38.08904379073655 2
    endloop
  endfacet
  facet normal 0 0 1
    outer loop
      vertex 34.4961068553936 27.158363661140807 2
      vertex 35.27786404500042 27.45845213036123 2
      vertex 33 38.1 2
    endloop
  endfacet
  facet normal 0 0 1
    outer loop
      vertex 35.27786404500042 27.45845213036123 2
      vertex 36.08670647345792 27.675180805870447 2
      vertex 33 38.1 2
    endloop
  endfacet
  facet normal 0 0 1
    outer loop
      vertex 36.08670647345792 27.675180805870447 2
      vertex 36.91377229385877 27.80617516294619 2
      vertex 33 38.1 2
    endloop
  endfacet
  facet normal 0 0 1
    outer loop
      vertex 36.91377229385877 27.80617516294619 2
      vertex 42.5 38.1 2
      vertex 33 38.1 2
    endloop
  endfacet
  facet normal 0.15643446504022113 -0.9876883405951393 5.063960167048765e-18
    outer loop
      vertex 32.58417661836448 38.05629520146761 2
      vertex 32.790943073464696 38.08904379073655 2
      vertex 32.75 38.082559044960675 38
    endloop
  endfacet
  facet normal 0.05233595624295138 -0.9986295347545735 0
    outer loop
      vertex 32.790943073464696 38.08904379073655 2
      vertex 33 38.1 2
      vertex 32.790943073464696 38.08904379073655 38
    endloop
  endfacet
  facet normal 0 0 1
    outer loop
      vertex 36.91377229385877 27.80617516294619 2
      vertex 37.75 27.85 2
      vertex 42.5 38.1 2
    endloop
  endfacet
  facet normal 0 0 1
    outer loop
      vertex 37.75 27.85 2
      vertex 38.58622770614123 27.80617516294619 2
      vertex 42.5 38.1 2
    endloop
  endfacet
  facet normal 0 0 1
    outer loop
      vertex 41.0038931446064 27.158363661140807 2
      vertex 42.5 38.1 2
      vertex 40.22213595499958 27.45845213036123 2
    endloop
  endfacet
  facet normal 0 0 1
    outer loop
      vertex 41.0038931446064 27.158363661140807 2
      vertex 41.75 26.77820323027551 2
      vertex 42.5 38.1 2
    endloop
  endfacet
  facet normal 0 0 1
    outer loop
      vertex 38.58622770614123 27.80617516294619 2
      vertex 39.41329352654208 27.675180805870447 2
      vertex 42.5 38.1 2
    endloop
  endfacet
  facet normal 0 0 1
    outer loop
      vertex 39.41329352654208 27.675180805870447 2
      vertex 40.22213595499958 27.45845213036123 2
      vertex 42.5 38.1 2
    endloop
  endfacet
  facet normal 0 0 1
    outer loop
      vertex 41.75 26.77820323027551 2
      vertex 42.45228201833979 26.32213595499958 2
      vertex 42.5 38.1 2
    endloop
  endfacet
  facet normal 0 0 1
    outer loop
      vertex 43.103044850870866 25.795158603819154 2
      vertex 43.11803398874989 38.00211303259031 2
      vertex 42.45228201833979 26.32213595499958 2
    endloop
  endfacet
  facet normal 0 0 1
    outer loop
      vertex 42.45228201833979 26.32213595499958 2
      vertex 42.70905692653531 38.08904379073655 2
      vertex 42.5 38.1 2
    endloop
  endfacet
  facet normal 0 0 1
    outer loop
      vertex 42.45228201833979 26.32213595499958 2
      vertex 42.91582338163552 38.05629520146761 2
      vertex 42.70905692653531 38.08904379073655 2
    endloop
  endfacet
  facet normal 0 0 1
    outer loop
      vertex 43.103044850870866 25.795158603819154 2
      vertex 43.3134732861516 37.927090915285206 2
      vertex 43.11803398874989 38.00211303259031 2
    endloop
  endfacet
  facet normal 0 0 1
    outer loop
      vertex 43.103044850870866 25.795158603819154 2
      vertex 43.67557050458495 37.718033988749895 2
      vertex 43.5 37.832050807568876 2
    endloop
  endfacet
  facet normal 0 0 1
    outer loop
      vertex 43.103044850870866 25.795158603819154 2
      vertex 43.5 37.832050807568876 2
      vertex 43.3134732861516 37.927090915285206 2
    endloop
  endfacet
  facet normal 0 0 1
    outer loop
      vertex 42.45228201833979 26.32213595499958 2
      vertex 43.11803398874989 38.00211303259031 2
      vertex 42.91582338163552 38.05629520146761 2
    endloop
  endfacet
  facet normal 0 0 1
    outer loop
      vertex 44.22213595499958 24.55228201833979 2
      vertex 44.5 36.1 2
      vertex 44.489043790736545 36.309056926535305 2
    endloop
  endfacet
  facet normal 0 0 1
    outer loop
      vertex 44.22213595499958 24.55228201833979 2
      vertex 44.489043790736545 36.309056926535305 2
      vertex 44.45629520146761 36.51582338163552 2
    endloop
  endfacet
  facet normal 0 0 1
    outer loop
      vertex 44.22213595499958 24.55228201833979 2
      vertex 44.45629520146761 36.51582338163552 2
      vertex 44.40211303259031 36.718033988749895 2
    endloop
  endfacet
  facet normal 0 0 1
    outer loop
      vertex 44.22213595499958 24.55228201833979 2
      vertex 44.327090915285204 36.9134732861516 2
      vertex 44.232050807568875 37.1 2
    endloop
  endfacet
  facet normal 0 0 1
    outer loop
      vertex 44.22213595499958 24.55228201833979 2
      vertex 44.40211303259031 36.718033988749895 2
      vertex 44.327090915285204 36.9134732861516 2
    endloop
  endfacet
  facet normal 0 0 1
    outer loop
      vertex 43.69515860381915 25.203044850870867 2
      vertex 44.11803398874989 37.27557050458495 2
      vertex 43.98628965095479 37.43826121271772 2
    endloop
  endfacet
  facet normal 0 0 1
    outer loop
      vertex 43.69515860381915 25.203044850870867 2
      vertex 43.98628965095479 37.43826121271772 2
      vertex 43.83826121271772 37.58628965095479 2
    endloop
  endfacet
  facet normal 0 0 1
    outer loop
      vertex 43.69515860381915 25.203044850870867 2
      vertex 44.232050807568875 37.1 2
      vertex 44.11803398874989 37.27557050458495 2
    endloop
  endfacet
  facet normal 0 0 1
    outer loop
      vertex 43.69515860381915 25.203044850870867 2
      vertex 43.83826121271772 37.58628965095479 2
      vertex 43.67557050458495 37.718033988749895 2
    endloop
  endfacet
  facet normal 0 -1 0
    outer loop
      vertex 33 38.1 2
      vertex 42.5 38.1 2
      vertex 41.75 38.1 38
    endloop
  endfacet
  facet normal -0.0523359562429496 -0.9986295347545735 0
    outer loop
      vertex 42.5 38.1 2
      vertex 42.70905692653531 38.08904379073655 2
      vertex 42.5 38.1 38
    endloop
  endfacet
  facet normal 1 0 0
    outer loop
      vertex 31 24.12440891073984 6
      vertex 31 36.1 2
      vertex 31 36.1 58
    endloop
  endfacet
  facet normal 0.9986295347545735 -0.05233595624295138 0
    outer loop
      vertex 31 36.1 2
      vertex 31.010956209263455 36.309056926535305 2
      vertex 31.010956209263455 36.309056926535305 58
    endloop
  endfacet
  facet normal 0.9876883405951393 -0.15643446504022113 0
    outer loop
      vertex 31.010956209263455 36.309056926535305 2
      vertex 31.04370479853239 36.51582338163552 2
      vertex 31.04370479853239 36.51582338163552 58
    endloop
  endfacet
  facet normal 0.9659258262890676 -0.25881904510252335 0
    outer loop
      vertex 31.04370479853239 36.51582338163552 2
      vertex 31.097886967409693 36.718033988749895 2
      vertex 31.097886967409693 36.718033988749895 58
    endloop
  endfacet
  facet normal 0.9335804264971995 -0.358367949545306 0
    outer loop
      vertex 31.097886967409693 36.718033988749895 2
      vertex 31.1729090847148 36.9134732861516 2
      vertex 31.1729090847148 36.9134732861516 58
    endloop
  endfacet
  facet normal 0.8910065241883743 -0.45399049973953404 0
    outer loop
      vertex 31.1729090847148 36.9134732861516 2
      vertex 31.26794919243112 37.1 2
      vertex 31.26794919243112 37.1 58
    endloop
  endfacet
  facet normal 0.8386705679454183 -0.544639035015036 0
    outer loop
      vertex 31.26794919243112 37.1 2
      vertex 31.381966011250107 37.27557050458495 2
      vertex 31.381966011250107 37.27557050458495 58
    endloop
  endfacet
  facet normal 0.7771459614569765 -0.6293203910498305 0
    outer loop
      vertex 31.381966011250107 37.27557050458495 2
      vertex 31.513710349045212 37.43826121271772 2
      vertex 31.513710349045212 37.43826121271772 58
    endloop
  endfacet
  facet normal 0.7071067811865476 -0.7071067811865476 0
    outer loop
      vertex 31.513710349045212 37.43826121271772 2
      vertex 31.66173878728228 37.58628965095479 2
      vertex 31.66173878728228 37.58628965095479 58
    endloop
  endfacet
  facet normal 0.6293203910498305 -0.7771459614569765 0
    outer loop
      vertex 31.66173878728228 37.58628965095479 2
      vertex 31.824429495415053 37.718033988749895 2
      vertex 31.824429495415053 37.718033988749895 58
    endloop
  endfacet
  facet normal 0.5446390350150241 -0.8386705679454259 0
    outer loop
      vertex 31.824429495415053 37.718033988749895 2
      vertex 32 37.832050807568876 2
      vertex 32 37.832050807568876 58
    endloop
  endfacet
  facet normal 0.453990499739561 -0.8910065241883607 0
    outer loop
      vertex 32 37.832050807568876 2
      vertex 32.1865267138484 37.927090915285206 2
      vertex 32.1865267138484 37.927090915285206 58
    endloop
  endfacet
  facet normal 0.35836794954529116 -0.9335804264972052 0
    outer loop
      vertex 32.1865267138484 37.927090915285206 2
      vertex 32.38196601125011 38.00211303259031 2
      vertex 32.38196601125011 38.00211303259031 58
    endloop
  endfacet
  facet normal 0.25881904510252335 -0.9659258262890676 0
    outer loop
      vertex 32.38196601125011 38.00211303259031 2
      vertex 32.58417661836448 38.05629520146761 2
      vertex 32.58417661836448 38.05629520146761 58
    endloop
  endfacet
  facet normal 0.15643446504021677 -0.9876883405951399 0
    outer loop
      vertex 32.790943073464696 38.08904379073655 2
      vertex 32.790943073464696 38.08904379073655 38
      vertex 32.75 38.082559044960675 38
    endloop
  endfacet
  facet normal 0.05233595624295138 -0.9986295347545735 0
    outer loop
      vertex 33 38.1 2
      vertex 33 38.1 38
      vertex 32.790943073464696 38.08904379073655 38
    endloop
  endfacet
  facet normal 0 -1 0
    outer loop
      vertex 33 38.1 2
      vertex 33.75 38.1 38
      vertex 33 38.1 38
    endloop
  endfacet
  facet normal -0.9986295347545735 -0.05233595624295138 0
    outer loop
      vertex 44.5 36.1 2
      vertex 44.5 36.1 58
      vertex 44.489043790736545 36.309056926535305 2
    endloop
  endfacet
  facet normal -0.9876883405951393 -0.15643446504022113 0
    outer loop
      vertex 44.489043790736545 36.309056926535305 2
      vertex 44.489043790736545 36.309056926535305 58
      vertex 44.45629520146761 36.51582338163552 2
    endloop
  endfacet
  facet normal -0.9659258262890676 -0.25881904510252335 0
    outer loop
      vertex 44.45629520146761 36.51582338163552 2
      vertex 44.45629520146761 36.51582338163552 58
      vertex 44.40211303259031 36.718033988749895 2
    endloop
  endfacet
  facet normal -0.9335804264972052 -0.35836794954529116 0
    outer loop
      vertex 44.40211303259031 36.718033988749895 2
      vertex 44.40211303259031 36.718033988749895 58
      vertex 44.327090915285204 36.9134732861516 2
    endloop
  endfacet
  facet normal -0.8910065241883607 -0.453990499739561 0
    outer loop
      vertex 44.327090915285204 36.9134732861516 2
      vertex 44.327090915285204 36.9134732861516 58
      vertex 44.232050807568875 37.1 2
    endloop
  endfacet
  facet normal -0.8386705679454259 -0.5446390350150241 0
    outer loop
      vertex 44.232050807568875 37.1 2
      vertex 44.232050807568875 37.1 58
      vertex 44.11803398874989 37.27557050458495 2
    endloop
  endfacet
  facet normal -0.5446390350150241 -0.8386705679454259 0
    outer loop
      vertex 43.5 37.832050807568876 2
      vertex 43.67557050458495 37.718033988749895 2
      vertex 43.67557050458495 37.718033988749895 58
    endloop
  endfacet
  facet normal -0.15643446504022637 -0.9876883405951384 0
    outer loop
      vertex 42.70905692653531 38.08904379073655 2
      vertex 42.91582338163552 38.05629520146761 2
      vertex 42.91582338163552 38.05629520146761 58
    endloop
  endfacet
  facet normal -0.25881904510252335 -0.9659258262890676 0
    outer loop
      vertex 42.91582338163552 38.05629520146761 2
      vertex 43.11803398874989 38.00211303259031 2
      vertex 43.11803398874989 38.00211303259031 58
    endloop
  endfacet
  facet normal -0.35836794954529116 -0.9335804264972052 0
    outer loop
      vertex 43.11803398874989 38.00211303259031 2
      vertex 43.3134732861516 37.927090915285206 2
      vertex 43.3134732861516 37.927090915285206 58
    endloop
  endfacet
  facet normal -0.453990499739561 -0.8910065241883607 0
    outer loop
      vertex 43.5 37.832050807568876 2
      vertex 43.5 37.832050807568876 58
      vertex 43.3134732861516 37.927090915285206 2
    endloop
  endfacet
  facet normal -0.7071067811865476 -0.7071067811865476 0
    outer loop
      vertex 43.98628965095479 37.43826121271772 2
      vertex 43.98628965095479 37.43826121271772 58
      vertex 43.83826121271772 37.58628965095479 2
    endloop
  endfacet
  facet normal -0.7771459614569765 -0.6293203910498305 0
    outer loop
      vertex 44.11803398874989 37.27557050458495 2
      vertex 44.11803398874989 37.27557050458495 58
      vertex 43.98628965095479 37.43826121271772 2
    endloop
  endfacet
  facet normal -0.6293203910498305 -0.7771459614569765 0
    outer loop
      vertex 43.67557050458495 37.718033988749895 2
      vertex 43.83826121271772 37.58628965095479 2
      vertex 43.83826121271772 37.58628965095479 58
    endloop
  endfacet
  facet normal 0 -1 0
    outer loop
      vertex 42.5 38.1 2
      vertex 42.5 38.1 38
      vertex 41.75 38.1 38
    endloop
  endfacet
  facet normal -0.0523359562429496 -0.9986295347545735 0
    outer loop
      vertex 42.70905692653531 38.08904379073655 2
      vertex 42.70905692653531 38.08904379073655 38
      vertex 42.5 38.1 38
    endloop
  endfacet
  facet normal -0.15643446504024325 -0.9876883405951358 0
    outer loop
      vertex 42.70905692653531 38.08904379073655 2
      vertex 42.75 38.082559044960675 38
      vertex 42.70905692653531 38.08904379073655 38
    endloop
  endfacet
  facet normal -1 0 0
    outer loop
      vertex 44.5 3.6 58
      vertex 44.5 36.1 58
      vertex 44.5 36.1 2
    endloop
  endfacet
  facet normal 0.1564344650402222 -0.9876883405951392 0
    outer loop
      vertex 32.58417661836448 38.05629520146761 2
      vertex 32.75 38.082559044960675 38
      vertex 32.75 38.082559044960675 58
    endloop
  endfacet
  facet normal 0 -1 0
    outer loop
      vertex 33 38.1 2
      vertex 41 38.1 54
      vertex 33.75 38.1 38
    endloop
  endfacet
  facet normal 0.9986295347545735 -0.05233595624295138 0
    outer loop
      vertex 31 36.1 2
      vertex 31.010956209263455 36.309056926535305 58
      vertex 31 36.1 58
    endloop
  endfacet
  facet normal 0.9876883405951393 -0.15643446504022113 0
    outer loop
      vertex 31.010956209263455 36.309056926535305 2
      vertex 31.04370479853239 36.51582338163552 58
      vertex 31.010956209263455 36.309056926535305 58
    endloop
  endfacet
  facet normal 0.9659258262890676 -0.25881904510252335 0
    outer loop
      vertex 31.04370479853239 36.51582338163552 2
      vertex 31.097886967409693 36.718033988749895 58
      vertex 31.04370479853239 36.51582338163552 58
    endloop
  endfacet
  facet normal 0.9335804264971995 -0.358367949545306 0
    outer loop
      vertex 31.097886967409693 36.718033988749895 2
      vertex 31.1729090847148 36.9134732861516 58
      vertex 31.097886967409693 36.718033988749895 58
    endloop
  endfacet
  facet normal 0.8910065241883743 -0.45399049973953404 0
    outer loop
      vertex 31.1729090847148 36.9134732861516 2
      vertex 31.26794919243112 37.1 58
      vertex 31.1729090847148 36.9134732861516 58
    endloop
  endfacet
  facet normal 0.8386705679454183 -0.544639035015036 0
    outer loop
      vertex 31.26794919243112 37.1 2
      vertex 31.381966011250107 37.27557050458495 58
      vertex 31.26794919243112 37.1 58
    endloop
  endfacet
  facet normal 0.7771459614569765 -0.6293203910498305 0
    outer loop
      vertex 31.381966011250107 37.27557050458495 2
      vertex 31.513710349045212 37.43826121271772 58
      vertex 31.381966011250107 37.27557050458495 58
    endloop
  endfacet
  facet normal 0.7071067811865476 -0.7071067811865476 0
    outer loop
      vertex 31.513710349045212 37.43826121271772 2
      vertex 31.66173878728228 37.58628965095479 58
      vertex 31.513710349045212 37.43826121271772 58
    endloop
  endfacet
  facet normal 0.6293203910498305 -0.7771459614569765 0
    outer loop
      vertex 31.66173878728228 37.58628965095479 2
      vertex 31.824429495415053 37.718033988749895 58
      vertex 31.66173878728228 37.58628965095479 58
    endloop
  endfacet
  facet normal 0.5446390350150241 -0.8386705679454259 0
    outer loop
      vertex 31.824429495415053 37.718033988749895 2
      vertex 32 37.832050807568876 58
      vertex 31.824429495415053 37.718033988749895 58
    endloop
  endfacet
  facet normal 0.453990499739561 -0.8910065241883607 0
    outer loop
      vertex 32 37.832050807568876 2
      vertex 32.1865267138484 37.927090915285206 58
      vertex 32 37.832050807568876 58
    endloop
  endfacet
  facet normal 0.35836794954529116 -0.9335804264972052 0
    outer loop
      vertex 32.1865267138484 37.927090915285206 2
      vertex 32.38196601125011 38.00211303259031 58
      vertex 32.1865267138484 37.927090915285206 58
    endloop
  endfacet
  facet normal 0.25881904510252335 -0.9659258262890676 0
    outer loop
      vertex 32.38196601125011 38.00211303259031 2
      vertex 32.58417661836448 38.05629520146761 58
      vertex 32.38196601125011 38.00211303259031 58
    endloop
  endfacet
  facet normal 0.1564344650402222 -0.9876883405951391 0
    outer loop
      vertex 32.58417661836448 38.05629520146761 2
      vertex 32.75 38.082559044960675 58
      vertex 32.58417661836448 38.05629520146761 58
    endloop
  endfacet
  facet normal 0 -1 0
    outer loop
      vertex 33 38.1 2
      vertex 41.75 38.1 38
      vertex 41.75 38.1 58
    endloop
  endfacet
  facet normal -0.15643446504021885 -0.9876883405951397 -2.8440895995492923e-17
    outer loop
      vertex 42.70905692653531 38.08904379073655 2
      vertex 42.91582338163552 38.05629520146761 58
      vertex 42.75 38.082559044960675 38
    endloop
  endfacet
  facet normal 0 -1 0
    outer loop
      vertex 33 38.1 2
      vertex 41.75 38.1 58
      vertex 41 38.1 54
    endloop
  endfacet
  facet normal -0.9986295347545735 -0.05233595624295138 0
    outer loop
      vertex 44.489043790736545 36.309056926535305 2
      vertex 44.5 36.1 58
      vertex 44.489043790736545 36.309056926535305 58
    endloop
  endfacet
  facet normal -0.9876883405951393 -0.15643446504022113 0
    outer loop
      vertex 44.45629520146761 36.51582338163552 2
      vertex 44.489043790736545 36.309056926535305 58
      vertex 44.45629520146761 36.51582338163552 58
    endloop
  endfacet
  facet normal -0.8386705679454259 -0.5446390350150241 0
    outer loop
      vertex 44.11803398874989 37.27557050458495 2
      vertex 44.232050807568875 37.1 58
      vertex 44.11803398874989 37.27557050458495 58
    endloop
  endfacet
  facet normal -0.9335804264972052 -0.35836794954529116 0
    outer loop
      vertex 44.327090915285204 36.9134732861516 2
      vertex 44.40211303259031 36.718033988749895 58
      vertex 44.327090915285204 36.9134732861516 58
    endloop
  endfacet
  facet normal -0.9659258262890676 -0.25881904510252335 0
    outer loop
      vertex 44.40211303259031 36.718033988749895 2
      vertex 44.45629520146761 36.51582338163552 58
      vertex 44.40211303259031 36.718033988749895 58
    endloop
  endfacet
  facet normal -0.8910065241883607 -0.453990499739561 0
    outer loop
      vertex 44.232050807568875 37.1 2
      vertex 44.327090915285204 36.9134732861516 58
      vertex 44.232050807568875 37.1 58
    endloop
  endfacet
  facet normal -0.5446390350150241 -0.8386705679454259 0
    outer loop
      vertex 43.5 37.832050807568876 2
      vertex 43.67557050458495 37.718033988749895 58
      vertex 43.5 37.832050807568876 58
    endloop
  endfacet
  facet normal -0.25881904510252335 -0.9659258262890676 0
    outer loop
      vertex 42.91582338163552 38.05629520146761 2
      vertex 43.11803398874989 38.00211303259031 58
      vertex 42.91582338163552 38.05629520146761 58
    endloop
  endfacet
  facet normal -0.35836794954529116 -0.9335804264972052 0
    outer loop
      vertex 43.11803398874989 38.00211303259031 2
      vertex 43.3134732861516 37.927090915285206 58
      vertex 43.11803398874989 38.00211303259031 58
    endloop
  endfacet
  facet normal -0.453990499739561 -0.8910065241883607 0
    outer loop
      vertex 43.3134732861516 37.927090915285206 2
      vertex 43.5 37.832050807568876 58
      vertex 43.3134732861516 37.927090915285206 58
    endloop
  endfacet
  facet normal -0.7771459614569765 -0.6293203910498305 0
    outer loop
      vertex 43.98628965095479 37.43826121271772 2
      vertex 44.11803398874989 37.27557050458495 58
      vertex 43.98628965095479 37.43826121271772 58
    endloop
  endfacet
  facet normal -0.6293203910498305 -0.7771459614569765 0
    outer loop
      vertex 43.67557050458495 37.718033988749895 2
      vertex 43.83826121271772 37.58628965095479 58
      vertex 43.67557050458495 37.718033988749895 58
    endloop
  endfacet
  facet normal -0.7071067811865476 -0.7071067811865476 0
    outer loop
      vertex 43.83826121271772 37.58628965095479 2
      vertex 43.98628965095479 37.43826121271772 58
      vertex 43.83826121271772 37.58628965095479 58
    endloop
  endfacet
  facet normal 0 -1 0
    outer loop
      vertex 33.75 38.1 38
      vertex 34.5 38.1 54
      vertex 33.75 38.1 58
    endloop
  endfacet
  facet normal 0 -1 0
    outer loop
      vertex 33.75 38.1 38
      vertex 41 38.1 54
      vertex 34.5 38.1 54
    endloop
  endfacet
  facet normal 0 -1 0
    outer loop
      vertex 33.75 38.1 58
      vertex 34.5 38.1 54
      vertex 34.5 38.1 58
    endloop
  endfacet
  facet normal 0 -1 0
    outer loop
      vertex 41.75 38.1 58
      vertex 41 38.1 58
      vertex 41 38.1 54
    endloop
  endfacet
  facet normal -0.1564344650402222 -0.9876883405951392 0
    outer loop
      vertex 42.75 38.082559044960675 38
      vertex 42.91582338163552 38.05629520146761 58
      vertex 42.75 38.082559044960675 58
    endloop
  endfacet
  facet normal 0 0 -1
    outer loop
      vertex 30.4 16.70457322644957 6
      vertex 30.14154786963877 22.32213595499958 6
      vertex 30.441636338859194 16.5961068553936 6
    endloop
  endfacet
  facet normal 0 0 -1
    outer loop
      vertex 30.4 16.70457322644957 6
      vertex 30.14154786963877 17.377864045000422 6
      vertex 30.14154786963877 22.32213595499958 6
    endloop
  endfacet
  facet normal 0 0 -1
    outer loop
      vertex 30.14154786963877 17.377864045000422 6
      vertex 29.924819194129554 18.186706473457928 6
      vertex 29.924819194129554 21.513293526542075 6
    endloop
  endfacet
  facet normal 0 0 -1
    outer loop
      vertex 29.924819194129554 18.186706473457928 6
      vertex 29.8 18.97478384945391 6
      vertex 29.924819194129554 21.513293526542075 6
    endloop
  endfacet
  facet normal 0 0 -1
    outer loop
      vertex 29.8 18.97478384945391 6
      vertex 29.8 20.725216150546093 6
      vertex 29.924819194129554 21.513293526542075 6
    endloop
  endfacet
  facet normal 0 0 -1
    outer loop
      vertex 30.14154786963877 17.377864045000422 6
      vertex 29.924819194129554 21.513293526542075 6
      vertex 30.14154786963877 22.32213595499958 6
    endloop
  endfacet
  facet normal 0 0 -1
    outer loop
      vertex 30.14154786963877 22.32213595499958 6
      vertex 30.4 22.995426773550435 6
      vertex 30.441636338859194 16.5961068553936 6
    endloop
  endfacet
  facet normal 0.7071067811865486 0.7071067811865465 0
    outer loop
      vertex 31.804841396180848 14.496955149129134 2
      vertex 32.396955149129134 13.904841396180846 2
      vertex 32.396955149129134 13.904841396180846 0
    endloop
  endfacet
  facet normal 0.7071067811865486 0.7071067811865465 0
    outer loop
      vertex 31.804841396180848 14.496955149129134 0
      vertex 31.804841396180848 14.496955149129134 2
      vertex 32.396955149129134 13.904841396180846 0
    endloop
  endfacet
  facet normal 0.7771459614569698 0.6293203910498387 0
    outer loop
      vertex 31.804841396180848 14.496955149129134 0
      vertex 31.27786404500042 15.147717981660215 2
      vertex 31.804841396180848 14.496955149129134 2
    endloop
  endfacet
  facet normal 0.6293203910498385 0.77714596145697 0
    outer loop
      vertex 33.04771798166021 13.37786404500042 0
      vertex 32.396955149129134 13.904841396180846 2
      vertex 33.04771798166021 13.37786404500042 2
    endloop
  endfacet
  facet normal 0.4539904997395459 0.8910065241883683 0
    outer loop
      vertex 33.75 12.92179676972449 0
      vertex 33.75 12.92179676972449 2
      vertex 34.4961068553936 12.541636338859194 0
    endloop
  endfacet
  facet normal 0.5446390350150255 0.8386705679454249 0
    outer loop
      vertex 33.04771798166021 13.37786404500042 0
      vertex 33.04771798166021 13.37786404500042 2
      vertex 33.75 12.92179676972449 0
    endloop
  endfacet
  facet normal 0.5446390350150255 0.8386705679454249 0
    outer loop
      vertex 33.75 12.92179676972449 0
      vertex 33.04771798166021 13.37786404500042 2
      vertex 33.75 12.92179676972449 2
    endloop
  endfacet
  facet normal 0.6293203910498385 0.77714596145697 0
    outer loop
      vertex 33.04771798166021 13.37786404500042 0
      vertex 32.396955149129134 13.904841396180846 0
      vertex 32.396955149129134 13.904841396180846 2
    endloop
  endfacet
  facet normal 0.35836794954530227 0.933580426497201 0
    outer loop
      vertex 35.27786404500042 12.24154786963877 0
      vertex 34.4961068553936 12.541636338859194 2
      vertex 35.27786404500042 12.24154786963877 2
    endloop
  endfacet
  facet normal 0.25881904510252124 0.9659258262890682 0
    outer loop
      vertex 35.27786404500042 12.24154786963877 0
      vertex 35.27786404500042 12.24154786963877 2
      vertex 36.08670647345792 12.024819194129554 0
    endloop
  endfacet
  facet normal 0.25881904510252124 0.9659258262890682 0
    outer loop
      vertex 36.08670647345792 12.024819194129554 0
      vertex 35.27786404500042 12.24154786963877 2
      vertex 36.08670647345792 12.024819194129554 2
    endloop
  endfacet
  facet normal 0.15643446504022995 0.9876883405951379 0
    outer loop
      vertex 36.08670647345792 12.024819194129554 0
      vertex 36.08670647345792 12.024819194129554 2
      vertex 36.91377229385877 11.893824837053813 0
    endloop
  endfacet
  facet normal 0.15643446504022995 0.9876883405951379 0
    outer loop
      vertex 36.08670647345792 12.024819194129554 2
      vertex 36.91377229385877 11.893824837053813 2
      vertex 36.91377229385877 11.893824837053813 0
    endloop
  endfacet
  facet normal 0.05233595624294414 0.9986295347545738 0
    outer loop
      vertex 36.91377229385877 11.893824837053813 0
      vertex 36.91377229385877 11.893824837053813 2
      vertex 37.75 11.85 0
    endloop
  endfacet
  facet normal 0.05233595624294414 0.9986295347545738 0
    outer loop
      vertex 37.75 11.85 0
      vertex 36.91377229385877 11.893824837053813 2
      vertex 37.75 11.85 2
    endloop
  endfacet
  facet normal 0.35836794954530227 0.933580426497201 0
    outer loop
      vertex 35.27786404500042 12.24154786963877 0
      vertex 34.4961068553936 12.541636338859194 0
      vertex 34.4961068553936 12.541636338859194 2
    endloop
  endfacet
  facet normal 0.4539904997395459 0.8910065241883683 0
    outer loop
      vertex 33.75 12.92179676972449 2
      vertex 34.4961068553936 12.541636338859194 2
      vertex 34.4961068553936 12.541636338859194 0
    endloop
  endfacet
  facet normal 0.8386705679454245 0.5446390350150265 0
    outer loop
      vertex 31.27786404500042 15.147717981660215 0
      vertex 31 15.575591089260161 2
      vertex 31.27786404500042 15.147717981660215 2
    endloop
  endfacet
  facet normal 0.8386705679454253 0.544639035015025 4.3089697421433863e-16
    outer loop
      vertex 31.27786404500042 15.147717981660215 0
      vertex 30.821796769724493 15.85 0
      vertex 31 15.575591089260161 2
    endloop
  endfacet
  facet normal 0.7771459614569698 0.6293203910498387 0
    outer loop
      vertex 31.804841396180848 14.496955149129134 0
      vertex 31.27786404500042 15.147717981660215 0
      vertex 31.27786404500042 15.147717981660215 2
    endloop
  endfacet
  facet normal 0.8386705679454268 0.5446390350150228 0
    outer loop
      vertex 30.821796769724493 15.85 0
      vertex 30.821796769724493 15.85 6
      vertex 31 15.575591089260161 2
    endloop
  endfacet
  facet normal 0.8910065241883679 0.4539904997395467 0
    outer loop
      vertex 30.821796769724493 15.85 0
      vertex 30.441636338859194 16.5961068553936 0
      vertex 30.441636338859194 16.5961068553936 6
    endloop
  endfacet
  facet normal 0.9335804264971935 0.35836794954532136 0
    outer loop
      vertex 30.4 16.70457322644957 0
      vertex 30.4 16.70457322644957 6
      vertex 30.441636338859194 16.5961068553936 0
    endloop
  endfacet
  facet normal 0.8910065241883679 0.4539904997395467 0
    outer loop
      vertex 30.821796769724493 15.85 0
      vertex 30.441636338859194 16.5961068553936 6
      vertex 30.821796769724493 15.85 6
    endloop
  endfacet
  facet normal 0.8386705679454268 0.5446390350150228 0
    outer loop
      vertex 31 15.575591089260161 2
      vertex 30.821796769724493 15.85 6
      vertex 31 15.575591089260161 6
    endloop
  endfacet
  facet normal 0.9335804264971935 0.35836794954532136 0
    outer loop
      vertex 30.4 16.70457322644957 6
      vertex 30.441636338859194 16.5961068553936 6
      vertex 30.441636338859194 16.5961068553936 0
    endloop
  endfacet
  facet normal 0 0 -1
    outer loop
      vertex 30.821796769724493 15.85 6
      vertex 30.441636338859194 16.5961068553936 6
      vertex 30.441636338859194 23.103893144606403 6
    endloop
  endfacet
  facet normal 0 0 -1
    outer loop
      vertex 30.821796769724493 15.85 6
      vertex 30.821796769724493 23.85 6
      vertex 31 15.575591089260161 6
    endloop
  endfacet
  facet normal -0.05233595624294414 0.9986295347545738 0
    outer loop
      vertex 37.75 11.85 0
      vertex 37.75 11.85 2
      vertex 38.58622770614123 11.893824837053813 0
    endloop
  endfacet
  facet normal -0.15643446504022995 0.9876883405951379 0
    outer loop
      vertex 38.58622770614123 11.893824837053813 0
      vertex 38.58622770614123 11.893824837053813 2
      vertex 39.41329352654208 12.024819194129554 0
    endloop
  endfacet
  facet normal -0.05233595624294414 0.9986295347545738 0
    outer loop
      vertex 37.75 11.85 2
      vertex 38.58622770614123 11.893824837053813 2
      vertex 38.58622770614123 11.893824837053813 0
    endloop
  endfacet
  facet normal -0.25881904510252124 0.9659258262890682 0
    outer loop
      vertex 39.41329352654208 12.024819194129554 0
      vertex 39.41329352654208 12.024819194129554 2
      vertex 40.22213595499958 12.24154786963877 0
    endloop
  endfacet
  facet normal -0.15643446504022995 0.9876883405951379 0
    outer loop
      vertex 39.41329352654208 12.024819194129554 0
      vertex 38.58622770614123 11.893824837053813 2
      vertex 39.41329352654208 12.024819194129554 2
    endloop
  endfacet
  facet normal -0.35836794954530227 0.933580426497201 0
    outer loop
      vertex 40.22213595499958 12.24154786963877 0
      vertex 40.22213595499958 12.24154786963877 2
      vertex 41.0038931446064 12.541636338859194 0
    endloop
  endfacet
  facet normal -0.25881904510252124 0.9659258262890682 0
    outer loop
      vertex 39.41329352654208 12.024819194129554 2
      vertex 40.22213595499958 12.24154786963877 2
      vertex 40.22213595499958 12.24154786963877 0
    endloop
  endfacet
  facet normal -0.35836794954530227 0.933580426497201 0
    outer loop
      vertex 40.22213595499958 12.24154786963877 2
      vertex 41.0038931446064 12.541636338859194 2
      vertex 41.0038931446064 12.541636338859194 0
    endloop
  endfacet
  facet normal -0.4539904997395459 0.8910065241883683 0
    outer loop
      vertex 41.0038931446064 12.541636338859194 0
      vertex 41.0038931446064 12.541636338859194 2
      vertex 41.75 12.92179676972449 0
    endloop
  endfacet
  facet normal -0.4539904997395459 0.8910065241883683 0
    outer loop
      vertex 41.75 12.92179676972449 0
      vertex 41.0038931446064 12.541636338859194 2
      vertex 41.75 12.92179676972449 2
    endloop
  endfacet
  facet normal -0.5446390350150255 0.8386705679454249 0
    outer loop
      vertex 41.75 12.92179676972449 0
      vertex 41.75 12.92179676972449 2
      vertex 42.45228201833979 13.37786404500042 0
    endloop
  endfacet
  facet normal -0.6293203910498385 0.77714596145697 0
    outer loop
      vertex 42.45228201833979 13.37786404500042 0
      vertex 42.45228201833979 13.37786404500042 2
      vertex 43.103044850870866 13.904841396180846 0
    endloop
  endfacet
  facet normal -0.5446390350150255 0.8386705679454249 0
    outer loop
      vertex 41.75 12.92179676972449 2
      vertex 42.45228201833979 13.37786404500042 2
      vertex 42.45228201833979 13.37786404500042 0
    endloop
  endfacet
  facet normal -0.7071067811865486 0.7071067811865465 0
    outer loop
      vertex 43.103044850870866 13.904841396180846 0
      vertex 43.103044850870866 13.904841396180846 2
      vertex 43.69515860381915 14.496955149129134 0
    endloop
  endfacet
  facet normal -0.6293203910498385 0.77714596145697 0
    outer loop
      vertex 42.45228201833979 13.37786404500042 2
      vertex 43.103044850870866 13.904841396180846 2
      vertex 43.103044850870866 13.904841396180846 0
    endloop
  endfacet
  facet normal -0.7071067811865486 0.7071067811865465 0
    outer loop
      vertex 43.69515860381915 14.496955149129134 0
      vertex 43.103044850870866 13.904841396180846 2
      vertex 43.69515860381915 14.496955149129134 2
    endloop
  endfacet
  facet normal -0.7771459614569698 0.6293203910498387 0
    outer loop
      vertex 43.69515860381915 14.496955149129134 0
      vertex 43.69515860381915 14.496955149129134 2
      vertex 44.22213595499958 15.147717981660215 0
    endloop
  endfacet
  facet normal -0.8386705679454253 0.544639035015025 0
    outer loop
      vertex 44.22213595499958 15.147717981660215 0
      vertex 44.22213595499958 15.147717981660215 2
      vertex 44.67820323027551 15.85 0
    endloop
  endfacet
  facet normal -0.7771459614569698 0.6293203910498387 0
    outer loop
      vertex 43.69515860381915 14.496955149129134 2
      vertex 44.22213595499958 15.147717981660215 2
      vertex 44.22213595499958 15.147717981660215 0
    endloop
  endfacet
  facet normal -0.8386705679454245 0.5446390350150265 7.072451887550914e-16
    outer loop
      vertex 44.67820323027551 15.85 0
      vertex 44.22213595499958 15.147717981660215 2
      vertex 44.5 15.575591089260161 2
    endloop
  endfacet
  facet normal -0.8386705679454268 0.5446390350150228 0
    outer loop
      vertex 44.67820323027551 15.85 0
      vertex 44.5 15.575591089260161 2
      vertex 44.67820323027551 15.85 6
    endloop
  endfacet
  facet normal -0.8910065241883696 0.45399049973954336 0
    outer loop
      vertex 44.67820323027551 15.85 0
      vertex 44.67820323027551 15.85 6
      vertex 45.0583636611408 16.5961068553936 0
    endloop
  endfacet
  facet normal -0.9335804264972 0.35836794954530504 0
    outer loop
      vertex 45.0583636611408 16.5961068553936 0
      vertex 45.0583636611408 16.5961068553936 6
      vertex 45.099999999999994 16.704573226449565 0
    endloop
  endfacet
  facet normal -0.8386705679454268 0.5446390350150228 0
    outer loop
      vertex 44.5 15.575591089260161 2
      vertex 44.5 15.575591089260161 6
      vertex 44.67820323027551 15.85 6
    endloop
  endfacet
  facet normal -0.8910065241883696 0.45399049973954336 0
    outer loop
      vertex 45.0583636611408 16.5961068553936 0
      vertex 44.67820323027551 15.85 6
      vertex 45.0583636611408 16.5961068553936 6
    endloop
  endfacet
  facet normal -0.9335804264972 0.35836794954530504 0
    outer loop
      vertex 45.099999999999994 16.704573226449565 0
      vertex 45.0583636611408 16.5961068553936 6
      vertex 45.099999999999994 16.704573226449565 6
    endloop
  endfacet
  facet normal 0 0 -1
    outer loop
      vertex 44.5 15.575591089260161 6
      vertex 44.62481919412955 18.186706473457928 6
      vertex 44.67820323027551 15.85 6
    endloop
  endfacet
  facet normal 0 0 -1
    outer loop
      vertex 44.67820323027551 15.85 6
      vertex 45.099999999999994 16.704573226449565 6
      vertex 45.0583636611408 16.5961068553936 6
    endloop
  endfacet
  facet normal 0 0 -1
    outer loop
      vertex 44.67820323027551 15.85 6
      vertex 44.84154786963877 17.377864045000422 6
      vertex 45.099999999999994 16.704573226449565 6
    endloop
  endfacet
  facet normal 0 0 -1
    outer loop
      vertex 44.67820323027551 15.85 6
      vertex 44.62481919412955 18.186706473457928 6
      vertex 44.84154786963877 17.377864045000422 6
    endloop
  endfacet
  facet normal 0 0 -1
    outer loop
      vertex 44.5 15.575591089260161 6
      vertex 44.5 18.97478384945389 6
      vertex 44.62481919412955 18.186706473457928 6
    endloop
  endfacet
  facet normal 0 0 -1
    outer loop
      vertex 30.4 22.995426773550435 6
      vertex 30.441636338859194 23.103893144606403 6
      vertex 30.441636338859194 16.5961068553936 6
    endloop
  endfacet
  facet normal 0 0 -1
    outer loop
      vertex 30.821796769724493 15.85 6
      vertex 30.441636338859194 23.103893144606403 6
      vertex 30.821796769724493 23.85 6
    endloop
  endfacet
  facet normal 0 0 -1
    outer loop
      vertex 31 15.575591089260161 6
      vertex 30.821796769724493 23.85 6
      vertex 31 24.12440891073984 6
    endloop
  endfacet
  facet normal 0.9335804264971935 -0.35836794954532136 0
    outer loop
      vertex 30.4 22.995426773550435 0
      vertex 30.441636338859194 23.103893144606403 0
      vertex 30.441636338859194 23.103893144606403 6
    endloop
  endfacet
  facet normal 0.8386705679454245 -0.5446390350150265 1.196876473277847e-15
    outer loop
      vertex 30.821796769724493 23.85 0
      vertex 31.27786404500042 24.55228201833979 2
      vertex 31 24.12440891073984 2
    endloop
  endfacet
  facet normal 0.8386705679454259 -0.5446390350150241 0
    outer loop
      vertex 30.821796769724493 23.85 0
      vertex 31.27786404500042 24.55228201833979 0
      vertex 31.27786404500042 24.55228201833979 2
    endloop
  endfacet
  facet normal 0.777145961456969 -0.6293203910498398 0
    outer loop
      vertex 31.27786404500042 24.55228201833979 0
      vertex 31.804841396180848 25.203044850870867 2
      vertex 31.27786404500042 24.55228201833979 2
    endloop
  endfacet
  facet normal 0.8910065241883675 -0.4539904997395476 0
    outer loop
      vertex 30.441636338859194 23.103893144606403 0
      vertex 30.821796769724493 23.85 0
      vertex 30.821796769724493 23.85 6
    endloop
  endfacet
  facet normal 0.8386705679454284 -0.5446390350150203 0
    outer loop
      vertex 30.821796769724493 23.85 0
      vertex 31 24.12440891073984 2
      vertex 30.821796769724493 23.85 6
    endloop
  endfacet
  facet normal 0.9335804264971935 -0.35836794954532136 0
    outer loop
      vertex 30.4 22.995426773550435 0
      vertex 30.441636338859194 23.103893144606403 6
      vertex 30.4 22.995426773550435 6
    endloop
  endfacet
  facet normal 0.8910065241883675 -0.4539904997395476 0
    outer loop
      vertex 30.441636338859194 23.103893144606403 0
      vertex 30.821796769724493 23.85 6
      vertex 30.441636338859194 23.103893144606403 6
    endloop
  endfacet
  facet normal 0.8386705679454284 -0.5446390350150203 0
    outer loop
      vertex 31 24.12440891073984 2
      vertex 31 24.12440891073984 6
      vertex 30.821796769724493 23.85 6
    endloop
  endfacet
  facet normal 0.777145961456969 -0.6293203910498398 0
    outer loop
      vertex 31.27786404500042 24.55228201833979 0
      vertex 31.804841396180848 25.203044850870867 0
      vertex 31.804841396180848 25.203044850870867 2
    endloop
  endfacet
  facet normal 0.7071067811865476 -0.7071067811865476 0
    outer loop
      vertex 31.804841396180848 25.203044850870867 0
      vertex 32.396955149129134 25.795158603819154 2
      vertex 31.804841396180848 25.203044850870867 2
    endloop
  endfacet
  facet normal 0.7071067811865476 -0.7071067811865476 0
    outer loop
      vertex 31.804841396180848 25.203044850870867 0
      vertex 32.396955149129134 25.795158603819154 0
      vertex 32.396955149129134 25.795158603819154 2
    endloop
  endfacet
  facet normal 0.6293203910498398 -0.777145961456969 0
    outer loop
      vertex 32.396955149129134 25.795158603819154 0
      vertex 33.04771798166021 26.32213595499958 2
      vertex 32.396955149129134 25.795158603819154 2
    endloop
  endfacet
  facet normal 0.6293203910498398 -0.777145961456969 0
    outer loop
      vertex 32.396955149129134 25.795158603819154 0
      vertex 33.04771798166021 26.32213595499958 0
      vertex 33.04771798166021 26.32213595499958 2
    endloop
  endfacet
  facet normal 0.5446390350150241 -0.8386705679454259 0
    outer loop
      vertex 33.04771798166021 26.32213595499958 0
      vertex 33.75 26.77820323027551 0
      vertex 33.75 26.77820323027551 2
    endloop
  endfacet
  facet normal 0.5446390350150241 -0.8386705679454259 0
    outer loop
      vertex 33.04771798166021 26.32213595499958 0
      vertex 33.75 26.77820323027551 2
      vertex 33.04771798166021 26.32213595499958 2
    endloop
  endfacet
  facet normal 0.4539904997395476 -0.8910065241883675 0
    outer loop
      vertex 33.75 26.77820323027551 0
      vertex 34.4961068553936 27.158363661140807 2
      vertex 33.75 26.77820323027551 2
    endloop
  endfacet
  facet normal 0.4539904997395476 -0.8910065241883675 0
    outer loop
      vertex 33.75 26.77820323027551 0
      vertex 34.4961068553936 27.158363661140807 0
      vertex 34.4961068553936 27.158363661140807 2
    endloop
  endfacet
  facet normal 0.35836794954530227 -0.933580426497201 0
    outer loop
      vertex 34.4961068553936 27.158363661140807 0
      vertex 35.27786404500042 27.45845213036123 2
      vertex 34.4961068553936 27.158363661140807 2
    endloop
  endfacet
  facet normal 0.35836794954530227 -0.933580426497201 0
    outer loop
      vertex 34.4961068553936 27.158363661140807 0
      vertex 35.27786404500042 27.45845213036123 0
      vertex 35.27786404500042 27.45845213036123 2
    endloop
  endfacet
  facet normal 0.25881904510252124 -0.9659258262890682 0
    outer loop
      vertex 35.27786404500042 27.45845213036123 0
      vertex 36.08670647345792 27.675180805870447 0
      vertex 36.08670647345792 27.675180805870447 2
    endloop
  endfacet
  facet normal 0.25881904510252124 -0.9659258262890682 0
    outer loop
      vertex 35.27786404500042 27.45845213036123 0
      vertex 36.08670647345792 27.675180805870447 2
      vertex 35.27786404500042 27.45845213036123 2
    endloop
  endfacet
  facet normal 0.156434465040232 -0.9876883405951374 0
    outer loop
      vertex 36.08670647345792 27.675180805870447 0
      vertex 36.91377229385877 27.80617516294619 0
      vertex 36.91377229385877 27.80617516294619 2
    endloop
  endfacet
  facet normal 0.156434465040232 -0.9876883405951374 0
    outer loop
      vertex 36.08670647345792 27.675180805870447 0
      vertex 36.91377229385877 27.80617516294619 2
      vertex 36.08670647345792 27.675180805870447 2
    endloop
  endfacet
  facet normal 0.05233595624294203 -0.9986295347545739 0
    outer loop
      vertex 36.91377229385877 27.80617516294619 0
      vertex 37.75 27.85 0
      vertex 37.75 27.85 2
    endloop
  endfacet
  facet normal 0.05233595624294203 -0.9986295347545739 0
    outer loop
      vertex 36.91377229385877 27.80617516294619 0
      vertex 37.75 27.85 2
      vertex 36.91377229385877 27.80617516294619 2
    endloop
  endfacet
  facet normal 0 0 -1
    outer loop
      vertex 44.5 20.725216150546114 6
      vertex 44.5 24.12440891073984 6
      vertex 44.62481919412955 21.513293526542075 6
    endloop
  endfacet
  facet normal -0.9335804264972 -0.35836794954530504 0
    outer loop
      vertex 45.099999999999994 22.995426773550438 0
      vertex 45.099999999999994 22.995426773550438 6
      vertex 45.0583636611408 23.103893144606403 0
    endloop
  endfacet
  facet normal -0.891006524188369 -0.45399049973954414 0
    outer loop
      vertex 45.0583636611408 23.103893144606403 0
      vertex 45.0583636611408 23.103893144606403 6
      vertex 44.67820323027551 23.85 0
    endloop
  endfacet
  facet normal -0.8386705679454259 -0.5446390350150241 7.292102640550334e-16
    outer loop
      vertex 44.22213595499958 24.55228201833979 0
      vertex 44.67820323027551 23.85 0
      vertex 44.5 24.12440891073984 2
    endloop
  endfacet
  facet normal -0.777145961456969 -0.6293203910498398 0
    outer loop
      vertex 44.22213595499958 24.55228201833979 0
      vertex 44.22213595499958 24.55228201833979 2
      vertex 43.69515860381915 25.203044850870867 0
    endloop
  endfacet
  facet normal -0.8386705679454245 -0.5446390350150265 0
    outer loop
      vertex 44.22213595499958 24.55228201833979 0
      vertex 44.5 24.12440891073984 2
      vertex 44.22213595499958 24.55228201833979 2
    endloop
  endfacet
  facet normal -0.8386705679454284 -0.5446390350150203 0
    outer loop
      vertex 44.67820323027551 23.85 0
      vertex 44.67820323027551 23.85 6
      vertex 44.5 24.12440891073984 2
    endloop
  endfacet
  facet normal -0.9335804264972 -0.35836794954530504 0
    outer loop
      vertex 45.0583636611408 23.103893144606403 0
      vertex 45.099999999999994 22.995426773550438 6
      vertex 45.0583636611408 23.103893144606403 6
    endloop
  endfacet
  facet normal 0 0 -1
    outer loop
      vertex 44.62481919412955 21.513293526542075 6
      vertex 44.5 24.12440891073984 6
      vertex 44.67820323027551 23.85 6
    endloop
  endfacet
  facet normal 0 0 -1
    outer loop
      vertex 44.62481919412955 21.513293526542075 6
      vertex 44.67820323027551 23.85 6
      vertex 44.84154786963877 22.32213595499958 6
    endloop
  endfacet
  facet normal 0 0 -1
    outer loop
      vertex 44.84154786963877 22.32213595499958 6
      vertex 45.0583636611408 23.103893144606403 6
      vertex 45.099999999999994 22.995426773550438 6
    endloop
  endfacet
  facet normal 0 0 -1
    outer loop
      vertex 44.84154786963877 22.32213595499958 6
      vertex 44.67820323027551 23.85 6
      vertex 45.0583636611408 23.103893144606403 6
    endloop
  endfacet
  facet normal -0.8386705679454284 -0.5446390350150203 0
    outer loop
      vertex 44.5 24.12440891073984 2
      vertex 44.67820323027551 23.85 6
      vertex 44.5 24.12440891073984 6
    endloop
  endfacet
  facet normal -0.891006524188369 -0.45399049973954414 0
    outer loop
      vertex 44.67820323027551 23.85 0
      vertex 45.0583636611408 23.103893144606403 6
      vertex 44.67820323027551 23.85 6
    endloop
  endfacet
  facet normal -0.35836794954530227 -0.933580426497201 0
    outer loop
      vertex 41.0038931446064 27.158363661140807 0
      vertex 41.0038931446064 27.158363661140807 2
      vertex 40.22213595499958 27.45845213036123 0
    endloop
  endfacet
  facet normal -0.4539904997395476 -0.8910065241883675 0
    outer loop
      vertex 41.0038931446064 27.158363661140807 0
      vertex 41.75 26.77820323027551 0
      vertex 41.75 26.77820323027551 2
    endloop
  endfacet
  facet normal -0.4539904997395476 -0.8910065241883675 0
    outer loop
      vertex 41.0038931446064 27.158363661140807 0
      vertex 41.75 26.77820323027551 2
      vertex 41.0038931446064 27.158363661140807 2
    endloop
  endfacet
  facet normal -0.05233595624294203 -0.9986295347545739 0
    outer loop
      vertex 37.75 27.85 0
      vertex 38.58622770614123 27.80617516294619 0
      vertex 38.58622770614123 27.80617516294619 2
    endloop
  endfacet
  facet normal -0.05233595624294203 -0.9986295347545739 0
    outer loop
      vertex 37.75 27.85 0
      vertex 38.58622770614123 27.80617516294619 2
      vertex 37.75 27.85 2
    endloop
  endfacet
  facet normal -0.156434465040232 -0.9876883405951374 0
    outer loop
      vertex 38.58622770614123 27.80617516294619 0
      vertex 39.41329352654208 27.675180805870447 2
      vertex 38.58622770614123 27.80617516294619 2
    endloop
  endfacet
  facet normal -0.156434465040232 -0.9876883405951374 0
    outer loop
      vertex 38.58622770614123 27.80617516294619 0
      vertex 39.41329352654208 27.675180805870447 0
      vertex 39.41329352654208 27.675180805870447 2
    endloop
  endfacet
  facet normal -0.25881904510252124 -0.9659258262890682 0
    outer loop
      vertex 39.41329352654208 27.675180805870447 0
      vertex 40.22213595499958 27.45845213036123 2
      vertex 39.41329352654208 27.675180805870447 2
    endloop
  endfacet
  facet normal -0.25881904510252124 -0.9659258262890682 0
    outer loop
      vertex 39.41329352654208 27.675180805870447 0
      vertex 40.22213595499958 27.45845213036123 0
      vertex 40.22213595499958 27.45845213036123 2
    endloop
  endfacet
  facet normal -0.35836794954530227 -0.933580426497201 0
    outer loop
      vertex 41.0038931446064 27.158363661140807 2
      vertex 40.22213595499958 27.45845213036123 2
      vertex 40.22213595499958 27.45845213036123 0
    endloop
  endfacet
  facet normal -0.7071067811865476 -0.7071067811865476 0
    outer loop
      vertex 43.69515860381915 25.203044850870867 0
      vertex 43.69515860381915 25.203044850870867 2
      vertex 43.103044850870866 25.795158603819154 0
    endloop
  endfacet
  facet normal -0.6293203910498398 -0.777145961456969 0
    outer loop
      vertex 43.103044850870866 25.795158603819154 0
      vertex 43.103044850870866 25.795158603819154 2
      vertex 42.45228201833979 26.32213595499958 0
    endloop
  endfacet
  facet normal -0.7071067811865476 -0.7071067811865476 0
    outer loop
      vertex 43.103044850870866 25.795158603819154 0
      vertex 43.69515860381915 25.203044850870867 2
      vertex 43.103044850870866 25.795158603819154 2
    endloop
  endfacet
  facet normal -0.5446390350150241 -0.8386705679454259 0
    outer loop
      vertex 41.75 26.77820323027551 0
      vertex 42.45228201833979 26.32213595499958 0
      vertex 42.45228201833979 26.32213595499958 2
    endloop
  endfacet
  facet normal -0.5446390350150241 -0.8386705679454259 0
    outer loop
      vertex 41.75 26.77820323027551 0
      vertex 42.45228201833979 26.32213595499958 2
      vertex 41.75 26.77820323027551 2
    endloop
  endfacet
  facet normal -0.6293203910498398 -0.777145961456969 0
    outer loop
      vertex 43.103044850870866 25.795158603819154 2
      vertex 42.45228201833979 26.32213595499958 2
      vertex 42.45228201833979 26.32213595499958 0
    endloop
  endfacet
  facet normal -0.777145961456969 -0.6293203910498398 0
    outer loop
      vertex 44.22213595499958 24.55228201833979 2
      vertex 43.69515860381915 25.203044850870867 2
      vertex 43.69515860381915 25.203044850870867 0
    endloop
  endfacet
  facet normal 0.05233595624294503 0.9986295347545738 0
    outer loop
      vertex 47.49094307346469 1.6109562092634535 2
      vertex 47.699999999999996 1.6 38
      vertex 47.699999999999996 1.6 2
    endloop
  endfacet
  facet normal 0 1 0
    outer loop
      vertex 47.699999999999996 1.6 2
      vertex 48.449999999999996 1.6 38
      vertex 57.199999999999996 1.6 2
    endloop
  endfacet
  facet normal 0 0 1
    outer loop
      vertex 46.52442949541505 1.9819660112501052 2
      vertex 46.504841396180844 14.496955149129134 2
      vertex 46.36173878728228 2.1137103490452116 2
    endloop
  endfacet
  facet normal 0 0 1
    outer loop
      vertex 47.0819660112501 1.697886967409693 2
      vertex 47.28417661836448 1.6437047985323887 2
      vertex 47.74771798166021 13.37786404500042 2
    endloop
  endfacet
  facet normal 0 0 1
    outer loop
      vertex 46.8865267138484 1.7729090847147984 2
      vertex 47.09695514912913 13.904841396180846 2
      vertex 46.699999999999996 1.867949192431123 2
    endloop
  endfacet
  facet normal 0 0 1
    outer loop
      vertex 46.8865267138484 1.7729090847147984 2
      vertex 47.0819660112501 1.697886967409693 2
      vertex 47.09695514912913 13.904841396180846 2
    endloop
  endfacet
  facet normal 0 0 1
    outer loop
      vertex 46.52442949541505 1.9819660112501052 2
      vertex 46.699999999999996 1.867949192431123 2
      vertex 47.09695514912913 13.904841396180846 2
    endloop
  endfacet
  facet normal 0 0 1
    outer loop
      vertex 46.0819660112501 2.424429495415054 2
      vertex 46.504841396180844 14.496955149129134 2
      vertex 45.96794919243112 2.6 2
    endloop
  endfacet
  facet normal 0 0 1
    outer loop
      vertex 46.21371034904521 2.2617387872822836 2
      vertex 46.504841396180844 14.496955149129134 2
      vertex 46.0819660112501 2.424429495415054 2
    endloop
  endfacet
  facet normal 0 0 1
    outer loop
      vertex 46.36173878728228 2.1137103490452116 2
      vertex 46.504841396180844 14.496955149129134 2
      vertex 46.21371034904521 2.2617387872822836 2
    endloop
  endfacet
  facet normal 0 0 1
    outer loop
      vertex 45.96794919243112 2.6 2
      vertex 45.977864045000416 15.147717981660215 2
      vertex 45.87290908471479 2.7865267138484 2
    endloop
  endfacet
  facet normal 0 0 1
    outer loop
      vertex 45.87290908471479 2.7865267138484 2
      vertex 45.977864045000416 15.147717981660215 2
      vertex 45.79788696740969 2.981966011250105 2
    endloop
  endfacet
  facet normal 0 0 1
    outer loop
      vertex 45.79788696740969 2.981966011250105 2
      vertex 45.977864045000416 15.147717981660215 2
      vertex 45.743704798532384 3.1841766183644813 2
    endloop
  endfacet
  facet normal 0 0 1
    outer loop
      vertex 45.743704798532384 3.1841766183644813 2
      vertex 45.977864045000416 15.147717981660215 2
      vertex 45.71095620926345 3.390943073464693 2
    endloop
  endfacet
  facet normal 0 0 1
    outer loop
      vertex 45.71095620926345 3.390943073464693 2
      vertex 45.977864045000416 15.147717981660215 2
      vertex 45.699999999999996 3.6 2
    endloop
  endfacet
  facet normal 0 0 1
    outer loop
      vertex 47.28417661836448 1.6437047985323887 2
      vertex 47.49094307346469 1.6109562092634535 2
      vertex 47.74771798166021 13.37786404500042 2
    endloop
  endfacet
  facet normal 0 0 1
    outer loop
      vertex 47.49094307346469 1.6109562092634535 2
      vertex 47.699999999999996 1.6 2
      vertex 47.74771798166021 13.37786404500042 2
    endloop
  endfacet
  facet normal 0 0 1
    outer loop
      vertex 47.0819660112501 1.697886967409693 2
      vertex 47.74771798166021 13.37786404500042 2
      vertex 47.09695514912913 13.904841396180846 2
    endloop
  endfacet
  facet normal 0 0 1
    outer loop
      vertex 47.699999999999996 1.6 2
      vertex 48.449999999999996 12.92179676972449 2
      vertex 47.74771798166021 13.37786404500042 2
    endloop
  endfacet
  facet normal 0 0 1
    outer loop
      vertex 47.699999999999996 1.6 2
      vertex 49.196106855393595 12.541636338859194 2
      vertex 48.449999999999996 12.92179676972449 2
    endloop
  endfacet
  facet normal 0 0 1
    outer loop
      vertex 47.699999999999996 1.6 2
      vertex 49.977864045000416 12.24154786963877 2
      vertex 49.196106855393595 12.541636338859194 2
    endloop
  endfacet
  facet normal 0 0 1
    outer loop
      vertex 47.699999999999996 1.6 2
      vertex 57.199999999999996 1.6 2
      vertex 53.286227706141226 11.893824837053813 2
    endloop
  endfacet
  facet normal 0 0 1
    outer loop
      vertex 47.699999999999996 1.6 2
      vertex 50.78670647345792 12.024819194129554 2
      vertex 49.977864045000416 12.24154786963877 2
    endloop
  endfacet
  facet normal 0 0 1
    outer loop
      vertex 47.699999999999996 1.6 2
      vertex 51.613772293858766 11.893824837053813 2
      vertex 50.78670647345792 12.024819194129554 2
    endloop
  endfacet
  facet normal 0 0 1
    outer loop
      vertex 47.699999999999996 1.6 2
      vertex 52.449999999999996 11.85 2
      vertex 51.613772293858766 11.893824837053813 2
    endloop
  endfacet
  facet normal 0 0 1
    outer loop
      vertex 47.699999999999996 1.6 2
      vertex 53.286227706141226 11.893824837053813 2
      vertex 52.449999999999996 11.85 2
    endloop
  endfacet
  facet normal -0.05233595624294503 0.9986295347545738 0
    outer loop
      vertex 57.199999999999996 1.6 2
      vertex 57.4090569265353 1.6109562092634535 38
      vertex 57.4090569265353 1.6109562092634535 2
    endloop
  endfacet
  facet normal -0.15643446504022732 0.9876883405951383 1.438625047457034e-19
    outer loop
      vertex 57.4090569265353 1.6109562092634535 2
      vertex 57.449999999999996 1.6174409550393256 38
      vertex 57.615823381635515 1.6437047985323887 2
    endloop
  endfacet
  facet normal 0 0 1
    outer loop
      vertex 57.199999999999996 1.6 2
      vertex 54.11329352654207 12.024819194129554 2
      vertex 53.286227706141226 11.893824837053813 2
    endloop
  endfacet
  facet normal 0 0 1
    outer loop
      vertex 57.199999999999996 1.6 2
      vertex 54.922135954999575 12.24154786963877 2
      vertex 54.11329352654207 12.024819194129554 2
    endloop
  endfacet
  facet normal 0 0 1
    outer loop
      vertex 57.199999999999996 1.6 2
      vertex 55.7038931446064 12.541636338859194 2
      vertex 54.922135954999575 12.24154786963877 2
    endloop
  endfacet
  facet normal 0 0 1
    outer loop
      vertex 57.199999999999996 1.6 2
      vertex 56.449999999999996 12.92179676972449 2
      vertex 55.7038931446064 12.541636338859194 2
    endloop
  endfacet
  facet normal 0 0 1
    outer loop
      vertex 57.199999999999996 1.6 2
      vertex 57.15228201833978 13.37786404500042 2
      vertex 56.449999999999996 12.92179676972449 2
    endloop
  endfacet
  facet normal 0 0 1
    outer loop
      vertex 57.199999999999996 1.6 2
      vertex 57.4090569265353 1.6109562092634535 2
      vertex 57.80304485087086 13.904841396180846 2
    endloop
  endfacet
  facet normal 0 0 1
    outer loop
      vertex 57.4090569265353 1.6109562092634535 2
      vertex 57.615823381635515 1.6437047985323887 2
      vertex 57.80304485087086 13.904841396180846 2
    endloop
  endfacet
  facet normal 0 0 1
    outer loop
      vertex 57.615823381635515 1.6437047985323887 2
      vertex 57.81803398874989 1.697886967409693 2
      vertex 57.80304485087086 13.904841396180846 2
    endloop
  endfacet
  facet normal 0 0 1
    outer loop
      vertex 57.81803398874989 1.697886967409693 2
      vertex 58.013473286151594 1.7729090847147984 2
      vertex 58.39515860381915 14.496955149129134 2
    endloop
  endfacet
  facet normal 0 0 1
    outer loop
      vertex 58.013473286151594 1.7729090847147984 2
      vertex 58.199999999999996 1.867949192431123 2
      vertex 58.39515860381915 14.496955149129134 2
    endloop
  endfacet
  facet normal 0 0 1
    outer loop
      vertex 58.199999999999996 1.867949192431123 2
      vertex 58.37557050458494 1.9819660112501052 2
      vertex 58.39515860381915 14.496955149129134 2
    endloop
  endfacet
  facet normal 0 0 1
    outer loop
      vertex 58.37557050458494 1.9819660112501052 2
      vertex 58.538261212717714 2.1137103490452116 2
      vertex 58.39515860381915 14.496955149129134 2
    endloop
  endfacet
  facet normal 0 0 1
    outer loop
      vertex 58.538261212717714 2.1137103490452116 2
      vertex 58.686289650954784 2.2617387872822836 2
      vertex 58.922135954999575 15.147717981660215 2
    endloop
  endfacet
  facet normal 0 0 1
    outer loop
      vertex 58.686289650954784 2.2617387872822836 2
      vertex 58.81803398874989 2.424429495415054 2
      vertex 58.922135954999575 15.147717981660215 2
    endloop
  endfacet
  facet normal 0 0 1
    outer loop
      vertex 58.81803398874989 2.424429495415054 2
      vertex 58.93205080756887 2.6 2
      vertex 58.922135954999575 15.147717981660215 2
    endloop
  endfacet
  facet normal 0 0 1
    outer loop
      vertex 58.93205080756887 2.6 2
      vertex 59.0270909152852 2.7865267138484 2
      vertex 59.199999999999996 15.575591089260161 2
    endloop
  endfacet
  facet normal 0 0 1
    outer loop
      vertex 59.0270909152852 2.7865267138484 2
      vertex 59.1021130325903 2.981966011250105 2
      vertex 59.199999999999996 15.575591089260161 2
    endloop
  endfacet
  facet normal 0 0 1
    outer loop
      vertex 59.1021130325903 2.981966011250105 2
      vertex 59.15629520146761 3.1841766183644813 2
      vertex 59.199999999999996 15.575591089260161 2
    endloop
  endfacet
  facet normal 0 0 1
    outer loop
      vertex 59.15629520146761 3.1841766183644813 2
      vertex 59.18904379073654 3.390943073464693 2
      vertex 59.199999999999996 15.575591089260161 2
    endloop
  endfacet
  facet normal 0 0 1
    outer loop
      vertex 57.199999999999996 1.6 2
      vertex 57.80304485087086 13.904841396180846 2
      vertex 57.15228201833978 13.37786404500042 2
    endloop
  endfacet
  facet normal 0 0 1
    outer loop
      vertex 59.18904379073654 3.390943073464693 2
      vertex 59.199999999999996 3.6 2
      vertex 59.199999999999996 15.575591089260161 2
    endloop
  endfacet
  facet normal 0.6293203910498344 0.7771459614569733 0
    outer loop
      vertex 46.52442949541505 1.9819660112501052 2
      vertex 46.36173878728228 2.1137103490452116 2
      vertex 46.36173878728228 2.1137103490452116 58
    endloop
  endfacet
  facet normal 0.7071067811865529 0.7071067811865422 0
    outer loop
      vertex 46.36173878728228 2.1137103490452116 2
      vertex 46.21371034904521 2.2617387872822836 2
      vertex 46.21371034904521 2.2617387872822836 58
    endloop
  endfacet
  facet normal 0.777145961456974 0.6293203910498336 0
    outer loop
      vertex 46.21371034904521 2.2617387872822836 2
      vertex 46.0819660112501 2.424429495415054 2
      vertex 46.0819660112501 2.424429495415054 58
    endloop
  endfacet
  facet normal 0.4539904997395433 0.8910065241883696 0
    outer loop
      vertex 46.8865267138484 1.7729090847147984 2
      vertex 46.699999999999996 1.867949192431123 2
      vertex 46.699999999999996 1.867949192431123 58
    endloop
  endfacet
  facet normal 0.35836794954530043 0.9335804264972016 0
    outer loop
      vertex 46.8865267138484 1.7729090847147984 2
      vertex 46.8865267138484 1.7729090847147984 58
      vertex 47.0819660112501 1.697886967409693 2
    endloop
  endfacet
  facet normal 0.25881904510252435 0.9659258262890674 0
    outer loop
      vertex 47.0819660112501 1.697886967409693 2
      vertex 47.0819660112501 1.697886967409693 58
      vertex 47.28417661836448 1.6437047985323887 2
    endloop
  endfacet
  facet normal 0.15643446504022732 0.9876883405951383 0
    outer loop
      vertex 47.28417661836448 1.6437047985323887 2
      vertex 47.28417661836448 1.6437047985323887 58
      vertex 47.49094307346469 1.6109562092634535 2
    endloop
  endfacet
  facet normal 0.5446390350150256 0.838670567945425 0
    outer loop
      vertex 46.52442949541505 1.9819660112501052 2
      vertex 46.52442949541505 1.9819660112501052 58
      vertex 46.699999999999996 1.867949192431123 2
    endloop
  endfacet
  facet normal 0.8386705679454254 0.5446390350150251 0
    outer loop
      vertex 46.0819660112501 2.424429495415054 2
      vertex 45.96794919243112 2.6 2
      vertex 45.96794919243112 2.6 58
    endloop
  endfacet
  facet normal 0.8910065241883588 0.4539904997395644 0
    outer loop
      vertex 45.96794919243112 2.6 2
      vertex 45.87290908471479 2.7865267138484 2
      vertex 45.87290908471479 2.7865267138484 58
    endloop
  endfacet
  facet normal 0.9335804264972052 0.35836794954529116 0
    outer loop
      vertex 45.87290908471479 2.7865267138484 2
      vertex 45.79788696740969 2.981966011250105 2
      vertex 45.79788696740969 2.981966011250105 58
    endloop
  endfacet
  facet normal 0.9659258262890684 0.2588190451025207 0
    outer loop
      vertex 45.79788696740969 2.981966011250105 2
      vertex 45.743704798532384 3.1841766183644813 2
      vertex 45.743704798532384 3.1841766183644813 58
    endloop
  endfacet
  facet normal 0.9876883405951389 0.15643446504022374 0
    outer loop
      vertex 45.743704798532384 3.1841766183644813 2
      vertex 45.71095620926345 3.390943073464693 2
      vertex 45.71095620926345 3.390943073464693 58
    endloop
  endfacet
  facet normal 0.9986295347545735 0.0523359562429506 0
    outer loop
      vertex 45.71095620926345 3.390943073464693 2
      vertex 45.699999999999996 3.6 2
      vertex 45.699999999999996 3.6 58
    endloop
  endfacet
  facet normal 0.1564344650402272 0.9876883405951383 0
    outer loop
      vertex 47.49094307346469 1.6109562092634535 2
      vertex 47.449999999999996 1.6174409550393256 38
      vertex 47.49094307346469 1.6109562092634535 38
    endloop
  endfacet
  facet normal 0.05233595624294503 0.9986295347545738 0
    outer loop
      vertex 47.49094307346469 1.6109562092634535 2
      vertex 47.49094307346469 1.6109562092634535 38
      vertex 47.699999999999996 1.6 38
    endloop
  endfacet
  facet normal 0 1 0
    outer loop
      vertex 47.699999999999996 1.6 2
      vertex 47.699999999999996 1.6 38
      vertex 48.449999999999996 1.6 38
    endloop
  endfacet
  facet normal -0.25881904510252435 0.9659258262890674 0
    outer loop
      vertex 57.615823381635515 1.6437047985323887 2
      vertex 57.615823381635515 1.6437047985323887 58
      vertex 57.81803398874989 1.697886967409693 2
    endloop
  endfacet
  facet normal -0.35836794954530043 0.9335804264972016 0
    outer loop
      vertex 57.81803398874989 1.697886967409693 2
      vertex 57.81803398874989 1.697886967409693 58
      vertex 58.013473286151594 1.7729090847147984 2
    endloop
  endfacet
  facet normal -0.4539904997395433 0.8910065241883696 0
    outer loop
      vertex 58.013473286151594 1.7729090847147984 2
      vertex 58.013473286151594 1.7729090847147984 58
      vertex 58.199999999999996 1.867949192431123 2
    endloop
  endfacet
  facet normal -0.5446390350150256 0.838670567945425 0
    outer loop
      vertex 58.199999999999996 1.867949192431123 2
      vertex 58.199999999999996 1.867949192431123 58
      vertex 58.37557050458494 1.9819660112501052 2
    endloop
  endfacet
  facet normal -0.6293203910498344 0.7771459614569733 0
    outer loop
      vertex 58.37557050458494 1.9819660112501052 2
      vertex 58.37557050458494 1.9819660112501052 58
      vertex 58.538261212717714 2.1137103490452116 2
    endloop
  endfacet
  facet normal -0.7071067811865529 0.7071067811865422 0
    outer loop
      vertex 58.538261212717714 2.1137103490452116 2
      vertex 58.538261212717714 2.1137103490452116 58
      vertex 58.686289650954784 2.2617387872822836 2
    endloop
  endfacet
  facet normal -0.777145961456974 0.6293203910498336 0
    outer loop
      vertex 58.686289650954784 2.2617387872822836 2
      vertex 58.686289650954784 2.2617387872822836 58
      vertex 58.81803398874989 2.424429495415054 2
    endloop
  endfacet
  facet normal -0.8386705679454254 0.5446390350150251 0
    outer loop
      vertex 58.81803398874989 2.424429495415054 2
      vertex 58.81803398874989 2.424429495415054 58
      vertex 58.93205080756887 2.6 2
    endloop
  endfacet
  facet normal -0.8910065241883588 0.4539904997395644 0
    outer loop
      vertex 58.93205080756887 2.6 2
      vertex 58.93205080756887 2.6 58
      vertex 59.0270909152852 2.7865267138484 2
    endloop
  endfacet
  facet normal -0.9335804264972052 0.35836794954529116 0
    outer loop
      vertex 59.0270909152852 2.7865267138484 2
      vertex 59.0270909152852 2.7865267138484 58
      vertex 59.1021130325903 2.981966011250105 2
    endloop
  endfacet
  facet normal -0.9659258262890684 0.2588190451025207 0
    outer loop
      vertex 59.1021130325903 2.981966011250105 2
      vertex 59.1021130325903 2.981966011250105 58
      vertex 59.15629520146761 3.1841766183644813 2
    endloop
  endfacet
  facet normal -0.9876883405951389 0.15643446504022374 0
    outer loop
      vertex 59.15629520146761 3.1841766183644813 2
      vertex 59.15629520146761 3.1841766183644813 58
      vertex 59.18904379073654 3.390943073464693 2
    endloop
  endfacet
  facet normal -0.9986295347545735 0.0523359562429506 0
    outer loop
      vertex 59.18904379073654 3.390943073464693 2
      vertex 59.18904379073654 3.390943073464693 58
      vertex 59.199999999999996 3.6 2
    endloop
  endfacet
  facet normal 0 1 0
    outer loop
      vertex 57.199999999999996 1.6 2
      vertex 56.449999999999996 1.6 38
      vertex 57.199999999999996 1.6 38
    endloop
  endfacet
  facet normal -0.05233595624294503 0.9986295347545738 0
    outer loop
      vertex 57.199999999999996 1.6 2
      vertex 57.199999999999996 1.6 38
      vertex 57.4090569265353 1.6109562092634535 38
    endloop
  endfacet
  facet normal -0.1564344650402272 0.9876883405951383 0
    outer loop
      vertex 57.4090569265353 1.6109562092634535 2
      vertex 57.4090569265353 1.6109562092634535 38
      vertex 57.449999999999996 1.6174409550393256 38
    endloop
  endfacet
  facet normal -1 0 0
    outer loop
      vertex 59.199999999999996 3.6 2
      vertex 59.199999999999996 3.6 58
      vertex 59.199999999999996 15.575591089260161 6
    endloop
  endfacet
  facet normal 0 0 1
    outer loop
      vertex 45.96794919243112 2.6 2
      vertex 46.504841396180844 14.496955149129134 2
      vertex 45.977864045000416 15.147717981660215 2
    endloop
  endfacet
  facet normal 0 0 1
    outer loop
      vertex 46.52442949541505 1.9819660112501052 2
      vertex 47.09695514912913 13.904841396180846 2
      vertex 46.504841396180844 14.496955149129134 2
    endloop
  endfacet
  facet normal 0 0 1
    outer loop
      vertex 45.699999999999996 3.6 2
      vertex 45.977864045000416 15.147717981660215 2
      vertex 45.699999999999996 15.575591089260161 2
    endloop
  endfacet
  facet normal 1 0 0
    outer loop
      vertex 45.699999999999996 3.6 2
      vertex 45.699999999999996 15.575591089260161 2
      vertex 45.699999999999996 15.575591089260161 6
    endloop
  endfacet
  facet normal 0 0 1
    outer loop
      vertex 57.81803398874989 1.697886967409693 2
      vertex 58.39515860381915 14.496955149129134 2
      vertex 57.80304485087086 13.904841396180846 2
    endloop
  endfacet
  facet normal 0 0 1
    outer loop
      vertex 58.538261212717714 2.1137103490452116 2
      vertex 58.922135954999575 15.147717981660215 2
      vertex 58.39515860381915 14.496955149129134 2
    endloop
  endfacet
  facet normal 0 0 1
    outer loop
      vertex 58.93205080756887 2.6 2
      vertex 59.199999999999996 15.575591089260161 2
      vertex 58.922135954999575 15.147717981660215 2
    endloop
  endfacet
  facet normal -1 0 0
    outer loop
      vertex 59.199999999999996 3.6 2
      vertex 59.199999999999996 15.575591089260161 6
      vertex 59.199999999999996 15.575591089260161 2
    endloop
  endfacet
  facet normal 1 0 0
    outer loop
      vertex 45.699999999999996 3.6 2
      vertex 45.699999999999996 15.575591089260161 6
      vertex 45.699999999999996 36.1 58
    endloop
  endfacet
  facet normal -1 0 0
    outer loop
      vertex 59.199999999999996 15.575591089260161 6
      vertex 59.199999999999996 3.6 58
      vertex 59.199999999999996 24.12440891073984 6
    endloop
  endfacet
  facet normal 0.15643446504022737 0.9876883405951383 2.0790128651676658e-19
    outer loop
      vertex 47.49094307346469 1.6109562092634535 2
      vertex 47.28417661836448 1.6437047985323887 58
      vertex 47.449999999999996 1.6174409550393256 38
    endloop
  endfacet
  facet normal 0 1 0
    outer loop
      vertex 57.199999999999996 1.6 2
      vertex 48.449999999999996 1.6 38
      vertex 48.449999999999996 1.6 58
    endloop
  endfacet
  facet normal 0.7071067811865529 0.7071067811865422 0
    outer loop
      vertex 46.36173878728228 2.1137103490452116 2
      vertex 46.21371034904521 2.2617387872822836 58
      vertex 46.36173878728228 2.1137103490452116 58
    endloop
  endfacet
  facet normal 0.6293203910498344 0.7771459614569733 0
    outer loop
      vertex 46.52442949541505 1.9819660112501052 2
      vertex 46.36173878728228 2.1137103490452116 58
      vertex 46.52442949541505 1.9819660112501052 58
    endloop
  endfacet
  facet normal 0.777145961456974 0.6293203910498336 0
    outer loop
      vertex 46.21371034904521 2.2617387872822836 2
      vertex 46.0819660112501 2.424429495415054 58
      vertex 46.21371034904521 2.2617387872822836 58
    endloop
  endfacet
  facet normal 0.4539904997395433 0.8910065241883696 0
    outer loop
      vertex 46.8865267138484 1.7729090847147984 2
      vertex 46.699999999999996 1.867949192431123 58
      vertex 46.8865267138484 1.7729090847147984 58
    endloop
  endfacet
  facet normal 0.35836794954530043 0.9335804264972016 0
    outer loop
      vertex 47.0819660112501 1.697886967409693 2
      vertex 46.8865267138484 1.7729090847147984 58
      vertex 47.0819660112501 1.697886967409693 58
    endloop
  endfacet
  facet normal 0.25881904510252435 0.9659258262890674 0
    outer loop
      vertex 47.28417661836448 1.6437047985323887 2
      vertex 47.0819660112501 1.697886967409693 58
      vertex 47.28417661836448 1.6437047985323887 58
    endloop
  endfacet
  facet normal 0.5446390350150256 0.838670567945425 0
    outer loop
      vertex 46.699999999999996 1.867949192431123 2
      vertex 46.52442949541505 1.9819660112501052 58
      vertex 46.699999999999996 1.867949192431123 58
    endloop
  endfacet
  facet normal 0.8386705679454254 0.5446390350150251 0
    outer loop
      vertex 46.0819660112501 2.424429495415054 2
      vertex 45.96794919243112 2.6 58
      vertex 46.0819660112501 2.424429495415054 58
    endloop
  endfacet
  facet normal 0.8910065241883588 0.4539904997395644 0
    outer loop
      vertex 45.96794919243112 2.6 2
      vertex 45.87290908471479 2.7865267138484 58
      vertex 45.96794919243112 2.6 58
    endloop
  endfacet
  facet normal 0.9659258262890684 0.2588190451025207 0
    outer loop
      vertex 45.79788696740969 2.981966011250105 2
      vertex 45.743704798532384 3.1841766183644813 58
      vertex 45.79788696740969 2.981966011250105 58
    endloop
  endfacet
  facet normal 0.9335804264972052 0.35836794954529116 0
    outer loop
      vertex 45.87290908471479 2.7865267138484 2
      vertex 45.79788696740969 2.981966011250105 58
      vertex 45.87290908471479 2.7865267138484 58
    endloop
  endfacet
  facet normal 0.9876883405951389 0.15643446504022374 0
    outer loop
      vertex 45.743704798532384 3.1841766183644813 2
      vertex 45.71095620926345 3.390943073464693 58
      vertex 45.743704798532384 3.1841766183644813 58
    endloop
  endfacet
  facet normal 0.9986295347545735 0.0523359562429506 0
    outer loop
      vertex 45.71095620926345 3.390943073464693 2
      vertex 45.699999999999996 3.6 58
      vertex 45.71095620926345 3.390943073464693 58
    endloop
  endfacet
  facet normal 0 1 0
    outer loop
      vertex 57.199999999999996 1.6 2
      vertex 48.449999999999996 1.6 58
      vertex 49.199999999999996 1.6 54
    endloop
  endfacet
  facet normal 0 1 0
    outer loop
      vertex 57.199999999999996 1.6 2
      vertex 49.199999999999996 1.6 54
      vertex 56.449999999999996 1.6 38
    endloop
  endfacet
  facet normal -0.15643446504022734 0.9876883405951383 0
    outer loop
      vertex 57.615823381635515 1.6437047985323887 2
      vertex 57.449999999999996 1.6174409550393256 38
      vertex 57.449999999999996 1.6174409550393256 58
    endloop
  endfacet
  facet normal -0.15643446504022737 0.9876883405951384 0
    outer loop
      vertex 57.615823381635515 1.6437047985323887 2
      vertex 57.449999999999996 1.6174409550393256 58
      vertex 57.615823381635515 1.6437047985323887 58
    endloop
  endfacet
  facet normal -0.25881904510252435 0.9659258262890674 0
    outer loop
      vertex 57.81803398874989 1.697886967409693 2
      vertex 57.615823381635515 1.6437047985323887 58
      vertex 57.81803398874989 1.697886967409693 58
    endloop
  endfacet
  facet normal -0.35836794954530043 0.9335804264972016 0
    outer loop
      vertex 58.013473286151594 1.7729090847147984 2
      vertex 57.81803398874989 1.697886967409693 58
      vertex 58.013473286151594 1.7729090847147984 58
    endloop
  endfacet
  facet normal -0.4539904997395433 0.8910065241883696 0
    outer loop
      vertex 58.199999999999996 1.867949192431123 2
      vertex 58.013473286151594 1.7729090847147984 58
      vertex 58.199999999999996 1.867949192431123 58
    endloop
  endfacet
  facet normal -0.5446390350150256 0.838670567945425 0
    outer loop
      vertex 58.37557050458494 1.9819660112501052 2
      vertex 58.199999999999996 1.867949192431123 58
      vertex 58.37557050458494 1.9819660112501052 58
    endloop
  endfacet
  facet normal -0.6293203910498344 0.7771459614569733 0
    outer loop
      vertex 58.538261212717714 2.1137103490452116 2
      vertex 58.37557050458494 1.9819660112501052 58
      vertex 58.538261212717714 2.1137103490452116 58
    endloop
  endfacet
  facet normal -0.7071067811865529 0.7071067811865422 0
    outer loop
      vertex 58.686289650954784 2.2617387872822836 2
      vertex 58.538261212717714 2.1137103490452116 58
      vertex 58.686289650954784 2.2617387872822836 58
    endloop
  endfacet
  facet normal -0.777145961456974 0.6293203910498336 0
    outer loop
      vertex 58.81803398874989 2.424429495415054 2
      vertex 58.686289650954784 2.2617387872822836 58
      vertex 58.81803398874989 2.424429495415054 58
    endloop
  endfacet
  facet normal -0.8386705679454254 0.5446390350150251 0
    outer loop
      vertex 58.93205080756887 2.6 2
      vertex 58.81803398874989 2.424429495415054 58
      vertex 58.93205080756887 2.6 58
    endloop
  endfacet
  facet normal -0.8910065241883588 0.4539904997395644 0
    outer loop
      vertex 59.0270909152852 2.7865267138484 2
      vertex 58.93205080756887 2.6 58
      vertex 59.0270909152852 2.7865267138484 58
    endloop
  endfacet
  facet normal -0.9335804264972052 0.35836794954529116 0
    outer loop
      vertex 59.1021130325903 2.981966011250105 2
      vertex 59.0270909152852 2.7865267138484 58
      vertex 59.1021130325903 2.981966011250105 58
    endloop
  endfacet
  facet normal -0.9659258262890684 0.2588190451025207 0
    outer loop
      vertex 59.15629520146761 3.1841766183644813 2
      vertex 59.1021130325903 2.981966011250105 58
      vertex 59.15629520146761 3.1841766183644813 58
    endloop
  endfacet
  facet normal -0.9876883405951389 0.15643446504022374 0
    outer loop
      vertex 59.18904379073654 3.390943073464693 2
      vertex 59.15629520146761 3.1841766183644813 58
      vertex 59.18904379073654 3.390943073464693 58
    endloop
  endfacet
  facet normal -0.9986295347545735 0.0523359562429506 0
    outer loop
      vertex 59.199999999999996 3.6 2
      vertex 59.18904379073654 3.390943073464693 58
      vertex 59.199999999999996 3.6 58
    endloop
  endfacet
  facet normal 0.15643446504022734 0.9876883405951383 0
    outer loop
      vertex 47.449999999999996 1.6174409550393256 38
      vertex 47.28417661836448 1.6437047985323887 58
      vertex 47.449999999999996 1.6174409550393256 58
    endloop
  endfacet
  facet normal 0 1 0
    outer loop
      vertex 48.449999999999996 1.6 58
      vertex 49.199999999999996 1.6 58
      vertex 49.199999999999996 1.6 54
    endloop
  endfacet
  facet normal 0 1 0
    outer loop
      vertex 56.449999999999996 1.6 38
      vertex 49.199999999999996 1.6 54
      vertex 55.699999999999996 1.6 54
    endloop
  endfacet
  facet normal 0 1 0
    outer loop
      vertex 56.449999999999996 1.6 38
      vertex 55.699999999999996 1.6 54
      vertex 56.449999999999996 1.6 58
    endloop
  endfacet
  facet normal 0 1 0
    outer loop
      vertex 56.449999999999996 1.6 58
      vertex 55.699999999999996 1.6 54
      vertex 55.699999999999996 1.6 58
    endloop
  endfacet
  facet normal 1 0 0
    outer loop
      vertex 45.699999999999996 3.6 2
      vertex 45.699999999999996 36.1 58
      vertex 45.699999999999996 3.6 58
    endloop
  endfacet
  facet normal 1 0 0
    outer loop
      vertex 45.699999999999996 24.12440891073984 2
      vertex 45.699999999999996 36.1 2
      vertex 45.699999999999996 24.12440891073984 6
    endloop
  endfacet
  facet normal 0 0 1
    outer loop
      vertex 45.699999999999996 24.12440891073984 2
      vertex 45.977864045000416 24.55228201833979 2
      vertex 45.96794919243112 37.1 2
    endloop
  endfacet
  facet normal 0 0 1
    outer loop
      vertex 45.977864045000416 24.55228201833979 2
      vertex 46.504841396180844 25.203044850870867 2
      vertex 46.36173878728228 37.58628965095479 2
    endloop
  endfacet
  facet normal 0 0 1
    outer loop
      vertex 46.504841396180844 25.203044850870867 2
      vertex 47.09695514912913 25.795158603819154 2
      vertex 47.0819660112501 38.00211303259031 2
    endloop
  endfacet
  facet normal 0 0 1
    outer loop
      vertex 58.922135954999575 24.55228201833979 2
      vertex 58.93205080756887 37.1 2
      vertex 58.39515860381915 25.203044850870867 2
    endloop
  endfacet
  facet normal 0 0 1
    outer loop
      vertex 57.80304485087086 25.795158603819154 2
      vertex 58.39515860381915 25.203044850870867 2
      vertex 58.37557050458494 37.718033988749895 2
    endloop
  endfacet
  facet normal 0 0 1
    outer loop
      vertex 59.199999999999996 24.12440891073984 2
      vertex 59.199999999999996 36.1 2
      vertex 58.922135954999575 24.55228201833979 2
    endloop
  endfacet
  facet normal -1 0 0
    outer loop
      vertex 59.199999999999996 24.12440891073984 2
      vertex 59.199999999999996 24.12440891073984 6
      vertex 59.199999999999996 36.1 2
    endloop
  endfacet
  facet normal 1 0 0
    outer loop
      vertex 45.699999999999996 15.575591089260161 6
      vertex 45.699999999999996 24.12440891073984 6
      vertex 45.699999999999996 36.1 58
    endloop
  endfacet
  facet normal -1 0 0
    outer loop
      vertex 59.199999999999996 3.6 58
      vertex 59.199999999999996 36.1 2
      vertex 59.199999999999996 24.12440891073984 6
    endloop
  endfacet
  facet normal 0 0 1
    outer loop
      vertex 45.699999999999996 24.12440891073984 2
      vertex 45.71095620926345 36.309056926535305 2
      vertex 45.699999999999996 36.1 2
    endloop
  endfacet
  facet normal 0 0 1
    outer loop
      vertex 47.09695514912913 25.795158603819154 2
      vertex 47.74771798166021 26.32213595499958 2
      vertex 47.699999999999996 38.1 2
    endloop
  endfacet
  facet normal 0 0 1
    outer loop
      vertex 47.74771798166021 26.32213595499958 2
      vertex 48.449999999999996 26.77820323027551 2
      vertex 47.699999999999996 38.1 2
    endloop
  endfacet
  facet normal 0 0 1
    outer loop
      vertex 48.449999999999996 26.77820323027551 2
      vertex 49.196106855393595 27.158363661140807 2
      vertex 47.699999999999996 38.1 2
    endloop
  endfacet
  facet normal 0 0 1
    outer loop
      vertex 49.196106855393595 27.158363661140807 2
      vertex 49.977864045000416 27.45845213036123 2
      vertex 47.699999999999996 38.1 2
    endloop
  endfacet
  facet normal 0 0 1
    outer loop
      vertex 45.699999999999996 24.12440891073984 2
      vertex 45.743704798532384 36.51582338163552 2
      vertex 45.71095620926345 36.309056926535305 2
    endloop
  endfacet
  facet normal 0 0 1
    outer loop
      vertex 45.699999999999996 24.12440891073984 2
      vertex 45.79788696740969 36.718033988749895 2
      vertex 45.743704798532384 36.51582338163552 2
    endloop
  endfacet
  facet normal 0 0 1
    outer loop
      vertex 45.699999999999996 24.12440891073984 2
      vertex 45.87290908471479 36.9134732861516 2
      vertex 45.79788696740969 36.718033988749895 2
    endloop
  endfacet
  facet normal 0 0 1
    outer loop
      vertex 45.699999999999996 24.12440891073984 2
      vertex 45.96794919243112 37.1 2
      vertex 45.87290908471479 36.9134732861516 2
    endloop
  endfacet
  facet normal 0 0 1
    outer loop
      vertex 45.977864045000416 24.55228201833979 2
      vertex 46.0819660112501 37.27557050458495 2
      vertex 45.96794919243112 37.1 2
    endloop
  endfacet
  facet normal 0 0 1
    outer loop
      vertex 45.977864045000416 24.55228201833979 2
      vertex 46.21371034904521 37.43826121271772 2
      vertex 46.0819660112501 37.27557050458495 2
    endloop
  endfacet
  facet normal 0 0 1
    outer loop
      vertex 45.977864045000416 24.55228201833979 2
      vertex 46.36173878728228 37.58628965095479 2
      vertex 46.21371034904521 37.43826121271772 2
    endloop
  endfacet
  facet normal 0 0 1
    outer loop
      vertex 46.504841396180844 25.203044850870867 2
      vertex 46.52442949541505 37.718033988749895 2
      vertex 46.36173878728228 37.58628965095479 2
    endloop
  endfacet
  facet normal 0 0 1
    outer loop
      vertex 46.504841396180844 25.203044850870867 2
      vertex 46.699999999999996 37.832050807568876 2
      vertex 46.52442949541505 37.718033988749895 2
    endloop
  endfacet
  facet normal 0 0 1
    outer loop
      vertex 46.504841396180844 25.203044850870867 2
      vertex 46.8865267138484 37.927090915285206 2
      vertex 46.699999999999996 37.832050807568876 2
    endloop
  endfacet
  facet normal 0 0 1
    outer loop
      vertex 46.504841396180844 25.203044850870867 2
      vertex 47.0819660112501 38.00211303259031 2
      vertex 46.8865267138484 37.927090915285206 2
    endloop
  endfacet
  facet normal 0 0 1
    outer loop
      vertex 47.09695514912913 25.795158603819154 2
      vertex 47.28417661836448 38.05629520146761 2
      vertex 47.0819660112501 38.00211303259031 2
    endloop
  endfacet
  facet normal 0 0 1
    outer loop
      vertex 47.09695514912913 25.795158603819154 2
      vertex 47.49094307346469 38.08904379073655 2
      vertex 47.28417661836448 38.05629520146761 2
    endloop
  endfacet
  facet normal 0 0 1
    outer loop
      vertex 47.09695514912913 25.795158603819154 2
      vertex 47.699999999999996 38.1 2
      vertex 47.49094307346469 38.08904379073655 2
    endloop
  endfacet
  facet normal 0 0 1
    outer loop
      vertex 49.977864045000416 27.45845213036123 2
      vertex 50.78670647345792 27.675180805870447 2
      vertex 47.699999999999996 38.1 2
    endloop
  endfacet
  facet normal 0 0 1
    outer loop
      vertex 50.78670647345792 27.675180805870447 2
      vertex 51.613772293858766 27.80617516294619 2
      vertex 47.699999999999996 38.1 2
    endloop
  endfacet
  facet normal 0 0 1
    outer loop
      vertex 51.613772293858766 27.80617516294619 2
      vertex 57.199999999999996 38.1 2
      vertex 47.699999999999996 38.1 2
    endloop
  endfacet
  facet normal 0.15643446504022113 -0.9876883405951393 5.063960167048765e-18
    outer loop
      vertex 47.28417661836448 38.05629520146761 2
      vertex 47.49094307346469 38.08904379073655 2
      vertex 47.449999999999996 38.082559044960675 38
    endloop
  endfacet
  facet normal 0.05233595624295138 -0.9986295347545735 0
    outer loop
      vertex 47.49094307346469 38.08904379073655 2
      vertex 47.699999999999996 38.1 2
      vertex 47.49094307346469 38.08904379073655 38
    endloop
  endfacet
  facet normal 0 0 1
    outer loop
      vertex 51.613772293858766 27.80617516294619 2
      vertex 52.449999999999996 27.85 2
      vertex 57.199999999999996 38.1 2
    endloop
  endfacet
  facet normal 0 0 1
    outer loop
      vertex 52.449999999999996 27.85 2
      vertex 53.286227706141226 27.80617516294619 2
      vertex 57.199999999999996 38.1 2
    endloop
  endfacet
  facet normal 0 0 1
    outer loop
      vertex 53.286227706141226 27.80617516294619 2
      vertex 54.11329352654207 27.675180805870447 2
      vertex 57.199999999999996 38.1 2
    endloop
  endfacet
  facet normal 0 0 1
    outer loop
      vertex 55.7038931446064 27.158363661140807 2
      vertex 57.199999999999996 38.1 2
      vertex 54.922135954999575 27.45845213036123 2
    endloop
  endfacet
  facet normal 0 0 1
    outer loop
      vertex 55.7038931446064 27.158363661140807 2
      vertex 56.449999999999996 26.77820323027551 2
      vertex 57.199999999999996 38.1 2
    endloop
  endfacet
  facet normal 0 0 1
    outer loop
      vertex 56.449999999999996 26.77820323027551 2
      vertex 57.15228201833978 26.32213595499958 2
      vertex 57.199999999999996 38.1 2
    endloop
  endfacet
  facet normal 0 0 1
    outer loop
      vertex 54.11329352654207 27.675180805870447 2
      vertex 54.922135954999575 27.45845213036123 2
      vertex 57.199999999999996 38.1 2
    endloop
  endfacet
  facet normal 0 0 1
    outer loop
      vertex 57.80304485087086 25.795158603819154 2
      vertex 57.81803398874989 38.00211303259031 2
      vertex 57.15228201833978 26.32213595499958 2
    endloop
  endfacet
  facet normal 0 0 1
    outer loop
      vertex 58.39515860381915 25.203044850870867 2
      vertex 58.81803398874989 37.27557050458495 2
      vertex 58.686289650954784 37.43826121271772 2
    endloop
  endfacet
  facet normal 0 0 1
    outer loop
      vertex 58.39515860381915 25.203044850870867 2
      vertex 58.686289650954784 37.43826121271772 2
      vertex 58.538261212717714 37.58628965095479 2
    endloop
  endfacet
  facet normal 0 0 1
    outer loop
      vertex 58.39515860381915 25.203044850870867 2
      vertex 58.93205080756887 37.1 2
      vertex 58.81803398874989 37.27557050458495 2
    endloop
  endfacet
  facet normal 0 0 1
    outer loop
      vertex 57.80304485087086 25.795158603819154 2
      vertex 58.013473286151594 37.927090915285206 2
      vertex 57.81803398874989 38.00211303259031 2
    endloop
  endfacet
  facet normal 0 0 1
    outer loop
      vertex 57.15228201833978 26.32213595499958 2
      vertex 57.4090569265353 38.08904379073655 2
      vertex 57.199999999999996 38.1 2
    endloop
  endfacet
  facet normal 0 0 1
    outer loop
      vertex 57.15228201833978 26.32213595499958 2
      vertex 57.615823381635515 38.05629520146761 2
      vertex 57.4090569265353 38.08904379073655 2
    endloop
  endfacet
  facet normal 0 0 1
    outer loop
      vertex 57.15228201833978 26.32213595499958 2
      vertex 57.81803398874989 38.00211303259031 2
      vertex 57.615823381635515 38.05629520146761 2
    endloop
  endfacet
  facet normal 0 0 1
    outer loop
      vertex 57.80304485087086 25.795158603819154 2
      vertex 58.37557050458494 37.718033988749895 2
      vertex 58.199999999999996 37.832050807568876 2
    endloop
  endfacet
  facet normal 0 0 1
    outer loop
      vertex 57.80304485087086 25.795158603819154 2
      vertex 58.199999999999996 37.832050807568876 2
      vertex 58.013473286151594 37.927090915285206 2
    endloop
  endfacet
  facet normal 0 0 1
    outer loop
      vertex 58.39515860381915 25.203044850870867 2
      vertex 58.538261212717714 37.58628965095479 2
      vertex 58.37557050458494 37.718033988749895 2
    endloop
  endfacet
  facet normal 0 0 1
    outer loop
      vertex 58.922135954999575 24.55228201833979 2
      vertex 59.199999999999996 36.1 2
      vertex 59.18904379073654 36.309056926535305 2
    endloop
  endfacet
  facet normal 0 0 1
    outer loop
      vertex 58.922135954999575 24.55228201833979 2
      vertex 59.18904379073654 36.309056926535305 2
      vertex 59.15629520146761 36.51582338163552 2
    endloop
  endfacet
  facet normal 0 0 1
    outer loop
      vertex 58.922135954999575 24.55228201833979 2
      vertex 59.15629520146761 36.51582338163552 2
      vertex 59.1021130325903 36.718033988749895 2
    endloop
  endfacet
  facet normal 0 0 1
    outer loop
      vertex 58.922135954999575 24.55228201833979 2
      vertex 59.1021130325903 36.718033988749895 2
      vertex 59.0270909152852 36.9134732861516 2
    endloop
  endfacet
  facet normal 0 0 1
    outer loop
      vertex 58.922135954999575 24.55228201833979 2
      vertex 59.0270909152852 36.9134732861516 2
      vertex 58.93205080756887 37.1 2
    endloop
  endfacet
  facet normal 0 -1 0
    outer loop
      vertex 47.699999999999996 38.1 2
      vertex 57.199999999999996 38.1 2
      vertex 56.449999999999996 38.1 38
    endloop
  endfacet
  facet normal -0.05233595624295138 -0.9986295347545735 0
    outer loop
      vertex 57.199999999999996 38.1 2
      vertex 57.4090569265353 38.08904379073655 2
      vertex 57.199999999999996 38.1 38
    endloop
  endfacet
  facet normal 1 0 0
    outer loop
      vertex 45.699999999999996 24.12440891073984 6
      vertex 45.699999999999996 36.1 2
      vertex 45.699999999999996 36.1 58
    endloop
  endfacet
  facet normal 0.9986295347545735 -0.05233595624295138 0
    outer loop
      vertex 45.699999999999996 36.1 2
      vertex 45.71095620926345 36.309056926535305 2
      vertex 45.71095620926345 36.309056926535305 58
    endloop
  endfacet
  facet normal 0.9876883405951393 -0.15643446504022113 0
    outer loop
      vertex 45.71095620926345 36.309056926535305 2
      vertex 45.743704798532384 36.51582338163552 2
      vertex 45.743704798532384 36.51582338163552 58
    endloop
  endfacet
  facet normal 0.9659258262890676 -0.25881904510252335 0
    outer loop
      vertex 45.743704798532384 36.51582338163552 2
      vertex 45.79788696740969 36.718033988749895 2
      vertex 45.79788696740969 36.718033988749895 58
    endloop
  endfacet
  facet normal 0.9335804264972052 -0.35836794954529116 0
    outer loop
      vertex 45.79788696740969 36.718033988749895 2
      vertex 45.87290908471479 36.9134732861516 2
      vertex 45.87290908471479 36.9134732861516 58
    endloop
  endfacet
  facet normal 0.8910065241883607 -0.453990499739561 0
    outer loop
      vertex 45.87290908471479 36.9134732861516 2
      vertex 45.96794919243112 37.1 2
      vertex 45.96794919243112 37.1 58
    endloop
  endfacet
  facet normal 0.8386705679454259 -0.5446390350150241 0
    outer loop
      vertex 45.96794919243112 37.1 2
      vertex 46.0819660112501 37.27557050458495 2
      vertex 46.0819660112501 37.27557050458495 58
    endloop
  endfacet
  facet normal 0.7771459614569765 -0.6293203910498305 0
    outer loop
      vertex 46.0819660112501 37.27557050458495 2
      vertex 46.21371034904521 37.43826121271772 2
      vertex 46.21371034904521 37.43826121271772 58
    endloop
  endfacet
  facet normal 0.7071067811865476 -0.7071067811865476 0
    outer loop
      vertex 46.21371034904521 37.43826121271772 2
      vertex 46.36173878728228 37.58628965095479 2
      vertex 46.36173878728228 37.58628965095479 58
    endloop
  endfacet
  facet normal 0.6293203910498305 -0.7771459614569765 0
    outer loop
      vertex 46.36173878728228 37.58628965095479 2
      vertex 46.52442949541505 37.718033988749895 2
      vertex 46.52442949541505 37.718033988749895 58
    endloop
  endfacet
  facet normal 0.5446390350150241 -0.8386705679454259 0
    outer loop
      vertex 46.52442949541505 37.718033988749895 2
      vertex 46.699999999999996 37.832050807568876 2
      vertex 46.699999999999996 37.832050807568876 58
    endloop
  endfacet
  facet normal 0.453990499739561 -0.8910065241883607 0
    outer loop
      vertex 46.699999999999996 37.832050807568876 2
      vertex 46.8865267138484 37.927090915285206 2
      vertex 46.8865267138484 37.927090915285206 58
    endloop
  endfacet
  facet normal 0.35836794954529116 -0.9335804264972052 0
    outer loop
      vertex 46.8865267138484 37.927090915285206 2
      vertex 47.0819660112501 38.00211303259031 2
      vertex 47.0819660112501 38.00211303259031 58
    endloop
  endfacet
  facet normal 0.25881904510252335 -0.9659258262890676 0
    outer loop
      vertex 47.0819660112501 38.00211303259031 2
      vertex 47.28417661836448 38.05629520146761 2
      vertex 47.28417661836448 38.05629520146761 58
    endloop
  endfacet
  facet normal 0.15643446504021677 -0.9876883405951399 0
    outer loop
      vertex 47.49094307346469 38.08904379073655 2
      vertex 47.49094307346469 38.08904379073655 38
      vertex 47.449999999999996 38.082559044960675 38
    endloop
  endfacet
  facet normal 0.05233595624295138 -0.9986295347545735 0
    outer loop
      vertex 47.699999999999996 38.1 2
      vertex 47.699999999999996 38.1 38
      vertex 47.49094307346469 38.08904379073655 38
    endloop
  endfacet
  facet normal 0 -1 0
    outer loop
      vertex 47.699999999999996 38.1 2
      vertex 48.449999999999996 38.1 38
      vertex 47.699999999999996 38.1 38
    endloop
  endfacet
  facet normal -0.8386705679454259 -0.5446390350150241 0
    outer loop
      vertex 58.93205080756887 37.1 2
      vertex 58.93205080756887 37.1 58
      vertex 58.81803398874989 37.27557050458495 2
    endloop
  endfacet
  facet normal -0.9986295347545735 -0.05233595624295138 0
    outer loop
      vertex 59.199999999999996 36.1 2
      vertex 59.199999999999996 36.1 58
      vertex 59.18904379073654 36.309056926535305 2
    endloop
  endfacet
  facet normal -0.9876883405951393 -0.15643446504022113 0
    outer loop
      vertex 59.18904379073654 36.309056926535305 2
      vertex 59.18904379073654 36.309056926535305 58
      vertex 59.15629520146761 36.51582338163552 2
    endloop
  endfacet
  facet normal -0.9659258262890676 -0.25881904510252335 0
    outer loop
      vertex 59.15629520146761 36.51582338163552 2
      vertex 59.15629520146761 36.51582338163552 58
      vertex 59.1021130325903 36.718033988749895 2
    endloop
  endfacet
  facet normal -0.9335804264972052 -0.35836794954529116 0
    outer loop
      vertex 59.1021130325903 36.718033988749895 2
      vertex 59.1021130325903 36.718033988749895 58
      vertex 59.0270909152852 36.9134732861516 2
    endloop
  endfacet
  facet normal -0.8910065241883607 -0.453990499739561 0
    outer loop
      vertex 59.0270909152852 36.9134732861516 2
      vertex 59.0270909152852 36.9134732861516 58
      vertex 58.93205080756887 37.1 2
    endloop
  endfacet
  facet normal -0.15643446504022113 -0.9876883405951393 0
    outer loop
      vertex 57.4090569265353 38.08904379073655 2
      vertex 57.615823381635515 38.05629520146761 2
      vertex 57.615823381635515 38.05629520146761 58
    endloop
  endfacet
  facet normal -0.35836794954529116 -0.9335804264972052 0
    outer loop
      vertex 57.81803398874989 38.00211303259031 2
      vertex 58.013473286151594 37.927090915285206 2
      vertex 58.013473286151594 37.927090915285206 58
    endloop
  endfacet
  facet normal -0.25881904510252335 -0.9659258262890676 0
    outer loop
      vertex 57.615823381635515 38.05629520146761 2
      vertex 57.81803398874989 38.00211303259031 2
      vertex 57.81803398874989 38.00211303259031 58
    endloop
  endfacet
  facet normal -0.5446390350150241 -0.8386705679454259 0
    outer loop
      vertex 58.199999999999996 37.832050807568876 2
      vertex 58.37557050458494 37.718033988749895 2
      vertex 58.37557050458494 37.718033988749895 58
    endloop
  endfacet
  facet normal -0.7071067811865476 -0.7071067811865476 0
    outer loop
      vertex 58.686289650954784 37.43826121271772 2
      vertex 58.686289650954784 37.43826121271772 58
      vertex 58.538261212717714 37.58628965095479 2
    endloop
  endfacet
  facet normal -0.7771459614569765 -0.6293203910498305 0
    outer loop
      vertex 58.81803398874989 37.27557050458495 2
      vertex 58.81803398874989 37.27557050458495 58
      vertex 58.686289650954784 37.43826121271772 2
    endloop
  endfacet
  facet normal -0.6293203910498305 -0.7771459614569765 0
    outer loop
      vertex 58.37557050458494 37.718033988749895 2
      vertex 58.538261212717714 37.58628965095479 2
      vertex 58.538261212717714 37.58628965095479 58
    endloop
  endfacet
  facet normal -0.453990499739561 -0.8910065241883607 0
    outer loop
      vertex 58.199999999999996 37.832050807568876 2
      vertex 58.199999999999996 37.832050807568876 58
      vertex 58.013473286151594 37.927090915285206 2
    endloop
  endfacet
  facet normal 0 -1 0
    outer loop
      vertex 57.199999999999996 38.1 2
      vertex 57.199999999999996 38.1 38
      vertex 56.449999999999996 38.1 38
    endloop
  endfacet
  facet normal -0.05233595624295138 -0.9986295347545735 0
    outer loop
      vertex 57.4090569265353 38.08904379073655 2
      vertex 57.4090569265353 38.08904379073655 38
      vertex 57.199999999999996 38.1 38
    endloop
  endfacet
  facet normal -0.15643446504021677 -0.9876883405951399 0
    outer loop
      vertex 57.4090569265353 38.08904379073655 2
      vertex 57.449999999999996 38.082559044960675 38
      vertex 57.4090569265353 38.08904379073655 38
    endloop
  endfacet
  facet normal -1 0 0
    outer loop
      vertex 59.199999999999996 3.6 58
      vertex 59.199999999999996 36.1 58
      vertex 59.199999999999996 36.1 2
    endloop
  endfacet
  facet normal 0.1564344650402222 -0.9876883405951392 0
    outer loop
      vertex 47.28417661836448 38.05629520146761 2
      vertex 47.449999999999996 38.082559044960675 38
      vertex 47.449999999999996 38.082559044960675 58
    endloop
  endfacet
  facet normal 0 -1 0
    outer loop
      vertex 47.699999999999996 38.1 2
      vertex 55.699999999999996 38.1 54
      vertex 48.449999999999996 38.1 38
    endloop
  endfacet
  facet normal 0.9986295347545735 -0.05233595624295138 0
    outer loop
      vertex 45.699999999999996 36.1 2
      vertex 45.71095620926345 36.309056926535305 58
      vertex 45.699999999999996 36.1 58
    endloop
  endfacet
  facet normal 0.9876883405951393 -0.15643446504022113 0
    outer loop
      vertex 45.71095620926345 36.309056926535305 2
      vertex 45.743704798532384 36.51582338163552 58
      vertex 45.71095620926345 36.309056926535305 58
    endloop
  endfacet
  facet normal 0.9659258262890676 -0.25881904510252335 0
    outer loop
      vertex 45.743704798532384 36.51582338163552 2
      vertex 45.79788696740969 36.718033988749895 58
      vertex 45.743704798532384 36.51582338163552 58
    endloop
  endfacet
  facet normal 0.9335804264972052 -0.35836794954529116 0
    outer loop
      vertex 45.79788696740969 36.718033988749895 2
      vertex 45.87290908471479 36.9134732861516 58
      vertex 45.79788696740969 36.718033988749895 58
    endloop
  endfacet
  facet normal 0.8910065241883607 -0.453990499739561 0
    outer loop
      vertex 45.87290908471479 36.9134732861516 2
      vertex 45.96794919243112 37.1 58
      vertex 45.87290908471479 36.9134732861516 58
    endloop
  endfacet
  facet normal 0.8386705679454259 -0.5446390350150241 0
    outer loop
      vertex 45.96794919243112 37.1 2
      vertex 46.0819660112501 37.27557050458495 58
      vertex 45.96794919243112 37.1 58
    endloop
  endfacet
  facet normal 0.7771459614569765 -0.6293203910498305 0
    outer loop
      vertex 46.0819660112501 37.27557050458495 2
      vertex 46.21371034904521 37.43826121271772 58
      vertex 46.0819660112501 37.27557050458495 58
    endloop
  endfacet
  facet normal 0.7071067811865476 -0.7071067811865476 0
    outer loop
      vertex 46.21371034904521 37.43826121271772 2
      vertex 46.36173878728228 37.58628965095479 58
      vertex 46.21371034904521 37.43826121271772 58
    endloop
  endfacet
  facet normal 0.6293203910498305 -0.7771459614569765 0
    outer loop
      vertex 46.36173878728228 37.58628965095479 2
      vertex 46.52442949541505 37.718033988749895 58
      vertex 46.36173878728228 37.58628965095479 58
    endloop
  endfacet
  facet normal 0.5446390350150241 -0.8386705679454259 0
    outer loop
      vertex 46.52442949541505 37.718033988749895 2
      vertex 46.699999999999996 37.832050807568876 58
      vertex 46.52442949541505 37.718033988749895 58
    endloop
  endfacet
  facet normal 0.453990499739561 -0.8910065241883607 0
    outer loop
      vertex 46.699999999999996 37.832050807568876 2
      vertex 46.8865267138484 37.927090915285206 58
      vertex 46.699999999999996 37.832050807568876 58
    endloop
  endfacet
  facet normal 0.35836794954529116 -0.9335804264972052 0
    outer loop
      vertex 46.8865267138484 37.927090915285206 2
      vertex 47.0819660112501 38.00211303259031 58
      vertex 46.8865267138484 37.927090915285206 58
    endloop
  endfacet
  facet normal 0.25881904510252335 -0.9659258262890676 0
    outer loop
      vertex 47.0819660112501 38.00211303259031 2
      vertex 47.28417661836448 38.05629520146761 58
      vertex 47.0819660112501 38.00211303259031 58
    endloop
  endfacet
  facet normal 0.1564344650402222 -0.9876883405951391 0
    outer loop
      vertex 47.28417661836448 38.05629520146761 2
      vertex 47.449999999999996 38.082559044960675 58
      vertex 47.28417661836448 38.05629520146761 58
    endloop
  endfacet
  facet normal 0 -1 0
    outer loop
      vertex 47.699999999999996 38.1 2
      vertex 56.449999999999996 38.1 38
      vertex 56.449999999999996 38.1 58
    endloop
  endfacet
  facet normal -0.15643446504022304 -0.987688340595139 7.318125285390188e-18
    outer loop
      vertex 57.4090569265353 38.08904379073655 2
      vertex 57.615823381635515 38.05629520146761 58
      vertex 57.449999999999996 38.082559044960675 38
    endloop
  endfacet
  facet normal 0 -1 0
    outer loop
      vertex 47.699999999999996 38.1 2
      vertex 56.449999999999996 38.1 58
      vertex 55.699999999999996 38.1 54
    endloop
  endfacet
  facet normal -0.8386705679454259 -0.5446390350150241 0
    outer loop
      vertex 58.81803398874989 37.27557050458495 2
      vertex 58.93205080756887 37.1 58
      vertex 58.81803398874989 37.27557050458495 58
    endloop
  endfacet
  facet normal -0.9986295347545735 -0.05233595624295138 0
    outer loop
      vertex 59.18904379073654 36.309056926535305 2
      vertex 59.199999999999996 36.1 58
      vertex 59.18904379073654 36.309056926535305 58
    endloop
  endfacet
  facet normal -0.9876883405951393 -0.15643446504022113 0
    outer loop
      vertex 59.15629520146761 36.51582338163552 2
      vertex 59.18904379073654 36.309056926535305 58
      vertex 59.15629520146761 36.51582338163552 58
    endloop
  endfacet
  facet normal -0.9659258262890676 -0.25881904510252335 0
    outer loop
      vertex 59.1021130325903 36.718033988749895 2
      vertex 59.15629520146761 36.51582338163552 58
      vertex 59.1021130325903 36.718033988749895 58
    endloop
  endfacet
  facet normal -0.9335804264972052 -0.35836794954529116 0
    outer loop
      vertex 59.0270909152852 36.9134732861516 2
      vertex 59.1021130325903 36.718033988749895 58
      vertex 59.0270909152852 36.9134732861516 58
    endloop
  endfacet
  facet normal -0.8910065241883607 -0.453990499739561 0
    outer loop
      vertex 58.93205080756887 37.1 2
      vertex 59.0270909152852 36.9134732861516 58
      vertex 58.93205080756887 37.1 58
    endloop
  endfacet
  facet normal -0.25881904510252335 -0.9659258262890676 0
    outer loop
      vertex 57.615823381635515 38.05629520146761 2
      vertex 57.81803398874989 38.00211303259031 58
      vertex 57.615823381635515 38.05629520146761 58
    endloop
  endfacet
  facet normal -0.35836794954529116 -0.9335804264972052 0
    outer loop
      vertex 57.81803398874989 38.00211303259031 2
      vertex 58.013473286151594 37.927090915285206 58
      vertex 57.81803398874989 38.00211303259031 58
    endloop
  endfacet
  facet normal -0.5446390350150241 -0.8386705679454259 0
    outer loop
      vertex 58.199999999999996 37.832050807568876 2
      vertex 58.37557050458494 37.718033988749895 58
      vertex 58.199999999999996 37.832050807568876 58
    endloop
  endfacet
  facet normal -0.7771459614569765 -0.6293203910498305 0
    outer loop
      vertex 58.686289650954784 37.43826121271772 2
      vertex 58.81803398874989 37.27557050458495 58
      vertex 58.686289650954784 37.43826121271772 58
    endloop
  endfacet
  facet normal -0.6293203910498305 -0.7771459614569765 0
    outer loop
      vertex 58.37557050458494 37.718033988749895 2
      vertex 58.538261212717714 37.58628965095479 58
      vertex 58.37557050458494 37.718033988749895 58
    endloop
  endfacet
  facet normal -0.7071067811865476 -0.7071067811865476 0
    outer loop
      vertex 58.538261212717714 37.58628965095479 2
      vertex 58.686289650954784 37.43826121271772 58
      vertex 58.538261212717714 37.58628965095479 58
    endloop
  endfacet
  facet normal -0.453990499739561 -0.8910065241883607 0
    outer loop
      vertex 58.013473286151594 37.927090915285206 2
      vertex 58.199999999999996 37.832050807568876 58
      vertex 58.013473286151594 37.927090915285206 58
    endloop
  endfacet
  facet normal 0 -1 0
    outer loop
      vertex 48.449999999999996 38.1 38
      vertex 49.199999999999996 38.1 54
      vertex 48.449999999999996 38.1 58
    endloop
  endfacet
  facet normal 0 -1 0
    outer loop
      vertex 48.449999999999996 38.1 38
      vertex 55.699999999999996 38.1 54
      vertex 49.199999999999996 38.1 54
    endloop
  endfacet
  facet normal 0 -1 0
    outer loop
      vertex 48.449999999999996 38.1 58
      vertex 49.199999999999996 38.1 54
      vertex 49.199999999999996 38.1 58
    endloop
  endfacet
  facet normal 0 -1 0
    outer loop
      vertex 56.449999999999996 38.1 58
      vertex 55.699999999999996 38.1 58
      vertex 55.699999999999996 38.1 54
    endloop
  endfacet
  facet normal -0.1564344650402222 -0.9876883405951392 0
    outer loop
      vertex 57.449999999999996 38.082559044960675 38
      vertex 57.615823381635515 38.05629520146761 58
      vertex 57.449999999999996 38.082559044960675 58
    endloop
  endfacet
  facet normal 0.8386705679454268 0.5446390350150228 0
    outer loop
      vertex 45.52179676972449 15.85 0
      vertex 45.52179676972449 15.85 6
      vertex 45.699999999999996 15.575591089260161 2
    endloop
  endfacet
  facet normal 0.9335804264972 0.35836794954530504 0
    outer loop
      vertex 45.099999999999994 16.704573226449565 0
      vertex 45.099999999999994 16.704573226449565 6
      vertex 45.141636338859186 16.5961068553936 0
    endloop
  endfacet
  facet normal 0.8910065241883661 0.4539904997395501 0
    outer loop
      vertex 45.52179676972449 15.85 0
      vertex 45.141636338859186 16.5961068553936 0
      vertex 45.141636338859186 16.5961068553936 6
    endloop
  endfacet
  facet normal 0.8910065241883661 0.4539904997395501 0
    outer loop
      vertex 45.52179676972449 15.85 0
      vertex 45.141636338859186 16.5961068553936 6
      vertex 45.52179676972449 15.85 6
    endloop
  endfacet
  facet normal 0.9335804264972 0.35836794954530504 0
    outer loop
      vertex 45.141636338859186 16.5961068553936 0
      vertex 45.099999999999994 16.704573226449565 6
      vertex 45.141636338859186 16.5961068553936 6
    endloop
  endfacet
  facet normal 0 0 -1
    outer loop
      vertex 45.099999999999994 16.704573226449565 6
      vertex 44.84154786963877 22.32213595499958 6
      vertex 45.141636338859186 16.5961068553936 6
    endloop
  endfacet
  facet normal 0 0 -1
    outer loop
      vertex 45.52179676972449 15.85 6
      vertex 45.141636338859186 16.5961068553936 6
      vertex 45.141636338859186 23.103893144606403 6
    endloop
  endfacet
  facet normal 0 0 -1
    outer loop
      vertex 45.52179676972449 15.85 6
      vertex 45.52179676972449 23.85 6
      vertex 45.699999999999996 15.575591089260161 6
    endloop
  endfacet
  facet normal 0 0 -1
    outer loop
      vertex 44.62481919412955 18.186706473457928 6
      vertex 44.5 18.97478384945389 6
      vertex 44.62481919412955 21.513293526542075 6
    endloop
  endfacet
  facet normal 0 0 -1
    outer loop
      vertex 45.099999999999994 16.704573226449565 6
      vertex 44.84154786963877 17.377864045000422 6
      vertex 44.84154786963877 22.32213595499958 6
    endloop
  endfacet
  facet normal 0 0 -1
    outer loop
      vertex 44.62481919412955 18.186706473457928 6
      vertex 44.62481919412955 21.513293526542075 6
      vertex 44.84154786963877 17.377864045000422 6
    endloop
  endfacet
  facet normal 0.7771459614569698 0.6293203910498387 0
    outer loop
      vertex 46.504841396180844 14.496955149129134 0
      vertex 45.977864045000416 15.147717981660215 2
      vertex 46.504841396180844 14.496955149129134 2
    endloop
  endfacet
  facet normal 0.6293203910498385 0.77714596145697 0
    outer loop
      vertex 47.09695514912913 13.904841396180846 0
      vertex 47.09695514912913 13.904841396180846 2
      vertex 47.74771798166021 13.37786404500042 0
    endloop
  endfacet
  facet normal 0.7071067811865486 0.7071067811865465 0
    outer loop
      vertex 47.09695514912913 13.904841396180846 0
      vertex 46.504841396180844 14.496955149129134 2
      vertex 47.09695514912913 13.904841396180846 2
    endloop
  endfacet
  facet normal 0.7071067811865486 0.7071067811865465 0
    outer loop
      vertex 46.504841396180844 14.496955149129134 0
      vertex 46.504841396180844 14.496955149129134 2
      vertex 47.09695514912913 13.904841396180846 0
    endloop
  endfacet
  facet normal 0.5446390350150255 0.8386705679454249 0
    outer loop
      vertex 48.449999999999996 12.92179676972449 0
      vertex 47.74771798166021 13.37786404500042 0
      vertex 47.74771798166021 13.37786404500042 2
    endloop
  endfacet
  facet normal 0.6293203910498385 0.77714596145697 0
    outer loop
      vertex 47.09695514912913 13.904841396180846 2
      vertex 47.74771798166021 13.37786404500042 2
      vertex 47.74771798166021 13.37786404500042 0
    endloop
  endfacet
  facet normal 0.5446390350150255 0.8386705679454249 0
    outer loop
      vertex 48.449999999999996 12.92179676972449 0
      vertex 47.74771798166021 13.37786404500042 2
      vertex 48.449999999999996 12.92179676972449 2
    endloop
  endfacet
  facet normal 0.4539904997395459 0.8910065241883683 0
    outer loop
      vertex 48.449999999999996 12.92179676972449 0
      vertex 48.449999999999996 12.92179676972449 2
      vertex 49.196106855393595 12.541636338859194 0
    endloop
  endfacet
  facet normal 0.4539904997395459 0.8910065241883683 0
    outer loop
      vertex 49.196106855393595 12.541636338859194 0
      vertex 48.449999999999996 12.92179676972449 2
      vertex 49.196106855393595 12.541636338859194 2
    endloop
  endfacet
  facet normal 0.25881904510252124 0.9659258262890682 0
    outer loop
      vertex 49.977864045000416 12.24154786963877 0
      vertex 49.977864045000416 12.24154786963877 2
      vertex 50.78670647345792 12.024819194129554 0
    endloop
  endfacet
  facet normal 0.35836794954530227 0.933580426497201 0
    outer loop
      vertex 49.196106855393595 12.541636338859194 2
      vertex 49.977864045000416 12.24154786963877 2
      vertex 49.977864045000416 12.24154786963877 0
    endloop
  endfacet
  facet normal 0.15643446504022995 0.9876883405951379 0
    outer loop
      vertex 50.78670647345792 12.024819194129554 0
      vertex 50.78670647345792 12.024819194129554 2
      vertex 51.613772293858766 11.893824837053813 0
    endloop
  endfacet
  facet normal 0.25881904510252124 0.9659258262890682 0
    outer loop
      vertex 50.78670647345792 12.024819194129554 0
      vertex 49.977864045000416 12.24154786963877 2
      vertex 50.78670647345792 12.024819194129554 2
    endloop
  endfacet
  facet normal 0.05233595624294414 0.9986295347545738 0
    outer loop
      vertex 51.613772293858766 11.893824837053813 0
      vertex 51.613772293858766 11.893824837053813 2
      vertex 52.449999999999996 11.85 0
    endloop
  endfacet
  facet normal 0.15643446504022995 0.9876883405951379 0
    outer loop
      vertex 50.78670647345792 12.024819194129554 2
      vertex 51.613772293858766 11.893824837053813 2
      vertex 51.613772293858766 11.893824837053813 0
    endloop
  endfacet
  facet normal 0.05233595624294414 0.9986295347545738 0
    outer loop
      vertex 52.449999999999996 11.85 0
      vertex 51.613772293858766 11.893824837053813 2
      vertex 52.449999999999996 11.85 2
    endloop
  endfacet
  facet normal -0.05233595624294414 0.9986295347545738 0
    outer loop
      vertex 52.449999999999996 11.85 0
      vertex 52.449999999999996 11.85 2
      vertex 53.286227706141226 11.893824837053813 0
    endloop
  endfacet
  facet normal -0.05233595624294414 0.9986295347545738 0
    outer loop
      vertex 52.449999999999996 11.85 2
      vertex 53.286227706141226 11.893824837053813 2
      vertex 53.286227706141226 11.893824837053813 0
    endloop
  endfacet
  facet normal 0.35836794954530227 0.933580426497201 0
    outer loop
      vertex 49.196106855393595 12.541636338859194 0
      vertex 49.196106855393595 12.541636338859194 2
      vertex 49.977864045000416 12.24154786963877 0
    endloop
  endfacet
  facet normal 0.7771459614569698 0.6293203910498387 0
    outer loop
      vertex 46.504841396180844 14.496955149129134 0
      vertex 45.977864045000416 15.147717981660215 0
      vertex 45.977864045000416 15.147717981660215 2
    endloop
  endfacet
  facet normal 0.8386705679454245 0.5446390350150265 0
    outer loop
      vertex 45.977864045000416 15.147717981660215 0
      vertex 45.699999999999996 15.575591089260161 2
      vertex 45.977864045000416 15.147717981660215 2
    endloop
  endfacet
  facet normal 0.8386705679454253 0.544639035015025 4.3089697421433863e-16
    outer loop
      vertex 45.52179676972449 15.85 0
      vertex 45.699999999999996 15.575591089260161 2
      vertex 45.977864045000416 15.147717981660215 0
    endloop
  endfacet
  facet normal 0.8386705679454268 0.5446390350150228 0
    outer loop
      vertex 45.52179676972449 15.85 6
      vertex 45.699999999999996 15.575591089260161 6
      vertex 45.699999999999996 15.575591089260161 2
    endloop
  endfacet
  facet normal -0.15643446504022995 0.9876883405951379 0
    outer loop
      vertex 53.286227706141226 11.893824837053813 0
      vertex 53.286227706141226 11.893824837053813 2
      vertex 54.11329352654207 12.024819194129554 0
    endloop
  endfacet
  facet normal -0.15643446504022995 0.9876883405951379 0
    outer loop
      vertex 54.11329352654207 12.024819194129554 0
      vertex 53.286227706141226 11.893824837053813 2
      vertex 54.11329352654207 12.024819194129554 2
    endloop
  endfacet
  facet normal -0.25881904510252124 0.9659258262890682 0
    outer loop
      vertex 54.11329352654207 12.024819194129554 0
      vertex 54.11329352654207 12.024819194129554 2
      vertex 54.922135954999575 12.24154786963877 0
    endloop
  endfacet
  facet normal -0.25881904510252124 0.9659258262890682 0
    outer loop
      vertex 54.922135954999575 12.24154786963877 0
      vertex 54.11329352654207 12.024819194129554 2
      vertex 54.922135954999575 12.24154786963877 2
    endloop
  endfacet
  facet normal -0.35836794954530227 0.933580426497201 0
    outer loop
      vertex 54.922135954999575 12.24154786963877 0
      vertex 54.922135954999575 12.24154786963877 2
      vertex 55.7038931446064 12.541636338859194 0
    endloop
  endfacet
  facet normal -0.4539904997395459 0.8910065241883683 0
    outer loop
      vertex 55.7038931446064 12.541636338859194 0
      vertex 55.7038931446064 12.541636338859194 2
      vertex 56.449999999999996 12.92179676972449 0
    endloop
  endfacet
  facet normal -0.35836794954530227 0.933580426497201 0
    outer loop
      vertex 54.922135954999575 12.24154786963877 2
      vertex 55.7038931446064 12.541636338859194 2
      vertex 55.7038931446064 12.541636338859194 0
    endloop
  endfacet
  facet normal -0.4539904997395459 0.8910065241883683 0
    outer loop
      vertex 56.449999999999996 12.92179676972449 0
      vertex 55.7038931446064 12.541636338859194 2
      vertex 56.449999999999996 12.92179676972449 2
    endloop
  endfacet
  facet normal -0.5446390350150255 0.8386705679454249 0
    outer loop
      vertex 56.449999999999996 12.92179676972449 0
      vertex 56.449999999999996 12.92179676972449 2
      vertex 57.15228201833978 13.37786404500042 0
    endloop
  endfacet
  facet normal -0.5446390350150255 0.8386705679454249 0
    outer loop
      vertex 56.449999999999996 12.92179676972449 2
      vertex 57.15228201833978 13.37786404500042 2
      vertex 57.15228201833978 13.37786404500042 0
    endloop
  endfacet
  facet normal -0.6293203910498385 0.77714596145697 0
    outer loop
      vertex 57.15228201833978 13.37786404500042 0
      vertex 57.15228201833978 13.37786404500042 2
      vertex 57.80304485087086 13.904841396180846 0
    endloop
  endfacet
  facet normal -0.6293203910498385 0.77714596145697 0
    outer loop
      vertex 57.15228201833978 13.37786404500042 2
      vertex 57.80304485087086 13.904841396180846 2
      vertex 57.80304485087086 13.904841396180846 0
    endloop
  endfacet
  facet normal -0.7071067811865486 0.7071067811865465 0
    outer loop
      vertex 57.80304485087086 13.904841396180846 0
      vertex 57.80304485087086 13.904841396180846 2
      vertex 58.39515860381915 14.496955149129134 0
    endloop
  endfacet
  facet normal -0.7771459614569698 0.6293203910498387 0
    outer loop
      vertex 58.39515860381915 14.496955149129134 0
      vertex 58.39515860381915 14.496955149129134 2
      vertex 58.922135954999575 15.147717981660215 0
    endloop
  endfacet
  facet normal -0.7071067811865486 0.7071067811865465 0
    outer loop
      vertex 58.39515860381915 14.496955149129134 0
      vertex 57.80304485087086 13.904841396180846 2
      vertex 58.39515860381915 14.496955149129134 2
    endloop
  endfacet
  facet normal -0.7771459614569698 0.6293203910498387 0
    outer loop
      vertex 58.39515860381915 14.496955149129134 2
      vertex 58.922135954999575 15.147717981660215 2
      vertex 58.922135954999575 15.147717981660215 0
    endloop
  endfacet
  facet normal -0.8386705679454253 0.544639035015025 0
    outer loop
      vertex 58.922135954999575 15.147717981660215 0
      vertex 58.922135954999575 15.147717981660215 2
      vertex 59.3782032302755 15.85 0
    endloop
  endfacet
  facet normal -0.8386705679454245 0.5446390350150265 7.072451887550914e-16
    outer loop
      vertex 59.3782032302755 15.85 0
      vertex 58.922135954999575 15.147717981660215 2
      vertex 59.199999999999996 15.575591089260161 2
    endloop
  endfacet
  facet normal -0.8386705679454268 0.5446390350150228 0
    outer loop
      vertex 59.3782032302755 15.85 0
      vertex 59.199999999999996 15.575591089260161 2
      vertex 59.3782032302755 15.85 6
    endloop
  endfacet
  facet normal -0.8910065241883661 0.4539904997395501 0
    outer loop
      vertex 59.3782032302755 15.85 0
      vertex 59.3782032302755 15.85 6
      vertex 59.758363661140805 16.5961068553936 0
    endloop
  endfacet
  facet normal -0.9335804264972023 0.35836794954529855 0
    outer loop
      vertex 59.758363661140805 16.5961068553936 0
      vertex 59.758363661140805 16.5961068553936 6
      vertex 60.058452130361225 17.377864045000422 0
    endloop
  endfacet
  facet normal -0.8386705679454268 0.5446390350150228 0
    outer loop
      vertex 59.199999999999996 15.575591089260161 2
      vertex 59.199999999999996 15.575591089260161 6
      vertex 59.3782032302755 15.85 6
    endloop
  endfacet
  facet normal -0.8910065241883661 0.4539904997395501 0
    outer loop
      vertex 59.758363661140805 16.5961068553936 0
      vertex 59.3782032302755 15.85 6
      vertex 59.758363661140805 16.5961068553936 6
    endloop
  endfacet
  facet normal -0.9335804264972023 0.35836794954529855 0
    outer loop
      vertex 59.758363661140805 16.5961068553936 6
      vertex 60.058452130361225 17.377864045000422 6
      vertex 60.058452130361225 17.377864045000422 0
    endloop
  endfacet
  facet normal -0.9659258262890684 0.25881904510252013 0
    outer loop
      vertex 60.058452130361225 17.377864045000422 0
      vertex 60.058452130361225 17.377864045000422 6
      vertex 60.27518080587044 18.186706473457928 0
    endloop
  endfacet
  facet normal -0.9876883405951374 0.156434465040232 0
    outer loop
      vertex 60.27518080587044 18.186706473457928 0
      vertex 60.27518080587044 18.186706473457928 6
      vertex 60.406175162946184 19.013772293858775 0
    endloop
  endfacet
  facet normal -0.9986295347545739 0.052335956242942246 0
    outer loop
      vertex 60.406175162946184 19.013772293858775 0
      vertex 60.406175162946184 19.013772293858775 6
      vertex 60.449999999999996 19.85 0
    endloop
  endfacet
  facet normal -0.9659258262890684 0.25881904510252013 0
    outer loop
      vertex 60.27518080587044 18.186706473457928 0
      vertex 60.058452130361225 17.377864045000422 6
      vertex 60.27518080587044 18.186706473457928 6
    endloop
  endfacet
  facet normal 0 0 -1
    outer loop
      vertex 59.199999999999996 15.575591089260161 6
      vertex 59.199999999999996 24.12440891073984 6
      vertex 59.3782032302755 15.85 6
    endloop
  endfacet
  facet normal -0.9876883405951374 0.156434465040232 0
    outer loop
      vertex 60.406175162946184 19.013772293858775 0
      vertex 60.27518080587044 18.186706473457928 6
      vertex 60.406175162946184 19.013772293858775 6
    endloop
  endfacet
  facet normal -0.9986295347545739 0.052335956242942246 0
    outer loop
      vertex 60.406175162946184 19.013772293858775 6
      vertex 60.449999999999996 19.85 6
      vertex 60.449999999999996 19.85 0
    endloop
  endfacet
  facet normal 0 0 -1
    outer loop
      vertex 59.3782032302755 15.85 6
      vertex 59.3782032302755 23.85 6
      vertex 59.758363661140805 16.5961068553936 6
    endloop
  endfacet
  facet normal 0 0 -1
    outer loop
      vertex 59.758363661140805 16.5961068553936 6
      vertex 59.758363661140805 23.103893144606403 6
      vertex 60.058452130361225 17.377864045000422 6
    endloop
  endfacet
  facet normal 0 0 -1
    outer loop
      vertex 60.058452130361225 17.377864045000422 6
      vertex 60.058452130361225 22.32213595499958 6
      vertex 60.27518080587044 18.186706473457928 6
    endloop
  endfacet
  facet normal 0 0 -1
    outer loop
      vertex 60.27518080587044 18.186706473457928 6
      vertex 60.27518080587044 21.513293526542075 6
      vertex 60.406175162946184 19.013772293858775 6
    endloop
  endfacet
  facet normal 0 0 -1
    outer loop
      vertex 44.5 18.97478384945389 6
      vertex 44.5 20.725216150546114 6
      vertex 44.62481919412955 21.513293526542075 6
    endloop
  endfacet
  facet normal 0 0 -1
    outer loop
      vertex 44.84154786963877 17.377864045000422 6
      vertex 44.62481919412955 21.513293526542075 6
      vertex 44.84154786963877 22.32213595499958 6
    endloop
  endfacet
  facet normal 0 0 -1
    outer loop
      vertex 45.141636338859186 16.5961068553936 6
      vertex 44.84154786963877 22.32213595499958 6
      vertex 45.099999999999994 22.995426773550438 6
    endloop
  endfacet
  facet normal 0 0 -1
    outer loop
      vertex 45.141636338859186 16.5961068553936 6
      vertex 45.099999999999994 22.995426773550438 6
      vertex 45.141636338859186 23.103893144606403 6
    endloop
  endfacet
  facet normal 0 0 -1
    outer loop
      vertex 45.52179676972449 15.85 6
      vertex 45.141636338859186 23.103893144606403 6
      vertex 45.52179676972449 23.85 6
    endloop
  endfacet
  facet normal 0.9335804264972 -0.35836794954530504 0
    outer loop
      vertex 45.099999999999994 22.995426773550438 0
      vertex 45.141636338859186 23.103893144606403 0
      vertex 45.141636338859186 23.103893144606403 6
    endloop
  endfacet
  facet normal 0.8910065241883658 -0.45399049973955097 0
    outer loop
      vertex 45.141636338859186 23.103893144606403 0
      vertex 45.52179676972449 23.85 0
      vertex 45.52179676972449 23.85 6
    endloop
  endfacet
  facet normal 0.8386705679454284 -0.5446390350150203 0
    outer loop
      vertex 45.52179676972449 23.85 0
      vertex 45.699999999999996 24.12440891073984 2
      vertex 45.52179676972449 23.85 6
    endloop
  endfacet
  facet normal 0.9335804264972 -0.35836794954530504 0
    outer loop
      vertex 45.099999999999994 22.995426773550438 0
      vertex 45.141636338859186 23.103893144606403 6
      vertex 45.099999999999994 22.995426773550438 6
    endloop
  endfacet
  facet normal 0.8910065241883658 -0.45399049973955097 0
    outer loop
      vertex 45.141636338859186 23.103893144606403 0
      vertex 45.52179676972449 23.85 6
      vertex 45.141636338859186 23.103893144606403 6
    endloop
  endfacet
  facet normal 0 0 -1
    outer loop
      vertex 45.699999999999996 15.575591089260161 6
      vertex 45.52179676972449 23.85 6
      vertex 45.699999999999996 24.12440891073984 6
    endloop
  endfacet
  facet normal 0.8386705679454245 -0.5446390350150265 1.196876473277847e-15
    outer loop
      vertex 45.52179676972449 23.85 0
      vertex 45.977864045000416 24.55228201833979 2
      vertex 45.699999999999996 24.12440891073984 2
    endloop
  endfacet
  facet normal 0.8386705679454259 -0.5446390350150241 0
    outer loop
      vertex 45.52179676972449 23.85 0
      vertex 45.977864045000416 24.55228201833979 0
      vertex 45.977864045000416 24.55228201833979 2
    endloop
  endfacet
  facet normal 0.777145961456969 -0.6293203910498398 0
    outer loop
      vertex 45.977864045000416 24.55228201833979 0
      vertex 46.504841396180844 25.203044850870867 2
      vertex 45.977864045000416 24.55228201833979 2
    endloop
  endfacet
  facet normal 0.8386705679454284 -0.5446390350150203 0
    outer loop
      vertex 45.52179676972449 23.85 6
      vertex 45.699999999999996 24.12440891073984 2
      vertex 45.699999999999996 24.12440891073984 6
    endloop
  endfacet
  facet normal 0.777145961456969 -0.6293203910498398 0
    outer loop
      vertex 45.977864045000416 24.55228201833979 0
      vertex 46.504841396180844 25.203044850870867 0
      vertex 46.504841396180844 25.203044850870867 2
    endloop
  endfacet
  facet normal 0.7071067811865476 -0.7071067811865476 0
    outer loop
      vertex 46.504841396180844 25.203044850870867 0
      vertex 47.09695514912913 25.795158603819154 2
      vertex 46.504841396180844 25.203044850870867 2
    endloop
  endfacet
  facet normal 0.7071067811865476 -0.7071067811865476 0
    outer loop
      vertex 46.504841396180844 25.203044850870867 0
      vertex 47.09695514912913 25.795158603819154 0
      vertex 47.09695514912913 25.795158603819154 2
    endloop
  endfacet
  facet normal 0.6293203910498398 -0.777145961456969 0
    outer loop
      vertex 47.09695514912913 25.795158603819154 0
      vertex 47.74771798166021 26.32213595499958 2
      vertex 47.09695514912913 25.795158603819154 2
    endloop
  endfacet
  facet normal 0.6293203910498398 -0.777145961456969 0
    outer loop
      vertex 47.09695514912913 25.795158603819154 0
      vertex 47.74771798166021 26.32213595499958 0
      vertex 47.74771798166021 26.32213595499958 2
    endloop
  endfacet
  facet normal 0.5446390350150241 -0.8386705679454259 0
    outer loop
      vertex 47.74771798166021 26.32213595499958 0
      vertex 48.449999999999996 26.77820323027551 0
      vertex 48.449999999999996 26.77820323027551 2
    endloop
  endfacet
  facet normal 0.5446390350150241 -0.8386705679454259 0
    outer loop
      vertex 47.74771798166021 26.32213595499958 0
      vertex 48.449999999999996 26.77820323027551 2
      vertex 47.74771798166021 26.32213595499958 2
    endloop
  endfacet
  facet normal 0.4539904997395476 -0.8910065241883675 0
    outer loop
      vertex 48.449999999999996 26.77820323027551 0
      vertex 49.196106855393595 27.158363661140807 0
      vertex 49.196106855393595 27.158363661140807 2
    endloop
  endfacet
  facet normal 0.4539904997395476 -0.8910065241883675 0
    outer loop
      vertex 48.449999999999996 26.77820323027551 0
      vertex 49.196106855393595 27.158363661140807 2
      vertex 48.449999999999996 26.77820323027551 2
    endloop
  endfacet
  facet normal 0.35836794954530227 -0.933580426497201 0
    outer loop
      vertex 49.196106855393595 27.158363661140807 0
      vertex 49.977864045000416 27.45845213036123 2
      vertex 49.196106855393595 27.158363661140807 2
    endloop
  endfacet
  facet normal 0.35836794954530227 -0.933580426497201 0
    outer loop
      vertex 49.196106855393595 27.158363661140807 0
      vertex 49.977864045000416 27.45845213036123 0
      vertex 49.977864045000416 27.45845213036123 2
    endloop
  endfacet
  facet normal 0.25881904510252124 -0.9659258262890682 0
    outer loop
      vertex 49.977864045000416 27.45845213036123 0
      vertex 50.78670647345792 27.675180805870447 2
      vertex 49.977864045000416 27.45845213036123 2
    endloop
  endfacet
  facet normal 0.25881904510252124 -0.9659258262890682 0
    outer loop
      vertex 49.977864045000416 27.45845213036123 0
      vertex 50.78670647345792 27.675180805870447 0
      vertex 50.78670647345792 27.675180805870447 2
    endloop
  endfacet
  facet normal 0.156434465040232 -0.9876883405951374 0
    outer loop
      vertex 50.78670647345792 27.675180805870447 0
      vertex 51.613772293858766 27.80617516294619 2
      vertex 50.78670647345792 27.675180805870447 2
    endloop
  endfacet
  facet normal 0.156434465040232 -0.9876883405951374 0
    outer loop
      vertex 50.78670647345792 27.675180805870447 0
      vertex 51.613772293858766 27.80617516294619 0
      vertex 51.613772293858766 27.80617516294619 2
    endloop
  endfacet
  facet normal 0.05233595624294203 -0.9986295347545739 0
    outer loop
      vertex 51.613772293858766 27.80617516294619 0
      vertex 52.449999999999996 27.85 0
      vertex 52.449999999999996 27.85 2
    endloop
  endfacet
  facet normal 0.05233595624294203 -0.9986295347545739 0
    outer loop
      vertex 51.613772293858766 27.80617516294619 0
      vertex 52.449999999999996 27.85 2
      vertex 51.613772293858766 27.80617516294619 2
    endloop
  endfacet
  facet normal -0.05233595624294203 -0.9986295347545739 0
    outer loop
      vertex 52.449999999999996 27.85 0
      vertex 53.286227706141226 27.80617516294619 0
      vertex 53.286227706141226 27.80617516294619 2
    endloop
  endfacet
  facet normal -0.05233595624294203 -0.9986295347545739 0
    outer loop
      vertex 52.449999999999996 27.85 0
      vertex 53.286227706141226 27.80617516294619 2
      vertex 52.449999999999996 27.85 2
    endloop
  endfacet
  facet normal -0.9986295347545739 -0.052335956242942246 0
    outer loop
      vertex 60.449999999999996 19.85 0
      vertex 60.449999999999996 19.85 6
      vertex 60.406175162946184 20.686227706141228 0
    endloop
  endfacet
  facet normal -0.9876883405951374 -0.156434465040232 0
    outer loop
      vertex 60.406175162946184 20.686227706141228 0
      vertex 60.406175162946184 20.686227706141228 6
      vertex 60.27518080587044 21.513293526542075 0
    endloop
  endfacet
  facet normal -0.9659258262890684 -0.25881904510252013 0
    outer loop
      vertex 60.27518080587044 21.513293526542075 0
      vertex 60.27518080587044 21.513293526542075 6
      vertex 60.058452130361225 22.32213595499958 0
    endloop
  endfacet
  facet normal -0.9986295347545739 -0.052335956242942246 0
    outer loop
      vertex 60.406175162946184 20.686227706141228 0
      vertex 60.449999999999996 19.85 6
      vertex 60.406175162946184 20.686227706141228 6
    endloop
  endfacet
  facet normal 0 0 -1
    outer loop
      vertex 60.406175162946184 19.013772293858775 6
      vertex 60.406175162946184 20.686227706141228 6
      vertex 60.449999999999996 19.85 6
    endloop
  endfacet
  facet normal 0 0 -1
    outer loop
      vertex 60.406175162946184 19.013772293858775 6
      vertex 60.27518080587044 21.513293526542075 6
      vertex 60.406175162946184 20.686227706141228 6
    endloop
  endfacet
  facet normal 0 0 -1
    outer loop
      vertex 60.27518080587044 18.186706473457928 6
      vertex 60.058452130361225 22.32213595499958 6
      vertex 60.27518080587044 21.513293526542075 6
    endloop
  endfacet
  facet normal 0 0 -1
    outer loop
      vertex 60.058452130361225 17.377864045000422 6
      vertex 59.758363661140805 23.103893144606403 6
      vertex 60.058452130361225 22.32213595499958 6
    endloop
  endfacet
  facet normal -0.9876883405951374 -0.156434465040232 0
    outer loop
      vertex 60.27518080587044 21.513293526542075 0
      vertex 60.406175162946184 20.686227706141228 6
      vertex 60.27518080587044 21.513293526542075 6
    endloop
  endfacet
  facet normal -0.9659258262890684 -0.25881904510252013 0
    outer loop
      vertex 60.058452130361225 22.32213595499958 0
      vertex 60.27518080587044 21.513293526542075 6
      vertex 60.058452130361225 22.32213595499958 6
    endloop
  endfacet
  facet normal 0 0 -1
    outer loop
      vertex 59.3782032302755 15.85 6
      vertex 59.199999999999996 24.12440891073984 6
      vertex 59.3782032302755 23.85 6
    endloop
  endfacet
  facet normal 0 0 -1
    outer loop
      vertex 59.758363661140805 16.5961068553936 6
      vertex 59.3782032302755 23.85 6
      vertex 59.758363661140805 23.103893144606403 6
    endloop
  endfacet
  facet normal -0.777145961456969 -0.6293203910498398 0
    outer loop
      vertex 58.922135954999575 24.55228201833979 0
      vertex 58.922135954999575 24.55228201833979 2
      vertex 58.39515860381915 25.203044850870867 0
    endloop
  endfacet
  facet normal -0.8910065241883658 -0.45399049973955097 0
    outer loop
      vertex 59.758363661140805 23.103893144606403 0
      vertex 59.758363661140805 23.103893144606403 6
      vertex 59.3782032302755 23.85 0
    endloop
  endfacet
  facet normal -0.9335804264972023 -0.35836794954529855 0
    outer loop
      vertex 60.058452130361225 22.32213595499958 0
      vertex 60.058452130361225 22.32213595499958 6
      vertex 59.758363661140805 23.103893144606403 0
    endloop
  endfacet
  facet normal -0.8386705679454259 -0.5446390350150241 7.292102640550334e-16
    outer loop
      vertex 59.3782032302755 23.85 0
      vertex 59.199999999999996 24.12440891073984 2
      vertex 58.922135954999575 24.55228201833979 0
    endloop
  endfacet
  facet normal -0.8386705679454245 -0.5446390350150265 0
    outer loop
      vertex 58.922135954999575 24.55228201833979 0
      vertex 59.199999999999996 24.12440891073984 2
      vertex 58.922135954999575 24.55228201833979 2
    endloop
  endfacet
  facet normal -0.8386705679454284 -0.5446390350150203 0
    outer loop
      vertex 59.3782032302755 23.85 0
      vertex 59.3782032302755 23.85 6
      vertex 59.199999999999996 24.12440891073984 2
    endloop
  endfacet
  facet normal -0.9335804264972023 -0.35836794954529855 0
    outer loop
      vertex 60.058452130361225 22.32213595499958 6
      vertex 59.758363661140805 23.103893144606403 6
      vertex 59.758363661140805 23.103893144606403 0
    endloop
  endfacet
  facet normal -0.8910065241883658 -0.45399049973955097 0
    outer loop
      vertex 59.3782032302755 23.85 0
      vertex 59.758363661140805 23.103893144606403 6
      vertex 59.3782032302755 23.85 6
    endloop
  endfacet
  facet normal -0.8386705679454284 -0.5446390350150203 0
    outer loop
      vertex 59.199999999999996 24.12440891073984 2
      vertex 59.3782032302755 23.85 6
      vertex 59.199999999999996 24.12440891073984 6
    endloop
  endfacet
  facet normal -0.35836794954530227 -0.933580426497201 0
    outer loop
      vertex 55.7038931446064 27.158363661140807 0
      vertex 55.7038931446064 27.158363661140807 2
      vertex 54.922135954999575 27.45845213036123 0
    endloop
  endfacet
  facet normal -0.4539904997395476 -0.8910065241883675 0
    outer loop
      vertex 55.7038931446064 27.158363661140807 0
      vertex 56.449999999999996 26.77820323027551 2
      vertex 55.7038931446064 27.158363661140807 2
    endloop
  endfacet
  facet normal -0.5446390350150241 -0.8386705679454259 0
    outer loop
      vertex 56.449999999999996 26.77820323027551 0
      vertex 57.15228201833978 26.32213595499958 0
      vertex 57.15228201833978 26.32213595499958 2
    endloop
  endfacet
  facet normal -0.5446390350150241 -0.8386705679454259 0
    outer loop
      vertex 56.449999999999996 26.77820323027551 0
      vertex 57.15228201833978 26.32213595499958 2
      vertex 56.449999999999996 26.77820323027551 2
    endloop
  endfacet
  facet normal -0.4539904997395476 -0.8910065241883675 0
    outer loop
      vertex 55.7038931446064 27.158363661140807 0
      vertex 56.449999999999996 26.77820323027551 0
      vertex 56.449999999999996 26.77820323027551 2
    endloop
  endfacet
  facet normal -0.156434465040232 -0.9876883405951374 0
    outer loop
      vertex 53.286227706141226 27.80617516294619 0
      vertex 54.11329352654207 27.675180805870447 0
      vertex 54.11329352654207 27.675180805870447 2
    endloop
  endfacet
  facet normal -0.156434465040232 -0.9876883405951374 0
    outer loop
      vertex 53.286227706141226 27.80617516294619 0
      vertex 54.11329352654207 27.675180805870447 2
      vertex 53.286227706141226 27.80617516294619 2
    endloop
  endfacet
  facet normal -0.25881904510252124 -0.9659258262890682 0
    outer loop
      vertex 54.11329352654207 27.675180805870447 0
      vertex 54.922135954999575 27.45845213036123 0
      vertex 54.922135954999575 27.45845213036123 2
    endloop
  endfacet
  facet normal -0.25881904510252124 -0.9659258262890682 0
    outer loop
      vertex 54.11329352654207 27.675180805870447 0
      vertex 54.922135954999575 27.45845213036123 2
      vertex 54.11329352654207 27.675180805870447 2
    endloop
  endfacet
  facet normal -0.35836794954530227 -0.933580426497201 0
    outer loop
      vertex 55.7038931446064 27.158363661140807 2
      vertex 54.922135954999575 27.45845213036123 2
      vertex 54.922135954999575 27.45845213036123 0
    endloop
  endfacet
  facet normal -0.6293203910498398 -0.777145961456969 0
    outer loop
      vertex 57.80304485087086 25.795158603819154 0
      vertex 57.80304485087086 25.795158603819154 2
      vertex 57.15228201833978 26.32213595499958 0
    endloop
  endfacet
  facet normal -0.7071067811865476 -0.7071067811865476 0
    outer loop
      vertex 57.80304485087086 25.795158603819154 0
      vertex 58.39515860381915 25.203044850870867 0
      vertex 58.39515860381915 25.203044850870867 2
    endloop
  endfacet
  facet normal -0.777145961456969 -0.6293203910498398 0
    outer loop
      vertex 58.922135954999575 24.55228201833979 2
      vertex 58.39515860381915 25.203044850870867 2
      vertex 58.39515860381915 25.203044850870867 0
    endloop
  endfacet
  facet normal -0.7071067811865476 -0.7071067811865476 0
    outer loop
      vertex 57.80304485087086 25.795158603819154 0
      vertex 58.39515860381915 25.203044850870867 2
      vertex 57.80304485087086 25.795158603819154 2
    endloop
  endfacet
  facet normal -0.6293203910498398 -0.777145961456969 0
    outer loop
      vertex 57.80304485087086 25.795158603819154 2
      vertex 57.15228201833978 26.32213595499958 2
      vertex 57.15228201833978 26.32213595499958 0
    endloop
  endfacet
  facet normal 0 0 1
    outer loop
      vertex 3.3499999999999996 0 38
      vertex 3.390943073464693 1.6109562092634535 38
      vertex 3.3499999999999996 1.6174409550393254 38
    endloop
  endfacet
  facet normal 0 0 1
    outer loop
      vertex 3.3499999999999996 0 38
      vertex 3.6 1.6 38
      vertex 3.390943073464693 1.6109562092634535 38
    endloop
  endfacet
  facet normal 0 0 1
    outer loop
      vertex 3.3499999999999996 0 38
      vertex 4.35 1.6 38
      vertex 3.6 1.6 38
    endloop
  endfacet
  facet normal 0 0 1
    outer loop
      vertex 3.3499999999999996 0 38
      vertex 4.35 0 38
      vertex 4.35 1.6 38
    endloop
  endfacet
  facet normal 1 0 0
    outer loop
      vertex 3.3499999999999996 0 38
      vertex 3.3499999999999996 1.6174409550393254 38
      vertex 3.3499999999999996 0 58
    endloop
  endfacet
  facet normal -1 0 0
    outer loop
      vertex 4.35 0 38
      vertex 4.35 1.6 58
      vertex 4.35 1.6 38
    endloop
  endfacet
  facet normal 1 0 0
    outer loop
      vertex 3.3499999999999996 1.6174409550393254 38
      vertex 3.3499999999999996 1.6174409550393254 58
      vertex 3.3499999999999996 0 58
    endloop
  endfacet
  facet normal -1 0 0
    outer loop
      vertex 4.35 0 38
      vertex 4.35 0 58
      vertex 4.35 1.6 58
    endloop
  endfacet
  facet normal 0 0 1
    outer loop
      vertex 12.35 0 38
      vertex 13.35 0 38
      vertex 13.309056926535307 1.6109562092634535 38
    endloop
  endfacet
  facet normal 0 0 1
    outer loop
      vertex 12.35 0 38
      vertex 13.1 1.6 38
      vertex 12.35 1.6 38
    endloop
  endfacet
  facet normal 0 0 1
    outer loop
      vertex 12.35 0 38
      vertex 13.309056926535307 1.6109562092634535 38
      vertex 13.1 1.6 38
    endloop
  endfacet
  facet normal 0 0 1
    outer loop
      vertex 13.35 0 38
      vertex 13.35 1.6174409550393252 38
      vertex 13.309056926535307 1.6109562092634535 38
    endloop
  endfacet
  facet normal 1 0 0
    outer loop
      vertex 12.35 0 38
      vertex 12.35 1.6 38
      vertex 12.35 0 58
    endloop
  endfacet
  facet normal -1 0 0
    outer loop
      vertex 13.35 0 38
      vertex 13.35 1.6174409550393252 58
      vertex 13.35 1.6174409550393252 38
    endloop
  endfacet
  facet normal 1 0 0
    outer loop
      vertex 12.35 1.6 38
      vertex 12.35 1.6 58
      vertex 12.35 0 58
    endloop
  endfacet
  facet normal -1 0 0
    outer loop
      vertex 13.35 0 38
      vertex 13.35 0 58
      vertex 13.35 1.6174409550393252 58
    endloop
  endfacet
  facet normal 0 0 1
    outer loop
      vertex 3.3499999999999996 38.082559044960675 38
      vertex 3.390943073464693 38.08904379073655 38
      vertex 3.3499999999999996 39.7 38
    endloop
  endfacet
  facet normal 0 0 1
    outer loop
      vertex 3.390943073464693 38.08904379073655 38
      vertex 3.6 38.1 38
      vertex 4.35 39.7 38
    endloop
  endfacet
  facet normal 0 0 1
    outer loop
      vertex 3.390943073464693 38.08904379073655 38
      vertex 4.35 39.7 38
      vertex 3.3499999999999996 39.7 38
    endloop
  endfacet
  facet normal 0 0 1
    outer loop
      vertex 3.6 38.1 38
      vertex 4.35 38.1 38
      vertex 4.35 39.7 38
    endloop
  endfacet
  facet normal 1 0 0
    outer loop
      vertex 3.3499999999999996 38.082559044960675 38
      vertex 3.3499999999999996 39.7 38
      vertex 3.3499999999999996 38.082559044960675 58
    endloop
  endfacet
  facet normal -1 0 0
    outer loop
      vertex 4.35 38.1 38
      vertex 4.35 39.7 58
      vertex 4.35 39.7 38
    endloop
  endfacet
  facet normal 1 0 0
    outer loop
      vertex 3.3499999999999996 39.7 38
      vertex 3.3499999999999996 39.7 58
      vertex 3.3499999999999996 38.082559044960675 58
    endloop
  endfacet
  facet normal -1 0 0
    outer loop
      vertex 4.35 38.1 38
      vertex 4.35 38.1 58
      vertex 4.35 39.7 58
    endloop
  endfacet
  facet normal 0 0 1
    outer loop
      vertex 12.35 38.1 38
      vertex 13.1 38.1 38
      vertex 13.35 39.7 38
    endloop
  endfacet
  facet normal 0 0 1
    outer loop
      vertex 13.1 38.1 38
      vertex 13.309056926535307 38.08904379073655 38
      vertex 13.35 39.7 38
    endloop
  endfacet
  facet normal 0 0 1
    outer loop
      vertex 12.35 38.1 38
      vertex 13.35 39.7 38
      vertex 12.35 39.7 38
    endloop
  endfacet
  facet normal 0 0 1
    outer loop
      vertex 13.309056926535307 38.08904379073655 38
      vertex 13.35 38.082559044960675 38
      vertex 13.35 39.7 38
    endloop
  endfacet
  facet normal 1 0 0
    outer loop
      vertex 12.35 38.1 38
      vertex 12.35 39.7 38
      vertex 12.35 38.1 58
    endloop
  endfacet
  facet normal -1 0 0
    outer loop
      vertex 13.35 38.082559044960675 38
      vertex 13.35 39.7 58
      vertex 13.35 39.7 38
    endloop
  endfacet
  facet normal 1 0 0
    outer loop
      vertex 12.35 39.7 38
      vertex 12.35 39.7 58
      vertex 12.35 38.1 58
    endloop
  endfacet
  facet normal -1 0 0
    outer loop
      vertex 13.35 38.082559044960675 38
      vertex 13.35 38.082559044960675 58
      vertex 13.35 39.7 58
    endloop
  endfacet
  facet normal 0 0 1
    outer loop
      vertex 18.05 0 38
      vertex 19.05 0 38
      vertex 19.05 1.6 38
    endloop
  endfacet
  facet normal 0 0 1
    outer loop
      vertex 18.05 0 38
      vertex 18.090943073464693 1.6109562092634535 38
      vertex 18.05 1.6174409550393252 38
    endloop
  endfacet
  facet normal 0 0 1
    outer loop
      vertex 18.05 0 38
      vertex 18.3 1.6 38
      vertex 18.090943073464693 1.6109562092634535 38
    endloop
  endfacet
  facet normal 0 0 1
    outer loop
      vertex 18.05 0 38
      vertex 19.05 1.6 38
      vertex 18.3 1.6 38
    endloop
  endfacet
  facet normal 1 0 0
    outer loop
      vertex 18.05 0 38
      vertex 18.05 1.6174409550393252 38
      vertex 18.05 0 58
    endloop
  endfacet
  facet normal -1 0 0
    outer loop
      vertex 19.05 0 38
      vertex 19.05 1.6 58
      vertex 19.05 1.6 38
    endloop
  endfacet
  facet normal 1 0 0
    outer loop
      vertex 18.05 1.6174409550393252 38
      vertex 18.05 1.6174409550393252 58
      vertex 18.05 0 58
    endloop
  endfacet
  facet normal -1 0 0
    outer loop
      vertex 19.05 0 38
      vertex 19.05 0 58
      vertex 19.05 1.6 58
    endloop
  endfacet
  facet normal 0 0 1
    outer loop
      vertex 27.05 0 38
      vertex 27.8 1.6 38
      vertex 27.05 1.6 38
    endloop
  endfacet
  facet normal 0 0 1
    outer loop
      vertex 27.05 0 38
      vertex 28.05 0 38
      vertex 28.009056926535308 1.6109562092634535 38
    endloop
  endfacet
  facet normal 0 0 1
    outer loop
      vertex 27.05 0 38
      vertex 28.009056926535308 1.6109562092634535 38
      vertex 27.8 1.6 38
    endloop
  endfacet
  facet normal 0 0 1
    outer loop
      vertex 28.05 0 38
      vertex 28.05 1.6174409550393252 38
      vertex 28.009056926535308 1.6109562092634535 38
    endloop
  endfacet
  facet normal 1 0 0
    outer loop
      vertex 27.05 0 38
      vertex 27.05 1.6 38
      vertex 27.05 0 58
    endloop
  endfacet
  facet normal -1 0 0
    outer loop
      vertex 28.05 0 38
      vertex 28.05 1.6174409550393252 58
      vertex 28.05 1.6174409550393252 38
    endloop
  endfacet
  facet normal 1 0 0
    outer loop
      vertex 27.05 1.6 38
      vertex 27.05 1.6 58
      vertex 27.05 0 58
    endloop
  endfacet
  facet normal -1 0 0
    outer loop
      vertex 28.05 0 38
      vertex 28.05 0 58
      vertex 28.05 1.6174409550393252 58
    endloop
  endfacet
  facet normal 0 0 1
    outer loop
      vertex 18.05 38.082559044960675 38
      vertex 18.090943073464693 38.08904379073655 38
      vertex 18.05 39.7 38
    endloop
  endfacet
  facet normal 0 0 1
    outer loop
      vertex 18.090943073464693 38.08904379073655 38
      vertex 18.3 38.1 38
      vertex 19.05 39.7 38
    endloop
  endfacet
  facet normal 0 0 1
    outer loop
      vertex 18.3 38.1 38
      vertex 19.05 38.1 38
      vertex 19.05 39.7 38
    endloop
  endfacet
  facet normal 0 0 1
    outer loop
      vertex 18.090943073464693 38.08904379073655 38
      vertex 19.05 39.7 38
      vertex 18.05 39.7 38
    endloop
  endfacet
  facet normal 1 0 0
    outer loop
      vertex 18.05 38.082559044960675 38
      vertex 18.05 39.7 38
      vertex 18.05 38.082559044960675 58
    endloop
  endfacet
  facet normal -1 0 0
    outer loop
      vertex 19.05 38.1 38
      vertex 19.05 39.7 58
      vertex 19.05 39.7 38
    endloop
  endfacet
  facet normal 1 0 0
    outer loop
      vertex 18.05 39.7 38
      vertex 18.05 39.7 58
      vertex 18.05 38.082559044960675 58
    endloop
  endfacet
  facet normal -1 0 0
    outer loop
      vertex 19.05 38.1 38
      vertex 19.05 38.1 58
      vertex 19.05 39.7 58
    endloop
  endfacet
  facet normal 0 0 1
    outer loop
      vertex 27.05 38.1 38
      vertex 28.05 39.7 38
      vertex 27.05 39.7 38
    endloop
  endfacet
  facet normal 0 0 1
    outer loop
      vertex 27.05 38.1 38
      vertex 27.8 38.1 38
      vertex 28.05 39.7 38
    endloop
  endfacet
  facet normal 0 0 1
    outer loop
      vertex 27.8 38.1 38
      vertex 28.009056926535308 38.08904379073655 38
      vertex 28.05 39.7 38
    endloop
  endfacet
  facet normal 0 0 1
    outer loop
      vertex 28.009056926535308 38.08904379073655 38
      vertex 28.05 38.082559044960675 38
      vertex 28.05 39.7 38
    endloop
  endfacet
  facet normal 1 0 0
    outer loop
      vertex 27.05 38.1 38
      vertex 27.05 39.7 38
      vertex 27.05 38.1 58
    endloop
  endfacet
  facet normal -1 0 0
    outer loop
      vertex 28.05 38.082559044960675 38
      vertex 28.05 39.7 58
      vertex 28.05 39.7 38
    endloop
  endfacet
  facet normal 1 0 0
    outer loop
      vertex 27.05 39.7 38
      vertex 27.05 39.7 58
      vertex 27.05 38.1 58
    endloop
  endfacet
  facet normal -1 0 0
    outer loop
      vertex 28.05 38.082559044960675 38
      vertex 28.05 38.082559044960675 58
      vertex 28.05 39.7 58
    endloop
  endfacet
  facet normal 0 0 1
    outer loop
      vertex 32.75 0 38
      vertex 32.790943073464696 1.6109562092634535 38
      vertex 32.75 1.6174409550393256 38
    endloop
  endfacet
  facet normal 0 0 1
    outer loop
      vertex 32.75 0 38
      vertex 33 1.6 38
      vertex 32.790943073464696 1.6109562092634535 38
    endloop
  endfacet
  facet normal 0 0 1
    outer loop
      vertex 32.75 0 38
      vertex 33.75 1.6 38
      vertex 33 1.6 38
    endloop
  endfacet
  facet normal 0 0 1
    outer loop
      vertex 32.75 0 38
      vertex 33.75 0 38
      vertex 33.75 1.6 38
    endloop
  endfacet
  facet normal 1 0 0
    outer loop
      vertex 32.75 0 38
      vertex 32.75 1.6174409550393256 38
      vertex 32.75 0 58
    endloop
  endfacet
  facet normal -1 0 0
    outer loop
      vertex 33.75 0 38
      vertex 33.75 1.6 58
      vertex 33.75 1.6 38
    endloop
  endfacet
  facet normal 1 0 0
    outer loop
      vertex 32.75 1.6174409550393256 38
      vertex 32.75 1.6174409550393256 58
      vertex 32.75 0 58
    endloop
  endfacet
  facet normal -1 0 0
    outer loop
      vertex 33.75 0 38
      vertex 33.75 0 58
      vertex 33.75 1.6 58
    endloop
  endfacet
  facet normal 0 0 1
    outer loop
      vertex 41.75 0 38
      vertex 42.75 0 38
      vertex 42.70905692653531 1.6109562092634535 38
    endloop
  endfacet
  facet normal 0 0 1
    outer loop
      vertex 41.75 0 38
      vertex 42.5 1.6 38
      vertex 41.75 1.6 38
    endloop
  endfacet
  facet normal 0 0 1
    outer loop
      vertex 41.75 0 38
      vertex 42.70905692653531 1.6109562092634535 38
      vertex 42.5 1.6 38
    endloop
  endfacet
  facet normal 0 0 1
    outer loop
      vertex 42.75 0 38
      vertex 42.75 1.6174409550393247 38
      vertex 42.70905692653531 1.6109562092634535 38
    endloop
  endfacet
  facet normal 1 0 0
    outer loop
      vertex 41.75 0 38
      vertex 41.75 1.6 38
      vertex 41.75 0 58
    endloop
  endfacet
  facet normal -1 0 0
    outer loop
      vertex 42.75 0 38
      vertex 42.75 1.6174409550393247 58
      vertex 42.75 1.6174409550393247 38
    endloop
  endfacet
  facet normal 1 0 0
    outer loop
      vertex 41.75 1.6 38
      vertex 41.75 1.6 58
      vertex 41.75 0 58
    endloop
  endfacet
  facet normal -1 0 0
    outer loop
      vertex 42.75 0 38
      vertex 42.75 0 58
      vertex 42.75 1.6174409550393247 58
    endloop
  endfacet
  facet normal 0 0 1
    outer loop
      vertex 32.75 38.082559044960675 38
      vertex 32.790943073464696 38.08904379073655 38
      vertex 32.75 39.7 38
    endloop
  endfacet
  facet normal 0 0 1
    outer loop
      vertex 32.790943073464696 38.08904379073655 38
      vertex 33 38.1 38
      vertex 33.75 39.7 38
    endloop
  endfacet
  facet normal 0 0 1
    outer loop
      vertex 32.790943073464696 38.08904379073655 38
      vertex 33.75 39.7 38
      vertex 32.75 39.7 38
    endloop
  endfacet
  facet normal 0 0 1
    outer loop
      vertex 33 38.1 38
      vertex 33.75 38.1 38
      vertex 33.75 39.7 38
    endloop
  endfacet
  facet normal 1 0 0
    outer loop
      vertex 32.75 38.082559044960675 38
      vertex 32.75 39.7 38
      vertex 32.75 38.082559044960675 58
    endloop
  endfacet
  facet normal -1 0 0
    outer loop
      vertex 33.75 38.1 38
      vertex 33.75 39.7 58
      vertex 33.75 39.7 38
    endloop
  endfacet
  facet normal 1 0 0
    outer loop
      vertex 32.75 39.7 38
      vertex 32.75 39.7 58
      vertex 32.75 38.082559044960675 58
    endloop
  endfacet
  facet normal -1 0 0
    outer loop
      vertex 33.75 38.1 38
      vertex 33.75 38.1 58
      vertex 33.75 39.7 58
    endloop
  endfacet
  facet normal 0 0 1
    outer loop
      vertex 41.75 38.1 38
      vertex 42.5 38.1 38
      vertex 42.75 39.7 38
    endloop
  endfacet
  facet normal 0 0 1
    outer loop
      vertex 42.5 38.1 38
      vertex 42.70905692653531 38.08904379073655 38
      vertex 42.75 39.7 38
    endloop
  endfacet
  facet normal 0 0 1
    outer loop
      vertex 42.70905692653531 38.08904379073655 38
      vertex 42.75 38.082559044960675 38
      vertex 42.75 39.7 38
    endloop
  endfacet
  facet normal 0 0 1
    outer loop
      vertex 41.75 38.1 38
      vertex 42.75 39.7 38
      vertex 41.75 39.7 38
    endloop
  endfacet
  facet normal 1 0 0
    outer loop
      vertex 41.75 38.1 38
      vertex 41.75 39.7 38
      vertex 41.75 38.1 58
    endloop
  endfacet
  facet normal -1 0 0
    outer loop
      vertex 42.75 38.082559044960675 38
      vertex 42.75 39.7 58
      vertex 42.75 39.7 38
    endloop
  endfacet
  facet normal 1 0 0
    outer loop
      vertex 41.75 39.7 38
      vertex 41.75 39.7 58
      vertex 41.75 38.1 58
    endloop
  endfacet
  facet normal -1 0 0
    outer loop
      vertex 42.75 38.082559044960675 38
      vertex 42.75 38.082559044960675 58
      vertex 42.75 39.7 58
    endloop
  endfacet
  facet normal 0 0 1
    outer loop
      vertex 47.449999999999996 0 38
      vertex 47.49094307346469 1.6109562092634535 38
      vertex 47.449999999999996 1.6174409550393256 38
    endloop
  endfacet
  facet normal 0 0 1
    outer loop
      vertex 47.449999999999996 0 38
      vertex 48.449999999999996 0 38
      vertex 48.449999999999996 1.6 38
    endloop
  endfacet
  facet normal 0 0 1
    outer loop
      vertex 47.449999999999996 0 38
      vertex 47.699999999999996 1.6 38
      vertex 47.49094307346469 1.6109562092634535 38
    endloop
  endfacet
  facet normal 0 0 1
    outer loop
      vertex 47.449999999999996 0 38
      vertex 48.449999999999996 1.6 38
      vertex 47.699999999999996 1.6 38
    endloop
  endfacet
  facet normal 1 0 0
    outer loop
      vertex 47.449999999999996 0 38
      vertex 47.449999999999996 1.6174409550393256 38
      vertex 47.449999999999996 0 58
    endloop
  endfacet
  facet normal -1 0 0
    outer loop
      vertex 48.449999999999996 0 38
      vertex 48.449999999999996 1.6 58
      vertex 48.449999999999996 1.6 38
    endloop
  endfacet
  facet normal 1 0 0
    outer loop
      vertex 47.449999999999996 1.6174409550393256 38
      vertex 47.449999999999996 1.6174409550393256 58
      vertex 47.449999999999996 0 58
    endloop
  endfacet
  facet normal -1 0 0
    outer loop
      vertex 48.449999999999996 0 38
      vertex 48.449999999999996 0 58
      vertex 48.449999999999996 1.6 58
    endloop
  endfacet
  facet normal 0 0 1
    outer loop
      vertex 56.449999999999996 0 38
      vertex 57.199999999999996 1.6 38
      vertex 56.449999999999996 1.6 38
    endloop
  endfacet
  facet normal 0 0 1
    outer loop
      vertex 56.449999999999996 0 38
      vertex 57.449999999999996 0 38
      vertex 57.4090569265353 1.6109562092634535 38
    endloop
  endfacet
  facet normal 0 0 1
    outer loop
      vertex 56.449999999999996 0 38
      vertex 57.4090569265353 1.6109562092634535 38
      vertex 57.199999999999996 1.6 38
    endloop
  endfacet
  facet normal 0 0 1
    outer loop
      vertex 57.449999999999996 0 38
      vertex 57.449999999999996 1.6174409550393256 38
      vertex 57.4090569265353 1.6109562092634535 38
    endloop
  endfacet
  facet normal 1 0 0
    outer loop
      vertex 56.449999999999996 0 38
      vertex 56.449999999999996 1.6 38
      vertex 56.449999999999996 0 58
    endloop
  endfacet
  facet normal -1 0 0
    outer loop
      vertex 57.449999999999996 0 38
      vertex 57.449999999999996 1.6174409550393256 58
      vertex 57.449999999999996 1.6174409550393256 38
    endloop
  endfacet
  facet normal 1 0 0
    outer loop
      vertex 56.449999999999996 1.6 38
      vertex 56.449999999999996 1.6 58
      vertex 56.449999999999996 0 58
    endloop
  endfacet
  facet normal -1 0 0
    outer loop
      vertex 57.449999999999996 0 38
      vertex 57.449999999999996 0 58
      vertex 57.449999999999996 1.6174409550393256 58
    endloop
  endfacet
  facet normal 0 0 1
    outer loop
      vertex 47.449999999999996 38.082559044960675 38
      vertex 47.49094307346469 38.08904379073655 38
      vertex 47.449999999999996 39.7 38
    endloop
  endfacet
  facet normal 0 0 1
    outer loop
      vertex 47.49094307346469 38.08904379073655 38
      vertex 47.699999999999996 38.1 38
      vertex 48.449999999999996 39.7 38
    endloop
  endfacet
  facet normal 0 0 1
    outer loop
      vertex 47.699999999999996 38.1 38
      vertex 48.449999999999996 38.1 38
      vertex 48.449999999999996 39.7 38
    endloop
  endfacet
  facet normal 0 0 1
    outer loop
      vertex 47.49094307346469 38.08904379073655 38
      vertex 48.449999999999996 39.7 38
      vertex 47.449999999999996 39.7 38
    endloop
  endfacet
  facet normal 1 0 0
    outer loop
      vertex 47.449999999999996 38.082559044960675 38
      vertex 47.449999999999996 39.7 38
      vertex 47.449999999999996 38.082559044960675 58
    endloop
  endfacet
  facet normal -1 0 0
    outer loop
      vertex 48.449999999999996 38.1 38
      vertex 48.449999999999996 39.7 58
      vertex 48.449999999999996 39.7 38
    endloop
  endfacet
  facet normal 1 0 0
    outer loop
      vertex 47.449999999999996 39.7 38
      vertex 47.449999999999996 39.7 58
      vertex 47.449999999999996 38.082559044960675 58
    endloop
  endfacet
  facet normal -1 0 0
    outer loop
      vertex 48.449999999999996 38.1 38
      vertex 48.449999999999996 38.1 58
      vertex 48.449999999999996 39.7 58
    endloop
  endfacet
  facet normal 0 0 1
    outer loop
      vertex 56.449999999999996 38.1 38
      vertex 57.449999999999996 39.7 38
      vertex 56.449999999999996 39.7 38
    endloop
  endfacet
  facet normal 0 0 1
    outer loop
      vertex 56.449999999999996 38.1 38
      vertex 57.199999999999996 38.1 38
      vertex 57.449999999999996 39.7 38
    endloop
  endfacet
  facet normal 0 0 1
    outer loop
      vertex 57.199999999999996 38.1 38
      vertex 57.4090569265353 38.08904379073655 38
      vertex 57.449999999999996 39.7 38
    endloop
  endfacet
  facet normal 0 0 1
    outer loop
      vertex 57.4090569265353 38.08904379073655 38
      vertex 57.449999999999996 38.082559044960675 38
      vertex 57.449999999999996 39.7 38
    endloop
  endfacet
  facet normal 1 0 0
    outer loop
      vertex 56.449999999999996 38.1 38
      vertex 56.449999999999996 39.7 38
      vertex 56.449999999999996 38.1 58
    endloop
  endfacet
  facet normal -1 0 0
    outer loop
      vertex 57.449999999999996 38.082559044960675 38
      vertex 57.449999999999996 39.7 58
      vertex 57.449999999999996 39.7 38
    endloop
  endfacet
  facet normal 1 0 0
    outer loop
      vertex 56.449999999999996 39.7 38
      vertex 56.449999999999996 39.7 58
      vertex 56.449999999999996 38.1 58
    endloop
  endfacet
  facet normal -1 0 0
    outer loop
      vertex 57.449999999999996 38.082559044960675 38
      vertex 57.449999999999996 38.082559044960675 58
      vertex 57.449999999999996 39.7 58
    endloop
  endfacet
  facet normal 0 0 -1
    outer loop
      vertex 0 0 0
      vertex 2.404841396180846 14.496955149129134 0
      vertex 2.996955149129134 13.904841396180846 0
    endloop
  endfacet
  facet normal 0 0 -1
    outer loop
      vertex 0 0 0
      vertex 1.8778640450004205 15.147717981660215 0
      vertex 2.404841396180846 14.496955149129134 0
    endloop
  endfacet
  facet normal 0 0 -1
    outer loop
      vertex 0 0 0
      vertex 4.35 12.92179676972449 0
      vertex 5.096106855393598 12.541636338859194 0
    endloop
  endfacet
  facet normal 0 0 -1
    outer loop
      vertex 0 0 0
      vertex 5.096106855393598 12.541636338859194 0
      vertex 5.87786404500042 12.24154786963877 0
    endloop
  endfacet
  facet normal 0 0 -1
    outer loop
      vertex 0 0 0
      vertex 2.996955149129134 13.904841396180846 0
      vertex 3.647717981660215 13.37786404500042 0
    endloop
  endfacet
  facet normal 0 0 -1
    outer loop
      vertex 0 0 0
      vertex 3.647717981660215 13.37786404500042 0
      vertex 4.35 12.92179676972449 0
    endloop
  endfacet
  facet normal 0 0 -1
    outer loop
      vertex 0 0 0
      vertex 6.6867064734579245 12.024819194129554 0
      vertex 7.513772293858771 11.893824837053813 0
    endloop
  endfacet
  facet normal 0 0 -1
    outer loop
      vertex 0 0 0
      vertex 5.87786404500042 12.24154786963877 0
      vertex 6.6867064734579245 12.024819194129554 0
    endloop
  endfacet
  facet normal 0 0 -1
    outer loop
      vertex 0 0 0
      vertex 7.513772293858771 11.893824837053813 0
      vertex 8.35 11.85 0
    endloop
  endfacet
  facet normal 0 0 -1
    outer loop
      vertex 0 0 0
      vertex 8.35 11.85 0
      vertex 9.186227706141228 11.893824837053813 0
    endloop
  endfacet
  facet normal 0 0 -1
    outer loop
      vertex 0 0 0
      vertex 9.186227706141228 11.893824837053813 0
      vertex 10.013293526542075 12.024819194129554 0
    endloop
  endfacet
  facet normal 0 0 -1
    outer loop
      vertex 0 0 0
      vertex 10.013293526542075 12.024819194129554 0
      vertex 10.82213595499958 12.24154786963877 0
    endloop
  endfacet
  facet normal 0 0 -1
    outer loop
      vertex 0 0 0
      vertex 10.82213595499958 12.24154786963877 0
      vertex 11.6038931446064 12.541636338859194 0
    endloop
  endfacet
  facet normal 0 0 -1
    outer loop
      vertex 0 0 0
      vertex 11.6038931446064 12.541636338859194 0
      vertex 12.35 12.92179676972449 0
    endloop
  endfacet
  facet normal 0 0 -1
    outer loop
      vertex 0 0 0
      vertex 12.35 12.92179676972449 0
      vertex 13.052282018339785 13.37786404500042 0
    endloop
  endfacet
  facet normal 0 0 -1
    outer loop
      vertex 0 0 0
      vertex 13.052282018339785 13.37786404500042 0
      vertex 18.347717981660217 13.37786404500042 0
    endloop
  endfacet
  facet normal 0 0 -1
    outer loop
      vertex 0 0 0
      vertex 19.05 12.92179676972449 0
      vertex 19.7961068553936 12.541636338859194 0
    endloop
  endfacet
  facet normal 0 0 -1
    outer loop
      vertex 0 0 0
      vertex 18.347717981660217 13.37786404500042 0
      vertex 19.05 12.92179676972449 0
    endloop
  endfacet
  facet normal 0 0 -1
    outer loop
      vertex 0 0 0
      vertex 19.7961068553936 12.541636338859194 0
      vertex 20.57786404500042 12.24154786963877 0
    endloop
  endfacet
  facet normal 0 0 -1
    outer loop
      vertex 0 0 0
      vertex 20.57786404500042 12.24154786963877 0
      vertex 21.386706473457927 12.024819194129554 0
    endloop
  endfacet
  facet normal 0 0 -1
    outer loop
      vertex 0 0 0
      vertex 21.386706473457927 12.024819194129554 0
      vertex 22.213772293858774 11.893824837053813 0
    endloop
  endfacet
  facet normal 0 0 -1
    outer loop
      vertex 0 0 0
      vertex 22.213772293858774 11.893824837053813 0
      vertex 23.05 11.85 0
    endloop
  endfacet
  facet normal 0 -1 0
    outer loop
      vertex 0 0 0
      vertex 4.35 0 38
      vertex 3.3499999999999996 0 38
    endloop
  endfacet
  facet normal 0 -1 0
    outer loop
      vertex 0 0 0
      vertex 12.35 0 38
      vertex 4.35 0 38
    endloop
  endfacet
  facet normal 0 -1 0
    outer loop
      vertex 0 0 0
      vertex 13.35 0 38
      vertex 12.35 0 38
    endloop
  endfacet
  facet normal 0 -1 0
    outer loop
      vertex 0 0 0
      vertex 18.05 0 38
      vertex 13.35 0 38
    endloop
  endfacet
  facet normal 0 -1 0
    outer loop
      vertex 0 0 0
      vertex 19.05 0 38
      vertex 18.05 0 38
    endloop
  endfacet
  facet normal 0 0 -1
    outer loop
      vertex 0 0 0
      vertex 1.0416363388591932 16.5961068553936 0
      vertex 1.4217967697244913 15.85 0
    endloop
  endfacet
  facet normal 0 0 -1
    outer loop
      vertex 0 0 0
      vertex 1.4217967697244913 15.85 0
      vertex 1.8778640450004205 15.147717981660215 0
    endloop
  endfacet
  facet normal 0 0 -1
    outer loop
      vertex 0 0 0
      vertex 0.7415478696387718 17.377864045000422 0
      vertex 1.0416363388591932 16.5961068553936 0
    endloop
  endfacet
  facet normal 0 0 -1
    outer loop
      vertex 0 0 0
      vertex 0.5248191941295546 18.186706473457928 0
      vertex 0.7415478696387718 17.377864045000422 0
    endloop
  endfacet
  facet normal 0 0 -1
    outer loop
      vertex 0 0 0
      vertex 0.39382483705381377 19.013772293858775 0
      vertex 0.5248191941295546 18.186706473457928 0
    endloop
  endfacet
  facet normal 0 0 -1
    outer loop
      vertex 0 0 0
      vertex 0.3500000000000001 19.85 0
      vertex 0.39382483705381377 19.013772293858775 0
    endloop
  endfacet
  facet normal 0 0 -1
    outer loop
      vertex 13.052282018339785 13.37786404500042 0
      vertex 13.703044850870866 13.904841396180846 0
      vertex 18.347717981660217 13.37786404500042 0
    endloop
  endfacet
  facet normal 0 0 -1
    outer loop
      vertex 0 0 0
      vertex 23.05 11.85 0
      vertex 60.800000000000004 0 0
    endloop
  endfacet
  facet normal 0 -1 0
    outer loop
      vertex 0 0 0
      vertex 27.05 0 38
      vertex 19.05 0 38
    endloop
  endfacet
  facet normal 0 -1 0
    outer loop
      vertex 0 0 0
      vertex 28.05 0 38
      vertex 27.05 0 38
    endloop
  endfacet
  facet normal 0 -1 0
    outer loop
      vertex 0 0 0
      vertex 32.75 0 38
      vertex 28.05 0 38
    endloop
  endfacet
  facet normal 0 -1 0
    outer loop
      vertex 0 0 0
      vertex 33.75 0 38
      vertex 32.75 0 38
    endloop
  endfacet
  facet normal 0 -1 0
    outer loop
      vertex 0 0 0
      vertex 41.75 0 38
      vertex 33.75 0 38
    endloop
  endfacet
  facet normal 0 0 -1
    outer loop
      vertex 13.703044850870866 13.904841396180846 0
      vertex 14.295158603819154 14.496955149129134 0
      vertex 17.696955149129135 13.904841396180846 0
    endloop
  endfacet
  facet normal 0 0 -1
    outer loop
      vertex 14.295158603819154 14.496955149129134 0
      vertex 14.82213595499958 15.147717981660215 0
      vertex 17.104841396180845 14.496955149129134 0
    endloop
  endfacet
  facet normal 0 0 -1
    outer loop
      vertex 13.703044850870866 13.904841396180846 0
      vertex 17.696955149129135 13.904841396180846 0
      vertex 18.347717981660217 13.37786404500042 0
    endloop
  endfacet
  facet normal 0 0 -1
    outer loop
      vertex 14.295158603819154 14.496955149129134 0
      vertex 17.104841396180845 14.496955149129134 0
      vertex 17.696955149129135 13.904841396180846 0
    endloop
  endfacet
  facet normal 0 0 -1
    outer loop
      vertex 14.82213595499958 15.147717981660215 0
      vertex 15.278203230275508 15.85 0
      vertex 16.57786404500042 15.147717981660215 0
    endloop
  endfacet
  facet normal 0 0 -1
    outer loop
      vertex 15.278203230275508 15.85 0
      vertex 16.12179676972449 15.85 0
      vertex 16.57786404500042 15.147717981660215 0
    endloop
  endfacet
  facet normal 0 0 -1
    outer loop
      vertex 15.278203230275508 15.85 0
      vertex 15.658363661140806 16.5961068553936 0
      vertex 16.12179676972449 15.85 0
    endloop
  endfacet
  facet normal 0 0 -1
    outer loop
      vertex 14.82213595499958 15.147717981660215 0
      vertex 16.57786404500042 15.147717981660215 0
      vertex 17.104841396180845 14.496955149129134 0
    endloop
  endfacet
  facet normal 0 0 -1
    outer loop
      vertex 16.12179676972449 15.85 0
      vertex 15.658363661140806 16.5961068553936 0
      vertex 15.741636338859195 16.5961068553936 0
    endloop
  endfacet
  facet normal 0 0 -1
    outer loop
      vertex 15.658363661140806 16.5961068553936 0
      vertex 15.7 16.704573226449572 0
      vertex 15.741636338859195 16.5961068553936 0
    endloop
  endfacet
  facet normal 0 0 -1
    outer loop
      vertex 27.05 12.92179676972449 0
      vertex 27.752282018339784 13.37786404500042 0
      vertex 33.75 12.92179676972449 0
    endloop
  endfacet
  facet normal 0 0 -1
    outer loop
      vertex 27.752282018339784 13.37786404500042 0
      vertex 28.403044850870867 13.904841396180846 0
      vertex 33.04771798166021 13.37786404500042 0
    endloop
  endfacet
  facet normal 0 0 -1
    outer loop
      vertex 28.403044850870867 13.904841396180846 0
      vertex 28.995158603819156 14.496955149129134 0
      vertex 32.396955149129134 13.904841396180846 0
    endloop
  endfacet
  facet normal 0 0 -1
    outer loop
      vertex 28.995158603819156 14.496955149129134 0
      vertex 29.52213595499958 15.147717981660215 0
      vertex 31.804841396180848 14.496955149129134 0
    endloop
  endfacet
  facet normal 0 0 -1
    outer loop
      vertex 29.52213595499958 15.147717981660215 0
      vertex 29.97820323027551 15.85 0
      vertex 31.27786404500042 15.147717981660215 0
    endloop
  endfacet
  facet normal 0 0 -1
    outer loop
      vertex 29.97820323027551 15.85 0
      vertex 30.358363661140807 16.5961068553936 0
      vertex 30.821796769724493 15.85 0
    endloop
  endfacet
  facet normal 0 -1 0
    outer loop
      vertex 0 0 0
      vertex 3.3499999999999996 0 38
      vertex 3.3499999999999996 0 58
    endloop
  endfacet
  facet normal 0 -1 0
    outer loop
      vertex 0 0 0
      vertex 3.3499999999999996 0 58
      vertex 0 0 58
    endloop
  endfacet
  facet normal 0 0 1
    outer loop
      vertex 0 0 58
      vertex 2.7865267138484 1.7729090847147984 58
      vertex 2.6 1.867949192431123 58
    endloop
  endfacet
  facet normal 0 0 1
    outer loop
      vertex 0 0 58
      vertex 1.9819660112501052 2.424429495415054 58
      vertex 1.867949192431123 2.6 58
    endloop
  endfacet
  facet normal 0 0 1
    outer loop
      vertex 0 0 58
      vertex 2.1137103490452116 2.2617387872822836 58
      vertex 1.9819660112501052 2.424429495415054 58
    endloop
  endfacet
  facet normal 0 0 1
    outer loop
      vertex 0 0 58
      vertex 1.867949192431123 2.6 58
      vertex 1.7729090847147984 2.7865267138484 58
    endloop
  endfacet
  facet normal 0 0 1
    outer loop
      vertex 0 0 58
      vertex 2.424429495415054 1.9819660112501052 58
      vertex 2.2617387872822836 2.1137103490452116 58
    endloop
  endfacet
  facet normal 0 0 1
    outer loop
      vertex 0 0 58
      vertex 2.2617387872822836 2.1137103490452116 58
      vertex 2.1137103490452116 2.2617387872822836 58
    endloop
  endfacet
  facet normal 0 0 1
    outer loop
      vertex 0 0 58
      vertex 2.6 1.867949192431123 58
      vertex 2.424429495415054 1.9819660112501052 58
    endloop
  endfacet
  facet normal 0 0 1
    outer loop
      vertex 0 0 58
      vertex 1.7729090847147984 2.7865267138484 58
      vertex 1.697886967409693 2.981966011250105 58
    endloop
  endfacet
  facet normal 0 0 1
    outer loop
      vertex 0 0 58
      vertex 1.697886967409693 2.981966011250105 58
      vertex 1.6437047985323887 3.1841766183644813 58
    endloop
  endfacet
  facet normal 0 0 1
    outer loop
      vertex 0 0 58
      vertex 1.6437047985323887 3.1841766183644813 58
      vertex 1.6109562092634535 3.390943073464693 58
    endloop
  endfacet
  facet normal 0 0 1
    outer loop
      vertex 0 0 58
      vertex 1.6109562092634535 3.390943073464693 58
      vertex 1.6 3.6 58
    endloop
  endfacet
  facet normal 0 0 1
    outer loop
      vertex 0 0 58
      vertex 3.3499999999999996 0 58
      vertex 2.981966011250105 1.697886967409693 58
    endloop
  endfacet
  facet normal 0 0 1
    outer loop
      vertex 0 0 58
      vertex 2.981966011250105 1.697886967409693 58
      vertex 2.7865267138484 1.7729090847147984 58
    endloop
  endfacet
  facet normal 0 0 1
    outer loop
      vertex 3.3499999999999996 0 58
      vertex 3.1841766183644813 1.6437047985323887 58
      vertex 2.981966011250105 1.697886967409693 58
    endloop
  endfacet
  facet normal 0 0 1
    outer loop
      vertex 3.3499999999999996 0 58
      vertex 3.3499999999999996 1.6174409550393254 58
      vertex 3.1841766183644813 1.6437047985323887 58
    endloop
  endfacet
  facet normal 0 -1 0
    outer loop
      vertex 4.35 0 38
      vertex 12.35 0 58
      vertex 4.35 0 58
    endloop
  endfacet
  facet normal 0 0 1
    outer loop
      vertex 4.35 0 58
      vertex 12.35 0 58
      vertex 4.35 1.6 58
    endloop
  endfacet
  facet normal 0 0 1
    outer loop
      vertex 4.35 1.6 58
      vertex 12.35 0 58
      vertex 5.1 1.6 58
    endloop
  endfacet
  facet normal 0 -1 0
    outer loop
      vertex 4.35 0 38
      vertex 12.35 0 38
      vertex 12.35 0 58
    endloop
  endfacet
  facet normal 0 0 1
    outer loop
      vertex 12.35 0 58
      vertex 11.6 1.6 58
      vertex 5.1 1.6 58
    endloop
  endfacet
  facet normal 0 -1 0
    outer loop
      vertex 13.35 0 38
      vertex 18.05 0 58
      vertex 13.35 0 58
    endloop
  endfacet
  facet normal 0 0 1
    outer loop
      vertex 12.35 1.6 58
      vertex 11.6 1.6 58
      vertex 12.35 0 58
    endloop
  endfacet
  facet normal 0 0 1
    outer loop
      vertex 13.35 0 58
      vertex 13.515823381635519 1.6437047985323887 58
      vertex 13.35 1.6174409550393252 58
    endloop
  endfacet
  facet normal 0 0 1
    outer loop
      vertex 13.35 0 58
      vertex 18.05 0 58
      vertex 13.515823381635519 1.6437047985323887 58
    endloop
  endfacet
  facet normal 0 0 1
    outer loop
      vertex 13.515823381635519 1.6437047985323887 58
      vertex 18.05 0 58
      vertex 13.718033988749895 1.697886967409693 58
    endloop
  endfacet
  facet normal -1 0 0
    outer loop
      vertex 0 0 0
      vertex 0 0 58
      vertex 0 39.7 58
    endloop
  endfacet
  facet normal 0 0 1
    outer loop
      vertex 0 0 58
      vertex 1.6 3.6 58
      vertex 1.6 36.1 58
    endloop
  endfacet
  facet normal 0 -1 0
    outer loop
      vertex 13.35 0 38
      vertex 18.05 0 38
      vertex 18.05 0 58
    endloop
  endfacet
  facet normal 0 0 1
    outer loop
      vertex 13.718033988749895 1.697886967409693 58
      vertex 18.05 0 58
      vertex 13.9134732861516 1.7729090847147984 58
    endloop
  endfacet
  facet normal 0 0 1
    outer loop
      vertex 13.9134732861516 1.7729090847147984 58
      vertex 18.05 0 58
      vertex 14.1 1.867949192431123 58
    endloop
  endfacet
  facet normal 0 0 1
    outer loop
      vertex 14.1 1.867949192431123 58
      vertex 18.05 0 58
      vertex 14.275570504584946 1.9819660112501052 58
    endloop
  endfacet
  facet normal 0 0 1
    outer loop
      vertex 14.275570504584946 1.9819660112501052 58
      vertex 18.05 0 58
      vertex 14.438261212717716 2.1137103490452116 58
    endloop
  endfacet
  facet normal 0 0 1
    outer loop
      vertex 14.438261212717716 2.1137103490452116 58
      vertex 18.05 0 58
      vertex 14.586289650954788 2.2617387872822836 58
    endloop
  endfacet
  facet normal 0 0 1
    outer loop
      vertex 14.586289650954788 2.2617387872822836 58
      vertex 16.681966011250104 2.424429495415054 58
      vertex 14.718033988749895 2.424429495415054 58
    endloop
  endfacet
  facet normal 0 0 1
    outer loop
      vertex 14.586289650954788 2.2617387872822836 58
      vertex 16.813710349045213 2.2617387872822836 58
      vertex 16.681966011250104 2.424429495415054 58
    endloop
  endfacet
  facet normal 0 0 1
    outer loop
      vertex 14.586289650954788 2.2617387872822836 58
      vertex 16.961738787282286 2.1137103490452116 58
      vertex 16.813710349045213 2.2617387872822836 58
    endloop
  endfacet
  facet normal 0 0 1
    outer loop
      vertex 14.586289650954788 2.2617387872822836 58
      vertex 18.05 0 58
      vertex 17.4865267138484 1.7729090847147984 58
    endloop
  endfacet
  facet normal 0 0 1
    outer loop
      vertex 14.586289650954788 2.2617387872822836 58
      vertex 17.124429495415054 1.9819660112501052 58
      vertex 16.961738787282286 2.1137103490452116 58
    endloop
  endfacet
  facet normal 0 0 1
    outer loop
      vertex 14.586289650954788 2.2617387872822836 58
      vertex 17.3 1.867949192431123 58
      vertex 17.124429495415054 1.9819660112501052 58
    endloop
  endfacet
  facet normal 0 0 1
    outer loop
      vertex 14.586289650954788 2.2617387872822836 58
      vertex 17.4865267138484 1.7729090847147984 58
      vertex 17.3 1.867949192431123 58
    endloop
  endfacet
  facet normal 0 0 1
    outer loop
      vertex 18.05 0 58
      vertex 17.681966011250104 1.697886967409693 58
      vertex 17.4865267138484 1.7729090847147984 58
    endloop
  endfacet
  facet normal 0 0 1
    outer loop
      vertex 18.05 0 58
      vertex 17.88417661836448 1.6437047985323887 58
      vertex 17.681966011250104 1.697886967409693 58
    endloop
  endfacet
  facet normal 0 0 1
    outer loop
      vertex 18.05 0 58
      vertex 18.05 1.6174409550393252 58
      vertex 17.88417661836448 1.6437047985323887 58
    endloop
  endfacet
  facet normal 0 0 1
    outer loop
      vertex 14.718033988749895 2.424429495415054 58
      vertex 16.567949192431122 2.6 58
      vertex 14.832050807568876 2.6 58
    endloop
  endfacet
  facet normal 0 0 1
    outer loop
      vertex 14.832050807568876 2.6 58
      vertex 16.4729090847148 2.7865267138484 58
      vertex 14.927090915285202 2.7865267138484 58
    endloop
  endfacet
  facet normal 0 0 1
    outer loop
      vertex 14.927090915285202 2.7865267138484 58
      vertex 16.397886967409693 2.981966011250105 58
      vertex 15.002113032590307 2.981966011250105 58
    endloop
  endfacet
  facet normal 0 0 1
    outer loop
      vertex 14.718033988749895 2.424429495415054 58
      vertex 16.681966011250104 2.424429495415054 58
      vertex 16.567949192431122 2.6 58
    endloop
  endfacet
  facet normal 0 0 1
    outer loop
      vertex 14.832050807568876 2.6 58
      vertex 16.567949192431122 2.6 58
      vertex 16.4729090847148 2.7865267138484 58
    endloop
  endfacet
  facet normal 0 0 1
    outer loop
      vertex 14.927090915285202 2.7865267138484 58
      vertex 16.4729090847148 2.7865267138484 58
      vertex 16.397886967409693 2.981966011250105 58
    endloop
  endfacet
  facet normal 0 0 1
    outer loop
      vertex 15.002113032590307 2.981966011250105 58
      vertex 16.397886967409693 2.981966011250105 58
      vertex 16.34370479853239 3.1841766183644813 58
    endloop
  endfacet
  facet normal 0 0 1
    outer loop
      vertex 15.002113032590307 2.981966011250105 58
      vertex 16.34370479853239 3.1841766183644813 58
      vertex 15.056295201467611 3.1841766183644813 58
    endloop
  endfacet
  facet normal 0 0 1
    outer loop
      vertex 15.056295201467611 3.1841766183644813 58
      vertex 16.310956209263455 3.390943073464693 58
      vertex 15.089043790736547 3.390943073464693 58
    endloop
  endfacet
  facet normal 0 0 1
    outer loop
      vertex 15.089043790736547 3.390943073464693 58
      vertex 16.3 3.6 58
      vertex 15.1 3.6 58
    endloop
  endfacet
  facet normal 0 0 1
    outer loop
      vertex 15.056295201467611 3.1841766183644813 58
      vertex 16.34370479853239 3.1841766183644813 58
      vertex 16.310956209263455 3.390943073464693 58
    endloop
  endfacet
  facet normal 0 0 1
    outer loop
      vertex 15.089043790736547 3.390943073464693 58
      vertex 16.310956209263455 3.390943073464693 58
      vertex 16.3 3.6 58
    endloop
  endfacet
  facet normal 0 -1 0
    outer loop
      vertex 19.05 0 38
      vertex 27.05 0 58
      vertex 19.05 0 58
    endloop
  endfacet
  facet normal 0 0 1
    outer loop
      vertex 19.05 0 58
      vertex 27.05 0 58
      vertex 19.05 1.6 58
    endloop
  endfacet
  facet normal 0 0 1
    outer loop
      vertex 19.05 1.6 58
      vertex 27.05 0 58
      vertex 19.8 1.6 58
    endloop
  endfacet
  facet normal 0 -1 0
    outer loop
      vertex 19.05 0 38
      vertex 27.05 0 38
      vertex 27.05 0 58
    endloop
  endfacet
  facet normal 0 0 1
    outer loop
      vertex 27.05 0 58
      vertex 26.3 1.6 58
      vertex 19.8 1.6 58
    endloop
  endfacet
  facet normal 0 -1 0
    outer loop
      vertex 28.05 0 38
      vertex 32.75 0 58
      vertex 28.05 0 58
    endloop
  endfacet
  facet normal 0 0 1
    outer loop
      vertex 27.05 1.6 58
      vertex 26.3 1.6 58
      vertex 27.05 0 58
    endloop
  endfacet
  facet normal 0 0 1
    outer loop
      vertex 28.05 0 58
      vertex 28.21582338163552 1.6437047985323887 58
      vertex 28.05 1.6174409550393252 58
    endloop
  endfacet
  facet normal 0 0 1
    outer loop
      vertex 28.05 0 58
      vertex 32.75 0 58
      vertex 28.21582338163552 1.6437047985323887 58
    endloop
  endfacet
  facet normal 0 0 1
    outer loop
      vertex 28.21582338163552 1.6437047985323887 58
      vertex 32.75 0 58
      vertex 28.418033988749897 1.697886967409693 58
    endloop
  endfacet
  facet normal 0 0 1
    outer loop
      vertex 28.418033988749897 1.697886967409693 58
      vertex 32.75 0 58
      vertex 28.613473286151603 1.7729090847147984 58
    endloop
  endfacet
  facet normal 0 0 1
    outer loop
      vertex 28.613473286151603 1.7729090847147984 58
      vertex 32.75 0 58
      vertex 28.8 1.867949192431123 58
    endloop
  endfacet
  facet normal 0 0 1
    outer loop
      vertex 28.8 1.867949192431123 58
      vertex 32.75 0 58
      vertex 28.975570504584947 1.9819660112501052 58
    endloop
  endfacet
  facet normal 0 0 1
    outer loop
      vertex 28.975570504584947 1.9819660112501052 58
      vertex 32.75 0 58
      vertex 29.138261212717715 2.1137103490452116 58
    endloop
  endfacet
  facet normal 0 0 1
    outer loop
      vertex 29.138261212717715 2.1137103490452116 58
      vertex 32.75 0 58
      vertex 29.28628965095479 2.2617387872822836 58
    endloop
  endfacet
  facet normal 0 0 1
    outer loop
      vertex 29.28628965095479 2.2617387872822836 58
      vertex 31.381966011250107 2.424429495415054 58
      vertex 29.418033988749897 2.424429495415054 58
    endloop
  endfacet
  facet normal 0 0 1
    outer loop
      vertex 29.418033988749897 2.424429495415054 58
      vertex 31.26794919243112 2.6 58
      vertex 29.53205080756888 2.6 58
    endloop
  endfacet
  facet normal 0 0 1
    outer loop
      vertex 29.53205080756888 2.6 58
      vertex 31.1729090847148 2.7865267138484 58
      vertex 29.6270909152852 2.7865267138484 58
    endloop
  endfacet
  facet normal 0 0 1
    outer loop
      vertex 29.6270909152852 2.7865267138484 58
      vertex 31.097886967409693 2.981966011250105 58
      vertex 29.702113032590308 2.981966011250105 58
    endloop
  endfacet
  facet normal 0 0 1
    outer loop
      vertex 29.702113032590308 2.981966011250105 58
      vertex 31.04370479853239 3.1841766183644813 58
      vertex 29.756295201467612 3.1841766183644813 58
    endloop
  endfacet
  facet normal 0 0 1
    outer loop
      vertex 29.756295201467612 3.1841766183644813 58
      vertex 31.010956209263455 3.390943073464693 58
      vertex 29.78904379073655 3.390943073464693 58
    endloop
  endfacet
  facet normal 0 0 1
    outer loop
      vertex 29.78904379073655 3.390943073464693 58
      vertex 31 3.6 58
      vertex 29.8 3.6 58
    endloop
  endfacet
  facet normal 0 0 1
    outer loop
      vertex 15.1 3.6 58
      vertex 16.3 3.6 58
      vertex 16.3 36.1 58
    endloop
  endfacet
  facet normal 0 0 -1
    outer loop
      vertex 0 0 0
      vertex 0 39.7 0
      vertex 0.3500000000000001 19.85 0
    endloop
  endfacet
  facet normal 0 0 -1
    outer loop
      vertex 0.3500000000000001 19.85 0
      vertex 0 39.7 0
      vertex 0.39382483705381377 20.686227706141228 0
    endloop
  endfacet
  facet normal 0 0 -1
    outer loop
      vertex 0.39382483705381377 20.686227706141228 0
      vertex 0 39.7 0
      vertex 0.5248191941295546 21.513293526542075 0
    endloop
  endfacet
  facet normal 0 0 -1
    outer loop
      vertex 0.5248191941295546 21.513293526542075 0
      vertex 0 39.7 0
      vertex 0.7415478696387718 22.32213595499958 0
    endloop
  endfacet
  facet normal 0 0 -1
    outer loop
      vertex 0.7415478696387718 22.32213595499958 0
      vertex 0 39.7 0
      vertex 1.0416363388591932 23.103893144606403 0
    endloop
  endfacet
  facet normal 0 0 -1
    outer loop
      vertex 1.0416363388591932 23.103893144606403 0
      vertex 0 39.7 0
      vertex 1.4217967697244913 23.85 0
    endloop
  endfacet
  facet normal 0 0 -1
    outer loop
      vertex 1.4217967697244913 23.85 0
      vertex 0 39.7 0
      vertex 1.8778640450004205 24.55228201833979 0
    endloop
  endfacet
  facet normal 0 0 -1
    outer loop
      vertex 13.703044850870866 25.795158603819154 0
      vertex 17.104841396180845 25.203044850870867 0
      vertex 14.295158603819154 25.203044850870867 0
    endloop
  endfacet
  facet normal 0 0 -1
    outer loop
      vertex 13.052282018339785 26.32213595499958 0
      vertex 17.696955149129135 25.795158603819154 0
      vertex 13.703044850870866 25.795158603819154 0
    endloop
  endfacet
  facet normal 0 0 -1
    outer loop
      vertex 12.35 26.77820323027551 0
      vertex 18.347717981660217 26.32213595499958 0
      vertex 13.052282018339785 26.32213595499958 0
    endloop
  endfacet
  facet normal 0 0 -1
    outer loop
      vertex 11.6038931446064 27.158363661140807 0
      vertex 19.05 26.77820323027551 0
      vertex 12.35 26.77820323027551 0
    endloop
  endfacet
  facet normal -1 0 0
    outer loop
      vertex 0 0 0
      vertex 0 39.7 58
      vertex 0 39.7 0
    endloop
  endfacet
  facet normal 0 0 -1
    outer loop
      vertex 1.8778640450004205 24.55228201833979 0
      vertex 0 39.7 0
      vertex 2.404841396180846 25.203044850870867 0
    endloop
  endfacet
  facet normal 0 0 -1
    outer loop
      vertex 2.404841396180846 25.203044850870867 0
      vertex 0 39.7 0
      vertex 2.996955149129134 25.795158603819154 0
    endloop
  endfacet
  facet normal 0 0 -1
    outer loop
      vertex 2.996955149129134 25.795158603819154 0
      vertex 0 39.7 0
      vertex 3.647717981660215 26.32213595499958 0
    endloop
  endfacet
  facet normal 0 0 -1
    outer loop
      vertex 3.647717981660215 26.32213595499958 0
      vertex 0 39.7 0
      vertex 4.35 26.77820323027551 0
    endloop
  endfacet
  facet normal 0 0 -1
    outer loop
      vertex 4.35 26.77820323027551 0
      vertex 0 39.7 0
      vertex 5.096106855393598 27.158363661140807 0
    endloop
  endfacet
  facet normal 0 0 -1
    outer loop
      vertex 5.096106855393598 27.158363661140807 0
      vertex 0 39.7 0
      vertex 5.87786404500042 27.45845213036123 0
    endloop
  endfacet
  facet normal 0 0 -1
    outer loop
      vertex 5.87786404500042 27.45845213036123 0
      vertex 0 39.7 0
      vertex 6.6867064734579245 27.675180805870447 0
    endloop
  endfacet
  facet normal 0 0 -1
    outer loop
      vertex 6.6867064734579245 27.675180805870447 0
      vertex 0 39.7 0
      vertex 7.513772293858771 27.80617516294619 0
    endloop
  endfacet
  facet normal 0 0 -1
    outer loop
      vertex 7.513772293858771 27.80617516294619 0
      vertex 0 39.7 0
      vertex 8.35 27.85 0
    endloop
  endfacet
  facet normal 0 0 -1
    outer loop
      vertex 8.35 27.85 0
      vertex 0 39.7 0
      vertex 9.186227706141228 27.80617516294619 0
    endloop
  endfacet
  facet normal 0 0 -1
    outer loop
      vertex 9.186227706141228 27.80617516294619 0
      vertex 0 39.7 0
      vertex 10.013293526542075 27.675180805870447 0
    endloop
  endfacet
  facet normal 0 0 -1
    outer loop
      vertex 10.013293526542075 27.675180805870447 0
      vertex 0 39.7 0
      vertex 10.82213595499958 27.45845213036123 0
    endloop
  endfacet
  facet normal 0 0 -1
    outer loop
      vertex 10.82213595499958 27.45845213036123 0
      vertex 0 39.7 0
      vertex 11.6038931446064 27.158363661140807 0
    endloop
  endfacet
  facet normal 0 0 -1
    outer loop
      vertex 11.6038931446064 27.158363661140807 0
      vertex 0 39.7 0
      vertex 19.7961068553936 27.158363661140807 0
    endloop
  endfacet
  facet normal 0 0 -1
    outer loop
      vertex 0 39.7 0
      vertex 20.57786404500042 27.45845213036123 0
      vertex 19.7961068553936 27.158363661140807 0
    endloop
  endfacet
  facet normal 0 0 -1
    outer loop
      vertex 0 39.7 0
      vertex 21.386706473457927 27.675180805870447 0
      vertex 20.57786404500042 27.45845213036123 0
    endloop
  endfacet
  facet normal 0 0 -1
    outer loop
      vertex 0 39.7 0
      vertex 22.213772293858774 27.80617516294619 0
      vertex 21.386706473457927 27.675180805870447 0
    endloop
  endfacet
  facet normal 0 0 -1
    outer loop
      vertex 0 39.7 0
      vertex 23.05 27.85 0
      vertex 22.213772293858774 27.80617516294619 0
    endloop
  endfacet
  facet normal 0 1 0
    outer loop
      vertex 0 39.7 0
      vertex 3.3499999999999996 39.7 38
      vertex 4.35 39.7 38
    endloop
  endfacet
  facet normal 0 1 0
    outer loop
      vertex 0 39.7 0
      vertex 4.35 39.7 38
      vertex 12.35 39.7 38
    endloop
  endfacet
  facet normal 0 1 0
    outer loop
      vertex 0 39.7 0
      vertex 12.35 39.7 38
      vertex 13.35 39.7 38
    endloop
  endfacet
  facet normal 0 1 0
    outer loop
      vertex 0 39.7 0
      vertex 13.35 39.7 38
      vertex 18.05 39.7 38
    endloop
  endfacet
  facet normal 0 1 0
    outer loop
      vertex 0 39.7 0
      vertex 18.05 39.7 38
      vertex 19.05 39.7 38
    endloop
  endfacet
  facet normal 0 0 -1
    outer loop
      vertex 15.658363661140806 23.103893144606403 0
      vertex 15.278203230275508 23.85 0
      vertex 15.741636338859195 23.103893144606403 0
    endloop
  endfacet
  facet normal 0 0 -1
    outer loop
      vertex 15.658363661140806 23.103893144606403 0
      vertex 15.741636338859195 23.103893144606403 0
      vertex 15.7 22.99542677355043 0
    endloop
  endfacet
  facet normal 0 0 -1
    outer loop
      vertex 14.82213595499958 24.55228201833979 0
      vertex 16.12179676972449 23.85 0
      vertex 15.278203230275508 23.85 0
    endloop
  endfacet
  facet normal 0 0 -1
    outer loop
      vertex 15.741636338859195 23.103893144606403 0
      vertex 15.278203230275508 23.85 0
      vertex 16.12179676972449 23.85 0
    endloop
  endfacet
  facet normal 0 0 -1
    outer loop
      vertex 14.82213595499958 24.55228201833979 0
      vertex 14.295158603819154 25.203044850870867 0
      vertex 16.57786404500042 24.55228201833979 0
    endloop
  endfacet
  facet normal 0 0 -1
    outer loop
      vertex 14.82213595499958 24.55228201833979 0
      vertex 16.57786404500042 24.55228201833979 0
      vertex 16.12179676972449 23.85 0
    endloop
  endfacet
  facet normal 0 0 -1
    outer loop
      vertex 14.295158603819154 25.203044850870867 0
      vertex 17.104841396180845 25.203044850870867 0
      vertex 16.57786404500042 24.55228201833979 0
    endloop
  endfacet
  facet normal 0 0 -1
    outer loop
      vertex 13.703044850870866 25.795158603819154 0
      vertex 17.696955149129135 25.795158603819154 0
      vertex 17.104841396180845 25.203044850870867 0
    endloop
  endfacet
  facet normal 0 0 -1
    outer loop
      vertex 13.052282018339785 26.32213595499958 0
      vertex 18.347717981660217 26.32213595499958 0
      vertex 17.696955149129135 25.795158603819154 0
    endloop
  endfacet
  facet normal 0 0 -1
    outer loop
      vertex 12.35 26.77820323027551 0
      vertex 19.05 26.77820323027551 0
      vertex 18.347717981660217 26.32213595499958 0
    endloop
  endfacet
  facet normal 0 0 -1
    outer loop
      vertex 11.6038931446064 27.158363661140807 0
      vertex 19.7961068553936 27.158363661140807 0
      vertex 19.05 26.77820323027551 0
    endloop
  endfacet
  facet normal 0 0 -1
    outer loop
      vertex 30.358363661140807 23.103893144606403 0
      vertex 29.97820323027551 23.85 0
      vertex 30.441636338859194 23.103893144606403 0
    endloop
  endfacet
  facet normal 0 0 -1
    outer loop
      vertex 29.97820323027551 23.85 0
      vertex 29.52213595499958 24.55228201833979 0
      vertex 30.821796769724493 23.85 0
    endloop
  endfacet
  facet normal 0 0 -1
    outer loop
      vertex 29.52213595499958 24.55228201833979 0
      vertex 28.995158603819156 25.203044850870867 0
      vertex 31.27786404500042 24.55228201833979 0
    endloop
  endfacet
  facet normal 0 0 -1
    outer loop
      vertex 28.403044850870867 25.795158603819154 0
      vertex 31.804841396180848 25.203044850870867 0
      vertex 28.995158603819156 25.203044850870867 0
    endloop
  endfacet
  facet normal 0 0 -1
    outer loop
      vertex 28.403044850870867 25.795158603819154 0
      vertex 27.752282018339784 26.32213595499958 0
      vertex 32.396955149129134 25.795158603819154 0
    endloop
  endfacet
  facet normal 0 0 -1
    outer loop
      vertex 27.05 26.77820323027551 0
      vertex 33.04771798166021 26.32213595499958 0
      vertex 27.752282018339784 26.32213595499958 0
    endloop
  endfacet
  facet normal 0 0 -1
    outer loop
      vertex 26.303893144606402 27.158363661140807 0
      vertex 33.75 26.77820323027551 0
      vertex 27.05 26.77820323027551 0
    endloop
  endfacet
  facet normal 0 0 -1
    outer loop
      vertex 0 39.7 0
      vertex 23.886227706141227 27.80617516294619 0
      vertex 23.05 27.85 0
    endloop
  endfacet
  facet normal 0 0 -1
    outer loop
      vertex 0 39.7 0
      vertex 25.52213595499958 27.45845213036123 0
      vertex 24.713293526542074 27.675180805870447 0
    endloop
  endfacet
  facet normal 0 0 -1
    outer loop
      vertex 0 39.7 0
      vertex 24.713293526542074 27.675180805870447 0
      vertex 23.886227706141227 27.80617516294619 0
    endloop
  endfacet
  facet normal 0 0 -1
    outer loop
      vertex 0 39.7 0
      vertex 26.303893144606402 27.158363661140807 0
      vertex 25.52213595499958 27.45845213036123 0
    endloop
  endfacet
  facet normal 0 0 -1
    outer loop
      vertex 0 39.7 0
      vertex 33.75 26.77820323027551 0
      vertex 26.303893144606402 27.158363661140807 0
    endloop
  endfacet
  facet normal 0 0 -1
    outer loop
      vertex 0 39.7 0
      vertex 34.4961068553936 27.158363661140807 0
      vertex 33.75 26.77820323027551 0
    endloop
  endfacet
  facet normal 0 0 -1
    outer loop
      vertex 0 39.7 0
      vertex 35.27786404500042 27.45845213036123 0
      vertex 34.4961068553936 27.158363661140807 0
    endloop
  endfacet
  facet normal 0 0 -1
    outer loop
      vertex 0 39.7 0
      vertex 36.08670647345792 27.675180805870447 0
      vertex 35.27786404500042 27.45845213036123 0
    endloop
  endfacet
  facet normal 0 0 -1
    outer loop
      vertex 0 39.7 0
      vertex 36.91377229385877 27.80617516294619 0
      vertex 36.08670647345792 27.675180805870447 0
    endloop
  endfacet
  facet normal 0 0 -1
    outer loop
      vertex 0 39.7 0
      vertex 37.75 27.85 0
      vertex 36.91377229385877 27.80617516294619 0
    endloop
  endfacet
  facet normal 0 1 0
    outer loop
      vertex 0 39.7 0
      vertex 19.05 39.7 38
      vertex 60.800000000000004 39.7 0
    endloop
  endfacet
  facet normal 0 0 1
    outer loop
      vertex 0 0 58
      vertex 1.6 36.1 58
      vertex 0 39.7 58
    endloop
  endfacet
  facet normal 0 1 0
    outer loop
      vertex 0 39.7 0
      vertex 0 39.7 58
      vertex 3.3499999999999996 39.7 38
    endloop
  endfacet
  facet normal 0 1 0
    outer loop
      vertex 4.35 39.7 38
      vertex 4.35 39.7 58
      vertex 12.35 39.7 38
    endloop
  endfacet
  facet normal 0 1 0
    outer loop
      vertex 3.3499999999999996 39.7 38
      vertex 0 39.7 58
      vertex 3.3499999999999996 39.7 58
    endloop
  endfacet
  facet normal 0 0 1
    outer loop
      vertex 1.6 36.1 58
      vertex 1.6109562092634535 36.309056926535305 58
      vertex 0 39.7 58
    endloop
  endfacet
  facet normal 0 0 1
    outer loop
      vertex 1.6109562092634535 36.309056926535305 58
      vertex 1.6437047985323887 36.51582338163552 58
      vertex 0 39.7 58
    endloop
  endfacet
  facet normal 0 0 1
    outer loop
      vertex 1.6437047985323887 36.51582338163552 58
      vertex 1.697886967409693 36.718033988749895 58
      vertex 0 39.7 58
    endloop
  endfacet
  facet normal 0 0 1
    outer loop
      vertex 1.697886967409693 36.718033988749895 58
      vertex 1.7729090847147984 36.9134732861516 58
      vertex 0 39.7 58
    endloop
  endfacet
  facet normal 0 0 1
    outer loop
      vertex 1.7729090847147984 36.9134732861516 58
      vertex 1.867949192431123 37.1 58
      vertex 0 39.7 58
    endloop
  endfacet
  facet normal 0 0 1
    outer loop
      vertex 1.867949192431123 37.1 58
      vertex 1.9819660112501052 37.27557050458495 58
      vertex 0 39.7 58
    endloop
  endfacet
  facet normal 0 0 1
    outer loop
      vertex 0 39.7 58
      vertex 1.9819660112501052 37.27557050458495 58
      vertex 2.1137103490452116 37.43826121271772 58
    endloop
  endfacet
  facet normal 0 0 1
    outer loop
      vertex 0 39.7 58
      vertex 2.1137103490452116 37.43826121271772 58
      vertex 2.2617387872822836 37.58628965095479 58
    endloop
  endfacet
  facet normal 0 0 1
    outer loop
      vertex 0 39.7 58
      vertex 2.2617387872822836 37.58628965095479 58
      vertex 2.424429495415054 37.718033988749895 58
    endloop
  endfacet
  facet normal 0 0 1
    outer loop
      vertex 0 39.7 58
      vertex 2.424429495415054 37.718033988749895 58
      vertex 2.6 37.832050807568876 58
    endloop
  endfacet
  facet normal 0 0 1
    outer loop
      vertex 0 39.7 58
      vertex 2.6 37.832050807568876 58
      vertex 2.7865267138484 37.927090915285206 58
    endloop
  endfacet
  facet normal 0 0 1
    outer loop
      vertex 0 39.7 58
      vertex 2.7865267138484 37.927090915285206 58
      vertex 2.981966011250105 38.00211303259031 58
    endloop
  endfacet
  facet normal 0 0 1
    outer loop
      vertex 0 39.7 58
      vertex 2.981966011250105 38.00211303259031 58
      vertex 3.1841766183644813 38.05629520146761 58
    endloop
  endfacet
  facet normal 0 0 1
    outer loop
      vertex 0 39.7 58
      vertex 3.1841766183644813 38.05629520146761 58
      vertex 3.3499999999999996 39.7 58
    endloop
  endfacet
  facet normal 0 0 1
    outer loop
      vertex 3.1841766183644813 38.05629520146761 58
      vertex 3.3499999999999996 38.082559044960675 58
      vertex 3.3499999999999996 39.7 58
    endloop
  endfacet
  facet normal 0 0 1
    outer loop
      vertex 4.35 38.1 58
      vertex 5.1 38.1 58
      vertex 4.35 39.7 58
    endloop
  endfacet
  facet normal 0 0 1
    outer loop
      vertex 5.1 38.1 58
      vertex 11.6 38.1 58
      vertex 4.35 39.7 58
    endloop
  endfacet
  facet normal 0 1 0
    outer loop
      vertex 13.35 39.7 38
      vertex 13.35 39.7 58
      vertex 18.05 39.7 38
    endloop
  endfacet
  facet normal 0 1 0
    outer loop
      vertex 12.35 39.7 38
      vertex 4.35 39.7 58
      vertex 12.35 39.7 58
    endloop
  endfacet
  facet normal 0 0 1
    outer loop
      vertex 11.6 38.1 58
      vertex 12.35 38.1 58
      vertex 4.35 39.7 58
    endloop
  endfacet
  facet normal 0 0 1
    outer loop
      vertex 4.35 39.7 58
      vertex 12.35 38.1 58
      vertex 12.35 39.7 58
    endloop
  endfacet
  facet normal 0 0 1
    outer loop
      vertex 14.1 37.832050807568876 58
      vertex 16.813710349045213 37.43826121271772 58
      vertex 13.9134732861516 37.927090915285206 58
    endloop
  endfacet
  facet normal 0 0 1
    outer loop
      vertex 14.1 37.832050807568876 58
      vertex 14.275570504584946 37.718033988749895 58
      vertex 16.813710349045213 37.43826121271772 58
    endloop
  endfacet
  facet normal 0 0 1
    outer loop
      vertex 14.438261212717716 37.58628965095479 58
      vertex 16.813710349045213 37.43826121271772 58
      vertex 14.275570504584946 37.718033988749895 58
    endloop
  endfacet
  facet normal 0 0 1
    outer loop
      vertex 13.9134732861516 37.927090915285206 58
      vertex 16.813710349045213 37.43826121271772 58
      vertex 13.35 39.7 58
    endloop
  endfacet
  facet normal 0 0 1
    outer loop
      vertex 13.35 38.082559044960675 58
      vertex 13.515823381635519 38.05629520146761 58
      vertex 13.35 39.7 58
    endloop
  endfacet
  facet normal 0 0 1
    outer loop
      vertex 13.515823381635519 38.05629520146761 58
      vertex 13.718033988749895 38.00211303259031 58
      vertex 13.35 39.7 58
    endloop
  endfacet
  facet normal 0 0 1
    outer loop
      vertex 13.718033988749895 38.00211303259031 58
      vertex 13.9134732861516 37.927090915285206 58
      vertex 13.35 39.7 58
    endloop
  endfacet
  facet normal 0 0 1
    outer loop
      vertex 15.1 3.6 58
      vertex 16.3 36.1 58
      vertex 15.1 36.1 58
    endloop
  endfacet
  facet normal 0 0 1
    outer loop
      vertex 29.8 3.6 58
      vertex 31 36.1 58
      vertex 29.8 36.1 58
    endloop
  endfacet
  facet normal 0 1 0
    outer loop
      vertex 19.05 39.7 38
      vertex 19.05 39.7 58
      vertex 27.05 39.7 38
    endloop
  endfacet
  facet normal 0 0 1
    outer loop
      vertex 15.1 36.1 58
      vertex 16.310956209263455 36.309056926535305 58
      vertex 15.089043790736547 36.309056926535305 58
    endloop
  endfacet
  facet normal 0 0 1
    outer loop
      vertex 15.089043790736547 36.309056926535305 58
      vertex 16.34370479853239 36.51582338163552 58
      vertex 15.056295201467611 36.51582338163552 58
    endloop
  endfacet
  facet normal 0 0 1
    outer loop
      vertex 15.1 36.1 58
      vertex 16.3 36.1 58
      vertex 16.310956209263455 36.309056926535305 58
    endloop
  endfacet
  facet normal 0 0 1
    outer loop
      vertex 15.089043790736547 36.309056926535305 58
      vertex 16.310956209263455 36.309056926535305 58
      vertex 16.34370479853239 36.51582338163552 58
    endloop
  endfacet
  facet normal 0 0 1
    outer loop
      vertex 15.056295201467611 36.51582338163552 58
      vertex 16.34370479853239 36.51582338163552 58
      vertex 16.397886967409693 36.718033988749895 58
    endloop
  endfacet
  facet normal 0 0 1
    outer loop
      vertex 15.056295201467611 36.51582338163552 58
      vertex 16.397886967409693 36.718033988749895 58
      vertex 15.002113032590307 36.718033988749895 58
    endloop
  endfacet
  facet normal 0 0 1
    outer loop
      vertex 15.002113032590307 36.718033988749895 58
      vertex 16.4729090847148 36.9134732861516 58
      vertex 14.927090915285202 36.9134732861516 58
    endloop
  endfacet
  facet normal 0 0 1
    outer loop
      vertex 14.832050807568876 37.1 58
      vertex 16.681966011250104 37.27557050458495 58
      vertex 14.718033988749895 37.27557050458495 58
    endloop
  endfacet
  facet normal 0 0 1
    outer loop
      vertex 14.927090915285202 36.9134732861516 58
      vertex 16.567949192431122 37.1 58
      vertex 14.832050807568876 37.1 58
    endloop
  endfacet
  facet normal 0 0 1
    outer loop
      vertex 15.002113032590307 36.718033988749895 58
      vertex 16.397886967409693 36.718033988749895 58
      vertex 16.4729090847148 36.9134732861516 58
    endloop
  endfacet
  facet normal 0 0 1
    outer loop
      vertex 14.927090915285202 36.9134732861516 58
      vertex 16.4729090847148 36.9134732861516 58
      vertex 16.567949192431122 37.1 58
    endloop
  endfacet
  facet normal 0 0 1
    outer loop
      vertex 14.832050807568876 37.1 58
      vertex 16.567949192431122 37.1 58
      vertex 16.681966011250104 37.27557050458495 58
    endloop
  endfacet
  facet normal 0 1 0
    outer loop
      vertex 13.35 39.7 58
      vertex 18.05 39.7 58
      vertex 18.05 39.7 38
    endloop
  endfacet
  facet normal 0 0 1
    outer loop
      vertex 14.586289650954788 37.43826121271772 58
      vertex 16.813710349045213 37.43826121271772 58
      vertex 14.438261212717716 37.58628965095479 58
    endloop
  endfacet
  facet normal 0 0 1
    outer loop
      vertex 14.718033988749895 37.27557050458495 58
      vertex 16.813710349045213 37.43826121271772 58
      vertex 14.586289650954788 37.43826121271772 58
    endloop
  endfacet
  facet normal 0 0 1
    outer loop
      vertex 14.718033988749895 37.27557050458495 58
      vertex 16.681966011250104 37.27557050458495 58
      vertex 16.813710349045213 37.43826121271772 58
    endloop
  endfacet
  facet normal 0 0 1
    outer loop
      vertex 13.35 39.7 58
      vertex 16.813710349045213 37.43826121271772 58
      vertex 16.961738787282286 37.58628965095479 58
    endloop
  endfacet
  facet normal 0 0 1
    outer loop
      vertex 13.35 39.7 58
      vertex 16.961738787282286 37.58628965095479 58
      vertex 17.124429495415054 37.718033988749895 58
    endloop
  endfacet
  facet normal 0 0 1
    outer loop
      vertex 13.35 39.7 58
      vertex 17.124429495415054 37.718033988749895 58
      vertex 17.3 37.832050807568876 58
    endloop
  endfacet
  facet normal 0 0 1
    outer loop
      vertex 13.35 39.7 58
      vertex 17.3 37.832050807568876 58
      vertex 17.4865267138484 37.927090915285206 58
    endloop
  endfacet
  facet normal 0 0 1
    outer loop
      vertex 13.35 39.7 58
      vertex 17.4865267138484 37.927090915285206 58
      vertex 17.681966011250104 38.00211303259031 58
    endloop
  endfacet
  facet normal 0 0 1
    outer loop
      vertex 13.35 39.7 58
      vertex 17.681966011250104 38.00211303259031 58
      vertex 17.88417661836448 38.05629520146761 58
    endloop
  endfacet
  facet normal 0 0 1
    outer loop
      vertex 13.35 39.7 58
      vertex 17.88417661836448 38.05629520146761 58
      vertex 18.05 39.7 58
    endloop
  endfacet
  facet normal 0 0 1
    outer loop
      vertex 17.88417661836448 38.05629520146761 58
      vertex 18.05 38.082559044960675 58
      vertex 18.05 39.7 58
    endloop
  endfacet
  facet normal 0 0 1
    outer loop
      vertex 19.05 38.1 58
      vertex 19.8 38.1 58
      vertex 19.05 39.7 58
    endloop
  endfacet
  facet normal 0 0 1
    outer loop
      vertex 19.8 38.1 58
      vertex 26.3 38.1 58
      vertex 19.05 39.7 58
    endloop
  endfacet
  facet normal 0 1 0
    outer loop
      vertex 28.05 39.7 38
      vertex 28.05 39.7 58
      vertex 32.75 39.7 38
    endloop
  endfacet
  facet normal 0 1 0
    outer loop
      vertex 27.05 39.7 38
      vertex 19.05 39.7 58
      vertex 27.05 39.7 58
    endloop
  endfacet
  facet normal 0 0 1
    outer loop
      vertex 26.3 38.1 58
      vertex 27.05 38.1 58
      vertex 19.05 39.7 58
    endloop
  endfacet
  facet normal 0 0 1
    outer loop
      vertex 19.05 39.7 58
      vertex 27.05 38.1 58
      vertex 27.05 39.7 58
    endloop
  endfacet
  facet normal 0 0 1
    outer loop
      vertex 29.8 36.1 58
      vertex 31.010956209263455 36.309056926535305 58
      vertex 29.78904379073655 36.309056926535305 58
    endloop
  endfacet
  facet normal 0 0 1
    outer loop
      vertex 29.78904379073655 36.309056926535305 58
      vertex 31.04370479853239 36.51582338163552 58
      vertex 29.756295201467612 36.51582338163552 58
    endloop
  endfacet
  facet normal 0 0 1
    outer loop
      vertex 29.756295201467612 36.51582338163552 58
      vertex 31.097886967409693 36.718033988749895 58
      vertex 29.702113032590308 36.718033988749895 58
    endloop
  endfacet
  facet normal 0 0 1
    outer loop
      vertex 29.702113032590308 36.718033988749895 58
      vertex 31.1729090847148 36.9134732861516 58
      vertex 29.6270909152852 36.9134732861516 58
    endloop
  endfacet
  facet normal 0 0 1
    outer loop
      vertex 29.6270909152852 36.9134732861516 58
      vertex 31.26794919243112 37.1 58
      vertex 29.53205080756888 37.1 58
    endloop
  endfacet
  facet normal 0 0 1
    outer loop
      vertex 29.53205080756888 37.1 58
      vertex 31.381966011250107 37.27557050458495 58
      vertex 29.418033988749897 37.27557050458495 58
    endloop
  endfacet
  facet normal 0 0 1
    outer loop
      vertex 28.05 38.082559044960675 58
      vertex 28.21582338163552 38.05629520146761 58
      vertex 28.05 39.7 58
    endloop
  endfacet
  facet normal 0 0 1
    outer loop
      vertex 28.21582338163552 38.05629520146761 58
      vertex 28.418033988749897 38.00211303259031 58
      vertex 28.05 39.7 58
    endloop
  endfacet
  facet normal 0 0 1
    outer loop
      vertex 28.418033988749897 38.00211303259031 58
      vertex 28.613473286151603 37.927090915285206 58
      vertex 28.05 39.7 58
    endloop
  endfacet
  facet normal 0 0 1
    outer loop
      vertex 28.05 39.7 58
      vertex 28.613473286151603 37.927090915285206 58
      vertex 31.513710349045212 37.43826121271772 58
    endloop
  endfacet
  facet normal 0 0 1
    outer loop
      vertex 28.8 37.832050807568876 58
      vertex 31.513710349045212 37.43826121271772 58
      vertex 28.613473286151603 37.927090915285206 58
    endloop
  endfacet
  facet normal 0 0 1
    outer loop
      vertex 28.8 37.832050807568876 58
      vertex 28.975570504584947 37.718033988749895 58
      vertex 31.513710349045212 37.43826121271772 58
    endloop
  endfacet
  facet normal 0 0 1
    outer loop
      vertex 29.138261212717715 37.58628965095479 58
      vertex 31.513710349045212 37.43826121271772 58
      vertex 28.975570504584947 37.718033988749895 58
    endloop
  endfacet
  facet normal 0 0 1
    outer loop
      vertex 29.28628965095479 37.43826121271772 58
      vertex 31.513710349045212 37.43826121271772 58
      vertex 29.138261212717715 37.58628965095479 58
    endloop
  endfacet
  facet normal 0 0 1
    outer loop
      vertex 29.418033988749897 37.27557050458495 58
      vertex 31.513710349045212 37.43826121271772 58
      vertex 29.28628965095479 37.43826121271772 58
    endloop
  endfacet
  facet normal 0 -1 0
    outer loop
      vertex 0 0 0
      vertex 60.800000000000004 0 0
      vertex 41.75 0 38
    endloop
  endfacet
  facet normal 0 0 -1
    outer loop
      vertex 23.05 11.85 0
      vertex 23.886227706141227 11.893824837053813 0
      vertex 60.800000000000004 0 0
    endloop
  endfacet
  facet normal 0 0 -1
    outer loop
      vertex 23.886227706141227 11.893824837053813 0
      vertex 24.713293526542074 12.024819194129554 0
      vertex 60.800000000000004 0 0
    endloop
  endfacet
  facet normal 0 0 -1
    outer loop
      vertex 24.713293526542074 12.024819194129554 0
      vertex 25.52213595499958 12.24154786963877 0
      vertex 60.800000000000004 0 0
    endloop
  endfacet
  facet normal 0 0 -1
    outer loop
      vertex 25.52213595499958 12.24154786963877 0
      vertex 26.303893144606402 12.541636338859194 0
      vertex 60.800000000000004 0 0
    endloop
  endfacet
  facet normal 0 0 -1
    outer loop
      vertex 26.303893144606402 12.541636338859194 0
      vertex 27.05 12.92179676972449 0
      vertex 60.800000000000004 0 0
    endloop
  endfacet
  facet normal 0 0 -1
    outer loop
      vertex 27.05 12.92179676972449 0
      vertex 34.4961068553936 12.541636338859194 0
      vertex 60.800000000000004 0 0
    endloop
  endfacet
  facet normal 0 0 -1
    outer loop
      vertex 35.27786404500042 12.24154786963877 0
      vertex 60.800000000000004 0 0
      vertex 34.4961068553936 12.541636338859194 0
    endloop
  endfacet
  facet normal 0 0 -1
    outer loop
      vertex 36.08670647345792 12.024819194129554 0
      vertex 36.91377229385877 11.893824837053813 0
      vertex 60.800000000000004 0 0
    endloop
  endfacet
  facet normal 0 0 -1
    outer loop
      vertex 35.27786404500042 12.24154786963877 0
      vertex 36.08670647345792 12.024819194129554 0
      vertex 60.800000000000004 0 0
    endloop
  endfacet
  facet normal 0 0 -1
    outer loop
      vertex 36.91377229385877 11.893824837053813 0
      vertex 37.75 11.85 0
      vertex 60.800000000000004 0 0
    endloop
  endfacet
  facet normal 0 0 -1
    outer loop
      vertex 27.05 12.92179676972449 0
      vertex 33.75 12.92179676972449 0
      vertex 34.4961068553936 12.541636338859194 0
    endloop
  endfacet
  facet normal 0 0 -1
    outer loop
      vertex 27.752282018339784 13.37786404500042 0
      vertex 33.04771798166021 13.37786404500042 0
      vertex 33.75 12.92179676972449 0
    endloop
  endfacet
  facet normal 0 0 -1
    outer loop
      vertex 28.403044850870867 13.904841396180846 0
      vertex 32.396955149129134 13.904841396180846 0
      vertex 33.04771798166021 13.37786404500042 0
    endloop
  endfacet
  facet normal 0 0 -1
    outer loop
      vertex 28.995158603819156 14.496955149129134 0
      vertex 31.804841396180848 14.496955149129134 0
      vertex 32.396955149129134 13.904841396180846 0
    endloop
  endfacet
  facet normal 0 0 -1
    outer loop
      vertex 29.52213595499958 15.147717981660215 0
      vertex 31.27786404500042 15.147717981660215 0
      vertex 31.804841396180848 14.496955149129134 0
    endloop
  endfacet
  facet normal 0 0 -1
    outer loop
      vertex 29.97820323027551 15.85 0
      vertex 30.821796769724493 15.85 0
      vertex 31.27786404500042 15.147717981660215 0
    endloop
  endfacet
  facet normal 0 0 -1
    outer loop
      vertex 30.358363661140807 16.5961068553936 0
      vertex 30.441636338859194 16.5961068553936 0
      vertex 30.821796769724493 15.85 0
    endloop
  endfacet
  facet normal 0 0 -1
    outer loop
      vertex 30.358363661140807 16.5961068553936 0
      vertex 30.4 16.70457322644957 0
      vertex 30.441636338859194 16.5961068553936 0
    endloop
  endfacet
  facet normal 0 0 -1
    outer loop
      vertex 41.0038931446064 12.541636338859194 0
      vertex 41.75 12.92179676972449 0
      vertex 49.196106855393595 12.541636338859194 0
    endloop
  endfacet
  facet normal 0 0 -1
    outer loop
      vertex 41.75 12.92179676972449 0
      vertex 42.45228201833979 13.37786404500042 0
      vertex 48.449999999999996 12.92179676972449 0
    endloop
  endfacet
  facet normal 0 0 -1
    outer loop
      vertex 42.45228201833979 13.37786404500042 0
      vertex 43.103044850870866 13.904841396180846 0
      vertex 47.74771798166021 13.37786404500042 0
    endloop
  endfacet
  facet normal 0 0 -1
    outer loop
      vertex 43.103044850870866 13.904841396180846 0
      vertex 43.69515860381915 14.496955149129134 0
      vertex 47.09695514912913 13.904841396180846 0
    endloop
  endfacet
  facet normal 0 0 -1
    outer loop
      vertex 43.69515860381915 14.496955149129134 0
      vertex 44.22213595499958 15.147717981660215 0
      vertex 46.504841396180844 14.496955149129134 0
    endloop
  endfacet
  facet normal 0 0 -1
    outer loop
      vertex 44.22213595499958 15.147717981660215 0
      vertex 44.67820323027551 15.85 0
      vertex 45.977864045000416 15.147717981660215 0
    endloop
  endfacet
  facet normal 0 0 -1
    outer loop
      vertex 44.22213595499958 15.147717981660215 0
      vertex 45.977864045000416 15.147717981660215 0
      vertex 46.504841396180844 14.496955149129134 0
    endloop
  endfacet
  facet normal 0 0 -1
    outer loop
      vertex 44.67820323027551 15.85 0
      vertex 45.0583636611408 16.5961068553936 0
      vertex 45.52179676972449 15.85 0
    endloop
  endfacet
  facet normal 0 0 -1
    outer loop
      vertex 44.67820323027551 15.85 0
      vertex 45.52179676972449 15.85 0
      vertex 45.977864045000416 15.147717981660215 0
    endloop
  endfacet
  facet normal 0 0 -1
    outer loop
      vertex 45.0583636611408 16.5961068553936 0
      vertex 45.099999999999994 16.704573226449565 0
      vertex 45.141636338859186 16.5961068553936 0
    endloop
  endfacet
  facet normal 0 0 -1
    outer loop
      vertex 45.52179676972449 15.85 0
      vertex 45.0583636611408 16.5961068553936 0
      vertex 45.141636338859186 16.5961068553936 0
    endloop
  endfacet
  facet normal 0 0 -1
    outer loop
      vertex 37.75 11.85 0
      vertex 38.58622770614123 11.893824837053813 0
      vertex 60.800000000000004 0 0
    endloop
  endfacet
  facet normal 0 0 -1
    outer loop
      vertex 38.58622770614123 11.893824837053813 0
      vertex 39.41329352654208 12.024819194129554 0
      vertex 60.800000000000004 0 0
    endloop
  endfacet
  facet normal 0 0 -1
    outer loop
      vertex 39.41329352654208 12.024819194129554 0
      vertex 40.22213595499958 12.24154786963877 0
      vertex 60.800000000000004 0 0
    endloop
  endfacet
  facet normal 0 0 -1
    outer loop
      vertex 40.22213595499958 12.24154786963877 0
      vertex 41.0038931446064 12.541636338859194 0
      vertex 60.800000000000004 0 0
    endloop
  endfacet
  facet normal 0 0 -1
    outer loop
      vertex 41.0038931446064 12.541636338859194 0
      vertex 49.196106855393595 12.541636338859194 0
      vertex 60.800000000000004 0 0
    endloop
  endfacet
  facet normal 0 0 -1
    outer loop
      vertex 60.800000000000004 0 0
      vertex 49.196106855393595 12.541636338859194 0
      vertex 49.977864045000416 12.24154786963877 0
    endloop
  endfacet
  facet normal 0 0 -1
    outer loop
      vertex 60.800000000000004 0 0
      vertex 49.977864045000416 12.24154786963877 0
      vertex 50.78670647345792 12.024819194129554 0
    endloop
  endfacet
  facet normal 0 0 -1
    outer loop
      vertex 60.800000000000004 0 0
      vertex 50.78670647345792 12.024819194129554 0
      vertex 51.613772293858766 11.893824837053813 0
    endloop
  endfacet
  facet normal 0 0 -1
    outer loop
      vertex 60.800000000000004 0 0
      vertex 51.613772293858766 11.893824837053813 0
      vertex 52.449999999999996 11.85 0
    endloop
  endfacet
  facet normal 0 0 -1
    outer loop
      vertex 60.800000000000004 0 0
      vertex 52.449999999999996 11.85 0
      vertex 53.286227706141226 11.893824837053813 0
    endloop
  endfacet
  facet normal 0 0 -1
    outer loop
      vertex 60.800000000000004 0 0
      vertex 53.286227706141226 11.893824837053813 0
      vertex 54.11329352654207 12.024819194129554 0
    endloop
  endfacet
  facet normal 0 0 -1
    outer loop
      vertex 60.800000000000004 0 0
      vertex 54.11329352654207 12.024819194129554 0
      vertex 54.922135954999575 12.24154786963877 0
    endloop
  endfacet
  facet normal 0 0 -1
    outer loop
      vertex 60.800000000000004 0 0
      vertex 54.922135954999575 12.24154786963877 0
      vertex 55.7038931446064 12.541636338859194 0
    endloop
  endfacet
  facet normal 0 0 -1
    outer loop
      vertex 60.800000000000004 0 0
      vertex 55.7038931446064 12.541636338859194 0
      vertex 56.449999999999996 12.92179676972449 0
    endloop
  endfacet
  facet normal 0 0 -1
    outer loop
      vertex 60.800000000000004 0 0
      vertex 56.449999999999996 12.92179676972449 0
      vertex 57.15228201833978 13.37786404500042 0
    endloop
  endfacet
  facet normal 0 0 -1
    outer loop
      vertex 60.800000000000004 0 0
      vertex 57.15228201833978 13.37786404500042 0
      vertex 57.80304485087086 13.904841396180846 0
    endloop
  endfacet
  facet normal 0 0 -1
    outer loop
      vertex 60.800000000000004 0 0
      vertex 57.80304485087086 13.904841396180846 0
      vertex 58.39515860381915 14.496955149129134 0
    endloop
  endfacet
  facet normal 0 0 -1
    outer loop
      vertex 60.800000000000004 0 0
      vertex 58.39515860381915 14.496955149129134 0
      vertex 58.922135954999575 15.147717981660215 0
    endloop
  endfacet
  facet normal 0 -1 0
    outer loop
      vertex 60.800000000000004 0 0
      vertex 42.75 0 38
      vertex 41.75 0 38
    endloop
  endfacet
  facet normal 0 -1 0
    outer loop
      vertex 60.800000000000004 0 0
      vertex 47.449999999999996 0 38
      vertex 42.75 0 38
    endloop
  endfacet
  facet normal 0 -1 0
    outer loop
      vertex 60.800000000000004 0 0
      vertex 48.449999999999996 0 38
      vertex 47.449999999999996 0 38
    endloop
  endfacet
  facet normal 0 -1 0
    outer loop
      vertex 60.800000000000004 0 0
      vertex 56.449999999999996 0 38
      vertex 48.449999999999996 0 38
    endloop
  endfacet
  facet normal 0 -1 0
    outer loop
      vertex 60.800000000000004 0 0
      vertex 57.449999999999996 0 38
      vertex 56.449999999999996 0 38
    endloop
  endfacet
  facet normal 0 0 -1
    outer loop
      vertex 41.75 12.92179676972449 0
      vertex 48.449999999999996 12.92179676972449 0
      vertex 49.196106855393595 12.541636338859194 0
    endloop
  endfacet
  facet normal 0 0 -1
    outer loop
      vertex 42.45228201833979 13.37786404500042 0
      vertex 47.74771798166021 13.37786404500042 0
      vertex 48.449999999999996 12.92179676972449 0
    endloop
  endfacet
  facet normal 0 0 -1
    outer loop
      vertex 43.103044850870866 13.904841396180846 0
      vertex 47.09695514912913 13.904841396180846 0
      vertex 47.74771798166021 13.37786404500042 0
    endloop
  endfacet
  facet normal 0 0 -1
    outer loop
      vertex 43.69515860381915 14.496955149129134 0
      vertex 46.504841396180844 14.496955149129134 0
      vertex 47.09695514912913 13.904841396180846 0
    endloop
  endfacet
  facet normal 0 0 -1
    outer loop
      vertex 60.800000000000004 0 0
      vertex 58.922135954999575 15.147717981660215 0
      vertex 59.3782032302755 15.85 0
    endloop
  endfacet
  facet normal 0 0 -1
    outer loop
      vertex 60.800000000000004 0 0
      vertex 59.3782032302755 15.85 0
      vertex 59.758363661140805 16.5961068553936 0
    endloop
  endfacet
  facet normal 0 0 -1
    outer loop
      vertex 60.800000000000004 0 0
      vertex 59.758363661140805 16.5961068553936 0
      vertex 60.058452130361225 17.377864045000422 0
    endloop
  endfacet
  facet normal 0 0 -1
    outer loop
      vertex 60.800000000000004 0 0
      vertex 60.058452130361225 17.377864045000422 0
      vertex 60.27518080587044 18.186706473457928 0
    endloop
  endfacet
  facet normal 0 0 -1
    outer loop
      vertex 60.800000000000004 0 0
      vertex 60.27518080587044 18.186706473457928 0
      vertex 60.406175162946184 19.013772293858775 0
    endloop
  endfacet
  facet normal 0 0 -1
    outer loop
      vertex 60.800000000000004 0 0
      vertex 60.406175162946184 19.013772293858775 0
      vertex 60.449999999999996 19.85 0
    endloop
  endfacet
  facet normal 1 0 0
    outer loop
      vertex 60.800000000000004 0 0
      vertex 60.800000000000004 39.7 0
      vertex 60.800000000000004 0 58
    endloop
  endfacet
  facet normal 0 -1 0
    outer loop
      vertex 28.05 0 38
      vertex 32.75 0 38
      vertex 32.75 0 58
    endloop
  endfacet
  facet normal 0 0 1
    outer loop
      vertex 29.28628965095479 2.2617387872822836 58
      vertex 31.513710349045212 2.2617387872822836 58
      vertex 31.381966011250107 2.424429495415054 58
    endloop
  endfacet
  facet normal 0 0 1
    outer loop
      vertex 29.28628965095479 2.2617387872822836 58
      vertex 31.66173878728228 2.1137103490452116 58
      vertex 31.513710349045212 2.2617387872822836 58
    endloop
  endfacet
  facet normal 0 0 1
    outer loop
      vertex 29.28628965095479 2.2617387872822836 58
      vertex 31.824429495415053 1.9819660112501052 58
      vertex 31.66173878728228 2.1137103490452116 58
    endloop
  endfacet
  facet normal 0 0 1
    outer loop
      vertex 29.28628965095479 2.2617387872822836 58
      vertex 32 1.867949192431123 58
      vertex 31.824429495415053 1.9819660112501052 58
    endloop
  endfacet
  facet normal 0 0 1
    outer loop
      vertex 29.28628965095479 2.2617387872822836 58
      vertex 32.1865267138484 1.7729090847147984 58
      vertex 32 1.867949192431123 58
    endloop
  endfacet
  facet normal 0 0 1
    outer loop
      vertex 29.28628965095479 2.2617387872822836 58
      vertex 32.75 0 58
      vertex 32.1865267138484 1.7729090847147984 58
    endloop
  endfacet
  facet normal 0 0 1
    outer loop
      vertex 32.1865267138484 1.7729090847147984 58
      vertex 32.75 0 58
      vertex 32.38196601125011 1.697886967409693 58
    endloop
  endfacet
  facet normal 0 0 1
    outer loop
      vertex 32.75 0 58
      vertex 32.58417661836448 1.6437047985323887 58
      vertex 32.38196601125011 1.697886967409693 58
    endloop
  endfacet
  facet normal 0 0 1
    outer loop
      vertex 32.75 0 58
      vertex 32.75 1.6174409550393256 58
      vertex 32.58417661836448 1.6437047985323887 58
    endloop
  endfacet
  facet normal 0 0 1
    outer loop
      vertex 29.418033988749897 2.424429495415054 58
      vertex 31.381966011250107 2.424429495415054 58
      vertex 31.26794919243112 2.6 58
    endloop
  endfacet
  facet normal 0 0 1
    outer loop
      vertex 29.53205080756888 2.6 58
      vertex 31.26794919243112 2.6 58
      vertex 31.1729090847148 2.7865267138484 58
    endloop
  endfacet
  facet normal 0 0 1
    outer loop
      vertex 29.6270909152852 2.7865267138484 58
      vertex 31.1729090847148 2.7865267138484 58
      vertex 31.097886967409693 2.981966011250105 58
    endloop
  endfacet
  facet normal 0 0 1
    outer loop
      vertex 29.702113032590308 2.981966011250105 58
      vertex 31.097886967409693 2.981966011250105 58
      vertex 31.04370479853239 3.1841766183644813 58
    endloop
  endfacet
  facet normal 0 0 1
    outer loop
      vertex 29.756295201467612 3.1841766183644813 58
      vertex 31.04370479853239 3.1841766183644813 58
      vertex 31.010956209263455 3.390943073464693 58
    endloop
  endfacet
  facet normal 0 0 1
    outer loop
      vertex 29.78904379073655 3.390943073464693 58
      vertex 31.010956209263455 3.390943073464693 58
      vertex 31 3.6 58
    endloop
  endfacet
  facet normal 0 -1 0
    outer loop
      vertex 33.75 0 38
      vertex 41.75 0 58
      vertex 33.75 0 58
    endloop
  endfacet
  facet normal 0 0 1
    outer loop
      vertex 33.75 0 58
      vertex 41.75 0 58
      vertex 33.75 1.6 58
    endloop
  endfacet
  facet normal 0 0 1
    outer loop
      vertex 33.75 1.6 58
      vertex 41.75 0 58
      vertex 34.5 1.6 58
    endloop
  endfacet
  facet normal 0 -1 0
    outer loop
      vertex 33.75 0 38
      vertex 41.75 0 38
      vertex 41.75 0 58
    endloop
  endfacet
  facet normal 0 0 1
    outer loop
      vertex 41.75 0 58
      vertex 41 1.6 58
      vertex 34.5 1.6 58
    endloop
  endfacet
  facet normal 0 0 1
    outer loop
      vertex 41.75 1.6 58
      vertex 41 1.6 58
      vertex 41.75 0 58
    endloop
  endfacet
  facet normal 0 -1 0
    outer loop
      vertex 42.75 0 38
      vertex 47.449999999999996 0 58
      vertex 42.75 0 58
    endloop
  endfacet
  facet normal 0 0 1
    outer loop
      vertex 42.75 0 58
      vertex 42.91582338163552 1.6437047985323887 58
      vertex 42.75 1.6174409550393247 58
    endloop
  endfacet
  facet normal 0 0 1
    outer loop
      vertex 42.75 0 58
      vertex 47.449999999999996 0 58
      vertex 42.91582338163552 1.6437047985323887 58
    endloop
  endfacet
  facet normal 0 0 1
    outer loop
      vertex 42.91582338163552 1.6437047985323887 58
      vertex 47.449999999999996 0 58
      vertex 43.11803398874989 1.697886967409693 58
    endloop
  endfacet
  facet normal 0 0 1
    outer loop
      vertex 43.11803398874989 1.697886967409693 58
      vertex 47.449999999999996 0 58
      vertex 43.3134732861516 1.7729090847147984 58
    endloop
  endfacet
  facet normal 0 0 1
    outer loop
      vertex 43.3134732861516 1.7729090847147984 58
      vertex 47.449999999999996 0 58
      vertex 43.5 1.867949192431123 58
    endloop
  endfacet
  facet normal 0 0 1
    outer loop
      vertex 43.5 1.867949192431123 58
      vertex 47.449999999999996 0 58
      vertex 43.67557050458495 1.9819660112501052 58
    endloop
  endfacet
  facet normal 0 0 1
    outer loop
      vertex 43.67557050458495 1.9819660112501052 58
      vertex 47.449999999999996 0 58
      vertex 43.83826121271772 2.1137103490452116 58
    endloop
  endfacet
  facet normal 0 0 1
    outer loop
      vertex 43.83826121271772 2.1137103490452116 58
      vertex 47.449999999999996 0 58
      vertex 43.98628965095479 2.2617387872822836 58
    endloop
  endfacet
  facet normal 0 0 1
    outer loop
      vertex 43.98628965095479 2.2617387872822836 58
      vertex 46.0819660112501 2.424429495415054 58
      vertex 44.11803398874989 2.424429495415054 58
    endloop
  endfacet
  facet normal 0 0 1
    outer loop
      vertex 43.98628965095479 2.2617387872822836 58
      vertex 46.21371034904521 2.2617387872822836 58
      vertex 46.0819660112501 2.424429495415054 58
    endloop
  endfacet
  facet normal 0 0 1
    outer loop
      vertex 43.98628965095479 2.2617387872822836 58
      vertex 46.36173878728228 2.1137103490452116 58
      vertex 46.21371034904521 2.2617387872822836 58
    endloop
  endfacet
  facet normal 0 0 1
    outer loop
      vertex 44.11803398874989 2.424429495415054 58
      vertex 45.96794919243112 2.6 58
      vertex 44.232050807568875 2.6 58
    endloop
  endfacet
  facet normal 0 0 1
    outer loop
      vertex 44.232050807568875 2.6 58
      vertex 45.87290908471479 2.7865267138484 58
      vertex 44.327090915285204 2.7865267138484 58
    endloop
  endfacet
  facet normal 0 0 1
    outer loop
      vertex 44.327090915285204 2.7865267138484 58
      vertex 45.79788696740969 2.981966011250105 58
      vertex 44.40211303259031 2.981966011250105 58
    endloop
  endfacet
  facet normal 0 0 1
    outer loop
      vertex 44.232050807568875 2.6 58
      vertex 45.96794919243112 2.6 58
      vertex 45.87290908471479 2.7865267138484 58
    endloop
  endfacet
  facet normal 0 0 1
    outer loop
      vertex 44.11803398874989 2.424429495415054 58
      vertex 46.0819660112501 2.424429495415054 58
      vertex 45.96794919243112 2.6 58
    endloop
  endfacet
  facet normal 0 0 1
    outer loop
      vertex 44.327090915285204 2.7865267138484 58
      vertex 45.87290908471479 2.7865267138484 58
      vertex 45.79788696740969 2.981966011250105 58
    endloop
  endfacet
  facet normal 0 0 1
    outer loop
      vertex 44.40211303259031 2.981966011250105 58
      vertex 45.79788696740969 2.981966011250105 58
      vertex 45.743704798532384 3.1841766183644813 58
    endloop
  endfacet
  facet normal 0 0 1
    outer loop
      vertex 44.40211303259031 2.981966011250105 58
      vertex 45.743704798532384 3.1841766183644813 58
      vertex 44.45629520146761 3.1841766183644813 58
    endloop
  endfacet
  facet normal 0 0 1
    outer loop
      vertex 44.45629520146761 3.1841766183644813 58
      vertex 45.71095620926345 3.390943073464693 58
      vertex 44.489043790736545 3.390943073464693 58
    endloop
  endfacet
  facet normal 0 0 1
    outer loop
      vertex 44.489043790736545 3.390943073464693 58
      vertex 45.699999999999996 3.6 58
      vertex 44.5 3.6 58
    endloop
  endfacet
  facet normal 0 0 1
    outer loop
      vertex 44.45629520146761 3.1841766183644813 58
      vertex 45.743704798532384 3.1841766183644813 58
      vertex 45.71095620926345 3.390943073464693 58
    endloop
  endfacet
  facet normal 0 0 1
    outer loop
      vertex 44.489043790736545 3.390943073464693 58
      vertex 45.71095620926345 3.390943073464693 58
      vertex 45.699999999999996 3.6 58
    endloop
  endfacet
  facet normal 0 0 1
    outer loop
      vertex 29.8 3.6 58
      vertex 31 3.6 58
      vertex 31 36.1 58
    endloop
  endfacet
  facet normal 0 0 1
    outer loop
      vertex 44.5 3.6 58
      vertex 45.699999999999996 3.6 58
      vertex 45.699999999999996 36.1 58
    endloop
  endfacet
  facet normal 0 -1 0
    outer loop
      vertex 60.800000000000004 0 0
      vertex 60.800000000000004 0 58
      vertex 57.449999999999996 0 38
    endloop
  endfacet
  facet normal 0 -1 0
    outer loop
      vertex 42.75 0 38
      vertex 47.449999999999996 0 38
      vertex 47.449999999999996 0 58
    endloop
  endfacet
  facet normal 0 0 1
    outer loop
      vertex 47.449999999999996 0 58
      vertex 47.0819660112501 1.697886967409693 58
      vertex 46.8865267138484 1.7729090847147984 58
    endloop
  endfacet
  facet normal 0 0 1
    outer loop
      vertex 47.449999999999996 0 58
      vertex 47.28417661836448 1.6437047985323887 58
      vertex 47.0819660112501 1.697886967409693 58
    endloop
  endfacet
  facet normal 0 0 1
    outer loop
      vertex 47.449999999999996 0 58
      vertex 47.449999999999996 1.6174409550393256 58
      vertex 47.28417661836448 1.6437047985323887 58
    endloop
  endfacet
  facet normal 0 0 1
    outer loop
      vertex 43.98628965095479 2.2617387872822836 58
      vertex 47.449999999999996 0 58
      vertex 46.8865267138484 1.7729090847147984 58
    endloop
  endfacet
  facet normal 0 0 1
    outer loop
      vertex 43.98628965095479 2.2617387872822836 58
      vertex 46.52442949541505 1.9819660112501052 58
      vertex 46.36173878728228 2.1137103490452116 58
    endloop
  endfacet
  facet normal 0 0 1
    outer loop
      vertex 43.98628965095479 2.2617387872822836 58
      vertex 46.699999999999996 1.867949192431123 58
      vertex 46.52442949541505 1.9819660112501052 58
    endloop
  endfacet
  facet normal 0 0 1
    outer loop
      vertex 43.98628965095479 2.2617387872822836 58
      vertex 46.8865267138484 1.7729090847147984 58
      vertex 46.699999999999996 1.867949192431123 58
    endloop
  endfacet
  facet normal 0 -1 0
    outer loop
      vertex 48.449999999999996 0 38
      vertex 56.449999999999996 0 58
      vertex 48.449999999999996 0 58
    endloop
  endfacet
  facet normal 0 0 1
    outer loop
      vertex 48.449999999999996 0 58
      vertex 56.449999999999996 0 58
      vertex 48.449999999999996 1.6 58
    endloop
  endfacet
  facet normal 0 0 1
    outer loop
      vertex 48.449999999999996 1.6 58
      vertex 56.449999999999996 0 58
      vertex 49.199999999999996 1.6 58
    endloop
  endfacet
  facet normal 0 -1 0
    outer loop
      vertex 48.449999999999996 0 38
      vertex 56.449999999999996 0 38
      vertex 56.449999999999996 0 58
    endloop
  endfacet
  facet normal 0 0 1
    outer loop
      vertex 56.449999999999996 0 58
      vertex 55.699999999999996 1.6 58
      vertex 49.199999999999996 1.6 58
    endloop
  endfacet
  facet normal 0 0 1
    outer loop
      vertex 56.449999999999996 1.6 58
      vertex 55.699999999999996 1.6 58
      vertex 56.449999999999996 0 58
    endloop
  endfacet
  facet normal 0 -1 0
    outer loop
      vertex 57.449999999999996 0 38
      vertex 60.800000000000004 0 58
      vertex 57.449999999999996 0 58
    endloop
  endfacet
  facet normal 0 0 1
    outer loop
      vertex 57.449999999999996 0 58
      vertex 57.615823381635515 1.6437047985323887 58
      vertex 57.449999999999996 1.6174409550393256 58
    endloop
  endfacet
  facet normal 0 0 1
    outer loop
      vertex 57.449999999999996 0 58
      vertex 60.800000000000004 0 58
      vertex 57.615823381635515 1.6437047985323887 58
    endloop
  endfacet
  facet normal 0 0 1
    outer loop
      vertex 57.615823381635515 1.6437047985323887 58
      vertex 60.800000000000004 0 58
      vertex 57.81803398874989 1.697886967409693 58
    endloop
  endfacet
  facet normal 0 0 1
    outer loop
      vertex 57.81803398874989 1.697886967409693 58
      vertex 60.800000000000004 0 58
      vertex 58.013473286151594 1.7729090847147984 58
    endloop
  endfacet
  facet normal 0 0 1
    outer loop
      vertex 58.013473286151594 1.7729090847147984 58
      vertex 60.800000000000004 0 58
      vertex 58.199999999999996 1.867949192431123 58
    endloop
  endfacet
  facet normal 0 0 1
    outer loop
      vertex 58.199999999999996 1.867949192431123 58
      vertex 60.800000000000004 0 58
      vertex 58.37557050458494 1.9819660112501052 58
    endloop
  endfacet
  facet normal 0 0 1
    outer loop
      vertex 58.37557050458494 1.9819660112501052 58
      vertex 60.800000000000004 0 58
      vertex 58.538261212717714 2.1137103490452116 58
    endloop
  endfacet
  facet normal 0 0 1
    outer loop
      vertex 58.538261212717714 2.1137103490452116 58
      vertex 60.800000000000004 0 58
      vertex 58.686289650954784 2.2617387872822836 58
    endloop
  endfacet
  facet normal 0 0 1
    outer loop
      vertex 58.686289650954784 2.2617387872822836 58
      vertex 60.800000000000004 0 58
      vertex 58.81803398874989 2.424429495415054 58
    endloop
  endfacet
  facet normal 0 0 1
    outer loop
      vertex 58.81803398874989 2.424429495415054 58
      vertex 60.800000000000004 0 58
      vertex 58.93205080756887 2.6 58
    endloop
  endfacet
  facet normal 0 0 1
    outer loop
      vertex 60.800000000000004 0 58
      vertex 59.0270909152852 2.7865267138484 58
      vertex 58.93205080756887 2.6 58
    endloop
  endfacet
  facet normal 0 0 1
    outer loop
      vertex 60.800000000000004 0 58
      vertex 59.1021130325903 2.981966011250105 58
      vertex 59.0270909152852 2.7865267138484 58
    endloop
  endfacet
  facet normal 0 0 1
    outer loop
      vertex 60.800000000000004 0 58
      vertex 59.15629520146761 3.1841766183644813 58
      vertex 59.1021130325903 2.981966011250105 58
    endloop
  endfacet
  facet normal 0 0 1
    outer loop
      vertex 60.800000000000004 0 58
      vertex 59.18904379073654 3.390943073464693 58
      vertex 59.15629520146761 3.1841766183644813 58
    endloop
  endfacet
  facet normal 0 0 1
    outer loop
      vertex 60.800000000000004 0 58
      vertex 59.199999999999996 3.6 58
      vertex 59.18904379073654 3.390943073464693 58
    endloop
  endfacet
  facet normal 0 0 1
    outer loop
      vertex 60.800000000000004 0 58
      vertex 60.800000000000004 39.7 58
      vertex 59.199999999999996 3.6 58
    endloop
  endfacet
  facet normal 0 0 -1
    outer loop
      vertex 30.4 22.995426773550435 0
      vertex 30.358363661140807 23.103893144606403 0
      vertex 30.441636338859194 23.103893144606403 0
    endloop
  endfacet
  facet normal 0 0 -1
    outer loop
      vertex 29.97820323027551 23.85 0
      vertex 30.821796769724493 23.85 0
      vertex 30.441636338859194 23.103893144606403 0
    endloop
  endfacet
  facet normal 0 0 -1
    outer loop
      vertex 29.52213595499958 24.55228201833979 0
      vertex 31.27786404500042 24.55228201833979 0
      vertex 30.821796769724493 23.85 0
    endloop
  endfacet
  facet normal 0 0 -1
    outer loop
      vertex 28.995158603819156 25.203044850870867 0
      vertex 31.804841396180848 25.203044850870867 0
      vertex 31.27786404500042 24.55228201833979 0
    endloop
  endfacet
  facet normal 0 0 -1
    outer loop
      vertex 28.403044850870867 25.795158603819154 0
      vertex 32.396955149129134 25.795158603819154 0
      vertex 31.804841396180848 25.203044850870867 0
    endloop
  endfacet
  facet normal 0 0 -1
    outer loop
      vertex 27.752282018339784 26.32213595499958 0
      vertex 33.04771798166021 26.32213595499958 0
      vertex 32.396955149129134 25.795158603819154 0
    endloop
  endfacet
  facet normal 0 0 -1
    outer loop
      vertex 27.05 26.77820323027551 0
      vertex 33.75 26.77820323027551 0
      vertex 33.04771798166021 26.32213595499958 0
    endloop
  endfacet
  facet normal 0 0 -1
    outer loop
      vertex 45.099999999999994 22.995426773550438 0
      vertex 45.0583636611408 23.103893144606403 0
      vertex 45.141636338859186 23.103893144606403 0
    endloop
  endfacet
  facet normal 0 0 -1
    outer loop
      vertex 45.0583636611408 23.103893144606403 0
      vertex 44.67820323027551 23.85 0
      vertex 45.141636338859186 23.103893144606403 0
    endloop
  endfacet
  facet normal 0 0 -1
    outer loop
      vertex 44.22213595499958 24.55228201833979 0
      vertex 43.69515860381915 25.203044850870867 0
      vertex 45.977864045000416 24.55228201833979 0
    endloop
  endfacet
  facet normal 0 0 -1
    outer loop
      vertex 45.141636338859186 23.103893144606403 0
      vertex 44.67820323027551 23.85 0
      vertex 45.52179676972449 23.85 0
    endloop
  endfacet
  facet normal 0 0 -1
    outer loop
      vertex 44.22213595499958 24.55228201833979 0
      vertex 45.52179676972449 23.85 0
      vertex 44.67820323027551 23.85 0
    endloop
  endfacet
  facet normal 0 0 -1
    outer loop
      vertex 44.22213595499958 24.55228201833979 0
      vertex 45.977864045000416 24.55228201833979 0
      vertex 45.52179676972449 23.85 0
    endloop
  endfacet
  facet normal 0 0 -1
    outer loop
      vertex 43.69515860381915 25.203044850870867 0
      vertex 43.103044850870866 25.795158603819154 0
      vertex 46.504841396180844 25.203044850870867 0
    endloop
  endfacet
  facet normal 0 0 -1
    outer loop
      vertex 43.103044850870866 25.795158603819154 0
      vertex 42.45228201833979 26.32213595499958 0
      vertex 47.09695514912913 25.795158603819154 0
    endloop
  endfacet
  facet normal 0 0 -1
    outer loop
      vertex 43.69515860381915 25.203044850870867 0
      vertex 46.504841396180844 25.203044850870867 0
      vertex 45.977864045000416 24.55228201833979 0
    endloop
  endfacet
  facet normal 0 0 -1
    outer loop
      vertex 43.103044850870866 25.795158603819154 0
      vertex 47.09695514912913 25.795158603819154 0
      vertex 46.504841396180844 25.203044850870867 0
    endloop
  endfacet
  facet normal 0 0 -1
    outer loop
      vertex 0 39.7 0
      vertex 60.800000000000004 39.7 0
      vertex 37.75 27.85 0
    endloop
  endfacet
  facet normal 0 1 0
    outer loop
      vertex 19.05 39.7 38
      vertex 27.05 39.7 38
      vertex 60.800000000000004 39.7 0
    endloop
  endfacet
  facet normal 0 1 0
    outer loop
      vertex 27.05 39.7 38
      vertex 28.05 39.7 38
      vertex 60.800000000000004 39.7 0
    endloop
  endfacet
  facet normal 0 1 0
    outer loop
      vertex 28.05 39.7 38
      vertex 32.75 39.7 38
      vertex 60.800000000000004 39.7 0
    endloop
  endfacet
  facet normal 0 1 0
    outer loop
      vertex 60.800000000000004 39.7 0
      vertex 32.75 39.7 38
      vertex 33.75 39.7 38
    endloop
  endfacet
  facet normal 0 1 0
    outer loop
      vertex 60.800000000000004 39.7 0
      vertex 33.75 39.7 38
      vertex 41.75 39.7 38
    endloop
  endfacet
  facet normal 0 0 -1
    outer loop
      vertex 42.45228201833979 26.32213595499958 0
      vertex 47.74771798166021 26.32213595499958 0
      vertex 47.09695514912913 25.795158603819154 0
    endloop
  endfacet
  facet normal 0 0 -1
    outer loop
      vertex 60.800000000000004 0 0
      vertex 60.449999999999996 19.85 0
      vertex 60.800000000000004 39.7 0
    endloop
  endfacet
  facet normal 0 0 -1
    outer loop
      vertex 60.449999999999996 19.85 0
      vertex 60.406175162946184 20.686227706141228 0
      vertex 60.800000000000004 39.7 0
    endloop
  endfacet
  facet normal 0 0 -1
    outer loop
      vertex 60.406175162946184 20.686227706141228 0
      vertex 60.27518080587044 21.513293526542075 0
      vertex 60.800000000000004 39.7 0
    endloop
  endfacet
  facet normal 0 0 -1
    outer loop
      vertex 60.27518080587044 21.513293526542075 0
      vertex 60.058452130361225 22.32213595499958 0
      vertex 60.800000000000004 39.7 0
    endloop
  endfacet
  facet normal 0 0 -1
    outer loop
      vertex 60.058452130361225 22.32213595499958 0
      vertex 59.758363661140805 23.103893144606403 0
      vertex 60.800000000000004 39.7 0
    endloop
  endfacet
  facet normal 0 0 -1
    outer loop
      vertex 59.3782032302755 23.85 0
      vertex 58.922135954999575 24.55228201833979 0
      vertex 60.800000000000004 39.7 0
    endloop
  endfacet
  facet normal 0 0 -1
    outer loop
      vertex 59.758363661140805 23.103893144606403 0
      vertex 59.3782032302755 23.85 0
      vertex 60.800000000000004 39.7 0
    endloop
  endfacet
  facet normal 0 0 -1
    outer loop
      vertex 37.75 27.85 0
      vertex 60.800000000000004 39.7 0
      vertex 38.58622770614123 27.80617516294619 0
    endloop
  endfacet
  facet normal 0 0 -1
    outer loop
      vertex 38.58622770614123 27.80617516294619 0
      vertex 60.800000000000004 39.7 0
      vertex 39.41329352654208 27.675180805870447 0
    endloop
  endfacet
  facet normal 0 0 -1
    outer loop
      vertex 39.41329352654208 27.675180805870447 0
      vertex 60.800000000000004 39.7 0
      vertex 40.22213595499958 27.45845213036123 0
    endloop
  endfacet
  facet normal 0 0 -1
    outer loop
      vertex 41.0038931446064 27.158363661140807 0
      vertex 40.22213595499958 27.45845213036123 0
      vertex 60.800000000000004 39.7 0
    endloop
  endfacet
  facet normal 0 0 -1
    outer loop
      vertex 41.75 26.77820323027551 0
      vertex 60.800000000000004 39.7 0
      vertex 42.45228201833979 26.32213595499958 0
    endloop
  endfacet
  facet normal 0 0 -1
    outer loop
      vertex 41.0038931446064 27.158363661140807 0
      vertex 60.800000000000004 39.7 0
      vertex 41.75 26.77820323027551 0
    endloop
  endfacet
  facet normal 0 0 -1
    outer loop
      vertex 42.45228201833979 26.32213595499958 0
      vertex 60.800000000000004 39.7 0
      vertex 47.74771798166021 26.32213595499958 0
    endloop
  endfacet
  facet normal 0 0 -1
    outer loop
      vertex 47.74771798166021 26.32213595499958 0
      vertex 60.800000000000004 39.7 0
      vertex 48.449999999999996 26.77820323027551 0
    endloop
  endfacet
  facet normal 0 0 -1
    outer loop
      vertex 48.449999999999996 26.77820323027551 0
      vertex 60.800000000000004 39.7 0
      vertex 49.196106855393595 27.158363661140807 0
    endloop
  endfacet
  facet normal 0 0 -1
    outer loop
      vertex 49.196106855393595 27.158363661140807 0
      vertex 60.800000000000004 39.7 0
      vertex 49.977864045000416 27.45845213036123 0
    endloop
  endfacet
  facet normal 0 0 -1
    outer loop
      vertex 49.977864045000416 27.45845213036123 0
      vertex 60.800000000000004 39.7 0
      vertex 50.78670647345792 27.675180805870447 0
    endloop
  endfacet
  facet normal 0 0 -1
    outer loop
      vertex 50.78670647345792 27.675180805870447 0
      vertex 60.800000000000004 39.7 0
      vertex 51.613772293858766 27.80617516294619 0
    endloop
  endfacet
  facet normal 0 0 -1
    outer loop
      vertex 51.613772293858766 27.80617516294619 0
      vertex 60.800000000000004 39.7 0
      vertex 52.449999999999996 27.85 0
    endloop
  endfacet
  facet normal 0 0 -1
    outer loop
      vertex 52.449999999999996 27.85 0
      vertex 60.800000000000004 39.7 0
      vertex 53.286227706141226 27.80617516294619 0
    endloop
  endfacet
  facet normal 0 0 -1
    outer loop
      vertex 54.11329352654207 27.675180805870447 0
      vertex 60.800000000000004 39.7 0
      vertex 54.922135954999575 27.45845213036123 0
    endloop
  endfacet
  facet normal 0 0 -1
    outer loop
      vertex 53.286227706141226 27.80617516294619 0
      vertex 60.800000000000004 39.7 0
      vertex 54.11329352654207 27.675180805870447 0
    endloop
  endfacet
  facet normal 0 0 -1
    outer loop
      vertex 56.449999999999996 26.77820323027551 0
      vertex 60.800000000000004 39.7 0
      vertex 57.15228201833978 26.32213595499958 0
    endloop
  endfacet
  facet normal 0 0 -1
    outer loop
      vertex 57.80304485087086 25.795158603819154 0
      vertex 57.15228201833978 26.32213595499958 0
      vertex 60.800000000000004 39.7 0
    endloop
  endfacet
  facet normal 0 0 -1
    outer loop
      vertex 55.7038931446064 27.158363661140807 0
      vertex 54.922135954999575 27.45845213036123 0
      vertex 60.800000000000004 39.7 0
    endloop
  endfacet
  facet normal 0 0 -1
    outer loop
      vertex 55.7038931446064 27.158363661140807 0
      vertex 60.800000000000004 39.7 0
      vertex 56.449999999999996 26.77820323027551 0
    endloop
  endfacet
  facet normal 0 0 -1
    outer loop
      vertex 58.922135954999575 24.55228201833979 0
      vertex 58.39515860381915 25.203044850870867 0
      vertex 60.800000000000004 39.7 0
    endloop
  endfacet
  facet normal 0 0 -1
    outer loop
      vertex 57.80304485087086 25.795158603819154 0
      vertex 60.800000000000004 39.7 0
      vertex 58.39515860381915 25.203044850870867 0
    endloop
  endfacet
  facet normal 0 1 0
    outer loop
      vertex 60.800000000000004 39.7 0
      vertex 41.75 39.7 38
      vertex 42.75 39.7 38
    endloop
  endfacet
  facet normal 0 1 0
    outer loop
      vertex 60.800000000000004 39.7 0
      vertex 42.75 39.7 38
      vertex 47.449999999999996 39.7 38
    endloop
  endfacet
  facet normal 0 1 0
    outer loop
      vertex 60.800000000000004 39.7 0
      vertex 47.449999999999996 39.7 38
      vertex 48.449999999999996 39.7 38
    endloop
  endfacet
  facet normal 0 1 0
    outer loop
      vertex 60.800000000000004 39.7 0
      vertex 48.449999999999996 39.7 38
      vertex 56.449999999999996 39.7 38
    endloop
  endfacet
  facet normal 0 1 0
    outer loop
      vertex 60.800000000000004 39.7 0
      vertex 56.449999999999996 39.7 38
      vertex 57.449999999999996 39.7 38
    endloop
  endfacet
  facet normal 0 0 1
    outer loop
      vertex 44.5 3.6 58
      vertex 45.699999999999996 36.1 58
      vertex 44.5 36.1 58
    endloop
  endfacet
  facet normal 0 1 0
    outer loop
      vertex 33.75 39.7 38
      vertex 33.75 39.7 58
      vertex 41.75 39.7 38
    endloop
  endfacet
  facet normal 0 0 1
    outer loop
      vertex 29.8 36.1 58
      vertex 31 36.1 58
      vertex 31.010956209263455 36.309056926535305 58
    endloop
  endfacet
  facet normal 0 0 1
    outer loop
      vertex 29.78904379073655 36.309056926535305 58
      vertex 31.010956209263455 36.309056926535305 58
      vertex 31.04370479853239 36.51582338163552 58
    endloop
  endfacet
  facet normal 0 0 1
    outer loop
      vertex 29.756295201467612 36.51582338163552 58
      vertex 31.04370479853239 36.51582338163552 58
      vertex 31.097886967409693 36.718033988749895 58
    endloop
  endfacet
  facet normal 0 0 1
    outer loop
      vertex 29.702113032590308 36.718033988749895 58
      vertex 31.097886967409693 36.718033988749895 58
      vertex 31.1729090847148 36.9134732861516 58
    endloop
  endfacet
  facet normal 0 0 1
    outer loop
      vertex 29.6270909152852 36.9134732861516 58
      vertex 31.1729090847148 36.9134732861516 58
      vertex 31.26794919243112 37.1 58
    endloop
  endfacet
  facet normal 0 0 1
    outer loop
      vertex 29.53205080756888 37.1 58
      vertex 31.26794919243112 37.1 58
      vertex 31.381966011250107 37.27557050458495 58
    endloop
  endfacet
  facet normal 0 1 0
    outer loop
      vertex 28.05 39.7 58
      vertex 32.75 39.7 58
      vertex 32.75 39.7 38
    endloop
  endfacet
  facet normal 0 0 1
    outer loop
      vertex 29.418033988749897 37.27557050458495 58
      vertex 31.381966011250107 37.27557050458495 58
      vertex 31.513710349045212 37.43826121271772 58
    endloop
  endfacet
  facet normal 0 0 1
    outer loop
      vertex 28.05 39.7 58
      vertex 31.513710349045212 37.43826121271772 58
      vertex 31.66173878728228 37.58628965095479 58
    endloop
  endfacet
  facet normal 0 0 1
    outer loop
      vertex 28.05 39.7 58
      vertex 31.66173878728228 37.58628965095479 58
      vertex 31.824429495415053 37.718033988749895 58
    endloop
  endfacet
  facet normal 0 0 1
    outer loop
      vertex 28.05 39.7 58
      vertex 31.824429495415053 37.718033988749895 58
      vertex 32 37.832050807568876 58
    endloop
  endfacet
  facet normal 0 0 1
    outer loop
      vertex 28.05 39.7 58
      vertex 32 37.832050807568876 58
      vertex 32.1865267138484 37.927090915285206 58
    endloop
  endfacet
  facet normal 0 0 1
    outer loop
      vertex 28.05 39.7 58
      vertex 32.1865267138484 37.927090915285206 58
      vertex 32.38196601125011 38.00211303259031 58
    endloop
  endfacet
  facet normal 0 0 1
    outer loop
      vertex 28.05 39.7 58
      vertex 32.38196601125011 38.00211303259031 58
      vertex 32.58417661836448 38.05629520146761 58
    endloop
  endfacet
  facet normal 0 0 1
    outer loop
      vertex 28.05 39.7 58
      vertex 32.58417661836448 38.05629520146761 58
      vertex 32.75 39.7 58
    endloop
  endfacet
  facet normal 0 0 1
    outer loop
      vertex 32.58417661836448 38.05629520146761 58
      vertex 32.75 38.082559044960675 58
      vertex 32.75 39.7 58
    endloop
  endfacet
  facet normal 0 0 1
    outer loop
      vertex 33.75 38.1 58
      vertex 34.5 38.1 58
      vertex 33.75 39.7 58
    endloop
  endfacet
  facet normal 0 0 1
    outer loop
      vertex 34.5 38.1 58
      vertex 41 38.1 58
      vertex 33.75 39.7 58
    endloop
  endfacet
  facet normal 0 1 0
    outer loop
      vertex 42.75 39.7 38
      vertex 42.75 39.7 58
      vertex 47.449999999999996 39.7 38
    endloop
  endfacet
  facet normal 0 1 0
    outer loop
      vertex 41.75 39.7 38
      vertex 33.75 39.7 58
      vertex 41.75 39.7 58
    endloop
  endfacet
  facet normal 0 0 1
    outer loop
      vertex 41 38.1 58
      vertex 41.75 38.1 58
      vertex 33.75 39.7 58
    endloop
  endfacet
  facet normal 0 0 1
    outer loop
      vertex 33.75 39.7 58
      vertex 41.75 38.1 58
      vertex 41.75 39.7 58
    endloop
  endfacet
  facet normal 0 0 1
    outer loop
      vertex 44.5 36.1 58
      vertex 45.71095620926345 36.309056926535305 58
      vertex 44.489043790736545 36.309056926535305 58
    endloop
  endfacet
  facet normal 0 0 1
    outer loop
      vertex 44.489043790736545 36.309056926535305 58
      vertex 45.743704798532384 36.51582338163552 58
      vertex 44.45629520146761 36.51582338163552 58
    endloop
  endfacet
  facet normal 0 0 1
    outer loop
      vertex 44.5 36.1 58
      vertex 45.699999999999996 36.1 58
      vertex 45.71095620926345 36.309056926535305 58
    endloop
  endfacet
  facet normal 0 0 1
    outer loop
      vertex 44.489043790736545 36.309056926535305 58
      vertex 45.71095620926345 36.309056926535305 58
      vertex 45.743704798532384 36.51582338163552 58
    endloop
  endfacet
  facet normal 0 0 1
    outer loop
      vertex 44.45629520146761 36.51582338163552 58
      vertex 45.743704798532384 36.51582338163552 58
      vertex 45.79788696740969 36.718033988749895 58
    endloop
  endfacet
  facet normal 0 0 1
    outer loop
      vertex 44.45629520146761 36.51582338163552 58
      vertex 45.79788696740969 36.718033988749895 58
      vertex 44.40211303259031 36.718033988749895 58
    endloop
  endfacet
  facet normal 0 0 1
    outer loop
      vertex 44.40211303259031 36.718033988749895 58
      vertex 45.87290908471479 36.9134732861516 58
      vertex 44.327090915285204 36.9134732861516 58
    endloop
  endfacet
  facet normal 0 0 1
    outer loop
      vertex 44.327090915285204 36.9134732861516 58
      vertex 45.96794919243112 37.1 58
      vertex 44.232050807568875 37.1 58
    endloop
  endfacet
  facet normal 0 0 1
    outer loop
      vertex 44.232050807568875 37.1 58
      vertex 46.0819660112501 37.27557050458495 58
      vertex 44.11803398874989 37.27557050458495 58
    endloop
  endfacet
  facet normal 0 0 1
    outer loop
      vertex 44.40211303259031 36.718033988749895 58
      vertex 45.79788696740969 36.718033988749895 58
      vertex 45.87290908471479 36.9134732861516 58
    endloop
  endfacet
  facet normal 0 0 1
    outer loop
      vertex 44.327090915285204 36.9134732861516 58
      vertex 45.87290908471479 36.9134732861516 58
      vertex 45.96794919243112 37.1 58
    endloop
  endfacet
  facet normal 0 0 1
    outer loop
      vertex 44.232050807568875 37.1 58
      vertex 45.96794919243112 37.1 58
      vertex 46.0819660112501 37.27557050458495 58
    endloop
  endfacet
  facet normal 0 0 1
    outer loop
      vertex 42.75 38.082559044960675 58
      vertex 42.91582338163552 38.05629520146761 58
      vertex 42.75 39.7 58
    endloop
  endfacet
  facet normal 0 0 1
    outer loop
      vertex 42.91582338163552 38.05629520146761 58
      vertex 43.11803398874989 38.00211303259031 58
      vertex 42.75 39.7 58
    endloop
  endfacet
  facet normal 0 0 1
    outer loop
      vertex 43.11803398874989 38.00211303259031 58
      vertex 43.3134732861516 37.927090915285206 58
      vertex 42.75 39.7 58
    endloop
  endfacet
  facet normal 0 0 1
    outer loop
      vertex 43.5 37.832050807568876 58
      vertex 46.21371034904521 37.43826121271772 58
      vertex 43.3134732861516 37.927090915285206 58
    endloop
  endfacet
  facet normal 0 0 1
    outer loop
      vertex 43.5 37.832050807568876 58
      vertex 43.67557050458495 37.718033988749895 58
      vertex 46.21371034904521 37.43826121271772 58
    endloop
  endfacet
  facet normal 0 0 1
    outer loop
      vertex 43.67557050458495 37.718033988749895 58
      vertex 43.83826121271772 37.58628965095479 58
      vertex 46.21371034904521 37.43826121271772 58
    endloop
  endfacet
  facet normal 0 0 1
    outer loop
      vertex 43.3134732861516 37.927090915285206 58
      vertex 46.21371034904521 37.43826121271772 58
      vertex 42.75 39.7 58
    endloop
  endfacet
  facet normal 0 0 1
    outer loop
      vertex 43.98628965095479 37.43826121271772 58
      vertex 46.21371034904521 37.43826121271772 58
      vertex 43.83826121271772 37.58628965095479 58
    endloop
  endfacet
  facet normal 0 0 1
    outer loop
      vertex 44.11803398874989 37.27557050458495 58
      vertex 46.21371034904521 37.43826121271772 58
      vertex 43.98628965095479 37.43826121271772 58
    endloop
  endfacet
  facet normal 0 0 1
    outer loop
      vertex 44.11803398874989 37.27557050458495 58
      vertex 46.0819660112501 37.27557050458495 58
      vertex 46.21371034904521 37.43826121271772 58
    endloop
  endfacet
  facet normal 0 0 1
    outer loop
      vertex 42.75 39.7 58
      vertex 46.21371034904521 37.43826121271772 58
      vertex 46.36173878728228 37.58628965095479 58
    endloop
  endfacet
  facet normal 0 0 1
    outer loop
      vertex 42.75 39.7 58
      vertex 46.36173878728228 37.58628965095479 58
      vertex 46.52442949541505 37.718033988749895 58
    endloop
  endfacet
  facet normal 0 0 1
    outer loop
      vertex 42.75 39.7 58
      vertex 46.52442949541505 37.718033988749895 58
      vertex 46.699999999999996 37.832050807568876 58
    endloop
  endfacet
  facet normal 0 0 1
    outer loop
      vertex 42.75 39.7 58
      vertex 46.699999999999996 37.832050807568876 58
      vertex 46.8865267138484 37.927090915285206 58
    endloop
  endfacet
  facet normal 0 0 1
    outer loop
      vertex 42.75 39.7 58
      vertex 46.8865267138484 37.927090915285206 58
      vertex 47.0819660112501 38.00211303259031 58
    endloop
  endfacet
  facet normal 1 0 0
    outer loop
      vertex 60.800000000000004 0 58
      vertex 60.800000000000004 39.7 0
      vertex 60.800000000000004 39.7 58
    endloop
  endfacet
  facet normal 0 0 1
    outer loop
      vertex 59.199999999999996 3.6 58
      vertex 60.800000000000004 39.7 58
      vertex 59.199999999999996 36.1 58
    endloop
  endfacet
  facet normal 0 1 0
    outer loop
      vertex 60.800000000000004 39.7 0
      vertex 57.449999999999996 39.7 38
      vertex 57.449999999999996 39.7 58
    endloop
  endfacet
  facet normal 0 1 0
    outer loop
      vertex 60.800000000000004 39.7 0
      vertex 57.449999999999996 39.7 58
      vertex 60.800000000000004 39.7 58
    endloop
  endfacet
  facet normal 0 1 0
    outer loop
      vertex 48.449999999999996 39.7 38
      vertex 48.449999999999996 39.7 58
      vertex 56.449999999999996 39.7 38
    endloop
  endfacet
  facet normal 0 1 0
    outer loop
      vertex 42.75 39.7 58
      vertex 47.449999999999996 39.7 58
      vertex 47.449999999999996 39.7 38
    endloop
  endfacet
  facet normal 0 0 1
    outer loop
      vertex 42.75 39.7 58
      vertex 47.0819660112501 38.00211303259031 58
      vertex 47.28417661836448 38.05629520146761 58
    endloop
  endfacet
  facet normal 0 0 1
    outer loop
      vertex 42.75 39.7 58
      vertex 47.28417661836448 38.05629520146761 58
      vertex 47.449999999999996 39.7 58
    endloop
  endfacet
  facet normal 0 0 1
    outer loop
      vertex 47.28417661836448 38.05629520146761 58
      vertex 47.449999999999996 38.082559044960675 58
      vertex 47.449999999999996 39.7 58
    endloop
  endfacet
  facet normal 0 0 1
    outer loop
      vertex 48.449999999999996 38.1 58
      vertex 49.199999999999996 38.1 58
      vertex 48.449999999999996 39.7 58
    endloop
  endfacet
  facet normal 0 0 1
    outer loop
      vertex 49.199999999999996 38.1 58
      vertex 55.699999999999996 38.1 58
      vertex 48.449999999999996 39.7 58
    endloop
  endfacet
  facet normal 0 1 0
    outer loop
      vertex 56.449999999999996 39.7 38
      vertex 48.449999999999996 39.7 58
      vertex 56.449999999999996 39.7 58
    endloop
  endfacet
  facet normal 0 0 1
    outer loop
      vertex 55.699999999999996 38.1 58
      vertex 56.449999999999996 38.1 58
      vertex 48.449999999999996 39.7 58
    endloop
  endfacet
  facet normal 0 0 1
    outer loop
      vertex 48.449999999999996 39.7 58
      vertex 56.449999999999996 38.1 58
      vertex 56.449999999999996 39.7 58
    endloop
  endfacet
  facet normal 0 0 1
    outer loop
      vertex 57.449999999999996 38.082559044960675 58
      vertex 57.615823381635515 38.05629520146761 58
      vertex 57.449999999999996 39.7 58
    endloop
  endfacet
  facet normal 0 0 1
    outer loop
      vertex 57.615823381635515 38.05629520146761 58
      vertex 57.81803398874989 38.00211303259031 58
      vertex 57.449999999999996 39.7 58
    endloop
  endfacet
  facet normal 0 0 1
    outer loop
      vertex 57.81803398874989 38.00211303259031 58
      vertex 58.013473286151594 37.927090915285206 58
      vertex 60.800000000000004 39.7 58
    endloop
  endfacet
  facet normal 0 0 1
    outer loop
      vertex 57.81803398874989 38.00211303259031 58
      vertex 60.800000000000004 39.7 58
      vertex 57.449999999999996 39.7 58
    endloop
  endfacet
  facet normal 0 0 1
    outer loop
      vertex 59.199999999999996 36.1 58
      vertex 60.800000000000004 39.7 58
      vertex 59.18904379073654 36.309056926535305 58
    endloop
  endfacet
  facet normal 0 0 1
    outer loop
      vertex 59.18904379073654 36.309056926535305 58
      vertex 60.800000000000004 39.7 58
      vertex 59.15629520146761 36.51582338163552 58
    endloop
  endfacet
  facet normal 0 0 1
    outer loop
      vertex 59.15629520146761 36.51582338163552 58
      vertex 60.800000000000004 39.7 58
      vertex 59.1021130325903 36.718033988749895 58
    endloop
  endfacet
  facet normal 0 0 1
    outer loop
      vertex 59.1021130325903 36.718033988749895 58
      vertex 60.800000000000004 39.7 58
      vertex 59.0270909152852 36.9134732861516 58
    endloop
  endfacet
  facet normal 0 0 1
    outer loop
      vertex 58.199999999999996 37.832050807568876 58
      vertex 58.37557050458494 37.718033988749895 58
      vertex 60.800000000000004 39.7 58
    endloop
  endfacet
  facet normal 0 0 1
    outer loop
      vertex 58.686289650954784 37.43826121271772 58
      vertex 60.800000000000004 39.7 58
      vertex 58.538261212717714 37.58628965095479 58
    endloop
  endfacet
  facet normal 0 0 1
    outer loop
      vertex 58.37557050458494 37.718033988749895 58
      vertex 58.538261212717714 37.58628965095479 58
      vertex 60.800000000000004 39.7 58
    endloop
  endfacet
  facet normal 0 0 1
    outer loop
      vertex 59.0270909152852 36.9134732861516 58
      vertex 60.800000000000004 39.7 58
      vertex 58.93205080756887 37.1 58
    endloop
  endfacet
  facet normal 0 0 1
    outer loop
      vertex 58.81803398874989 37.27557050458495 58
      vertex 60.800000000000004 39.7 58
      vertex 58.686289650954784 37.43826121271772 58
    endloop
  endfacet
  facet normal 0 0 1
    outer loop
      vertex 58.93205080756887 37.1 58
      vertex 60.800000000000004 39.7 58
      vertex 58.81803398874989 37.27557050458495 58
    endloop
  endfacet
  facet normal 0 0 1
    outer loop
      vertex 58.199999999999996 37.832050807568876 58
      vertex 60.800000000000004 39.7 58
      vertex 58.013473286151594 37.927090915285206 58
    endloop
  endfacet
  facet normal -1 0 0
    outer loop
      vertex 5.1 2.1 56
      vertex 5.1 1.6 54
      vertex 5.1 1.6 58
    endloop
  endfacet
  facet normal 0 0.970142500145332 -0.242535625036333
    outer loop
      vertex 5.1 2.1 56
      vertex 11.6 1.6 54
      vertex 5.1 1.6 54
    endloop
  endfacet
  facet normal 0 0.970142500145332 0.242535625036333
    outer loop
      vertex 5.1 2.1 56
      vertex 5.1 1.6 58
      vertex 11.6 2.1 56
    endloop
  endfacet
  facet normal 0 0.970142500145332 -0.242535625036333
    outer loop
      vertex 5.1 2.1 56
      vertex 11.6 2.1 56
      vertex 11.6 1.6 54
    endloop
  endfacet
  facet normal 0 0.970142500145332 0.242535625036333
    outer loop
      vertex 11.6 2.1 56
      vertex 5.1 1.6 58
      vertex 11.6 1.6 58
    endloop
  endfacet
  facet normal 1 0 0
    outer loop
      vertex 11.6 2.1 56
      vertex 11.6 1.6 58
      vertex 11.6 1.6 54
    endloop
  endfacet
  facet normal -1 0 0
    outer loop
      vertex 5.1 37.6 56
      vertex 5.1 38.1 58
      vertex 5.1 38.1 54
    endloop
  endfacet
  facet normal 0 -0.970142500145332 -0.242535625036333
    outer loop
      vertex 5.1 37.6 56
      vertex 5.1 38.1 54
      vertex 11.6 37.6 56
    endloop
  endfacet
  facet normal 0 -0.970142500145332 0.242535625036333
    outer loop
      vertex 5.1 37.6 56
      vertex 11.6 38.1 58
      vertex 5.1 38.1 58
    endloop
  endfacet
  facet normal 0 -0.970142500145332 -0.242535625036333
    outer loop
      vertex 11.6 37.6 56
      vertex 5.1 38.1 54
      vertex 11.6 38.1 54
    endloop
  endfacet
  facet normal 0 -0.970142500145332 0.242535625036333
    outer loop
      vertex 5.1 37.6 56
      vertex 11.6 37.6 56
      vertex 11.6 38.1 58
    endloop
  endfacet
  facet normal 1 0 0
    outer loop
      vertex 11.6 37.6 56
      vertex 11.6 38.1 54
      vertex 11.6 38.1 58
    endloop
  endfacet
  facet normal -1 0 0
    outer loop
      vertex 19.8 2.1 56
      vertex 19.8 1.6 54
      vertex 19.8 1.6 58
    endloop
  endfacet
  facet normal 0 0.970142500145332 -0.242535625036333
    outer loop
      vertex 19.8 2.1 56
      vertex 26.3 1.6 54
      vertex 19.8 1.6 54
    endloop
  endfacet
  facet normal 0 0.970142500145332 0.242535625036333
    outer loop
      vertex 19.8 2.1 56
      vertex 19.8 1.6 58
      vertex 26.3 2.1 56
    endloop
  endfacet
  facet normal 0 0.970142500145332 -0.242535625036333
    outer loop
      vertex 19.8 2.1 56
      vertex 26.3 2.1 56
      vertex 26.3 1.6 54
    endloop
  endfacet
  facet normal 0 0.970142500145332 0.242535625036333
    outer loop
      vertex 26.3 2.1 56
      vertex 19.8 1.6 58
      vertex 26.3 1.6 58
    endloop
  endfacet
  facet normal 1 0 0
    outer loop
      vertex 26.3 2.1 56
      vertex 26.3 1.6 58
      vertex 26.3 1.6 54
    endloop
  endfacet
  facet normal -1 0 0
    outer loop
      vertex 19.8 37.6 56
      vertex 19.8 38.1 58
      vertex 19.8 38.1 54
    endloop
  endfacet
  facet normal 0 -0.970142500145332 -0.242535625036333
    outer loop
      vertex 19.8 37.6 56
      vertex 19.8 38.1 54
      vertex 26.3 37.6 56
    endloop
  endfacet
  facet normal 0 -0.970142500145332 0.242535625036333
    outer loop
      vertex 19.8 37.6 56
      vertex 26.3 38.1 58
      vertex 19.8 38.1 58
    endloop
  endfacet
  facet normal 0 -0.970142500145332 -0.242535625036333
    outer loop
      vertex 26.3 37.6 56
      vertex 19.8 38.1 54
      vertex 26.3 38.1 54
    endloop
  endfacet
  facet normal 0 -0.970142500145332 0.242535625036333
    outer loop
      vertex 19.8 37.6 56
      vertex 26.3 37.6 56
      vertex 26.3 38.1 58
    endloop
  endfacet
  facet normal 1 0 0
    outer loop
      vertex 26.3 37.6 56
      vertex 26.3 38.1 54
      vertex 26.3 38.1 58
    endloop
  endfacet
  facet normal -1 0 0
    outer loop
      vertex 34.5 2.1 56
      vertex 34.5 1.6 54
      vertex 34.5 1.6 58
    endloop
  endfacet
  facet normal 0 0.970142500145332 -0.242535625036333
    outer loop
      vertex 34.5 2.1 56
      vertex 41 1.6 54
      vertex 34.5 1.6 54
    endloop
  endfacet
  facet normal 0 0.970142500145332 0.242535625036333
    outer loop
      vertex 34.5 2.1 56
      vertex 34.5 1.6 58
      vertex 41 2.1 56
    endloop
  endfacet
  facet normal 0 0.970142500145332 -0.242535625036333
    outer loop
      vertex 34.5 2.1 56
      vertex 41 2.1 56
      vertex 41 1.6 54
    endloop
  endfacet
  facet normal 0 0.970142500145332 0.242535625036333
    outer loop
      vertex 41 2.1 56
      vertex 34.5 1.6 58
      vertex 41 1.6 58
    endloop
  endfacet
  facet normal 1 0 0
    outer loop
      vertex 41 2.1 56
      vertex 41 1.6 58
      vertex 41 1.6 54
    endloop
  endfacet
  facet normal -1 0 0
    outer loop
      vertex 34.5 37.6 56
      vertex 34.5 38.1 58
      vertex 34.5 38.1 54
    endloop
  endfacet
  facet normal 0 -0.970142500145332 -0.242535625036333
    outer loop
      vertex 34.5 37.6 56
      vertex 34.5 38.1 54
      vertex 41 37.6 56
    endloop
  endfacet
  facet normal 0 -0.970142500145332 0.242535625036333
    outer loop
      vertex 34.5 37.6 56
      vertex 41 38.1 58
      vertex 34.5 38.1 58
    endloop
  endfacet
  facet normal 0 -0.970142500145332 -0.242535625036333
    outer loop
      vertex 41 37.6 56
      vertex 34.5 38.1 54
      vertex 41 38.1 54
    endloop
  endfacet
  facet normal 0 -0.970142500145332 0.242535625036333
    outer loop
      vertex 34.5 37.6 56
      vertex 41 37.6 56
      vertex 41 38.1 58
    endloop
  endfacet
  facet normal 1 0 0
    outer loop
      vertex 41 37.6 56
      vertex 41 38.1 54
      vertex 41 38.1 58
    endloop
  endfacet
  facet normal -1 0 0
    outer loop
      vertex 49.199999999999996 2.1 56
      vertex 49.199999999999996 1.6 54
      vertex 49.199999999999996 1.6 58
    endloop
  endfacet
  facet normal 0 0.970142500145332 -0.242535625036333
    outer loop
      vertex 49.199999999999996 2.1 56
      vertex 55.699999999999996 1.6 54
      vertex 49.199999999999996 1.6 54
    endloop
  endfacet
  facet normal 0 0.970142500145332 0.242535625036333
    outer loop
      vertex 49.199999999999996 2.1 56
      vertex 49.199999999999996 1.6 58
      vertex 55.699999999999996 2.1 56
    endloop
  endfacet
  facet normal 0 0.970142500145332 -0.242535625036333
    outer loop
      vertex 49.199999999999996 2.1 56
      vertex 55.699999999999996 2.1 56
      vertex 55.699999999999996 1.6 54
    endloop
  endfacet
  facet normal 0 0.970142500145332 0.242535625036333
    outer loop
      vertex 55.699999999999996 2.1 56
      vertex 49.199999999999996 1.6 58
      vertex 55.699999999999996 1.6 58
    endloop
  endfacet
  facet normal 1 0 0
    outer loop
      vertex 55.699999999999996 2.1 56
      vertex 55.699999999999996 1.6 58
      vertex 55.699999999999996 1.6 54
    endloop
  endfacet
  facet normal -1 0 0
    outer loop
      vertex 49.199999999999996 37.6 56
      vertex 49.199999999999996 38.1 58
      vertex 49.199999999999996 38.1 54
    endloop
  endfacet
  facet normal 0 -0.970142500145332 -0.242535625036333
    outer loop
      vertex 49.199999999999996 37.6 56
      vertex 49.199999999999996 38.1 54
      vertex 55.699999999999996 37.6 56
    endloop
  endfacet
  facet normal 0 -0.970142500145332 0.242535625036333
    outer loop
      vertex 49.199999999999996 37.6 56
      vertex 55.699999999999996 38.1 58
      vertex 49.199999999999996 38.1 58
    endloop
  endfacet
  facet normal 0 -0.970142500145332 -0.242535625036333
    outer loop
      vertex 55.699999999999996 37.6 56
      vertex 49.199999999999996 38.1 54
      vertex 55.699999999999996 38.1 54
    endloop
  endfacet
  facet normal 0 -0.970142500145332 0.242535625036333
    outer loop
      vertex 49.199999999999996 37.6 56
      vertex 55.699999999999996 37.6 56
      vertex 55.699999999999996 38.1 58
    endloop
  endfacet
  facet normal 1 0 0
    outer loop
      vertex 55.699999999999996 37.6 56
      vertex 55.699999999999996 38.1 54
      vertex 55.699999999999996 38.1 58
    endloop
  endfacet
endsolid OpenSCAD_Model
