solid OpenSCAD_Model
  facet normal 0 -1 0
    outer loop
      vertex 12.2072 3.5 45
      vertex 12.268 3.5 44.9418
      vertex 13.0361 3.5 45
    endloop
  endfacet
  facet normal 0 -1 0
    outer loop
      vertex 12.4101 3.5 44.8058
      vertex 13.0361 3.5 45
      vertex 12.268 3.5 44.9418
    endloop
  endfacet
  facet normal 0 -1 0
    outer loop
      vertex 12.8418 3.5 44.388
      vertex 13.0361 3.5 45
      vertex 12.4101 3.5 44.8058
    endloop
  endfacet
  facet normal 0 -1 -0
    outer loop
      vertex 13.0361 3.5 45
      vertex 12.8418 3.5 44.388
      vertex 13.0361 3.5 44.2
    endloop
  endfacet
  facet normal 0 1 0
    outer loop
      vertex 13.0361 -3.5 45
      vertex 12.4101 -3.5 44.8058
      vertex 12.2072 -3.5 45
    endloop
  endfacet
  facet normal -0 1 0
    outer loop
      vertex 12.4101 -3.5 44.8058
      vertex 13.0361 -3.5 45
      vertex 13.0361 -3.5 44.2
    endloop
  endfacet
  facet normal 0.866036 -0.499982 0
    outer loop
      vertex 3.48689 13.0395 45
      vertex 3.29112 12.7004 44.5776
      vertex 3.48689 13.0395 44.2
    endloop
  endfacet
  facet normal 0.86603 -0.499992 1.12673e-05
    outer loop
      vertex 3.48689 13.0395 45
      vertex 3.07213 12.3211 45
      vertex 3.29112 12.7004 44.5776
    endloop
  endfacet
  facet normal -0.865865 0.500278 0
    outer loop
      vertex 9.54113 9.52573 44.2175
      vertex 9.55023 9.54148 45
      vertex 9.55023 9.54148 44.2
    endloop
  endfacet
  facet normal -0.866025 0.500001 7.41357e-06
    outer loop
      vertex 9.13393 8.82043 45
      vertex 9.55023 9.54148 45
      vertex 9.54113 9.52573 44.2175
    endloop
  endfacet
  facet normal 0.866029 0.499994 0
    outer loop
      vertex -9.55023 9.54148 45
      vertex -9.25772 9.03483 44.7621
      vertex -9.55023 9.54148 44.2
    endloop
  endfacet
  facet normal 0.866025 0.500001 -2.04948e-05
    outer loop
      vertex -9.55023 9.54148 45
      vertex -9.13393 8.82043 45
      vertex -9.25772 9.03483 44.7621
    endloop
  endfacet
  facet normal -0.866042 -0.499971 0
    outer loop
      vertex -3.22843 12.5918 44.6985
      vertex -3.48689 13.0395 45
      vertex -3.48689 13.0395 44.2
    endloop
  endfacet
  facet normal -0.86603 -0.499992 4.15347e-05
    outer loop
      vertex -3.07213 12.3211 45
      vertex -3.48689 13.0395 45
      vertex -3.22843 12.5918 44.6985
    endloop
  endfacet
  facet normal 0 1 0
    outer loop
      vertex -12.2072 -3.5 45
      vertex -12.268 -3.5 44.9418
      vertex -13.0361 -3.5 45
    endloop
  endfacet
  facet normal 0 1 -0
    outer loop
      vertex -12.4101 -3.5 44.8058
      vertex -13.0361 -3.5 45
      vertex -12.268 -3.5 44.9418
    endloop
  endfacet
  facet normal 0 1 -0
    outer loop
      vertex -12.8418 -3.5 44.388
      vertex -13.0361 -3.5 45
      vertex -12.4101 -3.5 44.8058
    endloop
  endfacet
  facet normal 0 1 0
    outer loop
      vertex -13.0361 -3.5 45
      vertex -12.8418 -3.5 44.388
      vertex -13.0361 -3.5 44.2
    endloop
  endfacet
  facet normal 0 -1 0
    outer loop
      vertex -13.0361 3.5 45
      vertex -12.4101 3.5 44.8058
      vertex -12.2072 3.5 45
    endloop
  endfacet
  facet normal -0 -1 0
    outer loop
      vertex -12.4101 3.5 44.8058
      vertex -13.0361 3.5 45
      vertex -13.0361 3.5 44.2
    endloop
  endfacet
  facet normal -0.86603 0.499992 1.12673e-05
    outer loop
      vertex -3.48689 -13.0395 45
      vertex -3.07213 -12.3211 45
      vertex -3.29112 -12.7004 44.5776
    endloop
  endfacet
  facet normal -0.866036 0.499982 0
    outer loop
      vertex -3.48689 -13.0395 45
      vertex -3.29112 -12.7004 44.5776
      vertex -3.48689 -13.0395 44.2
    endloop
  endfacet
  facet normal 0.866025 -0.500001 7.41357e-06
    outer loop
      vertex -9.13393 -8.82043 45
      vertex -9.55023 -9.54148 45
      vertex -9.54113 -9.52573 44.2175
    endloop
  endfacet
  facet normal 0.865865 -0.500278 0
    outer loop
      vertex -9.54113 -9.52573 44.2175
      vertex -9.55023 -9.54148 45
      vertex -9.55023 -9.54148 44.2
    endloop
  endfacet
  facet normal -0.866025 -0.500001 -2.04948e-05
    outer loop
      vertex 9.55023 -9.54148 45
      vertex 9.13393 -8.82043 45
      vertex 9.25772 -9.03483 44.7621
    endloop
  endfacet
  facet normal -0.866029 -0.499994 -0
    outer loop
      vertex 9.55023 -9.54148 45
      vertex 9.25772 -9.03483 44.7621
      vertex 9.55023 -9.54148 44.2
    endloop
  endfacet
  facet normal 0.86603 0.499992 4.15347e-05
    outer loop
      vertex 3.07213 -12.3211 45
      vertex 3.48689 -13.0395 45
      vertex 3.22843 -12.5918 44.6985
    endloop
  endfacet
  facet normal 0.866042 0.499971 0
    outer loop
      vertex 3.22843 -12.5918 44.6985
      vertex 3.48689 -13.0395 45
      vertex 3.48689 -13.0395 44.2
    endloop
  endfacet
  facet normal 0.998267 0.0588555 0
    outer loop
      vertex 13.4896 0.530007 44.2
      vertex 13.4584 1.0592 38
      vertex 13.4584 1.0592 44.2
    endloop
  endfacet
  facet normal 0.998267 0.0588555 0
    outer loop
      vertex 13.4584 1.0592 38
      vertex 13.4896 0.530007 44.2
      vertex 13.4896 0.530007 38
    endloop
  endfacet
  facet normal 0.999808 0.0196186 0
    outer loop
      vertex 13.5 0 44.2
      vertex 13.4896 0.530007 38
      vertex 13.4896 0.530007 44.2
    endloop
  endfacet
  facet normal 0.999808 0.0196186 0
    outer loop
      vertex 13.4896 0.530007 38
      vertex 13.5 0 44.2
      vertex 13.5 0 38
    endloop
  endfacet
  facet normal 0.995177 0.0980935 0
    outer loop
      vertex 13.4584 1.0592 44.2
      vertex 13.4064 1.58675 38
      vertex 13.4064 1.58675 44.2
    endloop
  endfacet
  facet normal 0.995177 0.0980935 0
    outer loop
      vertex 13.4064 1.58675 38
      vertex 13.4584 1.0592 44.2
      vertex 13.4584 1.0592 38
    endloop
  endfacet
  facet normal -0.984423 -0.175813 0
    outer loop
      vertex -13.2406 -2.63372 38
      vertex -13.3338 -2.11187 44.2
      vertex -13.3338 -2.11187 38
    endloop
  endfacet
  facet normal -0.984423 -0.175813 0
    outer loop
      vertex -13.3338 -2.11187 44.2
      vertex -13.2406 -2.63372 38
      vertex -13.2406 -2.63372 44.2
    endloop
  endfacet
  facet normal 0.0980935 -0.995177 0
    outer loop
      vertex 1.0592 -13.4584 38
      vertex 1.58675 -13.4064 45
      vertex 1.0592 -13.4584 45
    endloop
  endfacet
  facet normal 0.0980935 -0.995177 0
    outer loop
      vertex 1.58675 -13.4064 45
      vertex 1.0592 -13.4584 38
      vertex 1.58675 -13.4064 38
    endloop
  endfacet
  facet normal 0.89978 0.436345 0
    outer loop
      vertex 12.2599 5.65191 45
      vertex 12.0286 6.12887 38
      vertex 12.0286 6.12887 45
    endloop
  endfacet
  facet normal 0.89978 0.436345 0
    outer loop
      vertex 12.0286 6.12887 38
      vertex 12.2599 5.65191 45
      vertex 12.2599 5.65191 38
    endloop
  endfacet
  facet normal 0.664278 -0.747485 0
    outer loop
      vertex 8.76755 -10.2655 38
      vertex 9.16381 -9.91335 44.2
      vertex 8.76755 -10.2655 44.2
    endloop
  endfacet
  facet normal 0.664278 -0.747485 0
    outer loop
      vertex 9.16381 -9.91335 44.2
      vertex 8.76755 -10.2655 38
      vertex 9.16381 -9.91335 38
    endloop
  endfacet
  facet normal 0.773008 -0.634396 0
    outer loop
      vertex 10.2655 -8.76755 45
      vertex 10.6018 -8.35777 38
      vertex 10.6018 -8.35777 45
    endloop
  endfacet
  facet normal 0.773008 -0.634396 0
    outer loop
      vertex 10.6018 -8.35777 38
      vertex 10.2655 -8.76755 45
      vertex 10.2655 -8.76755 38
    endloop
  endfacet
  facet normal -0.944794 -0.327664 0
    outer loop
      vertex -12.6656 -4.67258 38
      vertex -12.8393 -4.17173 45
      vertex -12.8393 -4.17173 38
    endloop
  endfacet
  facet normal -0.944794 -0.327664 0
    outer loop
      vertex -12.8393 -4.17173 45
      vertex -12.6656 -4.67258 38
      vertex -12.6656 -4.67258 45
    endloop
  endfacet
  facet normal -0.967624 -0.252395 0
    outer loop
      vertex -13.127 -3.15151 38
      vertex -13.0361 -3.5 44.2
      vertex -13.127 -3.15151 44.2
    endloop
  endfacet
  facet normal -0.967576 -0.25258 -1.11248e-05
    outer loop
      vertex -12.9931 -3.66445 38
      vertex -13.0361 -3.5 44.2
      vertex -13.127 -3.15151 38
    endloop
  endfacet
  facet normal -0.967473 -0.252973 -0
    outer loop
      vertex -12.9931 -3.66445 45
      vertex -13.0361 -3.5 44.2
      vertex -12.9931 -3.66445 38
    endloop
  endfacet
  facet normal -0.967473 -0.252973 0
    outer loop
      vertex -13.0361 -3.5 44.2
      vertex -12.9931 -3.66445 45
      vertex -13.0361 -3.5 45
    endloop
  endfacet
  facet normal 0.400843 0.916147 -0
    outer loop
      vertex 5.65191 12.2599 38
      vertex 5.16623 12.4724 44.2
      vertex 5.65191 12.2599 44.2
    endloop
  endfacet
  facet normal 0.400843 0.916147 0
    outer loop
      vertex 5.16623 12.4724 44.2
      vertex 5.65191 12.2599 38
      vertex 5.16623 12.4724 38
    endloop
  endfacet
  facet normal 0.995177 -0.0980935 0
    outer loop
      vertex 13.4064 -1.58675 44.2
      vertex 13.4584 -1.0592 38
      vertex 13.4584 -1.0592 44.2
    endloop
  endfacet
  facet normal 0.995177 -0.0980935 0
    outer loop
      vertex 13.4584 -1.0592 38
      vertex 13.4064 -1.58675 44.2
      vertex 13.4064 -1.58675 38
    endloop
  endfacet
  facet normal 0.214297 0.976769 -0
    outer loop
      vertex 3.15151 13.127 38
      vertex 2.63372 13.2406 45
      vertex 3.15151 13.127 45
    endloop
  endfacet
  facet normal 0.214297 0.976769 0
    outer loop
      vertex 2.63372 13.2406 45
      vertex 3.15151 13.127 38
      vertex 2.63372 13.2406 38
    endloop
  endfacet
  facet normal -0.539133 0.842221 0
    outer loop
      vertex -7.05373 11.5106 38
      vertex -7.5002 11.2248 44.2
      vertex -7.05373 11.5106 44.2
    endloop
  endfacet
  facet normal -0.539133 0.842221 0
    outer loop
      vertex -7.5002 11.2248 44.2
      vertex -7.05373 11.5106 38
      vertex -7.5002 11.2248 38
    endloop
  endfacet
  facet normal -0.327664 0.944794 0
    outer loop
      vertex -4.17173 12.8393 38
      vertex -4.67258 12.6656 44.2
      vertex -4.17173 12.8393 44.2
    endloop
  endfacet
  facet normal -0.327664 0.944794 0
    outer loop
      vertex -4.67258 12.6656 44.2
      vertex -4.17173 12.8393 38
      vertex -4.67258 12.6656 38
    endloop
  endfacet
  facet normal -0.976769 -0.214297 0
    outer loop
      vertex -13.127 -3.15151 38
      vertex -13.2406 -2.63372 44.2
      vertex -13.2406 -2.63372 38
    endloop
  endfacet
  facet normal -0.976769 -0.214297 0
    outer loop
      vertex -13.2406 -2.63372 44.2
      vertex -13.127 -3.15151 38
      vertex -13.127 -3.15151 44.2
    endloop
  endfacet
  facet normal 0.0196186 0.999808 -0
    outer loop
      vertex 0.530007 13.4896 38
      vertex 0 13.5 45
      vertex 0.530007 13.4896 45
    endloop
  endfacet
  facet normal 0.0196186 0.999808 0
    outer loop
      vertex 0 13.5 45
      vertex 0.530007 13.4896 38
      vertex 0 13.5 38
    endloop
  endfacet
  facet normal 0.747485 -0.664278 0
    outer loop
      vertex 9.91335 -9.16381 45
      vertex 10.2655 -8.76755 38
      vertex 10.2655 -8.76755 45
    endloop
  endfacet
  facet normal 0.747485 -0.664278 0
    outer loop
      vertex 10.2655 -8.76755 38
      vertex 9.91335 -9.16381 45
      vertex 9.91335 -9.16381 38
    endloop
  endfacet
  facet normal -0.820409 0.571777 0
    outer loop
      vertex -11.2248 7.5002 38
      vertex -10.9217 7.9351 45
      vertex -10.9217 7.9351 38
    endloop
  endfacet
  facet normal -0.820409 0.571777 0
    outer loop
      vertex -10.9217 7.9351 45
      vertex -11.2248 7.5002 38
      vertex -11.2248 7.5002 45
    endloop
  endfacet
  facet normal 0 0 -1
    outer loop
      vertex 12.7 0 38
      vertex 13.5 0 38
      vertex 13.4896 -0.530007 38
    endloop
  endfacet
  facet normal 0 0 -1
    outer loop
      vertex 12.6902 -0.498599 38
      vertex 13.4896 -0.530007 38
      vertex 13.4584 -1.0592 38
    endloop
  endfacet
  facet normal 0 0 -1
    outer loop
      vertex 13.5 0 38
      vertex 12.7 0 38
      vertex 13.4896 0.530007 38
    endloop
  endfacet
  facet normal 0 0 -1
    outer loop
      vertex 12.6608 -0.996429 38
      vertex 13.4584 -1.0592 38
      vertex 13.4064 -1.58675 38
    endloop
  endfacet
  facet normal 0 0 -1
    outer loop
      vertex 12.6902 0.498599 38
      vertex 13.4896 0.530007 38
      vertex 12.7 0 38
    endloop
  endfacet
  facet normal 0 0 -1
    outer loop
      vertex 12.612 -1.49272 38
      vertex 13.4064 -1.58675 38
      vertex 13.3338 -2.11187 38
    endloop
  endfacet
  facet normal -0 0 -1
    outer loop
      vertex 13.4896 0.530007 38
      vertex 12.6902 0.498599 38
      vertex 13.4584 1.0592 38
    endloop
  endfacet
  facet normal 0 0 -1
    outer loop
      vertex 12.5436 -1.98672 38
      vertex 13.3338 -2.11187 38
      vertex 13.2406 -2.63372 38
    endloop
  endfacet
  facet normal 0 0 -1
    outer loop
      vertex 12.6608 0.996429 38
      vertex 13.4584 1.0592 38
      vertex 12.6902 0.498599 38
    endloop
  endfacet
  facet normal 0 0 -1
    outer loop
      vertex 12.456 -2.47765 38
      vertex 13.2406 -2.63372 38
      vertex 13.127 -3.15151 38
    endloop
  endfacet
  facet normal -0 0 -1
    outer loop
      vertex 13.4584 1.0592 38
      vertex 12.6608 0.996429 38
      vertex 13.4064 1.58675 38
    endloop
  endfacet
  facet normal 0 0 -1
    outer loop
      vertex 12.3491 -2.96476 38
      vertex 13.127 -3.15151 38
      vertex 12.9931 -3.66445 38
    endloop
  endfacet
  facet normal 0 0 -1
    outer loop
      vertex 12.612 1.49272 38
      vertex 13.4064 1.58675 38
      vertex 12.6608 0.996429 38
    endloop
  endfacet
  facet normal 0 0 -1
    outer loop
      vertex 12.2232 -3.44729 38
      vertex 12.9931 -3.66445 38
      vertex 12.8393 -4.17173 38
    endloop
  endfacet
  facet normal -0 0 -1
    outer loop
      vertex 13.4064 1.58675 38
      vertex 12.612 1.49272 38
      vertex 13.3338 2.11187 38
    endloop
  endfacet
  facet normal 0 0 -1
    outer loop
      vertex 12.5436 1.98672 38
      vertex 13.3338 2.11187 38
      vertex 12.612 1.49272 38
    endloop
  endfacet
  facet normal 0 0 -1
    outer loop
      vertex 13.4896 -0.530007 38
      vertex 12.6902 -0.498599 38
      vertex 12.7 0 38
    endloop
  endfacet
  facet normal 0 0 -1
    outer loop
      vertex 12.0784 -3.92451 38
      vertex 12.8393 -4.17173 38
      vertex 12.6656 -4.67258 38
    endloop
  endfacet
  facet normal 0 0 -1
    outer loop
      vertex 13.4584 -1.0592 38
      vertex 12.6608 -0.996429 38
      vertex 12.6902 -0.498599 38
    endloop
  endfacet
  facet normal 0 0 -1
    outer loop
      vertex 13.4064 -1.58675 38
      vertex 12.612 -1.49272 38
      vertex 12.6608 -0.996429 38
    endloop
  endfacet
  facet normal 0 0 -1
    outer loop
      vertex 13.3338 -2.11187 38
      vertex 12.5436 -1.98672 38
      vertex 12.612 -1.49272 38
    endloop
  endfacet
  facet normal 0 0 -1
    outer loop
      vertex 11.915 -4.39569 38
      vertex 12.6656 -4.67258 38
      vertex 12.4724 -5.16623 38
    endloop
  endfacet
  facet normal 0 0 -1
    outer loop
      vertex 13.2406 -2.63372 38
      vertex 12.456 -2.47765 38
      vertex 12.5436 -1.98672 38
    endloop
  endfacet
  facet normal 0 0 -1
    outer loop
      vertex 13.127 -3.15151 38
      vertex 12.3491 -2.96476 38
      vertex 12.456 -2.47765 38
    endloop
  endfacet
  facet normal 0 0 -1
    outer loop
      vertex 11.7333 -4.86008 38
      vertex 12.4724 -5.16623 38
      vertex 12.2599 -5.65191 38
    endloop
  endfacet
  facet normal 0 0 -1
    outer loop
      vertex 12.9931 -3.66445 38
      vertex 12.2232 -3.44729 38
      vertex 12.3491 -2.96476 38
    endloop
  endfacet
  facet normal 0 0 -1
    outer loop
      vertex 12.8393 -4.17173 38
      vertex 12.0784 -3.92451 38
      vertex 12.2232 -3.44729 38
    endloop
  endfacet
  facet normal 0 0 -1
    outer loop
      vertex 11.5334 -5.31698 38
      vertex 12.2599 -5.65191 38
      vertex 12.0286 -6.12887 38
    endloop
  endfacet
  facet normal 0 0 -1
    outer loop
      vertex 12.6656 -4.67258 38
      vertex 11.915 -4.39569 38
      vertex 12.0784 -3.92451 38
    endloop
  endfacet
  facet normal 0 0 -1
    outer loop
      vertex 11.3158 -5.76568 38
      vertex 12.0286 -6.12887 38
      vertex 11.7787 -6.59639 38
    endloop
  endfacet
  facet normal 0 0 -1
    outer loop
      vertex 12.4724 -5.16623 38
      vertex 11.7333 -4.86008 38
      vertex 11.915 -4.39569 38
    endloop
  endfacet
  facet normal 0 0 -1
    outer loop
      vertex 12.2599 -5.65191 38
      vertex 11.5334 -5.31698 38
      vertex 11.7333 -4.86008 38
    endloop
  endfacet
  facet normal 0 0 -1
    outer loop
      vertex 11.0807 -6.20549 38
      vertex 11.7787 -6.59639 38
      vertex 11.5106 -7.05373 38
    endloop
  endfacet
  facet normal 0 0 -1
    outer loop
      vertex 12.0286 -6.12887 38
      vertex 11.3158 -5.76568 38
      vertex 11.5334 -5.31698 38
    endloop
  endfacet
  facet normal 0 0 -1
    outer loop
      vertex 10.8285 -6.63573 38
      vertex 11.5106 -7.05373 38
      vertex 11.2248 -7.5002 38
    endloop
  endfacet
  facet normal 0 0 -1
    outer loop
      vertex 11.7787 -6.59639 38
      vertex 11.0807 -6.20549 38
      vertex 11.3158 -5.76568 38
    endloop
  endfacet
  facet normal 0 0 -1
    outer loop
      vertex 10.5597 -7.05574 38
      vertex 11.2248 -7.5002 38
      vertex 10.9217 -7.9351 38
    endloop
  endfacet
  facet normal 0 0 -1
    outer loop
      vertex 11.5106 -7.05373 38
      vertex 10.8285 -6.63573 38
      vertex 11.0807 -6.20549 38
    endloop
  endfacet
  facet normal 0 0 -1
    outer loop
      vertex 10.2745 -7.46487 38
      vertex 10.9217 -7.9351 38
      vertex 10.6018 -8.35777 38
    endloop
  endfacet
  facet normal 0 0 -1
    outer loop
      vertex 11.2248 -7.5002 38
      vertex 10.5597 -7.05574 38
      vertex 10.8285 -6.63573 38
    endloop
  endfacet
  facet normal 0 0 -1
    outer loop
      vertex 10.9217 -7.9351 38
      vertex 10.2745 -7.46487 38
      vertex 10.5597 -7.05574 38
    endloop
  endfacet
  facet normal 0 0 -1
    outer loop
      vertex 9.97352 -7.86249 38
      vertex 10.6018 -8.35777 38
      vertex 10.2655 -8.76755 38
    endloop
  endfacet
  facet normal 0 0 -1
    outer loop
      vertex 10.6018 -8.35777 38
      vertex 9.97352 -7.86249 38
      vertex 10.2745 -7.46487 38
    endloop
  endfacet
  facet normal 0 0 -1
    outer loop
      vertex 9.65715 -8.24799 38
      vertex 10.2655 -8.76755 38
      vertex 9.91335 -9.16381 38
    endloop
  endfacet
  facet normal 0 0 -1
    outer loop
      vertex 10.2655 -8.76755 38
      vertex 9.65715 -8.24799 38
      vertex 9.97352 -7.86249 38
    endloop
  endfacet
  facet normal 0 0 -1
    outer loop
      vertex 9.32589 -8.62077 38
      vertex 9.91335 -9.16381 38
      vertex 9.54594 -9.54594 38
    endloop
  endfacet
  facet normal 0 0 -1
    outer loop
      vertex 9.91335 -9.16381 38
      vertex 9.32589 -8.62077 38
      vertex 9.65715 -8.24799 38
    endloop
  endfacet
  facet normal 0 0 -1
    outer loop
      vertex 8.98025 -8.98025 38
      vertex 9.54594 -9.54594 38
      vertex 9.16381 -9.91335 38
    endloop
  endfacet
  facet normal 0 0 -1
    outer loop
      vertex 9.54594 -9.54594 38
      vertex 8.98025 -8.98025 38
      vertex 9.32589 -8.62077 38
    endloop
  endfacet
  facet normal 0 0 -1
    outer loop
      vertex 8.62077 -9.32589 38
      vertex 9.16381 -9.91335 38
      vertex 8.76755 -10.2655 38
    endloop
  endfacet
  facet normal 0 0 -1
    outer loop
      vertex 9.16381 -9.91335 38
      vertex 8.62077 -9.32589 38
      vertex 8.98025 -8.98025 38
    endloop
  endfacet
  facet normal 0 0 -1
    outer loop
      vertex 8.24799 -9.65715 38
      vertex 8.76755 -10.2655 38
      vertex 8.35777 -10.6018 38
    endloop
  endfacet
  facet normal 0 0 -1
    outer loop
      vertex 8.76755 -10.2655 38
      vertex 8.24799 -9.65715 38
      vertex 8.62077 -9.32589 38
    endloop
  endfacet
  facet normal 0 0 -1
    outer loop
      vertex 7.86249 -9.97352 38
      vertex 8.35777 -10.6018 38
      vertex 7.9351 -10.9217 38
    endloop
  endfacet
  facet normal 0 0 -1
    outer loop
      vertex 8.35777 -10.6018 38
      vertex 7.86249 -9.97352 38
      vertex 8.24799 -9.65715 38
    endloop
  endfacet
  facet normal 0 0 -1
    outer loop
      vertex 7.46487 -10.2745 38
      vertex 7.9351 -10.9217 38
      vertex 7.5002 -11.2248 38
    endloop
  endfacet
  facet normal 0 0 -1
    outer loop
      vertex 7.9351 -10.9217 38
      vertex 7.46487 -10.2745 38
      vertex 7.86249 -9.97352 38
    endloop
  endfacet
  facet normal 0 0 -1
    outer loop
      vertex 7.5002 -11.2248 38
      vertex 7.05574 -10.5597 38
      vertex 7.46487 -10.2745 38
    endloop
  endfacet
  facet normal 0 0 -1
    outer loop
      vertex 7.05373 -11.5106 38
      vertex 7.05574 -10.5597 38
      vertex 7.5002 -11.2248 38
    endloop
  endfacet
  facet normal 0 0 -1
    outer loop
      vertex 7.05373 -11.5106 38
      vertex 6.63573 -10.8285 38
      vertex 7.05574 -10.5597 38
    endloop
  endfacet
  facet normal 0 0 -1
    outer loop
      vertex 6.59639 -11.7787 38
      vertex 6.63573 -10.8285 38
      vertex 7.05373 -11.5106 38
    endloop
  endfacet
  facet normal 0 0 -1
    outer loop
      vertex 6.59639 -11.7787 38
      vertex 6.20549 -11.0807 38
      vertex 6.63573 -10.8285 38
    endloop
  endfacet
  facet normal 0 0 -1
    outer loop
      vertex 6.12887 -12.0286 38
      vertex 6.20549 -11.0807 38
      vertex 6.59639 -11.7787 38
    endloop
  endfacet
  facet normal 0 0 -1
    outer loop
      vertex 6.12887 -12.0286 38
      vertex 5.76568 -11.3158 38
      vertex 6.20549 -11.0807 38
    endloop
  endfacet
  facet normal 0 0 -1
    outer loop
      vertex 5.65191 -12.2599 38
      vertex 5.76568 -11.3158 38
      vertex 6.12887 -12.0286 38
    endloop
  endfacet
  facet normal 0 0 -1
    outer loop
      vertex 5.65191 -12.2599 38
      vertex 5.31698 -11.5334 38
      vertex 5.76568 -11.3158 38
    endloop
  endfacet
  facet normal 0 0 -1
    outer loop
      vertex 5.16623 -12.4724 38
      vertex 5.31698 -11.5334 38
      vertex 5.65191 -12.2599 38
    endloop
  endfacet
  facet normal 0 0 -1
    outer loop
      vertex 5.16623 -12.4724 38
      vertex 4.86008 -11.7333 38
      vertex 5.31698 -11.5334 38
    endloop
  endfacet
  facet normal 0 0 -1
    outer loop
      vertex 4.67258 -12.6656 38
      vertex 4.86008 -11.7333 38
      vertex 5.16623 -12.4724 38
    endloop
  endfacet
  facet normal 0 0 -1
    outer loop
      vertex 4.67258 -12.6656 38
      vertex 4.39569 -11.915 38
      vertex 4.86008 -11.7333 38
    endloop
  endfacet
  facet normal 0 0 -1
    outer loop
      vertex 4.17173 -12.8393 38
      vertex 4.39569 -11.915 38
      vertex 4.67258 -12.6656 38
    endloop
  endfacet
  facet normal 0 0 -1
    outer loop
      vertex 4.17173 -12.8393 38
      vertex 3.92451 -12.0784 38
      vertex 4.39569 -11.915 38
    endloop
  endfacet
  facet normal 0 0 -1
    outer loop
      vertex 3.66445 -12.9931 38
      vertex 3.92451 -12.0784 38
      vertex 4.17173 -12.8393 38
    endloop
  endfacet
  facet normal 0 0 -1
    outer loop
      vertex 3.66445 -12.9931 38
      vertex 3.44729 -12.2232 38
      vertex 3.92451 -12.0784 38
    endloop
  endfacet
  facet normal 0 0 -1
    outer loop
      vertex 3.15151 -13.127 38
      vertex 3.44729 -12.2232 38
      vertex 3.66445 -12.9931 38
    endloop
  endfacet
  facet normal 0 0 -1
    outer loop
      vertex 3.15151 -13.127 38
      vertex 2.96476 -12.3491 38
      vertex 3.44729 -12.2232 38
    endloop
  endfacet
  facet normal 0 0 -1
    outer loop
      vertex 2.63372 -13.2406 38
      vertex 2.96476 -12.3491 38
      vertex 3.15151 -13.127 38
    endloop
  endfacet
  facet normal 0 0 -1
    outer loop
      vertex 2.63372 -13.2406 38
      vertex 2.47765 -12.456 38
      vertex 2.96476 -12.3491 38
    endloop
  endfacet
  facet normal 0 0 -1
    outer loop
      vertex 2.11187 -13.3338 38
      vertex 2.47765 -12.456 38
      vertex 2.63372 -13.2406 38
    endloop
  endfacet
  facet normal 0 0 -1
    outer loop
      vertex 2.11187 -13.3338 38
      vertex 1.98672 -12.5436 38
      vertex 2.47765 -12.456 38
    endloop
  endfacet
  facet normal 0 0 -1
    outer loop
      vertex 1.58675 -13.4064 38
      vertex 1.98672 -12.5436 38
      vertex 2.11187 -13.3338 38
    endloop
  endfacet
  facet normal 0 0 -1
    outer loop
      vertex 1.58675 -13.4064 38
      vertex 1.49272 -12.612 38
      vertex 1.98672 -12.5436 38
    endloop
  endfacet
  facet normal 0 0 -1
    outer loop
      vertex 1.0592 -13.4584 38
      vertex 1.49272 -12.612 38
      vertex 1.58675 -13.4064 38
    endloop
  endfacet
  facet normal 0 0 -1
    outer loop
      vertex 1.0592 -13.4584 38
      vertex 0.996429 -12.6608 38
      vertex 1.49272 -12.612 38
    endloop
  endfacet
  facet normal 0 0 -1
    outer loop
      vertex 0.530007 -13.4896 38
      vertex 0.996429 -12.6608 38
      vertex 1.0592 -13.4584 38
    endloop
  endfacet
  facet normal 0 0 -1
    outer loop
      vertex 0.530007 -13.4896 38
      vertex 0.498599 -12.6902 38
      vertex 0.996429 -12.6608 38
    endloop
  endfacet
  facet normal 0 0 -1
    outer loop
      vertex 0 -13.5 38
      vertex 0.498599 -12.6902 38
      vertex 0.530007 -13.4896 38
    endloop
  endfacet
  facet normal 0 0 -1
    outer loop
      vertex 0 -13.5 38
      vertex 0 -12.7 38
      vertex 0.498599 -12.6902 38
    endloop
  endfacet
  facet normal 0 0 -1
    outer loop
      vertex 0 -13.5 38
      vertex -0.498599 -12.6902 38
      vertex 0 -12.7 38
    endloop
  endfacet
  facet normal 0 0 -1
    outer loop
      vertex -0.530007 -13.4896 38
      vertex -0.498599 -12.6902 38
      vertex 0 -13.5 38
    endloop
  endfacet
  facet normal 0 0 -1
    outer loop
      vertex -0.530007 -13.4896 38
      vertex -0.996429 -12.6608 38
      vertex -0.498599 -12.6902 38
    endloop
  endfacet
  facet normal 0 0 -1
    outer loop
      vertex -1.0592 -13.4584 38
      vertex -0.996429 -12.6608 38
      vertex -0.530007 -13.4896 38
    endloop
  endfacet
  facet normal 0 0 -1
    outer loop
      vertex -1.0592 -13.4584 38
      vertex -1.49272 -12.612 38
      vertex -0.996429 -12.6608 38
    endloop
  endfacet
  facet normal 0 0 -1
    outer loop
      vertex -1.58675 -13.4064 38
      vertex -1.49272 -12.612 38
      vertex -1.0592 -13.4584 38
    endloop
  endfacet
  facet normal 0 0 -1
    outer loop
      vertex -1.58675 -13.4064 38
      vertex -1.98672 -12.5436 38
      vertex -1.49272 -12.612 38
    endloop
  endfacet
  facet normal 0 0 -1
    outer loop
      vertex -2.11187 -13.3338 38
      vertex -1.98672 -12.5436 38
      vertex -1.58675 -13.4064 38
    endloop
  endfacet
  facet normal 0 0 -1
    outer loop
      vertex -2.11187 -13.3338 38
      vertex -2.47765 -12.456 38
      vertex -1.98672 -12.5436 38
    endloop
  endfacet
  facet normal 0 0 -1
    outer loop
      vertex -2.63372 -13.2406 38
      vertex -2.47765 -12.456 38
      vertex -2.11187 -13.3338 38
    endloop
  endfacet
  facet normal 0 0 -1
    outer loop
      vertex -2.63372 -13.2406 38
      vertex -2.96476 -12.3491 38
      vertex -2.47765 -12.456 38
    endloop
  endfacet
  facet normal 0 0 -1
    outer loop
      vertex -3.15151 -13.127 38
      vertex -2.96476 -12.3491 38
      vertex -2.63372 -13.2406 38
    endloop
  endfacet
  facet normal 0 0 -1
    outer loop
      vertex -3.15151 -13.127 38
      vertex -3.44729 -12.2232 38
      vertex -2.96476 -12.3491 38
    endloop
  endfacet
  facet normal 0 0 -1
    outer loop
      vertex -3.66445 -12.9931 38
      vertex -3.44729 -12.2232 38
      vertex -3.15151 -13.127 38
    endloop
  endfacet
  facet normal 0 0 -1
    outer loop
      vertex -3.66445 -12.9931 38
      vertex -3.92451 -12.0784 38
      vertex -3.44729 -12.2232 38
    endloop
  endfacet
  facet normal 0 0 -1
    outer loop
      vertex -4.17173 -12.8393 38
      vertex -3.92451 -12.0784 38
      vertex -3.66445 -12.9931 38
    endloop
  endfacet
  facet normal 0 0 -1
    outer loop
      vertex -4.17173 -12.8393 38
      vertex -4.39569 -11.915 38
      vertex -3.92451 -12.0784 38
    endloop
  endfacet
  facet normal 0 0 -1
    outer loop
      vertex -4.67258 -12.6656 38
      vertex -4.39569 -11.915 38
      vertex -4.17173 -12.8393 38
    endloop
  endfacet
  facet normal 0 0 -1
    outer loop
      vertex -4.67258 -12.6656 38
      vertex -4.86008 -11.7333 38
      vertex -4.39569 -11.915 38
    endloop
  endfacet
  facet normal 0 0 -1
    outer loop
      vertex -5.16623 -12.4724 38
      vertex -4.86008 -11.7333 38
      vertex -4.67258 -12.6656 38
    endloop
  endfacet
  facet normal 0 0 -1
    outer loop
      vertex -5.16623 -12.4724 38
      vertex -5.31698 -11.5334 38
      vertex -4.86008 -11.7333 38
    endloop
  endfacet
  facet normal 0 0 -1
    outer loop
      vertex -5.65191 -12.2599 38
      vertex -5.31698 -11.5334 38
      vertex -5.16623 -12.4724 38
    endloop
  endfacet
  facet normal 0 0 -1
    outer loop
      vertex -5.65191 -12.2599 38
      vertex -5.76568 -11.3158 38
      vertex -5.31698 -11.5334 38
    endloop
  endfacet
  facet normal 0 0 -1
    outer loop
      vertex -6.12887 -12.0286 38
      vertex -5.76568 -11.3158 38
      vertex -5.65191 -12.2599 38
    endloop
  endfacet
  facet normal 0 0 -1
    outer loop
      vertex -6.12887 -12.0286 38
      vertex -6.20549 -11.0807 38
      vertex -5.76568 -11.3158 38
    endloop
  endfacet
  facet normal 0 0 -1
    outer loop
      vertex -6.59639 -11.7787 38
      vertex -6.20549 -11.0807 38
      vertex -6.12887 -12.0286 38
    endloop
  endfacet
  facet normal 0 0 -1
    outer loop
      vertex -6.59639 -11.7787 38
      vertex -6.63573 -10.8285 38
      vertex -6.20549 -11.0807 38
    endloop
  endfacet
  facet normal 0 0 -1
    outer loop
      vertex -7.05373 -11.5106 38
      vertex -6.63573 -10.8285 38
      vertex -6.59639 -11.7787 38
    endloop
  endfacet
  facet normal 0 0 -1
    outer loop
      vertex -7.05373 -11.5106 38
      vertex -7.05574 -10.5597 38
      vertex -6.63573 -10.8285 38
    endloop
  endfacet
  facet normal 0 0 -1
    outer loop
      vertex -7.5002 -11.2248 38
      vertex -7.05574 -10.5597 38
      vertex -7.05373 -11.5106 38
    endloop
  endfacet
  facet normal -0 0 -1
    outer loop
      vertex -7.05574 -10.5597 38
      vertex -7.5002 -11.2248 38
      vertex -7.46487 -10.2745 38
    endloop
  endfacet
  facet normal 0 0 -1
    outer loop
      vertex -7.9351 -10.9217 38
      vertex -7.46487 -10.2745 38
      vertex -7.5002 -11.2248 38
    endloop
  endfacet
  facet normal -0 0 -1
    outer loop
      vertex -7.46487 -10.2745 38
      vertex -7.9351 -10.9217 38
      vertex -7.86249 -9.97352 38
    endloop
  endfacet
  facet normal 0 0 -1
    outer loop
      vertex -8.35777 -10.6018 38
      vertex -7.86249 -9.97352 38
      vertex -7.9351 -10.9217 38
    endloop
  endfacet
  facet normal -0 0 -1
    outer loop
      vertex -7.86249 -9.97352 38
      vertex -8.35777 -10.6018 38
      vertex -8.24799 -9.65715 38
    endloop
  endfacet
  facet normal 0 0 -1
    outer loop
      vertex -8.76755 -10.2655 38
      vertex -8.24799 -9.65715 38
      vertex -8.35777 -10.6018 38
    endloop
  endfacet
  facet normal -0 0 -1
    outer loop
      vertex -8.24799 -9.65715 38
      vertex -8.76755 -10.2655 38
      vertex -8.62077 -9.32589 38
    endloop
  endfacet
  facet normal 0 0 -1
    outer loop
      vertex -9.16381 -9.91335 38
      vertex -8.62077 -9.32589 38
      vertex -8.76755 -10.2655 38
    endloop
  endfacet
  facet normal -0 0 -1
    outer loop
      vertex -8.62077 -9.32589 38
      vertex -9.16381 -9.91335 38
      vertex -8.98025 -8.98025 38
    endloop
  endfacet
  facet normal 0 0 -1
    outer loop
      vertex -9.54594 -9.54594 38
      vertex -8.98025 -8.98025 38
      vertex -9.16381 -9.91335 38
    endloop
  endfacet
  facet normal -0 0 -1
    outer loop
      vertex -8.98025 -8.98025 38
      vertex -9.54594 -9.54594 38
      vertex -9.32589 -8.62077 38
    endloop
  endfacet
  facet normal 0 0 -1
    outer loop
      vertex -9.91335 -9.16381 38
      vertex -9.32589 -8.62077 38
      vertex -9.54594 -9.54594 38
    endloop
  endfacet
  facet normal -0 0 -1
    outer loop
      vertex -9.32589 -8.62077 38
      vertex -9.91335 -9.16381 38
      vertex -9.65715 -8.24799 38
    endloop
  endfacet
  facet normal 0 0 -1
    outer loop
      vertex -10.2655 -8.76755 38
      vertex -9.65715 -8.24799 38
      vertex -9.91335 -9.16381 38
    endloop
  endfacet
  facet normal -0 0 -1
    outer loop
      vertex -9.65715 -8.24799 38
      vertex -10.2655 -8.76755 38
      vertex -9.97352 -7.86249 38
    endloop
  endfacet
  facet normal 0 0 -1
    outer loop
      vertex -10.6018 -8.35777 38
      vertex -9.97352 -7.86249 38
      vertex -10.2655 -8.76755 38
    endloop
  endfacet
  facet normal -0 0 -1
    outer loop
      vertex -9.97352 -7.86249 38
      vertex -10.6018 -8.35777 38
      vertex -10.2745 -7.46487 38
    endloop
  endfacet
  facet normal 0 0 -1
    outer loop
      vertex -10.9217 -7.9351 38
      vertex -10.2745 -7.46487 38
      vertex -10.6018 -8.35777 38
    endloop
  endfacet
  facet normal -0 0 -1
    outer loop
      vertex -10.2745 -7.46487 38
      vertex -10.9217 -7.9351 38
      vertex -10.5597 -7.05574 38
    endloop
  endfacet
  facet normal 0 0 -1
    outer loop
      vertex -11.2248 -7.5002 38
      vertex -10.5597 -7.05574 38
      vertex -10.9217 -7.9351 38
    endloop
  endfacet
  facet normal -0 0 -1
    outer loop
      vertex -10.5597 -7.05574 38
      vertex -11.2248 -7.5002 38
      vertex -10.8285 -6.63573 38
    endloop
  endfacet
  facet normal 0 0 -1
    outer loop
      vertex -11.5106 -7.05373 38
      vertex -10.8285 -6.63573 38
      vertex -11.2248 -7.5002 38
    endloop
  endfacet
  facet normal -0 0 -1
    outer loop
      vertex -10.8285 -6.63573 38
      vertex -11.5106 -7.05373 38
      vertex -11.0807 -6.20549 38
    endloop
  endfacet
  facet normal 0 0 -1
    outer loop
      vertex -11.7787 -6.59639 38
      vertex -11.0807 -6.20549 38
      vertex -11.5106 -7.05373 38
    endloop
  endfacet
  facet normal -0 0 -1
    outer loop
      vertex -11.0807 -6.20549 38
      vertex -11.7787 -6.59639 38
      vertex -11.3158 -5.76568 38
    endloop
  endfacet
  facet normal 0 0 -1
    outer loop
      vertex -12.0286 -6.12887 38
      vertex -11.3158 -5.76568 38
      vertex -11.7787 -6.59639 38
    endloop
  endfacet
  facet normal -0 0 -1
    outer loop
      vertex -11.3158 -5.76568 38
      vertex -12.0286 -6.12887 38
      vertex -11.5334 -5.31698 38
    endloop
  endfacet
  facet normal 0 0 -1
    outer loop
      vertex -12.2599 -5.65191 38
      vertex -11.5334 -5.31698 38
      vertex -12.0286 -6.12887 38
    endloop
  endfacet
  facet normal -0 0 -1
    outer loop
      vertex -11.5334 -5.31698 38
      vertex -12.2599 -5.65191 38
      vertex -11.7333 -4.86008 38
    endloop
  endfacet
  facet normal 0 0 -1
    outer loop
      vertex -12.4724 -5.16623 38
      vertex -11.7333 -4.86008 38
      vertex -12.2599 -5.65191 38
    endloop
  endfacet
  facet normal -0 0 -1
    outer loop
      vertex -11.7333 -4.86008 38
      vertex -12.4724 -5.16623 38
      vertex -11.915 -4.39569 38
    endloop
  endfacet
  facet normal 0 0 -1
    outer loop
      vertex -12.6656 -4.67258 38
      vertex -11.915 -4.39569 38
      vertex -12.4724 -5.16623 38
    endloop
  endfacet
  facet normal -0 0 -1
    outer loop
      vertex -11.915 -4.39569 38
      vertex -12.6656 -4.67258 38
      vertex -12.0784 -3.92451 38
    endloop
  endfacet
  facet normal 0 0 -1
    outer loop
      vertex -12.8393 -4.17173 38
      vertex -12.0784 -3.92451 38
      vertex -12.6656 -4.67258 38
    endloop
  endfacet
  facet normal -0 0 -1
    outer loop
      vertex -12.0784 -3.92451 38
      vertex -12.8393 -4.17173 38
      vertex -12.2232 -3.44729 38
    endloop
  endfacet
  facet normal 0 0 -1
    outer loop
      vertex -12.9931 -3.66445 38
      vertex -12.2232 -3.44729 38
      vertex -12.8393 -4.17173 38
    endloop
  endfacet
  facet normal -0 0 -1
    outer loop
      vertex -12.2232 -3.44729 38
      vertex -12.9931 -3.66445 38
      vertex -12.3491 -2.96476 38
    endloop
  endfacet
  facet normal 0 0 -1
    outer loop
      vertex -13.127 -3.15151 38
      vertex -12.3491 -2.96476 38
      vertex -12.9931 -3.66445 38
    endloop
  endfacet
  facet normal -0 0 -1
    outer loop
      vertex -12.3491 -2.96476 38
      vertex -13.127 -3.15151 38
      vertex -12.456 -2.47765 38
    endloop
  endfacet
  facet normal 0 0 -1
    outer loop
      vertex -13.2406 -2.63372 38
      vertex -12.456 -2.47765 38
      vertex -13.127 -3.15151 38
    endloop
  endfacet
  facet normal -0 0 -1
    outer loop
      vertex -12.456 -2.47765 38
      vertex -13.2406 -2.63372 38
      vertex -12.5436 -1.98672 38
    endloop
  endfacet
  facet normal 0 0 -1
    outer loop
      vertex -13.3338 -2.11187 38
      vertex -12.5436 -1.98672 38
      vertex -13.2406 -2.63372 38
    endloop
  endfacet
  facet normal -0 0 -1
    outer loop
      vertex 13.3338 2.11187 38
      vertex 12.5436 1.98672 38
      vertex 13.2406 2.63372 38
    endloop
  endfacet
  facet normal 0 0 -1
    outer loop
      vertex 12.456 2.47765 38
      vertex 13.2406 2.63372 38
      vertex 12.5436 1.98672 38
    endloop
  endfacet
  facet normal -0 0 -1
    outer loop
      vertex 13.2406 2.63372 38
      vertex 12.456 2.47765 38
      vertex 13.127 3.15151 38
    endloop
  endfacet
  facet normal 0 0 -1
    outer loop
      vertex 12.3491 2.96476 38
      vertex 13.127 3.15151 38
      vertex 12.456 2.47765 38
    endloop
  endfacet
  facet normal -0 0 -1
    outer loop
      vertex 13.127 3.15151 38
      vertex 12.3491 2.96476 38
      vertex 12.9931 3.66445 38
    endloop
  endfacet
  facet normal 0 0 -1
    outer loop
      vertex 12.2232 3.44729 38
      vertex 12.9931 3.66445 38
      vertex 12.3491 2.96476 38
    endloop
  endfacet
  facet normal -0 0 -1
    outer loop
      vertex 12.9931 3.66445 38
      vertex 12.2232 3.44729 38
      vertex 12.8393 4.17173 38
    endloop
  endfacet
  facet normal 0 0 -1
    outer loop
      vertex 12.0784 3.92451 38
      vertex 12.8393 4.17173 38
      vertex 12.2232 3.44729 38
    endloop
  endfacet
  facet normal -0 0 -1
    outer loop
      vertex 12.8393 4.17173 38
      vertex 12.0784 3.92451 38
      vertex 12.6656 4.67258 38
    endloop
  endfacet
  facet normal 0 0 -1
    outer loop
      vertex 11.915 4.39569 38
      vertex 12.6656 4.67258 38
      vertex 12.0784 3.92451 38
    endloop
  endfacet
  facet normal -0 0 -1
    outer loop
      vertex 12.6656 4.67258 38
      vertex 11.915 4.39569 38
      vertex 12.4724 5.16623 38
    endloop
  endfacet
  facet normal 0 0 -1
    outer loop
      vertex 11.7333 4.86008 38
      vertex 12.4724 5.16623 38
      vertex 11.915 4.39569 38
    endloop
  endfacet
  facet normal -0 0 -1
    outer loop
      vertex 12.4724 5.16623 38
      vertex 11.7333 4.86008 38
      vertex 12.2599 5.65191 38
    endloop
  endfacet
  facet normal 0 0 -1
    outer loop
      vertex 11.5334 5.31698 38
      vertex 12.2599 5.65191 38
      vertex 11.7333 4.86008 38
    endloop
  endfacet
  facet normal -0 0 -1
    outer loop
      vertex 12.2599 5.65191 38
      vertex 11.5334 5.31698 38
      vertex 12.0286 6.12887 38
    endloop
  endfacet
  facet normal 0 0 -1
    outer loop
      vertex 11.3158 5.76568 38
      vertex 12.0286 6.12887 38
      vertex 11.5334 5.31698 38
    endloop
  endfacet
  facet normal -0 0 -1
    outer loop
      vertex 12.0286 6.12887 38
      vertex 11.3158 5.76568 38
      vertex 11.7787 6.59639 38
    endloop
  endfacet
  facet normal 0 0 -1
    outer loop
      vertex 11.0807 6.20549 38
      vertex 11.7787 6.59639 38
      vertex 11.3158 5.76568 38
    endloop
  endfacet
  facet normal -0 0 -1
    outer loop
      vertex 11.7787 6.59639 38
      vertex 11.0807 6.20549 38
      vertex 11.5106 7.05373 38
    endloop
  endfacet
  facet normal 0 0 -1
    outer loop
      vertex 10.8285 6.63573 38
      vertex 11.5106 7.05373 38
      vertex 11.0807 6.20549 38
    endloop
  endfacet
  facet normal -0 0 -1
    outer loop
      vertex 11.5106 7.05373 38
      vertex 10.8285 6.63573 38
      vertex 11.2248 7.5002 38
    endloop
  endfacet
  facet normal 0 0 -1
    outer loop
      vertex 10.5597 7.05574 38
      vertex 11.2248 7.5002 38
      vertex 10.8285 6.63573 38
    endloop
  endfacet
  facet normal -0 0 -1
    outer loop
      vertex 11.2248 7.5002 38
      vertex 10.5597 7.05574 38
      vertex 10.9217 7.9351 38
    endloop
  endfacet
  facet normal 0 0 -1
    outer loop
      vertex 10.2745 7.46487 38
      vertex 10.9217 7.9351 38
      vertex 10.5597 7.05574 38
    endloop
  endfacet
  facet normal -0 0 -1
    outer loop
      vertex 10.9217 7.9351 38
      vertex 10.2745 7.46487 38
      vertex 10.6018 8.35777 38
    endloop
  endfacet
  facet normal 0 0 -1
    outer loop
      vertex 9.97352 7.86249 38
      vertex 10.6018 8.35777 38
      vertex 10.2745 7.46487 38
    endloop
  endfacet
  facet normal -0 0 -1
    outer loop
      vertex 10.6018 8.35777 38
      vertex 9.97352 7.86249 38
      vertex 10.2655 8.76755 38
    endloop
  endfacet
  facet normal 0 0 -1
    outer loop
      vertex 9.65715 8.24799 38
      vertex 10.2655 8.76755 38
      vertex 9.97352 7.86249 38
    endloop
  endfacet
  facet normal -0 0 -1
    outer loop
      vertex 10.2655 8.76755 38
      vertex 9.65715 8.24799 38
      vertex 9.91335 9.16381 38
    endloop
  endfacet
  facet normal 0 0 -1
    outer loop
      vertex 9.32589 8.62077 38
      vertex 9.91335 9.16381 38
      vertex 9.65715 8.24799 38
    endloop
  endfacet
  facet normal -0 0 -1
    outer loop
      vertex 9.91335 9.16381 38
      vertex 9.32589 8.62077 38
      vertex 9.54594 9.54594 38
    endloop
  endfacet
  facet normal 0 0 -1
    outer loop
      vertex 8.98025 8.98025 38
      vertex 9.54594 9.54594 38
      vertex 9.32589 8.62077 38
    endloop
  endfacet
  facet normal -0 0 -1
    outer loop
      vertex 9.54594 9.54594 38
      vertex 8.98025 8.98025 38
      vertex 9.16381 9.91335 38
    endloop
  endfacet
  facet normal 0 0 -1
    outer loop
      vertex 8.62077 9.32589 38
      vertex 9.16381 9.91335 38
      vertex 8.98025 8.98025 38
    endloop
  endfacet
  facet normal -0 0 -1
    outer loop
      vertex 9.16381 9.91335 38
      vertex 8.62077 9.32589 38
      vertex 8.76755 10.2655 38
    endloop
  endfacet
  facet normal 0 0 -1
    outer loop
      vertex 8.24799 9.65715 38
      vertex 8.76755 10.2655 38
      vertex 8.62077 9.32589 38
    endloop
  endfacet
  facet normal -0 0 -1
    outer loop
      vertex 8.76755 10.2655 38
      vertex 8.24799 9.65715 38
      vertex 8.35777 10.6018 38
    endloop
  endfacet
  facet normal 0 0 -1
    outer loop
      vertex 7.86249 9.97352 38
      vertex 8.35777 10.6018 38
      vertex 8.24799 9.65715 38
    endloop
  endfacet
  facet normal -0 0 -1
    outer loop
      vertex 8.35777 10.6018 38
      vertex 7.86249 9.97352 38
      vertex 7.9351 10.9217 38
    endloop
  endfacet
  facet normal 0 0 -1
    outer loop
      vertex 7.46487 10.2745 38
      vertex 7.9351 10.9217 38
      vertex 7.86249 9.97352 38
    endloop
  endfacet
  facet normal -0 0 -1
    outer loop
      vertex 7.9351 10.9217 38
      vertex 7.46487 10.2745 38
      vertex 7.5002 11.2248 38
    endloop
  endfacet
  facet normal 0 0 -1
    outer loop
      vertex 7.05574 10.5597 38
      vertex 7.5002 11.2248 38
      vertex 7.46487 10.2745 38
    endloop
  endfacet
  facet normal 0 0 -1
    outer loop
      vertex 7.05574 10.5597 38
      vertex 7.05373 11.5106 38
      vertex 7.5002 11.2248 38
    endloop
  endfacet
  facet normal 0 0 -1
    outer loop
      vertex 6.63573 10.8285 38
      vertex 7.05373 11.5106 38
      vertex 7.05574 10.5597 38
    endloop
  endfacet
  facet normal 0 0 -1
    outer loop
      vertex 6.63573 10.8285 38
      vertex 6.59639 11.7787 38
      vertex 7.05373 11.5106 38
    endloop
  endfacet
  facet normal 0 0 -1
    outer loop
      vertex 6.20549 11.0807 38
      vertex 6.59639 11.7787 38
      vertex 6.63573 10.8285 38
    endloop
  endfacet
  facet normal 0 0 -1
    outer loop
      vertex 6.20549 11.0807 38
      vertex 6.12887 12.0286 38
      vertex 6.59639 11.7787 38
    endloop
  endfacet
  facet normal 0 0 -1
    outer loop
      vertex 5.76568 11.3158 38
      vertex 6.12887 12.0286 38
      vertex 6.20549 11.0807 38
    endloop
  endfacet
  facet normal 0 0 -1
    outer loop
      vertex 5.76568 11.3158 38
      vertex 5.65191 12.2599 38
      vertex 6.12887 12.0286 38
    endloop
  endfacet
  facet normal 0 0 -1
    outer loop
      vertex 5.31698 11.5334 38
      vertex 5.65191 12.2599 38
      vertex 5.76568 11.3158 38
    endloop
  endfacet
  facet normal 0 0 -1
    outer loop
      vertex 5.31698 11.5334 38
      vertex 5.16623 12.4724 38
      vertex 5.65191 12.2599 38
    endloop
  endfacet
  facet normal 0 0 -1
    outer loop
      vertex 4.86008 11.7333 38
      vertex 5.16623 12.4724 38
      vertex 5.31698 11.5334 38
    endloop
  endfacet
  facet normal 0 0 -1
    outer loop
      vertex 4.86008 11.7333 38
      vertex 4.67258 12.6656 38
      vertex 5.16623 12.4724 38
    endloop
  endfacet
  facet normal 0 0 -1
    outer loop
      vertex 4.39569 11.915 38
      vertex 4.67258 12.6656 38
      vertex 4.86008 11.7333 38
    endloop
  endfacet
  facet normal 0 0 -1
    outer loop
      vertex 4.39569 11.915 38
      vertex 4.17173 12.8393 38
      vertex 4.67258 12.6656 38
    endloop
  endfacet
  facet normal 0 0 -1
    outer loop
      vertex 3.92451 12.0784 38
      vertex 4.17173 12.8393 38
      vertex 4.39569 11.915 38
    endloop
  endfacet
  facet normal 0 0 -1
    outer loop
      vertex 3.92451 12.0784 38
      vertex 3.66445 12.9931 38
      vertex 4.17173 12.8393 38
    endloop
  endfacet
  facet normal 0 0 -1
    outer loop
      vertex 3.44729 12.2232 38
      vertex 3.66445 12.9931 38
      vertex 3.92451 12.0784 38
    endloop
  endfacet
  facet normal 0 0 -1
    outer loop
      vertex 3.44729 12.2232 38
      vertex 3.15151 13.127 38
      vertex 3.66445 12.9931 38
    endloop
  endfacet
  facet normal 0 0 -1
    outer loop
      vertex 2.96476 12.3491 38
      vertex 3.15151 13.127 38
      vertex 3.44729 12.2232 38
    endloop
  endfacet
  facet normal 0 0 -1
    outer loop
      vertex 2.96476 12.3491 38
      vertex 2.63372 13.2406 38
      vertex 3.15151 13.127 38
    endloop
  endfacet
  facet normal 0 0 -1
    outer loop
      vertex 2.47765 12.456 38
      vertex 2.63372 13.2406 38
      vertex 2.96476 12.3491 38
    endloop
  endfacet
  facet normal 0 0 -1
    outer loop
      vertex 2.47765 12.456 38
      vertex 2.11187 13.3338 38
      vertex 2.63372 13.2406 38
    endloop
  endfacet
  facet normal 0 0 -1
    outer loop
      vertex 1.98672 12.5436 38
      vertex 2.11187 13.3338 38
      vertex 2.47765 12.456 38
    endloop
  endfacet
  facet normal 0 0 -1
    outer loop
      vertex 1.98672 12.5436 38
      vertex 1.58675 13.4064 38
      vertex 2.11187 13.3338 38
    endloop
  endfacet
  facet normal 0 0 -1
    outer loop
      vertex 1.49272 12.612 38
      vertex 1.58675 13.4064 38
      vertex 1.98672 12.5436 38
    endloop
  endfacet
  facet normal 0 0 -1
    outer loop
      vertex 1.49272 12.612 38
      vertex 1.0592 13.4584 38
      vertex 1.58675 13.4064 38
    endloop
  endfacet
  facet normal 0 0 -1
    outer loop
      vertex 0.996429 12.6608 38
      vertex 1.0592 13.4584 38
      vertex 1.49272 12.612 38
    endloop
  endfacet
  facet normal 0 0 -1
    outer loop
      vertex 0.996429 12.6608 38
      vertex 0.530007 13.4896 38
      vertex 1.0592 13.4584 38
    endloop
  endfacet
  facet normal 0 0 -1
    outer loop
      vertex 0.498599 12.6902 38
      vertex 0.530007 13.4896 38
      vertex 0.996429 12.6608 38
    endloop
  endfacet
  facet normal 0 0 -1
    outer loop
      vertex 0 12.7 38
      vertex 0.530007 13.4896 38
      vertex 0.498599 12.6902 38
    endloop
  endfacet
  facet normal 0 0 -1
    outer loop
      vertex 0 12.7 38
      vertex 0 13.5 38
      vertex 0.530007 13.4896 38
    endloop
  endfacet
  facet normal 0 0 -1
    outer loop
      vertex -0.498599 12.6902 38
      vertex 0 13.5 38
      vertex 0 12.7 38
    endloop
  endfacet
  facet normal 0 0 -1
    outer loop
      vertex -0.498599 12.6902 38
      vertex -0.530007 13.4896 38
      vertex 0 13.5 38
    endloop
  endfacet
  facet normal 0 0 -1
    outer loop
      vertex -0.996429 12.6608 38
      vertex -0.530007 13.4896 38
      vertex -0.498599 12.6902 38
    endloop
  endfacet
  facet normal 0 0 -1
    outer loop
      vertex -0.996429 12.6608 38
      vertex -1.0592 13.4584 38
      vertex -0.530007 13.4896 38
    endloop
  endfacet
  facet normal 0 0 -1
    outer loop
      vertex -1.49272 12.612 38
      vertex -1.0592 13.4584 38
      vertex -0.996429 12.6608 38
    endloop
  endfacet
  facet normal 0 0 -1
    outer loop
      vertex -1.49272 12.612 38
      vertex -1.58675 13.4064 38
      vertex -1.0592 13.4584 38
    endloop
  endfacet
  facet normal 0 0 -1
    outer loop
      vertex -1.98672 12.5436 38
      vertex -1.58675 13.4064 38
      vertex -1.49272 12.612 38
    endloop
  endfacet
  facet normal 0 0 -1
    outer loop
      vertex -1.98672 12.5436 38
      vertex -2.11187 13.3338 38
      vertex -1.58675 13.4064 38
    endloop
  endfacet
  facet normal 0 0 -1
    outer loop
      vertex -2.47765 12.456 38
      vertex -2.11187 13.3338 38
      vertex -1.98672 12.5436 38
    endloop
  endfacet
  facet normal 0 0 -1
    outer loop
      vertex -2.47765 12.456 38
      vertex -2.63372 13.2406 38
      vertex -2.11187 13.3338 38
    endloop
  endfacet
  facet normal 0 0 -1
    outer loop
      vertex -2.96476 12.3491 38
      vertex -2.63372 13.2406 38
      vertex -2.47765 12.456 38
    endloop
  endfacet
  facet normal 0 0 -1
    outer loop
      vertex -2.96476 12.3491 38
      vertex -3.15151 13.127 38
      vertex -2.63372 13.2406 38
    endloop
  endfacet
  facet normal 0 0 -1
    outer loop
      vertex -3.44729 12.2232 38
      vertex -3.15151 13.127 38
      vertex -2.96476 12.3491 38
    endloop
  endfacet
  facet normal 0 0 -1
    outer loop
      vertex -3.44729 12.2232 38
      vertex -3.66445 12.9931 38
      vertex -3.15151 13.127 38
    endloop
  endfacet
  facet normal 0 0 -1
    outer loop
      vertex -3.92451 12.0784 38
      vertex -3.66445 12.9931 38
      vertex -3.44729 12.2232 38
    endloop
  endfacet
  facet normal 0 0 -1
    outer loop
      vertex -3.92451 12.0784 38
      vertex -4.17173 12.8393 38
      vertex -3.66445 12.9931 38
    endloop
  endfacet
  facet normal 0 0 -1
    outer loop
      vertex -4.39569 11.915 38
      vertex -4.17173 12.8393 38
      vertex -3.92451 12.0784 38
    endloop
  endfacet
  facet normal 0 0 -1
    outer loop
      vertex -4.39569 11.915 38
      vertex -4.67258 12.6656 38
      vertex -4.17173 12.8393 38
    endloop
  endfacet
  facet normal 0 0 -1
    outer loop
      vertex -4.86008 11.7333 38
      vertex -4.67258 12.6656 38
      vertex -4.39569 11.915 38
    endloop
  endfacet
  facet normal 0 0 -1
    outer loop
      vertex -4.86008 11.7333 38
      vertex -5.16623 12.4724 38
      vertex -4.67258 12.6656 38
    endloop
  endfacet
  facet normal 0 0 -1
    outer loop
      vertex -5.31698 11.5334 38
      vertex -5.16623 12.4724 38
      vertex -4.86008 11.7333 38
    endloop
  endfacet
  facet normal 0 0 -1
    outer loop
      vertex -5.31698 11.5334 38
      vertex -5.65191 12.2599 38
      vertex -5.16623 12.4724 38
    endloop
  endfacet
  facet normal 0 0 -1
    outer loop
      vertex -5.76568 11.3158 38
      vertex -5.65191 12.2599 38
      vertex -5.31698 11.5334 38
    endloop
  endfacet
  facet normal 0 0 -1
    outer loop
      vertex -5.76568 11.3158 38
      vertex -6.12887 12.0286 38
      vertex -5.65191 12.2599 38
    endloop
  endfacet
  facet normal 0 0 -1
    outer loop
      vertex -6.20549 11.0807 38
      vertex -6.12887 12.0286 38
      vertex -5.76568 11.3158 38
    endloop
  endfacet
  facet normal 0 0 -1
    outer loop
      vertex -6.20549 11.0807 38
      vertex -6.59639 11.7787 38
      vertex -6.12887 12.0286 38
    endloop
  endfacet
  facet normal 0 0 -1
    outer loop
      vertex -6.63573 10.8285 38
      vertex -6.59639 11.7787 38
      vertex -6.20549 11.0807 38
    endloop
  endfacet
  facet normal 0 0 -1
    outer loop
      vertex -6.63573 10.8285 38
      vertex -7.05373 11.5106 38
      vertex -6.59639 11.7787 38
    endloop
  endfacet
  facet normal 0 0 -1
    outer loop
      vertex -7.05574 10.5597 38
      vertex -7.05373 11.5106 38
      vertex -6.63573 10.8285 38
    endloop
  endfacet
  facet normal 0 0 -1
    outer loop
      vertex -7.5002 11.2248 38
      vertex -7.05574 10.5597 38
      vertex -7.46487 10.2745 38
    endloop
  endfacet
  facet normal 0 0 -1
    outer loop
      vertex -7.05574 10.5597 38
      vertex -7.5002 11.2248 38
      vertex -7.05373 11.5106 38
    endloop
  endfacet
  facet normal 0 0 -1
    outer loop
      vertex -7.9351 10.9217 38
      vertex -7.46487 10.2745 38
      vertex -7.86249 9.97352 38
    endloop
  endfacet
  facet normal 0 0 -1
    outer loop
      vertex -7.46487 10.2745 38
      vertex -7.9351 10.9217 38
      vertex -7.5002 11.2248 38
    endloop
  endfacet
  facet normal 0 0 -1
    outer loop
      vertex -8.35777 10.6018 38
      vertex -7.86249 9.97352 38
      vertex -8.24799 9.65715 38
    endloop
  endfacet
  facet normal 0 0 -1
    outer loop
      vertex -7.86249 9.97352 38
      vertex -8.35777 10.6018 38
      vertex -7.9351 10.9217 38
    endloop
  endfacet
  facet normal 0 0 -1
    outer loop
      vertex -8.76755 10.2655 38
      vertex -8.24799 9.65715 38
      vertex -8.62077 9.32589 38
    endloop
  endfacet
  facet normal 0 0 -1
    outer loop
      vertex -8.24799 9.65715 38
      vertex -8.76755 10.2655 38
      vertex -8.35777 10.6018 38
    endloop
  endfacet
  facet normal 0 0 -1
    outer loop
      vertex -9.16381 9.91335 38
      vertex -8.62077 9.32589 38
      vertex -8.98025 8.98025 38
    endloop
  endfacet
  facet normal 0 0 -1
    outer loop
      vertex -8.62077 9.32589 38
      vertex -9.16381 9.91335 38
      vertex -8.76755 10.2655 38
    endloop
  endfacet
  facet normal 0 0 -1
    outer loop
      vertex -9.54594 9.54594 38
      vertex -8.98025 8.98025 38
      vertex -9.32589 8.62077 38
    endloop
  endfacet
  facet normal 0 0 -1
    outer loop
      vertex -8.98025 8.98025 38
      vertex -9.54594 9.54594 38
      vertex -9.16381 9.91335 38
    endloop
  endfacet
  facet normal 0 0 -1
    outer loop
      vertex -9.91335 9.16381 38
      vertex -9.32589 8.62077 38
      vertex -9.65715 8.24799 38
    endloop
  endfacet
  facet normal 0 0 -1
    outer loop
      vertex -9.32589 8.62077 38
      vertex -9.91335 9.16381 38
      vertex -9.54594 9.54594 38
    endloop
  endfacet
  facet normal 0 0 -1
    outer loop
      vertex -10.2655 8.76755 38
      vertex -9.65715 8.24799 38
      vertex -9.97352 7.86249 38
    endloop
  endfacet
  facet normal 0 0 -1
    outer loop
      vertex -9.65715 8.24799 38
      vertex -10.2655 8.76755 38
      vertex -9.91335 9.16381 38
    endloop
  endfacet
  facet normal 0 0 -1
    outer loop
      vertex -10.6018 8.35777 38
      vertex -9.97352 7.86249 38
      vertex -10.2745 7.46487 38
    endloop
  endfacet
  facet normal 0 0 -1
    outer loop
      vertex -10.9217 7.9351 38
      vertex -10.2745 7.46487 38
      vertex -10.5597 7.05574 38
    endloop
  endfacet
  facet normal 0 0 -1
    outer loop
      vertex -9.97352 7.86249 38
      vertex -10.6018 8.35777 38
      vertex -10.2655 8.76755 38
    endloop
  endfacet
  facet normal 0 0 -1
    outer loop
      vertex -11.2248 7.5002 38
      vertex -10.5597 7.05574 38
      vertex -10.8285 6.63573 38
    endloop
  endfacet
  facet normal 0 0 -1
    outer loop
      vertex -10.2745 7.46487 38
      vertex -10.9217 7.9351 38
      vertex -10.6018 8.35777 38
    endloop
  endfacet
  facet normal 0 0 -1
    outer loop
      vertex -11.5106 7.05373 38
      vertex -10.8285 6.63573 38
      vertex -11.0807 6.20549 38
    endloop
  endfacet
  facet normal 0 0 -1
    outer loop
      vertex -10.5597 7.05574 38
      vertex -11.2248 7.5002 38
      vertex -10.9217 7.9351 38
    endloop
  endfacet
  facet normal 0 0 -1
    outer loop
      vertex -11.7787 6.59639 38
      vertex -11.0807 6.20549 38
      vertex -11.3158 5.76568 38
    endloop
  endfacet
  facet normal 0 0 -1
    outer loop
      vertex -10.8285 6.63573 38
      vertex -11.5106 7.05373 38
      vertex -11.2248 7.5002 38
    endloop
  endfacet
  facet normal 0 0 -1
    outer loop
      vertex -12.0286 6.12887 38
      vertex -11.3158 5.76568 38
      vertex -11.5334 5.31698 38
    endloop
  endfacet
  facet normal 0 0 -1
    outer loop
      vertex -12.2599 5.65191 38
      vertex -11.5334 5.31698 38
      vertex -11.7333 4.86008 38
    endloop
  endfacet
  facet normal 0 0 -1
    outer loop
      vertex -11.0807 6.20549 38
      vertex -11.7787 6.59639 38
      vertex -11.5106 7.05373 38
    endloop
  endfacet
  facet normal 0 0 -1
    outer loop
      vertex -12.4724 5.16623 38
      vertex -11.7333 4.86008 38
      vertex -11.915 4.39569 38
    endloop
  endfacet
  facet normal 0 0 -1
    outer loop
      vertex -11.3158 5.76568 38
      vertex -12.0286 6.12887 38
      vertex -11.7787 6.59639 38
    endloop
  endfacet
  facet normal 0 0 -1
    outer loop
      vertex -12.6656 4.67258 38
      vertex -11.915 4.39569 38
      vertex -12.0784 3.92451 38
    endloop
  endfacet
  facet normal 0 0 -1
    outer loop
      vertex -12.8393 4.17173 38
      vertex -12.0784 3.92451 38
      vertex -12.2232 3.44729 38
    endloop
  endfacet
  facet normal 0 0 -1
    outer loop
      vertex -11.5334 5.31698 38
      vertex -12.2599 5.65191 38
      vertex -12.0286 6.12887 38
    endloop
  endfacet
  facet normal 0 0 -1
    outer loop
      vertex -12.9931 3.66445 38
      vertex -12.2232 3.44729 38
      vertex -12.3491 2.96476 38
    endloop
  endfacet
  facet normal 0 0 -1
    outer loop
      vertex -13.127 3.15151 38
      vertex -12.3491 2.96476 38
      vertex -12.456 2.47765 38
    endloop
  endfacet
  facet normal 0 0 -1
    outer loop
      vertex -11.7333 4.86008 38
      vertex -12.4724 5.16623 38
      vertex -12.2599 5.65191 38
    endloop
  endfacet
  facet normal 0 0 -1
    outer loop
      vertex -13.2406 2.63372 38
      vertex -12.456 2.47765 38
      vertex -12.5436 1.98672 38
    endloop
  endfacet
  facet normal 0 0 -1
    outer loop
      vertex -13.3338 2.11187 38
      vertex -12.5436 1.98672 38
      vertex -12.612 1.49272 38
    endloop
  endfacet
  facet normal 0 0 -1
    outer loop
      vertex -13.4064 1.58675 38
      vertex -12.612 1.49272 38
      vertex -12.6608 0.996429 38
    endloop
  endfacet
  facet normal 0 0 -1
    outer loop
      vertex -11.915 4.39569 38
      vertex -12.6656 4.67258 38
      vertex -12.4724 5.16623 38
    endloop
  endfacet
  facet normal 0 0 -1
    outer loop
      vertex -13.4584 1.0592 38
      vertex -12.6608 0.996429 38
      vertex -12.6902 0.498599 38
    endloop
  endfacet
  facet normal 0 0 -1
    outer loop
      vertex -13.4896 0.530007 38
      vertex -12.6902 0.498599 38
      vertex -12.7 0 38
    endloop
  endfacet
  facet normal -0 0 -1
    outer loop
      vertex -12.5436 -1.98672 38
      vertex -13.3338 -2.11187 38
      vertex -12.612 -1.49272 38
    endloop
  endfacet
  facet normal 0 0 -1
    outer loop
      vertex -12.0784 3.92451 38
      vertex -12.8393 4.17173 38
      vertex -12.6656 4.67258 38
    endloop
  endfacet
  facet normal 0 0 -1
    outer loop
      vertex -13.4064 -1.58675 38
      vertex -12.612 -1.49272 38
      vertex -13.3338 -2.11187 38
    endloop
  endfacet
  facet normal 0 0 -1
    outer loop
      vertex -12.2232 3.44729 38
      vertex -12.9931 3.66445 38
      vertex -12.8393 4.17173 38
    endloop
  endfacet
  facet normal -0 0 -1
    outer loop
      vertex -12.612 -1.49272 38
      vertex -13.4064 -1.58675 38
      vertex -12.6608 -0.996429 38
    endloop
  endfacet
  facet normal 0 0 -1
    outer loop
      vertex -12.3491 2.96476 38
      vertex -13.127 3.15151 38
      vertex -12.9931 3.66445 38
    endloop
  endfacet
  facet normal 0 0 -1
    outer loop
      vertex -13.4584 -1.0592 38
      vertex -12.6608 -0.996429 38
      vertex -13.4064 -1.58675 38
    endloop
  endfacet
  facet normal 0 0 -1
    outer loop
      vertex -12.456 2.47765 38
      vertex -13.2406 2.63372 38
      vertex -13.127 3.15151 38
    endloop
  endfacet
  facet normal -0 0 -1
    outer loop
      vertex -12.6608 -0.996429 38
      vertex -13.4584 -1.0592 38
      vertex -12.6902 -0.498599 38
    endloop
  endfacet
  facet normal 0 0 -1
    outer loop
      vertex -12.5436 1.98672 38
      vertex -13.3338 2.11187 38
      vertex -13.2406 2.63372 38
    endloop
  endfacet
  facet normal 0 0 -1
    outer loop
      vertex -13.4896 -0.530007 38
      vertex -12.6902 -0.498599 38
      vertex -13.4584 -1.0592 38
    endloop
  endfacet
  facet normal 0 0 -1
    outer loop
      vertex -12.612 1.49272 38
      vertex -13.4064 1.58675 38
      vertex -13.3338 2.11187 38
    endloop
  endfacet
  facet normal -0 0 -1
    outer loop
      vertex -12.6902 -0.498599 38
      vertex -13.4896 -0.530007 38
      vertex -12.7 0 38
    endloop
  endfacet
  facet normal 0 0 -1
    outer loop
      vertex -12.6608 0.996429 38
      vertex -13.4584 1.0592 38
      vertex -13.4064 1.58675 38
    endloop
  endfacet
  facet normal 0 0 -1
    outer loop
      vertex -13.5 0 38
      vertex -12.7 0 38
      vertex -13.4896 -0.530007 38
    endloop
  endfacet
  facet normal 0 0 -1
    outer loop
      vertex -12.6902 0.498599 38
      vertex -13.4896 0.530007 38
      vertex -13.4584 1.0592 38
    endloop
  endfacet
  facet normal 0 0 -1
    outer loop
      vertex -12.7 0 38
      vertex -13.5 0 38
      vertex -13.4896 0.530007 38
    endloop
  endfacet
  facet normal 0.571777 0.820409 -0
    outer loop
      vertex 7.9351 10.9217 38
      vertex 7.5002 11.2248 44.2
      vertex 7.9351 10.9217 44.2
    endloop
  endfacet
  facet normal 0.571777 0.820409 0
    outer loop
      vertex 7.5002 11.2248 44.2
      vertex 7.9351 10.9217 38
      vertex 7.5002 11.2248 38
    endloop
  endfacet
  facet normal -0.747485 0.664278 0
    outer loop
      vertex -10.2655 8.76755 38
      vertex -9.91335 9.16381 45
      vertex -9.91335 9.16381 38
    endloop
  endfacet
  facet normal -0.747485 0.664278 0
    outer loop
      vertex -9.91335 9.16381 45
      vertex -10.2655 8.76755 38
      vertex -10.2655 8.76755 45
    endloop
  endfacet
  facet normal 0.747485 0.664278 0
    outer loop
      vertex 10.2655 8.76755 45
      vertex 9.91335 9.16381 38
      vertex 9.91335 9.16381 45
    endloop
  endfacet
  facet normal 0.747485 0.664278 0
    outer loop
      vertex 9.91335 9.16381 38
      vertex 10.2655 8.76755 45
      vertex 10.2655 8.76755 38
    endloop
  endfacet
  facet normal -0.364453 0.931222 0
    outer loop
      vertex -4.67258 12.6656 38
      vertex -5.16623 12.4724 44.2
      vertex -4.67258 12.6656 44.2
    endloop
  endfacet
  facet normal -0.364453 0.931222 0
    outer loop
      vertex -5.16623 12.4724 44.2
      vertex -4.67258 12.6656 38
      vertex -5.16623 12.4724 38
    endloop
  endfacet
  facet normal -0.999808 -0.0196186 0
    outer loop
      vertex -13.4896 -0.530007 38
      vertex -13.5 0 44.2
      vertex -13.5 0 38
    endloop
  endfacet
  facet normal -0.999808 -0.0196186 0
    outer loop
      vertex -13.5 0 44.2
      vertex -13.4896 -0.530007 38
      vertex -13.4896 -0.530007 44.2
    endloop
  endfacet
  facet normal -0.797369 0.603493 0
    outer loop
      vertex -10.9217 7.9351 38
      vertex -10.6018 8.35777 45
      vertex -10.6018 8.35777 38
    endloop
  endfacet
  facet normal -0.797369 0.603493 0
    outer loop
      vertex -10.6018 8.35777 45
      vertex -10.9217 7.9351 38
      vertex -10.9217 7.9351 45
    endloop
  endfacet
  facet normal -0.693086 -0.720854 0
    outer loop
      vertex -9.54594 -9.54594 38
      vertex -9.16381 -9.91335 44.2
      vertex -9.54594 -9.54594 44.2
    endloop
  endfacet
  facet normal -0.693086 -0.720854 -0
    outer loop
      vertex -9.16381 -9.91335 44.2
      vertex -9.54594 -9.54594 38
      vertex -9.16381 -9.91335 38
    endloop
  endfacet
  facet normal 0.990578 -0.136951 0
    outer loop
      vertex 13.3338 -2.11187 44.2
      vertex 13.4064 -1.58675 38
      vertex 13.4064 -1.58675 44.2
    endloop
  endfacet
  facet normal 0.990578 -0.136951 0
    outer loop
      vertex 13.4064 -1.58675 38
      vertex 13.3338 -2.11187 44.2
      vertex 13.3338 -2.11187 38
    endloop
  endfacet
  facet normal 0.881917 -0.471405 0
    outer loop
      vertex 11.7787 -6.59639 45
      vertex 12.0286 -6.12887 38
      vertex 12.0286 -6.12887 45
    endloop
  endfacet
  facet normal 0.881917 -0.471405 0
    outer loop
      vertex 12.0286 -6.12887 38
      vertex 11.7787 -6.59639 45
      vertex 11.7787 -6.59639 38
    endloop
  endfacet
  facet normal -0.820409 -0.571777 0
    outer loop
      vertex -10.9217 -7.9351 38
      vertex -11.2248 -7.5002 45
      vertex -11.2248 -7.5002 38
    endloop
  endfacet
  facet normal -0.820409 -0.571777 0
    outer loop
      vertex -11.2248 -7.5002 45
      vertex -10.9217 -7.9351 38
      vertex -10.9217 -7.9351 45
    endloop
  endfacet
  facet normal -0.471405 -0.881917 0
    outer loop
      vertex -6.59639 -11.7787 38
      vertex -6.12887 -12.0286 44.2
      vertex -6.59639 -11.7787 44.2
    endloop
  endfacet
  facet normal -0.471405 -0.881917 -0
    outer loop
      vertex -6.12887 -12.0286 44.2
      vertex -6.59639 -11.7787 38
      vertex -6.12887 -12.0286 38
    endloop
  endfacet
  facet normal -0.693086 0.720854 0
    outer loop
      vertex -9.16381 9.91335 38
      vertex -9.54594 9.54594 44.2
      vertex -9.16381 9.91335 44.2
    endloop
  endfacet
  facet normal -0.693086 0.720854 0
    outer loop
      vertex -9.54594 9.54594 44.2
      vertex -9.16381 9.91335 38
      vertex -9.54594 9.54594 38
    endloop
  endfacet
  facet normal 0.603493 -0.797369 0
    outer loop
      vertex 7.9351 -10.9217 38
      vertex 8.35777 -10.6018 44.2
      vertex 7.9351 -10.9217 44.2
    endloop
  endfacet
  facet normal 0.603493 -0.797369 0
    outer loop
      vertex 8.35777 -10.6018 44.2
      vertex 7.9351 -10.9217 38
      vertex 8.35777 -10.6018 38
    endloop
  endfacet
  facet normal 0.505725 -0.862695 0
    outer loop
      vertex 6.59639 -11.7787 38
      vertex 7.05373 -11.5106 44.2
      vertex 6.59639 -11.7787 44.2
    endloop
  endfacet
  facet normal 0.505725 -0.862695 0
    outer loop
      vertex 7.05373 -11.5106 44.2
      vertex 6.59639 -11.7787 38
      vertex 7.05373 -11.5106 38
    endloop
  endfacet
  facet normal 0.603493 0.797369 -0
    outer loop
      vertex 8.35777 10.6018 38
      vertex 7.9351 10.9217 44.2
      vertex 8.35777 10.6018 44.2
    endloop
  endfacet
  facet normal 0.603493 0.797369 0
    outer loop
      vertex 7.9351 10.9217 44.2
      vertex 8.35777 10.6018 38
      vertex 7.9351 10.9217 38
    endloop
  endfacet
  facet normal -0.720856 -0.693085 0
    outer loop
      vertex -9.91335 -9.16381 38
      vertex -9.55023 -9.54148 44.2
      vertex -9.91335 -9.16381 45
    endloop
  endfacet
  facet normal -0.720854 -0.693086 -2.09666e-07
    outer loop
      vertex -9.54594 -9.54594 38
      vertex -9.55023 -9.54148 44.2
      vertex -9.91335 -9.16381 38
    endloop
  endfacet
  facet normal -0.720709 -0.693238 0
    outer loop
      vertex -9.55023 -9.54148 44.2
      vertex -9.54594 -9.54594 38
      vertex -9.54594 -9.54594 44.2
    endloop
  endfacet
  facet normal -0.720856 -0.693085 0
    outer loop
      vertex -9.91335 -9.16381 45
      vertex -9.55023 -9.54148 44.2
      vertex -9.55023 -9.54148 45
    endloop
  endfacet
  facet normal -0.214297 -0.976769 0
    outer loop
      vertex -3.15151 -13.127 38
      vertex -2.63372 -13.2406 45
      vertex -3.15151 -13.127 45
    endloop
  endfacet
  facet normal -0.214297 -0.976769 -0
    outer loop
      vertex -2.63372 -13.2406 45
      vertex -3.15151 -13.127 38
      vertex -2.63372 -13.2406 38
    endloop
  endfacet
  facet normal -0.400843 0.916147 0
    outer loop
      vertex -5.16623 12.4724 38
      vertex -5.65191 12.2599 44.2
      vertex -5.16623 12.4724 44.2
    endloop
  endfacet
  facet normal -0.400843 0.916147 0
    outer loop
      vertex -5.65191 12.2599 44.2
      vertex -5.16623 12.4724 38
      vertex -5.65191 12.2599 38
    endloop
  endfacet
  facet normal 0.998267 -0.0588555 0
    outer loop
      vertex 13.4584 -1.0592 44.2
      vertex 13.4896 -0.530007 38
      vertex 13.4896 -0.530007 44.2
    endloop
  endfacet
  facet normal 0.998267 -0.0588555 0
    outer loop
      vertex 13.4896 -0.530007 38
      vertex 13.4584 -1.0592 44.2
      vertex 13.4584 -1.0592 38
    endloop
  endfacet
  facet normal 0.471405 -0.881917 0
    outer loop
      vertex 6.12887 -12.0286 38
      vertex 6.59639 -11.7787 44.2
      vertex 6.12887 -12.0286 44.2
    endloop
  endfacet
  facet normal 0.471405 -0.881917 0
    outer loop
      vertex 6.59639 -11.7787 44.2
      vertex 6.12887 -12.0286 38
      vertex 6.59639 -11.7787 38
    endloop
  endfacet
  facet normal 0.634396 -0.773008 0
    outer loop
      vertex 8.35777 -10.6018 38
      vertex 8.76755 -10.2655 44.2
      vertex 8.35777 -10.6018 44.2
    endloop
  endfacet
  facet normal 0.634396 -0.773008 0
    outer loop
      vertex 8.76755 -10.2655 44.2
      vertex 8.35777 -10.6018 38
      vertex 8.76755 -10.2655 38
    endloop
  endfacet
  facet normal 0.931222 -0.364453 0
    outer loop
      vertex 12.4724 -5.16623 45
      vertex 12.6656 -4.67258 38
      vertex 12.6656 -4.67258 45
    endloop
  endfacet
  facet normal 0.931222 -0.364453 0
    outer loop
      vertex 12.6656 -4.67258 38
      vertex 12.4724 -5.16623 45
      vertex 12.4724 -5.16623 38
    endloop
  endfacet
  facet normal -0.931222 -0.364453 0
    outer loop
      vertex -12.4724 -5.16623 38
      vertex -12.6656 -4.67258 45
      vertex -12.6656 -4.67258 38
    endloop
  endfacet
  facet normal -0.931222 -0.364453 0
    outer loop
      vertex -12.6656 -4.67258 45
      vertex -12.4724 -5.16623 38
      vertex -12.4724 -5.16623 45
    endloop
  endfacet
  facet normal -0.175813 0.984423 0
    outer loop
      vertex -2.11187 13.3338 38
      vertex -2.63372 13.2406 45
      vertex -2.11187 13.3338 45
    endloop
  endfacet
  facet normal -0.175813 0.984423 0
    outer loop
      vertex -2.63372 13.2406 45
      vertex -2.11187 13.3338 38
      vertex -2.63372 13.2406 38
    endloop
  endfacet
  facet normal -0.984423 0.175813 0
    outer loop
      vertex -13.3338 2.11187 38
      vertex -13.2406 2.63372 44.2
      vertex -13.2406 2.63372 38
    endloop
  endfacet
  facet normal -0.984423 0.175813 0
    outer loop
      vertex -13.2406 2.63372 44.2
      vertex -13.3338 2.11187 38
      vertex -13.3338 2.11187 44.2
    endloop
  endfacet
  facet normal 0.956983 -0.290144 0
    outer loop
      vertex 12.8393 -4.17173 45
      vertex 12.9931 -3.66445 38
      vertex 12.9931 -3.66445 45
    endloop
  endfacet
  facet normal 0.956983 -0.290144 0
    outer loop
      vertex 12.9931 -3.66445 38
      vertex 12.8393 -4.17173 45
      vertex 12.8393 -4.17173 38
    endloop
  endfacet
  facet normal 0.634396 0.773008 -0
    outer loop
      vertex 8.76755 10.2655 38
      vertex 8.35777 10.6018 44.2
      vertex 8.76755 10.2655 44.2
    endloop
  endfacet
  facet normal 0.634396 0.773008 0
    outer loop
      vertex 8.35777 10.6018 44.2
      vertex 8.76755 10.2655 38
      vertex 8.35777 10.6018 38
    endloop
  endfacet
  facet normal 0.976769 -0.214297 0
    outer loop
      vertex 13.127 -3.15151 44.2
      vertex 13.2406 -2.63372 38
      vertex 13.2406 -2.63372 44.2
    endloop
  endfacet
  facet normal 0.976769 -0.214297 0
    outer loop
      vertex 13.2406 -2.63372 38
      vertex 13.127 -3.15151 44.2
      vertex 13.127 -3.15151 38
    endloop
  endfacet
  facet normal -0.995177 -0.0980935 0
    outer loop
      vertex -13.4064 -1.58675 38
      vertex -13.4584 -1.0592 44.2
      vertex -13.4584 -1.0592 38
    endloop
  endfacet
  facet normal -0.995177 -0.0980935 0
    outer loop
      vertex -13.4584 -1.0592 44.2
      vertex -13.4064 -1.58675 38
      vertex -13.4064 -1.58675 44.2
    endloop
  endfacet
  facet normal 0.944794 -0.327664 0
    outer loop
      vertex 12.6656 -4.67258 45
      vertex 12.8393 -4.17173 38
      vertex 12.8393 -4.17173 45
    endloop
  endfacet
  facet normal 0.944794 -0.327664 0
    outer loop
      vertex 12.8393 -4.17173 38
      vertex 12.6656 -4.67258 45
      vertex 12.6656 -4.67258 38
    endloop
  endfacet
  facet normal 0.944794 0.327664 0
    outer loop
      vertex 12.8393 4.17173 45
      vertex 12.6656 4.67258 38
      vertex 12.6656 4.67258 45
    endloop
  endfacet
  facet normal 0.944794 0.327664 0
    outer loop
      vertex 12.6656 4.67258 38
      vertex 12.8393 4.17173 45
      vertex 12.8393 4.17173 38
    endloop
  endfacet
  facet normal -0.916147 -0.400843 0
    outer loop
      vertex -12.2599 -5.65191 38
      vertex -12.4724 -5.16623 45
      vertex -12.4724 -5.16623 38
    endloop
  endfacet
  facet normal -0.916147 -0.400843 0
    outer loop
      vertex -12.4724 -5.16623 45
      vertex -12.2599 -5.65191 38
      vertex -12.2599 -5.65191 45
    endloop
  endfacet
  facet normal 0.967473 -0.252973 0
    outer loop
      vertex 13.0361 -3.5 45
      vertex 12.9931 -3.66445 45
      vertex 13.0361 -3.5 44.2
    endloop
  endfacet
  facet normal 0.967624 -0.252395 0
    outer loop
      vertex 13.0361 -3.5 44.2
      vertex 13.127 -3.15151 38
      vertex 13.127 -3.15151 44.2
    endloop
  endfacet
  facet normal 0.967473 -0.252973 0
    outer loop
      vertex 12.9931 -3.66445 38
      vertex 13.0361 -3.5 44.2
      vertex 12.9931 -3.66445 45
    endloop
  endfacet
  facet normal 0.967576 -0.25258 -1.11248e-05
    outer loop
      vertex 13.0361 -3.5 44.2
      vertex 12.9931 -3.66445 38
      vertex 13.127 -3.15151 38
    endloop
  endfacet
  facet normal -0.967473 0.252973 0
    outer loop
      vertex -12.9931 3.66445 38
      vertex -13.0361 3.5 44.2
      vertex -12.9931 3.66445 45
    endloop
  endfacet
  facet normal -0.967576 0.25258 -1.11248e-05
    outer loop
      vertex -13.127 3.15151 38
      vertex -13.0361 3.5 44.2
      vertex -12.9931 3.66445 38
    endloop
  endfacet
  facet normal -0.967624 0.252395 0
    outer loop
      vertex -13.0361 3.5 44.2
      vertex -13.127 3.15151 38
      vertex -13.127 3.15151 44.2
    endloop
  endfacet
  facet normal -0.967473 0.252973 0
    outer loop
      vertex -12.9931 3.66445 45
      vertex -13.0361 3.5 44.2
      vertex -13.0361 3.5 45
    endloop
  endfacet
  facet normal -0.862695 0.505725 0
    outer loop
      vertex -11.7787 6.59639 38
      vertex -11.5106 7.05373 45
      vertex -11.5106 7.05373 38
    endloop
  endfacet
  facet normal -0.862695 0.505725 0
    outer loop
      vertex -11.5106 7.05373 45
      vertex -11.7787 6.59639 38
      vertex -11.7787 6.59639 45
    endloop
  endfacet
  facet normal 0.797369 -0.603493 0
    outer loop
      vertex 10.6018 -8.35777 45
      vertex 10.9217 -7.9351 38
      vertex 10.9217 -7.9351 45
    endloop
  endfacet
  facet normal 0.797369 -0.603493 0
    outer loop
      vertex 10.9217 -7.9351 38
      vertex 10.6018 -8.35777 45
      vertex 10.6018 -8.35777 38
    endloop
  endfacet
  facet normal 0.862695 -0.505725 0
    outer loop
      vertex 11.5106 -7.05373 45
      vertex 11.7787 -6.59639 38
      vertex 11.7787 -6.59639 45
    endloop
  endfacet
  facet normal 0.862695 -0.505725 0
    outer loop
      vertex 11.7787 -6.59639 38
      vertex 11.5106 -7.05373 45
      vertex 11.5106 -7.05373 38
    endloop
  endfacet
  facet normal -0.976769 0.214297 0
    outer loop
      vertex -13.2406 2.63372 38
      vertex -13.127 3.15151 44.2
      vertex -13.127 3.15151 38
    endloop
  endfacet
  facet normal -0.976769 0.214297 0
    outer loop
      vertex -13.127 3.15151 44.2
      vertex -13.2406 2.63372 38
      vertex -13.2406 2.63372 44.2
    endloop
  endfacet
  facet normal -0.175813 -0.984423 0
    outer loop
      vertex -2.63372 -13.2406 38
      vertex -2.11187 -13.3338 45
      vertex -2.63372 -13.2406 45
    endloop
  endfacet
  facet normal -0.175813 -0.984423 -0
    outer loop
      vertex -2.11187 -13.3338 45
      vertex -2.63372 -13.2406 38
      vertex -2.11187 -13.3338 38
    endloop
  endfacet
  facet normal -0.842221 -0.539133 0
    outer loop
      vertex -11.2248 -7.5002 38
      vertex -11.5106 -7.05373 45
      vertex -11.5106 -7.05373 38
    endloop
  endfacet
  facet normal -0.842221 -0.539133 0
    outer loop
      vertex -11.5106 -7.05373 45
      vertex -11.2248 -7.5002 38
      vertex -11.2248 -7.5002 45
    endloop
  endfacet
  facet normal 0.436345 -0.89978 0
    outer loop
      vertex 5.65191 -12.2599 38
      vertex 6.12887 -12.0286 44.2
      vertex 5.65191 -12.2599 44.2
    endloop
  endfacet
  facet normal 0.436345 -0.89978 0
    outer loop
      vertex 6.12887 -12.0286 44.2
      vertex 5.65191 -12.2599 38
      vertex 6.12887 -12.0286 38
    endloop
  endfacet
  facet normal 0.0196186 -0.999808 0
    outer loop
      vertex 0 -13.5 38
      vertex 0.530007 -13.4896 45
      vertex 0 -13.5 45
    endloop
  endfacet
  facet normal 0.0196186 -0.999808 0
    outer loop
      vertex 0.530007 -13.4896 45
      vertex 0 -13.5 38
      vertex 0.530007 -13.4896 38
    endloop
  endfacet
  facet normal -0.634396 0.773008 0
    outer loop
      vertex -8.35777 10.6018 38
      vertex -8.76755 10.2655 44.2
      vertex -8.35777 10.6018 44.2
    endloop
  endfacet
  facet normal -0.634396 0.773008 0
    outer loop
      vertex -8.76755 10.2655 44.2
      vertex -8.35777 10.6018 38
      vertex -8.76755 10.2655 38
    endloop
  endfacet
  facet normal 0.664278 0.747485 -0
    outer loop
      vertex 9.16381 9.91335 38
      vertex 8.76755 10.2655 44.2
      vertex 9.16381 9.91335 44.2
    endloop
  endfacet
  facet normal 0.664278 0.747485 0
    outer loop
      vertex 8.76755 10.2655 44.2
      vertex 9.16381 9.91335 38
      vertex 8.76755 10.2655 38
    endloop
  endfacet
  facet normal 0.999808 -0.0196186 0
    outer loop
      vertex 13.4896 -0.530007 44.2
      vertex 13.5 0 38
      vertex 13.5 0 44.2
    endloop
  endfacet
  facet normal 0.999808 -0.0196186 0
    outer loop
      vertex 13.5 0 38
      vertex 13.4896 -0.530007 44.2
      vertex 13.4896 -0.530007 38
    endloop
  endfacet
  facet normal 0.0588555 -0.998267 0
    outer loop
      vertex 0.530007 -13.4896 38
      vertex 1.0592 -13.4584 45
      vertex 0.530007 -13.4896 45
    endloop
  endfacet
  facet normal 0.0588555 -0.998267 0
    outer loop
      vertex 1.0592 -13.4584 45
      vertex 0.530007 -13.4896 38
      vertex 1.0592 -13.4584 38
    endloop
  endfacet
  facet normal 0.842221 0.539133 0
    outer loop
      vertex 11.5106 7.05373 45
      vertex 11.2248 7.5002 38
      vertex 11.2248 7.5002 45
    endloop
  endfacet
  facet normal 0.842221 0.539133 0
    outer loop
      vertex 11.2248 7.5002 38
      vertex 11.5106 7.05373 45
      vertex 11.5106 7.05373 38
    endloop
  endfacet
  facet normal 0.720856 0.693085 0
    outer loop
      vertex 9.55023 9.54148 45
      vertex 9.91335 9.16381 45
      vertex 9.55023 9.54148 44.2
    endloop
  endfacet
  facet normal 0.720709 0.693238 0
    outer loop
      vertex 9.55023 9.54148 44.2
      vertex 9.54594 9.54594 38
      vertex 9.54594 9.54594 44.2
    endloop
  endfacet
  facet normal 0.720856 0.693085 -0
    outer loop
      vertex 9.91335 9.16381 38
      vertex 9.55023 9.54148 44.2
      vertex 9.91335 9.16381 45
    endloop
  endfacet
  facet normal 0.720854 0.693086 -2.09666e-07
    outer loop
      vertex 9.55023 9.54148 44.2
      vertex 9.91335 9.16381 38
      vertex 9.54594 9.54594 38
    endloop
  endfacet
  facet normal -0.797369 -0.603493 0
    outer loop
      vertex -10.6018 -8.35777 38
      vertex -10.9217 -7.9351 45
      vertex -10.9217 -7.9351 38
    endloop
  endfacet
  facet normal -0.797369 -0.603493 0
    outer loop
      vertex -10.9217 -7.9351 45
      vertex -10.6018 -8.35777 38
      vertex -10.6018 -8.35777 45
    endloop
  endfacet
  facet normal 0.693086 -0.720854 0
    outer loop
      vertex 9.16381 -9.91335 38
      vertex 9.54594 -9.54594 44.2
      vertex 9.16381 -9.91335 44.2
    endloop
  endfacet
  facet normal 0.693086 -0.720854 0
    outer loop
      vertex 9.54594 -9.54594 44.2
      vertex 9.16381 -9.91335 38
      vertex 9.54594 -9.54594 38
    endloop
  endfacet
  facet normal 0.984423 0.175813 0
    outer loop
      vertex 13.3338 2.11187 44.2
      vertex 13.2406 2.63372 38
      vertex 13.2406 2.63372 44.2
    endloop
  endfacet
  facet normal 0.984423 0.175813 0
    outer loop
      vertex 13.2406 2.63372 38
      vertex 13.3338 2.11187 44.2
      vertex 13.3338 2.11187 38
    endloop
  endfacet
  facet normal 0.400843 -0.916147 0
    outer loop
      vertex 5.16623 -12.4724 38
      vertex 5.65191 -12.2599 44.2
      vertex 5.16623 -12.4724 44.2
    endloop
  endfacet
  facet normal 0.400843 -0.916147 0
    outer loop
      vertex 5.65191 -12.2599 44.2
      vertex 5.16623 -12.4724 38
      vertex 5.65191 -12.2599 38
    endloop
  endfacet
  facet normal 0.693086 0.720854 -0
    outer loop
      vertex 9.54594 9.54594 38
      vertex 9.16381 9.91335 44.2
      vertex 9.54594 9.54594 44.2
    endloop
  endfacet
  facet normal 0.693086 0.720854 0
    outer loop
      vertex 9.16381 9.91335 44.2
      vertex 9.54594 9.54594 38
      vertex 9.16381 9.91335 38
    endloop
  endfacet
  facet normal -0.931222 0.364453 0
    outer loop
      vertex -12.6656 4.67258 38
      vertex -12.4724 5.16623 45
      vertex -12.4724 5.16623 38
    endloop
  endfacet
  facet normal -0.931222 0.364453 0
    outer loop
      vertex -12.4724 5.16623 45
      vertex -12.6656 4.67258 38
      vertex -12.6656 4.67258 45
    endloop
  endfacet
  facet normal -0.136951 -0.990578 0
    outer loop
      vertex -2.11187 -13.3338 38
      vertex -1.58675 -13.4064 45
      vertex -2.11187 -13.3338 45
    endloop
  endfacet
  facet normal -0.136951 -0.990578 -0
    outer loop
      vertex -1.58675 -13.4064 45
      vertex -2.11187 -13.3338 38
      vertex -1.58675 -13.4064 38
    endloop
  endfacet
  facet normal -0.944794 0.327664 0
    outer loop
      vertex -12.8393 4.17173 38
      vertex -12.6656 4.67258 45
      vertex -12.6656 4.67258 38
    endloop
  endfacet
  facet normal -0.944794 0.327664 0
    outer loop
      vertex -12.6656 4.67258 45
      vertex -12.8393 4.17173 38
      vertex -12.8393 4.17173 45
    endloop
  endfacet
  facet normal -0.956983 -0.290144 0
    outer loop
      vertex -12.8393 -4.17173 38
      vertex -12.9931 -3.66445 45
      vertex -12.9931 -3.66445 38
    endloop
  endfacet
  facet normal -0.956983 -0.290144 0
    outer loop
      vertex -12.9931 -3.66445 45
      vertex -12.8393 -4.17173 38
      vertex -12.8393 -4.17173 45
    endloop
  endfacet
  facet normal 0.881917 0.471405 0
    outer loop
      vertex 12.0286 6.12887 45
      vertex 11.7787 6.59639 38
      vertex 11.7787 6.59639 45
    endloop
  endfacet
  facet normal 0.881917 0.471405 0
    outer loop
      vertex 11.7787 6.59639 38
      vertex 12.0286 6.12887 45
      vertex 12.0286 6.12887 38
    endloop
  endfacet
  facet normal 0.862695 0.505725 0
    outer loop
      vertex 11.7787 6.59639 45
      vertex 11.5106 7.05373 38
      vertex 11.5106 7.05373 45
    endloop
  endfacet
  facet normal 0.862695 0.505725 0
    outer loop
      vertex 11.5106 7.05373 38
      vertex 11.7787 6.59639 45
      vertex 11.7787 6.59639 38
    endloop
  endfacet
  facet normal -0.571777 -0.820409 0
    outer loop
      vertex -7.9351 -10.9217 38
      vertex -7.5002 -11.2248 44.2
      vertex -7.9351 -10.9217 44.2
    endloop
  endfacet
  facet normal -0.571777 -0.820409 -0
    outer loop
      vertex -7.5002 -11.2248 44.2
      vertex -7.9351 -10.9217 38
      vertex -7.5002 -11.2248 38
    endloop
  endfacet
  facet normal 0.956983 0.290144 0
    outer loop
      vertex 12.9931 3.66445 45
      vertex 12.8393 4.17173 38
      vertex 12.8393 4.17173 45
    endloop
  endfacet
  facet normal 0.956983 0.290144 0
    outer loop
      vertex 12.8393 4.17173 38
      vertex 12.9931 3.66445 45
      vertex 12.9931 3.66445 38
    endloop
  endfacet
  facet normal -0.999808 0.0196186 0
    outer loop
      vertex -13.5 0 38
      vertex -13.4896 0.530007 44.2
      vertex -13.4896 0.530007 38
    endloop
  endfacet
  facet normal -0.999808 0.0196186 0
    outer loop
      vertex -13.4896 0.530007 44.2
      vertex -13.5 0 38
      vertex -13.5 0 44.2
    endloop
  endfacet
  facet normal 0.720856 -0.693085 0
    outer loop
      vertex 9.55023 -9.54148 44.2
      vertex 9.91335 -9.16381 45
      vertex 9.55023 -9.54148 45
    endloop
  endfacet
  facet normal 0.720856 -0.693085 0
    outer loop
      vertex 9.91335 -9.16381 45
      vertex 9.55023 -9.54148 44.2
      vertex 9.91335 -9.16381 38
    endloop
  endfacet
  facet normal 0.720709 -0.693238 0
    outer loop
      vertex 9.54594 -9.54594 38
      vertex 9.55023 -9.54148 44.2
      vertex 9.54594 -9.54594 44.2
    endloop
  endfacet
  facet normal 0.720854 -0.693086 -2.09666e-07
    outer loop
      vertex 9.55023 -9.54148 44.2
      vertex 9.54594 -9.54594 38
      vertex 9.91335 -9.16381 38
    endloop
  endfacet
  facet normal -0.136951 0.990578 0
    outer loop
      vertex -1.58675 13.4064 38
      vertex -2.11187 13.3338 45
      vertex -1.58675 13.4064 45
    endloop
  endfacet
  facet normal -0.136951 0.990578 0
    outer loop
      vertex -2.11187 13.3338 45
      vertex -1.58675 13.4064 38
      vertex -2.11187 13.3338 38
    endloop
  endfacet
  facet normal 0.976769 0.214297 0
    outer loop
      vertex 13.2406 2.63372 44.2
      vertex 13.127 3.15151 38
      vertex 13.127 3.15151 44.2
    endloop
  endfacet
  facet normal 0.976769 0.214297 0
    outer loop
      vertex 13.127 3.15151 38
      vertex 13.2406 2.63372 44.2
      vertex 13.2406 2.63372 38
    endloop
  endfacet
  facet normal 0.539133 0.842221 -0
    outer loop
      vertex 7.5002 11.2248 38
      vertex 7.05373 11.5106 44.2
      vertex 7.5002 11.2248 44.2
    endloop
  endfacet
  facet normal 0.539133 0.842221 0
    outer loop
      vertex 7.05373 11.5106 44.2
      vertex 7.5002 11.2248 38
      vertex 7.05373 11.5106 38
    endloop
  endfacet
  facet normal 0.967473 0.252973 -0
    outer loop
      vertex 13.0361 3.5 44.2
      vertex 12.9931 3.66445 45
      vertex 13.0361 3.5 45
    endloop
  endfacet
  facet normal 0.967473 0.252973 0
    outer loop
      vertex 12.9931 3.66445 45
      vertex 13.0361 3.5 44.2
      vertex 12.9931 3.66445 38
    endloop
  endfacet
  facet normal 0.967624 0.252395 -0
    outer loop
      vertex 13.127 3.15151 38
      vertex 13.0361 3.5 44.2
      vertex 13.127 3.15151 44.2
    endloop
  endfacet
  facet normal 0.967576 0.25258 -1.11248e-05
    outer loop
      vertex 13.0361 3.5 44.2
      vertex 13.127 3.15151 38
      vertex 12.9931 3.66445 38
    endloop
  endfacet
  facet normal 0.327664 -0.944794 0
    outer loop
      vertex 4.17173 -12.8393 38
      vertex 4.67258 -12.6656 44.2
      vertex 4.17173 -12.8393 44.2
    endloop
  endfacet
  facet normal 0.327664 -0.944794 0
    outer loop
      vertex 4.67258 -12.6656 44.2
      vertex 4.17173 -12.8393 38
      vertex 4.67258 -12.6656 38
    endloop
  endfacet
  facet normal 0.471405 0.881917 -0
    outer loop
      vertex 6.59639 11.7787 38
      vertex 6.12887 12.0286 44.2
      vertex 6.59639 11.7787 44.2
    endloop
  endfacet
  facet normal 0.471405 0.881917 0
    outer loop
      vertex 6.12887 12.0286 44.2
      vertex 6.59639 11.7787 38
      vertex 6.12887 12.0286 38
    endloop
  endfacet
  facet normal -0.862695 -0.505725 0
    outer loop
      vertex -11.5106 -7.05373 38
      vertex -11.7787 -6.59639 45
      vertex -11.7787 -6.59639 38
    endloop
  endfacet
  facet normal -0.862695 -0.505725 0
    outer loop
      vertex -11.7787 -6.59639 45
      vertex -11.5106 -7.05373 38
      vertex -11.5106 -7.05373 45
    endloop
  endfacet
  facet normal -0.990578 -0.136951 0
    outer loop
      vertex -13.3338 -2.11187 38
      vertex -13.4064 -1.58675 44.2
      vertex -13.4064 -1.58675 38
    endloop
  endfacet
  facet normal -0.990578 -0.136951 0
    outer loop
      vertex -13.4064 -1.58675 44.2
      vertex -13.3338 -2.11187 38
      vertex -13.3338 -2.11187 44.2
    endloop
  endfacet
  facet normal -0.571777 0.820409 0
    outer loop
      vertex -7.5002 11.2248 38
      vertex -7.9351 10.9217 44.2
      vertex -7.5002 11.2248 44.2
    endloop
  endfacet
  facet normal -0.571777 0.820409 0
    outer loop
      vertex -7.9351 10.9217 44.2
      vertex -7.5002 11.2248 38
      vertex -7.9351 10.9217 38
    endloop
  endfacet
  facet normal 0.175813 0.984423 -0
    outer loop
      vertex 2.63372 13.2406 38
      vertex 2.11187 13.3338 45
      vertex 2.63372 13.2406 45
    endloop
  endfacet
  facet normal 0.175813 0.984423 0
    outer loop
      vertex 2.11187 13.3338 45
      vertex 2.63372 13.2406 38
      vertex 2.11187 13.3338 38
    endloop
  endfacet
  facet normal -0.505725 0.862695 0
    outer loop
      vertex -6.59639 11.7787 38
      vertex -7.05373 11.5106 44.2
      vertex -6.59639 11.7787 44.2
    endloop
  endfacet
  facet normal -0.505725 0.862695 0
    outer loop
      vertex -7.05373 11.5106 44.2
      vertex -6.59639 11.7787 38
      vertex -7.05373 11.5106 38
    endloop
  endfacet
  facet normal -0.0980935 0.995177 0
    outer loop
      vertex -1.0592 13.4584 38
      vertex -1.58675 13.4064 45
      vertex -1.0592 13.4584 45
    endloop
  endfacet
  facet normal -0.0980935 0.995177 0
    outer loop
      vertex -1.58675 13.4064 45
      vertex -1.0592 13.4584 38
      vertex -1.58675 13.4064 38
    endloop
  endfacet
  facet normal -0.664278 0.747485 0
    outer loop
      vertex -8.76755 10.2655 38
      vertex -9.16381 9.91335 44.2
      vertex -8.76755 10.2655 44.2
    endloop
  endfacet
  facet normal -0.664278 0.747485 0
    outer loop
      vertex -9.16381 9.91335 44.2
      vertex -8.76755 10.2655 38
      vertex -9.16381 9.91335 38
    endloop
  endfacet
  facet normal -0.773008 -0.634396 0
    outer loop
      vertex -10.2655 -8.76755 38
      vertex -10.6018 -8.35777 45
      vertex -10.6018 -8.35777 38
    endloop
  endfacet
  facet normal -0.773008 -0.634396 0
    outer loop
      vertex -10.6018 -8.35777 45
      vertex -10.2655 -8.76755 38
      vertex -10.2655 -8.76755 45
    endloop
  endfacet
  facet normal -0.998267 -0.0588555 0
    outer loop
      vertex -13.4584 -1.0592 38
      vertex -13.4896 -0.530007 44.2
      vertex -13.4896 -0.530007 38
    endloop
  endfacet
  facet normal -0.998267 -0.0588555 0
    outer loop
      vertex -13.4896 -0.530007 44.2
      vertex -13.4584 -1.0592 38
      vertex -13.4584 -1.0592 44.2
    endloop
  endfacet
  facet normal 0.136951 0.990578 -0
    outer loop
      vertex 2.11187 13.3338 38
      vertex 1.58675 13.4064 45
      vertex 2.11187 13.3338 45
    endloop
  endfacet
  facet normal 0.136951 0.990578 0
    outer loop
      vertex 1.58675 13.4064 45
      vertex 2.11187 13.3338 38
      vertex 1.58675 13.4064 38
    endloop
  endfacet
  facet normal -0.990578 0.136951 0
    outer loop
      vertex -13.4064 1.58675 38
      vertex -13.3338 2.11187 44.2
      vertex -13.3338 2.11187 38
    endloop
  endfacet
  facet normal -0.990578 0.136951 0
    outer loop
      vertex -13.3338 2.11187 44.2
      vertex -13.4064 1.58675 38
      vertex -13.4064 1.58675 44.2
    endloop
  endfacet
  facet normal 0.364453 0.931222 -0
    outer loop
      vertex 5.16623 12.4724 38
      vertex 4.67258 12.6656 44.2
      vertex 5.16623 12.4724 44.2
    endloop
  endfacet
  facet normal 0.364453 0.931222 0
    outer loop
      vertex 4.67258 12.6656 44.2
      vertex 5.16623 12.4724 38
      vertex 4.67258 12.6656 38
    endloop
  endfacet
  facet normal 0.984423 -0.175813 0
    outer loop
      vertex 13.2406 -2.63372 44.2
      vertex 13.3338 -2.11187 38
      vertex 13.3338 -2.11187 44.2
    endloop
  endfacet
  facet normal 0.984423 -0.175813 0
    outer loop
      vertex 13.3338 -2.11187 38
      vertex 13.2406 -2.63372 44.2
      vertex 13.2406 -2.63372 38
    endloop
  endfacet
  facet normal -0.747485 -0.664278 0
    outer loop
      vertex -9.91335 -9.16381 38
      vertex -10.2655 -8.76755 45
      vertex -10.2655 -8.76755 38
    endloop
  endfacet
  facet normal -0.747485 -0.664278 0
    outer loop
      vertex -10.2655 -8.76755 45
      vertex -9.91335 -9.16381 38
      vertex -9.91335 -9.16381 45
    endloop
  endfacet
  facet normal -0.89978 0.436345 0
    outer loop
      vertex -12.2599 5.65191 38
      vertex -12.0286 6.12887 45
      vertex -12.0286 6.12887 38
    endloop
  endfacet
  facet normal -0.89978 0.436345 0
    outer loop
      vertex -12.0286 6.12887 45
      vertex -12.2599 5.65191 38
      vertex -12.2599 5.65191 45
    endloop
  endfacet
  facet normal 0.327664 0.944794 -0
    outer loop
      vertex 4.67258 12.6656 38
      vertex 4.17173 12.8393 44.2
      vertex 4.67258 12.6656 44.2
    endloop
  endfacet
  facet normal 0.327664 0.944794 0
    outer loop
      vertex 4.17173 12.8393 44.2
      vertex 4.67258 12.6656 38
      vertex 4.17173 12.8393 38
    endloop
  endfacet
  facet normal 0.214297 -0.976769 0
    outer loop
      vertex 2.63372 -13.2406 38
      vertex 3.15151 -13.127 45
      vertex 2.63372 -13.2406 45
    endloop
  endfacet
  facet normal 0.214297 -0.976769 0
    outer loop
      vertex 3.15151 -13.127 45
      vertex 2.63372 -13.2406 38
      vertex 3.15151 -13.127 38
    endloop
  endfacet
  facet normal 0.990578 0.136951 0
    outer loop
      vertex 13.4064 1.58675 44.2
      vertex 13.3338 2.11187 38
      vertex 13.3338 2.11187 44.2
    endloop
  endfacet
  facet normal 0.990578 0.136951 0
    outer loop
      vertex 13.3338 2.11187 38
      vertex 13.4064 1.58675 44.2
      vertex 13.4064 1.58675 38
    endloop
  endfacet
  facet normal 0.539133 -0.842221 0
    outer loop
      vertex 7.05373 -11.5106 38
      vertex 7.5002 -11.2248 44.2
      vertex 7.05373 -11.5106 44.2
    endloop
  endfacet
  facet normal 0.539133 -0.842221 0
    outer loop
      vertex 7.5002 -11.2248 44.2
      vertex 7.05373 -11.5106 38
      vertex 7.5002 -11.2248 38
    endloop
  endfacet
  facet normal -0.916147 0.400843 0
    outer loop
      vertex -12.4724 5.16623 38
      vertex -12.2599 5.65191 45
      vertex -12.2599 5.65191 38
    endloop
  endfacet
  facet normal -0.916147 0.400843 0
    outer loop
      vertex -12.2599 5.65191 45
      vertex -12.4724 5.16623 38
      vertex -12.4724 5.16623 45
    endloop
  endfacet
  facet normal 0.25283 0.967511 0
    outer loop
      vertex 3.66445 12.9931 44.2
      vertex 3.66445 12.9931 38
      vertex 3.48689 13.0395 44.2
    endloop
  endfacet
  facet normal 0.252448 0.967611 -0
    outer loop
      vertex 3.48689 13.0395 44.2
      vertex 3.15151 13.127 45
      vertex 3.48689 13.0395 45
    endloop
  endfacet
  facet normal 0.25258 0.967576 -7.64634e-06
    outer loop
      vertex 3.15151 13.127 38
      vertex 3.48689 13.0395 44.2
      vertex 3.66445 12.9931 38
    endloop
  endfacet
  facet normal 0.252448 0.967611 0
    outer loop
      vertex 3.48689 13.0395 44.2
      vertex 3.15151 13.127 38
      vertex 3.15151 13.127 45
    endloop
  endfacet
  facet normal -0.290144 0.956983 0
    outer loop
      vertex -3.66445 12.9931 38
      vertex -4.17173 12.8393 44.2
      vertex -3.66445 12.9931 44.2
    endloop
  endfacet
  facet normal -0.290144 0.956983 0
    outer loop
      vertex -4.17173 12.8393 44.2
      vertex -3.66445 12.9931 38
      vertex -4.17173 12.8393 38
    endloop
  endfacet
  facet normal -0.0588555 0.998267 0
    outer loop
      vertex -0.530007 13.4896 38
      vertex -1.0592 13.4584 45
      vertex -0.530007 13.4896 45
    endloop
  endfacet
  facet normal -0.0588555 0.998267 0
    outer loop
      vertex -1.0592 13.4584 45
      vertex -0.530007 13.4896 38
      vertex -1.0592 13.4584 38
    endloop
  endfacet
  facet normal 0.136951 -0.990578 0
    outer loop
      vertex 1.58675 -13.4064 38
      vertex 2.11187 -13.3338 45
      vertex 1.58675 -13.4064 45
    endloop
  endfacet
  facet normal 0.136951 -0.990578 0
    outer loop
      vertex 2.11187 -13.3338 45
      vertex 1.58675 -13.4064 38
      vertex 2.11187 -13.3338 38
    endloop
  endfacet
  facet normal 0.175813 -0.984423 0
    outer loop
      vertex 2.11187 -13.3338 38
      vertex 2.63372 -13.2406 45
      vertex 2.11187 -13.3338 45
    endloop
  endfacet
  facet normal 0.175813 -0.984423 0
    outer loop
      vertex 2.63372 -13.2406 45
      vertex 2.11187 -13.3338 38
      vertex 2.63372 -13.2406 38
    endloop
  endfacet
  facet normal 0.773008 0.634396 0
    outer loop
      vertex 10.6018 8.35777 45
      vertex 10.2655 8.76755 38
      vertex 10.2655 8.76755 45
    endloop
  endfacet
  facet normal 0.773008 0.634396 0
    outer loop
      vertex 10.2655 8.76755 38
      vertex 10.6018 8.35777 45
      vertex 10.6018 8.35777 38
    endloop
  endfacet
  facet normal 0.252448 -0.967611 0
    outer loop
      vertex 3.15151 -13.127 45
      vertex 3.48689 -13.0395 44.2
      vertex 3.48689 -13.0395 45
    endloop
  endfacet
  facet normal 0.252448 -0.967611 0
    outer loop
      vertex 3.15151 -13.127 38
      vertex 3.48689 -13.0395 44.2
      vertex 3.15151 -13.127 45
    endloop
  endfacet
  facet normal 0.25258 -0.967576 -7.64634e-06
    outer loop
      vertex 3.66445 -12.9931 38
      vertex 3.48689 -13.0395 44.2
      vertex 3.15151 -13.127 38
    endloop
  endfacet
  facet normal 0.25283 -0.967511 0
    outer loop
      vertex 3.48689 -13.0395 44.2
      vertex 3.66445 -12.9931 38
      vertex 3.66445 -12.9931 44.2
    endloop
  endfacet
  facet normal -0.436345 -0.89978 0
    outer loop
      vertex -6.12887 -12.0286 38
      vertex -5.65191 -12.2599 44.2
      vertex -6.12887 -12.0286 44.2
    endloop
  endfacet
  facet normal -0.436345 -0.89978 -0
    outer loop
      vertex -5.65191 -12.2599 44.2
      vertex -6.12887 -12.0286 38
      vertex -5.65191 -12.2599 38
    endloop
  endfacet
  facet normal 0.916147 -0.400843 0
    outer loop
      vertex 12.2599 -5.65191 45
      vertex 12.4724 -5.16623 38
      vertex 12.4724 -5.16623 45
    endloop
  endfacet
  facet normal 0.916147 -0.400843 0
    outer loop
      vertex 12.4724 -5.16623 38
      vertex 12.2599 -5.65191 45
      vertex 12.2599 -5.65191 38
    endloop
  endfacet
  facet normal -0.0980935 -0.995177 0
    outer loop
      vertex -1.58675 -13.4064 38
      vertex -1.0592 -13.4584 45
      vertex -1.58675 -13.4064 45
    endloop
  endfacet
  facet normal -0.0980935 -0.995177 -0
    outer loop
      vertex -1.0592 -13.4584 45
      vertex -1.58675 -13.4064 38
      vertex -1.0592 -13.4584 38
    endloop
  endfacet
  facet normal -0.252448 0.967611 0
    outer loop
      vertex -3.15151 13.127 45
      vertex -3.48689 13.0395 44.2
      vertex -3.48689 13.0395 45
    endloop
  endfacet
  facet normal -0.252448 0.967611 0
    outer loop
      vertex -3.15151 13.127 38
      vertex -3.48689 13.0395 44.2
      vertex -3.15151 13.127 45
    endloop
  endfacet
  facet normal -0.25258 0.967576 -7.64634e-06
    outer loop
      vertex -3.66445 12.9931 38
      vertex -3.48689 13.0395 44.2
      vertex -3.15151 13.127 38
    endloop
  endfacet
  facet normal -0.25283 0.967511 0
    outer loop
      vertex -3.48689 13.0395 44.2
      vertex -3.66445 12.9931 38
      vertex -3.66445 12.9931 44.2
    endloop
  endfacet
  facet normal 0.571777 -0.820409 0
    outer loop
      vertex 7.5002 -11.2248 38
      vertex 7.9351 -10.9217 44.2
      vertex 7.5002 -11.2248 44.2
    endloop
  endfacet
  facet normal 0.571777 -0.820409 0
    outer loop
      vertex 7.9351 -10.9217 44.2
      vertex 7.5002 -11.2248 38
      vertex 7.9351 -10.9217 38
    endloop
  endfacet
  facet normal 0.0980935 0.995177 -0
    outer loop
      vertex 1.58675 13.4064 38
      vertex 1.0592 13.4584 45
      vertex 1.58675 13.4064 45
    endloop
  endfacet
  facet normal 0.0980935 0.995177 0
    outer loop
      vertex 1.0592 13.4584 45
      vertex 1.58675 13.4064 38
      vertex 1.0592 13.4584 38
    endloop
  endfacet
  facet normal 0.820409 0.571777 0
    outer loop
      vertex 11.2248 7.5002 45
      vertex 10.9217 7.9351 38
      vertex 10.9217 7.9351 45
    endloop
  endfacet
  facet normal 0.820409 0.571777 0
    outer loop
      vertex 10.9217 7.9351 38
      vertex 11.2248 7.5002 45
      vertex 11.2248 7.5002 38
    endloop
  endfacet
  facet normal -0.0196186 -0.999808 0
    outer loop
      vertex -0.530007 -13.4896 38
      vertex 0 -13.5 45
      vertex -0.530007 -13.4896 45
    endloop
  endfacet
  facet normal -0.0196186 -0.999808 -0
    outer loop
      vertex 0 -13.5 45
      vertex -0.530007 -13.4896 38
      vertex 0 -13.5 38
    endloop
  endfacet
  facet normal -0.998267 0.0588555 0
    outer loop
      vertex -13.4896 0.530007 38
      vertex -13.4584 1.0592 44.2
      vertex -13.4584 1.0592 38
    endloop
  endfacet
  facet normal -0.998267 0.0588555 0
    outer loop
      vertex -13.4584 1.0592 44.2
      vertex -13.4896 0.530007 38
      vertex -13.4896 0.530007 44.2
    endloop
  endfacet
  facet normal -0.603493 0.797369 0
    outer loop
      vertex -7.9351 10.9217 38
      vertex -8.35777 10.6018 44.2
      vertex -7.9351 10.9217 44.2
    endloop
  endfacet
  facet normal -0.603493 0.797369 0
    outer loop
      vertex -8.35777 10.6018 44.2
      vertex -7.9351 10.9217 38
      vertex -8.35777 10.6018 38
    endloop
  endfacet
  facet normal -0.214297 0.976769 0
    outer loop
      vertex -2.63372 13.2406 38
      vertex -3.15151 13.127 45
      vertex -2.63372 13.2406 45
    endloop
  endfacet
  facet normal -0.214297 0.976769 0
    outer loop
      vertex -3.15151 13.127 45
      vertex -2.63372 13.2406 38
      vertex -3.15151 13.127 38
    endloop
  endfacet
  facet normal 0.505725 0.862695 -0
    outer loop
      vertex 7.05373 11.5106 38
      vertex 6.59639 11.7787 44.2
      vertex 7.05373 11.5106 44.2
    endloop
  endfacet
  facet normal 0.505725 0.862695 0
    outer loop
      vertex 6.59639 11.7787 44.2
      vertex 7.05373 11.5106 38
      vertex 6.59639 11.7787 38
    endloop
  endfacet
  facet normal -0.956983 0.290144 0
    outer loop
      vertex -12.9931 3.66445 38
      vertex -12.8393 4.17173 45
      vertex -12.8393 4.17173 38
    endloop
  endfacet
  facet normal -0.956983 0.290144 0
    outer loop
      vertex -12.8393 4.17173 45
      vertex -12.9931 3.66445 38
      vertex -12.9931 3.66445 45
    endloop
  endfacet
  facet normal -0.25283 -0.967511 -0
    outer loop
      vertex -3.66445 -12.9931 44.2
      vertex -3.66445 -12.9931 38
      vertex -3.48689 -13.0395 44.2
    endloop
  endfacet
  facet normal -0.252448 -0.967611 0
    outer loop
      vertex -3.48689 -13.0395 44.2
      vertex -3.15151 -13.127 45
      vertex -3.48689 -13.0395 45
    endloop
  endfacet
  facet normal -0.25258 -0.967576 -7.64634e-06
    outer loop
      vertex -3.15151 -13.127 38
      vertex -3.48689 -13.0395 44.2
      vertex -3.66445 -12.9931 38
    endloop
  endfacet
  facet normal -0.252448 -0.967611 0
    outer loop
      vertex -3.48689 -13.0395 44.2
      vertex -3.15151 -13.127 38
      vertex -3.15151 -13.127 45
    endloop
  endfacet
  facet normal 0.916147 0.400843 0
    outer loop
      vertex 12.4724 5.16623 45
      vertex 12.2599 5.65191 38
      vertex 12.2599 5.65191 45
    endloop
  endfacet
  facet normal 0.916147 0.400843 0
    outer loop
      vertex 12.2599 5.65191 38
      vertex 12.4724 5.16623 45
      vertex 12.4724 5.16623 38
    endloop
  endfacet
  facet normal -0.0588555 -0.998267 0
    outer loop
      vertex -1.0592 -13.4584 38
      vertex -0.530007 -13.4896 45
      vertex -1.0592 -13.4584 45
    endloop
  endfacet
  facet normal -0.0588555 -0.998267 -0
    outer loop
      vertex -0.530007 -13.4896 45
      vertex -1.0592 -13.4584 38
      vertex -0.530007 -13.4896 38
    endloop
  endfacet
  facet normal 0.842221 -0.539133 0
    outer loop
      vertex 11.2248 -7.5002 45
      vertex 11.5106 -7.05373 38
      vertex 11.5106 -7.05373 45
    endloop
  endfacet
  facet normal 0.842221 -0.539133 0
    outer loop
      vertex 11.5106 -7.05373 38
      vertex 11.2248 -7.5002 45
      vertex 11.2248 -7.5002 38
    endloop
  endfacet
  facet normal -0.720709 0.693238 0
    outer loop
      vertex -9.54594 9.54594 38
      vertex -9.55023 9.54148 44.2
      vertex -9.54594 9.54594 44.2
    endloop
  endfacet
  facet normal -0.720854 0.693086 -2.09666e-07
    outer loop
      vertex -9.91335 9.16381 38
      vertex -9.55023 9.54148 44.2
      vertex -9.54594 9.54594 38
    endloop
  endfacet
  facet normal -0.720856 0.693085 0
    outer loop
      vertex -9.91335 9.16381 45
      vertex -9.55023 9.54148 44.2
      vertex -9.91335 9.16381 38
    endloop
  endfacet
  facet normal -0.720856 0.693085 0
    outer loop
      vertex -9.55023 9.54148 44.2
      vertex -9.91335 9.16381 45
      vertex -9.55023 9.54148 45
    endloop
  endfacet
  facet normal -0.364453 -0.931222 0
    outer loop
      vertex -5.16623 -12.4724 38
      vertex -4.67258 -12.6656 44.2
      vertex -5.16623 -12.4724 44.2
    endloop
  endfacet
  facet normal -0.364453 -0.931222 -0
    outer loop
      vertex -4.67258 -12.6656 44.2
      vertex -5.16623 -12.4724 38
      vertex -4.67258 -12.6656 38
    endloop
  endfacet
  facet normal -0.995177 0.0980935 0
    outer loop
      vertex -13.4584 1.0592 38
      vertex -13.4064 1.58675 44.2
      vertex -13.4064 1.58675 38
    endloop
  endfacet
  facet normal -0.995177 0.0980935 0
    outer loop
      vertex -13.4064 1.58675 44.2
      vertex -13.4584 1.0592 38
      vertex -13.4584 1.0592 44.2
    endloop
  endfacet
  facet normal 0.436345 0.89978 -0
    outer loop
      vertex 6.12887 12.0286 38
      vertex 5.65191 12.2599 44.2
      vertex 6.12887 12.0286 44.2
    endloop
  endfacet
  facet normal 0.436345 0.89978 0
    outer loop
      vertex 5.65191 12.2599 44.2
      vertex 6.12887 12.0286 38
      vertex 5.65191 12.2599 38
    endloop
  endfacet
  facet normal -0.0196186 0.999808 0
    outer loop
      vertex 0 13.5 38
      vertex -0.530007 13.4896 45
      vertex 0 13.5 45
    endloop
  endfacet
  facet normal -0.0196186 0.999808 0
    outer loop
      vertex -0.530007 13.4896 45
      vertex 0 13.5 38
      vertex -0.530007 13.4896 38
    endloop
  endfacet
  facet normal -0.881917 0.471405 0
    outer loop
      vertex -12.0286 6.12887 38
      vertex -11.7787 6.59639 45
      vertex -11.7787 6.59639 38
    endloop
  endfacet
  facet normal -0.881917 0.471405 0
    outer loop
      vertex -11.7787 6.59639 45
      vertex -12.0286 6.12887 38
      vertex -12.0286 6.12887 45
    endloop
  endfacet
  facet normal 0.931222 0.364453 0
    outer loop
      vertex 12.6656 4.67258 45
      vertex 12.4724 5.16623 38
      vertex 12.4724 5.16623 45
    endloop
  endfacet
  facet normal 0.931222 0.364453 0
    outer loop
      vertex 12.4724 5.16623 38
      vertex 12.6656 4.67258 45
      vertex 12.6656 4.67258 38
    endloop
  endfacet
  facet normal 0.290144 -0.956983 0
    outer loop
      vertex 3.66445 -12.9931 38
      vertex 4.17173 -12.8393 44.2
      vertex 3.66445 -12.9931 44.2
    endloop
  endfacet
  facet normal 0.290144 -0.956983 0
    outer loop
      vertex 4.17173 -12.8393 44.2
      vertex 3.66445 -12.9931 38
      vertex 4.17173 -12.8393 38
    endloop
  endfacet
  facet normal -0.327664 -0.944794 0
    outer loop
      vertex -4.67258 -12.6656 38
      vertex -4.17173 -12.8393 44.2
      vertex -4.67258 -12.6656 44.2
    endloop
  endfacet
  facet normal -0.327664 -0.944794 -0
    outer loop
      vertex -4.17173 -12.8393 44.2
      vertex -4.67258 -12.6656 38
      vertex -4.17173 -12.8393 38
    endloop
  endfacet
  facet normal 0.364453 -0.931222 0
    outer loop
      vertex 4.67258 -12.6656 38
      vertex 5.16623 -12.4724 44.2
      vertex 4.67258 -12.6656 44.2
    endloop
  endfacet
  facet normal 0.364453 -0.931222 0
    outer loop
      vertex 5.16623 -12.4724 44.2
      vertex 4.67258 -12.6656 38
      vertex 5.16623 -12.4724 38
    endloop
  endfacet
  facet normal 0.0588555 0.998267 -0
    outer loop
      vertex 1.0592 13.4584 38
      vertex 0.530007 13.4896 45
      vertex 1.0592 13.4584 45
    endloop
  endfacet
  facet normal 0.0588555 0.998267 0
    outer loop
      vertex 0.530007 13.4896 45
      vertex 1.0592 13.4584 38
      vertex 0.530007 13.4896 38
    endloop
  endfacet
  facet normal 0.89978 -0.436345 0
    outer loop
      vertex 12.0286 -6.12887 45
      vertex 12.2599 -5.65191 38
      vertex 12.2599 -5.65191 45
    endloop
  endfacet
  facet normal 0.89978 -0.436345 0
    outer loop
      vertex 12.2599 -5.65191 38
      vertex 12.0286 -6.12887 45
      vertex 12.0286 -6.12887 38
    endloop
  endfacet
  facet normal -0.634396 -0.773008 0
    outer loop
      vertex -8.76755 -10.2655 38
      vertex -8.35777 -10.6018 44.2
      vertex -8.76755 -10.2655 44.2
    endloop
  endfacet
  facet normal -0.634396 -0.773008 -0
    outer loop
      vertex -8.35777 -10.6018 44.2
      vertex -8.76755 -10.2655 38
      vertex -8.35777 -10.6018 38
    endloop
  endfacet
  facet normal 0.797369 0.603493 0
    outer loop
      vertex 10.9217 7.9351 45
      vertex 10.6018 8.35777 38
      vertex 10.6018 8.35777 45
    endloop
  endfacet
  facet normal 0.797369 0.603493 0
    outer loop
      vertex 10.6018 8.35777 38
      vertex 10.9217 7.9351 45
      vertex 10.9217 7.9351 38
    endloop
  endfacet
  facet normal -0.664278 -0.747485 0
    outer loop
      vertex -9.16381 -9.91335 38
      vertex -8.76755 -10.2655 44.2
      vertex -9.16381 -9.91335 44.2
    endloop
  endfacet
  facet normal -0.664278 -0.747485 -0
    outer loop
      vertex -8.76755 -10.2655 44.2
      vertex -9.16381 -9.91335 38
      vertex -8.76755 -10.2655 38
    endloop
  endfacet
  facet normal 0.820409 -0.571777 0
    outer loop
      vertex 10.9217 -7.9351 45
      vertex 11.2248 -7.5002 38
      vertex 11.2248 -7.5002 45
    endloop
  endfacet
  facet normal 0.820409 -0.571777 0
    outer loop
      vertex 11.2248 -7.5002 38
      vertex 10.9217 -7.9351 45
      vertex 10.9217 -7.9351 38
    endloop
  endfacet
  facet normal 0 0 1
    outer loop
      vertex 3.15151 13.127 45
      vertex 3.07213 12.3211 45
      vertex 3.48689 13.0395 45
    endloop
  endfacet
  facet normal 0 0 1
    outer loop
      vertex 2.11187 13.3338 45
      vertex 3.07213 12.3211 45
      vertex 2.63372 13.2406 45
    endloop
  endfacet
  facet normal 0 0 1
    outer loop
      vertex 2.63372 13.2406 45
      vertex 3.07213 12.3211 45
      vertex 3.15151 13.127 45
    endloop
  endfacet
  facet normal 0 0 1
    outer loop
      vertex 12.2072 3.5 45
      vertex 12.9931 3.66445 45
      vertex 12.8393 4.17173 45
    endloop
  endfacet
  facet normal 0 0 1
    outer loop
      vertex 12.2072 3.5 45
      vertex 12.8393 4.17173 45
      vertex 12.6656 4.67258 45
    endloop
  endfacet
  facet normal 0 0 1
    outer loop
      vertex 12.2072 3.5 45
      vertex 12.6656 4.67258 45
      vertex 12.4724 5.16623 45
    endloop
  endfacet
  facet normal 0 0 1
    outer loop
      vertex 12.2072 3.5 45
      vertex 12.4724 5.16623 45
      vertex 12.2599 5.65191 45
    endloop
  endfacet
  facet normal 0 0 1
    outer loop
      vertex 12.9931 3.66445 45
      vertex 12.2072 3.5 45
      vertex 13.0361 3.5 45
    endloop
  endfacet
  facet normal 0 0 1
    outer loop
      vertex 11.7787 6.59639 45
      vertex 12.2072 3.5 45
      vertex 12.0286 6.12887 45
    endloop
  endfacet
  facet normal 0 0 1
    outer loop
      vertex 12.0286 6.12887 45
      vertex 12.2072 3.5 45
      vertex 12.2599 5.65191 45
    endloop
  endfacet
  facet normal 0 0 1
    outer loop
      vertex 12.6902 0.498599 45
      vertex 12.6902 -0.498599 45
      vertex 12.7 0 45
    endloop
  endfacet
  facet normal 0 0 1
    outer loop
      vertex 12.6608 0.99643 45
      vertex 12.6902 -0.498599 45
      vertex 12.6902 0.498599 45
    endloop
  endfacet
  facet normal 0 0 1
    outer loop
      vertex 12.6608 0.99643 45
      vertex 12.6608 -0.99643 45
      vertex 12.6902 -0.498599 45
    endloop
  endfacet
  facet normal 0 0 1
    outer loop
      vertex 12.612 1.49272 45
      vertex 12.6608 -0.99643 45
      vertex 12.6608 0.99643 45
    endloop
  endfacet
  facet normal 0 0 1
    outer loop
      vertex 12.612 1.49272 45
      vertex 12.612 -1.49272 45
      vertex 12.6608 -0.99643 45
    endloop
  endfacet
  facet normal 0 0 1
    outer loop
      vertex 12.5436 1.98672 45
      vertex 12.612 -1.49272 45
      vertex 12.612 1.49272 45
    endloop
  endfacet
  facet normal 0 0 1
    outer loop
      vertex 12.5436 1.98672 45
      vertex 12.5436 -1.98672 45
      vertex 12.612 -1.49272 45
    endloop
  endfacet
  facet normal 0 0 1
    outer loop
      vertex 12.456 2.47765 45
      vertex 12.5436 -1.98672 45
      vertex 12.5436 1.98672 45
    endloop
  endfacet
  facet normal 0 0 1
    outer loop
      vertex 12.456 2.47765 45
      vertex 12.456 -2.47765 45
      vertex 12.5436 -1.98672 45
    endloop
  endfacet
  facet normal 0 0 1
    outer loop
      vertex 12.3491 2.96476 45
      vertex 12.456 -2.47765 45
      vertex 12.456 2.47765 45
    endloop
  endfacet
  facet normal 0 0 1
    outer loop
      vertex 12.3491 2.96476 45
      vertex 12.3491 -2.96476 45
      vertex 12.456 -2.47765 45
    endloop
  endfacet
  facet normal 0 0 1
    outer loop
      vertex 12.2072 3.5 45
      vertex 12.3491 2.96476 45
      vertex 12.2232 3.44729 45
    endloop
  endfacet
  facet normal 0 0 1
    outer loop
      vertex 12.3491 2.96476 45
      vertex 12.2072 3.5 45
      vertex 12.3491 -2.96476 45
    endloop
  endfacet
  facet normal 0 0 1
    outer loop
      vertex 12.2072 -3.5 45
      vertex 12.3491 -2.96476 45
      vertex 12.2072 3.5 45
    endloop
  endfacet
  facet normal 0 0 1
    outer loop
      vertex 12.3491 -2.96476 45
      vertex 12.2072 -3.5 45
      vertex 12.2232 -3.44729 45
    endloop
  endfacet
  facet normal -0 0 1
    outer loop
      vertex 12.2072 -3.5 45
      vertex 12.9931 -3.66445 45
      vertex 13.0361 -3.5 45
    endloop
  endfacet
  facet normal 0 0 1
    outer loop
      vertex 12.9931 -3.66445 45
      vertex 12.2072 -3.5 45
      vertex 12.8393 -4.17173 45
    endloop
  endfacet
  facet normal 0 0 1
    outer loop
      vertex 12.8393 -4.17173 45
      vertex 12.2072 -3.5 45
      vertex 12.6656 -4.67258 45
    endloop
  endfacet
  facet normal 0 0 1
    outer loop
      vertex 12.6656 -4.67258 45
      vertex 12.2072 -3.5 45
      vertex 12.4724 -5.16623 45
    endloop
  endfacet
  facet normal 0 0 1
    outer loop
      vertex 12.4724 -5.16623 45
      vertex 12.2072 -3.5 45
      vertex 12.2599 -5.65191 45
    endloop
  endfacet
  facet normal 0 0 1
    outer loop
      vertex 12.2072 -3.5 45
      vertex 12.0286 -6.12887 45
      vertex 12.2599 -5.65191 45
    endloop
  endfacet
  facet normal 0 0 1
    outer loop
      vertex 12.2072 3.5 45
      vertex 9.13393 8.82043 45
      vertex 12.2072 -3.5 45
    endloop
  endfacet
  facet normal 0 0 1
    outer loop
      vertex 12.2072 3.5 45
      vertex 11.7787 6.59639 45
      vertex 9.13393 8.82043 45
    endloop
  endfacet
  facet normal 0 0 1
    outer loop
      vertex 9.13393 -8.82043 45
      vertex 12.2072 -3.5 45
      vertex 9.13393 8.82043 45
    endloop
  endfacet
  facet normal 0 0 1
    outer loop
      vertex 9.13393 8.82043 45
      vertex 11.7787 6.59639 45
      vertex 11.5106 7.05373 45
    endloop
  endfacet
  facet normal 0 -0 1
    outer loop
      vertex 11.7787 -6.59639 45
      vertex 12.2072 -3.5 45
      vertex 9.13393 -8.82043 45
    endloop
  endfacet
  facet normal 0 0 1
    outer loop
      vertex 9.13393 8.82043 45
      vertex 11.5106 7.05373 45
      vertex 11.2248 7.5002 45
    endloop
  endfacet
  facet normal 0 0 1
    outer loop
      vertex 12.2072 -3.5 45
      vertex 11.7787 -6.59639 45
      vertex 12.0286 -6.12887 45
    endloop
  endfacet
  facet normal 0 0 1
    outer loop
      vertex 9.13393 8.82043 45
      vertex 11.2248 7.5002 45
      vertex 10.9217 7.9351 45
    endloop
  endfacet
  facet normal 0 0 1
    outer loop
      vertex 11.7787 -6.59639 45
      vertex 9.13393 -8.82043 45
      vertex 11.5106 -7.05373 45
    endloop
  endfacet
  facet normal 0 0 1
    outer loop
      vertex 9.13393 8.82043 45
      vertex 10.9217 7.9351 45
      vertex 10.6018 8.35777 45
    endloop
  endfacet
  facet normal 0 0 1
    outer loop
      vertex 11.5106 -7.05373 45
      vertex 9.13393 -8.82043 45
      vertex 11.2248 -7.5002 45
    endloop
  endfacet
  facet normal 0 0 1
    outer loop
      vertex 9.13393 8.82043 45
      vertex 10.6018 8.35777 45
      vertex 10.2655 8.76755 45
    endloop
  endfacet
  facet normal 0 0 1
    outer loop
      vertex 11.2248 -7.5002 45
      vertex 9.13393 -8.82043 45
      vertex 10.9217 -7.9351 45
    endloop
  endfacet
  facet normal -0 0 1
    outer loop
      vertex 9.13393 8.82043 45
      vertex 10.2655 8.76755 45
      vertex 9.91335 9.16381 45
    endloop
  endfacet
  facet normal 0 0 1
    outer loop
      vertex 10.9217 -7.9351 45
      vertex 9.13393 -8.82043 45
      vertex 10.6018 -8.35777 45
    endloop
  endfacet
  facet normal 0 0 1
    outer loop
      vertex 9.13393 8.82043 45
      vertex 9.91335 9.16381 45
      vertex 9.55023 9.54148 45
    endloop
  endfacet
  facet normal 0 0 1
    outer loop
      vertex 10.6018 -8.35777 45
      vertex 9.13393 -8.82043 45
      vertex 10.2655 -8.76755 45
    endloop
  endfacet
  facet normal 0 0 1
    outer loop
      vertex 10.2655 -8.76755 45
      vertex 9.13393 -8.82043 45
      vertex 9.91335 -9.16381 45
    endloop
  endfacet
  facet normal 0 0 1
    outer loop
      vertex 9.91335 -9.16381 45
      vertex 9.13393 -8.82043 45
      vertex 9.55023 -9.54148 45
    endloop
  endfacet
  facet normal 0 0 1
    outer loop
      vertex 8.62077 9.3259 45
      vertex 9.13393 8.82043 45
      vertex 8.98026 8.98026 45
    endloop
  endfacet
  facet normal 0 0 1
    outer loop
      vertex 9.13393 8.82043 45
      vertex 8.62077 9.3259 45
      vertex 9.13393 -8.82043 45
    endloop
  endfacet
  facet normal 0 0 1
    outer loop
      vertex 8.62077 -9.3259 45
      vertex 9.13393 -8.82043 45
      vertex 8.62077 9.3259 45
    endloop
  endfacet
  facet normal 0 0 1
    outer loop
      vertex 9.13393 -8.82043 45
      vertex 8.62077 -9.3259 45
      vertex 8.98026 -8.98026 45
    endloop
  endfacet
  facet normal 0 0 1
    outer loop
      vertex 8.24799 9.65716 45
      vertex 8.62077 -9.3259 45
      vertex 8.62077 9.3259 45
    endloop
  endfacet
  facet normal 0 0 1
    outer loop
      vertex 8.24799 9.65716 45
      vertex 8.24799 -9.65716 45
      vertex 8.62077 -9.3259 45
    endloop
  endfacet
  facet normal 0 0 1
    outer loop
      vertex 7.86249 9.97352 45
      vertex 8.24799 -9.65716 45
      vertex 8.24799 9.65716 45
    endloop
  endfacet
  facet normal 0 0 1
    outer loop
      vertex 7.86249 9.97352 45
      vertex 7.86249 -9.97352 45
      vertex 8.24799 -9.65716 45
    endloop
  endfacet
  facet normal 0 0 1
    outer loop
      vertex 7.46487 10.2745 45
      vertex 7.86249 -9.97352 45
      vertex 7.86249 9.97352 45
    endloop
  endfacet
  facet normal 0 0 1
    outer loop
      vertex 7.46487 10.2745 45
      vertex 7.46487 -10.2745 45
      vertex 7.86249 -9.97352 45
    endloop
  endfacet
  facet normal 0 0 1
    outer loop
      vertex 7.05574 10.5597 45
      vertex 7.46487 -10.2745 45
      vertex 7.46487 10.2745 45
    endloop
  endfacet
  facet normal 0 0 1
    outer loop
      vertex 7.05574 10.5597 45
      vertex 7.05574 -10.5597 45
      vertex 7.46487 -10.2745 45
    endloop
  endfacet
  facet normal 0 0 1
    outer loop
      vertex 6.63573 10.8285 45
      vertex 7.05574 -10.5597 45
      vertex 7.05574 10.5597 45
    endloop
  endfacet
  facet normal 0 0 1
    outer loop
      vertex 6.63573 10.8285 45
      vertex 6.63573 -10.8285 45
      vertex 7.05574 -10.5597 45
    endloop
  endfacet
  facet normal 0 0 1
    outer loop
      vertex 6.20549 11.0807 45
      vertex 6.63573 -10.8285 45
      vertex 6.63573 10.8285 45
    endloop
  endfacet
  facet normal 0 0 1
    outer loop
      vertex 6.20549 11.0807 45
      vertex 6.20549 -11.0807 45
      vertex 6.63573 -10.8285 45
    endloop
  endfacet
  facet normal 0 0 1
    outer loop
      vertex 5.76568 11.3158 45
      vertex 6.20549 -11.0807 45
      vertex 6.20549 11.0807 45
    endloop
  endfacet
  facet normal 0 0 1
    outer loop
      vertex 5.76568 11.3158 45
      vertex 5.76568 -11.3158 45
      vertex 6.20549 -11.0807 45
    endloop
  endfacet
  facet normal 0 0 1
    outer loop
      vertex 5.31698 11.5334 45
      vertex 5.76568 -11.3158 45
      vertex 5.76568 11.3158 45
    endloop
  endfacet
  facet normal 0 0 1
    outer loop
      vertex 5.31698 11.5334 45
      vertex 5.31698 -11.5334 45
      vertex 5.76568 -11.3158 45
    endloop
  endfacet
  facet normal 0 0 1
    outer loop
      vertex 4.86008 11.7333 45
      vertex 5.31698 -11.5334 45
      vertex 5.31698 11.5334 45
    endloop
  endfacet
  facet normal 0 0 1
    outer loop
      vertex 4.86008 11.7333 45
      vertex 4.86008 -11.7333 45
      vertex 5.31698 -11.5334 45
    endloop
  endfacet
  facet normal 0 0 1
    outer loop
      vertex 4.39569 11.915 45
      vertex 4.86008 -11.7333 45
      vertex 4.86008 11.7333 45
    endloop
  endfacet
  facet normal 0 0 1
    outer loop
      vertex 4.39569 11.915 45
      vertex 4.39569 -11.915 45
      vertex 4.86008 -11.7333 45
    endloop
  endfacet
  facet normal 0 0 1
    outer loop
      vertex 3.92452 12.0784 45
      vertex 4.39569 -11.915 45
      vertex 4.39569 11.915 45
    endloop
  endfacet
  facet normal 0 0 1
    outer loop
      vertex 3.92452 12.0784 45
      vertex 3.92452 -12.0784 45
      vertex 4.39569 -11.915 45
    endloop
  endfacet
  facet normal 0 0 1
    outer loop
      vertex 3.44729 12.2232 45
      vertex 3.92452 -12.0784 45
      vertex 3.92452 12.0784 45
    endloop
  endfacet
  facet normal 0 0 1
    outer loop
      vertex 3.44729 12.2232 45
      vertex 3.44729 -12.2232 45
      vertex 3.92452 -12.0784 45
    endloop
  endfacet
  facet normal 0 0 1
    outer loop
      vertex 3.07213 12.3211 45
      vertex 3.44729 -12.2232 45
      vertex 3.44729 12.2232 45
    endloop
  endfacet
  facet normal 0 0 1
    outer loop
      vertex 3.44729 -12.2232 45
      vertex 3.07213 12.3211 45
      vertex 3.07213 -12.3211 45
    endloop
  endfacet
  facet normal 0 0 1
    outer loop
      vertex 3.07213 -12.3211 45
      vertex 3.15151 -13.127 45
      vertex 3.48689 -13.0395 45
    endloop
  endfacet
  facet normal 0 0 1
    outer loop
      vertex 3.07213 -12.3211 45
      vertex 2.63372 -13.2406 45
      vertex 3.15151 -13.127 45
    endloop
  endfacet
  facet normal 0 0 1
    outer loop
      vertex 3.07213 12.3211 45
      vertex -3.07213 12.3211 45
      vertex 3.07213 -12.3211 45
    endloop
  endfacet
  facet normal 0 0 1
    outer loop
      vertex 1.58675 13.4064 45
      vertex 3.07213 12.3211 45
      vertex 2.11187 13.3338 45
    endloop
  endfacet
  facet normal 0 0 1
    outer loop
      vertex -3.07213 -12.3211 45
      vertex 3.07213 -12.3211 45
      vertex -3.07213 12.3211 45
    endloop
  endfacet
  facet normal 0 0 1
    outer loop
      vertex 1.0592 13.4584 45
      vertex 3.07213 12.3211 45
      vertex 1.58675 13.4064 45
    endloop
  endfacet
  facet normal 0 -0 1
    outer loop
      vertex 0 -13.5 45
      vertex 3.07213 -12.3211 45
      vertex -3.07213 -12.3211 45
    endloop
  endfacet
  facet normal 0 0 1
    outer loop
      vertex 0.530007 13.4896 45
      vertex 3.07213 12.3211 45
      vertex 1.0592 13.4584 45
    endloop
  endfacet
  facet normal 0 0 1
    outer loop
      vertex 3.07213 -12.3211 45
      vertex 2.11187 -13.3338 45
      vertex 2.63372 -13.2406 45
    endloop
  endfacet
  facet normal 0 0 1
    outer loop
      vertex 0 13.5 45
      vertex 3.07213 12.3211 45
      vertex 0.530007 13.4896 45
    endloop
  endfacet
  facet normal 0 0 1
    outer loop
      vertex 3.07213 -12.3211 45
      vertex 1.58675 -13.4064 45
      vertex 2.11187 -13.3338 45
    endloop
  endfacet
  facet normal 0 0 1
    outer loop
      vertex 3.07213 12.3211 45
      vertex 0 13.5 45
      vertex -3.07213 12.3211 45
    endloop
  endfacet
  facet normal 0 0 1
    outer loop
      vertex 3.07213 -12.3211 45
      vertex 1.0592 -13.4584 45
      vertex 1.58675 -13.4064 45
    endloop
  endfacet
  facet normal 0 0 1
    outer loop
      vertex -3.07213 12.3211 45
      vertex 0 13.5 45
      vertex -0.530007 13.4896 45
    endloop
  endfacet
  facet normal 0 0 1
    outer loop
      vertex 3.07213 -12.3211 45
      vertex 0.530007 -13.4896 45
      vertex 1.0592 -13.4584 45
    endloop
  endfacet
  facet normal 0 0 1
    outer loop
      vertex -3.07213 12.3211 45
      vertex -0.530007 13.4896 45
      vertex -1.0592 13.4584 45
    endloop
  endfacet
  facet normal 0 0 1
    outer loop
      vertex 3.07213 -12.3211 45
      vertex 0 -13.5 45
      vertex 0.530007 -13.4896 45
    endloop
  endfacet
  facet normal 0 0 1
    outer loop
      vertex -3.07213 12.3211 45
      vertex -1.0592 13.4584 45
      vertex -1.58675 13.4064 45
    endloop
  endfacet
  facet normal 0 0 1
    outer loop
      vertex 0 -13.5 45
      vertex -3.07213 -12.3211 45
      vertex -0.530007 -13.4896 45
    endloop
  endfacet
  facet normal 0 0 1
    outer loop
      vertex -3.07213 12.3211 45
      vertex -1.58675 13.4064 45
      vertex -2.11187 13.3338 45
    endloop
  endfacet
  facet normal 0 0 1
    outer loop
      vertex -0.530007 -13.4896 45
      vertex -3.07213 -12.3211 45
      vertex -1.0592 -13.4584 45
    endloop
  endfacet
  facet normal 0 0 1
    outer loop
      vertex -3.07213 12.3211 45
      vertex -2.11187 13.3338 45
      vertex -2.63372 13.2406 45
    endloop
  endfacet
  facet normal 0 0 1
    outer loop
      vertex -1.0592 -13.4584 45
      vertex -3.07213 -12.3211 45
      vertex -1.58675 -13.4064 45
    endloop
  endfacet
  facet normal 0 0 1
    outer loop
      vertex -1.58675 -13.4064 45
      vertex -3.07213 -12.3211 45
      vertex -2.11187 -13.3338 45
    endloop
  endfacet
  facet normal -0 0 1
    outer loop
      vertex -3.15151 13.127 45
      vertex -3.07213 12.3211 45
      vertex -2.63372 13.2406 45
    endloop
  endfacet
  facet normal 0 0 1
    outer loop
      vertex -3.07213 12.3211 45
      vertex -3.15151 13.127 45
      vertex -3.48689 13.0395 45
    endloop
  endfacet
  facet normal 0 0 1
    outer loop
      vertex -12.3491 2.96476 45
      vertex -12.2072 3.5 45
      vertex -12.2232 3.44729 45
    endloop
  endfacet
  facet normal 0 0 1
    outer loop
      vertex -12.2072 3.5 45
      vertex -12.3491 2.96476 45
      vertex -12.2072 -3.5 45
    endloop
  endfacet
  facet normal -0 0 1
    outer loop
      vertex -12.3491 -2.96476 45
      vertex -12.2072 -3.5 45
      vertex -12.3491 2.96476 45
    endloop
  endfacet
  facet normal 0 0 1
    outer loop
      vertex -12.2072 -3.5 45
      vertex -12.3491 -2.96476 45
      vertex -12.2232 -3.44729 45
    endloop
  endfacet
  facet normal -0 0 1
    outer loop
      vertex -12.456 2.47765 45
      vertex -12.3491 -2.96476 45
      vertex -12.3491 2.96476 45
    endloop
  endfacet
  facet normal 0 0 1
    outer loop
      vertex -12.456 2.47765 45
      vertex -12.456 -2.47765 45
      vertex -12.3491 -2.96476 45
    endloop
  endfacet
  facet normal -0 0 1
    outer loop
      vertex -12.5436 1.98672 45
      vertex -12.456 -2.47765 45
      vertex -12.456 2.47765 45
    endloop
  endfacet
  facet normal 0 0 1
    outer loop
      vertex -12.5436 1.98672 45
      vertex -12.5436 -1.98672 45
      vertex -12.456 -2.47765 45
    endloop
  endfacet
  facet normal -0 0 1
    outer loop
      vertex -12.612 1.49272 45
      vertex -12.5436 -1.98672 45
      vertex -12.5436 1.98672 45
    endloop
  endfacet
  facet normal 0 0 1
    outer loop
      vertex -12.612 1.49272 45
      vertex -12.612 -1.49272 45
      vertex -12.5436 -1.98672 45
    endloop
  endfacet
  facet normal -0 0 1
    outer loop
      vertex -12.6608 0.99643 45
      vertex -12.612 -1.49272 45
      vertex -12.612 1.49272 45
    endloop
  endfacet
  facet normal 0 0 1
    outer loop
      vertex -12.6608 0.99643 45
      vertex -12.6608 -0.99643 45
      vertex -12.612 -1.49272 45
    endloop
  endfacet
  facet normal -0 0 1
    outer loop
      vertex -12.6902 0.498599 45
      vertex -12.6608 -0.99643 45
      vertex -12.6608 0.99643 45
    endloop
  endfacet
  facet normal 0 0 1
    outer loop
      vertex -12.6902 0.498599 45
      vertex -12.6902 -0.498599 45
      vertex -12.6608 -0.99643 45
    endloop
  endfacet
  facet normal 0 -0 1
    outer loop
      vertex -12.6902 -0.498599 45
      vertex -12.6902 0.498599 45
      vertex -12.7 0 45
    endloop
  endfacet
  facet normal -0 0 1
    outer loop
      vertex -3.44729 12.2232 45
      vertex -3.07213 -12.3211 45
      vertex -3.07213 12.3211 45
    endloop
  endfacet
  facet normal 0 0 1
    outer loop
      vertex -3.44729 12.2232 45
      vertex -3.44729 -12.2232 45
      vertex -3.07213 -12.3211 45
    endloop
  endfacet
  facet normal -0 0 1
    outer loop
      vertex -3.92452 12.0784 45
      vertex -3.44729 -12.2232 45
      vertex -3.44729 12.2232 45
    endloop
  endfacet
  facet normal 0 0 1
    outer loop
      vertex -3.92452 12.0784 45
      vertex -3.92452 -12.0784 45
      vertex -3.44729 -12.2232 45
    endloop
  endfacet
  facet normal -0 0 1
    outer loop
      vertex -4.39569 11.915 45
      vertex -3.92452 -12.0784 45
      vertex -3.92452 12.0784 45
    endloop
  endfacet
  facet normal 0 0 1
    outer loop
      vertex -4.39569 11.915 45
      vertex -4.39569 -11.915 45
      vertex -3.92452 -12.0784 45
    endloop
  endfacet
  facet normal -0 0 1
    outer loop
      vertex -4.86008 11.7333 45
      vertex -4.39569 -11.915 45
      vertex -4.39569 11.915 45
    endloop
  endfacet
  facet normal 0 0 1
    outer loop
      vertex -4.86008 11.7333 45
      vertex -4.86008 -11.7333 45
      vertex -4.39569 -11.915 45
    endloop
  endfacet
  facet normal -0 0 1
    outer loop
      vertex -5.31698 11.5334 45
      vertex -4.86008 -11.7333 45
      vertex -4.86008 11.7333 45
    endloop
  endfacet
  facet normal 0 0 1
    outer loop
      vertex -5.31698 11.5334 45
      vertex -5.31698 -11.5334 45
      vertex -4.86008 -11.7333 45
    endloop
  endfacet
  facet normal -0 0 1
    outer loop
      vertex -5.76568 11.3158 45
      vertex -5.31698 -11.5334 45
      vertex -5.31698 11.5334 45
    endloop
  endfacet
  facet normal 0 0 1
    outer loop
      vertex -5.76568 11.3158 45
      vertex -5.76568 -11.3158 45
      vertex -5.31698 -11.5334 45
    endloop
  endfacet
  facet normal -0 0 1
    outer loop
      vertex -6.20549 11.0807 45
      vertex -5.76568 -11.3158 45
      vertex -5.76568 11.3158 45
    endloop
  endfacet
  facet normal 0 0 1
    outer loop
      vertex -6.20549 11.0807 45
      vertex -6.20549 -11.0807 45
      vertex -5.76568 -11.3158 45
    endloop
  endfacet
  facet normal -0 0 1
    outer loop
      vertex -6.63573 10.8285 45
      vertex -6.20549 -11.0807 45
      vertex -6.20549 11.0807 45
    endloop
  endfacet
  facet normal 0 0 1
    outer loop
      vertex -6.63573 10.8285 45
      vertex -6.63573 -10.8285 45
      vertex -6.20549 -11.0807 45
    endloop
  endfacet
  facet normal -0 0 1
    outer loop
      vertex -7.05574 10.5597 45
      vertex -6.63573 -10.8285 45
      vertex -6.63573 10.8285 45
    endloop
  endfacet
  facet normal 0 0 1
    outer loop
      vertex -7.05574 10.5597 45
      vertex -7.05574 -10.5597 45
      vertex -6.63573 -10.8285 45
    endloop
  endfacet
  facet normal -0 0 1
    outer loop
      vertex -7.46487 10.2745 45
      vertex -7.05574 -10.5597 45
      vertex -7.05574 10.5597 45
    endloop
  endfacet
  facet normal 0 0 1
    outer loop
      vertex -7.46487 10.2745 45
      vertex -7.46487 -10.2745 45
      vertex -7.05574 -10.5597 45
    endloop
  endfacet
  facet normal -0 0 1
    outer loop
      vertex -7.86249 9.97352 45
      vertex -7.46487 -10.2745 45
      vertex -7.46487 10.2745 45
    endloop
  endfacet
  facet normal 0 0 1
    outer loop
      vertex -7.86249 9.97352 45
      vertex -7.86249 -9.97352 45
      vertex -7.46487 -10.2745 45
    endloop
  endfacet
  facet normal -0 0 1
    outer loop
      vertex -8.24799 9.65716 45
      vertex -7.86249 -9.97352 45
      vertex -7.86249 9.97352 45
    endloop
  endfacet
  facet normal 0 0 1
    outer loop
      vertex -8.24799 9.65716 45
      vertex -8.24799 -9.65716 45
      vertex -7.86249 -9.97352 45
    endloop
  endfacet
  facet normal -0 0 1
    outer loop
      vertex -8.62077 9.3259 45
      vertex -8.24799 -9.65716 45
      vertex -8.24799 9.65716 45
    endloop
  endfacet
  facet normal 0 0 1
    outer loop
      vertex -8.62077 9.3259 45
      vertex -8.62077 -9.3259 45
      vertex -8.24799 -9.65716 45
    endloop
  endfacet
  facet normal 0 0 1
    outer loop
      vertex -9.13393 8.82043 45
      vertex -8.62077 9.3259 45
      vertex -8.98026 8.98026 45
    endloop
  endfacet
  facet normal 0 0 1
    outer loop
      vertex -8.62077 9.3259 45
      vertex -9.13393 8.82043 45
      vertex -8.62077 -9.3259 45
    endloop
  endfacet
  facet normal -0 0 1
    outer loop
      vertex -9.13393 -8.82043 45
      vertex -8.62077 -9.3259 45
      vertex -9.13393 8.82043 45
    endloop
  endfacet
  facet normal 0 0 1
    outer loop
      vertex -8.62077 -9.3259 45
      vertex -9.13393 -8.82043 45
      vertex -8.98026 -8.98026 45
    endloop
  endfacet
  facet normal -0 0 1
    outer loop
      vertex -9.91335 9.16381 45
      vertex -9.13393 8.82043 45
      vertex -9.55023 9.54148 45
    endloop
  endfacet
  facet normal 0 0 1
    outer loop
      vertex -9.13393 8.82043 45
      vertex -12.2072 3.5 45
      vertex -9.13393 -8.82043 45
    endloop
  endfacet
  facet normal 0 0 1
    outer loop
      vertex -10.2655 8.76755 45
      vertex -9.13393 8.82043 45
      vertex -9.91335 9.16381 45
    endloop
  endfacet
  facet normal -0 0 1
    outer loop
      vertex -12.2072 -3.5 45
      vertex -9.13393 -8.82043 45
      vertex -12.2072 3.5 45
    endloop
  endfacet
  facet normal 0 0 1
    outer loop
      vertex -10.6018 8.35777 45
      vertex -9.13393 8.82043 45
      vertex -10.2655 8.76755 45
    endloop
  endfacet
  facet normal -0 -0 1
    outer loop
      vertex -11.7787 -6.59639 45
      vertex -9.13393 -8.82043 45
      vertex -12.2072 -3.5 45
    endloop
  endfacet
  facet normal 0 0 1
    outer loop
      vertex -10.9217 7.9351 45
      vertex -9.13393 8.82043 45
      vertex -10.6018 8.35777 45
    endloop
  endfacet
  facet normal 0 0 1
    outer loop
      vertex -9.13393 -8.82043 45
      vertex -9.91335 -9.16381 45
      vertex -9.55023 -9.54148 45
    endloop
  endfacet
  facet normal 0 0 1
    outer loop
      vertex -11.2248 7.5002 45
      vertex -9.13393 8.82043 45
      vertex -10.9217 7.9351 45
    endloop
  endfacet
  facet normal 0 0 1
    outer loop
      vertex -9.13393 -8.82043 45
      vertex -10.2655 -8.76755 45
      vertex -9.91335 -9.16381 45
    endloop
  endfacet
  facet normal 0 0 1
    outer loop
      vertex -11.5106 7.05373 45
      vertex -9.13393 8.82043 45
      vertex -11.2248 7.5002 45
    endloop
  endfacet
  facet normal 0 0 1
    outer loop
      vertex -9.13393 -8.82043 45
      vertex -10.6018 -8.35777 45
      vertex -10.2655 -8.76755 45
    endloop
  endfacet
  facet normal 0 0 1
    outer loop
      vertex -11.7787 6.59639 45
      vertex -9.13393 8.82043 45
      vertex -11.5106 7.05373 45
    endloop
  endfacet
  facet normal 0 0 1
    outer loop
      vertex -9.13393 -8.82043 45
      vertex -10.9217 -7.9351 45
      vertex -10.6018 -8.35777 45
    endloop
  endfacet
  facet normal 0 0 1
    outer loop
      vertex -9.13393 8.82043 45
      vertex -11.7787 6.59639 45
      vertex -12.2072 3.5 45
    endloop
  endfacet
  facet normal 0 0 1
    outer loop
      vertex -9.13393 -8.82043 45
      vertex -11.2248 -7.5002 45
      vertex -10.9217 -7.9351 45
    endloop
  endfacet
  facet normal 0 0 1
    outer loop
      vertex -12.2072 3.5 45
      vertex -11.7787 6.59639 45
      vertex -12.0286 6.12887 45
    endloop
  endfacet
  facet normal 0 0 1
    outer loop
      vertex -9.13393 -8.82043 45
      vertex -11.5106 -7.05373 45
      vertex -11.2248 -7.5002 45
    endloop
  endfacet
  facet normal 0 0 1
    outer loop
      vertex -9.13393 -8.82043 45
      vertex -11.7787 -6.59639 45
      vertex -11.5106 -7.05373 45
    endloop
  endfacet
  facet normal -0 0 1
    outer loop
      vertex -12.2599 5.65191 45
      vertex -12.2072 3.5 45
      vertex -12.0286 6.12887 45
    endloop
  endfacet
  facet normal -0 0 1
    outer loop
      vertex -12.4724 5.16623 45
      vertex -12.2072 3.5 45
      vertex -12.2599 5.65191 45
    endloop
  endfacet
  facet normal -0 0 1
    outer loop
      vertex -12.6656 4.67258 45
      vertex -12.2072 3.5 45
      vertex -12.4724 5.16623 45
    endloop
  endfacet
  facet normal -0 0 1
    outer loop
      vertex -12.8393 4.17173 45
      vertex -12.2072 3.5 45
      vertex -12.6656 4.67258 45
    endloop
  endfacet
  facet normal -0 0 1
    outer loop
      vertex -12.9931 3.66445 45
      vertex -12.2072 3.5 45
      vertex -12.8393 4.17173 45
    endloop
  endfacet
  facet normal 0 0 1
    outer loop
      vertex -12.2072 3.5 45
      vertex -12.9931 3.66445 45
      vertex -13.0361 3.5 45
    endloop
  endfacet
  facet normal 0 0 1
    outer loop
      vertex -2.11187 -13.3338 45
      vertex -3.07213 -12.3211 45
      vertex -2.63372 -13.2406 45
    endloop
  endfacet
  facet normal 0 0 1
    outer loop
      vertex -3.07213 -12.3211 45
      vertex -3.15151 -13.127 45
      vertex -2.63372 -13.2406 45
    endloop
  endfacet
  facet normal 0 -0 1
    outer loop
      vertex -3.15151 -13.127 45
      vertex -3.07213 -12.3211 45
      vertex -3.48689 -13.0395 45
    endloop
  endfacet
  facet normal 0 0 1
    outer loop
      vertex -11.7787 -6.59639 45
      vertex -12.2072 -3.5 45
      vertex -12.0286 -6.12887 45
    endloop
  endfacet
  facet normal 0 0 1
    outer loop
      vertex -12.2072 -3.5 45
      vertex -12.2599 -5.65191 45
      vertex -12.0286 -6.12887 45
    endloop
  endfacet
  facet normal 0 0 1
    outer loop
      vertex -12.2072 -3.5 45
      vertex -12.4724 -5.16623 45
      vertex -12.2599 -5.65191 45
    endloop
  endfacet
  facet normal 0 0 1
    outer loop
      vertex -12.2072 -3.5 45
      vertex -12.6656 -4.67258 45
      vertex -12.4724 -5.16623 45
    endloop
  endfacet
  facet normal 0 0 1
    outer loop
      vertex -12.2072 -3.5 45
      vertex -12.8393 -4.17173 45
      vertex -12.6656 -4.67258 45
    endloop
  endfacet
  facet normal 0 0 1
    outer loop
      vertex -12.2072 -3.5 45
      vertex -12.9931 -3.66445 45
      vertex -12.8393 -4.17173 45
    endloop
  endfacet
  facet normal 0 -0 1
    outer loop
      vertex -12.9931 -3.66445 45
      vertex -12.2072 -3.5 45
      vertex -13.0361 -3.5 45
    endloop
  endfacet
  facet normal -0.881917 -0.471405 0
    outer loop
      vertex -11.7787 -6.59639 38
      vertex -12.0286 -6.12887 45
      vertex -12.0286 -6.12887 38
    endloop
  endfacet
  facet normal -0.881917 -0.471405 0
    outer loop
      vertex -12.0286 -6.12887 45
      vertex -11.7787 -6.59639 38
      vertex -11.7787 -6.59639 45
    endloop
  endfacet
  facet normal -0.603493 -0.797369 0
    outer loop
      vertex -8.35777 -10.6018 38
      vertex -7.9351 -10.9217 44.2
      vertex -8.35777 -10.6018 44.2
    endloop
  endfacet
  facet normal -0.603493 -0.797369 -0
    outer loop
      vertex -7.9351 -10.9217 44.2
      vertex -8.35777 -10.6018 38
      vertex -7.9351 -10.9217 38
    endloop
  endfacet
  facet normal -0.505725 -0.862695 0
    outer loop
      vertex -7.05373 -11.5106 38
      vertex -6.59639 -11.7787 44.2
      vertex -7.05373 -11.5106 44.2
    endloop
  endfacet
  facet normal -0.505725 -0.862695 -0
    outer loop
      vertex -6.59639 -11.7787 44.2
      vertex -7.05373 -11.5106 38
      vertex -6.59639 -11.7787 38
    endloop
  endfacet
  facet normal -0.400843 -0.916147 0
    outer loop
      vertex -5.65191 -12.2599 38
      vertex -5.16623 -12.4724 44.2
      vertex -5.65191 -12.2599 44.2
    endloop
  endfacet
  facet normal -0.400843 -0.916147 -0
    outer loop
      vertex -5.16623 -12.4724 44.2
      vertex -5.65191 -12.2599 38
      vertex -5.16623 -12.4724 38
    endloop
  endfacet
  facet normal -0.773008 0.634396 0
    outer loop
      vertex -10.6018 8.35777 38
      vertex -10.2655 8.76755 45
      vertex -10.2655 8.76755 38
    endloop
  endfacet
  facet normal -0.773008 0.634396 0
    outer loop
      vertex -10.2655 8.76755 45
      vertex -10.6018 8.35777 38
      vertex -10.6018 8.35777 45
    endloop
  endfacet
  facet normal -0.842221 0.539133 0
    outer loop
      vertex -11.5106 7.05373 38
      vertex -11.2248 7.5002 45
      vertex -11.2248 7.5002 38
    endloop
  endfacet
  facet normal -0.842221 0.539133 0
    outer loop
      vertex -11.2248 7.5002 45
      vertex -11.5106 7.05373 38
      vertex -11.5106 7.05373 45
    endloop
  endfacet
  facet normal 0.290144 0.956983 -0
    outer loop
      vertex 4.17173 12.8393 38
      vertex 3.66445 12.9931 44.2
      vertex 4.17173 12.8393 44.2
    endloop
  endfacet
  facet normal 0.290144 0.956983 0
    outer loop
      vertex 3.66445 12.9931 44.2
      vertex 4.17173 12.8393 38
      vertex 3.66445 12.9931 38
    endloop
  endfacet
  facet normal -0.539133 -0.842221 0
    outer loop
      vertex -7.5002 -11.2248 38
      vertex -7.05373 -11.5106 44.2
      vertex -7.5002 -11.2248 44.2
    endloop
  endfacet
  facet normal -0.539133 -0.842221 -0
    outer loop
      vertex -7.05373 -11.5106 44.2
      vertex -7.5002 -11.2248 38
      vertex -7.05373 -11.5106 38
    endloop
  endfacet
  facet normal -0.436345 0.89978 0
    outer loop
      vertex -5.65191 12.2599 38
      vertex -6.12887 12.0286 44.2
      vertex -5.65191 12.2599 44.2
    endloop
  endfacet
  facet normal -0.436345 0.89978 0
    outer loop
      vertex -6.12887 12.0286 44.2
      vertex -5.65191 12.2599 38
      vertex -6.12887 12.0286 38
    endloop
  endfacet
  facet normal -0.471405 0.881917 0
    outer loop
      vertex -6.12887 12.0286 38
      vertex -6.59639 11.7787 44.2
      vertex -6.12887 12.0286 44.2
    endloop
  endfacet
  facet normal -0.471405 0.881917 0
    outer loop
      vertex -6.59639 11.7787 44.2
      vertex -6.12887 12.0286 38
      vertex -6.59639 11.7787 38
    endloop
  endfacet
  facet normal -0.290144 -0.956983 0
    outer loop
      vertex -4.17173 -12.8393 38
      vertex -3.66445 -12.9931 44.2
      vertex -4.17173 -12.8393 44.2
    endloop
  endfacet
  facet normal -0.290144 -0.956983 -0
    outer loop
      vertex -3.66445 -12.9931 44.2
      vertex -4.17173 -12.8393 38
      vertex -3.66445 -12.9931 38
    endloop
  endfacet
  facet normal -0.89978 -0.436345 0
    outer loop
      vertex -12.0286 -6.12887 38
      vertex -12.2599 -5.65191 45
      vertex -12.2599 -5.65191 38
    endloop
  endfacet
  facet normal -0.89978 -0.436345 0
    outer loop
      vertex -12.2599 -5.65191 45
      vertex -12.0286 -6.12887 38
      vertex -12.0286 -6.12887 45
    endloop
  endfacet
  facet normal -0.668903 0.0131292 0.743234
    outer loop
      vertex -17 0 2.39999
      vertex -16.9869 0.667417 2.39999
      vertex -18 0 1.5
    endloop
  endfacet
  facet normal -0.668913 0.0131572 0.743224
    outer loop
      vertex -16.9869 0.667417 2.39999
      vertex -17.9861 0.706676 1.5
      vertex -18 0 1.5
    endloop
  endfacet
  facet normal -0.990306 0.0194152 0.137542
    outer loop
      vertex -16.5 0 6
      vertex -16.4873 0.647786 6
      vertex -17 0 2.39999
    endloop
  endfacet
  facet normal -0.990306 0.0194376 0.137538
    outer loop
      vertex -16.4873 0.647786 6
      vertex -16.9869 0.667417 2.39999
      vertex -17 0 2.39999
    endloop
  endfacet
  facet normal -0.831939 0.0163316 0.554626
    outer loop
      vertex -15.7 0 7.2
      vertex -15.6879 0.616379 7.2
      vertex -16.5 0 6
    endloop
  endfacet
  facet normal -0.831935 0.0163103 0.554634
    outer loop
      vertex -15.6879 0.616379 7.2
      vertex -16.4873 0.647786 6
      vertex -16.5 0 6
    endloop
  endfacet
  facet normal -0.855794 0.0168596 0.517042
    outer loop
      vertex -12.8 0 12
      vertex -12.7901 0.502524 12
      vertex -15.7 0 7.2
    endloop
  endfacet
  facet normal -0.855792 0.0167999 0.517047
    outer loop
      vertex -12.7901 0.502524 12
      vertex -15.6879 0.616379 7.2
      vertex -15.7 0 7.2
    endloop
  endfacet
  facet normal -0.933589 0.0183444 0.357876
    outer loop
      vertex -10.5 0 18
      vertex -10.4919 0.412228 18
      vertex -12.8 0 12
    endloop
  endfacet
  facet normal -0.933589 0.0183922 0.357873
    outer loop
      vertex -10.4919 0.412228 18
      vertex -12.7901 0.502524 12
      vertex -12.8 0 12
    endloop
  endfacet
  facet normal -0.972211 0.0190489 -0.233331
    outer loop
      vertex -11.691 0.459339 23
      vertex -10.5 0 18
      vertex -11.7 0 23
    endloop
  endfacet
  facet normal -0.972209 0.0191032 -0.233335
    outer loop
      vertex -10.4919 0.412228 18
      vertex -10.5 0 18
      vertex -11.691 0.459339 23
    endloop
  endfacet
  facet normal -0.973008 0.0190645 -0.229984
    outer loop
      vertex -12.99 0.510377 28.5
      vertex -11.7 0 23
      vertex -13 0 28.5
    endloop
  endfacet
  facet normal -0.973008 0.0190645 -0.229984
    outer loop
      vertex -11.691 0.459339 23
      vertex -11.7 0 23
      vertex -12.99 0.510377 28.5
    endloop
  endfacet
  facet normal -0.952258 0.0186885 0.304722
    outer loop
      vertex -12.2 0 31
      vertex -12.1906 0.47897 31
      vertex -13 0 28.5
    endloop
  endfacet
  facet normal -0.952257 0.0186579 0.304728
    outer loop
      vertex -12.1906 0.47897 31
      vertex -12.99 0.510377 28.5
      vertex -13 0 28.5
    endloop
  endfacet
  facet normal -0.791687 0.0155379 0.61073
    outer loop
      vertex -9.5 0 34.5
      vertex -9.49268 0.372968 34.5
      vertex -12.2 0 31
    endloop
  endfacet
  facet normal -0.791687 0.0155372 0.61073
    outer loop
      vertex -9.49268 0.372968 34.5
      vertex -12.1906 0.47897 31
      vertex -12.2 0 31
    endloop
  endfacet
  facet normal -0.799901 0.015744 -0.599926
    outer loop
      vertex -10.9915 0.431857 36.5
      vertex -9.5 0 34.5
      vertex -11 0 36.5
    endloop
  endfacet
  facet normal -0.799906 0.0156992 -0.59992
    outer loop
      vertex -9.49268 0.372968 34.5
      vertex -9.5 0 34.5
      vertex -10.9915 0.431857 36.5
    endloop
  endfacet
  facet normal -0.661566 0.0130031 -0.749774
    outer loop
      vertex -12.6902 0.498599 38
      vertex -11 0 36.5
      vertex -12.7 0 38
    endloop
  endfacet
  facet normal -0.661563 0.0130212 -0.749777
    outer loop
      vertex -10.9915 0.431857 36.5
      vertex -11 0 36.5
      vertex -12.6902 0.498599 38
    endloop
  endfacet
  facet normal -0.707038 0.013897 0.707038
    outer loop
      vertex -12.7 0 45
      vertex -12.6902 0.498594 45
      vertex -13.5 0 44.2
    endloop
  endfacet
  facet normal -0.707372 0 0.706841
    outer loop
      vertex -13.4896 0.530007 44.2
      vertex -12.6902 0.498595 45
      vertex -12.6902 0.498599 45
    endloop
  endfacet
  facet normal -0.707372 0 0.706841
    outer loop
      vertex -13.4896 0.530007 44.2
      vertex -12.6902 0.498594 45
      vertex -12.6902 0.498595 45
    endloop
  endfacet
  facet normal -0.707031 0.0138736 0.707046
    outer loop
      vertex -12.6902 0.498594 45
      vertex -13.4896 0.530007 44.2
      vertex -13.5 0 44.2
    endloop
  endfacet
  facet normal 0 0 -1
    outer loop
      vertex 17.9861 -0.706676 0
      vertex 17.9861 0.706676 0
      vertex 18 0 0
    endloop
  endfacet
  facet normal 0 0 -1
    outer loop
      vertex 17.9445 -1.41226 0
      vertex 17.9861 0.706676 0
      vertex 17.9861 -0.706676 0
    endloop
  endfacet
  facet normal 0 0 -1
    outer loop
      vertex 17.9445 -1.41226 0
      vertex 17.9445 1.41226 0
      vertex 17.9861 0.706676 0
    endloop
  endfacet
  facet normal 0 0 -1
    outer loop
      vertex 17.8752 -2.11567 0
      vertex 17.9445 1.41226 0
      vertex 17.9445 -1.41226 0
    endloop
  endfacet
  facet normal 0 0 -1
    outer loop
      vertex 17.8752 -2.11567 0
      vertex 17.8752 2.11567 0
      vertex 17.9445 1.41226 0
    endloop
  endfacet
  facet normal 0 0 -1
    outer loop
      vertex 17.7784 -2.81582 0
      vertex 17.8752 2.11567 0
      vertex 17.8752 -2.11567 0
    endloop
  endfacet
  facet normal 0 0 -1
    outer loop
      vertex 17.7784 -2.81582 0
      vertex 17.7784 2.81582 0
      vertex 17.8752 2.11567 0
    endloop
  endfacet
  facet normal 0 0 -1
    outer loop
      vertex 17.6541 -3.51163 0
      vertex 17.7784 2.81582 0
      vertex 17.7784 -2.81582 0
    endloop
  endfacet
  facet normal 0 0 -1
    outer loop
      vertex 17.6541 -3.51163 0
      vertex 17.6541 3.51163 0
      vertex 17.7784 2.81582 0
    endloop
  endfacet
  facet normal 0 0 -1
    outer loop
      vertex 17.5027 -4.20202 0
      vertex 17.6541 3.51163 0
      vertex 17.6541 -3.51163 0
    endloop
  endfacet
  facet normal 0 0 -1
    outer loop
      vertex 17.5027 -4.20202 0
      vertex 17.5027 4.20202 0
      vertex 17.6541 3.51163 0
    endloop
  endfacet
  facet normal 0 0 -1
    outer loop
      vertex 17.3242 -4.88593 0
      vertex 17.5027 4.20202 0
      vertex 17.5027 -4.20202 0
    endloop
  endfacet
  facet normal 0 0 -1
    outer loop
      vertex 17.3242 -4.88593 0
      vertex 17.3242 4.88593 0
      vertex 17.5027 4.20202 0
    endloop
  endfacet
  facet normal 0 0 -1
    outer loop
      vertex 17.119 -5.56231 0
      vertex 17.3242 4.88593 0
      vertex 17.3242 -4.88593 0
    endloop
  endfacet
  facet normal 0 0 -1
    outer loop
      vertex 17.119 -5.56231 0
      vertex 17.119 5.56231 0
      vertex 17.3242 4.88593 0
    endloop
  endfacet
  facet normal 0 0 -1
    outer loop
      vertex 16.8874 -6.23011 0
      vertex 17.119 5.56231 0
      vertex 17.119 -5.56231 0
    endloop
  endfacet
  facet normal 0 0 -1
    outer loop
      vertex 16.8874 -6.23011 0
      vertex 16.8874 6.23011 0
      vertex 17.119 5.56231 0
    endloop
  endfacet
  facet normal 0 0 -1
    outer loop
      vertex 16.6298 -6.8883 0
      vertex 16.8874 6.23011 0
      vertex 16.8874 -6.23011 0
    endloop
  endfacet
  facet normal 0 0 -1
    outer loop
      vertex 16.6298 -6.8883 0
      vertex 16.6298 6.8883 0
      vertex 16.8874 6.23011 0
    endloop
  endfacet
  facet normal 0 0 -1
    outer loop
      vertex 16.3466 -7.53587 0
      vertex 16.6298 6.8883 0
      vertex 16.6298 -6.8883 0
    endloop
  endfacet
  facet normal 0 0 -1
    outer loop
      vertex 16.3466 -7.53587 0
      vertex 16.3466 7.53587 0
      vertex 16.6298 6.8883 0
    endloop
  endfacet
  facet normal 0 0 -1
    outer loop
      vertex 16.0381 -8.17183 0
      vertex 16.3466 7.53587 0
      vertex 16.3466 -7.53587 0
    endloop
  endfacet
  facet normal 0 0 -1
    outer loop
      vertex 16.0381 -8.17183 0
      vertex 16.0381 8.17183 0
      vertex 16.3466 7.53587 0
    endloop
  endfacet
  facet normal 0 0 -1
    outer loop
      vertex 15.7049 -8.79518 0
      vertex 16.0381 8.17183 0
      vertex 16.0381 -8.17183 0
    endloop
  endfacet
  facet normal 0 0 -1
    outer loop
      vertex 15.7049 -8.79518 0
      vertex 15.7049 8.79518 0
      vertex 16.0381 8.17183 0
    endloop
  endfacet
  facet normal 0 0 -1
    outer loop
      vertex 15.3475 -9.40497 0
      vertex 15.7049 8.79518 0
      vertex 15.7049 -8.79518 0
    endloop
  endfacet
  facet normal 0 0 -1
    outer loop
      vertex 15.3475 -9.40497 0
      vertex 15.3475 9.40497 0
      vertex 15.7049 8.79518 0
    endloop
  endfacet
  facet normal 0 0 -1
    outer loop
      vertex 14.9665 -10.0003 0
      vertex 15.3475 9.40497 0
      vertex 15.3475 -9.40497 0
    endloop
  endfacet
  facet normal 0 0 -1
    outer loop
      vertex 14.9665 -10.0003 0
      vertex 14.9665 10.0003 0
      vertex 15.3475 9.40497 0
    endloop
  endfacet
  facet normal 0 0 -1
    outer loop
      vertex 14.5623 -10.5801 0
      vertex 14.9665 10.0003 0
      vertex 14.9665 -10.0003 0
    endloop
  endfacet
  facet normal 0 0 -1
    outer loop
      vertex 14.5623 -10.5801 0
      vertex 14.5623 10.5801 0
      vertex 14.9665 10.0003 0
    endloop
  endfacet
  facet normal 0 0 -1
    outer loop
      vertex 14.1357 -11.1437 0
      vertex 14.5623 10.5801 0
      vertex 14.5623 -10.5801 0
    endloop
  endfacet
  facet normal 0 0 -1
    outer loop
      vertex 14.1357 -11.1437 0
      vertex 14.1357 11.1437 0
      vertex 14.5623 10.5801 0
    endloop
  endfacet
  facet normal 0 0 -1
    outer loop
      vertex 13.6873 -11.6901 0
      vertex 14.1357 11.1437 0
      vertex 14.1357 -11.1437 0
    endloop
  endfacet
  facet normal 0 0 -1
    outer loop
      vertex 13.6873 -11.6901 0
      vertex 13.6873 11.6901 0
      vertex 14.1357 11.1437 0
    endloop
  endfacet
  facet normal 0 0 -1
    outer loop
      vertex 13.2178 -12.2184 0
      vertex 13.6873 11.6901 0
      vertex 13.6873 -11.6901 0
    endloop
  endfacet
  facet normal 0 0 -1
    outer loop
      vertex 13.2178 -12.2184 0
      vertex 13.2178 12.2184 0
      vertex 13.6873 11.6901 0
    endloop
  endfacet
  facet normal 0 0 -1
    outer loop
      vertex 12.7279 -12.7279 0
      vertex 13.2178 12.2184 0
      vertex 13.2178 -12.2184 0
    endloop
  endfacet
  facet normal 0 0 -1
    outer loop
      vertex 12.7279 -12.7279 0
      vertex 12.7279 12.7279 0
      vertex 13.2178 12.2184 0
    endloop
  endfacet
  facet normal 0 0 -1
    outer loop
      vertex 12.2184 -13.2178 0
      vertex 12.7279 12.7279 0
      vertex 12.7279 -12.7279 0
    endloop
  endfacet
  facet normal 0 0 -1
    outer loop
      vertex 12.2184 -13.2178 0
      vertex 12.2184 13.2178 0
      vertex 12.7279 12.7279 0
    endloop
  endfacet
  facet normal 0 0 -1
    outer loop
      vertex 11.6901 -13.6873 0
      vertex 12.2184 13.2178 0
      vertex 12.2184 -13.2178 0
    endloop
  endfacet
  facet normal 0 0 -1
    outer loop
      vertex 11.6901 -13.6873 0
      vertex 11.6901 13.6873 0
      vertex 12.2184 13.2178 0
    endloop
  endfacet
  facet normal 0 0 -1
    outer loop
      vertex 11.1437 -14.1357 0
      vertex 11.6901 13.6873 0
      vertex 11.6901 -13.6873 0
    endloop
  endfacet
  facet normal 0 0 -1
    outer loop
      vertex 11.1437 -14.1357 0
      vertex 11.1437 14.1357 0
      vertex 11.6901 13.6873 0
    endloop
  endfacet
  facet normal 0 0 -1
    outer loop
      vertex 10.5801 -14.5623 0
      vertex 11.1437 14.1357 0
      vertex 11.1437 -14.1357 0
    endloop
  endfacet
  facet normal 0 0 -1
    outer loop
      vertex 10.5801 -14.5623 0
      vertex 10.5801 14.5623 0
      vertex 11.1437 14.1357 0
    endloop
  endfacet
  facet normal 0 0 -1
    outer loop
      vertex 10.0003 -14.9665 0
      vertex 10.5801 14.5623 0
      vertex 10.5801 -14.5623 0
    endloop
  endfacet
  facet normal 0 0 -1
    outer loop
      vertex 10.0003 -14.9665 0
      vertex 10.0003 14.9665 0
      vertex 10.5801 14.5623 0
    endloop
  endfacet
  facet normal 0 0 -1
    outer loop
      vertex 9.40497 -15.3475 0
      vertex 10.0003 14.9665 0
      vertex 10.0003 -14.9665 0
    endloop
  endfacet
  facet normal 0 0 -1
    outer loop
      vertex 9.40497 -15.3475 0
      vertex 9.40497 15.3475 0
      vertex 10.0003 14.9665 0
    endloop
  endfacet
  facet normal 0 0 -1
    outer loop
      vertex 8.79518 -15.7049 0
      vertex 9.40497 15.3475 0
      vertex 9.40497 -15.3475 0
    endloop
  endfacet
  facet normal 0 0 -1
    outer loop
      vertex 8.79518 -15.7049 0
      vertex 8.79518 15.7049 0
      vertex 9.40497 15.3475 0
    endloop
  endfacet
  facet normal 0 0 -1
    outer loop
      vertex 8.17183 -16.0381 0
      vertex 8.79518 15.7049 0
      vertex 8.79518 -15.7049 0
    endloop
  endfacet
  facet normal 0 0 -1
    outer loop
      vertex 8.17183 -16.0381 0
      vertex 8.17183 16.0381 0
      vertex 8.79518 15.7049 0
    endloop
  endfacet
  facet normal 0 0 -1
    outer loop
      vertex 7.53587 -16.3466 0
      vertex 8.17183 16.0381 0
      vertex 8.17183 -16.0381 0
    endloop
  endfacet
  facet normal 0 0 -1
    outer loop
      vertex 7.53587 -16.3466 0
      vertex 7.53587 16.3466 0
      vertex 8.17183 16.0381 0
    endloop
  endfacet
  facet normal 0 0 -1
    outer loop
      vertex 6.8883 -16.6298 0
      vertex 7.53587 16.3466 0
      vertex 7.53587 -16.3466 0
    endloop
  endfacet
  facet normal 0 0 -1
    outer loop
      vertex 6.8883 -16.6298 0
      vertex 6.8883 16.6298 0
      vertex 7.53587 16.3466 0
    endloop
  endfacet
  facet normal 0 0 -1
    outer loop
      vertex 6.23011 -16.8874 0
      vertex 6.8883 16.6298 0
      vertex 6.8883 -16.6298 0
    endloop
  endfacet
  facet normal 0 0 -1
    outer loop
      vertex 6.23011 -16.8874 0
      vertex 6.23011 16.8874 0
      vertex 6.8883 16.6298 0
    endloop
  endfacet
  facet normal 0 0 -1
    outer loop
      vertex 5.56231 -17.119 0
      vertex 6.23011 16.8874 0
      vertex 6.23011 -16.8874 0
    endloop
  endfacet
  facet normal 0 0 -1
    outer loop
      vertex 5.56231 -17.119 0
      vertex 5.56231 17.119 0
      vertex 6.23011 16.8874 0
    endloop
  endfacet
  facet normal 0 0 -1
    outer loop
      vertex 4.88593 -17.3242 0
      vertex 5.56231 17.119 0
      vertex 5.56231 -17.119 0
    endloop
  endfacet
  facet normal 0 0 -1
    outer loop
      vertex 4.88593 -17.3242 0
      vertex 4.88593 17.3242 0
      vertex 5.56231 17.119 0
    endloop
  endfacet
  facet normal 0 0 -1
    outer loop
      vertex 4.20202 -17.5027 0
      vertex 4.88593 17.3242 0
      vertex 4.88593 -17.3242 0
    endloop
  endfacet
  facet normal 0 0 -1
    outer loop
      vertex 4.20202 -17.5027 0
      vertex 4.20202 17.5027 0
      vertex 4.88593 17.3242 0
    endloop
  endfacet
  facet normal 0 0 -1
    outer loop
      vertex 3.51163 -17.6541 0
      vertex 4.20202 17.5027 0
      vertex 4.20202 -17.5027 0
    endloop
  endfacet
  facet normal 0 0 -1
    outer loop
      vertex 3.51163 -17.6541 0
      vertex 3.51163 17.6541 0
      vertex 4.20202 17.5027 0
    endloop
  endfacet
  facet normal 0 0 -1
    outer loop
      vertex 2.81582 -17.7784 0
      vertex 3.51163 17.6541 0
      vertex 3.51163 -17.6541 0
    endloop
  endfacet
  facet normal 0 0 -1
    outer loop
      vertex 2.81582 -17.7784 0
      vertex 2.81582 17.7784 0
      vertex 3.51163 17.6541 0
    endloop
  endfacet
  facet normal 0 0 -1
    outer loop
      vertex 2.11567 -17.8752 0
      vertex 2.81582 17.7784 0
      vertex 2.81582 -17.7784 0
    endloop
  endfacet
  facet normal 0 0 -1
    outer loop
      vertex 2.11567 -17.8752 0
      vertex 2.11567 17.8752 0
      vertex 2.81582 17.7784 0
    endloop
  endfacet
  facet normal 0 0 -1
    outer loop
      vertex 1.41226 -17.9445 0
      vertex 2.11567 17.8752 0
      vertex 2.11567 -17.8752 0
    endloop
  endfacet
  facet normal 0 0 -1
    outer loop
      vertex 1.41226 -17.9445 0
      vertex 1.41226 17.9445 0
      vertex 2.11567 17.8752 0
    endloop
  endfacet
  facet normal 0 0 -1
    outer loop
      vertex 0.706676 -17.9861 0
      vertex 1.41226 17.9445 0
      vertex 1.41226 -17.9445 0
    endloop
  endfacet
  facet normal 0 0 -1
    outer loop
      vertex 0.706676 -17.9861 0
      vertex 0.706676 17.9861 0
      vertex 1.41226 17.9445 0
    endloop
  endfacet
  facet normal 0 0 -1
    outer loop
      vertex 0 -18 0
      vertex 0.706676 17.9861 0
      vertex 0.706676 -17.9861 0
    endloop
  endfacet
  facet normal 0 0 -1
    outer loop
      vertex 0 -18 0
      vertex 0 18 0
      vertex 0.706676 17.9861 0
    endloop
  endfacet
  facet normal 0 0 -1
    outer loop
      vertex -0.706676 -17.9861 0
      vertex 0 18 0
      vertex 0 -18 0
    endloop
  endfacet
  facet normal 0 0 -1
    outer loop
      vertex -0.706676 -17.9861 0
      vertex -0.706676 17.9861 0
      vertex 0 18 0
    endloop
  endfacet
  facet normal 0 0 -1
    outer loop
      vertex -1.41226 -17.9445 0
      vertex -0.706676 17.9861 0
      vertex -0.706676 -17.9861 0
    endloop
  endfacet
  facet normal 0 0 -1
    outer loop
      vertex -1.41226 -17.9445 0
      vertex -1.41226 17.9445 0
      vertex -0.706676 17.9861 0
    endloop
  endfacet
  facet normal 0 0 -1
    outer loop
      vertex -2.11567 -17.8752 0
      vertex -1.41226 17.9445 0
      vertex -1.41226 -17.9445 0
    endloop
  endfacet
  facet normal 0 0 -1
    outer loop
      vertex -2.11567 -17.8752 0
      vertex -2.11567 17.8752 0
      vertex -1.41226 17.9445 0
    endloop
  endfacet
  facet normal 0 0 -1
    outer loop
      vertex -2.81582 -17.7784 0
      vertex -2.11567 17.8752 0
      vertex -2.11567 -17.8752 0
    endloop
  endfacet
  facet normal 0 0 -1
    outer loop
      vertex -2.81582 -17.7784 0
      vertex -2.81582 17.7784 0
      vertex -2.11567 17.8752 0
    endloop
  endfacet
  facet normal 0 0 -1
    outer loop
      vertex -3.51163 -17.6541 0
      vertex -2.81582 17.7784 0
      vertex -2.81582 -17.7784 0
    endloop
  endfacet
  facet normal 0 0 -1
    outer loop
      vertex -3.51163 -17.6541 0
      vertex -3.51163 17.6541 0
      vertex -2.81582 17.7784 0
    endloop
  endfacet
  facet normal 0 0 -1
    outer loop
      vertex -4.20202 -17.5027 0
      vertex -3.51163 17.6541 0
      vertex -3.51163 -17.6541 0
    endloop
  endfacet
  facet normal 0 0 -1
    outer loop
      vertex -4.20202 -17.5027 0
      vertex -4.20202 17.5027 0
      vertex -3.51163 17.6541 0
    endloop
  endfacet
  facet normal 0 0 -1
    outer loop
      vertex -4.88593 -17.3242 0
      vertex -4.20202 17.5027 0
      vertex -4.20202 -17.5027 0
    endloop
  endfacet
  facet normal 0 0 -1
    outer loop
      vertex -4.88593 -17.3242 0
      vertex -4.88593 17.3242 0
      vertex -4.20202 17.5027 0
    endloop
  endfacet
  facet normal 0 0 -1
    outer loop
      vertex -5.56231 -17.119 0
      vertex -4.88593 17.3242 0
      vertex -4.88593 -17.3242 0
    endloop
  endfacet
  facet normal 0 0 -1
    outer loop
      vertex -5.56231 -17.119 0
      vertex -5.56231 17.119 0
      vertex -4.88593 17.3242 0
    endloop
  endfacet
  facet normal 0 0 -1
    outer loop
      vertex -6.23011 -16.8874 0
      vertex -5.56231 17.119 0
      vertex -5.56231 -17.119 0
    endloop
  endfacet
  facet normal 0 0 -1
    outer loop
      vertex -6.23011 -16.8874 0
      vertex -6.23011 16.8874 0
      vertex -5.56231 17.119 0
    endloop
  endfacet
  facet normal 0 0 -1
    outer loop
      vertex -6.8883 -16.6298 0
      vertex -6.23011 16.8874 0
      vertex -6.23011 -16.8874 0
    endloop
  endfacet
  facet normal 0 0 -1
    outer loop
      vertex -6.8883 -16.6298 0
      vertex -6.8883 16.6298 0
      vertex -6.23011 16.8874 0
    endloop
  endfacet
  facet normal 0 0 -1
    outer loop
      vertex -7.53587 -16.3466 0
      vertex -6.8883 16.6298 0
      vertex -6.8883 -16.6298 0
    endloop
  endfacet
  facet normal 0 0 -1
    outer loop
      vertex -7.53587 -16.3466 0
      vertex -7.53587 16.3466 0
      vertex -6.8883 16.6298 0
    endloop
  endfacet
  facet normal 0 0 -1
    outer loop
      vertex -8.17183 -16.0381 0
      vertex -7.53587 16.3466 0
      vertex -7.53587 -16.3466 0
    endloop
  endfacet
  facet normal 0 0 -1
    outer loop
      vertex -8.17183 -16.0381 0
      vertex -8.17183 16.0381 0
      vertex -7.53587 16.3466 0
    endloop
  endfacet
  facet normal 0 0 -1
    outer loop
      vertex -8.79518 -15.7049 0
      vertex -8.17183 16.0381 0
      vertex -8.17183 -16.0381 0
    endloop
  endfacet
  facet normal 0 0 -1
    outer loop
      vertex -8.79518 -15.7049 0
      vertex -8.79518 15.7049 0
      vertex -8.17183 16.0381 0
    endloop
  endfacet
  facet normal 0 0 -1
    outer loop
      vertex -9.40497 -15.3475 0
      vertex -8.79518 15.7049 0
      vertex -8.79518 -15.7049 0
    endloop
  endfacet
  facet normal 0 0 -1
    outer loop
      vertex -9.40497 -15.3475 0
      vertex -9.40497 15.3475 0
      vertex -8.79518 15.7049 0
    endloop
  endfacet
  facet normal 0 0 -1
    outer loop
      vertex -10.0003 -14.9665 0
      vertex -9.40497 15.3475 0
      vertex -9.40497 -15.3475 0
    endloop
  endfacet
  facet normal 0 0 -1
    outer loop
      vertex -10.0003 -14.9665 0
      vertex -10.0003 14.9665 0
      vertex -9.40497 15.3475 0
    endloop
  endfacet
  facet normal 0 0 -1
    outer loop
      vertex -10.5801 -14.5623 0
      vertex -10.0003 14.9665 0
      vertex -10.0003 -14.9665 0
    endloop
  endfacet
  facet normal 0 0 -1
    outer loop
      vertex -10.5801 -14.5623 0
      vertex -10.5801 14.5623 0
      vertex -10.0003 14.9665 0
    endloop
  endfacet
  facet normal 0 0 -1
    outer loop
      vertex -11.1437 -14.1357 0
      vertex -10.5801 14.5623 0
      vertex -10.5801 -14.5623 0
    endloop
  endfacet
  facet normal 0 0 -1
    outer loop
      vertex -11.1437 -14.1357 0
      vertex -11.1437 14.1357 0
      vertex -10.5801 14.5623 0
    endloop
  endfacet
  facet normal 0 0 -1
    outer loop
      vertex -11.6901 -13.6873 0
      vertex -11.1437 14.1357 0
      vertex -11.1437 -14.1357 0
    endloop
  endfacet
  facet normal 0 0 -1
    outer loop
      vertex -11.6901 -13.6873 0
      vertex -11.6901 13.6873 0
      vertex -11.1437 14.1357 0
    endloop
  endfacet
  facet normal 0 0 -1
    outer loop
      vertex -12.2184 -13.2178 0
      vertex -11.6901 13.6873 0
      vertex -11.6901 -13.6873 0
    endloop
  endfacet
  facet normal 0 0 -1
    outer loop
      vertex -12.2184 -13.2178 0
      vertex -12.2184 13.2178 0
      vertex -11.6901 13.6873 0
    endloop
  endfacet
  facet normal 0 0 -1
    outer loop
      vertex -12.7279 -12.7279 0
      vertex -12.2184 13.2178 0
      vertex -12.2184 -13.2178 0
    endloop
  endfacet
  facet normal 0 0 -1
    outer loop
      vertex -12.7279 -12.7279 0
      vertex -12.7279 12.7279 0
      vertex -12.2184 13.2178 0
    endloop
  endfacet
  facet normal 0 0 -1
    outer loop
      vertex -13.2178 -12.2184 0
      vertex -12.7279 12.7279 0
      vertex -12.7279 -12.7279 0
    endloop
  endfacet
  facet normal 0 0 -1
    outer loop
      vertex -13.2178 -12.2184 0
      vertex -13.2178 12.2184 0
      vertex -12.7279 12.7279 0
    endloop
  endfacet
  facet normal 0 0 -1
    outer loop
      vertex -13.6873 -11.6901 0
      vertex -13.2178 12.2184 0
      vertex -13.2178 -12.2184 0
    endloop
  endfacet
  facet normal 0 0 -1
    outer loop
      vertex -13.6873 -11.6901 0
      vertex -13.6873 11.6901 0
      vertex -13.2178 12.2184 0
    endloop
  endfacet
  facet normal 0 0 -1
    outer loop
      vertex -14.1357 -11.1437 0
      vertex -13.6873 11.6901 0
      vertex -13.6873 -11.6901 0
    endloop
  endfacet
  facet normal 0 0 -1
    outer loop
      vertex -14.1357 -11.1437 0
      vertex -14.1357 11.1437 0
      vertex -13.6873 11.6901 0
    endloop
  endfacet
  facet normal 0 0 -1
    outer loop
      vertex -14.5623 -10.5801 0
      vertex -14.1357 11.1437 0
      vertex -14.1357 -11.1437 0
    endloop
  endfacet
  facet normal 0 0 -1
    outer loop
      vertex -14.5623 -10.5801 0
      vertex -14.5623 10.5801 0
      vertex -14.1357 11.1437 0
    endloop
  endfacet
  facet normal 0 0 -1
    outer loop
      vertex -14.9665 -10.0003 0
      vertex -14.5623 10.5801 0
      vertex -14.5623 -10.5801 0
    endloop
  endfacet
  facet normal 0 0 -1
    outer loop
      vertex -14.9665 -10.0003 0
      vertex -14.9665 10.0003 0
      vertex -14.5623 10.5801 0
    endloop
  endfacet
  facet normal 0 0 -1
    outer loop
      vertex -15.3475 -9.40497 0
      vertex -14.9665 10.0003 0
      vertex -14.9665 -10.0003 0
    endloop
  endfacet
  facet normal 0 0 -1
    outer loop
      vertex -15.3475 -9.40497 0
      vertex -15.3475 9.40497 0
      vertex -14.9665 10.0003 0
    endloop
  endfacet
  facet normal 0 0 -1
    outer loop
      vertex -15.7049 -8.79518 0
      vertex -15.3475 9.40497 0
      vertex -15.3475 -9.40497 0
    endloop
  endfacet
  facet normal 0 0 -1
    outer loop
      vertex -15.7049 -8.79518 0
      vertex -15.7049 8.79518 0
      vertex -15.3475 9.40497 0
    endloop
  endfacet
  facet normal 0 0 -1
    outer loop
      vertex -16.0381 -8.17183 0
      vertex -15.7049 8.79518 0
      vertex -15.7049 -8.79518 0
    endloop
  endfacet
  facet normal 0 0 -1
    outer loop
      vertex -16.0381 -8.17183 0
      vertex -16.0381 8.17183 0
      vertex -15.7049 8.79518 0
    endloop
  endfacet
  facet normal 0 0 -1
    outer loop
      vertex -16.3466 -7.53587 0
      vertex -16.0381 8.17183 0
      vertex -16.0381 -8.17183 0
    endloop
  endfacet
  facet normal 0 0 -1
    outer loop
      vertex -16.3466 -7.53587 0
      vertex -16.3466 7.53587 0
      vertex -16.0381 8.17183 0
    endloop
  endfacet
  facet normal 0 0 -1
    outer loop
      vertex -16.6298 -6.8883 0
      vertex -16.3466 7.53587 0
      vertex -16.3466 -7.53587 0
    endloop
  endfacet
  facet normal 0 0 -1
    outer loop
      vertex -16.6298 -6.8883 0
      vertex -16.6298 6.8883 0
      vertex -16.3466 7.53587 0
    endloop
  endfacet
  facet normal 0 0 -1
    outer loop
      vertex -16.8874 -6.23011 0
      vertex -16.6298 6.8883 0
      vertex -16.6298 -6.8883 0
    endloop
  endfacet
  facet normal 0 0 -1
    outer loop
      vertex -16.8874 -6.23011 0
      vertex -16.8874 6.23011 0
      vertex -16.6298 6.8883 0
    endloop
  endfacet
  facet normal 0 0 -1
    outer loop
      vertex -17.119 -5.56231 0
      vertex -16.8874 6.23011 0
      vertex -16.8874 -6.23011 0
    endloop
  endfacet
  facet normal 0 0 -1
    outer loop
      vertex -17.119 -5.56231 0
      vertex -17.119 5.56231 0
      vertex -16.8874 6.23011 0
    endloop
  endfacet
  facet normal 0 0 -1
    outer loop
      vertex -17.3242 -4.88593 0
      vertex -17.119 5.56231 0
      vertex -17.119 -5.56231 0
    endloop
  endfacet
  facet normal 0 0 -1
    outer loop
      vertex -17.3242 -4.88593 0
      vertex -17.3242 4.88593 0
      vertex -17.119 5.56231 0
    endloop
  endfacet
  facet normal 0 0 -1
    outer loop
      vertex -17.5027 -4.20202 0
      vertex -17.3242 4.88593 0
      vertex -17.3242 -4.88593 0
    endloop
  endfacet
  facet normal 0 0 -1
    outer loop
      vertex -17.5027 -4.20202 0
      vertex -17.5027 4.20202 0
      vertex -17.3242 4.88593 0
    endloop
  endfacet
  facet normal 0 0 -1
    outer loop
      vertex -17.6541 -3.51163 0
      vertex -17.5027 4.20202 0
      vertex -17.5027 -4.20202 0
    endloop
  endfacet
  facet normal 0 0 -1
    outer loop
      vertex -17.6541 -3.51163 0
      vertex -17.6541 3.51163 0
      vertex -17.5027 4.20202 0
    endloop
  endfacet
  facet normal 0 0 -1
    outer loop
      vertex -17.7784 -2.81582 0
      vertex -17.6541 3.51163 0
      vertex -17.6541 -3.51163 0
    endloop
  endfacet
  facet normal 0 0 -1
    outer loop
      vertex -17.7784 -2.81582 0
      vertex -17.7784 2.81582 0
      vertex -17.6541 3.51163 0
    endloop
  endfacet
  facet normal 0 0 -1
    outer loop
      vertex -17.8752 -2.11567 0
      vertex -17.7784 2.81582 0
      vertex -17.7784 -2.81582 0
    endloop
  endfacet
  facet normal 0 0 -1
    outer loop
      vertex -17.8752 -2.11567 0
      vertex -17.8752 2.11567 0
      vertex -17.7784 2.81582 0
    endloop
  endfacet
  facet normal 0 0 -1
    outer loop
      vertex -17.9445 -1.41226 0
      vertex -17.8752 2.11567 0
      vertex -17.8752 -2.11567 0
    endloop
  endfacet
  facet normal 0 0 -1
    outer loop
      vertex -17.9445 -1.41226 0
      vertex -17.9445 1.41226 0
      vertex -17.8752 2.11567 0
    endloop
  endfacet
  facet normal 0 0 -1
    outer loop
      vertex -17.9861 -0.706676 0
      vertex -17.9445 1.41226 0
      vertex -17.9445 -1.41226 0
    endloop
  endfacet
  facet normal 0 0 -1
    outer loop
      vertex -17.9861 -0.706676 0
      vertex -17.9861 0.706676 0
      vertex -17.9445 1.41226 0
    endloop
  endfacet
  facet normal 0 -0 -1
    outer loop
      vertex -17.9861 0.706676 0
      vertex -17.9861 -0.706676 0
      vertex -18 0 0
    endloop
  endfacet
  facet normal -0.999807 0.0196657 0
    outer loop
      vertex -18 0 0
      vertex -17.9861 0.706676 1.5
      vertex -17.9861 0.706676 0
    endloop
  endfacet
  facet normal -0.999807 0.0196657 0
    outer loop
      vertex -17.9861 0.706676 1.5
      vertex -18 0 0
      vertex -18 0 1.5
    endloop
  endfacet
  facet normal -0.667882 0.0393884 0.743224
    outer loop
      vertex -16.9869 0.667417 2.39999
      vertex -16.9476 1.3338 2.39999
      vertex -17.9861 0.706676 1.5
    endloop
  endfacet
  facet normal -0.667879 0.039377 0.743228
    outer loop
      vertex -16.9476 1.3338 2.39999
      vertex -17.9445 1.41226 1.5
      vertex -17.9861 0.706676 1.5
    endloop
  endfacet
  facet normal -0.988773 0.0583984 0.137538
    outer loop
      vertex -16.4873 0.647786 6
      vertex -16.4491 1.29457 6
      vertex -16.9869 0.667417 2.39999
    endloop
  endfacet
  facet normal -0.988776 0.0583132 0.137553
    outer loop
      vertex -16.4491 1.29457 6
      vertex -16.9476 1.3338 2.39999
      vertex -16.9869 0.667417 2.39999
    endloop
  endfacet
  facet normal -0.830651 0.0489943 0.554634
    outer loop
      vertex -15.6879 0.616379 7.2
      vertex -15.6516 1.23181 7.2
      vertex -16.4873 0.647786 6
    endloop
  endfacet
  facet normal -0.830663 0.0490601 0.55461
    outer loop
      vertex -15.6516 1.23181 7.2
      vertex -16.4491 1.29457 6
      vertex -16.4873 0.647786 6
    endloop
  endfacet
  facet normal -0.854471 0.0504077 0.517047
    outer loop
      vertex -12.7901 0.502524 12
      vertex -12.7605 1.00428 12
      vertex -15.6879 0.616379 7.2
    endloop
  endfacet
  facet normal -0.854471 0.0503993 0.517048
    outer loop
      vertex -12.7605 1.00428 12
      vertex -15.6516 1.23181 7.2
      vertex -15.6879 0.616379 7.2
    endloop
  endfacet
  facet normal -0.932148 0.0550331 0.357872
    outer loop
      vertex -10.4919 0.412228 18
      vertex -10.4676 0.82382 18
      vertex -12.7901 0.502524 12
    endloop
  endfacet
  facet normal -0.932149 0.0549901 0.357875
    outer loop
      vertex -10.4676 0.82382 18
      vertex -12.7605 1.00428 12
      vertex -12.7901 0.502524 12
    endloop
  endfacet
  facet normal -0.970703 0.0573577 -0.233335
    outer loop
      vertex -11.6639 0.917971 23
      vertex -10.4919 0.412228 18
      vertex -11.691 0.459339 23
    endloop
  endfacet
  facet normal -0.970707 0.0573096 -0.233331
    outer loop
      vertex -10.4676 0.82382 18
      vertex -10.4919 0.412228 18
      vertex -11.6639 0.917971 23
    endloop
  endfacet
  facet normal -0.971501 0.0573834 -0.229983
    outer loop
      vertex -12.9599 1.01997 28.5
      vertex -11.691 0.459339 23
      vertex -12.99 0.510377 28.5
    endloop
  endfacet
  facet normal -0.9715 0.0574047 -0.229985
    outer loop
      vertex -11.6639 0.917971 23
      vertex -11.691 0.459339 23
      vertex -12.9599 1.01997 28.5
    endloop
  endfacet
  facet normal -0.950788 0.0560655 0.304728
    outer loop
      vertex -12.1906 0.47897 31
      vertex -12.1624 0.9572 31
      vertex -12.99 0.510377 28.5
    endloop
  endfacet
  facet normal -0.950788 0.0561599 0.304711
    outer loop
      vertex -12.1624 0.9572 31
      vertex -12.9599 1.01997 28.5
      vertex -12.99 0.510377 28.5
    endloop
  endfacet
  facet normal -0.790465 0.0466349 0.61073
    outer loop
      vertex -9.49268 0.372968 34.5
      vertex -9.47071 0.745361 34.5
      vertex -12.1906 0.47897 31
    endloop
  endfacet
  facet normal -0.790465 0.0466117 0.610731
    outer loop
      vertex -9.47071 0.745361 34.5
      vertex -12.1624 0.9572 31
      vertex -12.1906 0.47897 31
    endloop
  endfacet
  facet normal -0.798675 0.047047 -0.59992
    outer loop
      vertex -10.9661 0.86305 36.5
      vertex -9.49268 0.372968 34.5
      vertex -10.9915 0.431857 36.5
    endloop
  endfacet
  facet normal -0.798664 0.0471186 -0.59993
    outer loop
      vertex -9.47071 0.745361 34.5
      vertex -9.49268 0.372968 34.5
      vertex -10.9661 0.86305 36.5
    endloop
  endfacet
  facet normal -0.660541 0.0390091 -0.749776
    outer loop
      vertex -12.6608 0.996429 38
      vertex -10.9915 0.431857 36.5
      vertex -12.6902 0.498599 38
    endloop
  endfacet
  facet normal -0.660562 0.0389113 -0.749763
    outer loop
      vertex -10.9661 0.86305 36.5
      vertex -10.9915 0.431857 36.5
      vertex -12.6608 0.996429 38
    endloop
  endfacet
  facet normal -0.707372 0 0.706841
    outer loop
      vertex -12.6902 0.498603 45
      vertex -13.4896 0.530007 44.2
      vertex -12.6902 0.498599 45
    endloop
  endfacet
  facet normal -0.705945 0.0415495 0.707047
    outer loop
      vertex -13.4896 0.530007 44.2
      vertex -12.6902 0.498603 45
      vertex -12.6609 0.996424 45
    endloop
  endfacet
  facet normal -0.708212 0 0.705999
    outer loop
      vertex -13.4584 1.0592 44.2
      vertex -12.6609 0.996424 45
      vertex -12.6609 0.99643 45
    endloop
  endfacet
  facet normal -0.705964 0.041622 0.707024
    outer loop
      vertex -12.6609 0.996424 45
      vertex -13.4584 1.0592 44.2
      vertex -13.4896 0.530007 44.2
    endloop
  endfacet
  facet normal -0.998266 0.058856 0
    outer loop
      vertex -17.9861 0.706676 0
      vertex -17.9445 1.41226 1.5
      vertex -17.9445 1.41226 0
    endloop
  endfacet
  facet normal -0.998266 0.058856 0
    outer loop
      vertex -17.9445 1.41226 1.5
      vertex -17.9861 0.706676 0
      vertex -17.9861 0.706676 1.5
    endloop
  endfacet
  facet normal -0.665819 0.0655456 0.743228
    outer loop
      vertex -16.9476 1.3338 2.39999
      vertex -16.8822 1.99814 2.39999
      vertex -17.9445 1.41226 1.5
    endloop
  endfacet
  facet normal -0.665834 0.065598 0.743211
    outer loop
      vertex -16.8822 1.99814 2.39999
      vertex -17.8752 2.11567 1.5
      vertex -17.9445 1.41226 1.5
    endloop
  endfacet
  facet normal -0.985726 0.0970744 0.137553
    outer loop
      vertex -16.4491 1.29457 6
      vertex -16.3856 1.93937 6
      vertex -16.9476 1.3338 2.39999
    endloop
  endfacet
  facet normal -0.985729 0.0970386 0.13756
    outer loop
      vertex -16.3856 1.93937 6
      vertex -16.8822 1.99814 2.39999
      vertex -16.9476 1.3338 2.39999
    endloop
  endfacet
  facet normal -0.828107 0.0815244 0.55461
    outer loop
      vertex -15.6516 1.23181 7.2
      vertex -15.5912 1.84534 7.2
      vertex -16.4491 1.29457 6
    endloop
  endfacet
  facet normal -0.828111 0.0815525 0.5546
    outer loop
      vertex -15.5912 1.84534 7.2
      vertex -16.3856 1.93937 6
      vertex -16.4491 1.29457 6
    endloop
  endfacet
  facet normal -0.851845 0.083788 0.517049
    outer loop
      vertex -12.7605 1.00428 12
      vertex -12.7113 1.50448 12
      vertex -15.6516 1.23181 7.2
    endloop
  endfacet
  facet normal -0.851842 0.083861 0.517042
    outer loop
      vertex -12.7113 1.50448 12
      vertex -15.5912 1.84534 7.2
      vertex -15.6516 1.23181 7.2
    endloop
  endfacet
  facet normal -0.929276 0.0914963 0.357875
    outer loop
      vertex -10.4676 0.82382 18
      vertex -10.4272 1.23414 18
      vertex -12.7605 1.00428 12
    endloop
  endfacet
  facet normal -0.929283 0.0914049 0.357881
    outer loop
      vertex -10.4272 1.23414 18
      vertex -12.7113 1.50448 12
      vertex -12.7605 1.00428 12
    endloop
  endfacet
  facet normal -0.967722 0.0952442 -0.233331
    outer loop
      vertex -11.6189 1.37519 23
      vertex -10.4676 0.82382 18
      vertex -11.6639 0.917971 23
    endloop
  endfacet
  facet normal -0.967717 0.0952812 -0.233334
    outer loop
      vertex -10.4272 1.23414 18
      vertex -10.4676 0.82382 18
      vertex -11.6189 1.37519 23
    endloop
  endfacet
  facet normal -0.968515 0.0953225 -0.229985
    outer loop
      vertex -12.9099 1.52799 28.5
      vertex -11.6639 0.917971 23
      vertex -12.9599 1.01997 28.5
    endloop
  endfacet
  facet normal -0.968515 0.0953223 -0.229985
    outer loop
      vertex -11.6189 1.37519 23
      vertex -11.6639 0.917971 23
      vertex -12.9099 1.52799 28.5
    endloop
  endfacet
  facet normal -0.94785 0.0934411 0.30471
    outer loop
      vertex -12.1624 0.9572 31
      vertex -12.1154 1.43396 31
      vertex -12.9599 1.01997 28.5
    endloop
  endfacet
  facet normal -0.947857 0.0932893 0.304738
    outer loop
      vertex -12.1154 1.43396 31
      vertex -12.9099 1.52799 28.5
      vertex -12.9599 1.01997 28.5
    endloop
  endfacet
  facet normal -0.788026 0.0776056 0.610732
    outer loop
      vertex -9.47071 0.745361 34.5
      vertex -9.43415 1.1166 34.5
      vertex -12.1624 0.9572 31
    endloop
  endfacet
  facet normal -0.788022 0.0776849 0.610726
    outer loop
      vertex -9.43415 1.1166 34.5
      vertex -12.1154 1.43396 31
      vertex -12.1624 0.9572 31
    endloop
  endfacet
  facet normal -0.796207 0.07835 -0.59993
    outer loop
      vertex -10.9238 1.29291 36.5
      vertex -9.47071 0.745361 34.5
      vertex -10.9661 0.86305 36.5
    endloop
  endfacet
  facet normal -0.796195 0.0784101 -0.599938
    outer loop
      vertex -9.43415 1.1166 34.5
      vertex -9.47071 0.745361 34.5
      vertex -10.9238 1.29291 36.5
    endloop
  endfacet
  facet normal -0.658529 0.0647528 -0.749764
    outer loop
      vertex -12.612 1.49272 38
      vertex -10.9661 0.86305 36.5
      vertex -12.6608 0.996429 38
    endloop
  endfacet
  facet normal -0.658517 0.0648008 -0.749771
    outer loop
      vertex -10.9238 1.29291 36.5
      vertex -10.9661 0.86305 36.5
      vertex -12.612 1.49272 38
    endloop
  endfacet
  facet normal -0.708212 0 0.705999
    outer loop
      vertex -12.6609 0.996431 45
      vertex -13.4584 1.0592 44.2
      vertex -12.6609 0.99643 45
    endloop
  endfacet
  facet normal -0.703782 0.0693446 0.707024
    outer loop
      vertex -13.4584 1.0592 44.2
      vertex -12.6609 0.996431 45
      vertex -12.612 1.49272 45
    endloop
  endfacet
  facet normal -0.709586 0 0.704619
    outer loop
      vertex -13.4064 1.58675 44.2
      vertex -12.612 1.49272 45
      vertex -12.612 1.49273 45
    endloop
  endfacet
  facet normal -0.703788 0.0693716 0.707015
    outer loop
      vertex -12.612 1.49272 45
      vertex -13.4064 1.58675 44.2
      vertex -13.4584 1.0592 44.2
    endloop
  endfacet
  facet normal -0.995182 0.0980454 0
    outer loop
      vertex -17.9445 1.41226 0
      vertex -17.8752 2.11567 1.5
      vertex -17.8752 2.11567 0
    endloop
  endfacet
  facet normal -0.995182 0.0980454 0
    outer loop
      vertex -17.8752 2.11567 1.5
      vertex -17.9445 1.41226 0
      vertex -17.9445 1.41226 1.5
    endloop
  endfacet
  facet normal -0.662743 0.0917066 0.74321
    outer loop
      vertex -16.8822 1.99814 2.39999
      vertex -16.7907 2.65939 2.39999
      vertex -17.8752 2.11567 1.5
    endloop
  endfacet
  facet normal -0.662724 0.0916257 0.743237
    outer loop
      vertex -16.7907 2.65939 2.39999
      vertex -17.7784 2.81582 1.5
      vertex -17.8752 2.11567 1.5
    endloop
  endfacet
  facet normal -0.981167 0.135602 0.13756
    outer loop
      vertex -16.3856 1.93937 6
      vertex -16.2969 2.58117 6
      vertex -16.8822 1.99814 2.39999
    endloop
  endfacet
  facet normal -0.981149 0.135766 0.13753
    outer loop
      vertex -16.2969 2.58117 6
      vertex -16.7907 2.65939 2.39999
      vertex -16.8822 1.99814 2.39999
    endloop
  endfacet
  facet normal -0.824264 0.114054 0.5546
    outer loop
      vertex -15.5912 1.84534 7.2
      vertex -15.5067 2.45602 7.2
      vertex -16.3856 1.93937 6
    endloop
  endfacet
  facet normal -0.82425 0.113915 0.554649
    outer loop
      vertex -15.5067 2.45602 7.2
      vertex -16.2969 2.58117 6
      vertex -16.3856 1.93937 6
    endloop
  endfacet
  facet normal -0.84788 0.117335 0.517042
    outer loop
      vertex -12.7113 1.50448 12
      vertex -12.6424 2.00236 12
      vertex -15.5912 1.84534 7.2
    endloop
  endfacet
  facet normal -0.847881 0.117322 0.517043
    outer loop
      vertex -12.6424 2.00236 12
      vertex -15.5067 2.45602 7.2
      vertex -15.5912 1.84534 7.2
    endloop
  endfacet
  facet normal -0.924958 0.127957 0.357882
    outer loop
      vertex -10.4272 1.23414 18
      vertex -10.3707 1.64256 18
      vertex -12.7113 1.50448 12
    endloop
  endfacet
  facet normal -0.924953 0.128001 0.357879
    outer loop
      vertex -10.3707 1.64256 18
      vertex -12.6424 2.00236 12
      vertex -12.7113 1.50448 12
    endloop
  endfacet
  facet normal -0.96324 0.133134 -0.233334
    outer loop
      vertex -11.556 1.83028 23
      vertex -10.4272 1.23414 18
      vertex -11.6189 1.37519 23
    endloop
  endfacet
  facet normal -0.963221 0.13325 -0.233344
    outer loop
      vertex -10.3707 1.64256 18
      vertex -10.4272 1.23414 18
      vertex -11.556 1.83028 23
    endloop
  endfacet
  facet normal -0.964001 0.13345 -0.229985
    outer loop
      vertex -12.8399 2.03365 28.5
      vertex -11.6189 1.37519 23
      vertex -12.9099 1.52799 28.5
    endloop
  endfacet
  facet normal -0.964034 0.133243 -0.229967
    outer loop
      vertex -11.556 1.83028 23
      vertex -11.6189 1.37519 23
      vertex -12.8399 2.03365 28.5
    endloop
  endfacet
  facet normal -0.943464 0.130424 0.304738
    outer loop
      vertex -12.1154 1.43396 31
      vertex -12.0498 1.9085 31
      vertex -12.9099 1.52799 28.5
    endloop
  endfacet
  facet normal -0.943449 0.130604 0.304706
    outer loop
      vertex -12.0498 1.9085 31
      vertex -12.8399 2.03365 28.5
      vertex -12.9099 1.52799 28.5
    endloop
  endfacet
  facet normal -0.784376 0.108488 0.610725
    outer loop
      vertex -9.43415 1.1166 34.5
      vertex -9.38304 1.48613 34.5
      vertex -12.1154 1.43396 31
    endloop
  endfacet
  facet normal -0.78438 0.108432 0.610729
    outer loop
      vertex -9.38304 1.48613 34.5
      vertex -12.0498 1.9085 31
      vertex -12.1154 1.43396 31
    endloop
  endfacet
  facet normal -0.792497 0.10965 -0.599938
    outer loop
      vertex -10.8646 1.72078 36.5
      vertex -9.43415 1.1166 34.5
      vertex -10.9238 1.29291 36.5
    endloop
  endfacet
  facet normal -0.792506 0.109612 -0.599933
    outer loop
      vertex -9.38304 1.48613 34.5
      vertex -9.43415 1.1166 34.5
      vertex -10.8646 1.72078 36.5
    endloop
  endfacet
  facet normal -0.655445 0.0907539 -0.74977
    outer loop
      vertex -12.5436 1.98672 38
      vertex -10.9238 1.29291 36.5
      vertex -12.612 1.49272 38
    endloop
  endfacet
  facet normal -0.655464 0.0906899 -0.749761
    outer loop
      vertex -10.8646 1.72078 36.5
      vertex -10.9238 1.29291 36.5
      vertex -12.5436 1.98672 38
    endloop
  endfacet
  facet normal -0.700517 0.0969986 0.707013
    outer loop
      vertex -13.4064 1.58675 44.2
      vertex -12.612 1.49273 45
      vertex -12.5436 1.98671 45
    endloop
  endfacet
  facet normal -0.711451 0 0.702736
    outer loop
      vertex -13.3338 2.11187 44.2
      vertex -12.5436 1.98671 45
      vertex -12.5436 1.98672 45
    endloop
  endfacet
  facet normal -0.70049 0.0968456 0.707061
    outer loop
      vertex -12.5436 1.98671 45
      vertex -13.3338 2.11187 44.2
      vertex -13.4064 1.58675 44.2
    endloop
  endfacet
  facet normal -0.990577 0.136953 0
    outer loop
      vertex -17.8752 2.11567 0
      vertex -17.7784 2.81582 1.5
      vertex -17.7784 2.81582 0
    endloop
  endfacet
  facet normal -0.990577 0.136953 0
    outer loop
      vertex -17.7784 2.81582 1.5
      vertex -17.8752 2.11567 0
      vertex -17.8752 2.11567 1.5
    endloop
  endfacet
  facet normal -0.658601 0.117661 0.743237
    outer loop
      vertex -16.7907 2.65939 2.39999
      vertex -16.6733 3.31653 2.39999
      vertex -17.7784 2.81582 1.5
    endloop
  endfacet
  facet normal -0.658599 0.117653 0.74324
    outer loop
      vertex -16.6733 3.31653 2.39999
      vertex -17.6541 3.51163 1.5
      vertex -17.7784 2.81582 1.5
    endloop
  endfacet
  facet normal -0.975072 0.174125 0.13753
    outer loop
      vertex -16.2969 2.58117 6
      vertex -16.183 3.21899 6
      vertex -16.7907 2.65939 2.39999
    endloop
  endfacet
  facet normal -0.975061 0.174198 0.137517
    outer loop
      vertex -16.183 3.21899 6
      vertex -16.6733 3.31653 2.39999
      vertex -16.7907 2.65939 2.39999
    endloop
  endfacet
  facet normal -0.819121 0.146305 0.554649
    outer loop
      vertex -15.5067 2.45602 7.2
      vertex -15.3983 3.06292 7.2
      vertex -16.2969 2.58117 6
    endloop
  endfacet
  facet normal -0.819119 0.146276 0.55466
    outer loop
      vertex -15.3983 3.06292 7.2
      vertex -16.183 3.21899 6
      vertex -16.2969 2.58117 6
    endloop
  endfacet
  facet normal -0.842617 0.150543 0.517042
    outer loop
      vertex -12.6424 2.00236 12
      vertex -12.554 2.49715 12
      vertex -15.5067 2.45602 7.2
    endloop
  endfacet
  facet normal -0.842622 0.150503 0.517046
    outer loop
      vertex -12.554 2.49715 12
      vertex -15.3983 3.06292 7.2
      vertex -15.5067 2.45602 7.2
    endloop
  endfacet
  facet normal -0.91922 0.164191 0.357878
    outer loop
      vertex -10.3707 1.64256 18
      vertex -10.2982 2.04845 18
      vertex -12.6424 2.00236 12
    endloop
  endfacet
  facet normal -0.919214 0.164228 0.357875
    outer loop
      vertex -10.2982 2.04845 18
      vertex -12.554 2.49715 12
      vertex -12.6424 2.00236 12
    endloop
  endfacet
  facet normal -0.957239 0.171011 -0.233343
    outer loop
      vertex -11.4752 2.28256 23
      vertex -10.3707 1.64256 18
      vertex -11.556 1.83028 23
    endloop
  endfacet
  facet normal -0.957244 0.170983 -0.233341
    outer loop
      vertex -10.2982 2.04845 18
      vertex -10.3707 1.64256 18
      vertex -11.4752 2.28256 23
    endloop
  endfacet
  facet normal -0.958055 0.171013 -0.229968
    outer loop
      vertex -12.7502 2.53617 28.5
      vertex -11.556 1.83028 23
      vertex -12.8399 2.03365 28.5
    endloop
  endfacet
  facet normal -0.958027 0.171152 -0.22998
    outer loop
      vertex -11.4752 2.28256 23
      vertex -11.556 1.83028 23
      vertex -12.7502 2.53617 28.5
    endloop
  endfacet
  facet normal -0.93762 0.167404 0.304706
    outer loop
      vertex -12.0498 1.9085 31
      vertex -11.9656 2.3801 31
      vertex -12.8399 2.03365 28.5
    endloop
  endfacet
  facet normal -0.937624 0.167366 0.304712
    outer loop
      vertex -11.9656 2.3801 31
      vertex -12.7502 2.53617 28.5
      vertex -12.8399 2.03365 28.5
    endloop
  endfacet
  facet normal -0.779507 0.139205 0.61073
    outer loop
      vertex -9.38304 1.48613 34.5
      vertex -9.31746 1.85336 34.5
      vertex -12.0498 1.9085 31
    endloop
  endfacet
  facet normal -0.779511 0.139175 0.610732
    outer loop
      vertex -9.31746 1.85336 34.5
      vertex -11.9656 2.3801 31
      vertex -12.0498 1.9085 31
    endloop
  endfacet
  facet normal -0.78757 0.140767 -0.599932
    outer loop
      vertex -10.7886 2.14599 36.5
      vertex -9.38304 1.48613 34.5
      vertex -10.8646 1.72078 36.5
    endloop
  endfacet
  facet normal -0.787603 0.14065 -0.599916
    outer loop
      vertex -9.31746 1.85336 34.5
      vertex -9.38304 1.48613 34.5
      vertex -10.7886 2.14599 36.5
    endloop
  endfacet
  facet normal -0.651418 0.116237 -0.749762
    outer loop
      vertex -12.456 2.47765 38
      vertex -10.8646 1.72078 36.5
      vertex -12.5436 1.98672 38
    endloop
  endfacet
  facet normal -0.651356 0.11642 -0.749788
    outer loop
      vertex -10.7886 2.14599 36.5
      vertex -10.8646 1.72078 36.5
      vertex -12.456 2.47765 38
    endloop
  endfacet
  facet normal -0.696156 0.124222 0.707061
    outer loop
      vertex -12.5436 1.98672 45
      vertex -12.456 2.47764 45
      vertex -13.3338 2.11187 44.2
    endloop
  endfacet
  facet normal -0.713945 0 0.700202
    outer loop
      vertex -13.2406 2.63372 44.2
      vertex -12.456 2.47764 45
      vertex -12.456 2.47765 45
    endloop
  endfacet
  facet normal -0.696171 0.124333 0.707027
    outer loop
      vertex -12.456 2.47764 45
      vertex -13.2406 2.63372 44.2
      vertex -13.3338 2.11187 44.2
    endloop
  endfacet
  facet normal -0.984416 0.175857 0
    outer loop
      vertex -17.7784 2.81582 0
      vertex -17.6541 3.51163 1.5
      vertex -17.6541 3.51163 0
    endloop
  endfacet
  facet normal -0.984416 0.175857 0
    outer loop
      vertex -17.6541 3.51163 1.5
      vertex -17.7784 2.81582 0
      vertex -17.7784 2.81582 1.5
    endloop
  endfacet
  facet normal -0.653494 0.143319 0.74324
    outer loop
      vertex -16.6733 3.31653 2.39999
      vertex -16.5303 3.96857 2.39999
      vertex -17.6541 3.51163 1.5
    endloop
  endfacet
  facet normal -0.653492 0.143308 0.743243
    outer loop
      vertex -16.5303 3.96857 2.39999
      vertex -17.5027 4.20202 1.5
      vertex -17.6541 3.51163 1.5
    endloop
  endfacet
  facet normal -0.967471 0.21234 0.137517
    outer loop
      vertex -16.183 3.21899 6
      vertex -16.0441 3.85185 6
      vertex -16.6733 3.31653 2.39999
    endloop
  endfacet
  facet normal -0.967501 0.212184 0.137546
    outer loop
      vertex -16.0441 3.85185 6
      vertex -16.5303 3.96857 2.39999
      vertex -16.6733 3.31653 2.39999
    endloop
  endfacet
  facet normal -0.81275 0.178296 0.55466
    outer loop
      vertex -15.3983 3.06292 7.2
      vertex -15.2662 3.66509 7.2
      vertex -16.183 3.21899 6
    endloop
  endfacet
  facet normal -0.812752 0.178383 0.554629
    outer loop
      vertex -15.2662 3.66509 7.2
      vertex -16.0441 3.85185 6
      vertex -16.183 3.21899 6
    endloop
  endfacet
  facet normal -0.836077 0.183411 0.517046
    outer loop
      vertex -12.554 2.49715 12
      vertex -12.4463 2.9881 12
      vertex -15.3983 3.06292 7.2
    endloop
  endfacet
  facet normal -0.836076 0.183413 0.517046
    outer loop
      vertex -12.4463 2.9881 12
      vertex -15.2662 3.66509 7.2
      vertex -15.3983 3.06292 7.2
    endloop
  endfacet
  facet normal -0.912103 0.199982 0.357876
    outer loop
      vertex -10.2982 2.04845 18
      vertex -10.2099 2.45118 18
      vertex -12.554 2.49715 12
    endloop
  endfacet
  facet normal -0.912083 0.200084 0.357869
    outer loop
      vertex -10.2099 2.45118 18
      vertex -12.4463 2.9881 12
      vertex -12.554 2.49715 12
    endloop
  endfacet
  facet normal -0.949784 0.208476 -0.23334
    outer loop
      vertex -11.3767 2.73131 23
      vertex -10.2982 2.04845 18
      vertex -11.4752 2.28256 23
    endloop
  endfacet
  facet normal -0.949837 0.208255 -0.233322
    outer loop
      vertex -10.2099 2.45118 18
      vertex -10.2982 2.04845 18
      vertex -11.3767 2.73131 23
    endloop
  endfacet
  facet normal -0.950584 0.208563 -0.22998
    outer loop
      vertex -12.6408 3.03479 28.5
      vertex -11.4752 2.28256 23
      vertex -12.7502 2.53617 28.5
    endloop
  endfacet
  facet normal -0.950564 0.208648 -0.229987
    outer loop
      vertex -11.3767 2.73131 23
      vertex -11.4752 2.28256 23
      vertex -12.6408 3.03479 28.5
    endloop
  endfacet
  facet normal -0.930302 0.20418 0.304712
    outer loop
      vertex -11.9656 2.3801 31
      vertex -11.8629 2.84803 31
      vertex -12.7502 2.53617 28.5
    endloop
  endfacet
  facet normal -0.930312 0.204116 0.304724
    outer loop
      vertex -11.8629 2.84803 31
      vertex -12.6408 3.03479 28.5
      vertex -12.7502 2.53617 28.5
    endloop
  endfacet
  facet normal -0.773438 0.169708 0.610732
    outer loop
      vertex -9.31746 1.85336 34.5
      vertex -9.23751 2.21773 34.5
      vertex -11.9656 2.3801 31
    endloop
  endfacet
  facet normal -0.773431 0.16975 0.610729
    outer loop
      vertex -9.23751 2.21773 34.5
      vertex -11.8629 2.84803 31
      vertex -11.9656 2.3801 31
    endloop
  endfacet
  facet normal -0.7815 0.171337 -0.599917
    outer loop
      vertex -10.6961 2.5679 36.5
      vertex -9.31746 1.85336 34.5
      vertex -10.7886 2.14599 36.5
    endloop
  endfacet
  facet normal -0.781458 0.171467 -0.599935
    outer loop
      vertex -9.23751 2.21773 34.5
      vertex -9.31746 1.85336 34.5
      vertex -10.6961 2.5679 36.5
    endloop
  endfacet
  facet normal -0.646299 0.141835 -0.749787
    outer loop
      vertex -12.3491 2.96476 38
      vertex -10.7886 2.14599 36.5
      vertex -12.456 2.47765 38
    endloop
  endfacet
  facet normal -0.646349 0.141706 -0.749768
    outer loop
      vertex -10.6961 2.5679 36.5
      vertex -10.7886 2.14599 36.5
      vertex -12.3491 2.96476 38
    endloop
  endfacet
  facet normal -0.690749 0.151593 0.707026
    outer loop
      vertex -13.2406 2.63372 44.2
      vertex -12.456 2.47765 45
      vertex -12.3491 2.96475 45
    endloop
  endfacet
  facet normal -0.71694 0 0.697135
    outer loop
      vertex -13.127 3.15151 44.2
      vertex -12.3491 2.96475 45
      vertex -12.3491 2.96476 45
    endloop
  endfacet
  facet normal -0.690744 0.151545 0.707041
    outer loop
      vertex -12.3491 2.96475 45
      vertex -13.127 3.15151 44.2
      vertex -13.2406 2.63372 44.2
    endloop
  endfacet
  facet normal -0.976788 0.214206 0
    outer loop
      vertex -17.6541 3.51163 0
      vertex -17.5027 4.20202 1.5
      vertex -17.5027 4.20202 0
    endloop
  endfacet
  facet normal -0.976788 0.214206 0
    outer loop
      vertex -17.5027 4.20202 1.5
      vertex -17.6541 3.51163 0
      vertex -17.6541 3.51163 1.5
    endloop
  endfacet
  facet normal -0.647332 0.168969 0.743243
    outer loop
      vertex -16.5303 3.96857 2.39999
      vertex -16.3617 4.61449 2.39999
      vertex -17.5027 4.20202 1.5
    endloop
  endfacet
  facet normal -0.64733 0.168953 0.743248
    outer loop
      vertex -16.3617 4.61449 2.39999
      vertex -17.3242 4.88593 1.5
      vertex -17.5027 4.20202 1.5
    endloop
  endfacet
  facet normal -0.9584 0.250102 0.137546
    outer loop
      vertex -16.0441 3.85185 6
      vertex -15.8805 4.47877 6
      vertex -16.5303 3.96857 2.39999
    endloop
  endfacet
  facet normal -0.958386 0.250161 0.137535
    outer loop
      vertex -15.8805 4.47877 6
      vertex -16.3617 4.61449 2.39999
      vertex -16.5303 3.96857 2.39999
    endloop
  endfacet
  facet normal -0.805124 0.210149 0.554628
    outer loop
      vertex -15.2662 3.66509 7.2
      vertex -15.1105 4.26161 7.2
      vertex -16.0441 3.85185 6
    endloop
  endfacet
  facet normal -0.805125 0.210104 0.554644
    outer loop
      vertex -15.1105 4.26161 7.2
      vertex -15.8805 4.47877 6
      vertex -16.0441 3.85185 6
    endloop
  endfacet
  facet normal -0.828226 0.216112 0.517046
    outer loop
      vertex -12.4463 2.9881 12
      vertex -12.3194 3.47443 12
      vertex -15.2662 3.66509 7.2
    endloop
  endfacet
  facet normal -0.828213 0.216175 0.517041
    outer loop
      vertex -12.3194 3.47443 12
      vertex -15.1105 4.26161 7.2
      vertex -15.2662 3.66509 7.2
    endloop
  endfacet
  facet normal -0.903518 0.235765 0.357869
    outer loop
      vertex -10.2099 2.45118 18
      vertex -10.1058 2.85012 18
      vertex -12.4463 2.9881 12
    endloop
  endfacet
  facet normal -0.903519 0.235759 0.35787
    outer loop
      vertex -10.1058 2.85012 18
      vertex -12.3194 3.47443 12
      vertex -12.4463 2.9881 12
    endloop
  endfacet
  facet normal -0.940893 0.24552 -0.233322
    outer loop
      vertex -11.2607 3.17585 23
      vertex -10.2099 2.45118 18
      vertex -11.3767 2.73131 23
    endloop
  endfacet
  facet normal -0.940894 0.245518 -0.233322
    outer loop
      vertex -10.1058 2.85012 18
      vertex -10.2099 2.45118 18
      vertex -11.2607 3.17585 23
    endloop
  endfacet
  facet normal -0.941658 0.245738 -0.229987
    outer loop
      vertex -12.5119 3.52873 28.5
      vertex -11.3767 2.73131 23
      vertex -12.6408 3.03479 28.5
    endloop
  endfacet
  facet normal -0.941662 0.245721 -0.229985
    outer loop
      vertex -11.2607 3.17585 23
      vertex -11.3767 2.73131 23
      vertex -12.5119 3.52873 28.5
    endloop
  endfacet
  facet normal -0.921609 0.240373 0.304725
    outer loop
      vertex -11.8629 2.84803 31
      vertex -11.742 3.31157 31
      vertex -12.6408 3.03479 28.5
    endloop
  endfacet
  facet normal -0.921584 0.240499 0.304702
    outer loop
      vertex -11.742 3.31157 31
      vertex -12.5119 3.52873 28.5
      vertex -12.6408 3.03479 28.5
    endloop
  endfacet
  facet normal -0.766183 0.199936 0.610728
    outer loop
      vertex -9.23751 2.21773 34.5
      vertex -9.14332 2.57868 34.5
      vertex -11.8629 2.84803 31
    endloop
  endfacet
  facet normal -0.766202 0.19984 0.610736
    outer loop
      vertex -9.14332 2.57868 34.5
      vertex -11.742 3.31157 31
      vertex -11.8629 2.84803 31
    endloop
  endfacet
  facet normal -0.774109 0.202075 -0.599934
    outer loop
      vertex -10.587 2.98584 36.5
      vertex -9.23751 2.21773 34.5
      vertex -10.6961 2.5679 36.5
    endloop
  endfacet
  facet normal -0.774133 0.20201 -0.599925
    outer loop
      vertex -9.14332 2.57868 34.5
      vertex -9.23751 2.21773 34.5
      vertex -10.587 2.98584 36.5
    endloop
  endfacet
  facet normal -0.640264 0.167055 -0.74977
    outer loop
      vertex -12.2232 3.44729 38
      vertex -10.6961 2.5679 36.5
      vertex -12.3491 2.96476 38
    endloop
  endfacet
  facet normal -0.640233 0.167128 -0.74978
    outer loop
      vertex -10.587 2.98584 36.5
      vertex -10.6961 2.5679 36.5
      vertex -12.2232 3.44729 38
    endloop
  endfacet
  facet normal -0.684266 0.178536 0.70704
    outer loop
      vertex -13.127 3.15151 44.2
      vertex -12.3491 2.96476 45
      vertex -12.2232 3.44729 45
    endloop
  endfacet
  facet normal -0.684252 0.17848 0.707068
    outer loop
      vertex -13.127 3.15151 44.2
      vertex -12.4101 3.5 44.8058
      vertex -13.0361 3.5 44.2
    endloop
  endfacet
  facet normal -0.684269 0.178595 0.707022
    outer loop
      vertex -12.4101 3.5 44.8058
      vertex -13.127 3.15151 44.2
      vertex -12.2232 3.44729 45
    endloop
  endfacet
  facet normal -0.967587 0.252539 0
    outer loop
      vertex -17.5027 4.20202 0
      vertex -17.3242 4.88593 1.5
      vertex -17.3242 4.88593 0
    endloop
  endfacet
  facet normal -0.967587 0.252539 0
    outer loop
      vertex -17.3242 4.88593 1.5
      vertex -17.5027 4.20202 0
      vertex -17.5027 4.20202 1.5
    endloop
  endfacet
  facet normal -0.640229 0.194133 0.743249
    outer loop
      vertex -16.3617 4.61449 2.39999
      vertex -16.168 5.25329 2.39999
      vertex -17.3242 4.88593 1.5
    endloop
  endfacet
  facet normal -0.640236 0.194235 0.743216
    outer loop
      vertex -16.168 5.25329 2.39999
      vertex -17.119 5.56231 1.5
      vertex -17.3242 4.88593 1.5
    endloop
  endfacet
  facet normal -0.947837 0.287557 0.137535
    outer loop
      vertex -15.8805 4.47877 6
      vertex -15.6924 5.09878 6
      vertex -16.3617 4.61449 2.39999
    endloop
  endfacet
  facet normal -0.947875 0.287419 0.13756
    outer loop
      vertex -15.6924 5.09878 6
      vertex -16.168 5.25329 2.39999
      vertex -16.3617 4.61449 2.39999
    endloop
  endfacet
  facet normal -0.796281 0.241465 0.554644
    outer loop
      vertex -15.1105 4.26161 7.2
      vertex -14.9316 4.85157 7.2
      vertex -15.8805 4.47877 6
    endloop
  endfacet
  facet normal -0.796275 0.241576 0.554605
    outer loop
      vertex -14.9316 4.85157 7.2
      vertex -15.6924 5.09878 6
      vertex -15.8805 4.47877 6
    endloop
  endfacet
  facet normal -0.819105 0.248467 0.51704
    outer loop
      vertex -12.3194 3.47443 12
      vertex -12.1735 3.95541 12
      vertex -15.1105 4.26161 7.2
    endloop
  endfacet
  facet normal -0.819124 0.248392 0.517047
    outer loop
      vertex -12.1735 3.95541 12
      vertex -14.9316 4.85157 7.2
      vertex -15.1105 4.26161 7.2
    endloop
  endfacet
  facet normal -0.89355 0.271104 0.357869
    outer loop
      vertex -10.1058 2.85012 18
      vertex -9.98609 3.24468 18
      vertex -12.3194 3.47443 12
    endloop
  endfacet
  facet normal -0.893564 0.271053 0.357873
    outer loop
      vertex -9.98609 3.24468 18
      vertex -12.1735 3.95541 12
      vertex -12.3194 3.47443 12
    endloop
  endfacet
  facet normal -0.930567 0.282144 -0.233323
    outer loop
      vertex -11.1274 3.6155 23
      vertex -10.1058 2.85012 18
      vertex -11.2607 3.17585 23
    endloop
  endfacet
  facet normal -0.930511 0.282318 -0.233338
    outer loop
      vertex -9.98609 3.24468 18
      vertex -10.1058 2.85012 18
      vertex -11.1274 3.6155 23
    endloop
  endfacet
  facet normal -0.931279 0.282535 -0.229985
    outer loop
      vertex -12.3637 4.01722 28.5
      vertex -11.2607 3.17585 23
      vertex -12.5119 3.52873 28.5
    endloop
  endfacet
  facet normal -0.931331 0.282376 -0.229971
    outer loop
      vertex -11.1274 3.6155 23
      vertex -11.2607 3.17585 23
      vertex -12.3637 4.01722 28.5
    endloop
  endfacet
  facet normal -0.911417 0.276542 0.304702
    outer loop
      vertex -11.742 3.31157 31
      vertex -11.6029 3.77001 31
      vertex -12.5119 3.52873 28.5
    endloop
  endfacet
  facet normal -0.911425 0.276512 0.304707
    outer loop
      vertex -11.6029 3.77001 31
      vertex -12.3637 4.01722 28.5
      vertex -12.5119 3.52873 28.5
    endloop
  endfacet
  facet normal -0.757743 0.22984 0.610737
    outer loop
      vertex -9.14332 2.57868 34.5
      vertex -9.03504 2.93566 34.5
      vertex -11.742 3.31157 31
    endloop
  endfacet
  facet normal -0.757726 0.229909 0.610731
    outer loop
      vertex -9.03504 2.93566 34.5
      vertex -11.6029 3.77001 31
      vertex -11.742 3.31157 31
    endloop
  endfacet
  facet normal -0.7656 0.232264 -0.599925
    outer loop
      vertex -10.4616 3.39919 36.5
      vertex -9.14332 2.57868 34.5
      vertex -10.587 2.98584 36.5
    endloop
  endfacet
  facet normal -0.765615 0.232228 -0.59992
    outer loop
      vertex -9.03504 2.93566 34.5
      vertex -9.14332 2.57868 34.5
      vertex -10.4616 3.39919 36.5
    endloop
  endfacet
  facet normal -0.633183 0.192123 -0.749779
    outer loop
      vertex -12.0784 3.92451 38
      vertex -10.587 2.98584 36.5
      vertex -12.2232 3.44729 38
    endloop
  endfacet
  facet normal -0.633196 0.192096 -0.749775
    outer loop
      vertex -10.4616 3.39919 36.5
      vertex -10.587 2.98584 36.5
      vertex -12.0784 3.92451 38
    endloop
  endfacet
  facet normal -0.720519 0 0.693435
    outer loop
      vertex -12.2232 3.4473 45
      vertex -12.4101 3.5 44.8058
      vertex -12.2232 3.44729 45
    endloop
  endfacet
  facet normal -0.676699 0.205449 0.707014
    outer loop
      vertex -12.4101 3.5 44.8058
      vertex -12.2232 3.4473 45
      vertex -12.2072 3.5 45
    endloop
  endfacet
  facet normal -0.956932 0.290314 0
    outer loop
      vertex -17.3242 4.88593 0
      vertex -17.119 5.56231 1.5
      vertex -17.119 5.56231 0
    endloop
  endfacet
  facet normal -0.956932 0.290314 0
    outer loop
      vertex -17.119 5.56231 1.5
      vertex -17.3242 4.88593 0
      vertex -17.3242 4.88593 1.5
    endloop
  endfacet
  facet normal -0.632126 0.219194 0.743216
    outer loop
      vertex -16.168 5.25329 2.39999
      vertex -15.9493 5.88399 2.39999
      vertex -17.119 5.56231 1.5
    endloop
  endfacet
  facet normal -0.632127 0.219228 0.743206
    outer loop
      vertex -15.9493 5.88399 2.39999
      vertex -16.8874 6.23011 1.5
      vertex -17.119 5.56231 1.5
    endloop
  endfacet
  facet normal -0.93586 0.324413 0.137561
    outer loop
      vertex -15.6924 5.09878 6
      vertex -15.4802 5.71093 6
      vertex -16.168 5.25329 2.39999
    endloop
  endfacet
  facet normal -0.93583 0.324506 0.137543
    outer loop
      vertex -15.4802 5.71093 6
      vertex -15.9493 5.88399 2.39999
      vertex -16.168 5.25329 2.39999
    endloop
  endfacet
  facet normal -0.786179 0.272646 0.554605
    outer loop
      vertex -14.9316 4.85157 7.2
      vertex -14.7296 5.43404 7.2
      vertex -15.6924 5.09878 6
    endloop
  endfacet
  facet normal -0.78619 0.27253 0.554646
    outer loop
      vertex -14.7296 5.43404 7.2
      vertex -15.4802 5.71093 6
      vertex -15.6924 5.09878 6
    endloop
  endfacet
  facet normal -0.8087 0.280477 0.517047
    outer loop
      vertex -12.1735 3.95541 12
      vertex -12.0088 4.43029 12
      vertex -14.9316 4.85157 7.2
    endloop
  endfacet
  facet normal -0.808705 0.280458 0.517049
    outer loop
      vertex -12.0088 4.43029 12
      vertex -14.7296 5.43404 7.2
      vertex -14.9316 4.85157 7.2
    endloop
  endfacet
  facet normal -0.882235 0.305923 0.357873
    outer loop
      vertex -9.98609 3.24468 18
      vertex -9.85101 3.63423 18
      vertex -12.1735 3.95541 12
    endloop
  endfacet
  facet normal -0.882218 0.305975 0.357869
    outer loop
      vertex -9.85101 3.63423 18
      vertex -12.0088 4.43029 12
      vertex -12.1735 3.95541 12
    endloop
  endfacet
  facet normal -0.918675 0.318733 -0.233337
    outer loop
      vertex -10.9768 4.04957 23
      vertex -9.98609 3.24468 18
      vertex -11.1274 3.6155 23
    endloop
  endfacet
  facet normal -0.918732 0.318579 -0.233323
    outer loop
      vertex -9.85101 3.63423 18
      vertex -9.98609 3.24468 18
      vertex -10.9768 4.04957 23
    endloop
  endfacet
  facet normal -0.91951 0.318769 -0.229972
    outer loop
      vertex -12.1965 4.49952 28.5
      vertex -11.1274 3.6155 23
      vertex -12.3637 4.01722 28.5
    endloop
  endfacet
  facet normal -0.919427 0.318994 -0.229992
    outer loop
      vertex -10.9768 4.04957 23
      vertex -11.1274 3.6155 23
      vertex -12.1965 4.49952 28.5
    endloop
  endfacet
  facet normal -0.899849 0.31213 0.304707
    outer loop
      vertex -11.6029 3.77001 31
      vertex -11.4459 4.22263 31
      vertex -12.3637 4.01722 28.5
    endloop
  endfacet
  facet normal -0.899895 0.311969 0.304737
    outer loop
      vertex -11.4459 4.22263 31
      vertex -12.1965 4.49952 28.5
      vertex -12.3637 4.01722 28.5
    endloop
  endfacet
  facet normal -0.748133 0.259432 0.610731
    outer loop
      vertex -9.03504 2.93566 34.5
      vertex -8.91282 3.28811 34.5
      vertex -11.6029 3.77001 31
    endloop
  endfacet
  facet normal -0.748114 0.259498 0.610726
    outer loop
      vertex -8.91282 3.28811 34.5
      vertex -11.4459 4.22263 31
      vertex -11.6029 3.77001 31
    endloop
  endfacet
  facet normal -0.755911 0.262096 -0.599921
    outer loop
      vertex -10.3201 3.80729 36.5
      vertex -9.03504 2.93566 34.5
      vertex -10.4616 3.39919 36.5
    endloop
  endfacet
  facet normal -0.755898 0.262125 -0.599925
    outer loop
      vertex -8.91282 3.28811 34.5
      vertex -9.03504 2.93566 34.5
      vertex -10.3201 3.80729 36.5
    endloop
  endfacet
  facet normal -0.625168 0.216801 -0.749775
    outer loop
      vertex -11.915 4.39569 38
      vertex -10.4616 3.39919 36.5
      vertex -12.0784 3.92451 38
    endloop
  endfacet
  facet normal -0.625185 0.21677 -0.74977
    outer loop
      vertex -10.3201 3.80729 36.5
      vertex -10.4616 3.39919 36.5
      vertex -11.915 4.39569 38
    endloop
  endfacet
  facet normal -0.944794 0.327664 0
    outer loop
      vertex -17.119 5.56231 0
      vertex -16.8874 6.23011 1.5
      vertex -16.8874 6.23011 0
    endloop
  endfacet
  facet normal -0.944794 0.327664 0
    outer loop
      vertex -16.8874 6.23011 1.5
      vertex -17.119 5.56231 0
      vertex -17.119 5.56231 1.5
    endloop
  endfacet
  facet normal -0.623042 0.243853 0.743206
    outer loop
      vertex -15.9493 5.88399 2.39999
      vertex -15.706 6.50562 2.39999
      vertex -16.8874 6.23011 1.5
    endloop
  endfacet
  facet normal -0.623042 0.243844 0.743209
    outer loop
      vertex -15.706 6.50562 2.39999
      vertex -16.6298 6.8883 1.5
      vertex -16.8874 6.23011 1.5
    endloop
  endfacet
  facet normal -0.922337 0.361077 0.137543
    outer loop
      vertex -15.4802 5.71093 6
      vertex -15.244 6.31428 6
      vertex -15.9493 5.88399 2.39999
    endloop
  endfacet
  facet normal -0.922363 0.361004 0.137557
    outer loop
      vertex -15.244 6.31428 6
      vertex -15.706 6.50562 2.39999
      vertex -15.9493 5.88399 2.39999
    endloop
  endfacet
  facet normal -0.774849 0.303277 0.554646
    outer loop
      vertex -14.7296 5.43404 7.2
      vertex -14.5049 6.00813 7.2
      vertex -15.4802 5.71093 6
    endloop
  endfacet
  facet normal -0.774841 0.303335 0.554626
    outer loop
      vertex -14.5049 6.00813 7.2
      vertex -15.244 6.31428 6
      vertex -15.4802 5.71093 6
    endloop
  endfacet
  facet normal -0.797074 0.311984 0.517048
    outer loop
      vertex -12.0088 4.43029 12
      vertex -11.8256 4.89834 12
      vertex -14.7296 5.43404 7.2
    endloop
  endfacet
  facet normal -0.797076 0.311977 0.517049
    outer loop
      vertex -11.8256 4.89834 12
      vertex -14.5049 6.00813 7.2
      vertex -14.7296 5.43404 7.2
    endloop
  endfacet
  facet normal -0.869539 0.340342 0.357869
    outer loop
      vertex -9.85101 3.63423 18
      vertex -9.70073 4.01818 18
      vertex -12.0088 4.43029 12
    endloop
  endfacet
  facet normal -0.869537 0.340346 0.357869
    outer loop
      vertex -9.70073 4.01818 18
      vertex -11.8256 4.89834 12
      vertex -12.0088 4.43029 12
    endloop
  endfacet
  facet normal -0.905545 0.354327 -0.233324
    outer loop
      vertex -10.8094 4.47739 23
      vertex -9.85101 3.63423 18
      vertex -10.9768 4.04957 23
    endloop
  endfacet
  facet normal -0.905507 0.35442 -0.233332
    outer loop
      vertex -9.70073 4.01818 18
      vertex -9.85101 3.63423 18
      vertex -10.8094 4.47739 23
    endloop
  endfacet
  facet normal -0.906221 0.354779 -0.229991
    outer loop
      vertex -12.0104 4.97488 28.5
      vertex -10.9768 4.04957 23
      vertex -12.1965 4.49952 28.5
    endloop
  endfacet
  facet normal -0.906288 0.354618 -0.229976
    outer loop
      vertex -10.8094 4.47739 23
      vertex -10.9768 4.04957 23
      vertex -12.0104 4.97488 28.5
    endloop
  endfacet
  facet normal -0.886926 0.347128 0.304737
    outer loop
      vertex -11.4459 4.22263 31
      vertex -11.2713 4.66874 31
      vertex -12.1965 4.49952 28.5
    endloop
  endfacet
  facet normal -0.886898 0.347214 0.304721
    outer loop
      vertex -11.2713 4.66874 31
      vertex -12.0104 4.97488 28.5
      vertex -12.1965 4.49952 28.5
    endloop
  endfacet
  facet normal -0.737377 0.2886 0.610725
    outer loop
      vertex -8.91282 3.28811 34.5
      vertex -8.77686 3.63549 34.5
      vertex -11.4459 4.22263 31
    endloop
  endfacet
  facet normal -0.737378 0.288597 0.610725
    outer loop
      vertex -8.77686 3.63549 34.5
      vertex -11.2713 4.66874 31
      vertex -11.4459 4.22263 31
    endloop
  endfacet
  facet normal -0.745043 0.291549 -0.599925
    outer loop
      vertex -10.1627 4.20952 36.5
      vertex -8.91282 3.28811 34.5
      vertex -10.3201 3.80729 36.5
    endloop
  endfacet
  facet normal -0.745021 0.291592 -0.599931
    outer loop
      vertex -8.77686 3.63549 34.5
      vertex -8.91282 3.28811 34.5
      vertex -10.1627 4.20952 36.5
    endloop
  endfacet
  facet normal -0.616209 0.241102 -0.749771
    outer loop
      vertex -11.7333 4.86008 38
      vertex -10.3201 3.80729 36.5
      vertex -11.915 4.39569 38
    endloop
  endfacet
  facet normal -0.616194 0.241128 -0.749775
    outer loop
      vertex -10.1627 4.20952 36.5
      vertex -10.3201 3.80729 36.5
      vertex -11.7333 4.86008 38
    endloop
  endfacet
  facet normal -0.93122 0.364457 0
    outer loop
      vertex -16.8874 6.23011 0
      vertex -16.6298 6.8883 1.5
      vertex -16.6298 6.8883 0
    endloop
  endfacet
  facet normal -0.93122 0.364457 0
    outer loop
      vertex -16.6298 6.8883 1.5
      vertex -16.8874 6.23011 0
      vertex -16.8874 6.23011 1.5
    endloop
  endfacet
  facet normal -0.612955 0.268193 0.743208
    outer loop
      vertex -15.706 6.50562 2.39999
      vertex -15.4384 7.11722 2.39999
      vertex -16.6298 6.8883 1.5
    endloop
  endfacet
  facet normal -0.612961 0.268065 0.743249
    outer loop
      vertex -15.4384 7.11722 2.39999
      vertex -16.3466 7.53587 1.5
      vertex -16.6298 6.8883 1.5
    endloop
  endfacet
  facet normal -0.907507 0.396875 0.137557
    outer loop
      vertex -15.244 6.31428 6
      vertex -14.9844 6.90789 6
      vertex -15.706 6.50562 2.39999
    endloop
  endfacet
  facet normal -0.907439 0.397042 0.137525
    outer loop
      vertex -14.9844 6.90789 6
      vertex -15.4384 7.11722 2.39999
      vertex -15.706 6.50562 2.39999
    endloop
  endfacet
  facet normal -0.762342 0.333507 0.554625
    outer loop
      vertex -14.5049 6.00813 7.2
      vertex -14.2578 6.57296 7.2
      vertex -15.244 6.31428 6
    endloop
  endfacet
  facet normal -0.762361 0.333399 0.554664
    outer loop
      vertex -14.2578 6.57296 7.2
      vertex -14.9844 6.90789 6
      vertex -15.244 6.31428 6
    endloop
  endfacet
  facet normal -0.784233 0.342985 0.517049
    outer loop
      vertex -11.8256 4.89834 12
      vertex -11.6242 5.35884 12
      vertex -14.5049 6.00813 7.2
    endloop
  endfacet
  facet normal -0.784201 0.34307 0.517042
    outer loop
      vertex -11.6242 5.35884 12
      vertex -14.2578 6.57296 7.2
      vertex -14.5049 6.00813 7.2
    endloop
  endfacet
  facet normal -0.855512 0.374206 0.357869
    outer loop
      vertex -9.70073 4.01818 18
      vertex -9.5355 4.39593 18
      vertex -11.8256 4.89834 12
    endloop
  endfacet
  facet normal -0.855528 0.374166 0.357872
    outer loop
      vertex -9.5355 4.39593 18
      vertex -11.6242 5.35884 12
      vertex -11.8256 4.89834 12
    endloop
  endfacet
  facet normal -0.890913 0.389654 -0.233332
    outer loop
      vertex -10.6253 4.89832 23
      vertex -9.70073 4.01818 18
      vertex -10.8094 4.47739 23
    endloop
  endfacet
  facet normal -0.890899 0.389684 -0.233335
    outer loop
      vertex -9.5355 4.39593 18
      vertex -9.70073 4.01818 18
      vertex -10.6253 4.89832 23
    endloop
  endfacet
  facet normal -0.891684 0.389885 -0.229977
    outer loop
      vertex -11.8059 5.44258 28.5
      vertex -10.8094 4.47739 23
      vertex -12.0104 4.97488 28.5
    endloop
  endfacet
  facet normal -0.891643 0.389973 -0.229986
    outer loop
      vertex -10.6253 4.89832 23
      vertex -10.8094 4.47739 23
      vertex -11.8059 5.44258 28.5
    endloop
  endfacet
  facet normal -0.872604 0.381718 0.30472
    outer loop
      vertex -11.2713 4.66874 31
      vertex -11.0793 5.10765 31
      vertex -12.0104 4.97488 28.5
    endloop
  endfacet
  facet normal -0.87266 0.381567 0.304749
    outer loop
      vertex -11.0793 5.10765 31
      vertex -11.8059 5.44258 28.5
      vertex -12.0104 4.97488 28.5
    endloop
  endfacet
  facet normal -0.725475 0.317334 0.610725
    outer loop
      vertex -8.77686 3.63549 34.5
      vertex -8.62736 3.97727 34.5
      vertex -11.2713 4.66874 31
    endloop
  endfacet
  facet normal -0.725467 0.317354 0.610724
    outer loop
      vertex -8.62736 3.97727 34.5
      vertex -11.0793 5.10765 31
      vertex -11.2713 4.66874 31
    endloop
  endfacet
  facet normal -0.732978 0.320666 -0.599931
    outer loop
      vertex -9.98957 4.60526 36.5
      vertex -8.77686 3.63549 34.5
      vertex -10.1627 4.20952 36.5
    endloop
  endfacet
  facet normal -0.733 0.320626 -0.599925
    outer loop
      vertex -8.62736 3.97727 34.5
      vertex -8.77686 3.63549 34.5
      vertex -9.98957 4.60526 36.5
    endloop
  endfacet
  facet normal -0.606212 0.265226 -0.749775
    outer loop
      vertex -11.5334 5.31698 38
      vertex -10.1627 4.20952 36.5
      vertex -11.7333 4.86008 38
    endloop
  endfacet
  facet normal -0.606221 0.265212 -0.749772
    outer loop
      vertex -9.98957 4.60526 36.5
      vertex -10.1627 4.20952 36.5
      vertex -11.5334 5.31698 38
    endloop
  endfacet
  facet normal -0.916215 0.400686 0
    outer loop
      vertex -16.6298 6.8883 0
      vertex -16.3466 7.53587 1.5
      vertex -16.3466 7.53587 0
    endloop
  endfacet
  facet normal -0.916215 0.400686 0
    outer loop
      vertex -16.3466 7.53587 1.5
      vertex -16.6298 6.8883 0
      vertex -16.6298 6.8883 1.5
    endloop
  endfacet
  facet normal -0.601953 0.291947 0.74325
    outer loop
      vertex -15.4384 7.11722 2.39999
      vertex -15.1471 7.71784 2.39999
      vertex -16.3466 7.53587 1.5
    endloop
  endfacet
  facet normal -0.601948 0.292001 0.743232
    outer loop
      vertex -15.1471 7.71784 2.39999
      vertex -16.0381 8.17183 1.5
      vertex -16.3466 7.53587 1.5
    endloop
  endfacet
  facet normal -0.89117 0.432323 0.137524
    outer loop
      vertex -14.9844 6.90789 6
      vertex -14.7016 7.49084 6
      vertex -15.4384 7.11722 2.39999
    endloop
  endfacet
  facet normal -0.89121 0.432236 0.137542
    outer loop
      vertex -14.7016 7.49084 6
      vertex -15.1471 7.71784 2.39999
      vertex -15.4384 7.11722 2.39999
    endloop
  endfacet
  facet normal -0.748681 0.363077 0.554664
    outer loop
      vertex -14.2578 6.57296 7.2
      vertex -13.9888 7.12765 7.2
      vertex -14.9844 6.90789 6
    endloop
  endfacet
  facet normal -0.748657 0.363188 0.554624
    outer loop
      vertex -13.9888 7.12765 7.2
      vertex -14.7016 7.49084 6
      vertex -14.9844 6.90789 6
    endloop
  endfacet
  facet normal -0.77018 0.373484 0.517042
    outer loop
      vertex -11.6242 5.35884 12
      vertex -11.4049 5.81107 12
      vertex -14.2578 6.57296 7.2
    endloop
  endfacet
  facet normal -0.770173 0.3735 0.51704
    outer loop
      vertex -11.4049 5.81107 12
      vertex -13.9888 7.12765 7.2
      vertex -14.2578 6.57296 7.2
    endloop
  endfacet
  facet normal -0.840162 0.4075 0.357872
    outer loop
      vertex -9.5355 4.39593 18
      vertex -9.35557 4.7669 18
      vertex -11.6242 5.35884 12
    endloop
  endfacet
  facet normal -0.840191 0.407434 0.357877
    outer loop
      vertex -9.35557 4.7669 18
      vertex -11.4049 5.81107 12
      vertex -11.6242 5.35884 12
    endloop
  endfacet
  facet normal -0.874911 0.424365 -0.233335
    outer loop
      vertex -10.4248 5.31169 23
      vertex -9.5355 4.39593 18
      vertex -10.6253 4.89832 23
    endloop
  endfacet
  facet normal -0.874915 0.424356 -0.233334
    outer loop
      vertex -9.35557 4.7669 18
      vertex -9.5355 4.39593 18
      vertex -10.4248 5.31169 23
    endloop
  endfacet
  facet normal -0.875612 0.424747 -0.229986
    outer loop
      vertex -11.5831 5.90188 28.5
      vertex -10.6253 4.89832 23
      vertex -11.8059 5.44258 28.5
    endloop
  endfacet
  facet normal -0.875629 0.424713 -0.229982
    outer loop
      vertex -10.4248 5.31169 23
      vertex -10.6253 4.89832 23
      vertex -11.5831 5.90188 28.5
    endloop
  endfacet
  facet normal -0.857 0.415546 0.30475
    outer loop
      vertex -11.0793 5.10765 31
      vertex -10.8703 5.53868 31
      vertex -11.8059 5.44258 28.5
    endloop
  endfacet
  facet normal -0.85694 0.41569 0.304722
    outer loop
      vertex -10.8703 5.53868 31
      vertex -11.5831 5.90188 28.5
      vertex -11.8059 5.44258 28.5
    endloop
  endfacet
  facet normal -0.712458 0.345573 0.610724
    outer loop
      vertex -8.62736 3.97727 34.5
      vertex -8.46456 4.31291 34.5
      vertex -11.0793 5.10765 31
    endloop
  endfacet
  facet normal -0.712497 0.345479 0.610731
    outer loop
      vertex -8.46456 4.31291 34.5
      vertex -10.8703 5.53868 31
      vertex -11.0793 5.10765 31
    endloop
  endfacet
  facet normal -0.719849 0.349153 -0.599925
    outer loop
      vertex -9.80107 4.99389 36.5
      vertex -8.62736 3.97727 34.5
      vertex -9.98957 4.60526 36.5
    endloop
  endfacet
  facet normal -0.719846 0.349157 -0.599925
    outer loop
      vertex -8.46456 4.31291 34.5
      vertex -8.62736 3.97727 34.5
      vertex -9.80107 4.99389 36.5
    endloop
  endfacet
  facet normal -0.595378 0.288732 -0.749773
    outer loop
      vertex -11.3158 5.76568 38
      vertex -9.98957 4.60526 36.5
      vertex -11.5334 5.31698 38
    endloop
  endfacet
  facet normal -0.595353 0.288768 -0.749778
    outer loop
      vertex -9.80107 4.99389 36.5
      vertex -9.98957 4.60526 36.5
      vertex -11.3158 5.76568 38
    endloop
  endfacet
  facet normal -0.899728 0.436452 0
    outer loop
      vertex -16.3466 7.53587 0
      vertex -16.0381 8.17183 1.5
      vertex -16.0381 8.17183 0
    endloop
  endfacet
  facet normal -0.899728 0.436452 0
    outer loop
      vertex -16.0381 8.17183 1.5
      vertex -16.3466 7.53587 0
      vertex -16.3466 7.53587 1.5
    endloop
  endfacet
  facet normal -0.590026 0.315398 0.743232
    outer loop
      vertex -15.1471 7.71784 2.39999
      vertex -14.8324 8.30656 2.39999
      vertex -16.0381 8.17183 1.5
    endloop
  endfacet
  facet normal -0.590027 0.315388 0.743235
    outer loop
      vertex -14.8324 8.30656 2.39999
      vertex -15.7049 8.79518 1.5
      vertex -16.0381 8.17183 1.5
    endloop
  endfacet
  facet normal -0.873555 0.466887 0.137542
    outer loop
      vertex -14.7016 7.49084 6
      vertex -14.3962 8.06225 6
      vertex -15.1471 7.71784 2.39999
    endloop
  endfacet
  facet normal -0.873527 0.466943 0.137531
    outer loop
      vertex -14.3962 8.06225 6
      vertex -14.8324 8.30656 2.39999
      vertex -15.1471 7.71784 2.39999
    endloop
  endfacet
  facet normal -0.733856 0.392235 0.554624
    outer loop
      vertex -13.9888 7.12765 7.2
      vertex -13.6982 7.67135 7.2
      vertex -14.7016 7.49084 6
    endloop
  endfacet
  facet normal -0.733859 0.392224 0.554628
    outer loop
      vertex -13.6982 7.67135 7.2
      vertex -14.3962 8.06225 6
      vertex -14.7016 7.49084 6
    endloop
  endfacet
  facet normal -0.754847 0.403579 0.51704
    outer loop
      vertex -11.4049 5.81107 12
      vertex -11.1679 6.25435 12
      vertex -13.9888 7.12765 7.2
    endloop
  endfacet
  facet normal -0.754893 0.40348 0.517049
    outer loop
      vertex -11.1679 6.25435 12
      vertex -13.6982 7.67135 7.2
      vertex -13.9888 7.12765 7.2
    endloop
  endfacet
  facet normal -0.823509 0.440177 0.357877
    outer loop
      vertex -9.35557 4.7669 18
      vertex -9.16121 5.13052 18
      vertex -11.4049 5.81107 12
    endloop
  endfacet
  facet normal -0.823465 0.440266 0.357871
    outer loop
      vertex -9.16121 5.13052 18
      vertex -11.1679 6.25435 12
      vertex -11.4049 5.81107 12
    endloop
  endfacet
  facet normal -0.857554 0.458429 -0.233334
    outer loop
      vertex -10.2082 5.71687 23
      vertex -9.35557 4.7669 18
      vertex -10.4248 5.31169 23
    endloop
  endfacet
  facet normal -0.857577 0.458387 -0.23333
    outer loop
      vertex -9.16121 5.13052 18
      vertex -9.35557 4.7669 18
      vertex -10.2082 5.71687 23
    endloop
  endfacet
  facet normal -0.858231 0.458854 -0.229982
    outer loop
      vertex -11.3424 6.35208 28.5
      vertex -10.4248 5.31169 23
      vertex -11.5831 5.90188 28.5
    endloop
  endfacet
  facet normal -0.858259 0.458806 -0.229977
    outer loop
      vertex -10.2082 5.71687 23
      vertex -10.4248 5.31169 23
      vertex -11.3424 6.35208 28.5
    endloop
  endfacet
  facet normal -0.839921 0.449085 0.304721
    outer loop
      vertex -10.8703 5.53868 31
      vertex -10.6444 5.96118 31
      vertex -11.5831 5.90188 28.5
    endloop
  endfacet
  facet normal -0.839929 0.449069 0.304724
    outer loop
      vertex -10.6444 5.96118 31
      vertex -11.3424 6.35208 28.5
      vertex -11.5831 5.90188 28.5
    endloop
  endfacet
  facet normal -0.698337 0.373271 0.610732
    outer loop
      vertex -8.46456 4.31291 34.5
      vertex -8.28871 4.6419 34.5
      vertex -10.8703 5.53868 31
    endloop
  endfacet
  facet normal -0.698296 0.373361 0.610725
    outer loop
      vertex -8.28871 4.6419 34.5
      vertex -10.6444 5.96118 31
      vertex -10.8703 5.53868 31
    endloop
  endfacet
  facet normal -0.705591 0.377134 -0.599925
    outer loop
      vertex -9.59746 5.37483 36.5
      vertex -8.46456 4.31291 34.5
      vertex -9.80107 4.99389 36.5
    endloop
  endfacet
  facet normal -0.705584 0.377145 -0.599927
    outer loop
      vertex -8.28871 4.6419 34.5
      vertex -8.46456 4.31291 34.5
      vertex -9.59746 5.37483 36.5
    endloop
  endfacet
  facet normal -0.583549 0.311935 -0.749778
    outer loop
      vertex -11.0807 6.20549 38
      vertex -9.80107 4.99389 36.5
      vertex -11.3158 5.76568 38
    endloop
  endfacet
  facet normal -0.583566 0.311912 -0.749774
    outer loop
      vertex -9.59746 5.37483 36.5
      vertex -9.80107 4.99389 36.5
      vertex -11.0807 6.20549 38
    endloop
  endfacet
  facet normal -0.881914 0.47141 0
    outer loop
      vertex -16.0381 8.17183 0
      vertex -15.7049 8.79518 1.5
      vertex -15.7049 8.79518 0
    endloop
  endfacet
  facet normal -0.881914 0.47141 0
    outer loop
      vertex -15.7049 8.79518 1.5
      vertex -16.0381 8.17183 0
      vertex -16.0381 8.17183 1.5
    endloop
  endfacet
  facet normal -0.577216 0.338265 0.743235
    outer loop
      vertex -14.8324 8.30656 2.39999
      vertex -14.4949 8.88247 2.39999
      vertex -15.7049 8.79518 1.5
    endloop
  endfacet
  facet normal -0.577209 0.338304 0.743222
    outer loop
      vertex -14.4949 8.88247 2.39999
      vertex -15.3475 9.40497 1.5
      vertex -15.7049 8.79518 1.5
    endloop
  endfacet
  facet normal -0.854552 0.500825 0.137531
    outer loop
      vertex -14.3962 8.06225 6
      vertex -14.0686 8.62123 6
      vertex -14.8324 8.30656 2.39999
    endloop
  endfacet
  facet normal -0.854566 0.5008 0.137536
    outer loop
      vertex -14.0686 8.62123 6
      vertex -14.4949 8.88247 2.39999
      vertex -14.8324 8.30656 2.39999
    endloop
  endfacet
  facet normal -0.717845 0.420817 0.554628
    outer loop
      vertex -13.6982 7.67135 7.2
      vertex -13.3864 8.20323 7.2
      vertex -14.3962 8.06225 6
    endloop
  endfacet
  facet normal -0.717873 0.420722 0.554663
    outer loop
      vertex -13.3864 8.20323 7.2
      vertex -14.0686 8.62123 6
      vertex -14.3962 8.06225 6
    endloop
  endfacet
  facet normal -0.738498 0.432758 0.51705
    outer loop
      vertex -11.1679 6.25435 12
      vertex -10.9138 6.68797 12
      vertex -13.6982 7.67135 7.2
    endloop
  endfacet
  facet normal -0.738432 0.432886 0.517038
    outer loop
      vertex -10.9138 6.68797 12
      vertex -13.3864 8.20323 7.2
      vertex -13.6982 7.67135 7.2
    endloop
  endfacet
  facet normal -0.805592 0.472176 0.35787
    outer loop
      vertex -9.16121 5.13052 18
      vertex -8.95272 5.48623 18
      vertex -11.1679 6.25435 12
    endloop
  endfacet
  facet normal -0.805635 0.472099 0.357876
    outer loop
      vertex -8.95272 5.48623 18
      vertex -10.9138 6.68797 12
      vertex -11.1679 6.25435 12
    endloop
  endfacet
  facet normal -0.838921 0.491699 -0.23333
    outer loop
      vertex -9.97589 6.11323 23
      vertex -9.16121 5.13052 18
      vertex -10.2082 5.71687 23
    endloop
  endfacet
  facet normal -0.838916 0.491708 -0.233331
    outer loop
      vertex -8.95272 5.48623 18
      vertex -9.16121 5.13052 18
      vertex -9.97589 6.11323 23
    endloop
  endfacet
  facet normal -0.839629 0.492071 -0.229977
    outer loop
      vertex -11.0843 6.79248 28.5
      vertex -10.2082 5.71687 23
      vertex -11.3424 6.35208 28.5
    endloop
  endfacet
  facet normal -0.83961 0.492102 -0.22998
    outer loop
      vertex -9.97589 6.11323 23
      vertex -10.2082 5.71687 23
      vertex -11.0843 6.79248 28.5
    endloop
  endfacet
  facet normal -0.821737 0.48155 0.304724
    outer loop
      vertex -10.6444 5.96118 31
      vertex -10.4022 6.37448 31
      vertex -11.3424 6.35208 28.5
    endloop
  endfacet
  facet normal -0.821723 0.481578 0.304719
    outer loop
      vertex -10.4022 6.37448 31
      vertex -11.0843 6.79248 28.5
      vertex -11.3424 6.35208 28.5
    endloop
  endfacet
  facet normal -0.683154 0.400396 0.610724
    outer loop
      vertex -8.28871 4.6419 34.5
      vertex -8.10008 4.96374 34.5
      vertex -10.6444 5.96118 31
    endloop
  endfacet
  facet normal -0.683177 0.400352 0.610728
    outer loop
      vertex -8.10008 4.96374 34.5
      vertex -10.4022 6.37448 31
      vertex -10.6444 5.96118 31
    endloop
  endfacet
  facet normal -0.69023 0.404562 -0.599927
    outer loop
      vertex -9.37904 5.74748 36.5
      vertex -8.28871 4.6419 34.5
      vertex -9.59746 5.37483 36.5
    endloop
  endfacet
  facet normal -0.69024 0.404549 -0.599925
    outer loop
      vertex -8.10008 4.96374 34.5
      vertex -8.28871 4.6419 34.5
      vertex -9.37904 5.74748 36.5
    endloop
  endfacet
  facet normal -0.570848 0.334622 -0.749774
    outer loop
      vertex -10.8285 6.63573 38
      vertex -9.59746 5.37483 36.5
      vertex -11.0807 6.20549 38
    endloop
  endfacet
  facet normal -0.570866 0.3346 -0.74977
    outer loop
      vertex -9.37904 5.74748 36.5
      vertex -9.59746 5.37483 36.5
      vertex -10.8285 6.63573 38
    endloop
  endfacet
  facet normal -0.862737 0.505653 0
    outer loop
      vertex -15.7049 8.79518 0
      vertex -15.3475 9.40497 1.5
      vertex -15.3475 9.40497 0
    endloop
  endfacet
  facet normal -0.862737 0.505653 0
    outer loop
      vertex -15.3475 9.40497 1.5
      vertex -15.7049 8.79518 0
      vertex -15.7049 8.79518 1.5
    endloop
  endfacet
  facet normal -0.563481 0.360707 0.743223
    outer loop
      vertex -14.4949 8.88247 2.39999
      vertex -14.135 9.44469 2.39999
      vertex -15.3475 9.40497 1.5
    endloop
  endfacet
  facet normal -0.563497 0.360628 0.743249
    outer loop
      vertex -14.135 9.44469 2.39999
      vertex -14.9665 10.0003 1.5
      vertex -15.3475 9.40497 1.5
    endloop
  endfacet
  facet normal -0.834153 0.53411 0.137536
    outer loop
      vertex -14.0686 8.62123 6
      vertex -13.7192 9.16691 6
      vertex -14.4949 8.88247 2.39999
    endloop
  endfacet
  facet normal -0.834211 0.534013 0.137556
    outer loop
      vertex -13.7192 9.16691 6
      vertex -14.135 9.44469 2.39999
      vertex -14.4949 8.88247 2.39999
    endloop
  endfacet
  facet normal -0.700834 0.448532 0.554663
    outer loop
      vertex -13.3864 8.20323 7.2
      vertex -13.0541 8.72245 7.2
      vertex -14.0686 8.62123 6
    endloop
  endfacet
  facet normal -0.700774 0.448707 0.554597
    outer loop
      vertex -13.0541 8.72245 7.2
      vertex -13.7192 9.16691 6
      vertex -14.0686 8.62123 6
    endloop
  endfacet
  facet normal -0.720895 0.461501 0.517037
    outer loop
      vertex -10.9138 6.68797 12
      vertex -10.6428 7.11129 12
      vertex -13.3864 8.20323 7.2
    endloop
  endfacet
  facet normal -0.720949 0.461406 0.517046
    outer loop
      vertex -10.6428 7.11129 12
      vertex -13.0541 8.72245 7.2
      vertex -13.3864 8.20323 7.2
    endloop
  endfacet
  facet normal -0.786442 0.503422 0.357876
    outer loop
      vertex -8.95272 5.48623 18
      vertex -8.73043 5.83349 18
      vertex -10.9138 6.68797 12
    endloop
  endfacet
  facet normal -0.786424 0.503451 0.357874
    outer loop
      vertex -8.73043 5.83349 18
      vertex -10.6428 7.11129 12
      vertex -10.9138 6.68797 12
    endloop
  endfacet
  facet normal -0.818966 0.524262 -0.233331
    outer loop
      vertex -9.72819 6.50017 23
      vertex -8.95272 5.48623 18
      vertex -9.97589 6.11323 23
    endloop
  endfacet
  facet normal -0.818976 0.524248 -0.233329
    outer loop
      vertex -8.73043 5.83349 18
      vertex -8.95272 5.48623 18
      vertex -9.72819 6.50017 23
    endloop
  endfacet
  facet normal -0.819656 0.524665 -0.229981
    outer loop
      vertex -10.8091 7.22241 28.5
      vertex -9.97589 6.11323 23
      vertex -11.0843 6.79248 28.5
    endloop
  endfacet
  facet normal -0.819638 0.524692 -0.229983
    outer loop
      vertex -9.72819 6.50017 23
      vertex -9.97589 6.11323 23
      vertex -10.8091 7.22241 28.5
    endloop
  endfacet
  facet normal -0.802149 0.51352 0.304719
    outer loop
      vertex -10.4022 6.37448 31
      vertex -10.1439 6.77796 31
      vertex -11.0843 6.79248 28.5
    endloop
  endfacet
  facet normal -0.802174 0.513475 0.304728
    outer loop
      vertex -10.1439 6.77796 31
      vertex -10.8091 7.22241 28.5
      vertex -11.0843 6.79248 28.5
    endloop
  endfacet
  facet normal -0.666901 0.426912 0.610728
    outer loop
      vertex -8.10008 4.96374 34.5
      vertex -7.89896 5.27792 34.5
      vertex -10.4022 6.37448 31
    endloop
  endfacet
  facet normal -0.666891 0.42693 0.610727
    outer loop
      vertex -7.89896 5.27792 34.5
      vertex -10.1439 6.77796 31
      vertex -10.4022 6.37448 31
    endloop
  endfacet
  facet normal -0.673819 0.431345 -0.599925
    outer loop
      vertex -9.14616 6.11127 36.5
      vertex -8.10008 4.96374 34.5
      vertex -9.37904 5.74748 36.5
    endloop
  endfacet
  facet normal -0.673821 0.431342 -0.599924
    outer loop
      vertex -7.89896 5.27792 34.5
      vertex -8.10008 4.96374 34.5
      vertex -9.14616 6.11127 36.5
    endloop
  endfacet
  facet normal -0.557333 0.356684 -0.749771
    outer loop
      vertex -10.5597 7.05574 38
      vertex -9.37904 5.74748 36.5
      vertex -10.8285 6.63573 38
    endloop
  endfacet
  facet normal -0.557281 0.356743 -0.749781
    outer loop
      vertex -9.14616 6.11127 36.5
      vertex -9.37904 5.74748 36.5
      vertex -10.5597 7.05574 38
    endloop
  endfacet
  facet normal -0.842279 0.539042 0
    outer loop
      vertex -15.3475 9.40497 0
      vertex -14.9665 10.0003 1.5
      vertex -14.9665 10.0003 0
    endloop
  endfacet
  facet normal -0.842279 0.539042 0
    outer loop
      vertex -14.9665 10.0003 1.5
      vertex -15.3475 9.40497 0
      vertex -15.3475 9.40497 1.5
    endloop
  endfacet
  facet normal -0.548859 0.382536 0.74325
    outer loop
      vertex -14.135 9.44469 2.39999
      vertex -13.7533 9.99235 2.39999
      vertex -14.9665 10.0003 1.5
    endloop
  endfacet
  facet normal -0.548839 0.382616 0.743223
    outer loop
      vertex -13.7533 9.99235 2.39999
      vertex -14.5623 10.5801 1.5
      vertex -14.9665 10.0003 1.5
    endloop
  endfacet
  facet normal -0.812653 0.566281 0.137556
    outer loop
      vertex -13.7192 9.16691 6
      vertex -13.3488 9.69846 6
      vertex -14.135 9.44469 2.39999
    endloop
  endfacet
  facet normal -0.812603 0.566356 0.13754
    outer loop
      vertex -13.3488 9.69846 6
      vertex -13.7533 9.99235 2.39999
      vertex -14.135 9.44469 2.39999
    endloop
  endfacet
  facet normal -0.682677 0.475787 0.554597
    outer loop
      vertex -13.0541 8.72245 7.2
      vertex -12.7016 9.22823 7.2
      vertex -13.7192 9.16691 6
    endloop
  endfacet
  facet normal -0.682701 0.475726 0.554621
    outer loop
      vertex -12.7016 9.22823 7.2
      vertex -13.3488 9.69846 6
      vertex -13.7192 9.16691 6
    endloop
  endfacet
  facet normal -0.702222 0.489435 0.517047
    outer loop
      vertex -10.6428 7.11129 12
      vertex -10.3554 7.52364 12
      vertex -13.0541 8.72245 7.2
    endloop
  endfacet
  facet normal -0.702233 0.489417 0.517049
    outer loop
      vertex -10.3554 7.52364 12
      vertex -12.7016 9.22823 7.2
      vertex -13.0541 8.72245 7.2
    endloop
  endfacet
  facet normal -0.766063 0.533923 0.357874
    outer loop
      vertex -8.73043 5.83349 18
      vertex -8.49468 6.17174 18
      vertex -10.6428 7.11129 12
    endloop
  endfacet
  facet normal -0.766059 0.533929 0.357873
    outer loop
      vertex -8.49468 6.17174 18
      vertex -10.3554 7.52364 12
      vertex -10.6428 7.11129 12
    endloop
  endfacet
  facet normal -0.797758 0.556003 -0.233329
    outer loop
      vertex -9.4655 6.87708 23
      vertex -8.73043 5.83349 18
      vertex -9.72819 6.50017 23
    endloop
  endfacet
  facet normal -0.797753 0.55601 -0.23333
    outer loop
      vertex -8.49468 6.17174 18
      vertex -8.73043 5.83349 18
      vertex -9.4655 6.87708 23
    endloop
  endfacet
  facet normal -0.798399 0.556477 -0.229983
    outer loop
      vertex -10.5172 7.64121 28.5
      vertex -9.72819 6.50017 23
      vertex -10.8091 7.22241 28.5
    endloop
  endfacet
  facet normal -0.798412 0.556459 -0.229981
    outer loop
      vertex -9.4655 6.87708 23
      vertex -9.72819 6.50017 23
      vertex -10.5172 7.64121 28.5
    endloop
  endfacet
  facet normal -0.781401 0.544567 0.304728
    outer loop
      vertex -10.1439 6.77796 31
      vertex -9.87 7.17098 31
      vertex -10.8091 7.22241 28.5
    endloop
  endfacet
  facet normal -0.781374 0.544611 0.304719
    outer loop
      vertex -9.87 7.17098 31
      vertex -10.5172 7.64121 28.5
      vertex -10.8091 7.22241 28.5
    endloop
  endfacet
  facet normal -0.649626 0.452768 0.610726
    outer loop
      vertex -7.89896 5.27792 34.5
      vertex -7.68566 5.58396 34.5
      vertex -10.1439 6.77796 31
    endloop
  endfacet
  facet normal -0.649642 0.452743 0.610729
    outer loop
      vertex -7.68566 5.58396 34.5
      vertex -9.87 7.17098 31
      vertex -10.1439 6.77796 31
    endloop
  endfacet
  facet normal -0.656378 0.457448 -0.599924
    outer loop
      vertex -8.89919 6.46564 36.5
      vertex -7.89896 5.27792 34.5
      vertex -9.14616 6.11127 36.5
    endloop
  endfacet
  facet normal -0.656364 0.457464 -0.599927
    outer loop
      vertex -7.68566 5.58396 34.5
      vertex -7.89896 5.27792 34.5
      vertex -8.89919 6.46564 36.5
    endloop
  endfacet
  facet normal -0.542816 0.378391 -0.749781
    outer loop
      vertex -10.2745 7.46487 38
      vertex -9.14616 6.11127 36.5
      vertex -10.5597 7.05574 38
    endloop
  endfacet
  facet normal -0.542866 0.378338 -0.749771
    outer loop
      vertex -8.89919 6.46564 36.5
      vertex -9.14616 6.11127 36.5
      vertex -10.2745 7.46487 38
    endloop
  endfacet
  facet normal -0.820334 0.571885 0
    outer loop
      vertex -14.9665 10.0003 0
      vertex -14.5623 10.5801 1.5
      vertex -14.5623 10.5801 0
    endloop
  endfacet
  facet normal -0.820334 0.571885 0
    outer loop
      vertex -14.5623 10.5801 1.5
      vertex -14.9665 10.0003 0
      vertex -14.9665 10.0003 1.5
    endloop
  endfacet
  facet normal -0.533444 0.403804 0.743222
    outer loop
      vertex -13.7533 9.99235 2.39999
      vertex -13.3504 10.5246 2.39999
      vertex -14.5623 10.5801 1.5
    endloop
  endfacet
  facet normal -0.533452 0.40378 0.74323
    outer loop
      vertex -13.3504 10.5246 2.39999
      vertex -14.1357 11.1437 1.5
      vertex -14.5623 10.5801 1.5
    endloop
  endfacet
  facet normal -0.789677 0.597907 0.137539
    outer loop
      vertex -13.3488 9.69846 6
      vertex -12.9577 10.215 6
      vertex -13.7533 9.99235 2.39999
    endloop
  endfacet
  facet normal -0.789743 0.597816 0.13756
    outer loop
      vertex -12.9577 10.215 6
      vertex -13.3504 10.5246 2.39999
      vertex -13.7533 9.99235 2.39999
    endloop
  endfacet
  facet normal -0.663444 0.502233 0.554621
    outer loop
      vertex -12.7016 9.22823 7.2
      vertex -12.3295 9.71977 7.2
      vertex -13.3488 9.69846 6
    endloop
  endfacet
  facet normal -0.663412 0.502305 0.554593
    outer loop
      vertex -12.3295 9.71977 7.2
      vertex -12.9577 10.215 6
      vertex -13.3488 9.69846 6
    endloop
  endfacet
  facet normal -0.682439 0.516661 0.517048
    outer loop
      vertex -10.3554 7.52364 12
      vertex -10.052 7.92439 12
      vertex -12.7016 9.22823 7.2
    endloop
  endfacet
  facet normal -0.682461 0.516629 0.517052
    outer loop
      vertex -10.052 7.92439 12
      vertex -12.3295 9.71977 7.2
      vertex -12.7016 9.22823 7.2
    endloop
  endfacet
  facet normal -0.744522 0.563572 0.357873
    outer loop
      vertex -8.49468 6.17174 18
      vertex -8.24583 6.50049 18
      vertex -10.3554 7.52364 12
    endloop
  endfacet
  facet normal -0.74448 0.563631 0.357869
    outer loop
      vertex -8.24583 6.50049 18
      vertex -10.052 7.92439 12
      vertex -10.3554 7.52364 12
    endloop
  endfacet
  facet normal -0.77531 0.5869 -0.23333
    outer loop
      vertex -9.1882 7.2434 23
      vertex -8.49468 6.17174 18
      vertex -9.4655 6.87708 23
    endloop
  endfacet
  facet normal -0.775321 0.586886 -0.233329
    outer loop
      vertex -8.24583 6.50049 18
      vertex -8.49468 6.17174 18
      vertex -9.1882 7.2434 23
    endloop
  endfacet
  facet normal -0.775947 0.587379 -0.229981
    outer loop
      vertex -10.2091 8.04822 28.5
      vertex -9.4655 6.87708 23
      vertex -10.5172 7.64121 28.5
    endloop
  endfacet
  facet normal -0.775945 0.587382 -0.229982
    outer loop
      vertex -9.1882 7.2434 23
      vertex -9.4655 6.87708 23
      vertex -10.2091 8.04822 28.5
    endloop
  endfacet
  facet normal -0.759398 0.574857 0.304719
    outer loop
      vertex -9.87 7.17098 31
      vertex -9.58086 7.55294 31
      vertex -10.5172 7.64121 28.5
    endloop
  endfacet
  facet normal -0.7594 0.574854 0.30472
    outer loop
      vertex -9.58086 7.55294 31
      vertex -10.2091 8.04822 28.5
      vertex -10.5172 7.64121 28.5
    endloop
  endfacet
  facet normal -0.631349 0.477921 0.610729
    outer loop
      vertex -7.68566 5.58396 34.5
      vertex -7.46051 5.88139 34.5
      vertex -9.87 7.17098 31
    endloop
  endfacet
  facet normal -0.631347 0.477924 0.610729
    outer loop
      vertex -7.46051 5.88139 34.5
      vertex -9.58086 7.55294 31
      vertex -9.87 7.17098 31
    endloop
  endfacet
  facet normal -0.637897 0.482882 -0.599927
    outer loop
      vertex -8.63849 6.81003 36.5
      vertex -7.68566 5.58396 34.5
      vertex -8.89919 6.46564 36.5
    endloop
  endfacet
  facet normal -0.637899 0.48288 -0.599927
    outer loop
      vertex -7.46051 5.88139 34.5
      vertex -7.68566 5.58396 34.5
      vertex -8.63849 6.81003 36.5
    endloop
  endfacet
  facet normal -0.527592 0.399362 -0.749771
    outer loop
      vertex -9.97352 7.86249 38
      vertex -8.89919 6.46564 36.5
      vertex -10.2745 7.46487 38
    endloop
  endfacet
  facet normal -0.52758 0.399373 -0.749773
    outer loop
      vertex -8.63849 6.81003 36.5
      vertex -8.89919 6.46564 36.5
      vertex -9.97352 7.86249 38
    endloop
  endfacet
  facet normal -0.797344 0.603525 0
    outer loop
      vertex -14.5623 10.5801 0
      vertex -14.1357 11.1437 1.5
      vertex -14.1357 11.1437 0
    endloop
  endfacet
  facet normal -0.797344 0.603525 0
    outer loop
      vertex -14.1357 11.1437 1.5
      vertex -14.5623 10.5801 0
      vertex -14.5623 10.5801 1.5
    endloop
  endfacet
  facet normal -0.517157 0.424449 0.74323
    outer loop
      vertex -13.3504 10.5246 2.39999
      vertex -12.9269 11.0406 2.39999
      vertex -14.1357 11.1437 1.5
    endloop
  endfacet
  facet normal -0.517169 0.424412 0.743243
    outer loop
      vertex -12.9269 11.0406 2.39999
      vertex -13.6873 11.6901 1.5
      vertex -14.1357 11.1437 1.5
    endloop
  endfacet
  facet normal -0.76572 0.628291 0.13756
    outer loop
      vertex -12.9577 10.215 6
      vertex -12.5467 10.7159 6
      vertex -13.3504 10.5246 2.39999
    endloop
  endfacet
  facet normal -0.765643 0.628391 0.137537
    outer loop
      vertex -12.5467 10.7159 6
      vertex -12.9269 11.0406 2.39999
      vertex -13.3504 10.5246 2.39999
    endloop
  endfacet
  facet normal -0.643225 0.52791 0.554592
    outer loop
      vertex -12.3295 9.71977 7.2
      vertex -11.9384 10.1963 7.2
      vertex -12.9577 10.215 6
    endloop
  endfacet
  facet normal -0.643269 0.527817 0.554629
    outer loop
      vertex -11.9384 10.1963 7.2
      vertex -12.5467 10.7159 6
      vertex -12.9577 10.215 6
    endloop
  endfacet
  facet normal -0.661709 0.542954 0.517052
    outer loop
      vertex -10.052 7.92439 12
      vertex -9.73319 8.31293 12
      vertex -12.3295 9.71977 7.2
    endloop
  endfacet
  facet normal -0.66165 0.543033 0.517044
    outer loop
      vertex -9.73319 8.31293 12
      vertex -11.9384 10.1963 7.2
      vertex -12.3295 9.71977 7.2
    endloop
  endfacet
  facet normal -0.721803 0.592394 0.357868
    outer loop
      vertex -8.24583 6.50049 18
      vertex -7.98426 6.8192 18
      vertex -10.052 7.92439 12
    endloop
  endfacet
  facet normal -0.721865 0.592314 0.357875
    outer loop
      vertex -7.98426 6.8192 18
      vertex -9.73319 8.31293 12
      vertex -10.052 7.92439 12
    endloop
  endfacet
  facet normal -0.75168 0.616875 -0.233329
    outer loop
      vertex -8.89675 7.59854 23
      vertex -8.24583 6.50049 18
      vertex -9.1882 7.2434 23
    endloop
  endfacet
  facet normal -0.75166 0.616898 -0.233331
    outer loop
      vertex -7.98426 6.8192 18
      vertex -8.24583 6.50049 18
      vertex -8.89675 7.59854 23
    endloop
  endfacet
  facet normal -0.752308 0.617366 -0.229982
    outer loop
      vertex -9.88528 8.44282 28.5
      vertex -9.1882 7.2434 23
      vertex -10.2091 8.04822 28.5
    endloop
  endfacet
  facet normal -0.752296 0.617381 -0.229983
    outer loop
      vertex -8.89675 7.59854 23
      vertex -9.1882 7.2434 23
      vertex -9.88528 8.44282 28.5
    endloop
  endfacet
  facet normal -0.736251 0.604218 0.30472
    outer loop
      vertex -9.58086 7.55294 31
      vertex -9.27695 7.92326 31
      vertex -10.2091 8.04822 28.5
    endloop
  endfacet
  facet normal -0.736265 0.6042 0.304724
    outer loop
      vertex -9.27695 7.92326 31
      vertex -9.88528 8.44282 28.5
      vertex -10.2091 8.04822 28.5
    endloop
  endfacet
  facet normal -0.61211 0.502326 0.610729
    outer loop
      vertex -7.46051 5.88139 34.5
      vertex -7.22386 6.16976 34.5
      vertex -9.58086 7.55294 31
    endloop
  endfacet
  facet normal -0.612104 0.502335 0.610728
    outer loop
      vertex -7.22386 6.16976 34.5
      vertex -9.27695 7.92326 31
      vertex -9.58086 7.55294 31
    endloop
  endfacet
  facet normal -0.618446 0.507555 -0.599927
    outer loop
      vertex -8.36446 7.14393 36.5
      vertex -7.46051 5.88139 34.5
      vertex -8.63849 6.81003 36.5
    endloop
  endfacet
  facet normal -0.618462 0.507539 -0.599924
    outer loop
      vertex -7.22386 6.16976 34.5
      vertex -7.46051 5.88139 34.5
      vertex -8.36446 7.14393 36.5
    endloop
  endfacet
  facet normal -0.511498 0.419773 -0.749773
    outer loop
      vertex -9.65715 8.24799 38
      vertex -8.63849 6.81003 36.5
      vertex -9.97352 7.86249 38
    endloop
  endfacet
  facet normal -0.511492 0.419779 -0.749774
    outer loop
      vertex -8.36446 7.14393 36.5
      vertex -8.63849 6.81003 36.5
      vertex -9.65715 8.24799 38
    endloop
  endfacet
  facet normal -0.773024 0.634377 0
    outer loop
      vertex -14.1357 11.1437 0
      vertex -13.6873 11.6901 1.5
      vertex -13.6873 11.6901 0
    endloop
  endfacet
  facet normal -0.773024 0.634377 0
    outer loop
      vertex -13.6873 11.6901 1.5
      vertex -14.1357 11.1437 0
      vertex -14.1357 11.1437 1.5
    endloop
  endfacet
  facet normal -0.50011 0.444386 0.743244
    outer loop
      vertex -12.9269 11.0406 2.39999
      vertex -12.4835 11.5396 2.39999
      vertex -13.6873 11.6901 1.5
    endloop
  endfacet
  facet normal -0.500092 0.444432 0.743228
    outer loop
      vertex -12.4835 11.5396 2.39999
      vertex -13.2178 12.2184 1.5
      vertex -13.6873 11.6901 1.5
    endloop
  endfacet
  facet normal -0.740374 0.657974 0.137537
    outer loop
      vertex -12.5467 10.7159 6
      vertex -12.1163 11.2002 6
      vertex -12.9269 11.0406 2.39999
    endloop
  endfacet
  facet normal -0.74042 0.65792 0.13755
    outer loop
      vertex -12.1163 11.2002 6
      vertex -12.4835 11.5396 2.39999
      vertex -12.9269 11.0406 2.39999
    endloop
  endfacet
  facet normal -0.622043 0.552672 0.554631
    outer loop
      vertex -11.9384 10.1963 7.2
      vertex -11.5289 10.6572 7.2
      vertex -12.5467 10.7159 6
    endloop
  endfacet
  facet normal -0.621992 0.552768 0.554593
    outer loop
      vertex -11.5289 10.6572 7.2
      vertex -12.1163 11.2002 6
      vertex -12.5467 10.7159 6
    endloop
  endfacet
  facet normal -0.639832 0.568579 0.517043
    outer loop
      vertex -9.73319 8.31293 12
      vertex -9.39932 8.68864 12
      vertex -11.9384 10.1963 7.2
    endloop
  endfacet
  facet normal -0.639879 0.568519 0.51705
    outer loop
      vertex -9.39932 8.68864 12
      vertex -11.5289 10.6572 7.2
      vertex -11.9384 10.1963 7.2
    endloop
  endfacet
  facet normal -0.698014 0.620243 0.357876
    outer loop
      vertex -7.98426 6.8192 18
      vertex -7.71039 7.12741 18
      vertex -9.73319 8.31293 12
    endloop
  endfacet
  facet normal -0.697996 0.620265 0.357874
    outer loop
      vertex -7.71039 7.12741 18
      vertex -9.39932 8.68864 12
      vertex -9.73319 8.31293 12
    endloop
  endfacet
  facet normal -0.726875 0.645918 -0.233331
    outer loop
      vertex -8.59157 7.94197 23
      vertex -7.98426 6.8192 18
      vertex -8.89675 7.59854 23
    endloop
  endfacet
  facet normal -0.72689 0.645901 -0.233329
    outer loop
      vertex -7.71039 7.12741 18
      vertex -7.98426 6.8192 18
      vertex -8.59157 7.94197 23
    endloop
  endfacet
  facet normal -0.72747 0.646448 -0.229983
    outer loop
      vertex -9.54619 8.82441 28.5
      vertex -8.89675 7.59854 23
      vertex -9.88528 8.44282 28.5
    endloop
  endfacet
  facet normal -0.72747 0.646447 -0.229983
    outer loop
      vertex -8.59157 7.94197 23
      vertex -8.89675 7.59854 23
      vertex -9.54619 8.82441 28.5
    endloop
  endfacet
  facet normal -0.711962 0.632656 0.304724
    outer loop
      vertex -9.27695 7.92326 31
      vertex -8.95873 8.28137 31
      vertex -9.88528 8.44282 28.5
    endloop
  endfacet
  facet normal -0.711957 0.632662 0.304723
    outer loop
      vertex -8.95873 8.28137 31
      vertex -9.54619 8.82441 28.5
      vertex -9.88528 8.44282 28.5
    endloop
  endfacet
  facet normal -0.591899 0.525991 0.610728
    outer loop
      vertex -7.22386 6.16976 34.5
      vertex -6.97606 6.44861 34.5
      vertex -9.27695 7.92326 31
    endloop
  endfacet
  facet normal -0.59191 0.525977 0.610729
    outer loop
      vertex -6.97606 6.44861 34.5
      vertex -8.95873 8.28137 31
      vertex -9.27695 7.92326 31
    endloop
  endfacet
  facet normal -0.598057 0.531431 -0.599924
    outer loop
      vertex -8.07755 7.46681 36.5
      vertex -7.22386 6.16976 34.5
      vertex -8.36446 7.14393 36.5
    endloop
  endfacet
  facet normal -0.598039 0.531448 -0.599927
    outer loop
      vertex -6.97606 6.44861 34.5
      vertex -7.22386 6.16976 34.5
      vertex -8.07755 7.46681 36.5
    endloop
  endfacet
  facet normal -0.494622 0.439531 -0.749774
    outer loop
      vertex -9.32589 8.62077 38
      vertex -8.36446 7.14393 36.5
      vertex -9.65715 8.24799 38
    endloop
  endfacet
  facet normal -0.494629 0.439525 -0.749773
    outer loop
      vertex -8.07755 7.46681 36.5
      vertex -8.36446 7.14393 36.5
      vertex -9.32589 8.62077 38
    endloop
  endfacet
  facet normal -0.74748 0.664285 0
    outer loop
      vertex -13.6873 11.6901 0
      vertex -13.2178 12.2184 1.5
      vertex -13.2178 12.2184 0
    endloop
  endfacet
  facet normal -0.74748 0.664285 0
    outer loop
      vertex -13.2178 12.2184 1.5
      vertex -13.6873 11.6901 0
      vertex -13.6873 11.6901 1.5
    endloop
  endfacet
  facet normal -0.482261 0.46372 0.743228
    outer loop
      vertex -12.4835 11.5396 2.39999
      vertex -12.0208 12.0208 2.39999
      vertex -13.2178 12.2184 1.5
    endloop
  endfacet
  facet normal -0.482265 0.463712 0.743231
    outer loop
      vertex -12.0208 12.0208 2.39999
      vertex -12.7279 12.7279 1.5
      vertex -13.2178 12.2184 1.5
    endloop
  endfacet
  facet normal -0.714084 0.686414 0.13755
    outer loop
      vertex -12.1163 11.2002 6
      vertex -11.6673 11.6673 6
      vertex -12.4835 11.5396 2.39999
    endloop
  endfacet
  facet normal -0.713979 0.686529 0.137522
    outer loop
      vertex -11.6673 11.6673 6
      vertex -12.0208 12.0208 2.39999
      vertex -12.4835 11.5396 2.39999
    endloop
  endfacet
  facet normal -0.599826 0.576746 0.554592
    outer loop
      vertex -11.5289 10.6572 7.2
      vertex -11.1016 11.1016 7.2
      vertex -12.1163 11.2002 6
    endloop
  endfacet
  facet normal -0.599887 0.576642 0.554635
    outer loop
      vertex -11.1016 11.1016 7.2
      vertex -11.6673 11.6673 6
      vertex -12.1163 11.2002 6
    endloop
  endfacet
  facet normal -0.617022 0.593248 0.51705
    outer loop
      vertex -9.39932 8.68864 12
      vertex -9.05096 9.05096 12
      vertex -11.5289 10.6572 7.2
    endloop
  endfacet
  facet normal -0.617007 0.593265 0.517048
    outer loop
      vertex -9.05096 9.05096 12
      vertex -11.1016 11.1016 7.2
      vertex -11.5289 10.6572 7.2
    endloop
  endfacet
  facet normal -0.673102 0.647194 0.357874
    outer loop
      vertex -7.71039 7.12741 18
      vertex -7.42462 7.42462 18
      vertex -9.39932 8.68864 12
    endloop
  endfacet
  facet normal -0.673115 0.64718 0.357875
    outer loop
      vertex -7.42462 7.42462 18
      vertex -9.05096 9.05096 12
      vertex -9.39932 8.68864 12
    endloop
  endfacet
  facet normal -0.70096 0.673953 -0.233329
    outer loop
      vertex -8.27315 8.27315 23
      vertex -7.71039 7.12741 18
      vertex -8.59157 7.94197 23
    endloop
  endfacet
  facet normal -0.700947 0.673966 -0.233331
    outer loop
      vertex -7.42462 7.42462 18
      vertex -7.71039 7.12741 18
      vertex -8.27315 8.27315 23
    endloop
  endfacet
  facet normal -0.701536 0.674503 -0.229983
    outer loop
      vertex -9.19239 9.19239 28.5
      vertex -8.59157 7.94197 23
      vertex -9.54619 8.82441 28.5
    endloop
  endfacet
  facet normal -0.701534 0.674505 -0.229984
    outer loop
      vertex -8.27315 8.27315 23
      vertex -8.59157 7.94197 23
      vertex -9.19239 9.19239 28.5
    endloop
  endfacet
  facet normal -0.686569 0.660127 0.304723
    outer loop
      vertex -8.95873 8.28137 31
      vertex -8.6267 8.6267 31
      vertex -9.54619 8.82441 28.5
    endloop
  endfacet
  facet normal -0.686576 0.660119 0.304725
    outer loop
      vertex -8.6267 8.6267 31
      vertex -9.19239 9.19239 28.5
      vertex -9.54619 8.82441 28.5
    endloop
  endfacet
  facet normal -0.570792 0.548822 0.610729
    outer loop
      vertex -6.97606 6.44861 34.5
      vertex -6.71751 6.71751 34.5
      vertex -8.95873 8.28137 31
    endloop
  endfacet
  facet normal -0.570799 0.548815 0.61073
    outer loop
      vertex -6.71751 6.71751 34.5
      vertex -8.6267 8.6267 31
      vertex -8.95873 8.28137 31
    endloop
  endfacet
  facet normal -0.57671 0.554521 -0.599927
    outer loop
      vertex -7.77817 7.77817 36.5
      vertex -6.97606 6.44861 34.5
      vertex -8.07755 7.46681 36.5
    endloop
  endfacet
  facet normal -0.576715 0.554517 -0.599926
    outer loop
      vertex -6.71751 6.71751 34.5
      vertex -6.97606 6.44861 34.5
      vertex -7.77817 7.77817 36.5
    endloop
  endfacet
  facet normal -0.476981 0.458617 -0.749773
    outer loop
      vertex -8.98025 8.98025 38
      vertex -8.07755 7.46681 36.5
      vertex -9.32589 8.62077 38
    endloop
  endfacet
  facet normal -0.476974 0.458622 -0.749774
    outer loop
      vertex -7.77817 7.77817 36.5
      vertex -8.07755 7.46681 36.5
      vertex -8.98025 8.98025 38
    endloop
  endfacet
  facet normal -0.509818 0.490137 0.707002
    outer loop
      vertex -9.13393 8.82043 45
      vertex -8.98027 8.98026 45
      vertex -9.25772 9.03483 44.7621
    endloop
  endfacet
  facet normal 0 0.974687 0.223576
    outer loop
      vertex -8.98026 8.98026 45
      vertex -9.25772 9.03483 44.7621
      vertex -8.98027 8.98026 45
    endloop
  endfacet
  facet normal -0.509841 0.490066 0.707034
    outer loop
      vertex -9.54594 9.54594 44.2
      vertex -9.25772 9.03483 44.7621
      vertex -8.98026 8.98026 45
    endloop
  endfacet
  facet normal -0.509644 0.490218 0.707071
    outer loop
      vertex -9.25772 9.03483 44.7621
      vertex -9.54594 9.54594 44.2
      vertex -9.55023 9.54148 44.2
    endloop
  endfacet
  facet normal -0.720836 0.693106 0
    outer loop
      vertex -13.2178 12.2184 0
      vertex -12.7279 12.7279 1.5
      vertex -12.7279 12.7279 0
    endloop
  endfacet
  facet normal -0.720836 0.693106 0
    outer loop
      vertex -12.7279 12.7279 1.5
      vertex -13.2178 12.2184 0
      vertex -13.2178 12.2184 1.5
    endloop
  endfacet
  facet normal -0.463718 0.482259 0.743231
    outer loop
      vertex -12.0208 12.0208 2.39999
      vertex -11.5396 12.4835 2.39999
      vertex -12.7279 12.7279 1.5
    endloop
  endfacet
  facet normal -0.463714 0.482267 0.743228
    outer loop
      vertex -11.5396 12.4835 2.39999
      vertex -12.2184 13.2178 1.5
      vertex -12.7279 12.7279 1.5
    endloop
  endfacet
  facet normal -0.686416 0.714087 0.137521
    outer loop
      vertex -11.6673 11.6673 6
      vertex -11.2002 12.1163 6
      vertex -12.0208 12.0208 2.39999
    endloop
  endfacet
  facet normal -0.686527 0.713976 0.137549
    outer loop
      vertex -11.2002 12.1163 6
      vertex -11.5396 12.4835 2.39999
      vertex -12.0208 12.0208 2.39999
    endloop
  endfacet
  facet normal -0.576725 0.599805 0.554636
    outer loop
      vertex -11.1016 11.1016 7.2
      vertex -10.6572 11.5289 7.2
      vertex -11.6673 11.6673 6
    endloop
  endfacet
  facet normal -0.576661 0.599907 0.554593
    outer loop
      vertex -10.6572 11.5289 7.2
      vertex -11.2002 12.1163 6
      vertex -11.6673 11.6673 6
    endloop
  endfacet
  facet normal -0.593249 0.617023 0.517048
    outer loop
      vertex -9.05096 9.05096 12
      vertex -8.68864 9.39932 12
      vertex -11.1016 11.1016 7.2
    endloop
  endfacet
  facet normal -0.593264 0.617006 0.51705
    outer loop
      vertex -8.68864 9.39932 12
      vertex -10.6572 11.5289 7.2
      vertex -11.1016 11.1016 7.2
    endloop
  endfacet
  facet normal -0.647193 0.673102 0.357875
    outer loop
      vertex -7.42462 7.42462 18
      vertex -7.12741 7.71039 18
      vertex -9.05096 9.05096 12
    endloop
  endfacet
  facet normal -0.64718 0.673115 0.357874
    outer loop
      vertex -7.12741 7.71039 18
      vertex -8.68864 9.39932 12
      vertex -9.05096 9.05096 12
    endloop
  endfacet
  facet normal -0.673953 0.70096 -0.233331
    outer loop
      vertex -7.94197 8.59157 23
      vertex -7.42462 7.42462 18
      vertex -8.27315 8.27315 23
    endloop
  endfacet
  facet normal -0.673967 0.700947 -0.233329
    outer loop
      vertex -7.12741 7.71039 18
      vertex -7.42462 7.42462 18
      vertex -7.94197 8.59157 23
    endloop
  endfacet
  facet normal -0.674503 0.701536 -0.229984
    outer loop
      vertex -8.82441 9.54619 28.5
      vertex -8.27315 8.27315 23
      vertex -9.19239 9.19239 28.5
    endloop
  endfacet
  facet normal -0.674505 0.701534 -0.229983
    outer loop
      vertex -7.94197 8.59157 23
      vertex -8.27315 8.27315 23
      vertex -8.82441 9.54619 28.5
    endloop
  endfacet
  facet normal -0.660126 0.686569 0.304725
    outer loop
      vertex -8.6267 8.6267 31
      vertex -8.28137 8.95873 31
      vertex -9.19239 9.19239 28.5
    endloop
  endfacet
  facet normal -0.660119 0.686576 0.304723
    outer loop
      vertex -8.28137 8.95873 31
      vertex -8.82441 9.54619 28.5
      vertex -9.19239 9.19239 28.5
    endloop
  endfacet
  facet normal -0.548822 0.570792 0.61073
    outer loop
      vertex -6.71751 6.71751 34.5
      vertex -6.44861 6.97606 34.5
      vertex -8.6267 8.6267 31
    endloop
  endfacet
  facet normal -0.548815 0.570799 0.610729
    outer loop
      vertex -6.44861 6.97606 34.5
      vertex -8.28137 8.95873 31
      vertex -8.6267 8.6267 31
    endloop
  endfacet
  facet normal -0.554521 0.576711 -0.599926
    outer loop
      vertex -7.46681 8.07755 36.5
      vertex -6.71751 6.71751 34.5
      vertex -7.77817 7.77817 36.5
    endloop
  endfacet
  facet normal -0.554516 0.576714 -0.599927
    outer loop
      vertex -6.44861 6.97606 34.5
      vertex -6.71751 6.71751 34.5
      vertex -7.46681 8.07755 36.5
    endloop
  endfacet
  facet normal -0.458616 0.47698 -0.749774
    outer loop
      vertex -8.62077 9.32589 38
      vertex -7.77817 7.77817 36.5
      vertex -8.98025 8.98025 38
    endloop
  endfacet
  facet normal -0.458623 0.476975 -0.749773
    outer loop
      vertex -7.46681 8.07755 36.5
      vertex -7.77817 7.77817 36.5
      vertex -8.62077 9.32589 38
    endloop
  endfacet
  facet normal -0.816499 0 0.577347
    outer loop
      vertex -8.98026 8.98027 45
      vertex -9.54594 9.54594 44.2
      vertex -8.98026 8.98026 45
    endloop
  endfacet
  facet normal -0.490136 0.509777 0.707032
    outer loop
      vertex -9.54594 9.54594 44.2
      vertex -8.98026 8.98027 45
      vertex -8.62078 9.3259 45
    endloop
  endfacet
  facet normal 0 0.806028 0.591877
    outer loop
      vertex -9.16381 9.91335 44.2
      vertex -8.62078 9.3259 45
      vertex -8.62077 9.3259 45
    endloop
  endfacet
  facet normal -0.490137 0.509774 0.707033
    outer loop
      vertex -8.62078 9.3259 45
      vertex -9.16381 9.91335 44.2
      vertex -9.54594 9.54594 44.2
    endloop
  endfacet
  facet normal -0.693106 0.720836 0
    outer loop
      vertex -12.2184 13.2178 0
      vertex -12.7279 12.7279 1.5
      vertex -12.2184 13.2178 1.5
    endloop
  endfacet
  facet normal -0.693106 0.720836 0
    outer loop
      vertex -12.7279 12.7279 1.5
      vertex -12.2184 13.2178 0
      vertex -12.7279 12.7279 0
    endloop
  endfacet
  facet normal -0.444398 0.500123 0.743228
    outer loop
      vertex -11.5396 12.4835 2.39999
      vertex -11.0406 12.9269 2.39999
      vertex -12.2184 13.2178 1.5
    endloop
  endfacet
  facet normal -0.444421 0.50008 0.743243
    outer loop
      vertex -11.0406 12.9269 2.39999
      vertex -11.6901 13.6873 1.5
      vertex -12.2184 13.2178 1.5
    endloop
  endfacet
  facet normal -0.657973 0.740373 0.13755
    outer loop
      vertex -11.2002 12.1163 6
      vertex -10.7159 12.5467 6
      vertex -11.5396 12.4835 2.39999
    endloop
  endfacet
  facet normal -0.657921 0.740421 0.137537
    outer loop
      vertex -10.7159 12.5467 6
      vertex -11.0406 12.9269 2.39999
      vertex -11.5396 12.4835 2.39999
    endloop
  endfacet
  facet normal -0.55269 0.622063 0.554592
    outer loop
      vertex -10.6572 11.5289 7.2
      vertex -10.1963 11.9384 7.2
      vertex -11.2002 12.1163 6
    endloop
  endfacet
  facet normal -0.552751 0.621974 0.55463
    outer loop
      vertex -10.1963 11.9384 7.2
      vertex -10.7159 12.5467 6
      vertex -11.2002 12.1163 6
    endloop
  endfacet
  facet normal -0.568576 0.639829 0.51705
    outer loop
      vertex -8.68864 9.39932 12
      vertex -8.31293 9.73319 12
      vertex -10.6572 11.5289 7.2
    endloop
  endfacet
  facet normal -0.568522 0.639882 0.517044
    outer loop
      vertex -8.31293 9.73319 12
      vertex -10.1963 11.9384 7.2
      vertex -10.6572 11.5289 7.2
    endloop
  endfacet
  facet normal -0.620244 0.698015 0.357873
    outer loop
      vertex -7.12741 7.71039 18
      vertex -6.8192 7.98426 18
      vertex -8.68864 9.39932 12
    endloop
  endfacet
  facet normal -0.620265 0.697995 0.357875
    outer loop
      vertex -6.8192 7.98426 18
      vertex -8.31293 9.73319 12
      vertex -8.68864 9.39932 12
    endloop
  endfacet
  facet normal -0.645918 0.726875 -0.233329
    outer loop
      vertex -7.59854 8.89675 23
      vertex -7.12741 7.71039 18
      vertex -7.94197 8.59157 23
    endloop
  endfacet
  facet normal -0.645901 0.726889 -0.233331
    outer loop
      vertex -6.8192 7.98426 18
      vertex -7.12741 7.71039 18
      vertex -7.59854 8.89675 23
    endloop
  endfacet
  facet normal -0.646448 0.72747 -0.229983
    outer loop
      vertex -8.44282 9.88528 28.5
      vertex -7.94197 8.59157 23
      vertex -8.82441 9.54619 28.5
    endloop
  endfacet
  facet normal -0.646447 0.72747 -0.229983
    outer loop
      vertex -7.59854 8.89675 23
      vertex -7.94197 8.59157 23
      vertex -8.44282 9.88528 28.5
    endloop
  endfacet
  facet normal -0.632656 0.711962 0.304723
    outer loop
      vertex -8.28137 8.95873 31
      vertex -7.92326 9.27695 31
      vertex -8.82441 9.54619 28.5
    endloop
  endfacet
  facet normal -0.632662 0.711957 0.304724
    outer loop
      vertex -7.92326 9.27695 31
      vertex -8.44282 9.88528 28.5
      vertex -8.82441 9.54619 28.5
    endloop
  endfacet
  facet normal -0.52599 0.591898 0.610729
    outer loop
      vertex -6.44861 6.97606 34.5
      vertex -6.16976 7.22386 34.5
      vertex -8.28137 8.95873 31
    endloop
  endfacet
  facet normal -0.525978 0.591911 0.610728
    outer loop
      vertex -6.16976 7.22386 34.5
      vertex -7.92326 9.27695 31
      vertex -8.28137 8.95873 31
    endloop
  endfacet
  facet normal -0.53143 0.598055 -0.599927
    outer loop
      vertex -7.14393 8.36446 36.5
      vertex -6.44861 6.97606 34.5
      vertex -7.46681 8.07755 36.5
    endloop
  endfacet
  facet normal -0.531449 0.598041 -0.599924
    outer loop
      vertex -6.16976 7.22386 34.5
      vertex -6.44861 6.97606 34.5
      vertex -7.14393 8.36446 36.5
    endloop
  endfacet
  facet normal -0.439532 0.494623 -0.749773
    outer loop
      vertex -8.24799 9.65715 38
      vertex -7.46681 8.07755 36.5
      vertex -8.62077 9.32589 38
    endloop
  endfacet
  facet normal -0.439524 0.494628 -0.749774
    outer loop
      vertex -7.14393 8.36446 36.5
      vertex -7.46681 8.07755 36.5
      vertex -8.24799 9.65715 38
    endloop
  endfacet
  facet normal -0.469751 0.528615 0.707036
    outer loop
      vertex -9.16381 9.91335 44.2
      vertex -8.62077 9.3259 45
      vertex -8.248 9.65716 45
    endloop
  endfacet
  facet normal 0 0.795999 0.605298
    outer loop
      vertex -8.76755 10.2655 44.2
      vertex -8.248 9.65716 45
      vertex -8.24799 9.65716 45
    endloop
  endfacet
  facet normal -0.469759 0.528601 0.707041
    outer loop
      vertex -8.248 9.65716 45
      vertex -8.76755 10.2655 44.2
      vertex -9.16381 9.91335 44.2
    endloop
  endfacet
  facet normal -0.664285 0.74748 0
    outer loop
      vertex -11.6901 13.6873 0
      vertex -12.2184 13.2178 1.5
      vertex -11.6901 13.6873 1.5
    endloop
  endfacet
  facet normal -0.664285 0.74748 0
    outer loop
      vertex -12.2184 13.2178 1.5
      vertex -11.6901 13.6873 0
      vertex -12.2184 13.2178 0
    endloop
  endfacet
  facet normal -0.42444 0.517146 0.743243
    outer loop
      vertex -11.0406 12.9269 2.39999
      vertex -10.5246 13.3504 2.39999
      vertex -11.6901 13.6873 1.5
    endloop
  endfacet
  facet normal -0.424421 0.51718 0.743231
    outer loop
      vertex -10.5246 13.3504 2.39999
      vertex -11.1437 14.1357 1.5
      vertex -11.6901 13.6873 1.5
    endloop
  endfacet
  facet normal -0.628293 0.765723 0.137537
    outer loop
      vertex -10.7159 12.5467 6
      vertex -10.215 12.9577 6
      vertex -11.0406 12.9269 2.39999
    endloop
  endfacet
  facet normal -0.628389 0.76564 0.13756
    outer loop
      vertex -10.215 12.9577 6
      vertex -10.5246 13.3504 2.39999
      vertex -11.0406 12.9269 2.39999
    endloop
  endfacet
  facet normal -0.527895 0.643205 0.55463
    outer loop
      vertex -10.1963 11.9384 7.2
      vertex -9.71977 12.3295 7.2
      vertex -10.7159 12.5467 6
    endloop
  endfacet
  facet normal -0.527832 0.643288 0.554593
    outer loop
      vertex -9.71977 12.3295 7.2
      vertex -10.215 12.9577 6
      vertex -10.7159 12.5467 6
    endloop
  endfacet
  facet normal -0.542957 0.661713 0.517043
    outer loop
      vertex -8.31293 9.73319 12
      vertex -7.92439 10.052 12
      vertex -10.1963 11.9384 7.2
    endloop
  endfacet
  facet normal -0.54303 0.661647 0.517051
    outer loop
      vertex -7.92439 10.052 12
      vertex -9.71977 12.3295 7.2
      vertex -10.1963 11.9384 7.2
    endloop
  endfacet
  facet normal -0.592392 0.721801 0.357876
    outer loop
      vertex -6.8192 7.98426 18
      vertex -6.50049 8.24583 18
      vertex -8.31293 9.73319 12
    endloop
  endfacet
  facet normal -0.592316 0.721867 0.357869
    outer loop
      vertex -6.50049 8.24583 18
      vertex -7.92439 10.052 12
      vertex -8.31293 9.73319 12
    endloop
  endfacet
  facet normal -0.616875 0.751679 -0.233331
    outer loop
      vertex -7.2434 9.1882 23
      vertex -6.8192 7.98426 18
      vertex -7.59854 8.89675 23
    endloop
  endfacet
  facet normal -0.616899 0.751661 -0.233329
    outer loop
      vertex -6.50049 8.24583 18
      vertex -6.8192 7.98426 18
      vertex -7.2434 9.1882 23
    endloop
  endfacet
  facet normal -0.617365 0.752308 -0.229983
    outer loop
      vertex -8.04822 10.2091 28.5
      vertex -7.59854 8.89675 23
      vertex -8.44282 9.88528 28.5
    endloop
  endfacet
  facet normal -0.617381 0.752296 -0.229982
    outer loop
      vertex -7.2434 9.1882 23
      vertex -7.59854 8.89675 23
      vertex -8.04822 10.2091 28.5
    endloop
  endfacet
  facet normal -0.604217 0.73625 0.304724
    outer loop
      vertex -7.92326 9.27695 31
      vertex -7.55294 9.58086 31
      vertex -8.44282 9.88528 28.5
    endloop
  endfacet
  facet normal -0.604201 0.736266 0.30472
    outer loop
      vertex -7.55294 9.58086 31
      vertex -8.04822 10.2091 28.5
      vertex -8.44282 9.88528 28.5
    endloop
  endfacet
  facet normal -0.502327 0.612111 0.610728
    outer loop
      vertex -6.16976 7.22386 34.5
      vertex -5.88139 7.46051 34.5
      vertex -7.92326 9.27695 31
    endloop
  endfacet
  facet normal -0.502334 0.612104 0.610729
    outer loop
      vertex -5.88139 7.46051 34.5
      vertex -7.55294 9.58086 31
      vertex -7.92326 9.27695 31
    endloop
  endfacet
  facet normal -0.507557 0.618448 -0.599924
    outer loop
      vertex -6.81003 8.63849 36.5
      vertex -6.16976 7.22386 34.5
      vertex -7.14393 8.36446 36.5
    endloop
  endfacet
  facet normal -0.507538 0.61846 -0.599927
    outer loop
      vertex -5.88139 7.46051 34.5
      vertex -6.16976 7.22386 34.5
      vertex -6.81003 8.63849 36.5
    endloop
  endfacet
  facet normal -0.419773 0.511497 -0.749774
    outer loop
      vertex -7.86249 9.97352 38
      vertex -7.14393 8.36446 36.5
      vertex -8.24799 9.65715 38
    endloop
  endfacet
  facet normal -0.41978 0.511493 -0.749773
    outer loop
      vertex -6.81003 8.63849 36.5
      vertex -7.14393 8.36446 36.5
      vertex -7.86249 9.97352 38
    endloop
  endfacet
  facet normal -0.448629 0.546645 0.707044
    outer loop
      vertex -8.76755 10.2655 44.2
      vertex -8.24799 9.65716 45
      vertex -7.8625 9.97353 45
    endloop
  endfacet
  facet normal -0.448626 0.546649 0.707043
    outer loop
      vertex -7.8625 9.97353 45
      vertex -8.35777 10.6018 44.2
      vertex -8.76755 10.2655 44.2
    endloop
  endfacet
  facet normal -0.634377 0.773024 0
    outer loop
      vertex -11.1437 14.1357 0
      vertex -11.6901 13.6873 1.5
      vertex -11.1437 14.1357 1.5
    endloop
  endfacet
  facet normal -0.634377 0.773024 0
    outer loop
      vertex -11.6901 13.6873 1.5
      vertex -11.1437 14.1357 0
      vertex -11.6901 13.6873 0
    endloop
  endfacet
  facet normal -0.403799 0.533437 0.74323
    outer loop
      vertex -10.5246 13.3504 2.39999
      vertex -9.99235 13.7533 2.39999
      vertex -11.1437 14.1357 1.5
    endloop
  endfacet
  facet normal -0.403785 0.533458 0.743222
    outer loop
      vertex -9.99235 13.7533 2.39999
      vertex -10.5801 14.5623 1.5
      vertex -11.1437 14.1357 1.5
    endloop
  endfacet
  facet normal -0.597905 0.789675 0.13756
    outer loop
      vertex -10.215 12.9577 6
      vertex -9.69846 13.3488 6
      vertex -10.5246 13.3504 2.39999
    endloop
  endfacet
  facet normal -0.597817 0.789745 0.13754
    outer loop
      vertex -9.69846 13.3488 6
      vertex -9.99235 13.7533 2.39999
      vertex -10.5246 13.3504 2.39999
    endloop
  endfacet
  facet normal -0.502244 0.663459 0.554593
    outer loop
      vertex -9.71977 12.3295 7.2
      vertex -9.22823 12.7016 7.2
      vertex -10.215 12.9577 6
    endloop
  endfacet
  facet normal -0.502294 0.663398 0.554621
    outer loop
      vertex -9.22823 12.7016 7.2
      vertex -9.69846 13.3488 6
      vertex -10.215 12.9577 6
    endloop
  endfacet
  facet normal -0.51666 0.682437 0.517052
    outer loop
      vertex -7.92439 10.052 12
      vertex -7.52364 10.3554 12
      vertex -9.71977 12.3295 7.2
    endloop
  endfacet
  facet normal -0.51663 0.682462 0.517049
    outer loop
      vertex -7.52364 10.3554 12
      vertex -9.22823 12.7016 7.2
      vertex -9.71977 12.3295 7.2
    endloop
  endfacet
  facet normal -0.563573 0.744524 0.357868
    outer loop
      vertex -6.50049 8.24583 18
      vertex -6.17174 8.49468 18
      vertex -7.92439 10.052 12
    endloop
  endfacet
  facet normal -0.56363 0.744478 0.357873
    outer loop
      vertex -6.17174 8.49468 18
      vertex -7.52364 10.3554 12
      vertex -7.92439 10.052 12
    endloop
  endfacet
  facet normal -0.586901 0.77531 -0.233329
    outer loop
      vertex -6.87708 9.4655 23
      vertex -6.50049 8.24583 18
      vertex -7.2434 9.1882 23
    endloop
  endfacet
  facet normal -0.586885 0.775321 -0.23333
    outer loop
      vertex -6.17174 8.49468 18
      vertex -6.50049 8.24583 18
      vertex -6.87708 9.4655 23
    endloop
  endfacet
  facet normal -0.587379 0.775947 -0.229982
    outer loop
      vertex -7.64121 10.5172 28.5
      vertex -7.2434 9.1882 23
      vertex -8.04822 10.2091 28.5
    endloop
  endfacet
  facet normal -0.587382 0.775945 -0.229981
    outer loop
      vertex -6.87708 9.4655 23
      vertex -7.2434 9.1882 23
      vertex -7.64121 10.5172 28.5
    endloop
  endfacet
  facet normal -0.574857 0.759398 0.30472
    outer loop
      vertex -7.55294 9.58086 31
      vertex -7.17098 9.87 31
      vertex -8.04822 10.2091 28.5
    endloop
  endfacet
  facet normal -0.574854 0.759401 0.304719
    outer loop
      vertex -7.17098 9.87 31
      vertex -7.64121 10.5172 28.5
      vertex -8.04822 10.2091 28.5
    endloop
  endfacet
  facet normal -0.477922 0.631349 0.610729
    outer loop
      vertex -5.88139 7.46051 34.5
      vertex -5.58396 7.68566 34.5
      vertex -7.55294 9.58086 31
    endloop
  endfacet
  facet normal -0.477924 0.631347 0.610729
    outer loop
      vertex -5.58396 7.68566 34.5
      vertex -7.17098 9.87 31
      vertex -7.55294 9.58086 31
    endloop
  endfacet
  facet normal -0.482882 0.637897 -0.599927
    outer loop
      vertex -6.46564 8.89919 36.5
      vertex -5.88139 7.46051 34.5
      vertex -6.81003 8.63849 36.5
    endloop
  endfacet
  facet normal -0.48288 0.637899 -0.599927
    outer loop
      vertex -5.58396 7.68566 34.5
      vertex -5.88139 7.46051 34.5
      vertex -6.46564 8.89919 36.5
    endloop
  endfacet
  facet normal -0.399361 0.52759 -0.749773
    outer loop
      vertex -7.46487 10.2745 38
      vertex -6.81003 8.63849 36.5
      vertex -7.86249 9.97352 38
    endloop
  endfacet
  facet normal -0.399375 0.527582 -0.749771
    outer loop
      vertex -6.46564 8.89919 36.5
      vertex -6.81003 8.63849 36.5
      vertex -7.46487 10.2745 38
    endloop
  endfacet
  facet normal -0.426799 0.563856 0.707043
    outer loop
      vertex -7.8625 9.97353 45
      vertex -7.46488 10.2745 45
      vertex -8.35777 10.6018 44.2
    endloop
  endfacet
  facet normal -0.426779 0.563884 0.707032
    outer loop
      vertex -7.46488 10.2745 45
      vertex -7.9351 10.9217 44.2
      vertex -8.35777 10.6018 44.2
    endloop
  endfacet
  facet normal -0.603525 0.797344 0
    outer loop
      vertex -10.5801 14.5623 0
      vertex -11.1437 14.1357 1.5
      vertex -10.5801 14.5623 1.5
    endloop
  endfacet
  facet normal -0.603525 0.797344 0
    outer loop
      vertex -11.1437 14.1357 1.5
      vertex -10.5801 14.5623 0
      vertex -11.1437 14.1357 0
    endloop
  endfacet
  facet normal -0.382553 0.548884 0.743222
    outer loop
      vertex -9.99235 13.7533 2.39999
      vertex -9.44469 14.135 2.39999
      vertex -10.5801 14.5623 1.5
    endloop
  endfacet
  facet normal -0.3826 0.548816 0.743249
    outer loop
      vertex -9.44469 14.135 2.39999
      vertex -10.0003 14.9665 1.5
      vertex -10.5801 14.5623 1.5
    endloop
  endfacet
  facet normal -0.566282 0.812655 0.137539
    outer loop
      vertex -9.69846 13.3488 6
      vertex -9.16691 13.7192 6
      vertex -9.99235 13.7533 2.39999
    endloop
  endfacet
  facet normal -0.566355 0.812601 0.137556
    outer loop
      vertex -9.16691 13.7192 6
      vertex -9.44469 14.135 2.39999
      vertex -9.99235 13.7533 2.39999
    endloop
  endfacet
  facet normal -0.475778 0.682664 0.554621
    outer loop
      vertex -9.22823 12.7016 7.2
      vertex -8.72245 13.0541 7.2
      vertex -9.69846 13.3488 6
    endloop
  endfacet
  facet normal -0.475735 0.682713 0.554598
    outer loop
      vertex -8.72245 13.0541 7.2
      vertex -9.16691 13.7192 6
      vertex -9.69846 13.3488 6
    endloop
  endfacet
  facet normal -0.489434 0.702221 0.517049
    outer loop
      vertex -7.52364 10.3554 12
      vertex -7.11129 10.6428 12
      vertex -9.22823 12.7016 7.2
    endloop
  endfacet
  facet normal -0.489417 0.702234 0.517047
    outer loop
      vertex -7.11129 10.6428 12
      vertex -8.72245 13.0541 7.2
      vertex -9.22823 12.7016 7.2
    endloop
  endfacet
  facet normal -0.533923 0.766063 0.357873
    outer loop
      vertex -6.17174 8.49468 18
      vertex -5.83349 8.73043 18
      vertex -7.52364 10.3554 12
    endloop
  endfacet
  facet normal -0.533929 0.766059 0.357874
    outer loop
      vertex -5.83349 8.73043 18
      vertex -7.11129 10.6428 12
      vertex -7.52364 10.3554 12
    endloop
  endfacet
  facet normal -0.556003 0.797758 -0.23333
    outer loop
      vertex -6.50017 9.72819 23
      vertex -6.17174 8.49468 18
      vertex -6.87708 9.4655 23
    endloop
  endfacet
  facet normal -0.55601 0.797753 -0.233329
    outer loop
      vertex -5.83349 8.73043 18
      vertex -6.17174 8.49468 18
      vertex -6.50017 9.72819 23
    endloop
  endfacet
  facet normal -0.556477 0.798399 -0.229981
    outer loop
      vertex -7.22241 10.8091 28.5
      vertex -6.87708 9.4655 23
      vertex -7.64121 10.5172 28.5
    endloop
  endfacet
  facet normal -0.556459 0.798412 -0.229983
    outer loop
      vertex -6.50017 9.72819 23
      vertex -6.87708 9.4655 23
      vertex -7.22241 10.8091 28.5
    endloop
  endfacet
  facet normal -0.544569 0.781403 0.304719
    outer loop
      vertex -7.17098 9.87 31
      vertex -6.77796 10.1439 31
      vertex -7.64121 10.5172 28.5
    endloop
  endfacet
  facet normal -0.544609 0.781372 0.304728
    outer loop
      vertex -6.77796 10.1439 31
      vertex -7.22241 10.8091 28.5
      vertex -7.64121 10.5172 28.5
    endloop
  endfacet
  facet normal -0.452767 0.649624 0.610729
    outer loop
      vertex -5.58396 7.68566 34.5
      vertex -5.27792 7.89896 34.5
      vertex -7.17098 9.87 31
    endloop
  endfacet
  facet normal -0.452744 0.649643 0.610727
    outer loop
      vertex -5.27792 7.89896 34.5
      vertex -6.77796 10.1439 31
      vertex -7.17098 9.87 31
    endloop
  endfacet
  facet normal -0.457447 0.656377 -0.599927
    outer loop
      vertex -6.11127 9.14616 36.5
      vertex -5.58396 7.68566 34.5
      vertex -6.46564 8.89919 36.5
    endloop
  endfacet
  facet normal -0.457466 0.656366 -0.599924
    outer loop
      vertex -5.27792 7.89896 34.5
      vertex -5.58396 7.68566 34.5
      vertex -6.11127 9.14616 36.5
    endloop
  endfacet
  facet normal -0.378397 0.542824 -0.749772
    outer loop
      vertex -7.05574 10.5597 38
      vertex -6.46564 8.89919 36.5
      vertex -7.46487 10.2745 38
    endloop
  endfacet
  facet normal -0.378331 0.542857 -0.749781
    outer loop
      vertex -6.11127 9.14616 36.5
      vertex -6.46564 8.89919 36.5
      vertex -7.05574 10.5597 38
    endloop
  endfacet
  facet normal -0.404408 0.580138 0.707032
    outer loop
      vertex -7.46488 10.2745 45
      vertex -7.05575 10.5597 45
      vertex -7.9351 10.9217 44.2
    endloop
  endfacet
  facet normal -0.404363 0.580196 0.70701
    outer loop
      vertex -7.05575 10.5597 45
      vertex -7.5002 11.2248 44.2
      vertex -7.9351 10.9217 44.2
    endloop
  endfacet
  facet normal -0.571885 0.820334 0
    outer loop
      vertex -10.0003 14.9665 0
      vertex -10.5801 14.5623 1.5
      vertex -10.0003 14.9665 1.5
    endloop
  endfacet
  facet normal -0.571885 0.820334 0
    outer loop
      vertex -10.5801 14.5623 1.5
      vertex -10.0003 14.9665 0
      vertex -10.5801 14.5623 0
    endloop
  endfacet
  facet normal -0.360691 0.563456 0.743249
    outer loop
      vertex -9.44469 14.135 2.39999
      vertex -8.88247 14.4949 2.39999
      vertex -10.0003 14.9665 1.5
    endloop
  endfacet
  facet normal -0.360643 0.563521 0.743223
    outer loop
      vertex -8.88247 14.4949 2.39999
      vertex -9.40497 15.3475 1.5
      vertex -10.0003 14.9665 1.5
    endloop
  endfacet
  facet normal -0.534108 0.83415 0.137556
    outer loop
      vertex -9.16691 13.7192 6
      vertex -8.62123 14.0686 6
      vertex -9.44469 14.135 2.39999
    endloop
  endfacet
  facet normal -0.534014 0.834214 0.137536
    outer loop
      vertex -8.62123 14.0686 6
      vertex -8.88247 14.4949 2.39999
      vertex -9.44469 14.135 2.39999
    endloop
  endfacet
  facet normal -0.448557 0.700871 0.554596
    outer loop
      vertex -8.72245 13.0541 7.2
      vertex -8.20323 13.3864 7.2
      vertex -9.16691 13.7192 6
    endloop
  endfacet
  facet normal -0.448684 0.700738 0.554661
    outer loop
      vertex -8.20323 13.3864 7.2
      vertex -8.62123 14.0686 6
      vertex -9.16691 13.7192 6
    endloop
  endfacet
  facet normal -0.461497 0.72089 0.517047
    outer loop
      vertex -7.11129 10.6428 12
      vertex -6.68797 10.9138 12
      vertex -8.72245 13.0541 7.2
    endloop
  endfacet
  facet normal -0.461409 0.720953 0.517038
    outer loop
      vertex -6.68797 10.9138 12
      vertex -8.20323 13.3864 7.2
      vertex -8.72245 13.0541 7.2
    endloop
  endfacet
  facet normal -0.503422 0.786443 0.357874
    outer loop
      vertex -5.83349 8.73043 18
      vertex -5.48623 8.95272 18
      vertex -7.11129 10.6428 12
    endloop
  endfacet
  facet normal -0.503451 0.786424 0.357876
    outer loop
      vertex -5.48623 8.95272 18
      vertex -6.68797 10.9138 12
      vertex -7.11129 10.6428 12
    endloop
  endfacet
  facet normal -0.524262 0.818967 -0.233329
    outer loop
      vertex -6.11323 9.97589 23
      vertex -5.83349 8.73043 18
      vertex -6.50017 9.72819 23
    endloop
  endfacet
  facet normal -0.524247 0.818976 -0.233331
    outer loop
      vertex -5.48623 8.95272 18
      vertex -5.83349 8.73043 18
      vertex -6.11323 9.97589 23
    endloop
  endfacet
  facet normal -0.524665 0.819655 -0.229983
    outer loop
      vertex -6.79248 11.0843 28.5
      vertex -6.50017 9.72819 23
      vertex -7.22241 10.8091 28.5
    endloop
  endfacet
  facet normal -0.524692 0.819638 -0.22998
    outer loop
      vertex -6.11323 9.97589 23
      vertex -6.50017 9.72819 23
      vertex -6.79248 11.0843 28.5
    endloop
  endfacet
  facet normal -0.513519 0.802147 0.304729
    outer loop
      vertex -6.77796 10.1439 31
      vertex -6.37448 10.4022 31
      vertex -7.22241 10.8091 28.5
    endloop
  endfacet
  facet normal -0.513477 0.802177 0.304719
    outer loop
      vertex -6.37448 10.4022 31
      vertex -6.79248 11.0843 28.5
      vertex -7.22241 10.8091 28.5
    endloop
  endfacet
  facet normal -0.426913 0.666902 0.610726
    outer loop
      vertex -5.27792 7.89896 34.5
      vertex -4.96374 8.10008 34.5
      vertex -6.77796 10.1439 31
    endloop
  endfacet
  facet normal -0.42693 0.66689 0.610728
    outer loop
      vertex -4.96374 8.10008 34.5
      vertex -6.37448 10.4022 31
      vertex -6.77796 10.1439 31
    endloop
  endfacet
  facet normal -0.431345 0.673819 -0.599924
    outer loop
      vertex -5.74748 9.37904 36.5
      vertex -5.27792 7.89896 34.5
      vertex -6.11127 9.14616 36.5
    endloop
  endfacet
  facet normal -0.431342 0.673821 -0.599925
    outer loop
      vertex -4.96374 8.10008 34.5
      vertex -5.27792 7.89896 34.5
      vertex -5.74748 9.37904 36.5
    endloop
  endfacet
  facet normal -0.356678 0.557323 -0.749781
    outer loop
      vertex -6.63573 10.8285 38
      vertex -6.11127 9.14616 36.5
      vertex -7.05574 10.5597 38
    endloop
  endfacet
  facet normal -0.35675 0.557292 -0.74977
    outer loop
      vertex -5.74748 9.37904 36.5
      vertex -6.11127 9.14616 36.5
      vertex -6.63573 10.8285 38
    endloop
  endfacet
  facet normal 0 0.768961 0.639295
    outer loop
      vertex -7.05574 10.5597 45
      vertex -7.5002 11.2248 44.2
      vertex -7.05575 10.5597 45
    endloop
  endfacet
  facet normal -0.38122 0.595657 0.707011
    outer loop
      vertex -7.5002 11.2248 44.2
      vertex -7.05574 10.5597 45
      vertex -6.63574 10.8285 45
    endloop
  endfacet
  facet normal 0 0.760953 0.648807
    outer loop
      vertex -7.05373 11.5106 44.2
      vertex -6.63574 10.8285 45
      vertex -6.63573 10.8285 45
    endloop
  endfacet
  facet normal -0.381265 0.595603 0.707032
    outer loop
      vertex -6.63574 10.8285 45
      vertex -7.05373 11.5106 44.2
      vertex -7.5002 11.2248 44.2
    endloop
  endfacet
  facet normal -0.539042 0.842279 0
    outer loop
      vertex -9.40497 15.3475 0
      vertex -10.0003 14.9665 1.5
      vertex -9.40497 15.3475 1.5
    endloop
  endfacet
  facet normal -0.539042 0.842279 0
    outer loop
      vertex -10.0003 14.9665 1.5
      vertex -9.40497 15.3475 0
      vertex -10.0003 14.9665 0
    endloop
  endfacet
  facet normal -0.338273 0.577228 0.743222
    outer loop
      vertex -8.88247 14.4949 2.39999
      vertex -8.30656 14.8324 2.39999
      vertex -9.40497 15.3475 1.5
    endloop
  endfacet
  facet normal -0.338297 0.577198 0.743235
    outer loop
      vertex -8.30656 14.8324 2.39999
      vertex -8.79518 15.7049 1.5
      vertex -9.40497 15.3475 1.5
    endloop
  endfacet
  facet normal -0.500825 0.854552 0.137536
    outer loop
      vertex -8.62123 14.0686 6
      vertex -8.06225 14.3962 6
      vertex -8.88247 14.4949 2.39999
    endloop
  endfacet
  facet normal -0.500801 0.854566 0.137531
    outer loop
      vertex -8.06225 14.3962 6
      vertex -8.30656 14.8324 2.39999
      vertex -8.88247 14.4949 2.39999
    endloop
  endfacet
  facet normal -0.420805 0.717824 0.554663
    outer loop
      vertex -8.20323 13.3864 7.2
      vertex -7.67135 13.6982 7.2
      vertex -8.62123 14.0686 6
    endloop
  endfacet
  facet normal -0.420734 0.717893 0.554628
    outer loop
      vertex -7.67135 13.6982 7.2
      vertex -8.06225 14.3962 6
      vertex -8.62123 14.0686 6
    endloop
  endfacet
  facet normal -0.432762 0.738505 0.517037
    outer loop
      vertex -6.68797 10.9138 12
      vertex -6.25435 11.1679 12
      vertex -8.20323 13.3864 7.2
    endloop
  endfacet
  facet normal -0.432882 0.738426 0.517049
    outer loop
      vertex -6.25435 11.1679 12
      vertex -7.67135 13.6982 7.2
      vertex -8.20323 13.3864 7.2
    endloop
  endfacet
  facet normal -0.472175 0.80559 0.357876
    outer loop
      vertex -5.48623 8.95272 18
      vertex -5.13052 9.16121 18
      vertex -6.68797 10.9138 12
    endloop
  endfacet
  facet normal -0.4721 0.805636 0.35787
    outer loop
      vertex -5.13052 9.16121 18
      vertex -6.25435 11.1679 12
      vertex -6.68797 10.9138 12
    endloop
  endfacet
  facet normal -0.491699 0.838921 -0.233331
    outer loop
      vertex -5.71687 10.2082 23
      vertex -5.48623 8.95272 18
      vertex -6.11323 9.97589 23
    endloop
  endfacet
  facet normal -0.491708 0.838916 -0.23333
    outer loop
      vertex -5.13052 9.16121 18
      vertex -5.48623 8.95272 18
      vertex -5.71687 10.2082 23
    endloop
  endfacet
  facet normal -0.492071 0.839628 -0.22998
    outer loop
      vertex -6.35208 11.3424 28.5
      vertex -6.11323 9.97589 23
      vertex -6.79248 11.0843 28.5
    endloop
  endfacet
  facet normal -0.492103 0.83961 -0.229977
    outer loop
      vertex -5.71687 10.2082 23
      vertex -6.11323 9.97589 23
      vertex -6.35208 11.3424 28.5
    endloop
  endfacet
  facet normal -0.481551 0.821739 0.304719
    outer loop
      vertex -6.37448 10.4022 31
      vertex -5.96118 10.6444 31
      vertex -6.79248 11.0843 28.5
    endloop
  endfacet
  facet normal -0.481577 0.821722 0.304724
    outer loop
      vertex -5.96118 10.6444 31
      vertex -6.35208 11.3424 28.5
      vertex -6.79248 11.0843 28.5
    endloop
  endfacet
  facet normal -0.400394 0.683151 0.610728
    outer loop
      vertex -4.96374 8.10008 34.5
      vertex -4.6419 8.28871 34.5
      vertex -6.37448 10.4022 31
    endloop
  endfacet
  facet normal -0.400353 0.683179 0.610724
    outer loop
      vertex -4.6419 8.28871 34.5
      vertex -5.96118 10.6444 31
      vertex -6.37448 10.4022 31
    endloop
  endfacet
  facet normal -0.404563 0.690231 -0.599925
    outer loop
      vertex -5.37483 9.59746 36.5
      vertex -4.96374 8.10008 34.5
      vertex -5.74748 9.37904 36.5
    endloop
  endfacet
  facet normal -0.404548 0.690238 -0.599927
    outer loop
      vertex -4.6419 8.28871 34.5
      vertex -4.96374 8.10008 34.5
      vertex -5.37483 9.59746 36.5
    endloop
  endfacet
  facet normal -0.334624 0.570851 -0.74977
    outer loop
      vertex -6.20549 11.0807 38
      vertex -5.74748 9.37904 36.5
      vertex -6.63573 10.8285 38
    endloop
  endfacet
  facet normal -0.334597 0.570862 -0.749774
    outer loop
      vertex -5.37483 9.59746 36.5
      vertex -5.74748 9.37904 36.5
      vertex -6.20549 11.0807 38
    endloop
  endfacet
  facet normal -0.35763 0.610084 0.707035
    outer loop
      vertex -6.63573 10.8285 45
      vertex -6.2055 11.0807 45
      vertex -7.05373 11.5106 44.2
    endloop
  endfacet
  facet normal 0 0.753509 0.657437
    outer loop
      vertex -6.59639 11.7787 44.2
      vertex -6.2055 11.0807 45
      vertex -6.20549 11.0807 45
    endloop
  endfacet
  facet normal -0.357637 0.610077 0.707038
    outer loop
      vertex -6.2055 11.0807 45
      vertex -6.59639 11.7787 44.2
      vertex -7.05373 11.5106 44.2
    endloop
  endfacet
  facet normal -0.505653 0.862737 0
    outer loop
      vertex -8.79518 15.7049 0
      vertex -9.40497 15.3475 1.5
      vertex -8.79518 15.7049 1.5
    endloop
  endfacet
  facet normal -0.505653 0.862737 0
    outer loop
      vertex -9.40497 15.3475 1.5
      vertex -8.79518 15.7049 0
      vertex -9.40497 15.3475 0
    endloop
  endfacet
  facet normal -0.315396 0.590023 0.743235
    outer loop
      vertex -8.30656 14.8324 2.39999
      vertex -7.71784 15.1471 2.39999
      vertex -8.79518 15.7049 1.5
    endloop
  endfacet
  facet normal -0.31539 0.590031 0.743232
    outer loop
      vertex -7.71784 15.1471 2.39999
      vertex -8.17183 16.0381 1.5
      vertex -8.79518 15.7049 1.5
    endloop
  endfacet
  facet normal -0.466888 0.873557 0.13753
    outer loop
      vertex -8.06225 14.3962 6
      vertex -7.49084 14.7016 6
      vertex -8.30656 14.8324 2.39999
    endloop
  endfacet
  facet normal -0.466943 0.873526 0.137542
    outer loop
      vertex -7.49084 14.7016 6
      vertex -7.71784 15.1471 2.39999
      vertex -8.30656 14.8324 2.39999
    endloop
  endfacet
  facet normal -0.392234 0.733853 0.554628
    outer loop
      vertex -7.67135 13.6982 7.2
      vertex -7.12765 13.9888 7.2
      vertex -8.06225 14.3962 6
    endloop
  endfacet
  facet normal -0.392225 0.733861 0.554624
    outer loop
      vertex -7.12765 13.9888 7.2
      vertex -7.49084 14.7016 6
      vertex -8.06225 14.3962 6
    endloop
  endfacet
  facet normal -0.403576 0.754841 0.51705
    outer loop
      vertex -6.25435 11.1679 12
      vertex -5.81107 11.4049 12
      vertex -7.67135 13.6982 7.2
    endloop
  endfacet
  facet normal -0.403482 0.754898 0.517041
    outer loop
      vertex -5.81107 11.4049 12
      vertex -7.12765 13.9888 7.2
      vertex -7.67135 13.6982 7.2
    endloop
  endfacet
  facet normal -0.440179 0.823512 0.35787
    outer loop
      vertex -5.13052 9.16121 18
      vertex -4.7669 9.35557 18
      vertex -6.25435 11.1679 12
    endloop
  endfacet
  facet normal -0.440265 0.823463 0.357876
    outer loop
      vertex -4.7669 9.35557 18
      vertex -5.81107 11.4049 12
      vertex -6.25435 11.1679 12
    endloop
  endfacet
  facet normal -0.458429 0.857555 -0.23333
    outer loop
      vertex -5.31169 10.4248 23
      vertex -5.13052 9.16121 18
      vertex -5.71687 10.2082 23
    endloop
  endfacet
  facet normal -0.458387 0.857576 -0.233334
    outer loop
      vertex -4.7669 9.35557 18
      vertex -5.13052 9.16121 18
      vertex -5.31169 10.4248 23
    endloop
  endfacet
  facet normal -0.458855 0.858232 -0.229977
    outer loop
      vertex -5.90188 11.5831 28.5
      vertex -5.71687 10.2082 23
      vertex -6.35208 11.3424 28.5
    endloop
  endfacet
  facet normal -0.458805 0.858258 -0.229982
    outer loop
      vertex -5.31169 10.4248 23
      vertex -5.71687 10.2082 23
      vertex -5.90188 11.5831 28.5
    endloop
  endfacet
  facet normal -0.449084 0.83992 0.304725
    outer loop
      vertex -5.96118 10.6444 31
      vertex -5.53868 10.8703 31
      vertex -6.35208 11.3424 28.5
    endloop
  endfacet
  facet normal -0.449069 0.839929 0.304721
    outer loop
      vertex -5.53868 10.8703 31
      vertex -5.90188 11.5831 28.5
      vertex -6.35208 11.3424 28.5
    endloop
  endfacet
  facet normal -0.373275 0.698343 0.610724
    outer loop
      vertex -4.6419 8.28871 34.5
      vertex -4.31291 8.46456 34.5
      vertex -5.96118 10.6444 31
    endloop
  endfacet
  facet normal -0.373359 0.698291 0.610731
    outer loop
      vertex -4.31291 8.46456 34.5
      vertex -5.53868 10.8703 31
      vertex -5.96118 10.6444 31
    endloop
  endfacet
  facet normal -0.377134 0.70559 -0.599927
    outer loop
      vertex -4.99389 9.80107 36.5
      vertex -4.6419 8.28871 34.5
      vertex -5.37483 9.59746 36.5
    endloop
  endfacet
  facet normal -0.377146 0.705585 -0.599925
    outer loop
      vertex -4.31291 8.46456 34.5
      vertex -4.6419 8.28871 34.5
      vertex -4.99389 9.80107 36.5
    endloop
  endfacet
  facet normal -0.311937 0.583552 -0.749775
    outer loop
      vertex -5.76568 11.3158 38
      vertex -5.37483 9.59746 36.5
      vertex -6.20549 11.0807 38
    endloop
  endfacet
  facet normal -0.31191 0.583562 -0.749778
    outer loop
      vertex -4.99389 9.80107 36.5
      vertex -5.37483 9.59746 36.5
      vertex -5.76568 11.3158 38
    endloop
  endfacet
  facet normal -0.333383 0.623658 0.707041
    outer loop
      vertex -6.59639 11.7787 44.2
      vertex -6.20549 11.0807 45
      vertex -5.76569 11.3158 45
    endloop
  endfacet
  facet normal 0 0.746626 0.665244
    outer loop
      vertex -6.12887 12.0286 44.2
      vertex -5.76569 11.3158 45
      vertex -5.76568 11.3158 45
    endloop
  endfacet
  facet normal -0.333368 0.623674 0.707034
    outer loop
      vertex -5.76569 11.3158 45
      vertex -6.12887 12.0286 44.2
      vertex -6.59639 11.7787 44.2
    endloop
  endfacet
  facet normal -0.47141 0.881914 0
    outer loop
      vertex -8.17183 16.0381 0
      vertex -8.79518 15.7049 1.5
      vertex -8.17183 16.0381 1.5
    endloop
  endfacet
  facet normal -0.47141 0.881914 0
    outer loop
      vertex -8.79518 15.7049 1.5
      vertex -8.17183 16.0381 0
      vertex -8.79518 15.7049 0
    endloop
  endfacet
  facet normal -0.291955 0.601971 0.743231
    outer loop
      vertex -7.71784 15.1471 2.39999
      vertex -7.11722 15.4384 2.39999
      vertex -8.17183 16.0381 1.5
    endloop
  endfacet
  facet normal -0.291993 0.601931 0.743249
    outer loop
      vertex -7.11722 15.4384 2.39999
      vertex -7.53587 16.3466 1.5
      vertex -8.17183 16.0381 1.5
    endloop
  endfacet
  facet normal -0.432322 0.891168 0.137542
    outer loop
      vertex -7.49084 14.7016 6
      vertex -6.90789 14.9844 6
      vertex -7.71784 15.1471 2.39999
    endloop
  endfacet
  facet normal -0.432237 0.891212 0.137525
    outer loop
      vertex -6.90789 14.9844 6
      vertex -7.11722 15.4384 2.39999
      vertex -7.71784 15.1471 2.39999
    endloop
  endfacet
  facet normal -0.363089 0.748705 0.554623
    outer loop
      vertex -7.12765 13.9888 7.2
      vertex -6.57296 14.2578 7.2
      vertex -7.49084 14.7016 6
    endloop
  endfacet
  facet normal -0.363176 0.748633 0.554663
    outer loop
      vertex -6.57296 14.2578 7.2
      vertex -6.90789 14.9844 6
      vertex -7.49084 14.7016 6
    endloop
  endfacet
  facet normal -0.373484 0.770181 0.51704
    outer loop
      vertex -5.81107 11.4049 12
      vertex -5.35884 11.6242 12
      vertex -7.12765 13.9888 7.2
    endloop
  endfacet
  facet normal -0.3735 0.770173 0.517042
    outer loop
      vertex -5.35884 11.6242 12
      vertex -6.57296 14.2578 7.2
      vertex -7.12765 13.9888 7.2
    endloop
  endfacet
  facet normal -0.407499 0.84016 0.357877
    outer loop
      vertex -4.7669 9.35557 18
      vertex -4.39593 9.5355 18
      vertex -5.81107 11.4049 12
    endloop
  endfacet
  facet normal -0.407435 0.840193 0.357872
    outer loop
      vertex -4.39593 9.5355 18
      vertex -5.35884 11.6242 12
      vertex -5.81107 11.4049 12
    endloop
  endfacet
  facet normal -0.424365 0.874911 -0.233334
    outer loop
      vertex -4.89832 10.6253 23
      vertex -4.7669 9.35557 18
      vertex -5.31169 10.4248 23
    endloop
  endfacet
  facet normal -0.424356 0.874915 -0.233335
    outer loop
      vertex -4.39593 9.5355 18
      vertex -4.7669 9.35557 18
      vertex -4.89832 10.6253 23
    endloop
  endfacet
  facet normal -0.424747 0.875613 -0.229983
    outer loop
      vertex -5.44258 11.8059 28.5
      vertex -5.31169 10.4248 23
      vertex -5.90188 11.5831 28.5
    endloop
  endfacet
  facet normal -0.424713 0.875629 -0.229986
    outer loop
      vertex -4.89832 10.6253 23
      vertex -5.31169 10.4248 23
      vertex -5.44258 11.8059 28.5
    endloop
  endfacet
  facet normal -0.41555 0.857008 0.304721
    outer loop
      vertex -5.53868 10.8703 31
      vertex -5.10765 11.0793 31
      vertex -5.90188 11.5831 28.5
    endloop
  endfacet
  facet normal -0.415686 0.856932 0.304749
    outer loop
      vertex -5.10765 11.0793 31
      vertex -5.44258 11.8059 28.5
      vertex -5.90188 11.5831 28.5
    endloop
  endfacet
  facet normal -0.34557 0.712452 0.610732
    outer loop
      vertex -4.31291 8.46456 34.5
      vertex -3.97727 8.62736 34.5
      vertex -5.53868 10.8703 31
    endloop
  endfacet
  facet normal -0.345481 0.712501 0.610725
    outer loop
      vertex -3.97727 8.62736 34.5
      vertex -5.10765 11.0793 31
      vertex -5.53868 10.8703 31
    endloop
  endfacet
  facet normal -0.349153 0.719848 -0.599925
    outer loop
      vertex -4.60526 9.98957 36.5
      vertex -4.31291 8.46456 34.5
      vertex -4.99389 9.80107 36.5
    endloop
  endfacet
  facet normal -0.349157 0.719847 -0.599925
    outer loop
      vertex -3.97727 8.62736 34.5
      vertex -4.31291 8.46456 34.5
      vertex -4.60526 9.98957 36.5
    endloop
  endfacet
  facet normal -0.28873 0.595372 -0.749778
    outer loop
      vertex -5.31698 11.5334 38
      vertex -4.99389 9.80107 36.5
      vertex -5.76568 11.3158 38
    endloop
  endfacet
  facet normal -0.288771 0.595359 -0.749772
    outer loop
      vertex -4.60526 9.98957 36.5
      vertex -4.99389 9.80107 36.5
      vertex -5.31698 11.5334 38
    endloop
  endfacet
  facet normal -0.308584 0.636299 0.707036
    outer loop
      vertex -6.12887 12.0286 44.2
      vertex -5.76568 11.3158 45
      vertex -5.31699 11.5334 45
    endloop
  endfacet
  facet normal 0 0.740296 0.672281
    outer loop
      vertex -5.65191 12.2599 44.2
      vertex -5.31699 11.5334 45
      vertex -5.31698 11.5334 45
    endloop
  endfacet
  facet normal -0.308575 0.636308 0.707032
    outer loop
      vertex -5.31699 11.5334 45
      vertex -5.65191 12.2599 44.2
      vertex -6.12887 12.0286 44.2
    endloop
  endfacet
  facet normal -0.436452 0.899728 0
    outer loop
      vertex -7.53587 16.3466 0
      vertex -8.17183 16.0381 1.5
      vertex -7.53587 16.3466 1.5
    endloop
  endfacet
  facet normal -0.436452 0.899728 0
    outer loop
      vertex -8.17183 16.0381 1.5
      vertex -7.53587 16.3466 0
      vertex -8.17183 16.0381 0
    endloop
  endfacet
  facet normal -0.268174 0.612912 0.74325
    outer loop
      vertex -7.11722 15.4384 2.39999
      vertex -6.50562 15.706 2.39999
      vertex -7.53587 16.3466 1.5
    endloop
  endfacet
  facet normal -0.268082 0.613002 0.743209
    outer loop
      vertex -6.50562 15.706 2.39999
      vertex -6.8883 16.6298 1.5
      vertex -7.53587 16.3466 1.5
    endloop
  endfacet
  facet normal -0.396876 0.907511 0.137524
    outer loop
      vertex -6.90789 14.9844 6
      vertex -6.31428 15.244 6
      vertex -7.11722 15.4384 2.39999
    endloop
  endfacet
  facet normal -0.39704 0.907435 0.137556
    outer loop
      vertex -6.31428 15.244 6
      vertex -6.50562 15.706 2.39999
      vertex -7.11722 15.4384 2.39999
    endloop
  endfacet
  facet normal -0.333496 0.762317 0.554665
    outer loop
      vertex -6.57296 14.2578 7.2
      vertex -6.00813 14.5049 7.2
      vertex -6.90789 14.9844 6
    endloop
  endfacet
  facet normal -0.333409 0.762384 0.554626
    outer loop
      vertex -6.00813 14.5049 7.2
      vertex -6.31428 15.244 6
      vertex -6.90789 14.9844 6
    endloop
  endfacet
  facet normal -0.342987 0.784238 0.517041
    outer loop
      vertex -5.35884 11.6242 12
      vertex -4.89834 11.8256 12
      vertex -6.57296 14.2578 7.2
    endloop
  endfacet
  facet normal -0.343068 0.784197 0.517049
    outer loop
      vertex -4.89834 11.8256 12
      vertex -6.00813 14.5049 7.2
      vertex -6.57296 14.2578 7.2
    endloop
  endfacet
  facet normal -0.374205 0.855511 0.357872
    outer loop
      vertex -4.39593 9.5355 18
      vertex -4.01818 9.70073 18
      vertex -5.35884 11.6242 12
    endloop
  endfacet
  facet normal -0.374166 0.855529 0.357869
    outer loop
      vertex -4.01818 9.70073 18
      vertex -4.89834 11.8256 12
      vertex -5.35884 11.6242 12
    endloop
  endfacet
  facet normal -0.389654 0.890912 -0.233335
    outer loop
      vertex -4.47739 10.8094 23
      vertex -4.39593 9.5355 18
      vertex -4.89832 10.6253 23
    endloop
  endfacet
  facet normal -0.389685 0.8909 -0.233332
    outer loop
      vertex -4.01818 9.70073 18
      vertex -4.39593 9.5355 18
      vertex -4.47739 10.8094 23
    endloop
  endfacet
  facet normal -0.389885 0.891682 -0.229985
    outer loop
      vertex -4.97488 12.0104 28.5
      vertex -4.89832 10.6253 23
      vertex -5.44258 11.8059 28.5
    endloop
  endfacet
  facet normal -0.389974 0.891645 -0.229977
    outer loop
      vertex -4.47739 10.8094 23
      vertex -4.89832 10.6253 23
      vertex -4.97488 12.0104 28.5
    endloop
  endfacet
  facet normal -0.381714 0.872595 0.30475
    outer loop
      vertex -5.10765 11.0793 31
      vertex -4.66874 11.2713 31
      vertex -5.44258 11.8059 28.5
    endloop
  endfacet
  facet normal -0.381571 0.872668 0.304721
    outer loop
      vertex -4.66874 11.2713 31
      vertex -4.97488 12.0104 28.5
      vertex -5.44258 11.8059 28.5
    endloop
  endfacet
  facet normal -0.317335 0.725476 0.610724
    outer loop
      vertex -3.97727 8.62736 34.5
      vertex -3.63549 8.77686 34.5
      vertex -5.10765 11.0793 31
    endloop
  endfacet
  facet normal -0.317353 0.725466 0.610725
    outer loop
      vertex -3.63549 8.77686 34.5
      vertex -4.66874 11.2713 31
      vertex -5.10765 11.0793 31
    endloop
  endfacet
  facet normal -0.320668 0.732981 -0.599925
    outer loop
      vertex -4.20952 10.1627 36.5
      vertex -3.97727 8.62736 34.5
      vertex -4.60526 9.98957 36.5
    endloop
  endfacet
  facet normal -0.320624 0.732996 -0.599931
    outer loop
      vertex -3.63549 8.77686 34.5
      vertex -3.97727 8.62736 34.5
      vertex -4.20952 10.1627 36.5
    endloop
  endfacet
  facet normal -0.265227 0.606214 -0.749773
    outer loop
      vertex -4.86008 11.7333 38
      vertex -4.60526 9.98957 36.5
      vertex -5.31698 11.5334 38
    endloop
  endfacet
  facet normal -0.265211 0.606218 -0.749775
    outer loop
      vertex -4.20952 10.1627 36.5
      vertex -4.60526 9.98957 36.5
      vertex -4.86008 11.7333 38
    endloop
  endfacet
  facet normal -0.283464 0.647882 0.707034
    outer loop
      vertex -5.31698 11.5334 45
      vertex -4.86009 11.7333 45
      vertex -5.65191 12.2599 44.2
    endloop
  endfacet
  facet normal 0 0.734511 0.678597
    outer loop
      vertex -5.16623 12.4724 44.2
      vertex -4.86009 11.7333 45
      vertex -4.86008 11.7333 45
    endloop
  endfacet
  facet normal -0.283467 0.647879 0.707035
    outer loop
      vertex -4.86009 11.7333 45
      vertex -5.16623 12.4724 44.2
      vertex -5.65191 12.2599 44.2
    endloop
  endfacet
  facet normal -0.400686 0.916215 0
    outer loop
      vertex -6.8883 16.6298 0
      vertex -7.53587 16.3466 1.5
      vertex -6.8883 16.6298 1.5
    endloop
  endfacet
  facet normal -0.400686 0.916215 0
    outer loop
      vertex -7.53587 16.3466 1.5
      vertex -6.8883 16.6298 0
      vertex -7.53587 16.3466 0
    endloop
  endfacet
  facet normal -0.243851 0.623039 0.743209
    outer loop
      vertex -6.50562 15.706 2.39999
      vertex -5.88399 15.9493 2.39999
      vertex -6.8883 16.6298 1.5
    endloop
  endfacet
  facet normal -0.243845 0.623045 0.743206
    outer loop
      vertex -5.88399 15.9493 2.39999
      vertex -6.23011 16.8874 1.5
      vertex -6.8883 16.6298 1.5
    endloop
  endfacet
  facet normal -0.361077 0.922335 0.137557
    outer loop
      vertex -6.31428 15.244 6
      vertex -5.71093 15.4802 6
      vertex -6.50562 15.706 2.39999
    endloop
  endfacet
  facet normal -0.361005 0.922365 0.137543
    outer loop
      vertex -5.71093 15.4802 6
      vertex -5.88399 15.9493 2.39999
      vertex -6.50562 15.706 2.39999
    endloop
  endfacet
  facet normal -0.303282 0.774862 0.554625
    outer loop
      vertex -6.00813 14.5049 7.2
      vertex -5.43404 14.7296 7.2
      vertex -6.31428 15.244 6
    endloop
  endfacet
  facet normal -0.30333 0.774828 0.554646
    outer loop
      vertex -5.43404 14.7296 7.2
      vertex -5.71093 15.4802 6
      vertex -6.31428 15.244 6
    endloop
  endfacet
  facet normal -0.311984 0.797074 0.517049
    outer loop
      vertex -4.89834 11.8256 12
      vertex -4.43029 12.0088 12
      vertex -6.00813 14.5049 7.2
    endloop
  endfacet
  facet normal -0.311977 0.797076 0.517049
    outer loop
      vertex -4.43029 12.0088 12
      vertex -5.43404 14.7296 7.2
      vertex -6.00813 14.5049 7.2
    endloop
  endfacet
  facet normal -0.340342 0.869539 0.357869
    outer loop
      vertex -4.01818 9.70073 18
      vertex -3.63423 9.85101 18
      vertex -4.89834 11.8256 12
    endloop
  endfacet
  facet normal -0.340346 0.869537 0.357869
    outer loop
      vertex -3.63423 9.85101 18
      vertex -4.43029 12.0088 12
      vertex -4.89834 11.8256 12
    endloop
  endfacet
  facet normal -0.354327 0.905543 -0.233332
    outer loop
      vertex -4.04957 10.9768 23
      vertex -4.01818 9.70073 18
      vertex -4.47739 10.8094 23
    endloop
  endfacet
  facet normal -0.354421 0.905509 -0.233324
    outer loop
      vertex -3.63423 9.85101 18
      vertex -4.01818 9.70073 18
      vertex -4.04957 10.9768 23
    endloop
  endfacet
  facet normal -0.35478 0.906224 -0.229977
    outer loop
      vertex -4.49952 12.1965 28.5
      vertex -4.47739 10.8094 23
      vertex -4.97488 12.0104 28.5
    endloop
  endfacet
  facet normal -0.354616 0.906284 -0.229992
    outer loop
      vertex -4.04957 10.9768 23
      vertex -4.47739 10.8094 23
      vertex -4.49952 12.1965 28.5
    endloop
  endfacet
  facet normal -0.34713 0.886931 0.30472
    outer loop
      vertex -4.66874 11.2713 31
      vertex -4.22263 11.4459 31
      vertex -4.97488 12.0104 28.5
    endloop
  endfacet
  facet normal -0.347212 0.886893 0.304737
    outer loop
      vertex -4.22263 11.4459 31
      vertex -4.49952 12.1965 28.5
      vertex -4.97488 12.0104 28.5
    endloop
  endfacet
  facet normal -0.2886 0.737377 0.610725
    outer loop
      vertex -3.63549 8.77686 34.5
      vertex -3.28811 8.91282 34.5
      vertex -4.66874 11.2713 31
    endloop
  endfacet
  facet normal -0.288597 0.737378 0.610725
    outer loop
      vertex -3.28811 8.91282 34.5
      vertex -4.22263 11.4459 31
      vertex -4.66874 11.2713 31
    endloop
  endfacet
  facet normal -0.291547 0.745039 -0.599931
    outer loop
      vertex -3.80729 10.3201 36.5
      vertex -3.63549 8.77686 34.5
      vertex -4.20952 10.1627 36.5
    endloop
  endfacet
  facet normal -0.291593 0.745026 -0.599925
    outer loop
      vertex -3.28811 8.91282 34.5
      vertex -3.63549 8.77686 34.5
      vertex -3.80729 10.3201 36.5
    endloop
  endfacet
  facet normal -0.2411 0.616205 -0.749775
    outer loop
      vertex -4.39569 11.915 38
      vertex -4.20952 10.1627 36.5
      vertex -4.86008 11.7333 38
    endloop
  endfacet
  facet normal -0.24113 0.616199 -0.749771
    outer loop
      vertex -3.80729 10.3201 36.5
      vertex -4.20952 10.1627 36.5
      vertex -4.39569 11.915 38
    endloop
  endfacet
  facet normal -0.257673 0.658562 0.707037
    outer loop
      vertex -5.16623 12.4724 44.2
      vertex -4.86008 11.7333 45
      vertex -4.39569 11.915 45
    endloop
  endfacet
  facet normal -0.257725 0.658519 0.707057
    outer loop
      vertex -4.39569 11.915 45
      vertex -4.67258 12.6656 44.2
      vertex -5.16623 12.4724 44.2
    endloop
  endfacet
  facet normal -0.364457 0.93122 0
    outer loop
      vertex -6.23011 16.8874 0
      vertex -6.8883 16.6298 1.5
      vertex -6.23011 16.8874 1.5
    endloop
  endfacet
  facet normal -0.364457 0.93122 0
    outer loop
      vertex -6.8883 16.6298 1.5
      vertex -6.23011 16.8874 0
      vertex -6.8883 16.6298 0
    endloop
  endfacet
  facet normal -0.219199 0.632138 0.743205
    outer loop
      vertex -5.88399 15.9493 2.39999
      vertex -5.25329 16.168 2.39999
      vertex -6.23011 16.8874 1.5
    endloop
  endfacet
  facet normal -0.219224 0.632116 0.743216
    outer loop
      vertex -5.25329 16.168 2.39999
      vertex -5.56231 17.119 1.5
      vertex -6.23011 16.8874 1.5
    endloop
  endfacet
  facet normal -0.324414 0.935862 0.137543
    outer loop
      vertex -5.71093 15.4802 6
      vertex -5.09878 15.6924 6
      vertex -5.88399 15.9493 2.39999
    endloop
  endfacet
  facet normal -0.324505 0.935828 0.13756
    outer loop
      vertex -5.09878 15.6924 6
      vertex -5.25329 16.168 2.39999
      vertex -5.88399 15.9493 2.39999
    endloop
  endfacet
  facet normal -0.272637 0.786152 0.554647
    outer loop
      vertex -5.43404 14.7296 7.2
      vertex -4.85157 14.9316 7.2
      vertex -5.71093 15.4802 6
    endloop
  endfacet
  facet normal -0.272539 0.786215 0.554606
    outer loop
      vertex -4.85157 14.9316 7.2
      vertex -5.09878 15.6924 6
      vertex -5.71093 15.4802 6
    endloop
  endfacet
  facet normal -0.280476 0.808699 0.517049
    outer loop
      vertex -4.43029 12.0088 12
      vertex -3.95541 12.1735 12
      vertex -5.43404 14.7296 7.2
    endloop
  endfacet
  facet normal -0.280458 0.808706 0.517047
    outer loop
      vertex -3.95541 12.1735 12
      vertex -4.85157 14.9316 7.2
      vertex -5.43404 14.7296 7.2
    endloop
  endfacet
  facet normal -0.305923 0.882236 0.357869
    outer loop
      vertex -3.63423 9.85101 18
      vertex -3.24468 9.98609 18
      vertex -4.43029 12.0088 12
    endloop
  endfacet
  facet normal -0.305974 0.882217 0.357873
    outer loop
      vertex -3.24468 9.98609 18
      vertex -3.95541 12.1735 12
      vertex -4.43029 12.0088 12
    endloop
  endfacet
  facet normal -0.318734 0.918678 -0.233324
    outer loop
      vertex -3.6155 11.1274 23
      vertex -3.63423 9.85101 18
      vertex -4.04957 10.9768 23
    endloop
  endfacet
  facet normal -0.318577 0.918728 -0.233338
    outer loop
      vertex -3.6155 11.1274 23
      vertex -3.24468 9.98609 18
      vertex -3.63423 9.85101 18
    endloop
  endfacet
  facet normal -0.318767 0.919506 -0.229991
    outer loop
      vertex -4.01722 12.3637 28.5
      vertex -4.04957 10.9768 23
      vertex -4.49952 12.1965 28.5
    endloop
  endfacet
  facet normal -0.318996 0.919432 -0.229971
    outer loop
      vertex -4.01722 12.3637 28.5
      vertex -3.6155 11.1274 23
      vertex -4.04957 10.9768 23
    endloop
  endfacet
  facet normal -0.312127 0.89984 0.304738
    outer loop
      vertex -4.22263 11.4459 31
      vertex -3.77001 11.6029 31
      vertex -4.49952 12.1965 28.5
    endloop
  endfacet
  facet normal -0.311972 0.899904 0.304708
    outer loop
      vertex -3.77001 11.6029 31
      vertex -4.01722 12.3637 28.5
      vertex -4.49952 12.1965 28.5
    endloop
  endfacet
  facet normal -0.259433 0.748137 0.610725
    outer loop
      vertex -3.28811 8.91282 34.5
      vertex -2.93566 9.03504 34.5
      vertex -4.22263 11.4459 31
    endloop
  endfacet
  facet normal -0.259497 0.748111 0.61073
    outer loop
      vertex -2.93566 9.03504 34.5
      vertex -3.77001 11.6029 31
      vertex -4.22263 11.4459 31
    endloop
  endfacet
  facet normal -0.262095 0.755908 -0.599924
    outer loop
      vertex -3.39919 10.4616 36.5
      vertex -3.28811 8.91282 34.5
      vertex -3.80729 10.3201 36.5
    endloop
  endfacet
  facet normal -0.262126 0.755901 -0.59992
    outer loop
      vertex -2.93566 9.03504 34.5
      vertex -3.28811 8.91282 34.5
      vertex -3.39919 10.4616 36.5
    endloop
  endfacet
  facet normal -0.216803 0.625173 -0.74977
    outer loop
      vertex -3.92451 12.0784 38
      vertex -3.80729 10.3201 36.5
      vertex -4.39569 11.915 38
    endloop
  endfacet
  facet normal -0.216768 0.625179 -0.749775
    outer loop
      vertex -3.39919 10.4616 36.5
      vertex -3.80729 10.3201 36.5
      vertex -3.92451 12.0784 38
    endloop
  endfacet
  facet normal -0.231705 0.668117 0.707059
    outer loop
      vertex -4.67258 12.6656 44.2
      vertex -4.39568 11.915 45
      vertex -3.92452 12.0784 45
    endloop
  endfacet
  facet normal -0 0.729264 0.684232
    outer loop
      vertex -4.39569 11.915 45
      vertex -4.39568 11.915 45
      vertex -4.67258 12.6656 44.2
    endloop
  endfacet
  facet normal -0.231709 0.668114 0.707061
    outer loop
      vertex -3.92452 12.0784 45
      vertex -4.17173 12.8393 44.2
      vertex -4.67258 12.6656 44.2
    endloop
  endfacet
  facet normal -0.327664 0.944794 0
    outer loop
      vertex -5.56231 17.119 0
      vertex -6.23011 16.8874 1.5
      vertex -5.56231 17.119 1.5
    endloop
  endfacet
  facet normal -0.327664 0.944794 0
    outer loop
      vertex -6.23011 16.8874 1.5
      vertex -5.56231 17.119 0
      vertex -6.23011 16.8874 0
    endloop
  endfacet
  facet normal -0.194144 0.640265 0.743215
    outer loop
      vertex -5.25329 16.168 2.39999
      vertex -4.61449 16.3617 2.39999
      vertex -5.56231 17.119 1.5
    endloop
  endfacet
  facet normal -0.194225 0.640203 0.743248
    outer loop
      vertex -4.61449 16.3617 2.39999
      vertex -4.88593 17.3242 1.5
      vertex -5.56231 17.119 1.5
    endloop
  endfacet
  facet normal -0.287556 0.947834 0.137561
    outer loop
      vertex -5.09878 15.6924 6
      vertex -4.47877 15.8805 6
      vertex -5.25329 16.168 2.39999
    endloop
  endfacet
  facet normal -0.28742 0.947879 0.137535
    outer loop
      vertex -4.47877 15.8805 6
      vertex -4.61449 16.3617 2.39999
      vertex -5.25329 16.168 2.39999
    endloop
  endfacet
  facet normal -0.241473 0.796307 0.554604
    outer loop
      vertex -4.85157 14.9316 7.2
      vertex -4.26161 15.1105 7.2
      vertex -5.09878 15.6924 6
    endloop
  endfacet
  facet normal -0.241568 0.796251 0.554643
    outer loop
      vertex -4.26161 15.1105 7.2
      vertex -4.47877 15.8805 6
      vertex -5.09878 15.6924 6
    endloop
  endfacet
  facet normal -0.248465 0.819101 0.517047
    outer loop
      vertex -3.95541 12.1735 12
      vertex -3.47443 12.3194 12
      vertex -4.85157 14.9316 7.2
    endloop
  endfacet
  facet normal -0.248393 0.819127 0.517041
    outer loop
      vertex -3.47443 12.3194 12
      vertex -4.26161 15.1105 7.2
      vertex -4.85157 14.9316 7.2
    endloop
  endfacet
  facet normal -0.271104 0.893549 0.357873
    outer loop
      vertex -3.24468 9.98609 18
      vertex -2.85012 10.1058 18
      vertex -3.95541 12.1735 12
    endloop
  endfacet
  facet normal -0.271053 0.893566 0.35787
    outer loop
      vertex -2.85012 10.1058 18
      vertex -3.47443 12.3194 12
      vertex -3.95541 12.1735 12
    endloop
  endfacet
  facet normal -0.282143 0.930564 -0.233337
    outer loop
      vertex -3.17585 11.2607 23
      vertex -3.24468 9.98609 18
      vertex -3.6155 11.1274 23
    endloop
  endfacet
  facet normal -0.282319 0.930514 -0.233322
    outer loop
      vertex -3.17585 11.2607 23
      vertex -2.85012 10.1058 18
      vertex -3.24468 9.98609 18
    endloop
  endfacet
  facet normal -0.282536 0.931282 -0.229972
    outer loop
      vertex -3.52873 12.5119 28.5
      vertex -3.6155 11.1274 23
      vertex -4.01722 12.3637 28.5
    endloop
  endfacet
  facet normal -0.282375 0.931328 -0.229986
    outer loop
      vertex -3.52873 12.5119 28.5
      vertex -3.17585 11.2607 23
      vertex -3.6155 11.1274 23
    endloop
  endfacet
  facet normal -0.276542 0.911415 0.304707
    outer loop
      vertex -3.77001 11.6029 31
      vertex -3.31157 11.742 31
      vertex -4.01722 12.3637 28.5
    endloop
  endfacet
  facet normal -0.276512 0.911426 0.304702
    outer loop
      vertex -3.31157 11.742 31
      vertex -3.52873 12.5119 28.5
      vertex -4.01722 12.3637 28.5
    endloop
  endfacet
  facet normal -0.229842 0.757747 0.610731
    outer loop
      vertex -2.93566 9.03504 34.5
      vertex -2.57868 9.14332 34.5
      vertex -3.77001 11.6029 31
    endloop
  endfacet
  facet normal -0.229908 0.757723 0.610736
    outer loop
      vertex -2.57868 9.14332 34.5
      vertex -3.31157 11.742 31
      vertex -3.77001 11.6029 31
    endloop
  endfacet
  facet normal -0.232265 0.765603 -0.59992
    outer loop
      vertex -2.98584 10.587 36.5
      vertex -2.93566 9.03504 34.5
      vertex -3.39919 10.4616 36.5
    endloop
  endfacet
  facet normal -0.232227 0.765611 -0.599925
    outer loop
      vertex -2.57868 9.14332 34.5
      vertex -2.93566 9.03504 34.5
      vertex -2.98584 10.587 36.5
    endloop
  endfacet
  facet normal -0.192124 0.633187 -0.749775
    outer loop
      vertex -3.44729 12.2232 38
      vertex -3.39919 10.4616 36.5
      vertex -3.92451 12.0784 38
    endloop
  endfacet
  facet normal -0.192094 0.633191 -0.749779
    outer loop
      vertex -2.98584 10.587 36.5
      vertex -3.39919 10.4616 36.5
      vertex -3.44729 12.2232 38
    endloop
  endfacet
  facet normal -0.205323 0.676687 0.707062
    outer loop
      vertex -3.92452 12.0784 45
      vertex -3.4473 12.2232 45
      vertex -4.17173 12.8393 44.2
    endloop
  endfacet
  facet normal 0 0.720532 0.693422
    outer loop
      vertex -3.66445 12.9931 44.2
      vertex -3.4473 12.2232 45
      vertex -3.44729 12.2232 45
    endloop
  endfacet
  facet normal -0.20519 0.67678 0.707012
    outer loop
      vertex -3.4473 12.2232 45
      vertex -3.66445 12.9931 44.2
      vertex -4.17173 12.8393 44.2
    endloop
  endfacet
  facet normal -0.290314 0.956932 0
    outer loop
      vertex -4.88593 17.3242 0
      vertex -5.56231 17.119 1.5
      vertex -4.88593 17.3242 1.5
    endloop
  endfacet
  facet normal -0.290314 0.956932 0
    outer loop
      vertex -5.56231 17.119 1.5
      vertex -4.88593 17.3242 0
      vertex -5.56231 17.119 0
    endloop
  endfacet
  facet normal -0.168967 0.647327 0.743249
    outer loop
      vertex -4.61449 16.3617 2.39999
      vertex -3.96857 16.5303 2.39999
      vertex -4.88593 17.3242 1.5
    endloop
  endfacet
  facet normal -0.168954 0.647336 0.743243
    outer loop
      vertex -3.96857 16.5303 2.39999
      vertex -4.20202 17.5027 1.5
      vertex -4.88593 17.3242 1.5
    endloop
  endfacet
  facet normal -0.250103 0.958401 0.137535
    outer loop
      vertex -4.47877 15.8805 6
      vertex -3.85185 16.0441 6
      vertex -4.61449 16.3617 2.39999
    endloop
  endfacet
  facet normal -0.25016 0.958385 0.137546
    outer loop
      vertex -3.85185 16.0441 6
      vertex -3.96857 16.5303 2.39999
      vertex -4.61449 16.3617 2.39999
    endloop
  endfacet
  facet normal -0.210146 0.805114 0.554644
    outer loop
      vertex -4.26161 15.1105 7.2
      vertex -3.66509 15.2662 7.2
      vertex -4.47877 15.8805 6
    endloop
  endfacet
  facet normal -0.210107 0.805135 0.554628
    outer loop
      vertex -3.66509 15.2662 7.2
      vertex -3.85185 16.0441 6
      vertex -4.47877 15.8805 6
    endloop
  endfacet
  facet normal -0.216113 0.82823 0.51704
    outer loop
      vertex -3.47443 12.3194 12
      vertex -2.9881 12.4463 12
      vertex -4.26161 15.1105 7.2
    endloop
  endfacet
  facet normal -0.216174 0.82821 0.517046
    outer loop
      vertex -2.9881 12.4463 12
      vertex -3.66509 15.2662 7.2
      vertex -4.26161 15.1105 7.2
    endloop
  endfacet
  facet normal -0.235765 0.903518 0.35787
    outer loop
      vertex -2.85012 10.1058 18
      vertex -2.45118 10.2099 18
      vertex -3.47443 12.3194 12
    endloop
  endfacet
  facet normal -0.235759 0.903519 0.357869
    outer loop
      vertex -2.45118 10.2099 18
      vertex -2.9881 12.4463 12
      vertex -3.47443 12.3194 12
    endloop
  endfacet
  facet normal -0.24552 0.940893 -0.233322
    outer loop
      vertex -2.73131 11.3767 23
      vertex -2.85012 10.1058 18
      vertex -3.17585 11.2607 23
    endloop
  endfacet
  facet normal -0.245518 0.940894 -0.233322
    outer loop
      vertex -2.73131 11.3767 23
      vertex -2.45118 10.2099 18
      vertex -2.85012 10.1058 18
    endloop
  endfacet
  facet normal -0.245738 0.941658 -0.229985
    outer loop
      vertex -3.03479 12.6408 28.5
      vertex -3.17585 11.2607 23
      vertex -3.52873 12.5119 28.5
    endloop
  endfacet
  facet normal -0.245721 0.941662 -0.229987
    outer loop
      vertex -3.03479 12.6408 28.5
      vertex -2.73131 11.3767 23
      vertex -3.17585 11.2607 23
    endloop
  endfacet
  facet normal -0.240375 0.921617 0.304701
    outer loop
      vertex -3.31157 11.742 31
      vertex -2.84803 11.8629 31
      vertex -3.52873 12.5119 28.5
    endloop
  endfacet
  facet normal -0.240497 0.921577 0.304724
    outer loop
      vertex -2.84803 11.8629 31
      vertex -3.03479 12.6408 28.5
      vertex -3.52873 12.5119 28.5
    endloop
  endfacet
  facet normal -0.199934 0.766177 0.610737
    outer loop
      vertex -2.57868 9.14332 34.5
      vertex -2.21773 9.23751 34.5
      vertex -3.31157 11.742 31
    endloop
  endfacet
  facet normal -0.199841 0.766207 0.610729
    outer loop
      vertex -2.21773 9.23751 34.5
      vertex -2.84803 11.8629 31
      vertex -3.31157 11.742 31
    endloop
  endfacet
  facet normal -0.202077 0.774115 -0.599926
    outer loop
      vertex -2.5679 10.6961 36.5
      vertex -2.57868 9.14332 34.5
      vertex -2.98584 10.587 36.5
    endloop
  endfacet
  facet normal -0.202008 0.774126 -0.599935
    outer loop
      vertex -2.5679 10.6961 36.5
      vertex -2.21773 9.23751 34.5
      vertex -2.57868 9.14332 34.5
    endloop
  endfacet
  facet normal -0.167053 0.640253 -0.749779
    outer loop
      vertex -2.96476 12.3491 38
      vertex -2.98584 10.587 36.5
      vertex -3.44729 12.2232 38
    endloop
  endfacet
  facet normal -0.167131 0.640245 -0.749769
    outer loop
      vertex -2.96476 12.3491 38
      vertex -2.5679 10.6961 36.5
      vertex -2.98584 10.587 36.5
    endloop
  endfacet
  facet normal -0.178576 0.684314 0.706983
    outer loop
      vertex -3.22843 12.5918 44.6985
      vertex -3.44729 12.2232 45
      vertex -3.07213 12.3211 45
    endloop
  endfacet
  facet normal -0.178513 0.684301 0.707012
    outer loop
      vertex -3.44729 12.2232 45
      vertex -3.22843 12.5918 44.6985
      vertex -3.66445 12.9931 44.2
    endloop
  endfacet
  facet normal -0.178778 0.684133 0.707107
    outer loop
      vertex -3.22843 12.5918 44.6985
      vertex -3.48689 13.0395 44.2
      vertex -3.66445 12.9931 44.2
    endloop
  endfacet
  facet normal -0.252539 0.967587 0
    outer loop
      vertex -4.20202 17.5027 0
      vertex -4.88593 17.3242 1.5
      vertex -4.20202 17.5027 1.5
    endloop
  endfacet
  facet normal -0.252539 0.967587 0
    outer loop
      vertex -4.88593 17.3242 1.5
      vertex -4.20202 17.5027 0
      vertex -4.88593 17.3242 0
    endloop
  endfacet
  facet normal -0.143318 0.65349 0.743243
    outer loop
      vertex -3.96857 16.5303 2.39999
      vertex -3.31653 16.6733 2.39999
      vertex -4.20202 17.5027 1.5
    endloop
  endfacet
  facet normal -0.143309 0.653496 0.74324
    outer loop
      vertex -3.31653 16.6733 2.39999
      vertex -3.51163 17.6541 1.5
      vertex -4.20202 17.5027 1.5
    endloop
  endfacet
  facet normal -0.21234 0.967467 0.137546
    outer loop
      vertex -3.85185 16.0441 6
      vertex -3.21899 16.183 6
      vertex -3.96857 16.5303 2.39999
    endloop
  endfacet
  facet normal -0.212185 0.967505 0.137517
    outer loop
      vertex -3.21899 16.183 6
      vertex -3.31653 16.6733 2.39999
      vertex -3.96857 16.5303 2.39999
    endloop
  endfacet
  facet normal -0.1783 0.812771 0.554628
    outer loop
      vertex -3.66509 15.2662 7.2
      vertex -3.06292 15.3983 7.2
      vertex -3.85185 16.0441 6
    endloop
  endfacet
  facet normal -0.178378 0.812733 0.554659
    outer loop
      vertex -3.06292 15.3983 7.2
      vertex -3.21899 16.183 6
      vertex -3.85185 16.0441 6
    endloop
  endfacet
  facet normal -0.183411 0.836077 0.517046
    outer loop
      vertex -2.9881 12.4463 12
      vertex -2.49715 12.554 12
      vertex -3.66509 15.2662 7.2
    endloop
  endfacet
  facet normal -0.183413 0.836076 0.517046
    outer loop
      vertex -2.49715 12.554 12
      vertex -3.06292 15.3983 7.2
      vertex -3.66509 15.2662 7.2
    endloop
  endfacet
  facet normal -0.199983 0.912106 0.357868
    outer loop
      vertex -2.45118 10.2099 18
      vertex -2.04845 10.2982 18
      vertex -2.9881 12.4463 12
    endloop
  endfacet
  facet normal -0.200084 0.912081 0.357875
    outer loop
      vertex -2.04845 10.2982 18
      vertex -2.49715 12.554 12
      vertex -2.9881 12.4463 12
    endloop
  endfacet
  facet normal -0.208477 0.949788 -0.233323
    outer loop
      vertex -2.28256 11.4752 23
      vertex -2.45118 10.2099 18
      vertex -2.73131 11.3767 23
    endloop
  endfacet
  facet normal -0.208254 0.949833 -0.233341
    outer loop
      vertex -2.28256 11.4752 23
      vertex -2.04845 10.2982 18
      vertex -2.45118 10.2099 18
    endloop
  endfacet
  facet normal -0.208563 0.950583 -0.229987
    outer loop
      vertex -2.53617 12.7502 28.5
      vertex -2.73131 11.3767 23
      vertex -3.03479 12.6408 28.5
    endloop
  endfacet
  facet normal -0.208648 0.950566 -0.229979
    outer loop
      vertex -2.53617 12.7502 28.5
      vertex -2.28256 11.4752 23
      vertex -2.73131 11.3767 23
    endloop
  endfacet
  facet normal -0.204179 0.930298 0.304724
    outer loop
      vertex -2.84803 11.8629 31
      vertex -2.3801 11.9656 31
      vertex -3.03479 12.6408 28.5
    endloop
  endfacet
  facet normal -0.204116 0.930315 0.304713
    outer loop
      vertex -2.3801 11.9656 31
      vertex -2.53617 12.7502 28.5
      vertex -3.03479 12.6408 28.5
    endloop
  endfacet
  facet normal -0.169708 0.77344 0.610728
    outer loop
      vertex -2.21773 9.23751 34.5
      vertex -1.85336 9.31746 34.5
      vertex -2.84803 11.8629 31
    endloop
  endfacet
  facet normal -0.16975 0.773429 0.610732
    outer loop
      vertex -1.85336 9.31746 34.5
      vertex -2.3801 11.9656 31
      vertex -2.84803 11.8629 31
    endloop
  endfacet
  facet normal -0.171334 0.781488 -0.599934
    outer loop
      vertex -2.14599 10.7886 36.5
      vertex -2.21773 9.23751 34.5
      vertex -2.5679 10.6961 36.5
    endloop
  endfacet
  facet normal -0.17147 0.781472 -0.599916
    outer loop
      vertex -2.14599 10.7886 36.5
      vertex -1.85336 9.31746 34.5
      vertex -2.21773 9.23751 34.5
    endloop
  endfacet
  facet normal -0.141839 0.646318 -0.74977
    outer loop
      vertex -2.47765 12.456 38
      vertex -2.5679 10.6961 36.5
      vertex -2.96476 12.3491 38
    endloop
  endfacet
  facet normal -0.141701 0.646327 -0.749788
    outer loop
      vertex -2.47765 12.456 38
      vertex -2.14599 10.7886 36.5
      vertex -2.5679 10.6961 36.5
    endloop
  endfacet
  facet normal -0.214206 0.976788 0
    outer loop
      vertex -3.51163 17.6541 0
      vertex -4.20202 17.5027 1.5
      vertex -3.51163 17.6541 1.5
    endloop
  endfacet
  facet normal -0.214206 0.976788 0
    outer loop
      vertex -4.20202 17.5027 1.5
      vertex -3.51163 17.6541 0
      vertex -4.20202 17.5027 0
    endloop
  endfacet
  facet normal -0.11766 0.658598 0.74324
    outer loop
      vertex -3.31653 16.6733 2.39999
      vertex -2.65939 16.7907 2.39999
      vertex -3.51163 17.6541 1.5
    endloop
  endfacet
  facet normal -0.117653 0.658602 0.743237
    outer loop
      vertex -2.65939 16.7907 2.39999
      vertex -2.81582 17.7784 1.5
      vertex -3.51163 17.6541 1.5
    endloop
  endfacet
  facet normal -0.174126 0.975074 0.137517
    outer loop
      vertex -3.21899 16.183 6
      vertex -2.58117 16.2969 6
      vertex -3.31653 16.6733 2.39999
    endloop
  endfacet
  facet normal -0.174197 0.975059 0.13753
    outer loop
      vertex -2.58117 16.2969 6
      vertex -2.65939 16.7907 2.39999
      vertex -3.31653 16.6733 2.39999
    endloop
  endfacet
  facet normal -0.146304 0.819114 0.55466
    outer loop
      vertex -3.06292 15.3983 7.2
      vertex -2.45602 15.5067 7.2
      vertex -3.21899 16.183 6
    endloop
  endfacet
  facet normal -0.146277 0.819126 0.55465
    outer loop
      vertex -2.45602 15.5067 7.2
      vertex -2.58117 16.2969 6
      vertex -3.21899 16.183 6
    endloop
  endfacet
  facet normal -0.150543 0.842615 0.517046
    outer loop
      vertex -2.49715 12.554 12
      vertex -2.00236 12.6424 12
      vertex -3.06292 15.3983 7.2
    endloop
  endfacet
  facet normal -0.150503 0.842624 0.517043
    outer loop
      vertex -2.00236 12.6424 12
      vertex -2.45602 15.5067 7.2
      vertex -3.06292 15.3983 7.2
    endloop
  endfacet
  facet normal -0.164191 0.919221 0.357875
    outer loop
      vertex -2.04845 10.2982 18
      vertex -1.64256 10.3707 18
      vertex -2.49715 12.554 12
    endloop
  endfacet
  facet normal -0.164228 0.919213 0.357878
    outer loop
      vertex -1.64256 10.3707 18
      vertex -2.00236 12.6424 12
      vertex -2.49715 12.554 12
    endloop
  endfacet
  facet normal -0.171011 0.957239 -0.233341
    outer loop
      vertex -1.83028 11.556 23
      vertex -2.04845 10.2982 18
      vertex -2.28256 11.4752 23
    endloop
  endfacet
  facet normal -0.170983 0.957244 -0.233344
    outer loop
      vertex -1.83028 11.556 23
      vertex -1.64256 10.3707 18
      vertex -2.04845 10.2982 18
    endloop
  endfacet
  facet normal -0.171013 0.958052 -0.229979
    outer loop
      vertex -2.03365 12.8399 28.5
      vertex -2.28256 11.4752 23
      vertex -2.53617 12.7502 28.5
    endloop
  endfacet
  facet normal -0.171152 0.95803 -0.229968
    outer loop
      vertex -2.03365 12.8399 28.5
      vertex -1.83028 11.556 23
      vertex -2.28256 11.4752 23
    endloop
  endfacet
  facet normal -0.167403 0.937617 0.304713
    outer loop
      vertex -2.3801 11.9656 31
      vertex -1.9085 12.0498 31
      vertex -2.53617 12.7502 28.5
    endloop
  endfacet
  facet normal -0.167367 0.937626 0.304706
    outer loop
      vertex -1.9085 12.0498 31
      vertex -2.03365 12.8399 28.5
      vertex -2.53617 12.7502 28.5
    endloop
  endfacet
  facet normal -0.139204 0.779505 0.610732
    outer loop
      vertex -1.85336 9.31746 34.5
      vertex -1.48613 9.38304 34.5
      vertex -2.3801 11.9656 31
    endloop
  endfacet
  facet normal -0.139175 0.779512 0.61073
    outer loop
      vertex -1.48613 9.38304 34.5
      vertex -1.9085 12.0498 31
      vertex -2.3801 11.9656 31
    endloop
  endfacet
  facet normal -0.140768 0.787581 -0.599917
    outer loop
      vertex -1.72078 10.8646 36.5
      vertex -1.85336 9.31746 34.5
      vertex -2.14599 10.7886 36.5
    endloop
  endfacet
  facet normal -0.140648 0.78759 -0.599933
    outer loop
      vertex -1.72078 10.8646 36.5
      vertex -1.48613 9.38304 34.5
      vertex -1.85336 9.31746 34.5
    endloop
  endfacet
  facet normal -0.116232 0.651391 -0.749786
    outer loop
      vertex -1.98672 12.5436 38
      vertex -2.14599 10.7886 36.5
      vertex -2.47765 12.456 38
    endloop
  endfacet
  facet normal -0.116426 0.651387 -0.74976
    outer loop
      vertex -1.98672 12.5436 38
      vertex -1.72078 10.8646 36.5
      vertex -2.14599 10.7886 36.5
    endloop
  endfacet
  facet normal -0.175857 0.984416 0
    outer loop
      vertex -2.81582 17.7784 0
      vertex -3.51163 17.6541 1.5
      vertex -2.81582 17.7784 1.5
    endloop
  endfacet
  facet normal -0.175857 0.984416 0
    outer loop
      vertex -3.51163 17.6541 1.5
      vertex -2.81582 17.7784 0
      vertex -3.51163 17.6541 0
    endloop
  endfacet
  facet normal -0.0917024 0.662713 0.743238
    outer loop
      vertex -2.65939 16.7907 2.39999
      vertex -1.99814 16.8822 2.39999
      vertex -2.81582 17.7784 1.5
    endloop
  endfacet
  facet normal -0.0916296 0.662753 0.743211
    outer loop
      vertex -1.99814 16.8822 2.39999
      vertex -2.11567 17.8752 1.5
      vertex -2.81582 17.7784 1.5
    endloop
  endfacet
  facet normal -0.135603 0.981171 0.13753
    outer loop
      vertex -2.58117 16.2969 6
      vertex -1.93937 16.3856 6
      vertex -2.65939 16.7907 2.39999
    endloop
  endfacet
  facet normal -0.135765 0.981145 0.137559
    outer loop
      vertex -1.93937 16.3856 6
      vertex -1.99814 16.8822 2.39999
      vertex -2.65939 16.7907 2.39999
    endloop
  endfacet
  facet normal -0.114049 0.824231 0.55465
    outer loop
      vertex -2.45602 15.5067 7.2
      vertex -1.84534 15.5912 7.2
      vertex -2.58117 16.2969 6
    endloop
  endfacet
  facet normal -0.11392 0.824282 0.554601
    outer loop
      vertex -1.84534 15.5912 7.2
      vertex -1.93937 16.3856 6
      vertex -2.58117 16.2969 6
    endloop
  endfacet
  facet normal -0.117335 0.847879 0.517044
    outer loop
      vertex -2.00236 12.6424 12
      vertex -1.50448 12.7113 12
      vertex -2.45602 15.5067 7.2
    endloop
  endfacet
  facet normal -0.117322 0.847881 0.517042
    outer loop
      vertex -1.50448 12.7113 12
      vertex -1.84534 15.5912 7.2
      vertex -2.45602 15.5067 7.2
    endloop
  endfacet
  facet normal -0.127957 0.92496 0.357878
    outer loop
      vertex -1.64256 10.3707 18
      vertex -1.23414 10.4272 18
      vertex -2.00236 12.6424 12
    endloop
  endfacet
  facet normal -0.128001 0.924952 0.357881
    outer loop
      vertex -1.23414 10.4272 18
      vertex -1.50448 12.7113 12
      vertex -2.00236 12.6424 12
    endloop
  endfacet
  facet normal -0.133133 0.963237 -0.233343
    outer loop
      vertex -1.37519 11.6189 23
      vertex -1.64256 10.3707 18
      vertex -1.83028 11.556 23
    endloop
  endfacet
  facet normal -0.13325 0.963224 -0.233334
    outer loop
      vertex -1.37519 11.6189 23
      vertex -1.23414 10.4272 18
      vertex -1.64256 10.3707 18
    endloop
  endfacet
  facet normal -0.13345 0.964005 -0.229968
    outer loop
      vertex -1.52799 12.9099 28.5
      vertex -1.83028 11.556 23
      vertex -2.03365 12.8399 28.5
    endloop
  endfacet
  facet normal -0.133243 0.96403 -0.229986
    outer loop
      vertex -1.52799 12.9099 28.5
      vertex -1.37519 11.6189 23
      vertex -1.83028 11.556 23
    endloop
  endfacet
  facet normal -0.130425 0.943475 0.304705
    outer loop
      vertex -1.9085 12.0498 31
      vertex -1.43396 12.1154 31
      vertex -2.03365 12.8399 28.5
    endloop
  endfacet
  facet normal -0.130603 0.943439 0.304737
    outer loop
      vertex -1.43396 12.1154 31
      vertex -1.52799 12.9099 28.5
      vertex -2.03365 12.8399 28.5
    endloop
  endfacet
  facet normal -0.108487 0.784372 0.61073
    outer loop
      vertex -1.48613 9.38304 34.5
      vertex -1.1166 9.43415 34.5
      vertex -1.9085 12.0498 31
    endloop
  endfacet
  facet normal -0.108432 0.784383 0.610725
    outer loop
      vertex -1.1166 9.43415 34.5
      vertex -1.43396 12.1154 31
      vertex -1.9085 12.0498 31
    endloop
  endfacet
  facet normal -0.10965 0.7925 -0.599933
    outer loop
      vertex -1.29291 10.9238 36.5
      vertex -1.48613 9.38304 34.5
      vertex -1.72078 10.8646 36.5
    endloop
  endfacet
  facet normal -0.109612 0.792502 -0.599938
    outer loop
      vertex -1.29291 10.9238 36.5
      vertex -1.1166 9.43415 34.5
      vertex -1.48613 9.38304 34.5
    endloop
  endfacet
  facet normal -0.0907552 0.655454 -0.749762
    outer loop
      vertex -1.49272 12.612 38
      vertex -1.72078 10.8646 36.5
      vertex -1.98672 12.5436 38
    endloop
  endfacet
  facet normal -0.0906884 0.655453 -0.749771
    outer loop
      vertex -1.49272 12.612 38
      vertex -1.29291 10.9238 36.5
      vertex -1.72078 10.8646 36.5
    endloop
  endfacet
  facet normal -0.136953 0.990577 0
    outer loop
      vertex -2.11567 17.8752 0
      vertex -2.81582 17.7784 1.5
      vertex -2.11567 17.8752 1.5
    endloop
  endfacet
  facet normal -0.136953 0.990577 0
    outer loop
      vertex -2.81582 17.7784 1.5
      vertex -2.11567 17.8752 0
      vertex -2.81582 17.7784 0
    endloop
  endfacet
  facet normal -0.0655476 0.665839 0.74321
    outer loop
      vertex -1.99814 16.8822 2.39999
      vertex -1.3338 16.9476 2.39999
      vertex -2.11567 17.8752 1.5
    endloop
  endfacet
  facet normal -0.0655961 0.665815 0.743228
    outer loop
      vertex -1.3338 16.9476 2.39999
      vertex -1.41226 17.9445 1.5
      vertex -2.11567 17.8752 1.5
    endloop
  endfacet
  facet normal -0.0970744 0.985725 0.13756
    outer loop
      vertex -1.93937 16.3856 6
      vertex -1.29457 16.4491 6
      vertex -1.99814 16.8822 2.39999
    endloop
  endfacet
  facet normal -0.0970387 0.985729 0.137553
    outer loop
      vertex -1.29457 16.4491 6
      vertex -1.3338 16.9476 2.39999
      vertex -1.99814 16.8822 2.39999
    endloop
  endfacet
  facet normal -0.0815251 0.828114 0.5546
    outer loop
      vertex -1.84534 15.5912 7.2
      vertex -1.23181 15.6516 7.2
      vertex -1.93937 16.3856 6
    endloop
  endfacet
  facet normal -0.0815519 0.828105 0.55461
    outer loop
      vertex -1.23181 15.6516 7.2
      vertex -1.29457 16.4491 6
      vertex -1.93937 16.3856 6
    endloop
  endfacet
  facet normal -0.0837885 0.851849 0.517042
    outer loop
      vertex -1.50448 12.7113 12
      vertex -1.00428 12.7605 12
      vertex -1.84534 15.5912 7.2
    endloop
  endfacet
  facet normal -0.0838607 0.851838 0.517048
    outer loop
      vertex -1.00428 12.7605 12
      vertex -1.23181 15.6516 7.2
      vertex -1.84534 15.5912 7.2
    endloop
  endfacet
  facet normal -0.091496 0.929274 0.357881
    outer loop
      vertex -1.23414 10.4272 18
      vertex -0.82382 10.4676 18
      vertex -1.50448 12.7113 12
    endloop
  endfacet
  facet normal -0.0914051 0.929285 0.357875
    outer loop
      vertex -0.82382 10.4676 18
      vertex -1.00428 12.7605 12
      vertex -1.50448 12.7113 12
    endloop
  endfacet
  facet normal -0.0952442 0.967721 -0.233333
    outer loop
      vertex -0.917971 11.6639 23
      vertex -1.23414 10.4272 18
      vertex -1.37519 11.6189 23
    endloop
  endfacet
  facet normal -0.0952813 0.967718 -0.23333
    outer loop
      vertex -0.917971 11.6639 23
      vertex -0.82382 10.4676 18
      vertex -1.23414 10.4272 18
    endloop
  endfacet
  facet normal -0.0953225 0.968515 -0.229985
    outer loop
      vertex -1.01997 12.9599 28.5
      vertex -1.37519 11.6189 23
      vertex -1.52799 12.9099 28.5
    endloop
  endfacet
  facet normal -0.0953223 0.968515 -0.229985
    outer loop
      vertex -1.01997 12.9599 28.5
      vertex -0.917971 11.6639 23
      vertex -1.37519 11.6189 23
    endloop
  endfacet
  facet normal -0.0934402 0.947841 0.304738
    outer loop
      vertex -1.43396 12.1154 31
      vertex -0.9572 12.1624 31
      vertex -1.52799 12.9099 28.5
    endloop
  endfacet
  facet normal -0.0932901 0.947865 0.304711
    outer loop
      vertex -0.9572 12.1624 31
      vertex -1.01997 12.9599 28.5
      vertex -1.52799 12.9099 28.5
    endloop
  endfacet
  facet normal -0.0776061 0.788031 0.610725
    outer loop
      vertex -1.1166 9.43415 34.5
      vertex -0.745361 9.47071 34.5
      vertex -1.43396 12.1154 31
    endloop
  endfacet
  facet normal -0.0776845 0.788018 0.610731
    outer loop
      vertex -0.745361 9.47071 34.5
      vertex -0.9572 12.1624 31
      vertex -1.43396 12.1154 31
    endloop
  endfacet
  facet normal -0.0783495 0.796201 -0.599937
    outer loop
      vertex -0.86305 10.9661 36.5
      vertex -1.1166 9.43415 34.5
      vertex -1.29291 10.9238 36.5
    endloop
  endfacet
  facet normal -0.0784107 0.796201 -0.59993
    outer loop
      vertex -0.86305 10.9661 36.5
      vertex -0.745361 9.47071 34.5
      vertex -1.1166 9.43415 34.5
    endloop
  endfacet
  facet normal -0.0647521 0.658522 -0.74977
    outer loop
      vertex -0.996429 12.6608 38
      vertex -1.29291 10.9238 36.5
      vertex -1.49272 12.612 38
    endloop
  endfacet
  facet normal -0.0648016 0.658525 -0.749764
    outer loop
      vertex -0.996429 12.6608 38
      vertex -0.86305 10.9661 36.5
      vertex -1.29291 10.9238 36.5
    endloop
  endfacet
  facet normal -0.0980454 0.995182 0
    outer loop
      vertex -1.41226 17.9445 0
      vertex -2.11567 17.8752 1.5
      vertex -1.41226 17.9445 1.5
    endloop
  endfacet
  facet normal -0.0980454 0.995182 0
    outer loop
      vertex -2.11567 17.8752 1.5
      vertex -1.41226 17.9445 0
      vertex -2.11567 17.8752 0
    endloop
  endfacet
  facet normal -0.0393882 0.667878 0.743228
    outer loop
      vertex -1.3338 16.9476 2.39999
      vertex -0.667417 16.9869 2.39999
      vertex -1.41226 17.9445 1.5
    endloop
  endfacet
  facet normal -0.0393772 0.667883 0.743224
    outer loop
      vertex -0.667417 16.9869 2.39999
      vertex -0.706676 17.9861 1.5
      vertex -1.41226 17.9445 1.5
    endloop
  endfacet
  facet normal -0.0583983 0.988771 0.137553
    outer loop
      vertex -1.29457 16.4491 6
      vertex -0.647786 16.4873 6
      vertex -1.3338 16.9476 2.39999
    endloop
  endfacet
  facet normal -0.0583133 0.988778 0.137538
    outer loop
      vertex -0.647786 16.4873 6
      vertex -0.667417 16.9869 2.39999
      vertex -1.3338 16.9476 2.39999
    endloop
  endfacet
  facet normal -0.0489953 0.830667 0.55461
    outer loop
      vertex -1.23181 15.6516 7.2
      vertex -0.616379 15.6879 7.2
      vertex -1.29457 16.4491 6
    endloop
  endfacet
  facet normal -0.0490592 0.830647 0.554634
    outer loop
      vertex -0.616379 15.6879 7.2
      vertex -0.647786 16.4873 6
      vertex -1.29457 16.4491 6
    endloop
  endfacet
  facet normal -0.0504076 0.854471 0.517048
    outer loop
      vertex -1.00428 12.7605 12
      vertex -0.502524 12.7901 12
      vertex -1.23181 15.6516 7.2
    endloop
  endfacet
  facet normal -0.0503994 0.854472 0.517047
    outer loop
      vertex -0.502524 12.7901 12
      vertex -0.616379 15.6879 7.2
      vertex -1.23181 15.6516 7.2
    endloop
  endfacet
  facet normal -0.055033 0.932146 0.357875
    outer loop
      vertex -0.82382 10.4676 18
      vertex -0.412228 10.4919 18
      vertex -1.00428 12.7605 12
    endloop
  endfacet
  facet normal -0.0549902 0.93215 0.357872
    outer loop
      vertex -0.412228 10.4919 18
      vertex -0.502524 12.7901 12
      vertex -1.00428 12.7605 12
    endloop
  endfacet
  facet normal -0.0573577 0.970704 -0.233331
    outer loop
      vertex -0.459339 11.691 23
      vertex -0.82382 10.4676 18
      vertex -0.917971 11.6639 23
    endloop
  endfacet
  facet normal -0.0573096 0.970706 -0.233335
    outer loop
      vertex -0.459339 11.691 23
      vertex -0.412228 10.4919 18
      vertex -0.82382 10.4676 18
    endloop
  endfacet
  facet normal -0.0573834 0.971501 -0.229985
    outer loop
      vertex -0.510377 12.99 28.5
      vertex -0.917971 11.6639 23
      vertex -1.01997 12.9599 28.5
    endloop
  endfacet
  facet normal -0.0574047 0.9715 -0.229983
    outer loop
      vertex -0.510377 12.99 28.5
      vertex -0.459339 11.691 23
      vertex -0.917971 11.6639 23
    endloop
  endfacet
  facet normal -0.0560659 0.950793 0.304711
    outer loop
      vertex -0.9572 12.1624 31
      vertex -0.47897 12.1906 31
      vertex -1.01997 12.9599 28.5
    endloop
  endfacet
  facet normal -0.0561596 0.950782 0.304728
    outer loop
      vertex -0.47897 12.1906 31
      vertex -0.510377 12.99 28.5
      vertex -1.01997 12.9599 28.5
    endloop
  endfacet
  facet normal -0.0466348 0.790463 0.610732
    outer loop
      vertex -0.745361 9.47071 34.5
      vertex -0.372968 9.49268 34.5
      vertex -0.9572 12.1624 31
    endloop
  endfacet
  facet normal -0.0466118 0.790466 0.61073
    outer loop
      vertex -0.372968 9.49268 34.5
      vertex -0.47897 12.1906 31
      vertex -0.9572 12.1624 31
    endloop
  endfacet
  facet normal -0.0470466 0.798669 -0.599929
    outer loop
      vertex -0.431857 10.9915 36.5
      vertex -0.745361 9.47071 34.5
      vertex -0.86305 10.9661 36.5
    endloop
  endfacet
  facet normal -0.0471191 0.798671 -0.59992
    outer loop
      vertex -0.431857 10.9915 36.5
      vertex -0.372968 9.49268 34.5
      vertex -0.745361 9.47071 34.5
    endloop
  endfacet
  facet normal -0.0390099 0.660555 -0.749764
    outer loop
      vertex -0.498599 12.6902 38
      vertex -0.86305 10.9661 36.5
      vertex -0.996429 12.6608 38
    endloop
  endfacet
  facet normal -0.0389103 0.660545 -0.749777
    outer loop
      vertex -0.498599 12.6902 38
      vertex -0.431857 10.9915 36.5
      vertex -0.86305 10.9661 36.5
    endloop
  endfacet
  facet normal -0.058856 0.998266 0
    outer loop
      vertex -0.706676 17.9861 0
      vertex -1.41226 17.9445 1.5
      vertex -0.706676 17.9861 1.5
    endloop
  endfacet
  facet normal -0.058856 0.998266 0
    outer loop
      vertex -1.41226 17.9445 1.5
      vertex -0.706676 17.9861 0
      vertex -1.41226 17.9445 0
    endloop
  endfacet
  facet normal -0.0131294 0.668914 0.743224
    outer loop
      vertex -0.667417 16.9869 2.39999
      vertex 0 17 2.39999
      vertex -0.706676 17.9861 1.5
    endloop
  endfacet
  facet normal -0.013157 0.668903 0.743234
    outer loop
      vertex 0 17 2.39999
      vertex 0 18 1.5
      vertex -0.706676 17.9861 1.5
    endloop
  endfacet
  facet normal -0.0194152 0.990306 0.137538
    outer loop
      vertex -0.647786 16.4873 6
      vertex 0 16.5 6
      vertex -0.667417 16.9869 2.39999
    endloop
  endfacet
  facet normal -0.0194376 0.990305 0.137542
    outer loop
      vertex 0 16.5 6
      vertex 0 17 2.39999
      vertex -0.667417 16.9869 2.39999
    endloop
  endfacet
  facet normal -0.0163315 0.831934 0.554634
    outer loop
      vertex -0.616379 15.6879 7.2
      vertex 0 15.7 7.2
      vertex -0.647786 16.4873 6
    endloop
  endfacet
  facet normal -0.0163104 0.83194 0.554626
    outer loop
      vertex 0 15.7 7.2
      vertex 0 16.5 6
      vertex -0.647786 16.4873 6
    endloop
  endfacet
  facet normal -0.0168595 0.85579 0.517048
    outer loop
      vertex -0.502524 12.7901 12
      vertex 0 12.8 12
      vertex -0.616379 15.6879 7.2
    endloop
  endfacet
  facet normal -0.0167999 0.855795 0.517043
    outer loop
      vertex 0 12.8 12
      vertex 0 15.7 7.2
      vertex -0.616379 15.6879 7.2
    endloop
  endfacet
  facet normal -0.0183444 0.93359 0.357872
    outer loop
      vertex -0.412228 10.4919 18
      vertex 0 10.5 18
      vertex -0.502524 12.7901 12
    endloop
  endfacet
  facet normal -0.0183922 0.933588 0.357875
    outer loop
      vertex 0 10.5 18
      vertex 0 12.8 12
      vertex -0.502524 12.7901 12
    endloop
  endfacet
  facet normal -0.0190489 0.97221 -0.233335
    outer loop
      vertex 0 11.7 23
      vertex -0.412228 10.4919 18
      vertex -0.459339 11.691 23
    endloop
  endfacet
  facet normal -0.0191033 0.97221 -0.23333
    outer loop
      vertex 0 11.7 23
      vertex 0 10.5 18
      vertex -0.412228 10.4919 18
    endloop
  endfacet
  facet normal -0.0190645 0.973008 -0.229984
    outer loop
      vertex 0 13 28.5
      vertex -0.459339 11.691 23
      vertex -0.510377 12.99 28.5
    endloop
  endfacet
  facet normal -0.0190645 0.973008 -0.229984
    outer loop
      vertex 0 13 28.5
      vertex 0 11.7 23
      vertex -0.459339 11.691 23
    endloop
  endfacet
  facet normal -0.0186884 0.952256 0.304728
    outer loop
      vertex -0.47897 12.1906 31
      vertex 0 12.2 31
      vertex -0.510377 12.99 28.5
    endloop
  endfacet
  facet normal -0.0186579 0.952258 0.304723
    outer loop
      vertex 0 12.2 31
      vertex 0 13 28.5
      vertex -0.510377 12.99 28.5
    endloop
  endfacet
  facet normal -0.0155379 0.791687 0.61073
    outer loop
      vertex -0.372968 9.49268 34.5
      vertex 0 9.5 34.5
      vertex -0.47897 12.1906 31
    endloop
  endfacet
  facet normal -0.0155372 0.791687 0.61073
    outer loop
      vertex 0 9.5 34.5
      vertex 0 12.2 31
      vertex -0.47897 12.1906 31
    endloop
  endfacet
  facet normal -0.0157441 0.799905 -0.59992
    outer loop
      vertex 0 11 36.5
      vertex -0.372968 9.49268 34.5
      vertex -0.431857 10.9915 36.5
    endloop
  endfacet
  facet normal -0.0156991 0.799901 -0.599926
    outer loop
      vertex 0 11 36.5
      vertex 0 9.5 34.5
      vertex -0.372968 9.49268 34.5
    endloop
  endfacet
  facet normal -0.0130031 0.661563 -0.749777
    outer loop
      vertex 0 12.7 38
      vertex -0.431857 10.9915 36.5
      vertex -0.498599 12.6902 38
    endloop
  endfacet
  facet normal -0.0130212 0.661566 -0.749774
    outer loop
      vertex 0 12.7 38
      vertex 0 11 36.5
      vertex -0.431857 10.9915 36.5
    endloop
  endfacet
  facet normal -0.0196657 0.999807 0
    outer loop
      vertex 0 18 0
      vertex -0.706676 17.9861 1.5
      vertex 0 18 1.5
    endloop
  endfacet
  facet normal -0.0196657 0.999807 0
    outer loop
      vertex -0.706676 17.9861 1.5
      vertex 0 18 0
      vertex -0.706676 17.9861 0
    endloop
  endfacet
  facet normal 0.0131292 0.668903 0.743234
    outer loop
      vertex 0.667417 16.9869 2.39999
      vertex 0 18 1.5
      vertex 0 17 2.39999
    endloop
  endfacet
  facet normal 0.0131572 0.668913 0.743224
    outer loop
      vertex 0.667417 16.9869 2.39999
      vertex 0.706676 17.9861 1.5
      vertex 0 18 1.5
    endloop
  endfacet
  facet normal 0.0194152 0.990306 0.137542
    outer loop
      vertex 0.647786 16.4873 6
      vertex 0 17 2.39999
      vertex 0 16.5 6
    endloop
  endfacet
  facet normal 0.0194376 0.990306 0.137538
    outer loop
      vertex 0.647786 16.4873 6
      vertex 0.667417 16.9869 2.39999
      vertex 0 17 2.39999
    endloop
  endfacet
  facet normal 0.0163316 0.831939 0.554626
    outer loop
      vertex 0.616379 15.6879 7.2
      vertex 0 16.5 6
      vertex 0 15.7 7.2
    endloop
  endfacet
  facet normal 0.0163103 0.831935 0.554634
    outer loop
      vertex 0.616379 15.6879 7.2
      vertex 0.647786 16.4873 6
      vertex 0 16.5 6
    endloop
  endfacet
  facet normal 0.0168596 0.855794 0.517042
    outer loop
      vertex 0.502524 12.7901 12
      vertex 0 15.7 7.2
      vertex 0 12.8 12
    endloop
  endfacet
  facet normal 0.0167999 0.855792 0.517047
    outer loop
      vertex 0.502524 12.7901 12
      vertex 0.616379 15.6879 7.2
      vertex 0 15.7 7.2
    endloop
  endfacet
  facet normal 0.0183444 0.933589 0.357876
    outer loop
      vertex 0.412228 10.4919 18
      vertex 0 12.8 12
      vertex 0 10.5 18
    endloop
  endfacet
  facet normal 0.0183922 0.933589 0.357873
    outer loop
      vertex 0.412228 10.4919 18
      vertex 0.502524 12.7901 12
      vertex 0 12.8 12
    endloop
  endfacet
  facet normal 0.0190489 0.972211 -0.233331
    outer loop
      vertex 0 11.7 23
      vertex 0.459339 11.691 23
      vertex 0 10.5 18
    endloop
  endfacet
  facet normal 0.0191032 0.972209 -0.233335
    outer loop
      vertex 0.459339 11.691 23
      vertex 0.412228 10.4919 18
      vertex 0 10.5 18
    endloop
  endfacet
  facet normal 0.0190645 0.973008 -0.229984
    outer loop
      vertex 0 13 28.5
      vertex 0.510377 12.99 28.5
      vertex 0 11.7 23
    endloop
  endfacet
  facet normal 0.0190645 0.973008 -0.229984
    outer loop
      vertex 0.510377 12.99 28.5
      vertex 0.459339 11.691 23
      vertex 0 11.7 23
    endloop
  endfacet
  facet normal 0.0186885 0.952258 0.304722
    outer loop
      vertex 0.47897 12.1906 31
      vertex 0 13 28.5
      vertex 0 12.2 31
    endloop
  endfacet
  facet normal 0.0186579 0.952257 0.304728
    outer loop
      vertex 0.47897 12.1906 31
      vertex 0.510377 12.99 28.5
      vertex 0 13 28.5
    endloop
  endfacet
  facet normal 0.0155379 0.791687 0.61073
    outer loop
      vertex 0.372968 9.49268 34.5
      vertex 0 12.2 31
      vertex 0 9.5 34.5
    endloop
  endfacet
  facet normal 0.0155372 0.791687 0.61073
    outer loop
      vertex 0.372968 9.49268 34.5
      vertex 0.47897 12.1906 31
      vertex 0 12.2 31
    endloop
  endfacet
  facet normal 0.015744 0.799901 -0.599926
    outer loop
      vertex 0 11 36.5
      vertex 0.431857 10.9915 36.5
      vertex 0 9.5 34.5
    endloop
  endfacet
  facet normal 0.0156992 0.799906 -0.59992
    outer loop
      vertex 0.431857 10.9915 36.5
      vertex 0.372968 9.49268 34.5
      vertex 0 9.5 34.5
    endloop
  endfacet
  facet normal 0.0130031 0.661566 -0.749774
    outer loop
      vertex 0 12.7 38
      vertex 0.498599 12.6902 38
      vertex 0 11 36.5
    endloop
  endfacet
  facet normal 0.0130212 0.661563 -0.749777
    outer loop
      vertex 0.498599 12.6902 38
      vertex 0.431857 10.9915 36.5
      vertex 0 11 36.5
    endloop
  endfacet
  facet normal 0.0196657 0.999807 -0
    outer loop
      vertex 0.706676 17.9861 0
      vertex 0 18 1.5
      vertex 0.706676 17.9861 1.5
    endloop
  endfacet
  facet normal 0.0196657 0.999807 0
    outer loop
      vertex 0 18 1.5
      vertex 0.706676 17.9861 0
      vertex 0 18 0
    endloop
  endfacet
  facet normal 0.0393884 0.667882 0.743224
    outer loop
      vertex 1.3338 16.9476 2.39999
      vertex 0.706676 17.9861 1.5
      vertex 0.667417 16.9869 2.39999
    endloop
  endfacet
  facet normal 0.039377 0.667879 0.743228
    outer loop
      vertex 1.3338 16.9476 2.39999
      vertex 1.41226 17.9445 1.5
      vertex 0.706676 17.9861 1.5
    endloop
  endfacet
  facet normal 0.0583984 0.988773 0.137538
    outer loop
      vertex 1.29457 16.4491 6
      vertex 0.667417 16.9869 2.39999
      vertex 0.647786 16.4873 6
    endloop
  endfacet
  facet normal 0.0583132 0.988776 0.137553
    outer loop
      vertex 1.29457 16.4491 6
      vertex 1.3338 16.9476 2.39999
      vertex 0.667417 16.9869 2.39999
    endloop
  endfacet
  facet normal 0.0489943 0.830651 0.554634
    outer loop
      vertex 1.23181 15.6516 7.2
      vertex 0.647786 16.4873 6
      vertex 0.616379 15.6879 7.2
    endloop
  endfacet
  facet normal 0.0490601 0.830663 0.55461
    outer loop
      vertex 1.23181 15.6516 7.2
      vertex 1.29457 16.4491 6
      vertex 0.647786 16.4873 6
    endloop
  endfacet
  facet normal 0.0504077 0.854471 0.517047
    outer loop
      vertex 1.00428 12.7605 12
      vertex 0.616379 15.6879 7.2
      vertex 0.502524 12.7901 12
    endloop
  endfacet
  facet normal 0.0503993 0.854471 0.517048
    outer loop
      vertex 1.00428 12.7605 12
      vertex 1.23181 15.6516 7.2
      vertex 0.616379 15.6879 7.2
    endloop
  endfacet
  facet normal 0.0550331 0.932148 0.357872
    outer loop
      vertex 0.82382 10.4676 18
      vertex 0.502524 12.7901 12
      vertex 0.412228 10.4919 18
    endloop
  endfacet
  facet normal 0.0549901 0.932149 0.357875
    outer loop
      vertex 0.82382 10.4676 18
      vertex 1.00428 12.7605 12
      vertex 0.502524 12.7901 12
    endloop
  endfacet
  facet normal 0.0573577 0.970703 -0.233335
    outer loop
      vertex 0.459339 11.691 23
      vertex 0.917971 11.6639 23
      vertex 0.412228 10.4919 18
    endloop
  endfacet
  facet normal 0.0573096 0.970707 -0.233331
    outer loop
      vertex 0.917971 11.6639 23
      vertex 0.82382 10.4676 18
      vertex 0.412228 10.4919 18
    endloop
  endfacet
  facet normal 0.0573834 0.971501 -0.229983
    outer loop
      vertex 0.510377 12.99 28.5
      vertex 1.01997 12.9599 28.5
      vertex 0.459339 11.691 23
    endloop
  endfacet
  facet normal 0.0574047 0.9715 -0.229985
    outer loop
      vertex 1.01997 12.9599 28.5
      vertex 0.917971 11.6639 23
      vertex 0.459339 11.691 23
    endloop
  endfacet
  facet normal 0.0560655 0.950788 0.304728
    outer loop
      vertex 0.9572 12.1624 31
      vertex 0.510377 12.99 28.5
      vertex 0.47897 12.1906 31
    endloop
  endfacet
  facet normal 0.0561599 0.950788 0.304711
    outer loop
      vertex 0.9572 12.1624 31
      vertex 1.01997 12.9599 28.5
      vertex 0.510377 12.99 28.5
    endloop
  endfacet
  facet normal 0.0466349 0.790465 0.61073
    outer loop
      vertex 0.745361 9.47071 34.5
      vertex 0.47897 12.1906 31
      vertex 0.372968 9.49268 34.5
    endloop
  endfacet
  facet normal 0.0466117 0.790465 0.610731
    outer loop
      vertex 0.745361 9.47071 34.5
      vertex 0.9572 12.1624 31
      vertex 0.47897 12.1906 31
    endloop
  endfacet
  facet normal 0.047047 0.798675 -0.59992
    outer loop
      vertex 0.431857 10.9915 36.5
      vertex 0.86305 10.9661 36.5
      vertex 0.372968 9.49268 34.5
    endloop
  endfacet
  facet normal 0.0471186 0.798664 -0.59993
    outer loop
      vertex 0.86305 10.9661 36.5
      vertex 0.745361 9.47071 34.5
      vertex 0.372968 9.49268 34.5
    endloop
  endfacet
  facet normal 0.0390091 0.660541 -0.749776
    outer loop
      vertex 0.498599 12.6902 38
      vertex 0.996429 12.6608 38
      vertex 0.431857 10.9915 36.5
    endloop
  endfacet
  facet normal 0.0389113 0.660562 -0.749763
    outer loop
      vertex 0.996429 12.6608 38
      vertex 0.86305 10.9661 36.5
      vertex 0.431857 10.9915 36.5
    endloop
  endfacet
  facet normal 0.058856 0.998266 -0
    outer loop
      vertex 1.41226 17.9445 0
      vertex 0.706676 17.9861 1.5
      vertex 1.41226 17.9445 1.5
    endloop
  endfacet
  facet normal 0.058856 0.998266 0
    outer loop
      vertex 0.706676 17.9861 1.5
      vertex 1.41226 17.9445 0
      vertex 0.706676 17.9861 0
    endloop
  endfacet
  facet normal 0.0655456 0.665819 0.743228
    outer loop
      vertex 1.99814 16.8822 2.39999
      vertex 1.41226 17.9445 1.5
      vertex 1.3338 16.9476 2.39999
    endloop
  endfacet
  facet normal 0.065598 0.665834 0.743211
    outer loop
      vertex 1.99814 16.8822 2.39999
      vertex 2.11567 17.8752 1.5
      vertex 1.41226 17.9445 1.5
    endloop
  endfacet
  facet normal 0.0970744 0.985726 0.137553
    outer loop
      vertex 1.93937 16.3856 6
      vertex 1.3338 16.9476 2.39999
      vertex 1.29457 16.4491 6
    endloop
  endfacet
  facet normal 0.0970386 0.985729 0.13756
    outer loop
      vertex 1.93937 16.3856 6
      vertex 1.99814 16.8822 2.39999
      vertex 1.3338 16.9476 2.39999
    endloop
  endfacet
  facet normal 0.0815244 0.828107 0.55461
    outer loop
      vertex 1.84534 15.5912 7.2
      vertex 1.29457 16.4491 6
      vertex 1.23181 15.6516 7.2
    endloop
  endfacet
  facet normal 0.0815525 0.828111 0.5546
    outer loop
      vertex 1.84534 15.5912 7.2
      vertex 1.93937 16.3856 6
      vertex 1.29457 16.4491 6
    endloop
  endfacet
  facet normal 0.083788 0.851845 0.517049
    outer loop
      vertex 1.50448 12.7113 12
      vertex 1.23181 15.6516 7.2
      vertex 1.00428 12.7605 12
    endloop
  endfacet
  facet normal 0.083861 0.851842 0.517042
    outer loop
      vertex 1.50448 12.7113 12
      vertex 1.84534 15.5912 7.2
      vertex 1.23181 15.6516 7.2
    endloop
  endfacet
  facet normal 0.0914963 0.929276 0.357875
    outer loop
      vertex 1.23414 10.4272 18
      vertex 1.00428 12.7605 12
      vertex 0.82382 10.4676 18
    endloop
  endfacet
  facet normal 0.0914049 0.929283 0.357881
    outer loop
      vertex 1.23414 10.4272 18
      vertex 1.50448 12.7113 12
      vertex 1.00428 12.7605 12
    endloop
  endfacet
  facet normal 0.0952442 0.967722 -0.233331
    outer loop
      vertex 0.917971 11.6639 23
      vertex 1.37519 11.6189 23
      vertex 0.82382 10.4676 18
    endloop
  endfacet
  facet normal 0.0952812 0.967717 -0.233334
    outer loop
      vertex 1.37519 11.6189 23
      vertex 1.23414 10.4272 18
      vertex 0.82382 10.4676 18
    endloop
  endfacet
  facet normal 0.0953225 0.968515 -0.229985
    outer loop
      vertex 1.01997 12.9599 28.5
      vertex 1.52799 12.9099 28.5
      vertex 0.917971 11.6639 23
    endloop
  endfacet
  facet normal 0.0953223 0.968515 -0.229985
    outer loop
      vertex 1.52799 12.9099 28.5
      vertex 1.37519 11.6189 23
      vertex 0.917971 11.6639 23
    endloop
  endfacet
  facet normal 0.0934411 0.94785 0.30471
    outer loop
      vertex 1.43396 12.1154 31
      vertex 1.01997 12.9599 28.5
      vertex 0.9572 12.1624 31
    endloop
  endfacet
  facet normal 0.0932893 0.947857 0.304738
    outer loop
      vertex 1.43396 12.1154 31
      vertex 1.52799 12.9099 28.5
      vertex 1.01997 12.9599 28.5
    endloop
  endfacet
  facet normal 0.0776056 0.788026 0.610732
    outer loop
      vertex 1.1166 9.43415 34.5
      vertex 0.9572 12.1624 31
      vertex 0.745361 9.47071 34.5
    endloop
  endfacet
  facet normal 0.0776849 0.788022 0.610726
    outer loop
      vertex 1.1166 9.43415 34.5
      vertex 1.43396 12.1154 31
      vertex 0.9572 12.1624 31
    endloop
  endfacet
  facet normal 0.07835 0.796207 -0.59993
    outer loop
      vertex 0.86305 10.9661 36.5
      vertex 1.29291 10.9238 36.5
      vertex 0.745361 9.47071 34.5
    endloop
  endfacet
  facet normal 0.0784101 0.796195 -0.599938
    outer loop
      vertex 1.29291 10.9238 36.5
      vertex 1.1166 9.43415 34.5
      vertex 0.745361 9.47071 34.5
    endloop
  endfacet
  facet normal 0.0647528 0.658529 -0.749764
    outer loop
      vertex 0.996429 12.6608 38
      vertex 1.49272 12.612 38
      vertex 0.86305 10.9661 36.5
    endloop
  endfacet
  facet normal 0.0648008 0.658517 -0.749771
    outer loop
      vertex 1.49272 12.612 38
      vertex 1.29291 10.9238 36.5
      vertex 0.86305 10.9661 36.5
    endloop
  endfacet
  facet normal 0.0980454 0.995182 -0
    outer loop
      vertex 2.11567 17.8752 0
      vertex 1.41226 17.9445 1.5
      vertex 2.11567 17.8752 1.5
    endloop
  endfacet
  facet normal 0.0980454 0.995182 0
    outer loop
      vertex 1.41226 17.9445 1.5
      vertex 2.11567 17.8752 0
      vertex 1.41226 17.9445 0
    endloop
  endfacet
  facet normal 0.0917066 0.662743 0.74321
    outer loop
      vertex 2.65939 16.7907 2.39999
      vertex 2.11567 17.8752 1.5
      vertex 1.99814 16.8822 2.39999
    endloop
  endfacet
  facet normal 0.0916257 0.662724 0.743237
    outer loop
      vertex 2.65939 16.7907 2.39999
      vertex 2.81582 17.7784 1.5
      vertex 2.11567 17.8752 1.5
    endloop
  endfacet
  facet normal 0.135602 0.981167 0.13756
    outer loop
      vertex 2.58117 16.2969 6
      vertex 1.99814 16.8822 2.39999
      vertex 1.93937 16.3856 6
    endloop
  endfacet
  facet normal 0.135766 0.981149 0.13753
    outer loop
      vertex 2.58117 16.2969 6
      vertex 2.65939 16.7907 2.39999
      vertex 1.99814 16.8822 2.39999
    endloop
  endfacet
  facet normal 0.114054 0.824264 0.5546
    outer loop
      vertex 2.45602 15.5067 7.2
      vertex 1.93937 16.3856 6
      vertex 1.84534 15.5912 7.2
    endloop
  endfacet
  facet normal 0.113915 0.82425 0.554649
    outer loop
      vertex 2.45602 15.5067 7.2
      vertex 2.58117 16.2969 6
      vertex 1.93937 16.3856 6
    endloop
  endfacet
  facet normal 0.117335 0.84788 0.517042
    outer loop
      vertex 2.00236 12.6424 12
      vertex 1.84534 15.5912 7.2
      vertex 1.50448 12.7113 12
    endloop
  endfacet
  facet normal 0.117322 0.847881 0.517043
    outer loop
      vertex 2.00236 12.6424 12
      vertex 2.45602 15.5067 7.2
      vertex 1.84534 15.5912 7.2
    endloop
  endfacet
  facet normal 0.127957 0.924958 0.357882
    outer loop
      vertex 1.64256 10.3707 18
      vertex 1.50448 12.7113 12
      vertex 1.23414 10.4272 18
    endloop
  endfacet
  facet normal 0.128001 0.924953 0.357879
    outer loop
      vertex 1.64256 10.3707 18
      vertex 2.00236 12.6424 12
      vertex 1.50448 12.7113 12
    endloop
  endfacet
  facet normal 0.133134 0.96324 -0.233334
    outer loop
      vertex 1.37519 11.6189 23
      vertex 1.83028 11.556 23
      vertex 1.23414 10.4272 18
    endloop
  endfacet
  facet normal 0.13325 0.963221 -0.233344
    outer loop
      vertex 1.83028 11.556 23
      vertex 1.64256 10.3707 18
      vertex 1.23414 10.4272 18
    endloop
  endfacet
  facet normal 0.13345 0.964001 -0.229985
    outer loop
      vertex 1.52799 12.9099 28.5
      vertex 2.03365 12.8399 28.5
      vertex 1.37519 11.6189 23
    endloop
  endfacet
  facet normal 0.133243 0.964034 -0.229967
    outer loop
      vertex 2.03365 12.8399 28.5
      vertex 1.83028 11.556 23
      vertex 1.37519 11.6189 23
    endloop
  endfacet
  facet normal 0.130424 0.943464 0.304738
    outer loop
      vertex 1.9085 12.0498 31
      vertex 1.52799 12.9099 28.5
      vertex 1.43396 12.1154 31
    endloop
  endfacet
  facet normal 0.130604 0.943449 0.304706
    outer loop
      vertex 1.9085 12.0498 31
      vertex 2.03365 12.8399 28.5
      vertex 1.52799 12.9099 28.5
    endloop
  endfacet
  facet normal 0.108488 0.784376 0.610725
    outer loop
      vertex 1.48613 9.38304 34.5
      vertex 1.43396 12.1154 31
      vertex 1.1166 9.43415 34.5
    endloop
  endfacet
  facet normal 0.108432 0.78438 0.610729
    outer loop
      vertex 1.48613 9.38304 34.5
      vertex 1.9085 12.0498 31
      vertex 1.43396 12.1154 31
    endloop
  endfacet
  facet normal 0.10965 0.792497 -0.599938
    outer loop
      vertex 1.29291 10.9238 36.5
      vertex 1.72078 10.8646 36.5
      vertex 1.1166 9.43415 34.5
    endloop
  endfacet
  facet normal 0.109612 0.792506 -0.599933
    outer loop
      vertex 1.72078 10.8646 36.5
      vertex 1.48613 9.38304 34.5
      vertex 1.1166 9.43415 34.5
    endloop
  endfacet
  facet normal 0.0907539 0.655445 -0.74977
    outer loop
      vertex 1.49272 12.612 38
      vertex 1.98672 12.5436 38
      vertex 1.29291 10.9238 36.5
    endloop
  endfacet
  facet normal 0.0906899 0.655464 -0.749761
    outer loop
      vertex 1.98672 12.5436 38
      vertex 1.72078 10.8646 36.5
      vertex 1.29291 10.9238 36.5
    endloop
  endfacet
  facet normal 0.136953 0.990577 -0
    outer loop
      vertex 2.81582 17.7784 0
      vertex 2.11567 17.8752 1.5
      vertex 2.81582 17.7784 1.5
    endloop
  endfacet
  facet normal 0.136953 0.990577 0
    outer loop
      vertex 2.11567 17.8752 1.5
      vertex 2.81582 17.7784 0
      vertex 2.11567 17.8752 0
    endloop
  endfacet
  facet normal 0.117661 0.658601 0.743237
    outer loop
      vertex 3.31653 16.6733 2.39999
      vertex 2.81582 17.7784 1.5
      vertex 2.65939 16.7907 2.39999
    endloop
  endfacet
  facet normal 0.117653 0.658599 0.74324
    outer loop
      vertex 3.31653 16.6733 2.39999
      vertex 3.51163 17.6541 1.5
      vertex 2.81582 17.7784 1.5
    endloop
  endfacet
  facet normal 0.174125 0.975072 0.13753
    outer loop
      vertex 3.21899 16.183 6
      vertex 2.65939 16.7907 2.39999
      vertex 2.58117 16.2969 6
    endloop
  endfacet
  facet normal 0.174198 0.975061 0.137517
    outer loop
      vertex 3.21899 16.183 6
      vertex 3.31653 16.6733 2.39999
      vertex 2.65939 16.7907 2.39999
    endloop
  endfacet
  facet normal 0.146305 0.819121 0.554649
    outer loop
      vertex 3.06292 15.3983 7.2
      vertex 2.58117 16.2969 6
      vertex 2.45602 15.5067 7.2
    endloop
  endfacet
  facet normal 0.146276 0.819119 0.55466
    outer loop
      vertex 3.06292 15.3983 7.2
      vertex 3.21899 16.183 6
      vertex 2.58117 16.2969 6
    endloop
  endfacet
  facet normal 0.150543 0.842617 0.517042
    outer loop
      vertex 2.49715 12.554 12
      vertex 2.45602 15.5067 7.2
      vertex 2.00236 12.6424 12
    endloop
  endfacet
  facet normal 0.150503 0.842622 0.517046
    outer loop
      vertex 2.49715 12.554 12
      vertex 3.06292 15.3983 7.2
      vertex 2.45602 15.5067 7.2
    endloop
  endfacet
  facet normal 0.164191 0.91922 0.357878
    outer loop
      vertex 2.04845 10.2982 18
      vertex 2.00236 12.6424 12
      vertex 1.64256 10.3707 18
    endloop
  endfacet
  facet normal 0.164228 0.919214 0.357875
    outer loop
      vertex 2.04845 10.2982 18
      vertex 2.49715 12.554 12
      vertex 2.00236 12.6424 12
    endloop
  endfacet
  facet normal 0.171011 0.957239 -0.233343
    outer loop
      vertex 1.83028 11.556 23
      vertex 2.28256 11.4752 23
      vertex 1.64256 10.3707 18
    endloop
  endfacet
  facet normal 0.170983 0.957244 -0.233341
    outer loop
      vertex 2.28256 11.4752 23
      vertex 2.04845 10.2982 18
      vertex 1.64256 10.3707 18
    endloop
  endfacet
  facet normal 0.171013 0.958055 -0.229968
    outer loop
      vertex 2.03365 12.8399 28.5
      vertex 2.53617 12.7502 28.5
      vertex 1.83028 11.556 23
    endloop
  endfacet
  facet normal 0.171152 0.958027 -0.22998
    outer loop
      vertex 2.53617 12.7502 28.5
      vertex 2.28256 11.4752 23
      vertex 1.83028 11.556 23
    endloop
  endfacet
  facet normal 0.167404 0.93762 0.304706
    outer loop
      vertex 2.3801 11.9656 31
      vertex 2.03365 12.8399 28.5
      vertex 1.9085 12.0498 31
    endloop
  endfacet
  facet normal 0.167366 0.937624 0.304712
    outer loop
      vertex 2.3801 11.9656 31
      vertex 2.53617 12.7502 28.5
      vertex 2.03365 12.8399 28.5
    endloop
  endfacet
  facet normal 0.139205 0.779507 0.61073
    outer loop
      vertex 1.85336 9.31746 34.5
      vertex 1.9085 12.0498 31
      vertex 1.48613 9.38304 34.5
    endloop
  endfacet
  facet normal 0.139175 0.779511 0.610732
    outer loop
      vertex 2.3801 11.9656 31
      vertex 1.9085 12.0498 31
      vertex 1.85336 9.31746 34.5
    endloop
  endfacet
  facet normal 0.140767 0.78757 -0.599932
    outer loop
      vertex 1.72078 10.8646 36.5
      vertex 2.14599 10.7886 36.5
      vertex 1.48613 9.38304 34.5
    endloop
  endfacet
  facet normal 0.14065 0.787603 -0.599916
    outer loop
      vertex 2.14599 10.7886 36.5
      vertex 1.85336 9.31746 34.5
      vertex 1.48613 9.38304 34.5
    endloop
  endfacet
  facet normal 0.116237 0.651418 -0.749762
    outer loop
      vertex 1.98672 12.5436 38
      vertex 2.47765 12.456 38
      vertex 1.72078 10.8646 36.5
    endloop
  endfacet
  facet normal 0.11642 0.651356 -0.749788
    outer loop
      vertex 2.47765 12.456 38
      vertex 2.14599 10.7886 36.5
      vertex 1.72078 10.8646 36.5
    endloop
  endfacet
  facet normal 0.175857 0.984416 -0
    outer loop
      vertex 3.51163 17.6541 0
      vertex 2.81582 17.7784 1.5
      vertex 3.51163 17.6541 1.5
    endloop
  endfacet
  facet normal 0.175857 0.984416 0
    outer loop
      vertex 2.81582 17.7784 1.5
      vertex 3.51163 17.6541 0
      vertex 2.81582 17.7784 0
    endloop
  endfacet
  facet normal 0.143319 0.653494 0.74324
    outer loop
      vertex 3.96857 16.5303 2.39999
      vertex 3.51163 17.6541 1.5
      vertex 3.31653 16.6733 2.39999
    endloop
  endfacet
  facet normal 0.143308 0.653492 0.743243
    outer loop
      vertex 3.96857 16.5303 2.39999
      vertex 4.20202 17.5027 1.5
      vertex 3.51163 17.6541 1.5
    endloop
  endfacet
  facet normal 0.21234 0.967471 0.137517
    outer loop
      vertex 3.85185 16.0441 6
      vertex 3.31653 16.6733 2.39999
      vertex 3.21899 16.183 6
    endloop
  endfacet
  facet normal 0.212184 0.967501 0.137546
    outer loop
      vertex 3.85185 16.0441 6
      vertex 3.96857 16.5303 2.39999
      vertex 3.31653 16.6733 2.39999
    endloop
  endfacet
  facet normal 0.178296 0.81275 0.55466
    outer loop
      vertex 3.66509 15.2662 7.2
      vertex 3.21899 16.183 6
      vertex 3.06292 15.3983 7.2
    endloop
  endfacet
  facet normal 0.178383 0.812752 0.554629
    outer loop
      vertex 3.66509 15.2662 7.2
      vertex 3.85185 16.0441 6
      vertex 3.21899 16.183 6
    endloop
  endfacet
  facet normal 0.183411 0.836077 0.517046
    outer loop
      vertex 2.9881 12.4463 12
      vertex 3.06292 15.3983 7.2
      vertex 2.49715 12.554 12
    endloop
  endfacet
  facet normal 0.183413 0.836076 0.517046
    outer loop
      vertex 3.66509 15.2662 7.2
      vertex 3.06292 15.3983 7.2
      vertex 2.9881 12.4463 12
    endloop
  endfacet
  facet normal 0.199982 0.912103 0.357876
    outer loop
      vertex 2.45118 10.2099 18
      vertex 2.49715 12.554 12
      vertex 2.04845 10.2982 18
    endloop
  endfacet
  facet normal 0.200084 0.912083 0.357869
    outer loop
      vertex 2.9881 12.4463 12
      vertex 2.49715 12.554 12
      vertex 2.45118 10.2099 18
    endloop
  endfacet
  facet normal 0.208476 0.949784 -0.23334
    outer loop
      vertex 2.28256 11.4752 23
      vertex 2.73131 11.3767 23
      vertex 2.04845 10.2982 18
    endloop
  endfacet
  facet normal 0.208255 0.949837 -0.233322
    outer loop
      vertex 2.73131 11.3767 23
      vertex 2.45118 10.2099 18
      vertex 2.04845 10.2982 18
    endloop
  endfacet
  facet normal 0.208563 0.950584 -0.22998
    outer loop
      vertex 2.53617 12.7502 28.5
      vertex 3.03479 12.6408 28.5
      vertex 2.28256 11.4752 23
    endloop
  endfacet
  facet normal 0.208648 0.950564 -0.229987
    outer loop
      vertex 3.03479 12.6408 28.5
      vertex 2.73131 11.3767 23
      vertex 2.28256 11.4752 23
    endloop
  endfacet
  facet normal 0.20418 0.930302 0.304712
    outer loop
      vertex 2.84803 11.8629 31
      vertex 2.53617 12.7502 28.5
      vertex 2.3801 11.9656 31
    endloop
  endfacet
  facet normal 0.204116 0.930312 0.304724
    outer loop
      vertex 2.84803 11.8629 31
      vertex 3.03479 12.6408 28.5
      vertex 2.53617 12.7502 28.5
    endloop
  endfacet
  facet normal 0.169708 0.773438 0.610732
    outer loop
      vertex 2.21773 9.23751 34.5
      vertex 2.3801 11.9656 31
      vertex 1.85336 9.31746 34.5
    endloop
  endfacet
  facet normal 0.16975 0.773431 0.610729
    outer loop
      vertex 2.84803 11.8629 31
      vertex 2.3801 11.9656 31
      vertex 2.21773 9.23751 34.5
    endloop
  endfacet
  facet normal 0.171337 0.7815 -0.599917
    outer loop
      vertex 2.14599 10.7886 36.5
      vertex 2.5679 10.6961 36.5
      vertex 1.85336 9.31746 34.5
    endloop
  endfacet
  facet normal 0.171467 0.781458 -0.599935
    outer loop
      vertex 2.5679 10.6961 36.5
      vertex 2.21773 9.23751 34.5
      vertex 1.85336 9.31746 34.5
    endloop
  endfacet
  facet normal 0.141835 0.646299 -0.749787
    outer loop
      vertex 2.47765 12.456 38
      vertex 2.96476 12.3491 38
      vertex 2.14599 10.7886 36.5
    endloop
  endfacet
  facet normal 0.141706 0.646349 -0.749768
    outer loop
      vertex 2.96476 12.3491 38
      vertex 2.5679 10.6961 36.5
      vertex 2.14599 10.7886 36.5
    endloop
  endfacet
  facet normal 0.214206 0.976788 -0
    outer loop
      vertex 4.20202 17.5027 0
      vertex 3.51163 17.6541 1.5
      vertex 4.20202 17.5027 1.5
    endloop
  endfacet
  facet normal 0.214206 0.976788 0
    outer loop
      vertex 3.51163 17.6541 1.5
      vertex 4.20202 17.5027 0
      vertex 3.51163 17.6541 0
    endloop
  endfacet
  facet normal 0.168969 0.647332 0.743243
    outer loop
      vertex 4.61449 16.3617 2.39999
      vertex 4.20202 17.5027 1.5
      vertex 3.96857 16.5303 2.39999
    endloop
  endfacet
  facet normal 0.168953 0.64733 0.743248
    outer loop
      vertex 4.61449 16.3617 2.39999
      vertex 4.88593 17.3242 1.5
      vertex 4.20202 17.5027 1.5
    endloop
  endfacet
  facet normal 0.250102 0.9584 0.137546
    outer loop
      vertex 4.47877 15.8805 6
      vertex 3.96857 16.5303 2.39999
      vertex 3.85185 16.0441 6
    endloop
  endfacet
  facet normal 0.250161 0.958386 0.137535
    outer loop
      vertex 4.47877 15.8805 6
      vertex 4.61449 16.3617 2.39999
      vertex 3.96857 16.5303 2.39999
    endloop
  endfacet
  facet normal 0.210149 0.805124 0.554628
    outer loop
      vertex 4.26161 15.1105 7.2
      vertex 3.85185 16.0441 6
      vertex 3.66509 15.2662 7.2
    endloop
  endfacet
  facet normal 0.210104 0.805125 0.554644
    outer loop
      vertex 4.26161 15.1105 7.2
      vertex 4.47877 15.8805 6
      vertex 3.85185 16.0441 6
    endloop
  endfacet
  facet normal 0.216112 0.828226 0.517046
    outer loop
      vertex 3.47443 12.3194 12
      vertex 3.66509 15.2662 7.2
      vertex 2.9881 12.4463 12
    endloop
  endfacet
  facet normal 0.216175 0.828213 0.517041
    outer loop
      vertex 4.26161 15.1105 7.2
      vertex 3.66509 15.2662 7.2
      vertex 3.47443 12.3194 12
    endloop
  endfacet
  facet normal 0.235765 0.903518 0.357869
    outer loop
      vertex 2.85012 10.1058 18
      vertex 2.9881 12.4463 12
      vertex 2.45118 10.2099 18
    endloop
  endfacet
  facet normal 0.235759 0.903519 0.35787
    outer loop
      vertex 3.47443 12.3194 12
      vertex 2.9881 12.4463 12
      vertex 2.85012 10.1058 18
    endloop
  endfacet
  facet normal 0.24552 0.940893 -0.233322
    outer loop
      vertex 2.73131 11.3767 23
      vertex 3.17585 11.2607 23
      vertex 2.45118 10.2099 18
    endloop
  endfacet
  facet normal 0.245518 0.940894 -0.233322
    outer loop
      vertex 3.17585 11.2607 23
      vertex 2.85012 10.1058 18
      vertex 2.45118 10.2099 18
    endloop
  endfacet
  facet normal 0.245738 0.941658 -0.229987
    outer loop
      vertex 3.03479 12.6408 28.5
      vertex 3.52873 12.5119 28.5
      vertex 2.73131 11.3767 23
    endloop
  endfacet
  facet normal 0.245721 0.941662 -0.229985
    outer loop
      vertex 3.52873 12.5119 28.5
      vertex 3.17585 11.2607 23
      vertex 2.73131 11.3767 23
    endloop
  endfacet
  facet normal 0.240373 0.921609 0.304725
    outer loop
      vertex 3.31157 11.742 31
      vertex 3.03479 12.6408 28.5
      vertex 2.84803 11.8629 31
    endloop
  endfacet
  facet normal 0.240499 0.921584 0.304702
    outer loop
      vertex 3.31157 11.742 31
      vertex 3.52873 12.5119 28.5
      vertex 3.03479 12.6408 28.5
    endloop
  endfacet
  facet normal 0.199936 0.766183 0.610728
    outer loop
      vertex 2.57868 9.14332 34.5
      vertex 2.84803 11.8629 31
      vertex 2.21773 9.23751 34.5
    endloop
  endfacet
  facet normal 0.19984 0.766202 0.610736
    outer loop
      vertex 3.31157 11.742 31
      vertex 2.84803 11.8629 31
      vertex 2.57868 9.14332 34.5
    endloop
  endfacet
  facet normal 0.202075 0.774109 -0.599934
    outer loop
      vertex 2.5679 10.6961 36.5
      vertex 2.98584 10.587 36.5
      vertex 2.21773 9.23751 34.5
    endloop
  endfacet
  facet normal 0.20201 0.774133 -0.599925
    outer loop
      vertex 2.98584 10.587 36.5
      vertex 2.57868 9.14332 34.5
      vertex 2.21773 9.23751 34.5
    endloop
  endfacet
  facet normal 0.167055 0.640264 -0.74977
    outer loop
      vertex 2.96476 12.3491 38
      vertex 3.44729 12.2232 38
      vertex 2.5679 10.6961 36.5
    endloop
  endfacet
  facet normal 0.167128 0.640233 -0.74978
    outer loop
      vertex 3.44729 12.2232 38
      vertex 2.98584 10.587 36.5
      vertex 2.5679 10.6961 36.5
    endloop
  endfacet
  facet normal 0.178564 0.684272 0.707027
    outer loop
      vertex 3.44729 12.2232 45
      vertex 3.29112 12.7004 44.5776
      vertex 3.07213 12.3211 45
    endloop
  endfacet
  facet normal 0.178783 0.684152 0.707088
    outer loop
      vertex 3.29112 12.7004 44.5776
      vertex 3.66445 12.9931 44.2
      vertex 3.48689 13.0395 44.2
    endloop
  endfacet
  facet normal 0.178611 0.684274 0.707013
    outer loop
      vertex 3.66445 12.9931 44.2
      vertex 3.29112 12.7004 44.5776
      vertex 3.44729 12.2232 45
    endloop
  endfacet
  facet normal 0.252539 0.967587 -0
    outer loop
      vertex 4.88593 17.3242 0
      vertex 4.20202 17.5027 1.5
      vertex 4.88593 17.3242 1.5
    endloop
  endfacet
  facet normal 0.252539 0.967587 0
    outer loop
      vertex 4.20202 17.5027 1.5
      vertex 4.88593 17.3242 0
      vertex 4.20202 17.5027 0
    endloop
  endfacet
  facet normal 0.194133 0.640229 0.743249
    outer loop
      vertex 5.25329 16.168 2.39999
      vertex 4.88593 17.3242 1.5
      vertex 4.61449 16.3617 2.39999
    endloop
  endfacet
  facet normal 0.194235 0.640236 0.743216
    outer loop
      vertex 5.25329 16.168 2.39999
      vertex 5.56231 17.119 1.5
      vertex 4.88593 17.3242 1.5
    endloop
  endfacet
  facet normal 0.287557 0.947837 0.137535
    outer loop
      vertex 5.09878 15.6924 6
      vertex 4.61449 16.3617 2.39999
      vertex 4.47877 15.8805 6
    endloop
  endfacet
  facet normal 0.287419 0.947875 0.13756
    outer loop
      vertex 5.09878 15.6924 6
      vertex 5.25329 16.168 2.39999
      vertex 4.61449 16.3617 2.39999
    endloop
  endfacet
  facet normal 0.241465 0.796281 0.554644
    outer loop
      vertex 4.85157 14.9316 7.2
      vertex 4.47877 15.8805 6
      vertex 4.26161 15.1105 7.2
    endloop
  endfacet
  facet normal 0.241576 0.796275 0.554605
    outer loop
      vertex 4.85157 14.9316 7.2
      vertex 5.09878 15.6924 6
      vertex 4.47877 15.8805 6
    endloop
  endfacet
  facet normal 0.248467 0.819105 0.51704
    outer loop
      vertex 3.95541 12.1735 12
      vertex 4.26161 15.1105 7.2
      vertex 3.47443 12.3194 12
    endloop
  endfacet
  facet normal 0.248392 0.819124 0.517047
    outer loop
      vertex 4.85157 14.9316 7.2
      vertex 4.26161 15.1105 7.2
      vertex 3.95541 12.1735 12
    endloop
  endfacet
  facet normal 0.271104 0.89355 0.357869
    outer loop
      vertex 3.24468 9.98609 18
      vertex 3.47443 12.3194 12
      vertex 2.85012 10.1058 18
    endloop
  endfacet
  facet normal 0.271053 0.893564 0.357873
    outer loop
      vertex 3.95541 12.1735 12
      vertex 3.47443 12.3194 12
      vertex 3.24468 9.98609 18
    endloop
  endfacet
  facet normal 0.282144 0.930567 -0.233323
    outer loop
      vertex 3.17585 11.2607 23
      vertex 3.6155 11.1274 23
      vertex 2.85012 10.1058 18
    endloop
  endfacet
  facet normal 0.282318 0.930511 -0.233338
    outer loop
      vertex 3.6155 11.1274 23
      vertex 3.24468 9.98609 18
      vertex 2.85012 10.1058 18
    endloop
  endfacet
  facet normal 0.282535 0.931279 -0.229985
    outer loop
      vertex 3.52873 12.5119 28.5
      vertex 4.01722 12.3637 28.5
      vertex 3.17585 11.2607 23
    endloop
  endfacet
  facet normal 0.282376 0.931331 -0.229971
    outer loop
      vertex 4.01722 12.3637 28.5
      vertex 3.6155 11.1274 23
      vertex 3.17585 11.2607 23
    endloop
  endfacet
  facet normal 0.276542 0.911417 0.304702
    outer loop
      vertex 3.77001 11.6029 31
      vertex 3.52873 12.5119 28.5
      vertex 3.31157 11.742 31
    endloop
  endfacet
  facet normal 0.276512 0.911425 0.304707
    outer loop
      vertex 3.77001 11.6029 31
      vertex 4.01722 12.3637 28.5
      vertex 3.52873 12.5119 28.5
    endloop
  endfacet
  facet normal 0.22984 0.757743 0.610737
    outer loop
      vertex 2.93566 9.03504 34.5
      vertex 3.31157 11.742 31
      vertex 2.57868 9.14332 34.5
    endloop
  endfacet
  facet normal 0.229909 0.757726 0.610731
    outer loop
      vertex 3.77001 11.6029 31
      vertex 3.31157 11.742 31
      vertex 2.93566 9.03504 34.5
    endloop
  endfacet
  facet normal 0.232264 0.7656 -0.599925
    outer loop
      vertex 2.98584 10.587 36.5
      vertex 3.39919 10.4616 36.5
      vertex 2.57868 9.14332 34.5
    endloop
  endfacet
  facet normal 0.232228 0.765615 -0.59992
    outer loop
      vertex 3.39919 10.4616 36.5
      vertex 2.93566 9.03504 34.5
      vertex 2.57868 9.14332 34.5
    endloop
  endfacet
  facet normal 0.192123 0.633183 -0.749779
    outer loop
      vertex 3.44729 12.2232 38
      vertex 3.92451 12.0784 38
      vertex 2.98584 10.587 36.5
    endloop
  endfacet
  facet normal 0.192096 0.633196 -0.749775
    outer loop
      vertex 3.92451 12.0784 38
      vertex 3.39919 10.4616 36.5
      vertex 2.98584 10.587 36.5
    endloop
  endfacet
  facet normal 0.205342 0.676735 0.707011
    outer loop
      vertex 3.66445 12.9931 44.2
      vertex 3.4473 12.2232 45
      vertex 3.92451 12.0784 45
    endloop
  endfacet
  facet normal 0 0.720532 0.693422
    outer loop
      vertex 3.66445 12.9931 44.2
      vertex 3.44729 12.2232 45
      vertex 3.4473 12.2232 45
    endloop
  endfacet
  facet normal 0 0.724592 0.689178
    outer loop
      vertex 4.17173 12.8393 44.2
      vertex 3.92451 12.0784 45
      vertex 3.92452 12.0784 45
    endloop
  endfacet
  facet normal 0.205176 0.676733 0.707062
    outer loop
      vertex 3.92451 12.0784 45
      vertex 4.17173 12.8393 44.2
      vertex 3.66445 12.9931 44.2
    endloop
  endfacet
  facet normal 0.290314 0.956932 -0
    outer loop
      vertex 5.56231 17.119 0
      vertex 4.88593 17.3242 1.5
      vertex 5.56231 17.119 1.5
    endloop
  endfacet
  facet normal 0.290314 0.956932 0
    outer loop
      vertex 4.88593 17.3242 1.5
      vertex 5.56231 17.119 0
      vertex 4.88593 17.3242 0
    endloop
  endfacet
  facet normal 0.219194 0.632126 0.743216
    outer loop
      vertex 5.88399 15.9493 2.39999
      vertex 5.56231 17.119 1.5
      vertex 5.25329 16.168 2.39999
    endloop
  endfacet
  facet normal 0.219228 0.632127 0.743206
    outer loop
      vertex 5.88399 15.9493 2.39999
      vertex 6.23011 16.8874 1.5
      vertex 5.56231 17.119 1.5
    endloop
  endfacet
  facet normal 0.324413 0.93586 0.137561
    outer loop
      vertex 5.71093 15.4802 6
      vertex 5.25329 16.168 2.39999
      vertex 5.09878 15.6924 6
    endloop
  endfacet
  facet normal 0.324506 0.93583 0.137543
    outer loop
      vertex 5.71093 15.4802 6
      vertex 5.88399 15.9493 2.39999
      vertex 5.25329 16.168 2.39999
    endloop
  endfacet
  facet normal 0.272646 0.786179 0.554605
    outer loop
      vertex 5.43404 14.7296 7.2
      vertex 5.09878 15.6924 6
      vertex 4.85157 14.9316 7.2
    endloop
  endfacet
  facet normal 0.27253 0.78619 0.554646
    outer loop
      vertex 5.43404 14.7296 7.2
      vertex 5.71093 15.4802 6
      vertex 5.09878 15.6924 6
    endloop
  endfacet
  facet normal 0.280477 0.8087 0.517047
    outer loop
      vertex 4.43029 12.0088 12
      vertex 4.85157 14.9316 7.2
      vertex 3.95541 12.1735 12
    endloop
  endfacet
  facet normal 0.280458 0.808705 0.517049
    outer loop
      vertex 5.43404 14.7296 7.2
      vertex 4.85157 14.9316 7.2
      vertex 4.43029 12.0088 12
    endloop
  endfacet
  facet normal 0.305923 0.882235 0.357873
    outer loop
      vertex 3.63423 9.85101 18
      vertex 3.95541 12.1735 12
      vertex 3.24468 9.98609 18
    endloop
  endfacet
  facet normal 0.305975 0.882218 0.357869
    outer loop
      vertex 4.43029 12.0088 12
      vertex 3.95541 12.1735 12
      vertex 3.63423 9.85101 18
    endloop
  endfacet
  facet normal 0.318733 0.918675 -0.233337
    outer loop
      vertex 3.6155 11.1274 23
      vertex 4.04957 10.9768 23
      vertex 3.24468 9.98609 18
    endloop
  endfacet
  facet normal 0.318579 0.918732 -0.233323
    outer loop
      vertex 4.04957 10.9768 23
      vertex 3.63423 9.85101 18
      vertex 3.24468 9.98609 18
    endloop
  endfacet
  facet normal 0.318769 0.91951 -0.229972
    outer loop
      vertex 4.01722 12.3637 28.5
      vertex 4.49952 12.1965 28.5
      vertex 3.6155 11.1274 23
    endloop
  endfacet
  facet normal 0.318994 0.919427 -0.229992
    outer loop
      vertex 4.49952 12.1965 28.5
      vertex 4.04957 10.9768 23
      vertex 3.6155 11.1274 23
    endloop
  endfacet
  facet normal 0.31213 0.899849 0.304707
    outer loop
      vertex 4.22263 11.4459 31
      vertex 4.01722 12.3637 28.5
      vertex 3.77001 11.6029 31
    endloop
  endfacet
  facet normal 0.311969 0.899895 0.304737
    outer loop
      vertex 4.22263 11.4459 31
      vertex 4.49952 12.1965 28.5
      vertex 4.01722 12.3637 28.5
    endloop
  endfacet
  facet normal 0.259432 0.748133 0.610731
    outer loop
      vertex 3.28811 8.91282 34.5
      vertex 3.77001 11.6029 31
      vertex 2.93566 9.03504 34.5
    endloop
  endfacet
  facet normal 0.259498 0.748114 0.610726
    outer loop
      vertex 4.22263 11.4459 31
      vertex 3.77001 11.6029 31
      vertex 3.28811 8.91282 34.5
    endloop
  endfacet
  facet normal 0.262096 0.755911 -0.599921
    outer loop
      vertex 3.39919 10.4616 36.5
      vertex 3.80729 10.3201 36.5
      vertex 2.93566 9.03504 34.5
    endloop
  endfacet
  facet normal 0.262125 0.755898 -0.599925
    outer loop
      vertex 3.80729 10.3201 36.5
      vertex 3.28811 8.91282 34.5
      vertex 2.93566 9.03504 34.5
    endloop
  endfacet
  facet normal 0.216801 0.625168 -0.749775
    outer loop
      vertex 3.92451 12.0784 38
      vertex 4.39569 11.915 38
      vertex 3.39919 10.4616 36.5
    endloop
  endfacet
  facet normal 0.21677 0.625185 -0.74977
    outer loop
      vertex 4.39569 11.915 38
      vertex 3.80729 10.3201 36.5
      vertex 3.39919 10.4616 36.5
    endloop
  endfacet
  facet normal 0.231705 0.668115 0.707061
    outer loop
      vertex 3.92452 12.0784 45
      vertex 4.39568 11.915 45
      vertex 4.17173 12.8393 44.2
    endloop
  endfacet
  facet normal -0 0.729264 0.684232
    outer loop
      vertex 4.39568 11.915 45
      vertex 4.39569 11.915 45
      vertex 4.67258 12.6656 44.2
    endloop
  endfacet
  facet normal 0.231709 0.668115 0.707059
    outer loop
      vertex 4.39568 11.915 45
      vertex 4.67258 12.6656 44.2
      vertex 4.17173 12.8393 44.2
    endloop
  endfacet
  facet normal 0.327664 0.944794 -0
    outer loop
      vertex 6.23011 16.8874 0
      vertex 5.56231 17.119 1.5
      vertex 6.23011 16.8874 1.5
    endloop
  endfacet
  facet normal 0.327664 0.944794 0
    outer loop
      vertex 5.56231 17.119 1.5
      vertex 6.23011 16.8874 0
      vertex 5.56231 17.119 0
    endloop
  endfacet
  facet normal 0.243853 0.623042 0.743206
    outer loop
      vertex 6.50562 15.706 2.39999
      vertex 6.23011 16.8874 1.5
      vertex 5.88399 15.9493 2.39999
    endloop
  endfacet
  facet normal 0.243844 0.623042 0.743209
    outer loop
      vertex 6.50562 15.706 2.39999
      vertex 6.8883 16.6298 1.5
      vertex 6.23011 16.8874 1.5
    endloop
  endfacet
  facet normal 0.361077 0.922337 0.137543
    outer loop
      vertex 6.31428 15.244 6
      vertex 5.88399 15.9493 2.39999
      vertex 5.71093 15.4802 6
    endloop
  endfacet
  facet normal 0.361004 0.922363 0.137557
    outer loop
      vertex 6.31428 15.244 6
      vertex 6.50562 15.706 2.39999
      vertex 5.88399 15.9493 2.39999
    endloop
  endfacet
  facet normal 0.303277 0.774849 0.554646
    outer loop
      vertex 6.00813 14.5049 7.2
      vertex 5.71093 15.4802 6
      vertex 5.43404 14.7296 7.2
    endloop
  endfacet
  facet normal 0.303335 0.774841 0.554626
    outer loop
      vertex 6.00813 14.5049 7.2
      vertex 6.31428 15.244 6
      vertex 5.71093 15.4802 6
    endloop
  endfacet
  facet normal 0.311984 0.797074 0.517048
    outer loop
      vertex 4.89834 11.8256 12
      vertex 5.43404 14.7296 7.2
      vertex 4.43029 12.0088 12
    endloop
  endfacet
  facet normal 0.311977 0.797076 0.517049
    outer loop
      vertex 6.00813 14.5049 7.2
      vertex 5.43404 14.7296 7.2
      vertex 4.89834 11.8256 12
    endloop
  endfacet
  facet normal 0.340342 0.869539 0.357869
    outer loop
      vertex 4.01818 9.70073 18
      vertex 4.43029 12.0088 12
      vertex 3.63423 9.85101 18
    endloop
  endfacet
  facet normal 0.340346 0.869537 0.357869
    outer loop
      vertex 4.89834 11.8256 12
      vertex 4.43029 12.0088 12
      vertex 4.01818 9.70073 18
    endloop
  endfacet
  facet normal 0.354327 0.905545 -0.233324
    outer loop
      vertex 4.04957 10.9768 23
      vertex 4.47739 10.8094 23
      vertex 3.63423 9.85101 18
    endloop
  endfacet
  facet normal 0.35442 0.905507 -0.233332
    outer loop
      vertex 4.47739 10.8094 23
      vertex 4.01818 9.70073 18
      vertex 3.63423 9.85101 18
    endloop
  endfacet
  facet normal 0.354779 0.906221 -0.229991
    outer loop
      vertex 4.49952 12.1965 28.5
      vertex 4.97488 12.0104 28.5
      vertex 4.04957 10.9768 23
    endloop
  endfacet
  facet normal 0.354618 0.906288 -0.229976
    outer loop
      vertex 4.97488 12.0104 28.5
      vertex 4.47739 10.8094 23
      vertex 4.04957 10.9768 23
    endloop
  endfacet
  facet normal 0.347128 0.886926 0.304737
    outer loop
      vertex 4.66874 11.2713 31
      vertex 4.49952 12.1965 28.5
      vertex 4.22263 11.4459 31
    endloop
  endfacet
  facet normal 0.347214 0.886898 0.304721
    outer loop
      vertex 4.66874 11.2713 31
      vertex 4.97488 12.0104 28.5
      vertex 4.49952 12.1965 28.5
    endloop
  endfacet
  facet normal 0.2886 0.737377 0.610725
    outer loop
      vertex 3.63549 8.77686 34.5
      vertex 4.22263 11.4459 31
      vertex 3.28811 8.91282 34.5
    endloop
  endfacet
  facet normal 0.288597 0.737378 0.610725
    outer loop
      vertex 4.66874 11.2713 31
      vertex 4.22263 11.4459 31
      vertex 3.63549 8.77686 34.5
    endloop
  endfacet
  facet normal 0.291549 0.745043 -0.599925
    outer loop
      vertex 3.80729 10.3201 36.5
      vertex 4.20952 10.1627 36.5
      vertex 3.28811 8.91282 34.5
    endloop
  endfacet
  facet normal 0.291592 0.745021 -0.599931
    outer loop
      vertex 4.20952 10.1627 36.5
      vertex 3.63549 8.77686 34.5
      vertex 3.28811 8.91282 34.5
    endloop
  endfacet
  facet normal 0.241102 0.616209 -0.749771
    outer loop
      vertex 4.39569 11.915 38
      vertex 4.86008 11.7333 38
      vertex 3.80729 10.3201 36.5
    endloop
  endfacet
  facet normal 0.241128 0.616194 -0.749775
    outer loop
      vertex 4.86008 11.7333 38
      vertex 4.20952 10.1627 36.5
      vertex 3.80729 10.3201 36.5
    endloop
  endfacet
  facet normal 0.257665 0.658542 0.707058
    outer loop
      vertex 4.86008 11.7333 45
      vertex 4.67258 12.6656 44.2
      vertex 4.39569 11.915 45
    endloop
  endfacet
  facet normal 0.257732 0.658538 0.707038
    outer loop
      vertex 4.86008 11.7333 45
      vertex 5.16623 12.4724 44.2
      vertex 4.67258 12.6656 44.2
    endloop
  endfacet
  facet normal 0.364457 0.93122 -0
    outer loop
      vertex 6.8883 16.6298 0
      vertex 6.23011 16.8874 1.5
      vertex 6.8883 16.6298 1.5
    endloop
  endfacet
  facet normal 0.364457 0.93122 0
    outer loop
      vertex 6.23011 16.8874 1.5
      vertex 6.8883 16.6298 0
      vertex 6.23011 16.8874 0
    endloop
  endfacet
  facet normal 0.268193 0.612955 0.743208
    outer loop
      vertex 7.11722 15.4384 2.39999
      vertex 6.8883 16.6298 1.5
      vertex 6.50562 15.706 2.39999
    endloop
  endfacet
  facet normal 0.268065 0.612961 0.743249
    outer loop
      vertex 7.11722 15.4384 2.39999
      vertex 7.53587 16.3466 1.5
      vertex 6.8883 16.6298 1.5
    endloop
  endfacet
  facet normal 0.396875 0.907507 0.137557
    outer loop
      vertex 6.90789 14.9844 6
      vertex 6.50562 15.706 2.39999
      vertex 6.31428 15.244 6
    endloop
  endfacet
  facet normal 0.397042 0.907439 0.137525
    outer loop
      vertex 6.90789 14.9844 6
      vertex 7.11722 15.4384 2.39999
      vertex 6.50562 15.706 2.39999
    endloop
  endfacet
  facet normal 0.333507 0.762342 0.554625
    outer loop
      vertex 6.57296 14.2578 7.2
      vertex 6.31428 15.244 6
      vertex 6.00813 14.5049 7.2
    endloop
  endfacet
  facet normal 0.333399 0.762361 0.554664
    outer loop
      vertex 6.57296 14.2578 7.2
      vertex 6.90789 14.9844 6
      vertex 6.31428 15.244 6
    endloop
  endfacet
  facet normal 0.342985 0.784233 0.517049
    outer loop
      vertex 5.35884 11.6242 12
      vertex 6.00813 14.5049 7.2
      vertex 4.89834 11.8256 12
    endloop
  endfacet
  facet normal 0.34307 0.784201 0.517042
    outer loop
      vertex 6.57296 14.2578 7.2
      vertex 6.00813 14.5049 7.2
      vertex 5.35884 11.6242 12
    endloop
  endfacet
  facet normal 0.374206 0.855512 0.357869
    outer loop
      vertex 4.39593 9.5355 18
      vertex 4.89834 11.8256 12
      vertex 4.01818 9.70073 18
    endloop
  endfacet
  facet normal 0.374166 0.855528 0.357872
    outer loop
      vertex 5.35884 11.6242 12
      vertex 4.89834 11.8256 12
      vertex 4.39593 9.5355 18
    endloop
  endfacet
  facet normal 0.389654 0.890913 -0.233332
    outer loop
      vertex 4.47739 10.8094 23
      vertex 4.89832 10.6253 23
      vertex 4.01818 9.70073 18
    endloop
  endfacet
  facet normal 0.389684 0.890899 -0.233335
    outer loop
      vertex 4.89832 10.6253 23
      vertex 4.39593 9.5355 18
      vertex 4.01818 9.70073 18
    endloop
  endfacet
  facet normal 0.389885 0.891684 -0.229977
    outer loop
      vertex 4.97488 12.0104 28.5
      vertex 5.44258 11.8059 28.5
      vertex 4.47739 10.8094 23
    endloop
  endfacet
  facet normal 0.389973 0.891643 -0.229986
    outer loop
      vertex 5.44258 11.8059 28.5
      vertex 4.89832 10.6253 23
      vertex 4.47739 10.8094 23
    endloop
  endfacet
  facet normal 0.381718 0.872604 0.30472
    outer loop
      vertex 5.10765 11.0793 31
      vertex 4.97488 12.0104 28.5
      vertex 4.66874 11.2713 31
    endloop
  endfacet
  facet normal 0.381567 0.87266 0.304749
    outer loop
      vertex 5.10765 11.0793 31
      vertex 5.44258 11.8059 28.5
      vertex 4.97488 12.0104 28.5
    endloop
  endfacet
  facet normal 0.317334 0.725475 0.610725
    outer loop
      vertex 3.97727 8.62736 34.5
      vertex 4.66874 11.2713 31
      vertex 3.63549 8.77686 34.5
    endloop
  endfacet
  facet normal 0.317354 0.725467 0.610724
    outer loop
      vertex 5.10765 11.0793 31
      vertex 4.66874 11.2713 31
      vertex 3.97727 8.62736 34.5
    endloop
  endfacet
  facet normal 0.320666 0.732978 -0.599931
    outer loop
      vertex 4.20952 10.1627 36.5
      vertex 4.60526 9.98957 36.5
      vertex 3.63549 8.77686 34.5
    endloop
  endfacet
  facet normal 0.320626 0.733 -0.599925
    outer loop
      vertex 4.60526 9.98957 36.5
      vertex 3.97727 8.62736 34.5
      vertex 3.63549 8.77686 34.5
    endloop
  endfacet
  facet normal 0.265226 0.606212 -0.749775
    outer loop
      vertex 4.86008 11.7333 38
      vertex 5.31698 11.5334 38
      vertex 4.20952 10.1627 36.5
    endloop
  endfacet
  facet normal 0.265212 0.606221 -0.749772
    outer loop
      vertex 5.31698 11.5334 38
      vertex 4.60526 9.98957 36.5
      vertex 4.20952 10.1627 36.5
    endloop
  endfacet
  facet normal 0.283462 0.647879 0.707037
    outer loop
      vertex 5.16623 12.4724 44.2
      vertex 4.86008 11.7333 45
      vertex 5.31697 11.5334 45
    endloop
  endfacet
  facet normal 0 0.740296 0.672281
    outer loop
      vertex 5.65191 12.2599 44.2
      vertex 5.31697 11.5334 45
      vertex 5.31698 11.5334 45
    endloop
  endfacet
  facet normal 0.283467 0.647879 0.707036
    outer loop
      vertex 5.31697 11.5334 45
      vertex 5.65191 12.2599 44.2
      vertex 5.16623 12.4724 44.2
    endloop
  endfacet
  facet normal 0.400686 0.916215 -0
    outer loop
      vertex 7.53587 16.3466 0
      vertex 6.8883 16.6298 1.5
      vertex 7.53587 16.3466 1.5
    endloop
  endfacet
  facet normal 0.400686 0.916215 0
    outer loop
      vertex 6.8883 16.6298 1.5
      vertex 7.53587 16.3466 0
      vertex 6.8883 16.6298 0
    endloop
  endfacet
  facet normal 0.291947 0.601953 0.74325
    outer loop
      vertex 7.71784 15.1471 2.39999
      vertex 7.53587 16.3466 1.5
      vertex 7.11722 15.4384 2.39999
    endloop
  endfacet
  facet normal 0.292001 0.601948 0.743232
    outer loop
      vertex 7.71784 15.1471 2.39999
      vertex 8.17183 16.0381 1.5
      vertex 7.53587 16.3466 1.5
    endloop
  endfacet
  facet normal 0.432323 0.89117 0.137524
    outer loop
      vertex 7.49084 14.7016 6
      vertex 7.11722 15.4384 2.39999
      vertex 6.90789 14.9844 6
    endloop
  endfacet
  facet normal 0.432236 0.89121 0.137542
    outer loop
      vertex 7.49084 14.7016 6
      vertex 7.71784 15.1471 2.39999
      vertex 7.11722 15.4384 2.39999
    endloop
  endfacet
  facet normal 0.363077 0.748681 0.554664
    outer loop
      vertex 7.12765 13.9888 7.2
      vertex 6.90789 14.9844 6
      vertex 6.57296 14.2578 7.2
    endloop
  endfacet
  facet normal 0.363188 0.748657 0.554624
    outer loop
      vertex 7.12765 13.9888 7.2
      vertex 7.49084 14.7016 6
      vertex 6.90789 14.9844 6
    endloop
  endfacet
  facet normal 0.373484 0.77018 0.517042
    outer loop
      vertex 5.81107 11.4049 12
      vertex 6.57296 14.2578 7.2
      vertex 5.35884 11.6242 12
    endloop
  endfacet
  facet normal 0.3735 0.770173 0.51704
    outer loop
      vertex 7.12765 13.9888 7.2
      vertex 6.57296 14.2578 7.2
      vertex 5.81107 11.4049 12
    endloop
  endfacet
  facet normal 0.4075 0.840162 0.357872
    outer loop
      vertex 4.7669 9.35557 18
      vertex 5.35884 11.6242 12
      vertex 4.39593 9.5355 18
    endloop
  endfacet
  facet normal 0.407434 0.840191 0.357877
    outer loop
      vertex 5.81107 11.4049 12
      vertex 5.35884 11.6242 12
      vertex 4.7669 9.35557 18
    endloop
  endfacet
  facet normal 0.424365 0.874911 -0.233335
    outer loop
      vertex 4.89832 10.6253 23
      vertex 5.31169 10.4248 23
      vertex 4.39593 9.5355 18
    endloop
  endfacet
  facet normal 0.424356 0.874915 -0.233334
    outer loop
      vertex 5.31169 10.4248 23
      vertex 4.7669 9.35557 18
      vertex 4.39593 9.5355 18
    endloop
  endfacet
  facet normal 0.424747 0.875612 -0.229986
    outer loop
      vertex 5.44258 11.8059 28.5
      vertex 5.90188 11.5831 28.5
      vertex 4.89832 10.6253 23
    endloop
  endfacet
  facet normal 0.424713 0.875629 -0.229982
    outer loop
      vertex 5.90188 11.5831 28.5
      vertex 5.31169 10.4248 23
      vertex 4.89832 10.6253 23
    endloop
  endfacet
  facet normal 0.415546 0.857 0.30475
    outer loop
      vertex 5.53868 10.8703 31
      vertex 5.44258 11.8059 28.5
      vertex 5.10765 11.0793 31
    endloop
  endfacet
  facet normal 0.41569 0.85694 0.304722
    outer loop
      vertex 5.53868 10.8703 31
      vertex 5.90188 11.5831 28.5
      vertex 5.44258 11.8059 28.5
    endloop
  endfacet
  facet normal 0.345573 0.712458 0.610724
    outer loop
      vertex 4.31291 8.46456 34.5
      vertex 5.10765 11.0793 31
      vertex 3.97727 8.62736 34.5
    endloop
  endfacet
  facet normal 0.345479 0.712497 0.610731
    outer loop
      vertex 5.53868 10.8703 31
      vertex 5.10765 11.0793 31
      vertex 4.31291 8.46456 34.5
    endloop
  endfacet
  facet normal 0.349153 0.719849 -0.599925
    outer loop
      vertex 4.60526 9.98957 36.5
      vertex 4.99389 9.80107 36.5
      vertex 3.97727 8.62736 34.5
    endloop
  endfacet
  facet normal 0.349157 0.719846 -0.599925
    outer loop
      vertex 4.99389 9.80107 36.5
      vertex 4.31291 8.46456 34.5
      vertex 3.97727 8.62736 34.5
    endloop
  endfacet
  facet normal 0.288732 0.595378 -0.749773
    outer loop
      vertex 5.31698 11.5334 38
      vertex 5.76568 11.3158 38
      vertex 4.60526 9.98957 36.5
    endloop
  endfacet
  facet normal 0.288768 0.595353 -0.749778
    outer loop
      vertex 5.76568 11.3158 38
      vertex 4.99389 9.80107 36.5
      vertex 4.60526 9.98957 36.5
    endloop
  endfacet
  facet normal 0.30858 0.636303 0.707034
    outer loop
      vertex 5.31698 11.5334 45
      vertex 5.76568 11.3158 45
      vertex 5.65191 12.2599 44.2
    endloop
  endfacet
  facet normal 0.308573 0.636304 0.707036
    outer loop
      vertex 5.76568 11.3158 45
      vertex 6.12887 12.0286 44.2
      vertex 5.65191 12.2599 44.2
    endloop
  endfacet
  facet normal 0.436452 0.899728 -0
    outer loop
      vertex 8.17183 16.0381 0
      vertex 7.53587 16.3466 1.5
      vertex 8.17183 16.0381 1.5
    endloop
  endfacet
  facet normal 0.436452 0.899728 0
    outer loop
      vertex 7.53587 16.3466 1.5
      vertex 8.17183 16.0381 0
      vertex 7.53587 16.3466 0
    endloop
  endfacet
  facet normal 0.315398 0.590026 0.743232
    outer loop
      vertex 8.30656 14.8324 2.39999
      vertex 8.17183 16.0381 1.5
      vertex 7.71784 15.1471 2.39999
    endloop
  endfacet
  facet normal 0.315388 0.590027 0.743235
    outer loop
      vertex 8.30656 14.8324 2.39999
      vertex 8.79518 15.7049 1.5
      vertex 8.17183 16.0381 1.5
    endloop
  endfacet
  facet normal 0.466887 0.873555 0.137542
    outer loop
      vertex 8.06225 14.3962 6
      vertex 7.71784 15.1471 2.39999
      vertex 7.49084 14.7016 6
    endloop
  endfacet
  facet normal 0.466943 0.873527 0.137531
    outer loop
      vertex 8.06225 14.3962 6
      vertex 8.30656 14.8324 2.39999
      vertex 7.71784 15.1471 2.39999
    endloop
  endfacet
  facet normal 0.392235 0.733856 0.554624
    outer loop
      vertex 7.67135 13.6982 7.2
      vertex 7.49084 14.7016 6
      vertex 7.12765 13.9888 7.2
    endloop
  endfacet
  facet normal 0.392224 0.733859 0.554628
    outer loop
      vertex 7.67135 13.6982 7.2
      vertex 8.06225 14.3962 6
      vertex 7.49084 14.7016 6
    endloop
  endfacet
  facet normal 0.403579 0.754847 0.51704
    outer loop
      vertex 6.25435 11.1679 12
      vertex 7.12765 13.9888 7.2
      vertex 5.81107 11.4049 12
    endloop
  endfacet
  facet normal 0.40348 0.754893 0.517049
    outer loop
      vertex 7.67135 13.6982 7.2
      vertex 7.12765 13.9888 7.2
      vertex 6.25435 11.1679 12
    endloop
  endfacet
  facet normal 0.440177 0.823509 0.357877
    outer loop
      vertex 5.13052 9.16121 18
      vertex 5.81107 11.4049 12
      vertex 4.7669 9.35557 18
    endloop
  endfacet
  facet normal 0.440266 0.823465 0.357871
    outer loop
      vertex 6.25435 11.1679 12
      vertex 5.81107 11.4049 12
      vertex 5.13052 9.16121 18
    endloop
  endfacet
  facet normal 0.458429 0.857554 -0.233334
    outer loop
      vertex 5.31169 10.4248 23
      vertex 5.71687 10.2082 23
      vertex 4.7669 9.35557 18
    endloop
  endfacet
  facet normal 0.458387 0.857577 -0.23333
    outer loop
      vertex 5.71687 10.2082 23
      vertex 5.13052 9.16121 18
      vertex 4.7669 9.35557 18
    endloop
  endfacet
  facet normal 0.458854 0.858231 -0.229982
    outer loop
      vertex 5.90188 11.5831 28.5
      vertex 6.35208 11.3424 28.5
      vertex 5.31169 10.4248 23
    endloop
  endfacet
  facet normal 0.458806 0.858259 -0.229977
    outer loop
      vertex 6.35208 11.3424 28.5
      vertex 5.71687 10.2082 23
      vertex 5.31169 10.4248 23
    endloop
  endfacet
  facet normal 0.449085 0.839921 0.304721
    outer loop
      vertex 5.96118 10.6444 31
      vertex 5.90188 11.5831 28.5
      vertex 5.53868 10.8703 31
    endloop
  endfacet
  facet normal 0.449069 0.839929 0.304724
    outer loop
      vertex 5.96118 10.6444 31
      vertex 6.35208 11.3424 28.5
      vertex 5.90188 11.5831 28.5
    endloop
  endfacet
  facet normal 0.373271 0.698337 0.610732
    outer loop
      vertex 4.6419 8.28871 34.5
      vertex 5.53868 10.8703 31
      vertex 4.31291 8.46456 34.5
    endloop
  endfacet
  facet normal 0.373361 0.698296 0.610725
    outer loop
      vertex 5.96118 10.6444 31
      vertex 5.53868 10.8703 31
      vertex 4.6419 8.28871 34.5
    endloop
  endfacet
  facet normal 0.377134 0.705591 -0.599925
    outer loop
      vertex 4.99389 9.80107 36.5
      vertex 5.37483 9.59746 36.5
      vertex 4.31291 8.46456 34.5
    endloop
  endfacet
  facet normal 0.377145 0.705584 -0.599927
    outer loop
      vertex 5.37483 9.59746 36.5
      vertex 4.6419 8.28871 34.5
      vertex 4.31291 8.46456 34.5
    endloop
  endfacet
  facet normal 0.311935 0.583549 -0.749778
    outer loop
      vertex 5.76568 11.3158 38
      vertex 6.20549 11.0807 38
      vertex 4.99389 9.80107 36.5
    endloop
  endfacet
  facet normal 0.311912 0.583566 -0.749774
    outer loop
      vertex 6.20549 11.0807 38
      vertex 5.37483 9.59746 36.5
      vertex 4.99389 9.80107 36.5
    endloop
  endfacet
  facet normal 0.33338 0.623665 0.707036
    outer loop
      vertex 6.12887 12.0286 44.2
      vertex 5.76568 11.3158 45
      vertex 6.20549 11.0807 45
    endloop
  endfacet
  facet normal 0.333365 0.623668 0.707041
    outer loop
      vertex 6.20549 11.0807 45
      vertex 6.59639 11.7787 44.2
      vertex 6.12887 12.0286 44.2
    endloop
  endfacet
  facet normal 0.47141 0.881914 -0
    outer loop
      vertex 8.79518 15.7049 0
      vertex 8.17183 16.0381 1.5
      vertex 8.79518 15.7049 1.5
    endloop
  endfacet
  facet normal 0.47141 0.881914 0
    outer loop
      vertex 8.17183 16.0381 1.5
      vertex 8.79518 15.7049 0
      vertex 8.17183 16.0381 0
    endloop
  endfacet
  facet normal 0.338265 0.577216 0.743235
    outer loop
      vertex 8.88247 14.4949 2.39999
      vertex 8.79518 15.7049 1.5
      vertex 8.30656 14.8324 2.39999
    endloop
  endfacet
  facet normal 0.338304 0.577209 0.743222
    outer loop
      vertex 8.88247 14.4949 2.39999
      vertex 9.40497 15.3475 1.5
      vertex 8.79518 15.7049 1.5
    endloop
  endfacet
  facet normal 0.500825 0.854552 0.137531
    outer loop
      vertex 8.62123 14.0686 6
      vertex 8.30656 14.8324 2.39999
      vertex 8.06225 14.3962 6
    endloop
  endfacet
  facet normal 0.5008 0.854566 0.137536
    outer loop
      vertex 8.62123 14.0686 6
      vertex 8.88247 14.4949 2.39999
      vertex 8.30656 14.8324 2.39999
    endloop
  endfacet
  facet normal 0.420817 0.717845 0.554628
    outer loop
      vertex 8.20323 13.3864 7.2
      vertex 8.06225 14.3962 6
      vertex 7.67135 13.6982 7.2
    endloop
  endfacet
  facet normal 0.420722 0.717873 0.554663
    outer loop
      vertex 8.20323 13.3864 7.2
      vertex 8.62123 14.0686 6
      vertex 8.06225 14.3962 6
    endloop
  endfacet
  facet normal 0.432758 0.738498 0.51705
    outer loop
      vertex 6.68797 10.9138 12
      vertex 7.67135 13.6982 7.2
      vertex 6.25435 11.1679 12
    endloop
  endfacet
  facet normal 0.432886 0.738432 0.517038
    outer loop
      vertex 8.20323 13.3864 7.2
      vertex 7.67135 13.6982 7.2
      vertex 6.68797 10.9138 12
    endloop
  endfacet
  facet normal 0.472176 0.805592 0.35787
    outer loop
      vertex 5.48623 8.95272 18
      vertex 6.25435 11.1679 12
      vertex 5.13052 9.16121 18
    endloop
  endfacet
  facet normal 0.472099 0.805635 0.357876
    outer loop
      vertex 6.68797 10.9138 12
      vertex 6.25435 11.1679 12
      vertex 5.48623 8.95272 18
    endloop
  endfacet
  facet normal 0.491699 0.838921 -0.23333
    outer loop
      vertex 5.71687 10.2082 23
      vertex 6.11323 9.97589 23
      vertex 5.13052 9.16121 18
    endloop
  endfacet
  facet normal 0.491708 0.838916 -0.233331
    outer loop
      vertex 6.11323 9.97589 23
      vertex 5.48623 8.95272 18
      vertex 5.13052 9.16121 18
    endloop
  endfacet
  facet normal 0.492071 0.839629 -0.229977
    outer loop
      vertex 6.35208 11.3424 28.5
      vertex 6.79248 11.0843 28.5
      vertex 5.71687 10.2082 23
    endloop
  endfacet
  facet normal 0.492102 0.83961 -0.22998
    outer loop
      vertex 6.79248 11.0843 28.5
      vertex 6.11323 9.97589 23
      vertex 5.71687 10.2082 23
    endloop
  endfacet
  facet normal 0.48155 0.821737 0.304724
    outer loop
      vertex 6.37448 10.4022 31
      vertex 6.35208 11.3424 28.5
      vertex 5.96118 10.6444 31
    endloop
  endfacet
  facet normal 0.481578 0.821723 0.304719
    outer loop
      vertex 6.37448 10.4022 31
      vertex 6.79248 11.0843 28.5
      vertex 6.35208 11.3424 28.5
    endloop
  endfacet
  facet normal 0.400396 0.683154 0.610724
    outer loop
      vertex 4.96374 8.10008 34.5
      vertex 5.96118 10.6444 31
      vertex 4.6419 8.28871 34.5
    endloop
  endfacet
  facet normal 0.400352 0.683177 0.610728
    outer loop
      vertex 6.37448 10.4022 31
      vertex 5.96118 10.6444 31
      vertex 4.96374 8.10008 34.5
    endloop
  endfacet
  facet normal 0.404562 0.69023 -0.599927
    outer loop
      vertex 5.37483 9.59746 36.5
      vertex 5.74748 9.37904 36.5
      vertex 4.6419 8.28871 34.5
    endloop
  endfacet
  facet normal 0.404549 0.69024 -0.599925
    outer loop
      vertex 5.74748 9.37904 36.5
      vertex 4.96374 8.10008 34.5
      vertex 4.6419 8.28871 34.5
    endloop
  endfacet
  facet normal 0.334622 0.570848 -0.749774
    outer loop
      vertex 6.20549 11.0807 38
      vertex 6.63573 10.8285 38
      vertex 5.37483 9.59746 36.5
    endloop
  endfacet
  facet normal 0.3346 0.570866 -0.74977
    outer loop
      vertex 6.63573 10.8285 38
      vertex 5.74748 9.37904 36.5
      vertex 5.37483 9.59746 36.5
    endloop
  endfacet
  facet normal 0.357629 0.610081 0.707038
    outer loop
      vertex 6.59639 11.7787 44.2
      vertex 6.2055 11.0807 45
      vertex 6.63573 10.8285 45
    endloop
  endfacet
  facet normal 0 0.753509 0.657437
    outer loop
      vertex 6.2055 11.0807 45
      vertex 6.59639 11.7787 44.2
      vertex 6.20549 11.0807 45
    endloop
  endfacet
  facet normal 0.357638 0.610079 0.707035
    outer loop
      vertex 6.63573 10.8285 45
      vertex 7.05373 11.5106 44.2
      vertex 6.59639 11.7787 44.2
    endloop
  endfacet
  facet normal 0.505653 0.862737 -0
    outer loop
      vertex 9.40497 15.3475 0
      vertex 8.79518 15.7049 1.5
      vertex 9.40497 15.3475 1.5
    endloop
  endfacet
  facet normal 0.505653 0.862737 0
    outer loop
      vertex 8.79518 15.7049 1.5
      vertex 9.40497 15.3475 0
      vertex 8.79518 15.7049 0
    endloop
  endfacet
  facet normal 0.360707 0.563481 0.743223
    outer loop
      vertex 9.44469 14.135 2.39999
      vertex 9.40497 15.3475 1.5
      vertex 8.88247 14.4949 2.39999
    endloop
  endfacet
  facet normal 0.360628 0.563497 0.743249
    outer loop
      vertex 9.44469 14.135 2.39999
      vertex 10.0003 14.9665 1.5
      vertex 9.40497 15.3475 1.5
    endloop
  endfacet
  facet normal 0.53411 0.834153 0.137536
    outer loop
      vertex 9.16691 13.7192 6
      vertex 8.88247 14.4949 2.39999
      vertex 8.62123 14.0686 6
    endloop
  endfacet
  facet normal 0.534013 0.834211 0.137556
    outer loop
      vertex 9.16691 13.7192 6
      vertex 9.44469 14.135 2.39999
      vertex 8.88247 14.4949 2.39999
    endloop
  endfacet
  facet normal 0.448532 0.700834 0.554663
    outer loop
      vertex 8.72245 13.0541 7.2
      vertex 8.62123 14.0686 6
      vertex 8.20323 13.3864 7.2
    endloop
  endfacet
  facet normal 0.448707 0.700774 0.554597
    outer loop
      vertex 8.72245 13.0541 7.2
      vertex 9.16691 13.7192 6
      vertex 8.62123 14.0686 6
    endloop
  endfacet
  facet normal 0.461501 0.720895 0.517037
    outer loop
      vertex 7.11129 10.6428 12
      vertex 8.20323 13.3864 7.2
      vertex 6.68797 10.9138 12
    endloop
  endfacet
  facet normal 0.461406 0.720949 0.517046
    outer loop
      vertex 8.72245 13.0541 7.2
      vertex 8.20323 13.3864 7.2
      vertex 7.11129 10.6428 12
    endloop
  endfacet
  facet normal 0.503422 0.786442 0.357876
    outer loop
      vertex 5.83349 8.73043 18
      vertex 6.68797 10.9138 12
      vertex 5.48623 8.95272 18
    endloop
  endfacet
  facet normal 0.503451 0.786424 0.357874
    outer loop
      vertex 7.11129 10.6428 12
      vertex 6.68797 10.9138 12
      vertex 5.83349 8.73043 18
    endloop
  endfacet
  facet normal 0.524262 0.818966 -0.233331
    outer loop
      vertex 6.11323 9.97589 23
      vertex 6.50017 9.72819 23
      vertex 5.48623 8.95272 18
    endloop
  endfacet
  facet normal 0.524248 0.818976 -0.233329
    outer loop
      vertex 6.50017 9.72819 23
      vertex 5.83349 8.73043 18
      vertex 5.48623 8.95272 18
    endloop
  endfacet
  facet normal 0.524665 0.819656 -0.229981
    outer loop
      vertex 6.79248 11.0843 28.5
      vertex 7.22241 10.8091 28.5
      vertex 6.11323 9.97589 23
    endloop
  endfacet
  facet normal 0.524692 0.819638 -0.229983
    outer loop
      vertex 7.22241 10.8091 28.5
      vertex 6.50017 9.72819 23
      vertex 6.11323 9.97589 23
    endloop
  endfacet
  facet normal 0.51352 0.802149 0.304719
    outer loop
      vertex 6.77796 10.1439 31
      vertex 6.79248 11.0843 28.5
      vertex 6.37448 10.4022 31
    endloop
  endfacet
  facet normal 0.513475 0.802174 0.304728
    outer loop
      vertex 7.22241 10.8091 28.5
      vertex 6.79248 11.0843 28.5
      vertex 6.77796 10.1439 31
    endloop
  endfacet
  facet normal 0.426912 0.666901 0.610728
    outer loop
      vertex 5.27792 7.89896 34.5
      vertex 6.37448 10.4022 31
      vertex 4.96374 8.10008 34.5
    endloop
  endfacet
  facet normal 0.42693 0.666891 0.610727
    outer loop
      vertex 6.77796 10.1439 31
      vertex 6.37448 10.4022 31
      vertex 5.27792 7.89896 34.5
    endloop
  endfacet
  facet normal 0.431345 0.673819 -0.599925
    outer loop
      vertex 5.74748 9.37904 36.5
      vertex 6.11127 9.14616 36.5
      vertex 4.96374 8.10008 34.5
    endloop
  endfacet
  facet normal 0.431342 0.673821 -0.599924
    outer loop
      vertex 6.11127 9.14616 36.5
      vertex 5.27792 7.89896 34.5
      vertex 4.96374 8.10008 34.5
    endloop
  endfacet
  facet normal 0.356684 0.557333 -0.749771
    outer loop
      vertex 6.63573 10.8285 38
      vertex 7.05574 10.5597 38
      vertex 5.74748 9.37904 36.5
    endloop
  endfacet
  facet normal 0.356743 0.557281 -0.749781
    outer loop
      vertex 7.05574 10.5597 38
      vertex 6.11127 9.14616 36.5
      vertex 5.74748 9.37904 36.5
    endloop
  endfacet
  facet normal 0.381201 0.59564 0.707035
    outer loop
      vertex 7.05373 11.5106 44.2
      vertex 6.63573 10.8285 45
      vertex 7.05574 10.5597 45
    endloop
  endfacet
  facet normal 0 0.768961 0.639295
    outer loop
      vertex 7.5002 11.2248 44.2
      vertex 7.05574 10.5597 45
      vertex 7.05575 10.5597 45
    endloop
  endfacet
  facet normal 0.381276 0.59562 0.707011
    outer loop
      vertex 7.05574 10.5597 45
      vertex 7.5002 11.2248 44.2
      vertex 7.05373 11.5106 44.2
    endloop
  endfacet
  facet normal 0.539042 0.842279 -0
    outer loop
      vertex 10.0003 14.9665 0
      vertex 9.40497 15.3475 1.5
      vertex 10.0003 14.9665 1.5
    endloop
  endfacet
  facet normal 0.539042 0.842279 0
    outer loop
      vertex 9.40497 15.3475 1.5
      vertex 10.0003 14.9665 0
      vertex 9.40497 15.3475 0
    endloop
  endfacet
  facet normal 0.382536 0.548859 0.74325
    outer loop
      vertex 9.99235 13.7533 2.39999
      vertex 10.0003 14.9665 1.5
      vertex 9.44469 14.135 2.39999
    endloop
  endfacet
  facet normal 0.382616 0.548839 0.743223
    outer loop
      vertex 10.5801 14.5623 1.5
      vertex 10.0003 14.9665 1.5
      vertex 9.99235 13.7533 2.39999
    endloop
  endfacet
  facet normal 0.566281 0.812653 0.137556
    outer loop
      vertex 9.69846 13.3488 6
      vertex 9.44469 14.135 2.39999
      vertex 9.16691 13.7192 6
    endloop
  endfacet
  facet normal 0.566356 0.812603 0.13754
    outer loop
      vertex 9.69846 13.3488 6
      vertex 9.99235 13.7533 2.39999
      vertex 9.44469 14.135 2.39999
    endloop
  endfacet
  facet normal 0.475787 0.682677 0.554597
    outer loop
      vertex 9.22823 12.7016 7.2
      vertex 9.16691 13.7192 6
      vertex 8.72245 13.0541 7.2
    endloop
  endfacet
  facet normal 0.475726 0.682701 0.554621
    outer loop
      vertex 9.22823 12.7016 7.2
      vertex 9.69846 13.3488 6
      vertex 9.16691 13.7192 6
    endloop
  endfacet
  facet normal 0.489435 0.702222 0.517047
    outer loop
      vertex 7.52364 10.3554 12
      vertex 8.72245 13.0541 7.2
      vertex 7.11129 10.6428 12
    endloop
  endfacet
  facet normal 0.489417 0.702233 0.517049
    outer loop
      vertex 9.22823 12.7016 7.2
      vertex 8.72245 13.0541 7.2
      vertex 7.52364 10.3554 12
    endloop
  endfacet
  facet normal 0.533923 0.766063 0.357874
    outer loop
      vertex 6.17174 8.49468 18
      vertex 7.11129 10.6428 12
      vertex 5.83349 8.73043 18
    endloop
  endfacet
  facet normal 0.533929 0.766059 0.357873
    outer loop
      vertex 7.52364 10.3554 12
      vertex 7.11129 10.6428 12
      vertex 6.17174 8.49468 18
    endloop
  endfacet
  facet normal 0.556003 0.797758 -0.233329
    outer loop
      vertex 6.50017 9.72819 23
      vertex 6.87708 9.4655 23
      vertex 5.83349 8.73043 18
    endloop
  endfacet
  facet normal 0.55601 0.797753 -0.23333
    outer loop
      vertex 6.87708 9.4655 23
      vertex 6.17174 8.49468 18
      vertex 5.83349 8.73043 18
    endloop
  endfacet
  facet normal 0.556477 0.798399 -0.229983
    outer loop
      vertex 7.22241 10.8091 28.5
      vertex 7.64121 10.5172 28.5
      vertex 6.50017 9.72819 23
    endloop
  endfacet
  facet normal 0.556459 0.798412 -0.229981
    outer loop
      vertex 7.64121 10.5172 28.5
      vertex 6.87708 9.4655 23
      vertex 6.50017 9.72819 23
    endloop
  endfacet
  facet normal 0.544567 0.781401 0.304728
    outer loop
      vertex 7.17098 9.87 31
      vertex 7.22241 10.8091 28.5
      vertex 6.77796 10.1439 31
    endloop
  endfacet
  facet normal 0.544611 0.781374 0.304719
    outer loop
      vertex 7.64121 10.5172 28.5
      vertex 7.22241 10.8091 28.5
      vertex 7.17098 9.87 31
    endloop
  endfacet
  facet normal 0.452768 0.649626 0.610726
    outer loop
      vertex 5.58396 7.68566 34.5
      vertex 6.77796 10.1439 31
      vertex 5.27792 7.89896 34.5
    endloop
  endfacet
  facet normal 0.452743 0.649642 0.610729
    outer loop
      vertex 7.17098 9.87 31
      vertex 6.77796 10.1439 31
      vertex 5.58396 7.68566 34.5
    endloop
  endfacet
  facet normal 0.457448 0.656378 -0.599924
    outer loop
      vertex 6.11127 9.14616 36.5
      vertex 6.46564 8.89919 36.5
      vertex 5.27792 7.89896 34.5
    endloop
  endfacet
  facet normal 0.457464 0.656364 -0.599927
    outer loop
      vertex 6.46564 8.89919 36.5
      vertex 5.58396 7.68566 34.5
      vertex 5.27792 7.89896 34.5
    endloop
  endfacet
  facet normal 0.378391 0.542816 -0.749781
    outer loop
      vertex 7.05574 10.5597 38
      vertex 7.46487 10.2745 38
      vertex 6.11127 9.14616 36.5
    endloop
  endfacet
  facet normal 0.378338 0.542866 -0.749771
    outer loop
      vertex 7.46487 10.2745 38
      vertex 6.46564 8.89919 36.5
      vertex 6.11127 9.14616 36.5
    endloop
  endfacet
  facet normal 0.404428 0.580152 0.707009
    outer loop
      vertex 7.5002 11.2248 44.2
      vertex 7.05575 10.5597 45
      vertex 7.46487 10.2745 45
    endloop
  endfacet
  facet normal 0.404349 0.580176 0.707034
    outer loop
      vertex 7.46487 10.2745 45
      vertex 7.9351 10.9217 44.2
      vertex 7.5002 11.2248 44.2
    endloop
  endfacet
  facet normal 0 0.777444 0.628952
    outer loop
      vertex 7.9351 10.9217 44.2
      vertex 7.46487 10.2745 45
      vertex 7.46488 10.2745 45
    endloop
  endfacet
  facet normal 0.571885 0.820334 -0
    outer loop
      vertex 10.5801 14.5623 0
      vertex 10.0003 14.9665 1.5
      vertex 10.5801 14.5623 1.5
    endloop
  endfacet
  facet normal 0.571885 0.820334 0
    outer loop
      vertex 10.0003 14.9665 1.5
      vertex 10.5801 14.5623 0
      vertex 10.0003 14.9665 0
    endloop
  endfacet
  facet normal 0.403804 0.533444 0.743222
    outer loop
      vertex 10.5246 13.3504 2.39999
      vertex 10.5801 14.5623 1.5
      vertex 9.99235 13.7533 2.39999
    endloop
  endfacet
  facet normal 0.40378 0.533452 0.74323
    outer loop
      vertex 11.1437 14.1357 1.5
      vertex 10.5801 14.5623 1.5
      vertex 10.5246 13.3504 2.39999
    endloop
  endfacet
  facet normal 0.597907 0.789677 0.137539
    outer loop
      vertex 10.215 12.9577 6
      vertex 9.99235 13.7533 2.39999
      vertex 9.69846 13.3488 6
    endloop
  endfacet
  facet normal 0.597816 0.789743 0.13756
    outer loop
      vertex 10.215 12.9577 6
      vertex 10.5246 13.3504 2.39999
      vertex 9.99235 13.7533 2.39999
    endloop
  endfacet
  facet normal 0.502233 0.663444 0.554621
    outer loop
      vertex 9.71977 12.3295 7.2
      vertex 9.69846 13.3488 6
      vertex 9.22823 12.7016 7.2
    endloop
  endfacet
  facet normal 0.502305 0.663412 0.554593
    outer loop
      vertex 9.71977 12.3295 7.2
      vertex 10.215 12.9577 6
      vertex 9.69846 13.3488 6
    endloop
  endfacet
  facet normal 0.516661 0.682439 0.517048
    outer loop
      vertex 7.92439 10.052 12
      vertex 9.22823 12.7016 7.2
      vertex 7.52364 10.3554 12
    endloop
  endfacet
  facet normal 0.516629 0.682461 0.517052
    outer loop
      vertex 9.71977 12.3295 7.2
      vertex 9.22823 12.7016 7.2
      vertex 7.92439 10.052 12
    endloop
  endfacet
  facet normal 0.563572 0.744522 0.357873
    outer loop
      vertex 6.50049 8.24583 18
      vertex 7.52364 10.3554 12
      vertex 6.17174 8.49468 18
    endloop
  endfacet
  facet normal 0.563631 0.74448 0.357869
    outer loop
      vertex 7.92439 10.052 12
      vertex 7.52364 10.3554 12
      vertex 6.50049 8.24583 18
    endloop
  endfacet
  facet normal 0.5869 0.77531 -0.23333
    outer loop
      vertex 6.87708 9.4655 23
      vertex 7.2434 9.1882 23
      vertex 6.17174 8.49468 18
    endloop
  endfacet
  facet normal 0.586886 0.775321 -0.233329
    outer loop
      vertex 7.2434 9.1882 23
      vertex 6.50049 8.24583 18
      vertex 6.17174 8.49468 18
    endloop
  endfacet
  facet normal 0.587379 0.775947 -0.229981
    outer loop
      vertex 7.64121 10.5172 28.5
      vertex 8.04822 10.2091 28.5
      vertex 6.87708 9.4655 23
    endloop
  endfacet
  facet normal 0.587382 0.775945 -0.229982
    outer loop
      vertex 8.04822 10.2091 28.5
      vertex 7.2434 9.1882 23
      vertex 6.87708 9.4655 23
    endloop
  endfacet
  facet normal 0.574857 0.759398 0.304719
    outer loop
      vertex 7.55294 9.58086 31
      vertex 7.64121 10.5172 28.5
      vertex 7.17098 9.87 31
    endloop
  endfacet
  facet normal 0.574854 0.7594 0.30472
    outer loop
      vertex 8.04822 10.2091 28.5
      vertex 7.64121 10.5172 28.5
      vertex 7.55294 9.58086 31
    endloop
  endfacet
  facet normal 0.477921 0.631349 0.610729
    outer loop
      vertex 5.88139 7.46051 34.5
      vertex 7.17098 9.87 31
      vertex 5.58396 7.68566 34.5
    endloop
  endfacet
  facet normal 0.477924 0.631347 0.610729
    outer loop
      vertex 7.55294 9.58086 31
      vertex 7.17098 9.87 31
      vertex 5.88139 7.46051 34.5
    endloop
  endfacet
  facet normal 0.482882 0.637897 -0.599927
    outer loop
      vertex 6.46564 8.89919 36.5
      vertex 6.81003 8.63849 36.5
      vertex 5.58396 7.68566 34.5
    endloop
  endfacet
  facet normal 0.48288 0.637899 -0.599927
    outer loop
      vertex 6.81003 8.63849 36.5
      vertex 5.88139 7.46051 34.5
      vertex 5.58396 7.68566 34.5
    endloop
  endfacet
  facet normal 0.399362 0.527592 -0.749771
    outer loop
      vertex 7.46487 10.2745 38
      vertex 7.86249 9.97352 38
      vertex 6.46564 8.89919 36.5
    endloop
  endfacet
  facet normal 0.399373 0.52758 -0.749773
    outer loop
      vertex 7.86249 9.97352 38
      vertex 6.81003 8.63849 36.5
      vertex 6.46564 8.89919 36.5
    endloop
  endfacet
  facet normal 0.426812 0.563859 0.707032
    outer loop
      vertex 7.9351 10.9217 44.2
      vertex 7.46488 10.2745 45
      vertex 7.86249 9.97353 45
    endloop
  endfacet
  facet normal 0.426771 0.563874 0.707045
    outer loop
      vertex 7.86249 9.97353 45
      vertex 8.35777 10.6018 44.2
      vertex 7.9351 10.9217 44.2
    endloop
  endfacet
  facet normal 0 0.786462 0.617638
    outer loop
      vertex 8.35777 10.6018 44.2
      vertex 7.86249 9.97353 45
      vertex 7.8625 9.97353 45
    endloop
  endfacet
  facet normal 0.603525 0.797344 -0
    outer loop
      vertex 11.1437 14.1357 0
      vertex 10.5801 14.5623 1.5
      vertex 11.1437 14.1357 1.5
    endloop
  endfacet
  facet normal 0.603525 0.797344 0
    outer loop
      vertex 10.5801 14.5623 1.5
      vertex 11.1437 14.1357 0
      vertex 10.5801 14.5623 0
    endloop
  endfacet
  facet normal 0.424449 0.517157 0.74323
    outer loop
      vertex 11.0406 12.9269 2.39999
      vertex 11.1437 14.1357 1.5
      vertex 10.5246 13.3504 2.39999
    endloop
  endfacet
  facet normal 0.424412 0.517169 0.743243
    outer loop
      vertex 11.6901 13.6873 1.5
      vertex 11.1437 14.1357 1.5
      vertex 11.0406 12.9269 2.39999
    endloop
  endfacet
  facet normal 0.628291 0.76572 0.13756
    outer loop
      vertex 10.7159 12.5467 6
      vertex 10.5246 13.3504 2.39999
      vertex 10.215 12.9577 6
    endloop
  endfacet
  facet normal 0.628391 0.765643 0.137537
    outer loop
      vertex 10.7159 12.5467 6
      vertex 11.0406 12.9269 2.39999
      vertex 10.5246 13.3504 2.39999
    endloop
  endfacet
  facet normal 0.52791 0.643225 0.554592
    outer loop
      vertex 10.1963 11.9384 7.2
      vertex 10.215 12.9577 6
      vertex 9.71977 12.3295 7.2
    endloop
  endfacet
  facet normal 0.527817 0.643269 0.554629
    outer loop
      vertex 10.7159 12.5467 6
      vertex 10.215 12.9577 6
      vertex 10.1963 11.9384 7.2
    endloop
  endfacet
  facet normal 0.542954 0.661709 0.517052
    outer loop
      vertex 8.31293 9.73319 12
      vertex 9.71977 12.3295 7.2
      vertex 7.92439 10.052 12
    endloop
  endfacet
  facet normal 0.543033 0.66165 0.517044
    outer loop
      vertex 10.1963 11.9384 7.2
      vertex 9.71977 12.3295 7.2
      vertex 8.31293 9.73319 12
    endloop
  endfacet
  facet normal 0.592394 0.721803 0.357868
    outer loop
      vertex 6.8192 7.98426 18
      vertex 7.92439 10.052 12
      vertex 6.50049 8.24583 18
    endloop
  endfacet
  facet normal 0.592314 0.721865 0.357875
    outer loop
      vertex 8.31293 9.73319 12
      vertex 7.92439 10.052 12
      vertex 6.8192 7.98426 18
    endloop
  endfacet
  facet normal 0.616875 0.75168 -0.233329
    outer loop
      vertex 7.2434 9.1882 23
      vertex 7.59854 8.89675 23
      vertex 6.50049 8.24583 18
    endloop
  endfacet
  facet normal 0.616898 0.75166 -0.233331
    outer loop
      vertex 7.59854 8.89675 23
      vertex 6.8192 7.98426 18
      vertex 6.50049 8.24583 18
    endloop
  endfacet
  facet normal 0.617366 0.752308 -0.229982
    outer loop
      vertex 8.04822 10.2091 28.5
      vertex 8.44282 9.88528 28.5
      vertex 7.2434 9.1882 23
    endloop
  endfacet
  facet normal 0.617381 0.752296 -0.229983
    outer loop
      vertex 8.44282 9.88528 28.5
      vertex 7.59854 8.89675 23
      vertex 7.2434 9.1882 23
    endloop
  endfacet
  facet normal 0.604218 0.736251 0.30472
    outer loop
      vertex 7.92326 9.27695 31
      vertex 8.04822 10.2091 28.5
      vertex 7.55294 9.58086 31
    endloop
  endfacet
  facet normal 0.6042 0.736265 0.304724
    outer loop
      vertex 8.44282 9.88528 28.5
      vertex 8.04822 10.2091 28.5
      vertex 7.92326 9.27695 31
    endloop
  endfacet
  facet normal 0.502326 0.61211 0.610729
    outer loop
      vertex 6.16976 7.22386 34.5
      vertex 7.55294 9.58086 31
      vertex 5.88139 7.46051 34.5
    endloop
  endfacet
  facet normal 0.502335 0.612104 0.610728
    outer loop
      vertex 7.92326 9.27695 31
      vertex 7.55294 9.58086 31
      vertex 6.16976 7.22386 34.5
    endloop
  endfacet
  facet normal 0.507555 0.618446 -0.599927
    outer loop
      vertex 6.81003 8.63849 36.5
      vertex 7.14393 8.36446 36.5
      vertex 5.88139 7.46051 34.5
    endloop
  endfacet
  facet normal 0.507539 0.618462 -0.599924
    outer loop
      vertex 7.14393 8.36446 36.5
      vertex 6.16976 7.22386 34.5
      vertex 5.88139 7.46051 34.5
    endloop
  endfacet
  facet normal 0.419773 0.511498 -0.749773
    outer loop
      vertex 7.86249 9.97352 38
      vertex 8.24799 9.65715 38
      vertex 6.81003 8.63849 36.5
    endloop
  endfacet
  facet normal 0.419779 0.511492 -0.749774
    outer loop
      vertex 8.24799 9.65715 38
      vertex 7.14393 8.36446 36.5
      vertex 6.81003 8.63849 36.5
    endloop
  endfacet
  facet normal 0.44863 0.546646 0.707043
    outer loop
      vertex 8.35777 10.6018 44.2
      vertex 7.8625 9.97353 45
      vertex 8.24799 9.65716 45
    endloop
  endfacet
  facet normal 0.448625 0.546648 0.707044
    outer loop
      vertex 8.24799 9.65716 45
      vertex 8.76755 10.2655 44.2
      vertex 8.35777 10.6018 44.2
    endloop
  endfacet
  facet normal 0.634377 0.773024 -0
    outer loop
      vertex 11.6901 13.6873 0
      vertex 11.1437 14.1357 1.5
      vertex 11.6901 13.6873 1.5
    endloop
  endfacet
  facet normal 0.634377 0.773024 0
    outer loop
      vertex 11.1437 14.1357 1.5
      vertex 11.6901 13.6873 0
      vertex 11.1437 14.1357 0
    endloop
  endfacet
  facet normal 0.444386 0.50011 0.743244
    outer loop
      vertex 11.5396 12.4835 2.39999
      vertex 11.6901 13.6873 1.5
      vertex 11.0406 12.9269 2.39999
    endloop
  endfacet
  facet normal 0.444432 0.500092 0.743228
    outer loop
      vertex 12.2184 13.2178 1.5
      vertex 11.6901 13.6873 1.5
      vertex 11.5396 12.4835 2.39999
    endloop
  endfacet
  facet normal 0.657974 0.740374 0.137537
    outer loop
      vertex 11.2002 12.1163 6
      vertex 11.0406 12.9269 2.39999
      vertex 10.7159 12.5467 6
    endloop
  endfacet
  facet normal 0.65792 0.74042 0.13755
    outer loop
      vertex 11.2002 12.1163 6
      vertex 11.5396 12.4835 2.39999
      vertex 11.0406 12.9269 2.39999
    endloop
  endfacet
  facet normal 0.552672 0.622043 0.554631
    outer loop
      vertex 10.6572 11.5289 7.2
      vertex 10.7159 12.5467 6
      vertex 10.1963 11.9384 7.2
    endloop
  endfacet
  facet normal 0.552768 0.621992 0.554593
    outer loop
      vertex 11.2002 12.1163 6
      vertex 10.7159 12.5467 6
      vertex 10.6572 11.5289 7.2
    endloop
  endfacet
  facet normal 0.568579 0.639832 0.517043
    outer loop
      vertex 8.68864 9.39932 12
      vertex 10.1963 11.9384 7.2
      vertex 8.31293 9.73319 12
    endloop
  endfacet
  facet normal 0.568519 0.639879 0.51705
    outer loop
      vertex 10.6572 11.5289 7.2
      vertex 10.1963 11.9384 7.2
      vertex 8.68864 9.39932 12
    endloop
  endfacet
  facet normal 0.620243 0.698014 0.357876
    outer loop
      vertex 7.12741 7.71039 18
      vertex 8.31293 9.73319 12
      vertex 6.8192 7.98426 18
    endloop
  endfacet
  facet normal 0.620265 0.697996 0.357874
    outer loop
      vertex 8.68864 9.39932 12
      vertex 8.31293 9.73319 12
      vertex 7.12741 7.71039 18
    endloop
  endfacet
  facet normal 0.645918 0.726875 -0.233331
    outer loop
      vertex 7.59854 8.89675 23
      vertex 7.94197 8.59157 23
      vertex 6.8192 7.98426 18
    endloop
  endfacet
  facet normal 0.645901 0.72689 -0.233329
    outer loop
      vertex 7.94197 8.59157 23
      vertex 7.12741 7.71039 18
      vertex 6.8192 7.98426 18
    endloop
  endfacet
  facet normal 0.646448 0.72747 -0.229983
    outer loop
      vertex 8.44282 9.88528 28.5
      vertex 8.82441 9.54619 28.5
      vertex 7.59854 8.89675 23
    endloop
  endfacet
  facet normal 0.646447 0.72747 -0.229983
    outer loop
      vertex 8.82441 9.54619 28.5
      vertex 7.94197 8.59157 23
      vertex 7.59854 8.89675 23
    endloop
  endfacet
  facet normal 0.632656 0.711962 0.304724
    outer loop
      vertex 8.28137 8.95873 31
      vertex 8.44282 9.88528 28.5
      vertex 7.92326 9.27695 31
    endloop
  endfacet
  facet normal 0.632662 0.711957 0.304723
    outer loop
      vertex 8.82441 9.54619 28.5
      vertex 8.44282 9.88528 28.5
      vertex 8.28137 8.95873 31
    endloop
  endfacet
  facet normal 0.525991 0.591899 0.610728
    outer loop
      vertex 6.44861 6.97606 34.5
      vertex 7.92326 9.27695 31
      vertex 6.16976 7.22386 34.5
    endloop
  endfacet
  facet normal 0.525977 0.59191 0.610729
    outer loop
      vertex 8.28137 8.95873 31
      vertex 7.92326 9.27695 31
      vertex 6.44861 6.97606 34.5
    endloop
  endfacet
  facet normal 0.531431 0.598057 -0.599924
    outer loop
      vertex 7.14393 8.36446 36.5
      vertex 7.46681 8.07755 36.5
      vertex 6.16976 7.22386 34.5
    endloop
  endfacet
  facet normal 0.531448 0.598039 -0.599927
    outer loop
      vertex 7.46681 8.07755 36.5
      vertex 6.44861 6.97606 34.5
      vertex 6.16976 7.22386 34.5
    endloop
  endfacet
  facet normal 0.439531 0.494622 -0.749774
    outer loop
      vertex 8.24799 9.65715 38
      vertex 8.62077 9.32589 38
      vertex 7.14393 8.36446 36.5
    endloop
  endfacet
  facet normal 0.439525 0.494629 -0.749773
    outer loop
      vertex 8.62077 9.32589 38
      vertex 7.46681 8.07755 36.5
      vertex 7.14393 8.36446 36.5
    endloop
  endfacet
  facet normal 0.469739 0.528615 0.707044
    outer loop
      vertex 8.76755 10.2655 44.2
      vertex 8.24799 9.65716 45
      vertex 8.62077 9.3259 45
    endloop
  endfacet
  facet normal 0.469763 0.528605 0.707036
    outer loop
      vertex 8.62077 9.3259 45
      vertex 9.16381 9.91335 44.2
      vertex 8.76755 10.2655 44.2
    endloop
  endfacet
  facet normal 0.664285 0.74748 -0
    outer loop
      vertex 12.2184 13.2178 0
      vertex 11.6901 13.6873 1.5
      vertex 12.2184 13.2178 1.5
    endloop
  endfacet
  facet normal 0.664285 0.74748 0
    outer loop
      vertex 11.6901 13.6873 1.5
      vertex 12.2184 13.2178 0
      vertex 11.6901 13.6873 0
    endloop
  endfacet
  facet normal 0.46372 0.482261 0.743228
    outer loop
      vertex 12.0208 12.0208 2.39999
      vertex 12.2184 13.2178 1.5
      vertex 11.5396 12.4835 2.39999
    endloop
  endfacet
  facet normal 0.463712 0.482265 0.743231
    outer loop
      vertex 12.7279 12.7279 1.5
      vertex 12.2184 13.2178 1.5
      vertex 12.0208 12.0208 2.39999
    endloop
  endfacet
  facet normal 0.686414 0.714084 0.13755
    outer loop
      vertex 11.6673 11.6673 6
      vertex 11.5396 12.4835 2.39999
      vertex 11.2002 12.1163 6
    endloop
  endfacet
  facet normal 0.686529 0.713979 0.137522
    outer loop
      vertex 11.6673 11.6673 6
      vertex 12.0208 12.0208 2.39999
      vertex 11.5396 12.4835 2.39999
    endloop
  endfacet
  facet normal 0.576746 0.599826 0.554592
    outer loop
      vertex 11.1016 11.1016 7.2
      vertex 11.2002 12.1163 6
      vertex 10.6572 11.5289 7.2
    endloop
  endfacet
  facet normal 0.576642 0.599887 0.554635
    outer loop
      vertex 11.6673 11.6673 6
      vertex 11.2002 12.1163 6
      vertex 11.1016 11.1016 7.2
    endloop
  endfacet
  facet normal 0.593248 0.617022 0.51705
    outer loop
      vertex 9.05096 9.05096 12
      vertex 10.6572 11.5289 7.2
      vertex 8.68864 9.39932 12
    endloop
  endfacet
  facet normal 0.593265 0.617007 0.517048
    outer loop
      vertex 11.1016 11.1016 7.2
      vertex 10.6572 11.5289 7.2
      vertex 9.05096 9.05096 12
    endloop
  endfacet
  facet normal 0.647194 0.673102 0.357874
    outer loop
      vertex 7.42462 7.42462 18
      vertex 8.68864 9.39932 12
      vertex 7.12741 7.71039 18
    endloop
  endfacet
  facet normal 0.64718 0.673115 0.357875
    outer loop
      vertex 9.05096 9.05096 12
      vertex 8.68864 9.39932 12
      vertex 7.42462 7.42462 18
    endloop
  endfacet
  facet normal 0.673953 0.70096 -0.233329
    outer loop
      vertex 7.94197 8.59157 23
      vertex 8.27315 8.27315 23
      vertex 7.12741 7.71039 18
    endloop
  endfacet
  facet normal 0.673966 0.700947 -0.233331
    outer loop
      vertex 8.27315 8.27315 23
      vertex 7.42462 7.42462 18
      vertex 7.12741 7.71039 18
    endloop
  endfacet
  facet normal 0.674503 0.701536 -0.229983
    outer loop
      vertex 8.82441 9.54619 28.5
      vertex 9.19239 9.19239 28.5
      vertex 7.94197 8.59157 23
    endloop
  endfacet
  facet normal 0.674505 0.701534 -0.229984
    outer loop
      vertex 9.19239 9.19239 28.5
      vertex 8.27315 8.27315 23
      vertex 7.94197 8.59157 23
    endloop
  endfacet
  facet normal 0.660127 0.686569 0.304723
    outer loop
      vertex 8.6267 8.6267 31
      vertex 8.82441 9.54619 28.5
      vertex 8.28137 8.95873 31
    endloop
  endfacet
  facet normal 0.660119 0.686576 0.304725
    outer loop
      vertex 9.19239 9.19239 28.5
      vertex 8.82441 9.54619 28.5
      vertex 8.6267 8.6267 31
    endloop
  endfacet
  facet normal 0.548822 0.570792 0.610729
    outer loop
      vertex 6.71751 6.71751 34.5
      vertex 8.28137 8.95873 31
      vertex 6.44861 6.97606 34.5
    endloop
  endfacet
  facet normal 0.548815 0.570799 0.61073
    outer loop
      vertex 8.6267 8.6267 31
      vertex 8.28137 8.95873 31
      vertex 6.71751 6.71751 34.5
    endloop
  endfacet
  facet normal 0.554521 0.57671 -0.599927
    outer loop
      vertex 7.46681 8.07755 36.5
      vertex 7.77817 7.77817 36.5
      vertex 6.44861 6.97606 34.5
    endloop
  endfacet
  facet normal 0.554517 0.576715 -0.599926
    outer loop
      vertex 7.77817 7.77817 36.5
      vertex 6.71751 6.71751 34.5
      vertex 6.44861 6.97606 34.5
    endloop
  endfacet
  facet normal 0.458617 0.476981 -0.749773
    outer loop
      vertex 8.62077 9.32589 38
      vertex 8.98025 8.98025 38
      vertex 7.46681 8.07755 36.5
    endloop
  endfacet
  facet normal 0.458622 0.476974 -0.749774
    outer loop
      vertex 8.98025 8.98025 38
      vertex 7.77817 7.77817 36.5
      vertex 7.46681 8.07755 36.5
    endloop
  endfacet
  facet normal 0.490126 0.509781 0.707036
    outer loop
      vertex 8.62077 9.3259 45
      vertex 8.98026 8.98027 45
      vertex 9.16381 9.91335 44.2
    endloop
  endfacet
  facet normal 0.490138 0.509775 0.707032
    outer loop
      vertex 8.98026 8.98027 45
      vertex 9.54594 9.54594 44.2
      vertex 9.16381 9.91335 44.2
    endloop
  endfacet
  facet normal 0.816499 0 0.577347
    outer loop
      vertex 9.54594 9.54594 44.2
      vertex 8.98026 8.98027 45
      vertex 8.98026 8.98026 45
    endloop
  endfacet
  facet normal 0.693106 0.720836 -0
    outer loop
      vertex 12.7279 12.7279 0
      vertex 12.2184 13.2178 1.5
      vertex 12.7279 12.7279 1.5
    endloop
  endfacet
  facet normal 0.693106 0.720836 0
    outer loop
      vertex 12.2184 13.2178 1.5
      vertex 12.7279 12.7279 0
      vertex 12.2184 13.2178 0
    endloop
  endfacet
  facet normal 0.482259 0.463718 0.743231
    outer loop
      vertex 12.4835 11.5396 2.39999
      vertex 12.7279 12.7279 1.5
      vertex 12.0208 12.0208 2.39999
    endloop
  endfacet
  facet normal 0.482267 0.463714 0.743228
    outer loop
      vertex 13.2178 12.2184 1.5
      vertex 12.7279 12.7279 1.5
      vertex 12.4835 11.5396 2.39999
    endloop
  endfacet
  facet normal 0.714087 0.686416 0.137521
    outer loop
      vertex 12.1163 11.2002 6
      vertex 12.0208 12.0208 2.39999
      vertex 11.6673 11.6673 6
    endloop
  endfacet
  facet normal 0.713976 0.686527 0.137549
    outer loop
      vertex 12.1163 11.2002 6
      vertex 12.4835 11.5396 2.39999
      vertex 12.0208 12.0208 2.39999
    endloop
  endfacet
  facet normal 0.599805 0.576725 0.554636
    outer loop
      vertex 11.5289 10.6572 7.2
      vertex 11.6673 11.6673 6
      vertex 11.1016 11.1016 7.2
    endloop
  endfacet
  facet normal 0.599907 0.576661 0.554593
    outer loop
      vertex 12.1163 11.2002 6
      vertex 11.6673 11.6673 6
      vertex 11.5289 10.6572 7.2
    endloop
  endfacet
  facet normal 0.617023 0.593249 0.517048
    outer loop
      vertex 9.39932 8.68864 12
      vertex 11.1016 11.1016 7.2
      vertex 9.05096 9.05096 12
    endloop
  endfacet
  facet normal 0.617006 0.593264 0.51705
    outer loop
      vertex 11.5289 10.6572 7.2
      vertex 11.1016 11.1016 7.2
      vertex 9.39932 8.68864 12
    endloop
  endfacet
  facet normal 0.673102 0.647193 0.357875
    outer loop
      vertex 7.71039 7.12741 18
      vertex 9.05096 9.05096 12
      vertex 7.42462 7.42462 18
    endloop
  endfacet
  facet normal 0.673115 0.64718 0.357874
    outer loop
      vertex 9.39932 8.68864 12
      vertex 9.05096 9.05096 12
      vertex 7.71039 7.12741 18
    endloop
  endfacet
  facet normal 0.70096 0.673953 -0.233331
    outer loop
      vertex 8.27315 8.27315 23
      vertex 8.59157 7.94197 23
      vertex 7.42462 7.42462 18
    endloop
  endfacet
  facet normal 0.700947 0.673967 -0.233329
    outer loop
      vertex 8.59157 7.94197 23
      vertex 7.71039 7.12741 18
      vertex 7.42462 7.42462 18
    endloop
  endfacet
  facet normal 0.701536 0.674503 -0.229984
    outer loop
      vertex 9.19239 9.19239 28.5
      vertex 9.54619 8.82441 28.5
      vertex 8.27315 8.27315 23
    endloop
  endfacet
  facet normal 0.701534 0.674505 -0.229983
    outer loop
      vertex 9.54619 8.82441 28.5
      vertex 8.59157 7.94197 23
      vertex 8.27315 8.27315 23
    endloop
  endfacet
  facet normal 0.686569 0.660126 0.304725
    outer loop
      vertex 8.95873 8.28137 31
      vertex 9.19239 9.19239 28.5
      vertex 8.6267 8.6267 31
    endloop
  endfacet
  facet normal 0.686576 0.660119 0.304723
    outer loop
      vertex 9.54619 8.82441 28.5
      vertex 9.19239 9.19239 28.5
      vertex 8.95873 8.28137 31
    endloop
  endfacet
  facet normal 0.570792 0.548822 0.61073
    outer loop
      vertex 6.97606 6.44861 34.5
      vertex 8.6267 8.6267 31
      vertex 6.71751 6.71751 34.5
    endloop
  endfacet
  facet normal 0.570799 0.548815 0.610729
    outer loop
      vertex 8.95873 8.28137 31
      vertex 8.6267 8.6267 31
      vertex 6.97606 6.44861 34.5
    endloop
  endfacet
  facet normal 0.576711 0.554521 -0.599926
    outer loop
      vertex 7.77817 7.77817 36.5
      vertex 8.07755 7.46681 36.5
      vertex 6.71751 6.71751 34.5
    endloop
  endfacet
  facet normal 0.576714 0.554516 -0.599927
    outer loop
      vertex 8.07755 7.46681 36.5
      vertex 6.97606 6.44861 34.5
      vertex 6.71751 6.71751 34.5
    endloop
  endfacet
  facet normal 0.47698 0.458616 -0.749774
    outer loop
      vertex 8.98025 8.98025 38
      vertex 9.32589 8.62077 38
      vertex 7.77817 7.77817 36.5
    endloop
  endfacet
  facet normal 0.476975 0.458623 -0.749773
    outer loop
      vertex 9.32589 8.62077 38
      vertex 8.07755 7.46681 36.5
      vertex 7.77817 7.77817 36.5
    endloop
  endfacet
  facet normal 0.508778 0.491149 0.707048
    outer loop
      vertex 8.98026 8.98026 45
      vertex 9.54113 9.52573 44.2175
      vertex 9.54594 9.54594 44.2
    endloop
  endfacet
  facet normal 0.509789 0.490109 0.707042
    outer loop
      vertex 9.54113 9.52573 44.2175
      vertex 8.98027 8.98026 45
      vertex 9.13393 8.82043 45
    endloop
  endfacet
  facet normal 0 0.820353 0.571857
    outer loop
      vertex 9.54113 9.52573 44.2175
      vertex 8.98026 8.98026 45
      vertex 8.98027 8.98026 45
    endloop
  endfacet
  facet normal 0.509954 0.490516 0.706641
    outer loop
      vertex 9.55023 9.54148 44.2
      vertex 9.54594 9.54594 44.2
      vertex 9.54113 9.52573 44.2175
    endloop
  endfacet
  facet normal 0.720836 0.693106 0
    outer loop
      vertex 13.2178 12.2184 1.5
      vertex 12.7279 12.7279 0
      vertex 12.7279 12.7279 1.5
    endloop
  endfacet
  facet normal 0.720836 0.693106 0
    outer loop
      vertex 12.7279 12.7279 0
      vertex 13.2178 12.2184 1.5
      vertex 13.2178 12.2184 0
    endloop
  endfacet
  facet normal 0.500123 0.444398 0.743228
    outer loop
      vertex 12.9269 11.0406 2.39999
      vertex 13.2178 12.2184 1.5
      vertex 12.4835 11.5396 2.39999
    endloop
  endfacet
  facet normal 0.50008 0.444421 0.743243
    outer loop
      vertex 13.6873 11.6901 1.5
      vertex 13.2178 12.2184 1.5
      vertex 12.9269 11.0406 2.39999
    endloop
  endfacet
  facet normal 0.740373 0.657973 0.13755
    outer loop
      vertex 12.5467 10.7159 6
      vertex 12.4835 11.5396 2.39999
      vertex 12.1163 11.2002 6
    endloop
  endfacet
  facet normal 0.740421 0.657921 0.137537
    outer loop
      vertex 12.5467 10.7159 6
      vertex 12.9269 11.0406 2.39999
      vertex 12.4835 11.5396 2.39999
    endloop
  endfacet
  facet normal 0.622063 0.55269 0.554592
    outer loop
      vertex 11.9384 10.1963 7.2
      vertex 12.1163 11.2002 6
      vertex 11.5289 10.6572 7.2
    endloop
  endfacet
  facet normal 0.621974 0.552751 0.55463
    outer loop
      vertex 12.5467 10.7159 6
      vertex 12.1163 11.2002 6
      vertex 11.9384 10.1963 7.2
    endloop
  endfacet
  facet normal 0.639829 0.568576 0.51705
    outer loop
      vertex 9.73319 8.31293 12
      vertex 11.5289 10.6572 7.2
      vertex 9.39932 8.68864 12
    endloop
  endfacet
  facet normal 0.639882 0.568522 0.517044
    outer loop
      vertex 11.9384 10.1963 7.2
      vertex 11.5289 10.6572 7.2
      vertex 9.73319 8.31293 12
    endloop
  endfacet
  facet normal 0.698015 0.620244 0.357873
    outer loop
      vertex 7.98426 6.8192 18
      vertex 9.39932 8.68864 12
      vertex 7.71039 7.12741 18
    endloop
  endfacet
  facet normal 0.697995 0.620265 0.357875
    outer loop
      vertex 9.73319 8.31293 12
      vertex 9.39932 8.68864 12
      vertex 7.98426 6.8192 18
    endloop
  endfacet
  facet normal 0.726875 0.645918 -0.233329
    outer loop
      vertex 8.59157 7.94197 23
      vertex 8.89675 7.59854 23
      vertex 7.71039 7.12741 18
    endloop
  endfacet
  facet normal 0.726889 0.645901 -0.233331
    outer loop
      vertex 8.89675 7.59854 23
      vertex 7.98426 6.8192 18
      vertex 7.71039 7.12741 18
    endloop
  endfacet
  facet normal 0.72747 0.646448 -0.229983
    outer loop
      vertex 9.54619 8.82441 28.5
      vertex 9.88528 8.44282 28.5
      vertex 8.59157 7.94197 23
    endloop
  endfacet
  facet normal 0.72747 0.646447 -0.229983
    outer loop
      vertex 9.88528 8.44282 28.5
      vertex 8.89675 7.59854 23
      vertex 8.59157 7.94197 23
    endloop
  endfacet
  facet normal 0.711962 0.632656 0.304723
    outer loop
      vertex 9.27695 7.92326 31
      vertex 9.54619 8.82441 28.5
      vertex 8.95873 8.28137 31
    endloop
  endfacet
  facet normal 0.711957 0.632662 0.304724
    outer loop
      vertex 9.88528 8.44282 28.5
      vertex 9.54619 8.82441 28.5
      vertex 9.27695 7.92326 31
    endloop
  endfacet
  facet normal 0.591898 0.52599 0.610729
    outer loop
      vertex 7.22386 6.16976 34.5
      vertex 8.95873 8.28137 31
      vertex 6.97606 6.44861 34.5
    endloop
  endfacet
  facet normal 0.591911 0.525978 0.610728
    outer loop
      vertex 9.27695 7.92326 31
      vertex 8.95873 8.28137 31
      vertex 7.22386 6.16976 34.5
    endloop
  endfacet
  facet normal 0.598055 0.53143 -0.599927
    outer loop
      vertex 8.07755 7.46681 36.5
      vertex 8.36446 7.14393 36.5
      vertex 6.97606 6.44861 34.5
    endloop
  endfacet
  facet normal 0.598041 0.531449 -0.599924
    outer loop
      vertex 8.36446 7.14393 36.5
      vertex 7.22386 6.16976 34.5
      vertex 6.97606 6.44861 34.5
    endloop
  endfacet
  facet normal 0.494623 0.439532 -0.749773
    outer loop
      vertex 9.32589 8.62077 38
      vertex 9.65715 8.24799 38
      vertex 8.07755 7.46681 36.5
    endloop
  endfacet
  facet normal 0.494628 0.439524 -0.749774
    outer loop
      vertex 9.65715 8.24799 38
      vertex 8.36446 7.14393 36.5
      vertex 8.07755 7.46681 36.5
    endloop
  endfacet
  facet normal 0.74748 0.664285 0
    outer loop
      vertex 13.6873 11.6901 1.5
      vertex 13.2178 12.2184 0
      vertex 13.2178 12.2184 1.5
    endloop
  endfacet
  facet normal 0.74748 0.664285 0
    outer loop
      vertex 13.2178 12.2184 0
      vertex 13.6873 11.6901 1.5
      vertex 13.6873 11.6901 0
    endloop
  endfacet
  facet normal 0.517146 0.42444 0.743243
    outer loop
      vertex 13.3504 10.5246 2.39999
      vertex 13.6873 11.6901 1.5
      vertex 12.9269 11.0406 2.39999
    endloop
  endfacet
  facet normal 0.51718 0.424421 0.743231
    outer loop
      vertex 14.1357 11.1437 1.5
      vertex 13.6873 11.6901 1.5
      vertex 13.3504 10.5246 2.39999
    endloop
  endfacet
  facet normal 0.765723 0.628293 0.137537
    outer loop
      vertex 12.9577 10.215 6
      vertex 12.9269 11.0406 2.39999
      vertex 12.5467 10.7159 6
    endloop
  endfacet
  facet normal 0.76564 0.628389 0.13756
    outer loop
      vertex 12.9577 10.215 6
      vertex 13.3504 10.5246 2.39999
      vertex 12.9269 11.0406 2.39999
    endloop
  endfacet
  facet normal 0.643205 0.527895 0.55463
    outer loop
      vertex 12.3295 9.71977 7.2
      vertex 12.5467 10.7159 6
      vertex 11.9384 10.1963 7.2
    endloop
  endfacet
  facet normal 0.643288 0.527832 0.554593
    outer loop
      vertex 12.9577 10.215 6
      vertex 12.5467 10.7159 6
      vertex 12.3295 9.71977 7.2
    endloop
  endfacet
  facet normal 0.661713 0.542957 0.517043
    outer loop
      vertex 10.052 7.92439 12
      vertex 11.9384 10.1963 7.2
      vertex 9.73319 8.31293 12
    endloop
  endfacet
  facet normal 0.661647 0.54303 0.517051
    outer loop
      vertex 12.3295 9.71977 7.2
      vertex 11.9384 10.1963 7.2
      vertex 10.052 7.92439 12
    endloop
  endfacet
  facet normal 0.721801 0.592392 0.357876
    outer loop
      vertex 8.24583 6.50049 18
      vertex 9.73319 8.31293 12
      vertex 7.98426 6.8192 18
    endloop
  endfacet
  facet normal 0.721867 0.592316 0.357869
    outer loop
      vertex 10.052 7.92439 12
      vertex 9.73319 8.31293 12
      vertex 8.24583 6.50049 18
    endloop
  endfacet
  facet normal 0.751679 0.616875 -0.233331
    outer loop
      vertex 8.89675 7.59854 23
      vertex 9.1882 7.2434 23
      vertex 7.98426 6.8192 18
    endloop
  endfacet
  facet normal 0.751661 0.616899 -0.233329
    outer loop
      vertex 9.1882 7.2434 23
      vertex 8.24583 6.50049 18
      vertex 7.98426 6.8192 18
    endloop
  endfacet
  facet normal 0.752308 0.617365 -0.229983
    outer loop
      vertex 9.88528 8.44282 28.5
      vertex 10.2091 8.04822 28.5
      vertex 8.89675 7.59854 23
    endloop
  endfacet
  facet normal 0.752296 0.617381 -0.229982
    outer loop
      vertex 10.2091 8.04822 28.5
      vertex 9.1882 7.2434 23
      vertex 8.89675 7.59854 23
    endloop
  endfacet
  facet normal 0.73625 0.604217 0.304724
    outer loop
      vertex 9.58086 7.55294 31
      vertex 9.88528 8.44282 28.5
      vertex 9.27695 7.92326 31
    endloop
  endfacet
  facet normal 0.736266 0.604201 0.30472
    outer loop
      vertex 10.2091 8.04822 28.5
      vertex 9.88528 8.44282 28.5
      vertex 9.58086 7.55294 31
    endloop
  endfacet
  facet normal 0.612111 0.502327 0.610728
    outer loop
      vertex 7.46051 5.88139 34.5
      vertex 9.27695 7.92326 31
      vertex 7.22386 6.16976 34.5
    endloop
  endfacet
  facet normal 0.612104 0.502334 0.610729
    outer loop
      vertex 9.58086 7.55294 31
      vertex 9.27695 7.92326 31
      vertex 7.46051 5.88139 34.5
    endloop
  endfacet
  facet normal 0.618448 0.507557 -0.599924
    outer loop
      vertex 8.36446 7.14393 36.5
      vertex 8.63849 6.81003 36.5
      vertex 7.22386 6.16976 34.5
    endloop
  endfacet
  facet normal 0.61846 0.507538 -0.599927
    outer loop
      vertex 8.63849 6.81003 36.5
      vertex 7.46051 5.88139 34.5
      vertex 7.22386 6.16976 34.5
    endloop
  endfacet
  facet normal 0.511497 0.419773 -0.749774
    outer loop
      vertex 9.65715 8.24799 38
      vertex 9.97352 7.86249 38
      vertex 8.36446 7.14393 36.5
    endloop
  endfacet
  facet normal 0.511493 0.41978 -0.749773
    outer loop
      vertex 9.97352 7.86249 38
      vertex 8.63849 6.81003 36.5
      vertex 8.36446 7.14393 36.5
    endloop
  endfacet
  facet normal 0.773024 0.634377 0
    outer loop
      vertex 14.1357 11.1437 1.5
      vertex 13.6873 11.6901 0
      vertex 13.6873 11.6901 1.5
    endloop
  endfacet
  facet normal 0.773024 0.634377 0
    outer loop
      vertex 13.6873 11.6901 0
      vertex 14.1357 11.1437 1.5
      vertex 14.1357 11.1437 0
    endloop
  endfacet
  facet normal 0.533437 0.403799 0.74323
    outer loop
      vertex 13.7533 9.99235 2.39999
      vertex 14.1357 11.1437 1.5
      vertex 13.3504 10.5246 2.39999
    endloop
  endfacet
  facet normal 0.533458 0.403785 0.743222
    outer loop
      vertex 14.5623 10.5801 1.5
      vertex 14.1357 11.1437 1.5
      vertex 13.7533 9.99235 2.39999
    endloop
  endfacet
  facet normal 0.789675 0.597905 0.13756
    outer loop
      vertex 13.3488 9.69846 6
      vertex 13.3504 10.5246 2.39999
      vertex 12.9577 10.215 6
    endloop
  endfacet
  facet normal 0.789745 0.597817 0.13754
    outer loop
      vertex 13.7533 9.99235 2.39999
      vertex 13.3504 10.5246 2.39999
      vertex 13.3488 9.69846 6
    endloop
  endfacet
  facet normal 0.663459 0.502244 0.554593
    outer loop
      vertex 12.7016 9.22823 7.2
      vertex 12.9577 10.215 6
      vertex 12.3295 9.71977 7.2
    endloop
  endfacet
  facet normal 0.663398 0.502294 0.554621
    outer loop
      vertex 13.3488 9.69846 6
      vertex 12.9577 10.215 6
      vertex 12.7016 9.22823 7.2
    endloop
  endfacet
  facet normal 0.682437 0.51666 0.517052
    outer loop
      vertex 10.3554 7.52364 12
      vertex 12.3295 9.71977 7.2
      vertex 10.052 7.92439 12
    endloop
  endfacet
  facet normal 0.682462 0.51663 0.517049
    outer loop
      vertex 12.7016 9.22823 7.2
      vertex 12.3295 9.71977 7.2
      vertex 10.3554 7.52364 12
    endloop
  endfacet
  facet normal 0.744524 0.563573 0.357868
    outer loop
      vertex 8.49468 6.17174 18
      vertex 10.052 7.92439 12
      vertex 8.24583 6.50049 18
    endloop
  endfacet
  facet normal 0.744478 0.56363 0.357873
    outer loop
      vertex 10.3554 7.52364 12
      vertex 10.052 7.92439 12
      vertex 8.49468 6.17174 18
    endloop
  endfacet
  facet normal 0.77531 0.586901 -0.233329
    outer loop
      vertex 9.1882 7.2434 23
      vertex 9.4655 6.87708 23
      vertex 8.24583 6.50049 18
    endloop
  endfacet
  facet normal 0.775321 0.586885 -0.23333
    outer loop
      vertex 9.4655 6.87708 23
      vertex 8.49468 6.17174 18
      vertex 8.24583 6.50049 18
    endloop
  endfacet
  facet normal 0.775947 0.587379 -0.229982
    outer loop
      vertex 10.2091 8.04822 28.5
      vertex 10.5172 7.64121 28.5
      vertex 9.1882 7.2434 23
    endloop
  endfacet
  facet normal 0.775945 0.587382 -0.229981
    outer loop
      vertex 10.5172 7.64121 28.5
      vertex 9.4655 6.87708 23
      vertex 9.1882 7.2434 23
    endloop
  endfacet
  facet normal 0.759398 0.574857 0.30472
    outer loop
      vertex 9.87 7.17098 31
      vertex 10.2091 8.04822 28.5
      vertex 9.58086 7.55294 31
    endloop
  endfacet
  facet normal 0.759401 0.574854 0.304719
    outer loop
      vertex 10.5172 7.64121 28.5
      vertex 10.2091 8.04822 28.5
      vertex 9.87 7.17098 31
    endloop
  endfacet
  facet normal 0.631349 0.477922 0.610729
    outer loop
      vertex 7.68566 5.58396 34.5
      vertex 9.58086 7.55294 31
      vertex 7.46051 5.88139 34.5
    endloop
  endfacet
  facet normal 0.631347 0.477924 0.610729
    outer loop
      vertex 9.87 7.17098 31
      vertex 9.58086 7.55294 31
      vertex 7.68566 5.58396 34.5
    endloop
  endfacet
  facet normal 0.637897 0.482882 -0.599927
    outer loop
      vertex 8.63849 6.81003 36.5
      vertex 8.89919 6.46564 36.5
      vertex 7.46051 5.88139 34.5
    endloop
  endfacet
  facet normal 0.637899 0.48288 -0.599927
    outer loop
      vertex 8.89919 6.46564 36.5
      vertex 7.68566 5.58396 34.5
      vertex 7.46051 5.88139 34.5
    endloop
  endfacet
  facet normal 0.52759 0.399361 -0.749773
    outer loop
      vertex 9.97352 7.86249 38
      vertex 10.2745 7.46487 38
      vertex 8.63849 6.81003 36.5
    endloop
  endfacet
  facet normal 0.527582 0.399375 -0.749771
    outer loop
      vertex 10.2745 7.46487 38
      vertex 8.89919 6.46564 36.5
      vertex 8.63849 6.81003 36.5
    endloop
  endfacet
  facet normal 0.797344 0.603525 0
    outer loop
      vertex 14.5623 10.5801 1.5
      vertex 14.1357 11.1437 0
      vertex 14.1357 11.1437 1.5
    endloop
  endfacet
  facet normal 0.797344 0.603525 0
    outer loop
      vertex 14.1357 11.1437 0
      vertex 14.5623 10.5801 1.5
      vertex 14.5623 10.5801 0
    endloop
  endfacet
  facet normal 0.548884 0.382553 0.743222
    outer loop
      vertex 14.135 9.44469 2.39999
      vertex 14.5623 10.5801 1.5
      vertex 13.7533 9.99235 2.39999
    endloop
  endfacet
  facet normal 0.548816 0.3826 0.743249
    outer loop
      vertex 14.9665 10.0003 1.5
      vertex 14.5623 10.5801 1.5
      vertex 14.135 9.44469 2.39999
    endloop
  endfacet
  facet normal 0.812655 0.566282 0.137539
    outer loop
      vertex 13.7192 9.16691 6
      vertex 13.7533 9.99235 2.39999
      vertex 13.3488 9.69846 6
    endloop
  endfacet
  facet normal 0.812601 0.566355 0.137556
    outer loop
      vertex 14.135 9.44469 2.39999
      vertex 13.7533 9.99235 2.39999
      vertex 13.7192 9.16691 6
    endloop
  endfacet
  facet normal 0.682664 0.475778 0.554621
    outer loop
      vertex 13.0541 8.72245 7.2
      vertex 13.3488 9.69846 6
      vertex 12.7016 9.22823 7.2
    endloop
  endfacet
  facet normal 0.682713 0.475735 0.554598
    outer loop
      vertex 13.7192 9.16691 6
      vertex 13.3488 9.69846 6
      vertex 13.0541 8.72245 7.2
    endloop
  endfacet
  facet normal 0.702221 0.489434 0.517049
    outer loop
      vertex 10.6428 7.11129 12
      vertex 12.7016 9.22823 7.2
      vertex 10.3554 7.52364 12
    endloop
  endfacet
  facet normal 0.702234 0.489417 0.517047
    outer loop
      vertex 13.0541 8.72245 7.2
      vertex 12.7016 9.22823 7.2
      vertex 10.6428 7.11129 12
    endloop
  endfacet
  facet normal 0.766063 0.533923 0.357873
    outer loop
      vertex 8.73043 5.83349 18
      vertex 10.3554 7.52364 12
      vertex 8.49468 6.17174 18
    endloop
  endfacet
  facet normal 0.766059 0.533929 0.357874
    outer loop
      vertex 10.6428 7.11129 12
      vertex 10.3554 7.52364 12
      vertex 8.73043 5.83349 18
    endloop
  endfacet
  facet normal 0.797758 0.556003 -0.23333
    outer loop
      vertex 9.4655 6.87708 23
      vertex 9.72819 6.50017 23
      vertex 8.49468 6.17174 18
    endloop
  endfacet
  facet normal 0.797753 0.55601 -0.233329
    outer loop
      vertex 9.72819 6.50017 23
      vertex 8.73043 5.83349 18
      vertex 8.49468 6.17174 18
    endloop
  endfacet
  facet normal 0.798399 0.556477 -0.229981
    outer loop
      vertex 10.5172 7.64121 28.5
      vertex 10.8091 7.22241 28.5
      vertex 9.4655 6.87708 23
    endloop
  endfacet
  facet normal 0.798412 0.556459 -0.229983
    outer loop
      vertex 10.8091 7.22241 28.5
      vertex 9.72819 6.50017 23
      vertex 9.4655 6.87708 23
    endloop
  endfacet
  facet normal 0.781403 0.544569 0.304719
    outer loop
      vertex 10.1439 6.77796 31
      vertex 10.5172 7.64121 28.5
      vertex 9.87 7.17098 31
    endloop
  endfacet
  facet normal 0.781372 0.544609 0.304728
    outer loop
      vertex 10.8091 7.22241 28.5
      vertex 10.5172 7.64121 28.5
      vertex 10.1439 6.77796 31
    endloop
  endfacet
  facet normal 0.649624 0.452767 0.610729
    outer loop
      vertex 7.89896 5.27792 34.5
      vertex 9.87 7.17098 31
      vertex 7.68566 5.58396 34.5
    endloop
  endfacet
  facet normal 0.649643 0.452744 0.610727
    outer loop
      vertex 10.1439 6.77796 31
      vertex 9.87 7.17098 31
      vertex 7.89896 5.27792 34.5
    endloop
  endfacet
  facet normal 0.656377 0.457447 -0.599927
    outer loop
      vertex 8.89919 6.46564 36.5
      vertex 9.14616 6.11127 36.5
      vertex 7.68566 5.58396 34.5
    endloop
  endfacet
  facet normal 0.656366 0.457466 -0.599924
    outer loop
      vertex 9.14616 6.11127 36.5
      vertex 7.89896 5.27792 34.5
      vertex 7.68566 5.58396 34.5
    endloop
  endfacet
  facet normal 0.542824 0.378397 -0.749772
    outer loop
      vertex 10.2745 7.46487 38
      vertex 10.5597 7.05574 38
      vertex 8.89919 6.46564 36.5
    endloop
  endfacet
  facet normal 0.542857 0.378331 -0.749781
    outer loop
      vertex 10.5597 7.05574 38
      vertex 9.14616 6.11127 36.5
      vertex 8.89919 6.46564 36.5
    endloop
  endfacet
  facet normal 0.820334 0.571885 0
    outer loop
      vertex 14.9665 10.0003 1.5
      vertex 14.5623 10.5801 0
      vertex 14.5623 10.5801 1.5
    endloop
  endfacet
  facet normal 0.820334 0.571885 0
    outer loop
      vertex 14.5623 10.5801 0
      vertex 14.9665 10.0003 1.5
      vertex 14.9665 10.0003 0
    endloop
  endfacet
  facet normal 0.563456 0.360691 0.743249
    outer loop
      vertex 14.4949 8.88247 2.39999
      vertex 14.9665 10.0003 1.5
      vertex 14.135 9.44469 2.39999
    endloop
  endfacet
  facet normal 0.563521 0.360643 0.743223
    outer loop
      vertex 15.3475 9.40497 1.5
      vertex 14.9665 10.0003 1.5
      vertex 14.4949 8.88247 2.39999
    endloop
  endfacet
  facet normal 0.83415 0.534108 0.137556
    outer loop
      vertex 14.0686 8.62123 6
      vertex 14.135 9.44469 2.39999
      vertex 13.7192 9.16691 6
    endloop
  endfacet
  facet normal 0.834214 0.534014 0.137536
    outer loop
      vertex 14.4949 8.88247 2.39999
      vertex 14.135 9.44469 2.39999
      vertex 14.0686 8.62123 6
    endloop
  endfacet
  facet normal 0.700871 0.448557 0.554596
    outer loop
      vertex 13.3864 8.20323 7.2
      vertex 13.7192 9.16691 6
      vertex 13.0541 8.72245 7.2
    endloop
  endfacet
  facet normal 0.700738 0.448684 0.554661
    outer loop
      vertex 14.0686 8.62123 6
      vertex 13.7192 9.16691 6
      vertex 13.3864 8.20323 7.2
    endloop
  endfacet
  facet normal 0.72089 0.461497 0.517047
    outer loop
      vertex 10.9138 6.68797 12
      vertex 13.0541 8.72245 7.2
      vertex 10.6428 7.11129 12
    endloop
  endfacet
  facet normal 0.720953 0.461409 0.517038
    outer loop
      vertex 13.3864 8.20323 7.2
      vertex 13.0541 8.72245 7.2
      vertex 10.9138 6.68797 12
    endloop
  endfacet
  facet normal 0.786443 0.503422 0.357874
    outer loop
      vertex 8.95272 5.48623 18
      vertex 10.6428 7.11129 12
      vertex 8.73043 5.83349 18
    endloop
  endfacet
  facet normal 0.786424 0.503451 0.357876
    outer loop
      vertex 10.9138 6.68797 12
      vertex 10.6428 7.11129 12
      vertex 8.95272 5.48623 18
    endloop
  endfacet
  facet normal 0.818967 0.524262 -0.233329
    outer loop
      vertex 9.72819 6.50017 23
      vertex 9.97589 6.11323 23
      vertex 8.73043 5.83349 18
    endloop
  endfacet
  facet normal 0.818976 0.524247 -0.233331
    outer loop
      vertex 9.97589 6.11323 23
      vertex 8.95272 5.48623 18
      vertex 8.73043 5.83349 18
    endloop
  endfacet
  facet normal 0.819655 0.524665 -0.229983
    outer loop
      vertex 10.8091 7.22241 28.5
      vertex 11.0843 6.79248 28.5
      vertex 9.72819 6.50017 23
    endloop
  endfacet
  facet normal 0.819638 0.524692 -0.22998
    outer loop
      vertex 11.0843 6.79248 28.5
      vertex 9.97589 6.11323 23
      vertex 9.72819 6.50017 23
    endloop
  endfacet
  facet normal 0.802147 0.513519 0.304729
    outer loop
      vertex 10.4022 6.37448 31
      vertex 10.8091 7.22241 28.5
      vertex 10.1439 6.77796 31
    endloop
  endfacet
  facet normal 0.802177 0.513477 0.304719
    outer loop
      vertex 11.0843 6.79248 28.5
      vertex 10.8091 7.22241 28.5
      vertex 10.4022 6.37448 31
    endloop
  endfacet
  facet normal 0.666902 0.426913 0.610726
    outer loop
      vertex 8.10008 4.96374 34.5
      vertex 10.1439 6.77796 31
      vertex 7.89896 5.27792 34.5
    endloop
  endfacet
  facet normal 0.66689 0.42693 0.610728
    outer loop
      vertex 10.4022 6.37448 31
      vertex 10.1439 6.77796 31
      vertex 8.10008 4.96374 34.5
    endloop
  endfacet
  facet normal 0.673819 0.431345 -0.599924
    outer loop
      vertex 9.14616 6.11127 36.5
      vertex 9.37904 5.74748 36.5
      vertex 7.89896 5.27792 34.5
    endloop
  endfacet
  facet normal 0.673821 0.431342 -0.599925
    outer loop
      vertex 9.37904 5.74748 36.5
      vertex 8.10008 4.96374 34.5
      vertex 7.89896 5.27792 34.5
    endloop
  endfacet
  facet normal 0.557323 0.356678 -0.749781
    outer loop
      vertex 10.5597 7.05574 38
      vertex 10.8285 6.63573 38
      vertex 9.14616 6.11127 36.5
    endloop
  endfacet
  facet normal 0.557292 0.35675 -0.74977
    outer loop
      vertex 10.8285 6.63573 38
      vertex 9.37904 5.74748 36.5
      vertex 9.14616 6.11127 36.5
    endloop
  endfacet
  facet normal 0.842279 0.539042 0
    outer loop
      vertex 15.3475 9.40497 1.5
      vertex 14.9665 10.0003 0
      vertex 14.9665 10.0003 1.5
    endloop
  endfacet
  facet normal 0.842279 0.539042 0
    outer loop
      vertex 14.9665 10.0003 0
      vertex 15.3475 9.40497 1.5
      vertex 15.3475 9.40497 0
    endloop
  endfacet
  facet normal 0.577228 0.338273 0.743222
    outer loop
      vertex 14.8324 8.30656 2.39999
      vertex 15.3475 9.40497 1.5
      vertex 14.4949 8.88247 2.39999
    endloop
  endfacet
  facet normal 0.577198 0.338297 0.743235
    outer loop
      vertex 15.7049 8.79518 1.5
      vertex 15.3475 9.40497 1.5
      vertex 14.8324 8.30656 2.39999
    endloop
  endfacet
  facet normal 0.854552 0.500825 0.137536
    outer loop
      vertex 14.3962 8.06225 6
      vertex 14.4949 8.88247 2.39999
      vertex 14.0686 8.62123 6
    endloop
  endfacet
  facet normal 0.854566 0.500801 0.137531
    outer loop
      vertex 14.8324 8.30656 2.39999
      vertex 14.4949 8.88247 2.39999
      vertex 14.3962 8.06225 6
    endloop
  endfacet
  facet normal 0.717824 0.420805 0.554663
    outer loop
      vertex 13.6982 7.67135 7.2
      vertex 14.0686 8.62123 6
      vertex 13.3864 8.20323 7.2
    endloop
  endfacet
  facet normal 0.717893 0.420734 0.554628
    outer loop
      vertex 14.3962 8.06225 6
      vertex 14.0686 8.62123 6
      vertex 13.6982 7.67135 7.2
    endloop
  endfacet
  facet normal 0.738505 0.432762 0.517037
    outer loop
      vertex 11.1679 6.25435 12
      vertex 13.3864 8.20323 7.2
      vertex 10.9138 6.68797 12
    endloop
  endfacet
  facet normal 0.738426 0.432882 0.517049
    outer loop
      vertex 13.6982 7.67135 7.2
      vertex 13.3864 8.20323 7.2
      vertex 11.1679 6.25435 12
    endloop
  endfacet
  facet normal 0.80559 0.472175 0.357876
    outer loop
      vertex 9.16121 5.13052 18
      vertex 10.9138 6.68797 12
      vertex 8.95272 5.48623 18
    endloop
  endfacet
  facet normal 0.805636 0.4721 0.35787
    outer loop
      vertex 11.1679 6.25435 12
      vertex 10.9138 6.68797 12
      vertex 9.16121 5.13052 18
    endloop
  endfacet
  facet normal 0.838921 0.491699 -0.233331
    outer loop
      vertex 9.97589 6.11323 23
      vertex 10.2082 5.71687 23
      vertex 8.95272 5.48623 18
    endloop
  endfacet
  facet normal 0.838916 0.491708 -0.23333
    outer loop
      vertex 10.2082 5.71687 23
      vertex 9.16121 5.13052 18
      vertex 8.95272 5.48623 18
    endloop
  endfacet
  facet normal 0.839628 0.492071 -0.22998
    outer loop
      vertex 11.0843 6.79248 28.5
      vertex 11.3424 6.35208 28.5
      vertex 9.97589 6.11323 23
    endloop
  endfacet
  facet normal 0.83961 0.492103 -0.229977
    outer loop
      vertex 11.3424 6.35208 28.5
      vertex 10.2082 5.71687 23
      vertex 9.97589 6.11323 23
    endloop
  endfacet
  facet normal 0.821739 0.481551 0.304719
    outer loop
      vertex 10.6444 5.96118 31
      vertex 11.0843 6.79248 28.5
      vertex 10.4022 6.37448 31
    endloop
  endfacet
  facet normal 0.821722 0.481577 0.304724
    outer loop
      vertex 11.3424 6.35208 28.5
      vertex 11.0843 6.79248 28.5
      vertex 10.6444 5.96118 31
    endloop
  endfacet
  facet normal 0.683151 0.400394 0.610728
    outer loop
      vertex 8.28871 4.6419 34.5
      vertex 10.4022 6.37448 31
      vertex 8.10008 4.96374 34.5
    endloop
  endfacet
  facet normal 0.683179 0.400353 0.610724
    outer loop
      vertex 10.6444 5.96118 31
      vertex 10.4022 6.37448 31
      vertex 8.28871 4.6419 34.5
    endloop
  endfacet
  facet normal 0.690231 0.404563 -0.599925
    outer loop
      vertex 9.37904 5.74748 36.5
      vertex 9.59746 5.37483 36.5
      vertex 8.10008 4.96374 34.5
    endloop
  endfacet
  facet normal 0.690238 0.404548 -0.599927
    outer loop
      vertex 9.59746 5.37483 36.5
      vertex 8.28871 4.6419 34.5
      vertex 8.10008 4.96374 34.5
    endloop
  endfacet
  facet normal 0.570851 0.334624 -0.74977
    outer loop
      vertex 10.8285 6.63573 38
      vertex 11.0807 6.20549 38
      vertex 9.37904 5.74748 36.5
    endloop
  endfacet
  facet normal 0.570862 0.334597 -0.749774
    outer loop
      vertex 11.0807 6.20549 38
      vertex 9.59746 5.37483 36.5
      vertex 9.37904 5.74748 36.5
    endloop
  endfacet
  facet normal 0.862737 0.505653 0
    outer loop
      vertex 15.7049 8.79518 1.5
      vertex 15.3475 9.40497 0
      vertex 15.3475 9.40497 1.5
    endloop
  endfacet
  facet normal 0.862737 0.505653 0
    outer loop
      vertex 15.3475 9.40497 0
      vertex 15.7049 8.79518 1.5
      vertex 15.7049 8.79518 0
    endloop
  endfacet
  facet normal 0.590023 0.315396 0.743235
    outer loop
      vertex 15.1471 7.71784 2.39999
      vertex 15.7049 8.79518 1.5
      vertex 14.8324 8.30656 2.39999
    endloop
  endfacet
  facet normal 0.590031 0.31539 0.743232
    outer loop
      vertex 16.0381 8.17183 1.5
      vertex 15.7049 8.79518 1.5
      vertex 15.1471 7.71784 2.39999
    endloop
  endfacet
  facet normal 0.873557 0.466888 0.13753
    outer loop
      vertex 14.7016 7.49084 6
      vertex 14.8324 8.30656 2.39999
      vertex 14.3962 8.06225 6
    endloop
  endfacet
  facet normal 0.873526 0.466943 0.137542
    outer loop
      vertex 15.1471 7.71784 2.39999
      vertex 14.8324 8.30656 2.39999
      vertex 14.7016 7.49084 6
    endloop
  endfacet
  facet normal 0.733853 0.392234 0.554628
    outer loop
      vertex 13.9888 7.12765 7.2
      vertex 14.3962 8.06225 6
      vertex 13.6982 7.67135 7.2
    endloop
  endfacet
  facet normal 0.733861 0.392225 0.554624
    outer loop
      vertex 14.7016 7.49084 6
      vertex 14.3962 8.06225 6
      vertex 13.9888 7.12765 7.2
    endloop
  endfacet
  facet normal 0.754841 0.403576 0.51705
    outer loop
      vertex 11.4049 5.81107 12
      vertex 13.6982 7.67135 7.2
      vertex 11.1679 6.25435 12
    endloop
  endfacet
  facet normal 0.754898 0.403482 0.517041
    outer loop
      vertex 13.9888 7.12765 7.2
      vertex 13.6982 7.67135 7.2
      vertex 11.4049 5.81107 12
    endloop
  endfacet
  facet normal 0.823512 0.440179 0.35787
    outer loop
      vertex 9.35557 4.7669 18
      vertex 11.1679 6.25435 12
      vertex 9.16121 5.13052 18
    endloop
  endfacet
  facet normal 0.823463 0.440265 0.357876
    outer loop
      vertex 11.4049 5.81107 12
      vertex 11.1679 6.25435 12
      vertex 9.35557 4.7669 18
    endloop
  endfacet
  facet normal 0.857555 0.458429 -0.23333
    outer loop
      vertex 10.2082 5.71687 23
      vertex 10.4248 5.31169 23
      vertex 9.16121 5.13052 18
    endloop
  endfacet
  facet normal 0.857576 0.458387 -0.233334
    outer loop
      vertex 10.4248 5.31169 23
      vertex 9.35557 4.7669 18
      vertex 9.16121 5.13052 18
    endloop
  endfacet
  facet normal 0.858232 0.458855 -0.229977
    outer loop
      vertex 11.3424 6.35208 28.5
      vertex 11.5831 5.90188 28.5
      vertex 10.2082 5.71687 23
    endloop
  endfacet
  facet normal 0.858258 0.458805 -0.229982
    outer loop
      vertex 11.5831 5.90188 28.5
      vertex 10.4248 5.31169 23
      vertex 10.2082 5.71687 23
    endloop
  endfacet
  facet normal 0.83992 0.449084 0.304725
    outer loop
      vertex 10.8703 5.53868 31
      vertex 11.3424 6.35208 28.5
      vertex 10.6444 5.96118 31
    endloop
  endfacet
  facet normal 0.839929 0.449069 0.304721
    outer loop
      vertex 11.5831 5.90188 28.5
      vertex 11.3424 6.35208 28.5
      vertex 10.8703 5.53868 31
    endloop
  endfacet
  facet normal 0.698343 0.373275 0.610724
    outer loop
      vertex 8.46456 4.31291 34.5
      vertex 10.6444 5.96118 31
      vertex 8.28871 4.6419 34.5
    endloop
  endfacet
  facet normal 0.698291 0.373359 0.610731
    outer loop
      vertex 10.8703 5.53868 31
      vertex 10.6444 5.96118 31
      vertex 8.46456 4.31291 34.5
    endloop
  endfacet
  facet normal 0.70559 0.377134 -0.599927
    outer loop
      vertex 9.59746 5.37483 36.5
      vertex 9.80107 4.99389 36.5
      vertex 8.28871 4.6419 34.5
    endloop
  endfacet
  facet normal 0.705585 0.377146 -0.599925
    outer loop
      vertex 9.80107 4.99389 36.5
      vertex 8.46456 4.31291 34.5
      vertex 8.28871 4.6419 34.5
    endloop
  endfacet
  facet normal 0.583552 0.311937 -0.749775
    outer loop
      vertex 11.0807 6.20549 38
      vertex 11.3158 5.76568 38
      vertex 9.59746 5.37483 36.5
    endloop
  endfacet
  facet normal 0.583562 0.31191 -0.749778
    outer loop
      vertex 11.3158 5.76568 38
      vertex 9.80107 4.99389 36.5
      vertex 9.59746 5.37483 36.5
    endloop
  endfacet
  facet normal 0.881914 0.47141 0
    outer loop
      vertex 16.0381 8.17183 1.5
      vertex 15.7049 8.79518 0
      vertex 15.7049 8.79518 1.5
    endloop
  endfacet
  facet normal 0.881914 0.47141 0
    outer loop
      vertex 15.7049 8.79518 0
      vertex 16.0381 8.17183 1.5
      vertex 16.0381 8.17183 0
    endloop
  endfacet
  facet normal 0.601971 0.291955 0.743231
    outer loop
      vertex 15.4384 7.11722 2.39999
      vertex 16.0381 8.17183 1.5
      vertex 15.1471 7.71784 2.39999
    endloop
  endfacet
  facet normal 0.601931 0.291993 0.743249
    outer loop
      vertex 16.3466 7.53587 1.5
      vertex 16.0381 8.17183 1.5
      vertex 15.4384 7.11722 2.39999
    endloop
  endfacet
  facet normal 0.891168 0.432322 0.137542
    outer loop
      vertex 14.9844 6.90789 6
      vertex 15.1471 7.71784 2.39999
      vertex 14.7016 7.49084 6
    endloop
  endfacet
  facet normal 0.891212 0.432237 0.137525
    outer loop
      vertex 15.4384 7.11722 2.39999
      vertex 15.1471 7.71784 2.39999
      vertex 14.9844 6.90789 6
    endloop
  endfacet
  facet normal 0.748705 0.363089 0.554623
    outer loop
      vertex 14.2578 6.57296 7.2
      vertex 14.7016 7.49084 6
      vertex 13.9888 7.12765 7.2
    endloop
  endfacet
  facet normal 0.748633 0.363176 0.554663
    outer loop
      vertex 14.9844 6.90789 6
      vertex 14.7016 7.49084 6
      vertex 14.2578 6.57296 7.2
    endloop
  endfacet
  facet normal 0.770181 0.373484 0.51704
    outer loop
      vertex 11.6242 5.35884 12
      vertex 13.9888 7.12765 7.2
      vertex 11.4049 5.81107 12
    endloop
  endfacet
  facet normal 0.770173 0.3735 0.517042
    outer loop
      vertex 14.2578 6.57296 7.2
      vertex 13.9888 7.12765 7.2
      vertex 11.6242 5.35884 12
    endloop
  endfacet
  facet normal 0.84016 0.407499 0.357877
    outer loop
      vertex 9.5355 4.39593 18
      vertex 11.4049 5.81107 12
      vertex 9.35557 4.7669 18
    endloop
  endfacet
  facet normal 0.840193 0.407435 0.357872
    outer loop
      vertex 11.6242 5.35884 12
      vertex 11.4049 5.81107 12
      vertex 9.5355 4.39593 18
    endloop
  endfacet
  facet normal 0.874911 0.424365 -0.233334
    outer loop
      vertex 10.4248 5.31169 23
      vertex 10.6253 4.89832 23
      vertex 9.35557 4.7669 18
    endloop
  endfacet
  facet normal 0.874915 0.424356 -0.233335
    outer loop
      vertex 10.6253 4.89832 23
      vertex 9.5355 4.39593 18
      vertex 9.35557 4.7669 18
    endloop
  endfacet
  facet normal 0.875613 0.424747 -0.229983
    outer loop
      vertex 11.5831 5.90188 28.5
      vertex 11.8059 5.44258 28.5
      vertex 10.4248 5.31169 23
    endloop
  endfacet
  facet normal 0.875629 0.424713 -0.229986
    outer loop
      vertex 11.8059 5.44258 28.5
      vertex 10.6253 4.89832 23
      vertex 10.4248 5.31169 23
    endloop
  endfacet
  facet normal 0.857008 0.41555 0.304721
    outer loop
      vertex 11.0793 5.10765 31
      vertex 11.5831 5.90188 28.5
      vertex 10.8703 5.53868 31
    endloop
  endfacet
  facet normal 0.856932 0.415686 0.304749
    outer loop
      vertex 11.8059 5.44258 28.5
      vertex 11.5831 5.90188 28.5
      vertex 11.0793 5.10765 31
    endloop
  endfacet
  facet normal 0.712452 0.34557 0.610732
    outer loop
      vertex 8.62736 3.97727 34.5
      vertex 10.8703 5.53868 31
      vertex 8.46456 4.31291 34.5
    endloop
  endfacet
  facet normal 0.712501 0.345481 0.610725
    outer loop
      vertex 11.0793 5.10765 31
      vertex 10.8703 5.53868 31
      vertex 8.62736 3.97727 34.5
    endloop
  endfacet
  facet normal 0.719848 0.349153 -0.599925
    outer loop
      vertex 9.80107 4.99389 36.5
      vertex 9.98957 4.60526 36.5
      vertex 8.46456 4.31291 34.5
    endloop
  endfacet
  facet normal 0.719847 0.349157 -0.599925
    outer loop
      vertex 9.98957 4.60526 36.5
      vertex 8.62736 3.97727 34.5
      vertex 8.46456 4.31291 34.5
    endloop
  endfacet
  facet normal 0.595372 0.28873 -0.749778
    outer loop
      vertex 11.3158 5.76568 38
      vertex 11.5334 5.31698 38
      vertex 9.80107 4.99389 36.5
    endloop
  endfacet
  facet normal 0.595359 0.288771 -0.749772
    outer loop
      vertex 11.5334 5.31698 38
      vertex 9.98957 4.60526 36.5
      vertex 9.80107 4.99389 36.5
    endloop
  endfacet
  facet normal 0.899728 0.436452 0
    outer loop
      vertex 16.3466 7.53587 1.5
      vertex 16.0381 8.17183 0
      vertex 16.0381 8.17183 1.5
    endloop
  endfacet
  facet normal 0.899728 0.436452 0
    outer loop
      vertex 16.0381 8.17183 0
      vertex 16.3466 7.53587 1.5
      vertex 16.3466 7.53587 0
    endloop
  endfacet
  facet normal 0.612912 0.268174 0.74325
    outer loop
      vertex 15.706 6.50562 2.39999
      vertex 16.3466 7.53587 1.5
      vertex 15.4384 7.11722 2.39999
    endloop
  endfacet
  facet normal 0.613002 0.268082 0.743209
    outer loop
      vertex 16.6298 6.8883 1.5
      vertex 16.3466 7.53587 1.5
      vertex 15.706 6.50562 2.39999
    endloop
  endfacet
  facet normal 0.907511 0.396876 0.137524
    outer loop
      vertex 15.244 6.31428 6
      vertex 15.4384 7.11722 2.39999
      vertex 14.9844 6.90789 6
    endloop
  endfacet
  facet normal 0.907435 0.39704 0.137556
    outer loop
      vertex 15.706 6.50562 2.39999
      vertex 15.4384 7.11722 2.39999
      vertex 15.244 6.31428 6
    endloop
  endfacet
  facet normal 0.762317 0.333496 0.554665
    outer loop
      vertex 14.5049 6.00813 7.2
      vertex 14.9844 6.90789 6
      vertex 14.2578 6.57296 7.2
    endloop
  endfacet
  facet normal 0.762384 0.333409 0.554626
    outer loop
      vertex 15.244 6.31428 6
      vertex 14.9844 6.90789 6
      vertex 14.5049 6.00813 7.2
    endloop
  endfacet
  facet normal 0.784238 0.342987 0.517041
    outer loop
      vertex 11.8256 4.89834 12
      vertex 14.2578 6.57296 7.2
      vertex 11.6242 5.35884 12
    endloop
  endfacet
  facet normal 0.784197 0.343068 0.517049
    outer loop
      vertex 14.5049 6.00813 7.2
      vertex 14.2578 6.57296 7.2
      vertex 11.8256 4.89834 12
    endloop
  endfacet
  facet normal 0.855511 0.374205 0.357872
    outer loop
      vertex 9.70073 4.01818 18
      vertex 11.6242 5.35884 12
      vertex 9.5355 4.39593 18
    endloop
  endfacet
  facet normal 0.855529 0.374166 0.357869
    outer loop
      vertex 11.8256 4.89834 12
      vertex 11.6242 5.35884 12
      vertex 9.70073 4.01818 18
    endloop
  endfacet
  facet normal 0.890912 0.389654 -0.233335
    outer loop
      vertex 10.6253 4.89832 23
      vertex 10.8094 4.47739 23
      vertex 9.5355 4.39593 18
    endloop
  endfacet
  facet normal 0.8909 0.389685 -0.233332
    outer loop
      vertex 10.8094 4.47739 23
      vertex 9.70073 4.01818 18
      vertex 9.5355 4.39593 18
    endloop
  endfacet
  facet normal 0.891682 0.389885 -0.229985
    outer loop
      vertex 11.8059 5.44258 28.5
      vertex 12.0104 4.97488 28.5
      vertex 10.6253 4.89832 23
    endloop
  endfacet
  facet normal 0.891645 0.389974 -0.229977
    outer loop
      vertex 12.0104 4.97488 28.5
      vertex 10.8094 4.47739 23
      vertex 10.6253 4.89832 23
    endloop
  endfacet
  facet normal 0.872595 0.381714 0.30475
    outer loop
      vertex 11.2713 4.66874 31
      vertex 11.8059 5.44258 28.5
      vertex 11.0793 5.10765 31
    endloop
  endfacet
  facet normal 0.872668 0.381571 0.304721
    outer loop
      vertex 12.0104 4.97488 28.5
      vertex 11.8059 5.44258 28.5
      vertex 11.2713 4.66874 31
    endloop
  endfacet
  facet normal 0.725476 0.317335 0.610724
    outer loop
      vertex 8.77686 3.63549 34.5
      vertex 11.0793 5.10765 31
      vertex 8.62736 3.97727 34.5
    endloop
  endfacet
  facet normal 0.725466 0.317353 0.610725
    outer loop
      vertex 11.2713 4.66874 31
      vertex 11.0793 5.10765 31
      vertex 8.77686 3.63549 34.5
    endloop
  endfacet
  facet normal 0.732981 0.320668 -0.599925
    outer loop
      vertex 9.98957 4.60526 36.5
      vertex 10.1627 4.20952 36.5
      vertex 8.62736 3.97727 34.5
    endloop
  endfacet
  facet normal 0.732996 0.320624 -0.599931
    outer loop
      vertex 10.1627 4.20952 36.5
      vertex 8.77686 3.63549 34.5
      vertex 8.62736 3.97727 34.5
    endloop
  endfacet
  facet normal 0.606214 0.265227 -0.749773
    outer loop
      vertex 11.5334 5.31698 38
      vertex 11.7333 4.86008 38
      vertex 9.98957 4.60526 36.5
    endloop
  endfacet
  facet normal 0.606218 0.265211 -0.749775
    outer loop
      vertex 11.7333 4.86008 38
      vertex 10.1627 4.20952 36.5
      vertex 9.98957 4.60526 36.5
    endloop
  endfacet
  facet normal 0.916215 0.400686 0
    outer loop
      vertex 16.6298 6.8883 1.5
      vertex 16.3466 7.53587 0
      vertex 16.3466 7.53587 1.5
    endloop
  endfacet
  facet normal 0.916215 0.400686 0
    outer loop
      vertex 16.3466 7.53587 0
      vertex 16.6298 6.8883 1.5
      vertex 16.6298 6.8883 0
    endloop
  endfacet
  facet normal 0.623039 0.243851 0.743209
    outer loop
      vertex 15.9493 5.88399 2.39999
      vertex 16.6298 6.8883 1.5
      vertex 15.706 6.50562 2.39999
    endloop
  endfacet
  facet normal 0.623045 0.243845 0.743206
    outer loop
      vertex 16.8874 6.23011 1.5
      vertex 16.6298 6.8883 1.5
      vertex 15.9493 5.88399 2.39999
    endloop
  endfacet
  facet normal 0.922335 0.361077 0.137557
    outer loop
      vertex 15.4802 5.71093 6
      vertex 15.706 6.50562 2.39999
      vertex 15.244 6.31428 6
    endloop
  endfacet
  facet normal 0.922365 0.361005 0.137543
    outer loop
      vertex 15.9493 5.88399 2.39999
      vertex 15.706 6.50562 2.39999
      vertex 15.4802 5.71093 6
    endloop
  endfacet
  facet normal 0.774862 0.303282 0.554625
    outer loop
      vertex 14.7296 5.43404 7.2
      vertex 15.244 6.31428 6
      vertex 14.5049 6.00813 7.2
    endloop
  endfacet
  facet normal 0.774828 0.30333 0.554646
    outer loop
      vertex 15.4802 5.71093 6
      vertex 15.244 6.31428 6
      vertex 14.7296 5.43404 7.2
    endloop
  endfacet
  facet normal 0.797074 0.311984 0.517049
    outer loop
      vertex 12.0088 4.43029 12
      vertex 14.5049 6.00813 7.2
      vertex 11.8256 4.89834 12
    endloop
  endfacet
  facet normal 0.797076 0.311977 0.517049
    outer loop
      vertex 14.7296 5.43404 7.2
      vertex 14.5049 6.00813 7.2
      vertex 12.0088 4.43029 12
    endloop
  endfacet
  facet normal 0.869539 0.340342 0.357869
    outer loop
      vertex 9.85101 3.63423 18
      vertex 11.8256 4.89834 12
      vertex 9.70073 4.01818 18
    endloop
  endfacet
  facet normal 0.869537 0.340346 0.357869
    outer loop
      vertex 12.0088 4.43029 12
      vertex 11.8256 4.89834 12
      vertex 9.85101 3.63423 18
    endloop
  endfacet
  facet normal 0.905543 0.354327 -0.233332
    outer loop
      vertex 10.8094 4.47739 23
      vertex 10.9768 4.04957 23
      vertex 9.70073 4.01818 18
    endloop
  endfacet
  facet normal 0.905509 0.354421 -0.233324
    outer loop
      vertex 10.9768 4.04957 23
      vertex 9.85101 3.63423 18
      vertex 9.70073 4.01818 18
    endloop
  endfacet
  facet normal 0.906224 0.35478 -0.229977
    outer loop
      vertex 12.0104 4.97488 28.5
      vertex 12.1965 4.49952 28.5
      vertex 10.8094 4.47739 23
    endloop
  endfacet
  facet normal 0.906284 0.354616 -0.229992
    outer loop
      vertex 12.1965 4.49952 28.5
      vertex 10.9768 4.04957 23
      vertex 10.8094 4.47739 23
    endloop
  endfacet
  facet normal 0.886931 0.34713 0.30472
    outer loop
      vertex 11.4459 4.22263 31
      vertex 12.0104 4.97488 28.5
      vertex 11.2713 4.66874 31
    endloop
  endfacet
  facet normal 0.886893 0.347212 0.304737
    outer loop
      vertex 12.1965 4.49952 28.5
      vertex 12.0104 4.97488 28.5
      vertex 11.4459 4.22263 31
    endloop
  endfacet
  facet normal 0.737377 0.2886 0.610725
    outer loop
      vertex 8.91282 3.28811 34.5
      vertex 11.2713 4.66874 31
      vertex 8.77686 3.63549 34.5
    endloop
  endfacet
  facet normal 0.737378 0.288597 0.610725
    outer loop
      vertex 11.4459 4.22263 31
      vertex 11.2713 4.66874 31
      vertex 8.91282 3.28811 34.5
    endloop
  endfacet
  facet normal 0.745039 0.291547 -0.599931
    outer loop
      vertex 10.1627 4.20952 36.5
      vertex 10.3201 3.80729 36.5
      vertex 8.77686 3.63549 34.5
    endloop
  endfacet
  facet normal 0.745026 0.291593 -0.599925
    outer loop
      vertex 10.3201 3.80729 36.5
      vertex 8.91282 3.28811 34.5
      vertex 8.77686 3.63549 34.5
    endloop
  endfacet
  facet normal 0.616205 0.2411 -0.749775
    outer loop
      vertex 11.7333 4.86008 38
      vertex 11.915 4.39569 38
      vertex 10.1627 4.20952 36.5
    endloop
  endfacet
  facet normal 0.616199 0.24113 -0.749771
    outer loop
      vertex 11.915 4.39569 38
      vertex 10.3201 3.80729 36.5
      vertex 10.1627 4.20952 36.5
    endloop
  endfacet
  facet normal 0.93122 0.364457 0
    outer loop
      vertex 16.8874 6.23011 1.5
      vertex 16.6298 6.8883 0
      vertex 16.6298 6.8883 1.5
    endloop
  endfacet
  facet normal 0.93122 0.364457 0
    outer loop
      vertex 16.6298 6.8883 0
      vertex 16.8874 6.23011 1.5
      vertex 16.8874 6.23011 0
    endloop
  endfacet
  facet normal 0.632138 0.219199 0.743205
    outer loop
      vertex 16.168 5.25329 2.39999
      vertex 16.8874 6.23011 1.5
      vertex 15.9493 5.88399 2.39999
    endloop
  endfacet
  facet normal 0.632116 0.219224 0.743216
    outer loop
      vertex 17.119 5.56231 1.5
      vertex 16.8874 6.23011 1.5
      vertex 16.168 5.25329 2.39999
    endloop
  endfacet
  facet normal 0.935862 0.324414 0.137543
    outer loop
      vertex 15.6924 5.09878 6
      vertex 15.9493 5.88399 2.39999
      vertex 15.4802 5.71093 6
    endloop
  endfacet
  facet normal 0.935828 0.324505 0.13756
    outer loop
      vertex 16.168 5.25329 2.39999
      vertex 15.9493 5.88399 2.39999
      vertex 15.6924 5.09878 6
    endloop
  endfacet
  facet normal 0.786152 0.272637 0.554647
    outer loop
      vertex 14.9316 4.85157 7.2
      vertex 15.4802 5.71093 6
      vertex 14.7296 5.43404 7.2
    endloop
  endfacet
  facet normal 0.786215 0.272539 0.554606
    outer loop
      vertex 15.6924 5.09878 6
      vertex 15.4802 5.71093 6
      vertex 14.9316 4.85157 7.2
    endloop
  endfacet
  facet normal 0.808699 0.280476 0.517049
    outer loop
      vertex 12.1735 3.95541 12
      vertex 14.7296 5.43404 7.2
      vertex 12.0088 4.43029 12
    endloop
  endfacet
  facet normal 0.808706 0.280458 0.517047
    outer loop
      vertex 14.9316 4.85157 7.2
      vertex 14.7296 5.43404 7.2
      vertex 12.1735 3.95541 12
    endloop
  endfacet
  facet normal 0.882236 0.305923 0.357869
    outer loop
      vertex 9.98609 3.24468 18
      vertex 12.0088 4.43029 12
      vertex 9.85101 3.63423 18
    endloop
  endfacet
  facet normal 0.882217 0.305974 0.357873
    outer loop
      vertex 12.1735 3.95541 12
      vertex 12.0088 4.43029 12
      vertex 9.98609 3.24468 18
    endloop
  endfacet
  facet normal 0.918678 0.318734 -0.233324
    outer loop
      vertex 10.9768 4.04957 23
      vertex 11.1274 3.6155 23
      vertex 9.85101 3.63423 18
    endloop
  endfacet
  facet normal 0.918728 0.318577 -0.233338
    outer loop
      vertex 11.1274 3.6155 23
      vertex 9.98609 3.24468 18
      vertex 9.85101 3.63423 18
    endloop
  endfacet
  facet normal 0.919506 0.318767 -0.229991
    outer loop
      vertex 12.1965 4.49952 28.5
      vertex 12.3637 4.01722 28.5
      vertex 10.9768 4.04957 23
    endloop
  endfacet
  facet normal 0.919432 0.318996 -0.229971
    outer loop
      vertex 12.3637 4.01722 28.5
      vertex 11.1274 3.6155 23
      vertex 10.9768 4.04957 23
    endloop
  endfacet
  facet normal 0.89984 0.312127 0.304738
    outer loop
      vertex 11.6029 3.77001 31
      vertex 12.1965 4.49952 28.5
      vertex 11.4459 4.22263 31
    endloop
  endfacet
  facet normal 0.899904 0.311972 0.304708
    outer loop
      vertex 12.3637 4.01722 28.5
      vertex 12.1965 4.49952 28.5
      vertex 11.6029 3.77001 31
    endloop
  endfacet
  facet normal 0.748137 0.259433 0.610725
    outer loop
      vertex 9.03504 2.93566 34.5
      vertex 11.4459 4.22263 31
      vertex 8.91282 3.28811 34.5
    endloop
  endfacet
  facet normal 0.748111 0.259497 0.61073
    outer loop
      vertex 11.6029 3.77001 31
      vertex 11.4459 4.22263 31
      vertex 9.03504 2.93566 34.5
    endloop
  endfacet
  facet normal 0.755908 0.262095 -0.599924
    outer loop
      vertex 10.3201 3.80729 36.5
      vertex 10.4616 3.39919 36.5
      vertex 8.91282 3.28811 34.5
    endloop
  endfacet
  facet normal 0.755901 0.262126 -0.59992
    outer loop
      vertex 10.4616 3.39919 36.5
      vertex 9.03504 2.93566 34.5
      vertex 8.91282 3.28811 34.5
    endloop
  endfacet
  facet normal 0.625173 0.216803 -0.74977
    outer loop
      vertex 11.915 4.39569 38
      vertex 12.0784 3.92451 38
      vertex 10.3201 3.80729 36.5
    endloop
  endfacet
  facet normal 0.625179 0.216768 -0.749775
    outer loop
      vertex 12.0784 3.92451 38
      vertex 10.4616 3.39919 36.5
      vertex 10.3201 3.80729 36.5
    endloop
  endfacet
  facet normal 0.944794 0.327664 0
    outer loop
      vertex 17.119 5.56231 1.5
      vertex 16.8874 6.23011 0
      vertex 16.8874 6.23011 1.5
    endloop
  endfacet
  facet normal 0.944794 0.327664 0
    outer loop
      vertex 16.8874 6.23011 0
      vertex 17.119 5.56231 1.5
      vertex 17.119 5.56231 0
    endloop
  endfacet
  facet normal 0.640265 0.194144 0.743215
    outer loop
      vertex 16.3617 4.61449 2.39999
      vertex 17.119 5.56231 1.5
      vertex 16.168 5.25329 2.39999
    endloop
  endfacet
  facet normal 0.640203 0.194225 0.743248
    outer loop
      vertex 17.3242 4.88593 1.5
      vertex 17.119 5.56231 1.5
      vertex 16.3617 4.61449 2.39999
    endloop
  endfacet
  facet normal 0.947834 0.287556 0.137561
    outer loop
      vertex 15.8805 4.47877 6
      vertex 16.168 5.25329 2.39999
      vertex 15.6924 5.09878 6
    endloop
  endfacet
  facet normal 0.947879 0.28742 0.137535
    outer loop
      vertex 16.3617 4.61449 2.39999
      vertex 16.168 5.25329 2.39999
      vertex 15.8805 4.47877 6
    endloop
  endfacet
  facet normal 0.796307 0.241473 0.554604
    outer loop
      vertex 15.1105 4.26161 7.2
      vertex 15.6924 5.09878 6
      vertex 14.9316 4.85157 7.2
    endloop
  endfacet
  facet normal 0.796251 0.241568 0.554643
    outer loop
      vertex 15.8805 4.47877 6
      vertex 15.6924 5.09878 6
      vertex 15.1105 4.26161 7.2
    endloop
  endfacet
  facet normal 0.819101 0.248465 0.517047
    outer loop
      vertex 12.3194 3.47443 12
      vertex 14.9316 4.85157 7.2
      vertex 12.1735 3.95541 12
    endloop
  endfacet
  facet normal 0.819127 0.248393 0.517041
    outer loop
      vertex 15.1105 4.26161 7.2
      vertex 14.9316 4.85157 7.2
      vertex 12.3194 3.47443 12
    endloop
  endfacet
  facet normal 0.893549 0.271104 0.357873
    outer loop
      vertex 10.1058 2.85012 18
      vertex 12.1735 3.95541 12
      vertex 9.98609 3.24468 18
    endloop
  endfacet
  facet normal 0.893566 0.271053 0.35787
    outer loop
      vertex 12.3194 3.47443 12
      vertex 12.1735 3.95541 12
      vertex 10.1058 2.85012 18
    endloop
  endfacet
  facet normal 0.930564 0.282143 -0.233337
    outer loop
      vertex 11.1274 3.6155 23
      vertex 11.2607 3.17585 23
      vertex 9.98609 3.24468 18
    endloop
  endfacet
  facet normal 0.930514 0.282319 -0.233322
    outer loop
      vertex 11.2607 3.17585 23
      vertex 10.1058 2.85012 18
      vertex 9.98609 3.24468 18
    endloop
  endfacet
  facet normal 0.931282 0.282536 -0.229972
    outer loop
      vertex 12.3637 4.01722 28.5
      vertex 12.5119 3.52873 28.5
      vertex 11.1274 3.6155 23
    endloop
  endfacet
  facet normal 0.931328 0.282375 -0.229986
    outer loop
      vertex 12.5119 3.52873 28.5
      vertex 11.2607 3.17585 23
      vertex 11.1274 3.6155 23
    endloop
  endfacet
  facet normal 0.911415 0.276542 0.304707
    outer loop
      vertex 11.742 3.31157 31
      vertex 12.3637 4.01722 28.5
      vertex 11.6029 3.77001 31
    endloop
  endfacet
  facet normal 0.911426 0.276512 0.304702
    outer loop
      vertex 12.5119 3.52873 28.5
      vertex 12.3637 4.01722 28.5
      vertex 11.742 3.31157 31
    endloop
  endfacet
  facet normal 0.757747 0.229842 0.610731
    outer loop
      vertex 9.14332 2.57868 34.5
      vertex 11.6029 3.77001 31
      vertex 9.03504 2.93566 34.5
    endloop
  endfacet
  facet normal 0.757723 0.229908 0.610736
    outer loop
      vertex 11.742 3.31157 31
      vertex 11.6029 3.77001 31
      vertex 9.14332 2.57868 34.5
    endloop
  endfacet
  facet normal 0.765603 0.232265 -0.59992
    outer loop
      vertex 10.4616 3.39919 36.5
      vertex 10.587 2.98584 36.5
      vertex 9.03504 2.93566 34.5
    endloop
  endfacet
  facet normal 0.765611 0.232227 -0.599925
    outer loop
      vertex 10.587 2.98584 36.5
      vertex 9.14332 2.57868 34.5
      vertex 9.03504 2.93566 34.5
    endloop
  endfacet
  facet normal 0.633187 0.192124 -0.749775
    outer loop
      vertex 12.0784 3.92451 38
      vertex 12.2232 3.44729 38
      vertex 10.4616 3.39919 36.5
    endloop
  endfacet
  facet normal 0.633191 0.192094 -0.749779
    outer loop
      vertex 12.2232 3.44729 38
      vertex 10.587 2.98584 36.5
      vertex 10.4616 3.39919 36.5
    endloop
  endfacet
  facet normal 0.676739 0.205462 0.706972
    outer loop
      vertex 12.2232 3.4473 45
      vertex 12.268 3.5 44.9418
      vertex 12.2072 3.5 45
    endloop
  endfacet
  facet normal 0.792421 0 0.609974
    outer loop
      vertex 12.268 3.5 44.9418
      vertex 12.2232 3.4473 45
      vertex 12.2232 3.44729 45
    endloop
  endfacet
  facet normal 0.676668 0.205535 0.707019
    outer loop
      vertex 12.268 3.5 44.9418
      vertex 12.2232 3.44729 45
      vertex 12.4101 3.5 44.8058
    endloop
  endfacet
  facet normal 0.956932 0.290314 0
    outer loop
      vertex 17.3242 4.88593 1.5
      vertex 17.119 5.56231 0
      vertex 17.119 5.56231 1.5
    endloop
  endfacet
  facet normal 0.956932 0.290314 0
    outer loop
      vertex 17.119 5.56231 0
      vertex 17.3242 4.88593 1.5
      vertex 17.3242 4.88593 0
    endloop
  endfacet
  facet normal 0.647327 0.168967 0.743249
    outer loop
      vertex 16.5303 3.96857 2.39999
      vertex 17.3242 4.88593 1.5
      vertex 16.3617 4.61449 2.39999
    endloop
  endfacet
  facet normal 0.647336 0.168954 0.743243
    outer loop
      vertex 17.5027 4.20202 1.5
      vertex 17.3242 4.88593 1.5
      vertex 16.5303 3.96857 2.39999
    endloop
  endfacet
  facet normal 0.958401 0.250103 0.137535
    outer loop
      vertex 16.0441 3.85185 6
      vertex 16.3617 4.61449 2.39999
      vertex 15.8805 4.47877 6
    endloop
  endfacet
  facet normal 0.958385 0.25016 0.137546
    outer loop
      vertex 16.5303 3.96857 2.39999
      vertex 16.3617 4.61449 2.39999
      vertex 16.0441 3.85185 6
    endloop
  endfacet
  facet normal 0.805114 0.210146 0.554644
    outer loop
      vertex 15.2662 3.66509 7.2
      vertex 15.8805 4.47877 6
      vertex 15.1105 4.26161 7.2
    endloop
  endfacet
  facet normal 0.805135 0.210107 0.554628
    outer loop
      vertex 16.0441 3.85185 6
      vertex 15.8805 4.47877 6
      vertex 15.2662 3.66509 7.2
    endloop
  endfacet
  facet normal 0.82823 0.216113 0.51704
    outer loop
      vertex 12.4463 2.9881 12
      vertex 15.1105 4.26161 7.2
      vertex 12.3194 3.47443 12
    endloop
  endfacet
  facet normal 0.82821 0.216174 0.517046
    outer loop
      vertex 15.2662 3.66509 7.2
      vertex 15.1105 4.26161 7.2
      vertex 12.4463 2.9881 12
    endloop
  endfacet
  facet normal 0.903518 0.235765 0.35787
    outer loop
      vertex 10.2099 2.45118 18
      vertex 12.3194 3.47443 12
      vertex 10.1058 2.85012 18
    endloop
  endfacet
  facet normal 0.903519 0.235759 0.357869
    outer loop
      vertex 12.4463 2.9881 12
      vertex 12.3194 3.47443 12
      vertex 10.2099 2.45118 18
    endloop
  endfacet
  facet normal 0.940893 0.24552 -0.233322
    outer loop
      vertex 11.2607 3.17585 23
      vertex 11.3767 2.73131 23
      vertex 10.1058 2.85012 18
    endloop
  endfacet
  facet normal 0.940894 0.245518 -0.233322
    outer loop
      vertex 11.3767 2.73131 23
      vertex 10.2099 2.45118 18
      vertex 10.1058 2.85012 18
    endloop
  endfacet
  facet normal 0.941658 0.245738 -0.229985
    outer loop
      vertex 12.5119 3.52873 28.5
      vertex 12.6408 3.03479 28.5
      vertex 11.2607 3.17585 23
    endloop
  endfacet
  facet normal 0.941662 0.245721 -0.229987
    outer loop
      vertex 12.6408 3.03479 28.5
      vertex 11.3767 2.73131 23
      vertex 11.2607 3.17585 23
    endloop
  endfacet
  facet normal 0.921617 0.240375 0.304701
    outer loop
      vertex 11.8629 2.84803 31
      vertex 12.5119 3.52873 28.5
      vertex 11.742 3.31157 31
    endloop
  endfacet
  facet normal 0.921577 0.240497 0.304724
    outer loop
      vertex 12.6408 3.03479 28.5
      vertex 12.5119 3.52873 28.5
      vertex 11.8629 2.84803 31
    endloop
  endfacet
  facet normal 0.766177 0.199934 0.610737
    outer loop
      vertex 9.23751 2.21773 34.5
      vertex 11.742 3.31157 31
      vertex 9.14332 2.57868 34.5
    endloop
  endfacet
  facet normal 0.766207 0.199841 0.610729
    outer loop
      vertex 11.8629 2.84803 31
      vertex 11.742 3.31157 31
      vertex 9.23751 2.21773 34.5
    endloop
  endfacet
  facet normal 0.774115 0.202077 -0.599926
    outer loop
      vertex 10.587 2.98584 36.5
      vertex 10.6961 2.5679 36.5
      vertex 9.14332 2.57868 34.5
    endloop
  endfacet
  facet normal 0.774126 0.202008 -0.599935
    outer loop
      vertex 10.6961 2.5679 36.5
      vertex 9.23751 2.21773 34.5
      vertex 9.14332 2.57868 34.5
    endloop
  endfacet
  facet normal 0.640253 0.167053 -0.749779
    outer loop
      vertex 12.2232 3.44729 38
      vertex 12.3491 2.96476 38
      vertex 10.587 2.98584 36.5
    endloop
  endfacet
  facet normal 0.640245 0.167131 -0.749769
    outer loop
      vertex 12.3491 2.96476 38
      vertex 10.6961 2.5679 36.5
      vertex 10.587 2.98584 36.5
    endloop
  endfacet
  facet normal 0.684269 0.178547 0.707034
    outer loop
      vertex 12.4101 3.5 44.8058
      vertex 12.3491 2.96476 45
      vertex 12.8418 3.5 44.388
    endloop
  endfacet
  facet normal 0.684284 0.178541 0.707021
    outer loop
      vertex 12.3491 2.96476 45
      vertex 12.4101 3.5 44.8058
      vertex 12.2232 3.44729 45
    endloop
  endfacet
  facet normal 0.684197 0.178466 0.707124
    outer loop
      vertex 12.8418 3.5 44.388
      vertex 13.127 3.15151 44.2
      vertex 13.0361 3.5 44.2
    endloop
  endfacet
  facet normal 0.684259 0.178562 0.70704
    outer loop
      vertex 12.3491 2.96476 45
      vertex 13.127 3.15151 44.2
      vertex 12.8418 3.5 44.388
    endloop
  endfacet
  facet normal 0.967587 0.252539 0
    outer loop
      vertex 17.5027 4.20202 1.5
      vertex 17.3242 4.88593 0
      vertex 17.3242 4.88593 1.5
    endloop
  endfacet
  facet normal 0.967587 0.252539 0
    outer loop
      vertex 17.3242 4.88593 0
      vertex 17.5027 4.20202 1.5
      vertex 17.5027 4.20202 0
    endloop
  endfacet
  facet normal 0.65349 0.143318 0.743243
    outer loop
      vertex 16.6733 3.31653 2.39999
      vertex 17.5027 4.20202 1.5
      vertex 16.5303 3.96857 2.39999
    endloop
  endfacet
  facet normal 0.653496 0.143309 0.74324
    outer loop
      vertex 17.6541 3.51163 1.5
      vertex 17.5027 4.20202 1.5
      vertex 16.6733 3.31653 2.39999
    endloop
  endfacet
  facet normal 0.967467 0.21234 0.137546
    outer loop
      vertex 16.183 3.21899 6
      vertex 16.5303 3.96857 2.39999
      vertex 16.0441 3.85185 6
    endloop
  endfacet
  facet normal 0.967505 0.212185 0.137517
    outer loop
      vertex 16.6733 3.31653 2.39999
      vertex 16.5303 3.96857 2.39999
      vertex 16.183 3.21899 6
    endloop
  endfacet
  facet normal 0.812771 0.1783 0.554628
    outer loop
      vertex 15.3983 3.06292 7.2
      vertex 16.0441 3.85185 6
      vertex 15.2662 3.66509 7.2
    endloop
  endfacet
  facet normal 0.812733 0.178378 0.554659
    outer loop
      vertex 16.183 3.21899 6
      vertex 16.0441 3.85185 6
      vertex 15.3983 3.06292 7.2
    endloop
  endfacet
  facet normal 0.836077 0.183411 0.517046
    outer loop
      vertex 12.554 2.49715 12
      vertex 15.2662 3.66509 7.2
      vertex 12.4463 2.9881 12
    endloop
  endfacet
  facet normal 0.836076 0.183413 0.517046
    outer loop
      vertex 15.3983 3.06292 7.2
      vertex 15.2662 3.66509 7.2
      vertex 12.554 2.49715 12
    endloop
  endfacet
  facet normal 0.912106 0.199983 0.357868
    outer loop
      vertex 10.2982 2.04845 18
      vertex 12.4463 2.9881 12
      vertex 10.2099 2.45118 18
    endloop
  endfacet
  facet normal 0.912081 0.200084 0.357875
    outer loop
      vertex 12.554 2.49715 12
      vertex 12.4463 2.9881 12
      vertex 10.2982 2.04845 18
    endloop
  endfacet
  facet normal 0.949788 0.208477 -0.233323
    outer loop
      vertex 11.3767 2.73131 23
      vertex 11.4752 2.28256 23
      vertex 10.2099 2.45118 18
    endloop
  endfacet
  facet normal 0.949833 0.208254 -0.233341
    outer loop
      vertex 11.4752 2.28256 23
      vertex 10.2982 2.04845 18
      vertex 10.2099 2.45118 18
    endloop
  endfacet
  facet normal 0.950583 0.208563 -0.229987
    outer loop
      vertex 12.6408 3.03479 28.5
      vertex 12.7502 2.53617 28.5
      vertex 11.3767 2.73131 23
    endloop
  endfacet
  facet normal 0.950566 0.208648 -0.229979
    outer loop
      vertex 12.7502 2.53617 28.5
      vertex 11.4752 2.28256 23
      vertex 11.3767 2.73131 23
    endloop
  endfacet
  facet normal 0.930298 0.204179 0.304724
    outer loop
      vertex 11.9656 2.3801 31
      vertex 12.6408 3.03479 28.5
      vertex 11.8629 2.84803 31
    endloop
  endfacet
  facet normal 0.930315 0.204116 0.304713
    outer loop
      vertex 12.7502 2.53617 28.5
      vertex 12.6408 3.03479 28.5
      vertex 11.9656 2.3801 31
    endloop
  endfacet
  facet normal 0.77344 0.169708 0.610728
    outer loop
      vertex 9.31746 1.85336 34.5
      vertex 11.8629 2.84803 31
      vertex 9.23751 2.21773 34.5
    endloop
  endfacet
  facet normal 0.773429 0.16975 0.610732
    outer loop
      vertex 11.9656 2.3801 31
      vertex 11.8629 2.84803 31
      vertex 9.31746 1.85336 34.5
    endloop
  endfacet
  facet normal 0.781488 0.171334 -0.599934
    outer loop
      vertex 10.6961 2.5679 36.5
      vertex 10.7886 2.14599 36.5
      vertex 9.23751 2.21773 34.5
    endloop
  endfacet
  facet normal 0.781472 0.17147 -0.599916
    outer loop
      vertex 10.7886 2.14599 36.5
      vertex 9.31746 1.85336 34.5
      vertex 9.23751 2.21773 34.5
    endloop
  endfacet
  facet normal 0.646318 0.141839 -0.74977
    outer loop
      vertex 12.3491 2.96476 38
      vertex 12.456 2.47765 38
      vertex 10.6961 2.5679 36.5
    endloop
  endfacet
  facet normal 0.646327 0.141701 -0.749788
    outer loop
      vertex 12.456 2.47765 38
      vertex 10.7886 2.14599 36.5
      vertex 10.6961 2.5679 36.5
    endloop
  endfacet
  facet normal 0.690736 0.151587 0.70704
    outer loop
      vertex 12.456 2.47765 45
      vertex 13.127 3.15151 44.2
      vertex 12.3491 2.96476 45
    endloop
  endfacet
  facet normal 0.690758 0.151548 0.707026
    outer loop
      vertex 12.456 2.47765 45
      vertex 13.2406 2.63372 44.2
      vertex 13.127 3.15151 44.2
    endloop
  endfacet
  facet normal 0.976788 0.214206 0
    outer loop
      vertex 17.6541 3.51163 1.5
      vertex 17.5027 4.20202 0
      vertex 17.5027 4.20202 1.5
    endloop
  endfacet
  facet normal 0.976788 0.214206 0
    outer loop
      vertex 17.5027 4.20202 0
      vertex 17.6541 3.51163 1.5
      vertex 17.6541 3.51163 0
    endloop
  endfacet
  facet normal 0.658598 0.11766 0.74324
    outer loop
      vertex 16.7907 2.65939 2.39999
      vertex 17.6541 3.51163 1.5
      vertex 16.6733 3.31653 2.39999
    endloop
  endfacet
  facet normal 0.658602 0.117653 0.743237
    outer loop
      vertex 17.7784 2.81582 1.5
      vertex 17.6541 3.51163 1.5
      vertex 16.7907 2.65939 2.39999
    endloop
  endfacet
  facet normal 0.975074 0.174126 0.137517
    outer loop
      vertex 16.2969 2.58117 6
      vertex 16.6733 3.31653 2.39999
      vertex 16.183 3.21899 6
    endloop
  endfacet
  facet normal 0.975059 0.174197 0.13753
    outer loop
      vertex 16.7907 2.65939 2.39999
      vertex 16.6733 3.31653 2.39999
      vertex 16.2969 2.58117 6
    endloop
  endfacet
  facet normal 0.819114 0.146304 0.55466
    outer loop
      vertex 15.5067 2.45602 7.2
      vertex 16.183 3.21899 6
      vertex 15.3983 3.06292 7.2
    endloop
  endfacet
  facet normal 0.819126 0.146277 0.55465
    outer loop
      vertex 16.2969 2.58117 6
      vertex 16.183 3.21899 6
      vertex 15.5067 2.45602 7.2
    endloop
  endfacet
  facet normal 0.842615 0.150543 0.517046
    outer loop
      vertex 12.6424 2.00236 12
      vertex 15.3983 3.06292 7.2
      vertex 12.554 2.49715 12
    endloop
  endfacet
  facet normal 0.842624 0.150503 0.517043
    outer loop
      vertex 15.5067 2.45602 7.2
      vertex 15.3983 3.06292 7.2
      vertex 12.6424 2.00236 12
    endloop
  endfacet
  facet normal 0.919221 0.164191 0.357875
    outer loop
      vertex 10.3707 1.64256 18
      vertex 12.554 2.49715 12
      vertex 10.2982 2.04845 18
    endloop
  endfacet
  facet normal 0.919213 0.164228 0.357878
    outer loop
      vertex 12.6424 2.00236 12
      vertex 12.554 2.49715 12
      vertex 10.3707 1.64256 18
    endloop
  endfacet
  facet normal 0.957239 0.171011 -0.233341
    outer loop
      vertex 11.4752 2.28256 23
      vertex 11.556 1.83028 23
      vertex 10.2982 2.04845 18
    endloop
  endfacet
  facet normal 0.957244 0.170983 -0.233344
    outer loop
      vertex 11.556 1.83028 23
      vertex 10.3707 1.64256 18
      vertex 10.2982 2.04845 18
    endloop
  endfacet
  facet normal 0.958052 0.171013 -0.229979
    outer loop
      vertex 12.7502 2.53617 28.5
      vertex 12.8399 2.03365 28.5
      vertex 11.4752 2.28256 23
    endloop
  endfacet
  facet normal 0.95803 0.171152 -0.229968
    outer loop
      vertex 12.8399 2.03365 28.5
      vertex 11.556 1.83028 23
      vertex 11.4752 2.28256 23
    endloop
  endfacet
  facet normal 0.937617 0.167403 0.304713
    outer loop
      vertex 12.0498 1.9085 31
      vertex 12.7502 2.53617 28.5
      vertex 11.9656 2.3801 31
    endloop
  endfacet
  facet normal 0.937626 0.167367 0.304706
    outer loop
      vertex 12.8399 2.03365 28.5
      vertex 12.7502 2.53617 28.5
      vertex 12.0498 1.9085 31
    endloop
  endfacet
  facet normal 0.779505 0.139204 0.610732
    outer loop
      vertex 9.38304 1.48613 34.5
      vertex 11.9656 2.3801 31
      vertex 9.31746 1.85336 34.5
    endloop
  endfacet
  facet normal 0.779512 0.139175 0.61073
    outer loop
      vertex 12.0498 1.9085 31
      vertex 11.9656 2.3801 31
      vertex 9.38304 1.48613 34.5
    endloop
  endfacet
  facet normal 0.787581 0.140768 -0.599917
    outer loop
      vertex 10.7886 2.14599 36.5
      vertex 10.8646 1.72078 36.5
      vertex 9.31746 1.85336 34.5
    endloop
  endfacet
  facet normal 0.78759 0.140648 -0.599933
    outer loop
      vertex 10.8646 1.72078 36.5
      vertex 9.38304 1.48613 34.5
      vertex 9.31746 1.85336 34.5
    endloop
  endfacet
  facet normal 0.651391 0.116232 -0.749786
    outer loop
      vertex 12.456 2.47765 38
      vertex 12.5436 1.98672 38
      vertex 10.7886 2.14599 36.5
    endloop
  endfacet
  facet normal 0.651387 0.116426 -0.74976
    outer loop
      vertex 12.5436 1.98672 38
      vertex 10.8646 1.72078 36.5
      vertex 10.7886 2.14599 36.5
    endloop
  endfacet
  facet normal 0.696191 0.124229 0.707026
    outer loop
      vertex 13.2406 2.63372 44.2
      vertex 12.456 2.47764 45
      vertex 12.5436 1.98672 45
    endloop
  endfacet
  facet normal 0.713945 -0 0.700202
    outer loop
      vertex 12.456 2.47764 45
      vertex 13.2406 2.63372 44.2
      vertex 12.456 2.47765 45
    endloop
  endfacet
  facet normal 0.696138 0.124327 0.70706
    outer loop
      vertex 12.5436 1.98672 45
      vertex 13.3338 2.11187 44.2
      vertex 13.2406 2.63372 44.2
    endloop
  endfacet
  facet normal 0.984416 0.175857 0
    outer loop
      vertex 17.7784 2.81582 1.5
      vertex 17.6541 3.51163 0
      vertex 17.6541 3.51163 1.5
    endloop
  endfacet
  facet normal 0.984416 0.175857 0
    outer loop
      vertex 17.6541 3.51163 0
      vertex 17.7784 2.81582 1.5
      vertex 17.7784 2.81582 0
    endloop
  endfacet
  facet normal 0.662713 0.0917024 0.743238
    outer loop
      vertex 16.8822 1.99814 2.39999
      vertex 17.7784 2.81582 1.5
      vertex 16.7907 2.65939 2.39999
    endloop
  endfacet
  facet normal 0.662753 0.0916296 0.743211
    outer loop
      vertex 17.8752 2.11567 1.5
      vertex 17.7784 2.81582 1.5
      vertex 16.8822 1.99814 2.39999
    endloop
  endfacet
  facet normal 0.981171 0.135603 0.13753
    outer loop
      vertex 16.3856 1.93937 6
      vertex 16.7907 2.65939 2.39999
      vertex 16.2969 2.58117 6
    endloop
  endfacet
  facet normal 0.981145 0.135765 0.137559
    outer loop
      vertex 16.8822 1.99814 2.39999
      vertex 16.7907 2.65939 2.39999
      vertex 16.3856 1.93937 6
    endloop
  endfacet
  facet normal 0.824231 0.114049 0.55465
    outer loop
      vertex 15.5912 1.84534 7.2
      vertex 16.2969 2.58117 6
      vertex 15.5067 2.45602 7.2
    endloop
  endfacet
  facet normal 0.824282 0.11392 0.554601
    outer loop
      vertex 16.3856 1.93937 6
      vertex 16.2969 2.58117 6
      vertex 15.5912 1.84534 7.2
    endloop
  endfacet
  facet normal 0.847879 0.117335 0.517044
    outer loop
      vertex 12.7113 1.50448 12
      vertex 15.5067 2.45602 7.2
      vertex 12.6424 2.00236 12
    endloop
  endfacet
  facet normal 0.847881 0.117322 0.517042
    outer loop
      vertex 15.5912 1.84534 7.2
      vertex 15.5067 2.45602 7.2
      vertex 12.7113 1.50448 12
    endloop
  endfacet
  facet normal 0.92496 0.127957 0.357878
    outer loop
      vertex 10.4272 1.23414 18
      vertex 12.6424 2.00236 12
      vertex 10.3707 1.64256 18
    endloop
  endfacet
  facet normal 0.924952 0.128001 0.357881
    outer loop
      vertex 12.7113 1.50448 12
      vertex 12.6424 2.00236 12
      vertex 10.4272 1.23414 18
    endloop
  endfacet
  facet normal 0.963237 0.133133 -0.233343
    outer loop
      vertex 11.556 1.83028 23
      vertex 11.6189 1.37519 23
      vertex 10.3707 1.64256 18
    endloop
  endfacet
  facet normal 0.963224 0.13325 -0.233334
    outer loop
      vertex 11.6189 1.37519 23
      vertex 10.4272 1.23414 18
      vertex 10.3707 1.64256 18
    endloop
  endfacet
  facet normal 0.964005 0.13345 -0.229968
    outer loop
      vertex 12.8399 2.03365 28.5
      vertex 12.9099 1.52799 28.5
      vertex 11.556 1.83028 23
    endloop
  endfacet
  facet normal 0.96403 0.133243 -0.229986
    outer loop
      vertex 12.9099 1.52799 28.5
      vertex 11.6189 1.37519 23
      vertex 11.556 1.83028 23
    endloop
  endfacet
  facet normal 0.943475 0.130425 0.304705
    outer loop
      vertex 12.1154 1.43396 31
      vertex 12.8399 2.03365 28.5
      vertex 12.0498 1.9085 31
    endloop
  endfacet
  facet normal 0.943439 0.130603 0.304737
    outer loop
      vertex 12.9099 1.52799 28.5
      vertex 12.8399 2.03365 28.5
      vertex 12.1154 1.43396 31
    endloop
  endfacet
  facet normal 0.784372 0.108487 0.61073
    outer loop
      vertex 9.43415 1.1166 34.5
      vertex 12.0498 1.9085 31
      vertex 9.38304 1.48613 34.5
    endloop
  endfacet
  facet normal 0.784383 0.108432 0.610725
    outer loop
      vertex 12.1154 1.43396 31
      vertex 12.0498 1.9085 31
      vertex 9.43415 1.1166 34.5
    endloop
  endfacet
  facet normal 0.7925 0.10965 -0.599933
    outer loop
      vertex 10.8646 1.72078 36.5
      vertex 10.9238 1.29291 36.5
      vertex 9.38304 1.48613 34.5
    endloop
  endfacet
  facet normal 0.792502 0.109612 -0.599938
    outer loop
      vertex 10.9238 1.29291 36.5
      vertex 9.43415 1.1166 34.5
      vertex 9.38304 1.48613 34.5
    endloop
  endfacet
  facet normal 0.655454 0.0907552 -0.749762
    outer loop
      vertex 12.5436 1.98672 38
      vertex 12.612 1.49272 38
      vertex 10.8646 1.72078 36.5
    endloop
  endfacet
  facet normal 0.655453 0.0906884 -0.749771
    outer loop
      vertex 12.612 1.49272 38
      vertex 10.9238 1.29291 36.5
      vertex 10.8646 1.72078 36.5
    endloop
  endfacet
  facet normal 0.700469 0.09699 0.707061
    outer loop
      vertex 13.3338 2.11187 44.2
      vertex 12.5436 1.98672 45
      vertex 12.612 1.49273 45
    endloop
  endfacet
  facet normal 0.700536 0.0968519 0.707014
    outer loop
      vertex 12.612 1.49273 45
      vertex 13.4064 1.58675 44.2
      vertex 13.3338 2.11187 44.2
    endloop
  endfacet
  facet normal 0.990577 0.136953 0
    outer loop
      vertex 17.8752 2.11567 1.5
      vertex 17.7784 2.81582 0
      vertex 17.7784 2.81582 1.5
    endloop
  endfacet
  facet normal 0.990577 0.136953 0
    outer loop
      vertex 17.7784 2.81582 0
      vertex 17.8752 2.11567 1.5
      vertex 17.8752 2.11567 0
    endloop
  endfacet
  facet normal 0.665839 0.0655476 0.74321
    outer loop
      vertex 16.9476 1.3338 2.39999
      vertex 17.8752 2.11567 1.5
      vertex 16.8822 1.99814 2.39999
    endloop
  endfacet
  facet normal 0.665815 0.0655961 0.743228
    outer loop
      vertex 17.9445 1.41226 1.5
      vertex 17.8752 2.11567 1.5
      vertex 16.9476 1.3338 2.39999
    endloop
  endfacet
  facet normal 0.985725 0.0970744 0.13756
    outer loop
      vertex 16.4491 1.29457 6
      vertex 16.8822 1.99814 2.39999
      vertex 16.3856 1.93937 6
    endloop
  endfacet
  facet normal 0.985729 0.0970387 0.137553
    outer loop
      vertex 16.9476 1.3338 2.39999
      vertex 16.8822 1.99814 2.39999
      vertex 16.4491 1.29457 6
    endloop
  endfacet
  facet normal 0.828114 0.0815251 0.5546
    outer loop
      vertex 15.6516 1.23181 7.2
      vertex 16.3856 1.93937 6
      vertex 15.5912 1.84534 7.2
    endloop
  endfacet
  facet normal 0.828105 0.0815519 0.55461
    outer loop
      vertex 16.4491 1.29457 6
      vertex 16.3856 1.93937 6
      vertex 15.6516 1.23181 7.2
    endloop
  endfacet
  facet normal 0.851849 0.0837885 0.517042
    outer loop
      vertex 12.7605 1.00428 12
      vertex 15.5912 1.84534 7.2
      vertex 12.7113 1.50448 12
    endloop
  endfacet
  facet normal 0.851838 0.0838607 0.517048
    outer loop
      vertex 15.6516 1.23181 7.2
      vertex 15.5912 1.84534 7.2
      vertex 12.7605 1.00428 12
    endloop
  endfacet
  facet normal 0.929274 0.091496 0.357881
    outer loop
      vertex 10.4676 0.82382 18
      vertex 12.7113 1.50448 12
      vertex 10.4272 1.23414 18
    endloop
  endfacet
  facet normal 0.929285 0.0914051 0.357875
    outer loop
      vertex 12.7605 1.00428 12
      vertex 12.7113 1.50448 12
      vertex 10.4676 0.82382 18
    endloop
  endfacet
  facet normal 0.967721 0.0952442 -0.233333
    outer loop
      vertex 11.6189 1.37519 23
      vertex 11.6639 0.917971 23
      vertex 10.4272 1.23414 18
    endloop
  endfacet
  facet normal 0.967718 0.0952813 -0.23333
    outer loop
      vertex 11.6639 0.917971 23
      vertex 10.4676 0.82382 18
      vertex 10.4272 1.23414 18
    endloop
  endfacet
  facet normal 0.968515 0.0953225 -0.229985
    outer loop
      vertex 12.9099 1.52799 28.5
      vertex 12.9599 1.01997 28.5
      vertex 11.6189 1.37519 23
    endloop
  endfacet
  facet normal 0.968515 0.0953223 -0.229985
    outer loop
      vertex 12.9599 1.01997 28.5
      vertex 11.6639 0.917971 23
      vertex 11.6189 1.37519 23
    endloop
  endfacet
  facet normal 0.947841 0.0934402 0.304738
    outer loop
      vertex 12.1624 0.9572 31
      vertex 12.9099 1.52799 28.5
      vertex 12.1154 1.43396 31
    endloop
  endfacet
  facet normal 0.947865 0.0932901 0.304711
    outer loop
      vertex 12.9599 1.01997 28.5
      vertex 12.9099 1.52799 28.5
      vertex 12.1624 0.9572 31
    endloop
  endfacet
  facet normal 0.788031 0.0776061 0.610725
    outer loop
      vertex 9.47071 0.745361 34.5
      vertex 12.1154 1.43396 31
      vertex 9.43415 1.1166 34.5
    endloop
  endfacet
  facet normal 0.788018 0.0776845 0.610731
    outer loop
      vertex 12.1624 0.9572 31
      vertex 12.1154 1.43396 31
      vertex 9.47071 0.745361 34.5
    endloop
  endfacet
  facet normal 0.796201 0.0783495 -0.599937
    outer loop
      vertex 10.9238 1.29291 36.5
      vertex 10.9661 0.86305 36.5
      vertex 9.43415 1.1166 34.5
    endloop
  endfacet
  facet normal 0.796201 0.0784107 -0.59993
    outer loop
      vertex 10.9661 0.86305 36.5
      vertex 9.47071 0.745361 34.5
      vertex 9.43415 1.1166 34.5
    endloop
  endfacet
  facet normal 0.658522 0.0647521 -0.74977
    outer loop
      vertex 12.612 1.49272 38
      vertex 12.6608 0.996429 38
      vertex 10.9238 1.29291 36.5
    endloop
  endfacet
  facet normal 0.658525 0.0648016 -0.749764
    outer loop
      vertex 12.6608 0.996429 38
      vertex 10.9661 0.86305 36.5
      vertex 10.9238 1.29291 36.5
    endloop
  endfacet
  facet normal 0.709586 -0 0.704619
    outer loop
      vertex 12.612 1.49272 45
      vertex 13.4064 1.58675 44.2
      vertex 12.612 1.49273 45
    endloop
  endfacet
  facet normal 0.703791 0.0693461 0.707015
    outer loop
      vertex 13.4064 1.58675 44.2
      vertex 12.612 1.49272 45
      vertex 12.6609 0.996436 45
    endloop
  endfacet
  facet normal 0.70378 0.0693708 0.707023
    outer loop
      vertex 12.6609 0.996436 45
      vertex 13.4584 1.0592 44.2
      vertex 13.4064 1.58675 44.2
    endloop
  endfacet
  facet normal 0.708212 -0 0.705999
    outer loop
      vertex 12.6609 0.996431 45
      vertex 13.4584 1.0592 44.2
      vertex 12.6609 0.996436 45
    endloop
  endfacet
  facet normal 0.708212 0 0.705999
    outer loop
      vertex 13.4584 1.0592 44.2
      vertex 12.6609 0.996431 45
      vertex 12.6609 0.99643 45
    endloop
  endfacet
  facet normal 0.995182 0.0980454 0
    outer loop
      vertex 17.9445 1.41226 1.5
      vertex 17.8752 2.11567 0
      vertex 17.8752 2.11567 1.5
    endloop
  endfacet
  facet normal 0.995182 0.0980454 0
    outer loop
      vertex 17.8752 2.11567 0
      vertex 17.9445 1.41226 1.5
      vertex 17.9445 1.41226 0
    endloop
  endfacet
  facet normal 0.667878 0.0393882 0.743228
    outer loop
      vertex 16.9869 0.667417 2.39999
      vertex 17.9445 1.41226 1.5
      vertex 16.9476 1.3338 2.39999
    endloop
  endfacet
  facet normal 0.667883 0.0393772 0.743224
    outer loop
      vertex 17.9861 0.706676 1.5
      vertex 17.9445 1.41226 1.5
      vertex 16.9869 0.667417 2.39999
    endloop
  endfacet
  facet normal 0.988771 0.0583983 0.137553
    outer loop
      vertex 16.4873 0.647786 6
      vertex 16.9476 1.3338 2.39999
      vertex 16.4491 1.29457 6
    endloop
  endfacet
  facet normal 0.988778 0.0583133 0.137538
    outer loop
      vertex 16.9869 0.667417 2.39999
      vertex 16.9476 1.3338 2.39999
      vertex 16.4873 0.647786 6
    endloop
  endfacet
  facet normal 0.830667 0.0489953 0.55461
    outer loop
      vertex 15.6879 0.616379 7.2
      vertex 16.4491 1.29457 6
      vertex 15.6516 1.23181 7.2
    endloop
  endfacet
  facet normal 0.830647 0.0490592 0.554634
    outer loop
      vertex 16.4873 0.647786 6
      vertex 16.4491 1.29457 6
      vertex 15.6879 0.616379 7.2
    endloop
  endfacet
  facet normal 0.854471 0.0504076 0.517048
    outer loop
      vertex 12.7901 0.502524 12
      vertex 15.6516 1.23181 7.2
      vertex 12.7605 1.00428 12
    endloop
  endfacet
  facet normal 0.854472 0.0503994 0.517047
    outer loop
      vertex 15.6879 0.616379 7.2
      vertex 15.6516 1.23181 7.2
      vertex 12.7901 0.502524 12
    endloop
  endfacet
  facet normal 0.932146 0.055033 0.357875
    outer loop
      vertex 10.4919 0.412228 18
      vertex 12.7605 1.00428 12
      vertex 10.4676 0.82382 18
    endloop
  endfacet
  facet normal 0.93215 0.0549902 0.357872
    outer loop
      vertex 12.7901 0.502524 12
      vertex 12.7605 1.00428 12
      vertex 10.4919 0.412228 18
    endloop
  endfacet
  facet normal 0.970704 0.0573577 -0.233331
    outer loop
      vertex 11.6639 0.917971 23
      vertex 11.691 0.459339 23
      vertex 10.4676 0.82382 18
    endloop
  endfacet
  facet normal 0.970706 0.0573096 -0.233335
    outer loop
      vertex 11.691 0.459339 23
      vertex 10.4919 0.412228 18
      vertex 10.4676 0.82382 18
    endloop
  endfacet
  facet normal 0.971501 0.0573834 -0.229985
    outer loop
      vertex 12.9599 1.01997 28.5
      vertex 12.99 0.510377 28.5
      vertex 11.6639 0.917971 23
    endloop
  endfacet
  facet normal 0.9715 0.0574047 -0.229983
    outer loop
      vertex 12.99 0.510377 28.5
      vertex 11.691 0.459339 23
      vertex 11.6639 0.917971 23
    endloop
  endfacet
  facet normal 0.950793 0.0560659 0.304711
    outer loop
      vertex 12.1906 0.47897 31
      vertex 12.9599 1.01997 28.5
      vertex 12.1624 0.9572 31
    endloop
  endfacet
  facet normal 0.950782 0.0561596 0.304728
    outer loop
      vertex 12.99 0.510377 28.5
      vertex 12.9599 1.01997 28.5
      vertex 12.1906 0.47897 31
    endloop
  endfacet
  facet normal 0.790463 0.0466348 0.610732
    outer loop
      vertex 9.49268 0.372968 34.5
      vertex 12.1624 0.9572 31
      vertex 9.47071 0.745361 34.5
    endloop
  endfacet
  facet normal 0.790466 0.0466118 0.61073
    outer loop
      vertex 12.1906 0.47897 31
      vertex 12.1624 0.9572 31
      vertex 9.49268 0.372968 34.5
    endloop
  endfacet
  facet normal 0.798669 0.0470466 -0.599929
    outer loop
      vertex 10.9661 0.86305 36.5
      vertex 10.9915 0.431857 36.5
      vertex 9.47071 0.745361 34.5
    endloop
  endfacet
  facet normal 0.798671 0.0471191 -0.59992
    outer loop
      vertex 10.9915 0.431857 36.5
      vertex 9.49268 0.372968 34.5
      vertex 9.47071 0.745361 34.5
    endloop
  endfacet
  facet normal 0.660555 0.0390099 -0.749764
    outer loop
      vertex 12.6608 0.996429 38
      vertex 12.6902 0.498599 38
      vertex 10.9661 0.86305 36.5
    endloop
  endfacet
  facet normal 0.660545 0.0389103 -0.749777
    outer loop
      vertex 12.6902 0.498599 38
      vertex 10.9915 0.431857 36.5
      vertex 10.9661 0.86305 36.5
    endloop
  endfacet
  facet normal 0.705969 0.0415505 0.707023
    outer loop
      vertex 12.6902 0.498605 45
      vertex 13.4584 1.0592 44.2
      vertex 12.6609 0.99643 45
    endloop
  endfacet
  facet normal 0.705942 0.0416207 0.707046
    outer loop
      vertex 12.6902 0.498605 45
      vertex 13.4896 0.530007 44.2
      vertex 13.4584 1.0592 44.2
    endloop
  endfacet
  facet normal 0.707372 -0 0.706841
    outer loop
      vertex 12.6902 0.498603 45
      vertex 13.4896 0.530007 44.2
      vertex 12.6902 0.498605 45
    endloop
  endfacet
  facet normal 0.707372 0 0.706841
    outer loop
      vertex 13.4896 0.530007 44.2
      vertex 12.6902 0.498603 45
      vertex 12.6902 0.498599 45
    endloop
  endfacet
  facet normal 0.998266 0.058856 0
    outer loop
      vertex 17.9861 0.706676 1.5
      vertex 17.9445 1.41226 0
      vertex 17.9445 1.41226 1.5
    endloop
  endfacet
  facet normal 0.998266 0.058856 0
    outer loop
      vertex 17.9445 1.41226 0
      vertex 17.9861 0.706676 1.5
      vertex 17.9861 0.706676 0
    endloop
  endfacet
  facet normal 0.668914 0.0131294 0.743224
    outer loop
      vertex 17 0 2.39999
      vertex 17.9861 0.706676 1.5
      vertex 16.9869 0.667417 2.39999
    endloop
  endfacet
  facet normal 0.668903 0.013157 0.743234
    outer loop
      vertex 18 0 1.5
      vertex 17.9861 0.706676 1.5
      vertex 17 0 2.39999
    endloop
  endfacet
  facet normal 0.990306 0.0194152 0.137538
    outer loop
      vertex 16.5 0 6
      vertex 16.9869 0.667417 2.39999
      vertex 16.4873 0.647786 6
    endloop
  endfacet
  facet normal 0.990305 0.0194376 0.137542
    outer loop
      vertex 17 0 2.39999
      vertex 16.9869 0.667417 2.39999
      vertex 16.5 0 6
    endloop
  endfacet
  facet normal 0.831934 0.0163315 0.554634
    outer loop
      vertex 15.7 0 7.2
      vertex 16.4873 0.647786 6
      vertex 15.6879 0.616379 7.2
    endloop
  endfacet
  facet normal 0.83194 0.0163104 0.554626
    outer loop
      vertex 16.5 0 6
      vertex 16.4873 0.647786 6
      vertex 15.7 0 7.2
    endloop
  endfacet
  facet normal 0.85579 0.0168595 0.517048
    outer loop
      vertex 12.8 0 12
      vertex 15.6879 0.616379 7.2
      vertex 12.7901 0.502524 12
    endloop
  endfacet
  facet normal 0.855795 0.0167999 0.517043
    outer loop
      vertex 15.7 0 7.2
      vertex 15.6879 0.616379 7.2
      vertex 12.8 0 12
    endloop
  endfacet
  facet normal 0.93359 0.0183444 0.357872
    outer loop
      vertex 10.5 0 18
      vertex 12.7901 0.502524 12
      vertex 10.4919 0.412228 18
    endloop
  endfacet
  facet normal 0.933588 0.0183922 0.357875
    outer loop
      vertex 12.8 0 12
      vertex 12.7901 0.502524 12
      vertex 10.5 0 18
    endloop
  endfacet
  facet normal 0.97221 0.0190489 -0.233335
    outer loop
      vertex 11.691 0.459339 23
      vertex 11.7 0 23
      vertex 10.4919 0.412228 18
    endloop
  endfacet
  facet normal 0.97221 0.0191033 -0.23333
    outer loop
      vertex 11.7 0 23
      vertex 10.5 0 18
      vertex 10.4919 0.412228 18
    endloop
  endfacet
  facet normal 0.973008 0.0190645 -0.229984
    outer loop
      vertex 12.99 0.510377 28.5
      vertex 13 0 28.5
      vertex 11.691 0.459339 23
    endloop
  endfacet
  facet normal 0.973008 0.0190645 -0.229984
    outer loop
      vertex 13 0 28.5
      vertex 11.7 0 23
      vertex 11.691 0.459339 23
    endloop
  endfacet
  facet normal 0.952256 0.0186884 0.304728
    outer loop
      vertex 12.2 0 31
      vertex 12.99 0.510377 28.5
      vertex 12.1906 0.47897 31
    endloop
  endfacet
  facet normal 0.952258 0.0186579 0.304723
    outer loop
      vertex 13 0 28.5
      vertex 12.99 0.510377 28.5
      vertex 12.2 0 31
    endloop
  endfacet
  facet normal 0.791687 0.0155379 0.61073
    outer loop
      vertex 9.5 0 34.5
      vertex 12.1906 0.47897 31
      vertex 9.49268 0.372968 34.5
    endloop
  endfacet
  facet normal 0.791687 0.0155372 0.61073
    outer loop
      vertex 12.2 0 31
      vertex 12.1906 0.47897 31
      vertex 9.5 0 34.5
    endloop
  endfacet
  facet normal 0.799905 0.0157441 -0.59992
    outer loop
      vertex 10.9915 0.431857 36.5
      vertex 11 0 36.5
      vertex 9.49268 0.372968 34.5
    endloop
  endfacet
  facet normal 0.799901 0.0156991 -0.599926
    outer loop
      vertex 11 0 36.5
      vertex 9.5 0 34.5
      vertex 9.49268 0.372968 34.5
    endloop
  endfacet
  facet normal 0.661563 0.0130031 -0.749777
    outer loop
      vertex 12.6902 0.498599 38
      vertex 12.7 0 38
      vertex 10.9915 0.431857 36.5
    endloop
  endfacet
  facet normal 0.661566 0.0130212 -0.749774
    outer loop
      vertex 12.7 0 38
      vertex 11 0 36.5
      vertex 10.9915 0.431857 36.5
    endloop
  endfacet
  facet normal 0.707372 -0 0.706841
    outer loop
      vertex 12.6902 0.498595 45
      vertex 13.4896 0.530007 44.2
      vertex 12.6902 0.498599 45
    endloop
  endfacet
  facet normal 0.707031 0.013897 0.707046
    outer loop
      vertex 13.4896 0.530007 44.2
      vertex 12.6902 0.498595 45
      vertex 12.7 5.68634e-06 45
    endloop
  endfacet
  facet normal 0.707107 0 0.707107
    outer loop
      vertex 13.5 0 44.2
      vertex 12.7 5.68634e-06 45
      vertex 12.7 0 45
    endloop
  endfacet
  facet normal 0.707039 0.0138738 0.707039
    outer loop
      vertex 12.7 5.68634e-06 45
      vertex 13.5 0 44.2
      vertex 13.4896 0.530007 44.2
    endloop
  endfacet
  facet normal 0.999807 0.0196657 0
    outer loop
      vertex 18 0 1.5
      vertex 17.9861 0.706676 0
      vertex 17.9861 0.706676 1.5
    endloop
  endfacet
  facet normal 0.999807 0.0196657 0
    outer loop
      vertex 17.9861 0.706676 0
      vertex 18 0 1.5
      vertex 18 0 0
    endloop
  endfacet
  facet normal 0.668903 -0.0131292 0.743234
    outer loop
      vertex 18 0 1.5
      vertex 17 0 2.39999
      vertex 16.9869 -0.667417 2.39999
    endloop
  endfacet
  facet normal 0.668913 -0.0131572 0.743224
    outer loop
      vertex 17.9861 -0.706676 1.5
      vertex 18 0 1.5
      vertex 16.9869 -0.667417 2.39999
    endloop
  endfacet
  facet normal 0.990306 -0.0194152 0.137542
    outer loop
      vertex 17 0 2.39999
      vertex 16.5 0 6
      vertex 16.4873 -0.647786 6
    endloop
  endfacet
  facet normal 0.990306 -0.0194376 0.137538
    outer loop
      vertex 16.9869 -0.667417 2.39999
      vertex 17 0 2.39999
      vertex 16.4873 -0.647786 6
    endloop
  endfacet
  facet normal 0.831939 -0.0163316 0.554626
    outer loop
      vertex 16.5 0 6
      vertex 15.7 0 7.2
      vertex 15.6879 -0.616379 7.2
    endloop
  endfacet
  facet normal 0.831935 -0.0163103 0.554634
    outer loop
      vertex 16.4873 -0.647786 6
      vertex 16.5 0 6
      vertex 15.6879 -0.616379 7.2
    endloop
  endfacet
  facet normal 0.855794 -0.0168596 0.517042
    outer loop
      vertex 15.7 0 7.2
      vertex 12.8 0 12
      vertex 12.7901 -0.502524 12
    endloop
  endfacet
  facet normal 0.855792 -0.0167999 0.517047
    outer loop
      vertex 15.6879 -0.616379 7.2
      vertex 15.7 0 7.2
      vertex 12.7901 -0.502524 12
    endloop
  endfacet
  facet normal 0.933589 -0.0183444 0.357876
    outer loop
      vertex 12.8 0 12
      vertex 10.5 0 18
      vertex 10.4919 -0.412228 18
    endloop
  endfacet
  facet normal 0.933589 -0.0183922 0.357873
    outer loop
      vertex 12.7901 -0.502524 12
      vertex 12.8 0 12
      vertex 10.4919 -0.412228 18
    endloop
  endfacet
  facet normal 0.972211 -0.0190489 -0.233331
    outer loop
      vertex 11.7 0 23
      vertex 11.691 -0.459339 23
      vertex 10.5 0 18
    endloop
  endfacet
  facet normal 0.972209 -0.0191032 -0.233335
    outer loop
      vertex 10.5 0 18
      vertex 11.691 -0.459339 23
      vertex 10.4919 -0.412228 18
    endloop
  endfacet
  facet normal 0.973008 -0.0190645 -0.229984
    outer loop
      vertex 13 0 28.5
      vertex 12.99 -0.510377 28.5
      vertex 11.7 0 23
    endloop
  endfacet
  facet normal 0.973008 -0.0190645 -0.229984
    outer loop
      vertex 11.7 0 23
      vertex 12.99 -0.510377 28.5
      vertex 11.691 -0.459339 23
    endloop
  endfacet
  facet normal 0.952258 -0.0186885 0.304722
    outer loop
      vertex 13 0 28.5
      vertex 12.2 0 31
      vertex 12.1906 -0.47897 31
    endloop
  endfacet
  facet normal 0.952257 -0.0186579 0.304728
    outer loop
      vertex 12.99 -0.510377 28.5
      vertex 13 0 28.5
      vertex 12.1906 -0.47897 31
    endloop
  endfacet
  facet normal 0.791687 -0.0155379 0.61073
    outer loop
      vertex 12.2 0 31
      vertex 9.5 0 34.5
      vertex 9.49268 -0.372968 34.5
    endloop
  endfacet
  facet normal 0.791687 -0.0155372 0.61073
    outer loop
      vertex 12.1906 -0.47897 31
      vertex 12.2 0 31
      vertex 9.49268 -0.372968 34.5
    endloop
  endfacet
  facet normal 0.799901 -0.015744 -0.599926
    outer loop
      vertex 11 0 36.5
      vertex 10.9915 -0.431857 36.5
      vertex 9.5 0 34.5
    endloop
  endfacet
  facet normal 0.799906 -0.0156992 -0.59992
    outer loop
      vertex 9.5 0 34.5
      vertex 10.9915 -0.431857 36.5
      vertex 9.49268 -0.372968 34.5
    endloop
  endfacet
  facet normal 0.661566 -0.0130031 -0.749774
    outer loop
      vertex 12.7 0 38
      vertex 12.6902 -0.498599 38
      vertex 11 0 36.5
    endloop
  endfacet
  facet normal 0.661563 -0.0130212 -0.749777
    outer loop
      vertex 11 0 36.5
      vertex 12.6902 -0.498599 38
      vertex 10.9915 -0.431857 36.5
    endloop
  endfacet
  facet normal 0.707038 -0.013897 0.707038
    outer loop
      vertex 13.5 0 44.2
      vertex 12.7 0 45
      vertex 12.6902 -0.498594 45
    endloop
  endfacet
  facet normal 0.707372 0 0.706841
    outer loop
      vertex 13.4896 -0.530007 44.2
      vertex 12.6902 -0.498594 45
      vertex 12.6902 -0.498595 45
    endloop
  endfacet
  facet normal 0.707372 0 0.706841
    outer loop
      vertex 13.4896 -0.530007 44.2
      vertex 12.6902 -0.498595 45
      vertex 12.6902 -0.498599 45
    endloop
  endfacet
  facet normal 0.707031 -0.0138736 0.707046
    outer loop
      vertex 12.6902 -0.498594 45
      vertex 13.4896 -0.530007 44.2
      vertex 13.5 0 44.2
    endloop
  endfacet
  facet normal 0.999807 -0.0196657 0
    outer loop
      vertex 17.9861 -0.706676 1.5
      vertex 18 0 0
      vertex 18 0 1.5
    endloop
  endfacet
  facet normal 0.999807 -0.0196657 0
    outer loop
      vertex 18 0 0
      vertex 17.9861 -0.706676 1.5
      vertex 17.9861 -0.706676 0
    endloop
  endfacet
  facet normal 0.667882 -0.0393884 0.743224
    outer loop
      vertex 17.9861 -0.706676 1.5
      vertex 16.9869 -0.667417 2.39999
      vertex 16.9476 -1.3338 2.39999
    endloop
  endfacet
  facet normal 0.667879 -0.039377 0.743228
    outer loop
      vertex 17.9445 -1.41226 1.5
      vertex 17.9861 -0.706676 1.5
      vertex 16.9476 -1.3338 2.39999
    endloop
  endfacet
  facet normal 0.988773 -0.0583984 0.137538
    outer loop
      vertex 16.9869 -0.667417 2.39999
      vertex 16.4873 -0.647786 6
      vertex 16.4491 -1.29457 6
    endloop
  endfacet
  facet normal 0.988776 -0.0583132 0.137553
    outer loop
      vertex 16.9476 -1.3338 2.39999
      vertex 16.9869 -0.667417 2.39999
      vertex 16.4491 -1.29457 6
    endloop
  endfacet
  facet normal 0.830651 -0.0489943 0.554634
    outer loop
      vertex 16.4873 -0.647786 6
      vertex 15.6879 -0.616379 7.2
      vertex 15.6516 -1.23181 7.2
    endloop
  endfacet
  facet normal 0.830663 -0.0490601 0.55461
    outer loop
      vertex 16.4491 -1.29457 6
      vertex 16.4873 -0.647786 6
      vertex 15.6516 -1.23181 7.2
    endloop
  endfacet
  facet normal 0.854471 -0.0504077 0.517047
    outer loop
      vertex 15.6879 -0.616379 7.2
      vertex 12.7901 -0.502524 12
      vertex 12.7605 -1.00428 12
    endloop
  endfacet
  facet normal 0.854471 -0.0503993 0.517048
    outer loop
      vertex 15.6516 -1.23181 7.2
      vertex 15.6879 -0.616379 7.2
      vertex 12.7605 -1.00428 12
    endloop
  endfacet
  facet normal 0.932148 -0.0550331 0.357872
    outer loop
      vertex 12.7901 -0.502524 12
      vertex 10.4919 -0.412228 18
      vertex 10.4676 -0.82382 18
    endloop
  endfacet
  facet normal 0.932149 -0.0549901 0.357875
    outer loop
      vertex 12.7605 -1.00428 12
      vertex 12.7901 -0.502524 12
      vertex 10.4676 -0.82382 18
    endloop
  endfacet
  facet normal 0.970703 -0.0573577 -0.233335
    outer loop
      vertex 11.691 -0.459339 23
      vertex 11.6639 -0.917971 23
      vertex 10.4919 -0.412228 18
    endloop
  endfacet
  facet normal 0.970707 -0.0573096 -0.233331
    outer loop
      vertex 10.4919 -0.412228 18
      vertex 11.6639 -0.917971 23
      vertex 10.4676 -0.82382 18
    endloop
  endfacet
  facet normal 0.971501 -0.0573834 -0.229983
    outer loop
      vertex 12.99 -0.510377 28.5
      vertex 12.9599 -1.01997 28.5
      vertex 11.691 -0.459339 23
    endloop
  endfacet
  facet normal 0.9715 -0.0574047 -0.229985
    outer loop
      vertex 11.691 -0.459339 23
      vertex 12.9599 -1.01997 28.5
      vertex 11.6639 -0.917971 23
    endloop
  endfacet
  facet normal 0.950788 -0.0560655 0.304728
    outer loop
      vertex 12.99 -0.510377 28.5
      vertex 12.1906 -0.47897 31
      vertex 12.1624 -0.9572 31
    endloop
  endfacet
  facet normal 0.950788 -0.0561599 0.304711
    outer loop
      vertex 12.9599 -1.01997 28.5
      vertex 12.99 -0.510377 28.5
      vertex 12.1624 -0.9572 31
    endloop
  endfacet
  facet normal 0.790465 -0.0466349 0.61073
    outer loop
      vertex 12.1906 -0.47897 31
      vertex 9.49268 -0.372968 34.5
      vertex 9.47071 -0.745361 34.5
    endloop
  endfacet
  facet normal 0.790465 -0.0466117 0.610731
    outer loop
      vertex 12.1624 -0.9572 31
      vertex 12.1906 -0.47897 31
      vertex 9.47071 -0.745361 34.5
    endloop
  endfacet
  facet normal 0.798675 -0.047047 -0.59992
    outer loop
      vertex 10.9915 -0.431857 36.5
      vertex 10.9661 -0.86305 36.5
      vertex 9.49268 -0.372968 34.5
    endloop
  endfacet
  facet normal 0.798664 -0.0471186 -0.59993
    outer loop
      vertex 9.49268 -0.372968 34.5
      vertex 10.9661 -0.86305 36.5
      vertex 9.47071 -0.745361 34.5
    endloop
  endfacet
  facet normal 0.660541 -0.0390091 -0.749776
    outer loop
      vertex 12.6902 -0.498599 38
      vertex 12.6608 -0.996429 38
      vertex 10.9915 -0.431857 36.5
    endloop
  endfacet
  facet normal 0.660562 -0.0389113 -0.749763
    outer loop
      vertex 10.9915 -0.431857 36.5
      vertex 12.6608 -0.996429 38
      vertex 10.9661 -0.86305 36.5
    endloop
  endfacet
  facet normal 0.707372 -0 0.706841
    outer loop
      vertex 12.6902 -0.498603 45
      vertex 13.4896 -0.530007 44.2
      vertex 12.6902 -0.498599 45
    endloop
  endfacet
  facet normal 0.705945 -0.0415495 0.707047
    outer loop
      vertex 13.4896 -0.530007 44.2
      vertex 12.6902 -0.498603 45
      vertex 12.6609 -0.996424 45
    endloop
  endfacet
  facet normal 0.705964 -0.041622 0.707024
    outer loop
      vertex 12.6609 -0.996424 45
      vertex 13.4584 -1.0592 44.2
      vertex 13.4896 -0.530007 44.2
    endloop
  endfacet
  facet normal 0.708212 0 0.705999
    outer loop
      vertex 13.4584 -1.0592 44.2
      vertex 12.6609 -0.996424 45
      vertex 12.6609 -0.99643 45
    endloop
  endfacet
  facet normal 0.998266 -0.058856 0
    outer loop
      vertex 17.9445 -1.41226 1.5
      vertex 17.9861 -0.706676 0
      vertex 17.9861 -0.706676 1.5
    endloop
  endfacet
  facet normal 0.998266 -0.058856 0
    outer loop
      vertex 17.9861 -0.706676 0
      vertex 17.9445 -1.41226 1.5
      vertex 17.9445 -1.41226 0
    endloop
  endfacet
  facet normal 0.665819 -0.0655456 0.743228
    outer loop
      vertex 17.9445 -1.41226 1.5
      vertex 16.9476 -1.3338 2.39999
      vertex 16.8822 -1.99814 2.39999
    endloop
  endfacet
  facet normal 0.665834 -0.065598 0.743211
    outer loop
      vertex 17.8752 -2.11567 1.5
      vertex 17.9445 -1.41226 1.5
      vertex 16.8822 -1.99814 2.39999
    endloop
  endfacet
  facet normal 0.985726 -0.0970744 0.137553
    outer loop
      vertex 16.9476 -1.3338 2.39999
      vertex 16.4491 -1.29457 6
      vertex 16.3856 -1.93937 6
    endloop
  endfacet
  facet normal 0.985729 -0.0970386 0.13756
    outer loop
      vertex 16.8822 -1.99814 2.39999
      vertex 16.9476 -1.3338 2.39999
      vertex 16.3856 -1.93937 6
    endloop
  endfacet
  facet normal 0.828107 -0.0815244 0.55461
    outer loop
      vertex 16.4491 -1.29457 6
      vertex 15.6516 -1.23181 7.2
      vertex 15.5912 -1.84534 7.2
    endloop
  endfacet
  facet normal 0.828111 -0.0815525 0.5546
    outer loop
      vertex 16.3856 -1.93937 6
      vertex 16.4491 -1.29457 6
      vertex 15.5912 -1.84534 7.2
    endloop
  endfacet
  facet normal 0.851845 -0.083788 0.517049
    outer loop
      vertex 15.6516 -1.23181 7.2
      vertex 12.7605 -1.00428 12
      vertex 12.7113 -1.50448 12
    endloop
  endfacet
  facet normal 0.851842 -0.083861 0.517042
    outer loop
      vertex 15.5912 -1.84534 7.2
      vertex 15.6516 -1.23181 7.2
      vertex 12.7113 -1.50448 12
    endloop
  endfacet
  facet normal 0.929276 -0.0914963 0.357875
    outer loop
      vertex 12.7605 -1.00428 12
      vertex 10.4676 -0.82382 18
      vertex 10.4272 -1.23414 18
    endloop
  endfacet
  facet normal 0.929283 -0.0914049 0.357881
    outer loop
      vertex 12.7113 -1.50448 12
      vertex 12.7605 -1.00428 12
      vertex 10.4272 -1.23414 18
    endloop
  endfacet
  facet normal 0.967722 -0.0952442 -0.233331
    outer loop
      vertex 11.6639 -0.917971 23
      vertex 11.6189 -1.37519 23
      vertex 10.4676 -0.82382 18
    endloop
  endfacet
  facet normal 0.967717 -0.0952812 -0.233334
    outer loop
      vertex 10.4676 -0.82382 18
      vertex 11.6189 -1.37519 23
      vertex 10.4272 -1.23414 18
    endloop
  endfacet
  facet normal 0.968515 -0.0953225 -0.229985
    outer loop
      vertex 12.9599 -1.01997 28.5
      vertex 12.9099 -1.52799 28.5
      vertex 11.6639 -0.917971 23
    endloop
  endfacet
  facet normal 0.968515 -0.0953223 -0.229985
    outer loop
      vertex 11.6639 -0.917971 23
      vertex 12.9099 -1.52799 28.5
      vertex 11.6189 -1.37519 23
    endloop
  endfacet
  facet normal 0.94785 -0.0934411 0.30471
    outer loop
      vertex 12.9599 -1.01997 28.5
      vertex 12.1624 -0.9572 31
      vertex 12.1154 -1.43396 31
    endloop
  endfacet
  facet normal 0.947857 -0.0932893 0.304738
    outer loop
      vertex 12.9099 -1.52799 28.5
      vertex 12.9599 -1.01997 28.5
      vertex 12.1154 -1.43396 31
    endloop
  endfacet
  facet normal 0.788026 -0.0776056 0.610732
    outer loop
      vertex 12.1624 -0.9572 31
      vertex 9.47071 -0.745361 34.5
      vertex 9.43415 -1.1166 34.5
    endloop
  endfacet
  facet normal 0.788022 -0.0776849 0.610726
    outer loop
      vertex 12.1154 -1.43396 31
      vertex 12.1624 -0.9572 31
      vertex 9.43415 -1.1166 34.5
    endloop
  endfacet
  facet normal 0.796207 -0.07835 -0.59993
    outer loop
      vertex 10.9661 -0.86305 36.5
      vertex 10.9238 -1.29291 36.5
      vertex 9.47071 -0.745361 34.5
    endloop
  endfacet
  facet normal 0.796195 -0.0784101 -0.599938
    outer loop
      vertex 9.47071 -0.745361 34.5
      vertex 10.9238 -1.29291 36.5
      vertex 9.43415 -1.1166 34.5
    endloop
  endfacet
  facet normal 0.658529 -0.0647528 -0.749764
    outer loop
      vertex 12.6608 -0.996429 38
      vertex 12.612 -1.49272 38
      vertex 10.9661 -0.86305 36.5
    endloop
  endfacet
  facet normal 0.658517 -0.0648008 -0.749771
    outer loop
      vertex 10.9661 -0.86305 36.5
      vertex 12.612 -1.49272 38
      vertex 10.9238 -1.29291 36.5
    endloop
  endfacet
  facet normal 0.708212 -0 0.705999
    outer loop
      vertex 12.6609 -0.996431 45
      vertex 13.4584 -1.0592 44.2
      vertex 12.6609 -0.99643 45
    endloop
  endfacet
  facet normal 0.703782 -0.0693446 0.707024
    outer loop
      vertex 13.4584 -1.0592 44.2
      vertex 12.6609 -0.996431 45
      vertex 12.612 -1.49272 45
    endloop
  endfacet
  facet normal 0.703788 -0.0693716 0.707015
    outer loop
      vertex 12.612 -1.49272 45
      vertex 13.4064 -1.58675 44.2
      vertex 13.4584 -1.0592 44.2
    endloop
  endfacet
  facet normal 0.709586 -0 0.704619
    outer loop
      vertex 12.612 -1.49273 45
      vertex 13.4064 -1.58675 44.2
      vertex 12.612 -1.49272 45
    endloop
  endfacet
  facet normal 0.995182 -0.0980454 0
    outer loop
      vertex 17.8752 -2.11567 1.5
      vertex 17.9445 -1.41226 0
      vertex 17.9445 -1.41226 1.5
    endloop
  endfacet
  facet normal 0.995182 -0.0980454 0
    outer loop
      vertex 17.9445 -1.41226 0
      vertex 17.8752 -2.11567 1.5
      vertex 17.8752 -2.11567 0
    endloop
  endfacet
  facet normal 0.662743 -0.0917066 0.74321
    outer loop
      vertex 17.8752 -2.11567 1.5
      vertex 16.8822 -1.99814 2.39999
      vertex 16.7907 -2.65939 2.39999
    endloop
  endfacet
  facet normal 0.662724 -0.0916257 0.743237
    outer loop
      vertex 17.7784 -2.81582 1.5
      vertex 17.8752 -2.11567 1.5
      vertex 16.7907 -2.65939 2.39999
    endloop
  endfacet
  facet normal 0.981167 -0.135602 0.13756
    outer loop
      vertex 16.8822 -1.99814 2.39999
      vertex 16.3856 -1.93937 6
      vertex 16.2969 -2.58117 6
    endloop
  endfacet
  facet normal 0.981149 -0.135766 0.13753
    outer loop
      vertex 16.7907 -2.65939 2.39999
      vertex 16.8822 -1.99814 2.39999
      vertex 16.2969 -2.58117 6
    endloop
  endfacet
  facet normal 0.824264 -0.114054 0.5546
    outer loop
      vertex 16.3856 -1.93937 6
      vertex 15.5912 -1.84534 7.2
      vertex 15.5067 -2.45602 7.2
    endloop
  endfacet
  facet normal 0.82425 -0.113915 0.554649
    outer loop
      vertex 16.2969 -2.58117 6
      vertex 16.3856 -1.93937 6
      vertex 15.5067 -2.45602 7.2
    endloop
  endfacet
  facet normal 0.84788 -0.117335 0.517042
    outer loop
      vertex 15.5912 -1.84534 7.2
      vertex 12.7113 -1.50448 12
      vertex 12.6424 -2.00236 12
    endloop
  endfacet
  facet normal 0.847881 -0.117322 0.517043
    outer loop
      vertex 15.5067 -2.45602 7.2
      vertex 15.5912 -1.84534 7.2
      vertex 12.6424 -2.00236 12
    endloop
  endfacet
  facet normal 0.924958 -0.127957 0.357882
    outer loop
      vertex 12.7113 -1.50448 12
      vertex 10.4272 -1.23414 18
      vertex 10.3707 -1.64256 18
    endloop
  endfacet
  facet normal 0.924953 -0.128001 0.357879
    outer loop
      vertex 12.6424 -2.00236 12
      vertex 12.7113 -1.50448 12
      vertex 10.3707 -1.64256 18
    endloop
  endfacet
  facet normal 0.96324 -0.133134 -0.233334
    outer loop
      vertex 11.6189 -1.37519 23
      vertex 11.556 -1.83028 23
      vertex 10.4272 -1.23414 18
    endloop
  endfacet
  facet normal 0.963221 -0.13325 -0.233344
    outer loop
      vertex 10.4272 -1.23414 18
      vertex 11.556 -1.83028 23
      vertex 10.3707 -1.64256 18
    endloop
  endfacet
  facet normal 0.964001 -0.13345 -0.229985
    outer loop
      vertex 12.9099 -1.52799 28.5
      vertex 12.8399 -2.03365 28.5
      vertex 11.6189 -1.37519 23
    endloop
  endfacet
  facet normal 0.964034 -0.133243 -0.229967
    outer loop
      vertex 11.6189 -1.37519 23
      vertex 12.8399 -2.03365 28.5
      vertex 11.556 -1.83028 23
    endloop
  endfacet
  facet normal 0.943464 -0.130424 0.304738
    outer loop
      vertex 12.9099 -1.52799 28.5
      vertex 12.1154 -1.43396 31
      vertex 12.0498 -1.9085 31
    endloop
  endfacet
  facet normal 0.943449 -0.130604 0.304706
    outer loop
      vertex 12.8399 -2.03365 28.5
      vertex 12.9099 -1.52799 28.5
      vertex 12.0498 -1.9085 31
    endloop
  endfacet
  facet normal 0.784376 -0.108488 0.610725
    outer loop
      vertex 12.1154 -1.43396 31
      vertex 9.43415 -1.1166 34.5
      vertex 9.38304 -1.48613 34.5
    endloop
  endfacet
  facet normal 0.78438 -0.108432 0.610729
    outer loop
      vertex 12.0498 -1.9085 31
      vertex 12.1154 -1.43396 31
      vertex 9.38304 -1.48613 34.5
    endloop
  endfacet
  facet normal 0.792497 -0.10965 -0.599938
    outer loop
      vertex 10.9238 -1.29291 36.5
      vertex 10.8646 -1.72078 36.5
      vertex 9.43415 -1.1166 34.5
    endloop
  endfacet
  facet normal 0.792506 -0.109612 -0.599933
    outer loop
      vertex 9.43415 -1.1166 34.5
      vertex 10.8646 -1.72078 36.5
      vertex 9.38304 -1.48613 34.5
    endloop
  endfacet
  facet normal 0.655445 -0.0907539 -0.74977
    outer loop
      vertex 12.612 -1.49272 38
      vertex 12.5436 -1.98672 38
      vertex 10.9238 -1.29291 36.5
    endloop
  endfacet
  facet normal 0.655464 -0.0906899 -0.749761
    outer loop
      vertex 10.9238 -1.29291 36.5
      vertex 12.5436 -1.98672 38
      vertex 10.8646 -1.72078 36.5
    endloop
  endfacet
  facet normal 0.700517 -0.0969986 0.707013
    outer loop
      vertex 13.4064 -1.58675 44.2
      vertex 12.612 -1.49273 45
      vertex 12.5436 -1.98671 45
    endloop
  endfacet
  facet normal 0.70049 -0.0968456 0.707061
    outer loop
      vertex 12.5436 -1.98671 45
      vertex 13.3338 -2.11187 44.2
      vertex 13.4064 -1.58675 44.2
    endloop
  endfacet
  facet normal 0.711451 0 0.702736
    outer loop
      vertex 12.5436 -1.98671 45
      vertex 12.5436 -1.98672 45
      vertex 13.3338 -2.11187 44.2
    endloop
  endfacet
  facet normal 0.990577 -0.136953 0
    outer loop
      vertex 17.7784 -2.81582 1.5
      vertex 17.8752 -2.11567 0
      vertex 17.8752 -2.11567 1.5
    endloop
  endfacet
  facet normal 0.990577 -0.136953 0
    outer loop
      vertex 17.8752 -2.11567 0
      vertex 17.7784 -2.81582 1.5
      vertex 17.7784 -2.81582 0
    endloop
  endfacet
  facet normal 0.658601 -0.117661 0.743237
    outer loop
      vertex 17.7784 -2.81582 1.5
      vertex 16.7907 -2.65939 2.39999
      vertex 16.6733 -3.31653 2.39999
    endloop
  endfacet
  facet normal 0.658599 -0.117653 0.74324
    outer loop
      vertex 17.6541 -3.51163 1.5
      vertex 17.7784 -2.81582 1.5
      vertex 16.6733 -3.31653 2.39999
    endloop
  endfacet
  facet normal 0.975072 -0.174125 0.13753
    outer loop
      vertex 16.7907 -2.65939 2.39999
      vertex 16.2969 -2.58117 6
      vertex 16.183 -3.21899 6
    endloop
  endfacet
  facet normal 0.975061 -0.174198 0.137517
    outer loop
      vertex 16.6733 -3.31653 2.39999
      vertex 16.7907 -2.65939 2.39999
      vertex 16.183 -3.21899 6
    endloop
  endfacet
  facet normal 0.819121 -0.146305 0.554649
    outer loop
      vertex 16.2969 -2.58117 6
      vertex 15.5067 -2.45602 7.2
      vertex 15.3983 -3.06292 7.2
    endloop
  endfacet
  facet normal 0.819119 -0.146276 0.55466
    outer loop
      vertex 16.183 -3.21899 6
      vertex 16.2969 -2.58117 6
      vertex 15.3983 -3.06292 7.2
    endloop
  endfacet
  facet normal 0.842617 -0.150543 0.517042
    outer loop
      vertex 15.5067 -2.45602 7.2
      vertex 12.6424 -2.00236 12
      vertex 12.554 -2.49715 12
    endloop
  endfacet
  facet normal 0.842622 -0.150503 0.517046
    outer loop
      vertex 15.3983 -3.06292 7.2
      vertex 15.5067 -2.45602 7.2
      vertex 12.554 -2.49715 12
    endloop
  endfacet
  facet normal 0.91922 -0.164191 0.357878
    outer loop
      vertex 12.6424 -2.00236 12
      vertex 10.3707 -1.64256 18
      vertex 10.2982 -2.04845 18
    endloop
  endfacet
  facet normal 0.919214 -0.164228 0.357875
    outer loop
      vertex 12.554 -2.49715 12
      vertex 12.6424 -2.00236 12
      vertex 10.2982 -2.04845 18
    endloop
  endfacet
  facet normal 0.957239 -0.171011 -0.233343
    outer loop
      vertex 11.556 -1.83028 23
      vertex 11.4752 -2.28256 23
      vertex 10.3707 -1.64256 18
    endloop
  endfacet
  facet normal 0.957244 -0.170983 -0.233341
    outer loop
      vertex 10.3707 -1.64256 18
      vertex 11.4752 -2.28256 23
      vertex 10.2982 -2.04845 18
    endloop
  endfacet
  facet normal 0.958055 -0.171013 -0.229968
    outer loop
      vertex 12.8399 -2.03365 28.5
      vertex 12.7502 -2.53617 28.5
      vertex 11.556 -1.83028 23
    endloop
  endfacet
  facet normal 0.958027 -0.171152 -0.22998
    outer loop
      vertex 11.556 -1.83028 23
      vertex 12.7502 -2.53617 28.5
      vertex 11.4752 -2.28256 23
    endloop
  endfacet
  facet normal 0.93762 -0.167404 0.304706
    outer loop
      vertex 12.8399 -2.03365 28.5
      vertex 12.0498 -1.9085 31
      vertex 11.9656 -2.3801 31
    endloop
  endfacet
  facet normal 0.937624 -0.167366 0.304712
    outer loop
      vertex 12.7502 -2.53617 28.5
      vertex 12.8399 -2.03365 28.5
      vertex 11.9656 -2.3801 31
    endloop
  endfacet
  facet normal 0.779507 -0.139205 0.61073
    outer loop
      vertex 12.0498 -1.9085 31
      vertex 9.38304 -1.48613 34.5
      vertex 9.31746 -1.85336 34.5
    endloop
  endfacet
  facet normal 0.779511 -0.139175 0.610732
    outer loop
      vertex 11.9656 -2.3801 31
      vertex 12.0498 -1.9085 31
      vertex 9.31746 -1.85336 34.5
    endloop
  endfacet
  facet normal 0.78757 -0.140767 -0.599932
    outer loop
      vertex 10.8646 -1.72078 36.5
      vertex 10.7886 -2.14599 36.5
      vertex 9.38304 -1.48613 34.5
    endloop
  endfacet
  facet normal 0.787603 -0.14065 -0.599916
    outer loop
      vertex 9.38304 -1.48613 34.5
      vertex 10.7886 -2.14599 36.5
      vertex 9.31746 -1.85336 34.5
    endloop
  endfacet
  facet normal 0.651418 -0.116237 -0.749762
    outer loop
      vertex 12.5436 -1.98672 38
      vertex 12.456 -2.47765 38
      vertex 10.8646 -1.72078 36.5
    endloop
  endfacet
  facet normal 0.651356 -0.11642 -0.749788
    outer loop
      vertex 10.8646 -1.72078 36.5
      vertex 12.456 -2.47765 38
      vertex 10.7886 -2.14599 36.5
    endloop
  endfacet
  facet normal 0.696156 -0.124222 0.707061
    outer loop
      vertex 13.3338 -2.11187 44.2
      vertex 12.5436 -1.98672 45
      vertex 12.456 -2.47764 45
    endloop
  endfacet
  facet normal 0.696171 -0.124333 0.707027
    outer loop
      vertex 12.456 -2.47764 45
      vertex 13.2406 -2.63372 44.2
      vertex 13.3338 -2.11187 44.2
    endloop
  endfacet
  facet normal 0.713945 0 0.700202
    outer loop
      vertex 13.2406 -2.63372 44.2
      vertex 12.456 -2.47764 45
      vertex 12.456 -2.47765 45
    endloop
  endfacet
  facet normal 0.984416 -0.175857 0
    outer loop
      vertex 17.6541 -3.51163 1.5
      vertex 17.7784 -2.81582 0
      vertex 17.7784 -2.81582 1.5
    endloop
  endfacet
  facet normal 0.984416 -0.175857 0
    outer loop
      vertex 17.7784 -2.81582 0
      vertex 17.6541 -3.51163 1.5
      vertex 17.6541 -3.51163 0
    endloop
  endfacet
  facet normal 0.653494 -0.143319 0.74324
    outer loop
      vertex 17.6541 -3.51163 1.5
      vertex 16.6733 -3.31653 2.39999
      vertex 16.5303 -3.96857 2.39999
    endloop
  endfacet
  facet normal 0.653492 -0.143308 0.743243
    outer loop
      vertex 17.5027 -4.20202 1.5
      vertex 17.6541 -3.51163 1.5
      vertex 16.5303 -3.96857 2.39999
    endloop
  endfacet
  facet normal 0.967471 -0.21234 0.137517
    outer loop
      vertex 16.6733 -3.31653 2.39999
      vertex 16.183 -3.21899 6
      vertex 16.0441 -3.85185 6
    endloop
  endfacet
  facet normal 0.967501 -0.212184 0.137546
    outer loop
      vertex 16.5303 -3.96857 2.39999
      vertex 16.6733 -3.31653 2.39999
      vertex 16.0441 -3.85185 6
    endloop
  endfacet
  facet normal 0.81275 -0.178296 0.55466
    outer loop
      vertex 16.183 -3.21899 6
      vertex 15.3983 -3.06292 7.2
      vertex 15.2662 -3.66509 7.2
    endloop
  endfacet
  facet normal 0.812752 -0.178383 0.554629
    outer loop
      vertex 16.0441 -3.85185 6
      vertex 16.183 -3.21899 6
      vertex 15.2662 -3.66509 7.2
    endloop
  endfacet
  facet normal 0.836077 -0.183411 0.517046
    outer loop
      vertex 15.3983 -3.06292 7.2
      vertex 12.554 -2.49715 12
      vertex 12.4463 -2.9881 12
    endloop
  endfacet
  facet normal 0.836076 -0.183413 0.517046
    outer loop
      vertex 15.2662 -3.66509 7.2
      vertex 15.3983 -3.06292 7.2
      vertex 12.4463 -2.9881 12
    endloop
  endfacet
  facet normal 0.912103 -0.199982 0.357876
    outer loop
      vertex 12.554 -2.49715 12
      vertex 10.2982 -2.04845 18
      vertex 10.2099 -2.45118 18
    endloop
  endfacet
  facet normal 0.912083 -0.200084 0.357869
    outer loop
      vertex 12.4463 -2.9881 12
      vertex 12.554 -2.49715 12
      vertex 10.2099 -2.45118 18
    endloop
  endfacet
  facet normal 0.949784 -0.208476 -0.23334
    outer loop
      vertex 11.4752 -2.28256 23
      vertex 11.3767 -2.73131 23
      vertex 10.2982 -2.04845 18
    endloop
  endfacet
  facet normal 0.949837 -0.208255 -0.233322
    outer loop
      vertex 10.2982 -2.04845 18
      vertex 11.3767 -2.73131 23
      vertex 10.2099 -2.45118 18
    endloop
  endfacet
  facet normal 0.950584 -0.208563 -0.22998
    outer loop
      vertex 12.7502 -2.53617 28.5
      vertex 12.6408 -3.03479 28.5
      vertex 11.4752 -2.28256 23
    endloop
  endfacet
  facet normal 0.950564 -0.208648 -0.229987
    outer loop
      vertex 11.4752 -2.28256 23
      vertex 12.6408 -3.03479 28.5
      vertex 11.3767 -2.73131 23
    endloop
  endfacet
  facet normal 0.930302 -0.20418 0.304712
    outer loop
      vertex 12.7502 -2.53617 28.5
      vertex 11.9656 -2.3801 31
      vertex 11.8629 -2.84803 31
    endloop
  endfacet
  facet normal 0.930312 -0.204116 0.304724
    outer loop
      vertex 12.6408 -3.03479 28.5
      vertex 12.7502 -2.53617 28.5
      vertex 11.8629 -2.84803 31
    endloop
  endfacet
  facet normal 0.773438 -0.169708 0.610732
    outer loop
      vertex 11.9656 -2.3801 31
      vertex 9.31746 -1.85336 34.5
      vertex 9.23751 -2.21773 34.5
    endloop
  endfacet
  facet normal 0.773431 -0.16975 0.610729
    outer loop
      vertex 11.8629 -2.84803 31
      vertex 11.9656 -2.3801 31
      vertex 9.23751 -2.21773 34.5
    endloop
  endfacet
  facet normal 0.7815 -0.171337 -0.599917
    outer loop
      vertex 10.7886 -2.14599 36.5
      vertex 10.6961 -2.5679 36.5
      vertex 9.31746 -1.85336 34.5
    endloop
  endfacet
  facet normal 0.781458 -0.171467 -0.599935
    outer loop
      vertex 9.31746 -1.85336 34.5
      vertex 10.6961 -2.5679 36.5
      vertex 9.23751 -2.21773 34.5
    endloop
  endfacet
  facet normal 0.646299 -0.141835 -0.749787
    outer loop
      vertex 12.456 -2.47765 38
      vertex 12.3491 -2.96476 38
      vertex 10.7886 -2.14599 36.5
    endloop
  endfacet
  facet normal 0.646349 -0.141706 -0.749768
    outer loop
      vertex 10.7886 -2.14599 36.5
      vertex 12.3491 -2.96476 38
      vertex 10.6961 -2.5679 36.5
    endloop
  endfacet
  facet normal 0.690749 -0.151593 0.707026
    outer loop
      vertex 13.2406 -2.63372 44.2
      vertex 12.456 -2.47765 45
      vertex 12.3491 -2.96475 45
    endloop
  endfacet
  facet normal 0.690744 -0.151545 0.707041
    outer loop
      vertex 12.3491 -2.96475 45
      vertex 13.127 -3.15151 44.2
      vertex 13.2406 -2.63372 44.2
    endloop
  endfacet
  facet normal 0.71694 0 0.697135
    outer loop
      vertex 13.127 -3.15151 44.2
      vertex 12.3491 -2.96475 45
      vertex 12.3491 -2.96476 45
    endloop
  endfacet
  facet normal 0.976788 -0.214206 0
    outer loop
      vertex 17.5027 -4.20202 1.5
      vertex 17.6541 -3.51163 0
      vertex 17.6541 -3.51163 1.5
    endloop
  endfacet
  facet normal 0.976788 -0.214206 0
    outer loop
      vertex 17.6541 -3.51163 0
      vertex 17.5027 -4.20202 1.5
      vertex 17.5027 -4.20202 0
    endloop
  endfacet
  facet normal 0.647332 -0.168969 0.743243
    outer loop
      vertex 17.5027 -4.20202 1.5
      vertex 16.5303 -3.96857 2.39999
      vertex 16.3617 -4.61449 2.39999
    endloop
  endfacet
  facet normal 0.64733 -0.168953 0.743248
    outer loop
      vertex 17.3242 -4.88593 1.5
      vertex 17.5027 -4.20202 1.5
      vertex 16.3617 -4.61449 2.39999
    endloop
  endfacet
  facet normal 0.9584 -0.250102 0.137546
    outer loop
      vertex 16.5303 -3.96857 2.39999
      vertex 16.0441 -3.85185 6
      vertex 15.8805 -4.47877 6
    endloop
  endfacet
  facet normal 0.958386 -0.250161 0.137535
    outer loop
      vertex 16.3617 -4.61449 2.39999
      vertex 16.5303 -3.96857 2.39999
      vertex 15.8805 -4.47877 6
    endloop
  endfacet
  facet normal 0.805124 -0.210149 0.554628
    outer loop
      vertex 16.0441 -3.85185 6
      vertex 15.2662 -3.66509 7.2
      vertex 15.1105 -4.26161 7.2
    endloop
  endfacet
  facet normal 0.805125 -0.210104 0.554644
    outer loop
      vertex 15.8805 -4.47877 6
      vertex 16.0441 -3.85185 6
      vertex 15.1105 -4.26161 7.2
    endloop
  endfacet
  facet normal 0.828226 -0.216112 0.517046
    outer loop
      vertex 15.2662 -3.66509 7.2
      vertex 12.4463 -2.9881 12
      vertex 12.3194 -3.47443 12
    endloop
  endfacet
  facet normal 0.828213 -0.216175 0.517041
    outer loop
      vertex 15.1105 -4.26161 7.2
      vertex 15.2662 -3.66509 7.2
      vertex 12.3194 -3.47443 12
    endloop
  endfacet
  facet normal 0.903518 -0.235765 0.357869
    outer loop
      vertex 12.4463 -2.9881 12
      vertex 10.2099 -2.45118 18
      vertex 10.1058 -2.85012 18
    endloop
  endfacet
  facet normal 0.903519 -0.235759 0.35787
    outer loop
      vertex 12.3194 -3.47443 12
      vertex 12.4463 -2.9881 12
      vertex 10.1058 -2.85012 18
    endloop
  endfacet
  facet normal 0.940893 -0.24552 -0.233322
    outer loop
      vertex 11.3767 -2.73131 23
      vertex 11.2607 -3.17585 23
      vertex 10.2099 -2.45118 18
    endloop
  endfacet
  facet normal 0.940894 -0.245518 -0.233322
    outer loop
      vertex 10.2099 -2.45118 18
      vertex 11.2607 -3.17585 23
      vertex 10.1058 -2.85012 18
    endloop
  endfacet
  facet normal 0.941658 -0.245738 -0.229987
    outer loop
      vertex 12.6408 -3.03479 28.5
      vertex 12.5119 -3.52873 28.5
      vertex 11.3767 -2.73131 23
    endloop
  endfacet
  facet normal 0.941662 -0.245721 -0.229985
    outer loop
      vertex 11.3767 -2.73131 23
      vertex 12.5119 -3.52873 28.5
      vertex 11.2607 -3.17585 23
    endloop
  endfacet
  facet normal 0.921609 -0.240373 0.304725
    outer loop
      vertex 12.6408 -3.03479 28.5
      vertex 11.8629 -2.84803 31
      vertex 11.742 -3.31157 31
    endloop
  endfacet
  facet normal 0.921584 -0.240499 0.304702
    outer loop
      vertex 12.5119 -3.52873 28.5
      vertex 12.6408 -3.03479 28.5
      vertex 11.742 -3.31157 31
    endloop
  endfacet
  facet normal 0.766183 -0.199936 0.610728
    outer loop
      vertex 11.8629 -2.84803 31
      vertex 9.23751 -2.21773 34.5
      vertex 9.14332 -2.57868 34.5
    endloop
  endfacet
  facet normal 0.766202 -0.19984 0.610736
    outer loop
      vertex 11.742 -3.31157 31
      vertex 11.8629 -2.84803 31
      vertex 9.14332 -2.57868 34.5
    endloop
  endfacet
  facet normal 0.774109 -0.202075 -0.599934
    outer loop
      vertex 10.6961 -2.5679 36.5
      vertex 10.587 -2.98584 36.5
      vertex 9.23751 -2.21773 34.5
    endloop
  endfacet
  facet normal 0.774133 -0.20201 -0.599925
    outer loop
      vertex 9.23751 -2.21773 34.5
      vertex 10.587 -2.98584 36.5
      vertex 9.14332 -2.57868 34.5
    endloop
  endfacet
  facet normal 0.640264 -0.167055 -0.74977
    outer loop
      vertex 12.3491 -2.96476 38
      vertex 12.2232 -3.44729 38
      vertex 10.6961 -2.5679 36.5
    endloop
  endfacet
  facet normal 0.640233 -0.167128 -0.74978
    outer loop
      vertex 10.6961 -2.5679 36.5
      vertex 12.2232 -3.44729 38
      vertex 10.587 -2.98584 36.5
    endloop
  endfacet
  facet normal 0.684266 -0.178536 0.70704
    outer loop
      vertex 13.127 -3.15151 44.2
      vertex 12.3491 -2.96476 45
      vertex 12.2232 -3.44729 45
    endloop
  endfacet
  facet normal 0.684252 -0.17848 0.707068
    outer loop
      vertex 13.127 -3.15151 44.2
      vertex 12.4101 -3.5 44.8058
      vertex 13.0361 -3.5 44.2
    endloop
  endfacet
  facet normal 0.684269 -0.178595 0.707022
    outer loop
      vertex 12.2232 -3.44729 45
      vertex 12.4101 -3.5 44.8058
      vertex 13.127 -3.15151 44.2
    endloop
  endfacet
  facet normal 0.967587 -0.252539 0
    outer loop
      vertex 17.3242 -4.88593 1.5
      vertex 17.5027 -4.20202 0
      vertex 17.5027 -4.20202 1.5
    endloop
  endfacet
  facet normal 0.967587 -0.252539 0
    outer loop
      vertex 17.5027 -4.20202 0
      vertex 17.3242 -4.88593 1.5
      vertex 17.3242 -4.88593 0
    endloop
  endfacet
  facet normal 0.640229 -0.194133 0.743249
    outer loop
      vertex 17.3242 -4.88593 1.5
      vertex 16.3617 -4.61449 2.39999
      vertex 16.168 -5.25329 2.39999
    endloop
  endfacet
  facet normal 0.640236 -0.194235 0.743216
    outer loop
      vertex 17.119 -5.56231 1.5
      vertex 17.3242 -4.88593 1.5
      vertex 16.168 -5.25329 2.39999
    endloop
  endfacet
  facet normal 0.947837 -0.287557 0.137535
    outer loop
      vertex 16.3617 -4.61449 2.39999
      vertex 15.8805 -4.47877 6
      vertex 15.6924 -5.09878 6
    endloop
  endfacet
  facet normal 0.947875 -0.287419 0.13756
    outer loop
      vertex 16.168 -5.25329 2.39999
      vertex 16.3617 -4.61449 2.39999
      vertex 15.6924 -5.09878 6
    endloop
  endfacet
  facet normal 0.796281 -0.241465 0.554644
    outer loop
      vertex 15.8805 -4.47877 6
      vertex 15.1105 -4.26161 7.2
      vertex 14.9316 -4.85157 7.2
    endloop
  endfacet
  facet normal 0.796275 -0.241576 0.554605
    outer loop
      vertex 15.6924 -5.09878 6
      vertex 15.8805 -4.47877 6
      vertex 14.9316 -4.85157 7.2
    endloop
  endfacet
  facet normal 0.819105 -0.248467 0.51704
    outer loop
      vertex 15.1105 -4.26161 7.2
      vertex 12.3194 -3.47443 12
      vertex 12.1735 -3.95541 12
    endloop
  endfacet
  facet normal 0.819124 -0.248392 0.517047
    outer loop
      vertex 14.9316 -4.85157 7.2
      vertex 15.1105 -4.26161 7.2
      vertex 12.1735 -3.95541 12
    endloop
  endfacet
  facet normal 0.89355 -0.271104 0.357869
    outer loop
      vertex 12.3194 -3.47443 12
      vertex 10.1058 -2.85012 18
      vertex 9.98609 -3.24468 18
    endloop
  endfacet
  facet normal 0.893564 -0.271053 0.357873
    outer loop
      vertex 12.1735 -3.95541 12
      vertex 12.3194 -3.47443 12
      vertex 9.98609 -3.24468 18
    endloop
  endfacet
  facet normal 0.930567 -0.282144 -0.233323
    outer loop
      vertex 11.2607 -3.17585 23
      vertex 11.1274 -3.6155 23
      vertex 10.1058 -2.85012 18
    endloop
  endfacet
  facet normal 0.930511 -0.282318 -0.233338
    outer loop
      vertex 10.1058 -2.85012 18
      vertex 11.1274 -3.6155 23
      vertex 9.98609 -3.24468 18
    endloop
  endfacet
  facet normal 0.931279 -0.282535 -0.229985
    outer loop
      vertex 12.5119 -3.52873 28.5
      vertex 12.3637 -4.01722 28.5
      vertex 11.2607 -3.17585 23
    endloop
  endfacet
  facet normal 0.931331 -0.282376 -0.229971
    outer loop
      vertex 11.2607 -3.17585 23
      vertex 12.3637 -4.01722 28.5
      vertex 11.1274 -3.6155 23
    endloop
  endfacet
  facet normal 0.911417 -0.276542 0.304702
    outer loop
      vertex 12.5119 -3.52873 28.5
      vertex 11.742 -3.31157 31
      vertex 11.6029 -3.77001 31
    endloop
  endfacet
  facet normal 0.911425 -0.276512 0.304707
    outer loop
      vertex 12.3637 -4.01722 28.5
      vertex 12.5119 -3.52873 28.5
      vertex 11.6029 -3.77001 31
    endloop
  endfacet
  facet normal 0.757743 -0.22984 0.610737
    outer loop
      vertex 11.742 -3.31157 31
      vertex 9.14332 -2.57868 34.5
      vertex 9.03504 -2.93566 34.5
    endloop
  endfacet
  facet normal 0.757726 -0.229909 0.610731
    outer loop
      vertex 11.6029 -3.77001 31
      vertex 11.742 -3.31157 31
      vertex 9.03504 -2.93566 34.5
    endloop
  endfacet
  facet normal 0.7656 -0.232264 -0.599925
    outer loop
      vertex 10.587 -2.98584 36.5
      vertex 10.4616 -3.39919 36.5
      vertex 9.14332 -2.57868 34.5
    endloop
  endfacet
  facet normal 0.765615 -0.232228 -0.59992
    outer loop
      vertex 9.14332 -2.57868 34.5
      vertex 10.4616 -3.39919 36.5
      vertex 9.03504 -2.93566 34.5
    endloop
  endfacet
  facet normal 0.633183 -0.192123 -0.749779
    outer loop
      vertex 12.2232 -3.44729 38
      vertex 12.0784 -3.92451 38
      vertex 10.587 -2.98584 36.5
    endloop
  endfacet
  facet normal 0.633196 -0.192096 -0.749775
    outer loop
      vertex 10.587 -2.98584 36.5
      vertex 12.0784 -3.92451 38
      vertex 10.4616 -3.39919 36.5
    endloop
  endfacet
  facet normal 0.720519 -0 0.693435
    outer loop
      vertex 12.2232 -3.4473 45
      vertex 12.4101 -3.5 44.8058
      vertex 12.2232 -3.44729 45
    endloop
  endfacet
  facet normal 0.676699 -0.205449 0.707014
    outer loop
      vertex 12.4101 -3.5 44.8058
      vertex 12.2232 -3.4473 45
      vertex 12.2072 -3.5 45
    endloop
  endfacet
  facet normal 0.956932 -0.290314 0
    outer loop
      vertex 17.119 -5.56231 1.5
      vertex 17.3242 -4.88593 0
      vertex 17.3242 -4.88593 1.5
    endloop
  endfacet
  facet normal 0.956932 -0.290314 0
    outer loop
      vertex 17.3242 -4.88593 0
      vertex 17.119 -5.56231 1.5
      vertex 17.119 -5.56231 0
    endloop
  endfacet
  facet normal 0.632126 -0.219194 0.743216
    outer loop
      vertex 17.119 -5.56231 1.5
      vertex 16.168 -5.25329 2.39999
      vertex 15.9493 -5.88399 2.39999
    endloop
  endfacet
  facet normal 0.632127 -0.219228 0.743206
    outer loop
      vertex 16.8874 -6.23011 1.5
      vertex 17.119 -5.56231 1.5
      vertex 15.9493 -5.88399 2.39999
    endloop
  endfacet
  facet normal 0.93586 -0.324413 0.137561
    outer loop
      vertex 16.168 -5.25329 2.39999
      vertex 15.6924 -5.09878 6
      vertex 15.4802 -5.71093 6
    endloop
  endfacet
  facet normal 0.93583 -0.324506 0.137543
    outer loop
      vertex 15.9493 -5.88399 2.39999
      vertex 16.168 -5.25329 2.39999
      vertex 15.4802 -5.71093 6
    endloop
  endfacet
  facet normal 0.786179 -0.272646 0.554605
    outer loop
      vertex 15.6924 -5.09878 6
      vertex 14.9316 -4.85157 7.2
      vertex 14.7296 -5.43404 7.2
    endloop
  endfacet
  facet normal 0.78619 -0.27253 0.554646
    outer loop
      vertex 15.4802 -5.71093 6
      vertex 15.6924 -5.09878 6
      vertex 14.7296 -5.43404 7.2
    endloop
  endfacet
  facet normal 0.8087 -0.280477 0.517047
    outer loop
      vertex 14.9316 -4.85157 7.2
      vertex 12.1735 -3.95541 12
      vertex 12.0088 -4.43029 12
    endloop
  endfacet
  facet normal 0.808705 -0.280458 0.517049
    outer loop
      vertex 14.7296 -5.43404 7.2
      vertex 14.9316 -4.85157 7.2
      vertex 12.0088 -4.43029 12
    endloop
  endfacet
  facet normal 0.882235 -0.305923 0.357873
    outer loop
      vertex 12.1735 -3.95541 12
      vertex 9.98609 -3.24468 18
      vertex 9.85101 -3.63423 18
    endloop
  endfacet
  facet normal 0.882218 -0.305975 0.357869
    outer loop
      vertex 12.0088 -4.43029 12
      vertex 12.1735 -3.95541 12
      vertex 9.85101 -3.63423 18
    endloop
  endfacet
  facet normal 0.918675 -0.318733 -0.233337
    outer loop
      vertex 11.1274 -3.6155 23
      vertex 10.9768 -4.04957 23
      vertex 9.98609 -3.24468 18
    endloop
  endfacet
  facet normal 0.918732 -0.318579 -0.233323
    outer loop
      vertex 9.98609 -3.24468 18
      vertex 10.9768 -4.04957 23
      vertex 9.85101 -3.63423 18
    endloop
  endfacet
  facet normal 0.91951 -0.318769 -0.229972
    outer loop
      vertex 12.3637 -4.01722 28.5
      vertex 12.1965 -4.49952 28.5
      vertex 11.1274 -3.6155 23
    endloop
  endfacet
  facet normal 0.919427 -0.318994 -0.229992
    outer loop
      vertex 11.1274 -3.6155 23
      vertex 12.1965 -4.49952 28.5
      vertex 10.9768 -4.04957 23
    endloop
  endfacet
  facet normal 0.899849 -0.31213 0.304707
    outer loop
      vertex 12.3637 -4.01722 28.5
      vertex 11.6029 -3.77001 31
      vertex 11.4459 -4.22263 31
    endloop
  endfacet
  facet normal 0.899895 -0.311969 0.304737
    outer loop
      vertex 12.1965 -4.49952 28.5
      vertex 12.3637 -4.01722 28.5
      vertex 11.4459 -4.22263 31
    endloop
  endfacet
  facet normal 0.748133 -0.259432 0.610731
    outer loop
      vertex 11.6029 -3.77001 31
      vertex 9.03504 -2.93566 34.5
      vertex 8.91282 -3.28811 34.5
    endloop
  endfacet
  facet normal 0.748114 -0.259498 0.610726
    outer loop
      vertex 11.4459 -4.22263 31
      vertex 11.6029 -3.77001 31
      vertex 8.91282 -3.28811 34.5
    endloop
  endfacet
  facet normal 0.755911 -0.262096 -0.599921
    outer loop
      vertex 10.4616 -3.39919 36.5
      vertex 10.3201 -3.80729 36.5
      vertex 9.03504 -2.93566 34.5
    endloop
  endfacet
  facet normal 0.755898 -0.262125 -0.599925
    outer loop
      vertex 9.03504 -2.93566 34.5
      vertex 10.3201 -3.80729 36.5
      vertex 8.91282 -3.28811 34.5
    endloop
  endfacet
  facet normal 0.625168 -0.216801 -0.749775
    outer loop
      vertex 12.0784 -3.92451 38
      vertex 11.915 -4.39569 38
      vertex 10.4616 -3.39919 36.5
    endloop
  endfacet
  facet normal 0.625185 -0.21677 -0.74977
    outer loop
      vertex 10.4616 -3.39919 36.5
      vertex 11.915 -4.39569 38
      vertex 10.3201 -3.80729 36.5
    endloop
  endfacet
  facet normal 0.944794 -0.327664 0
    outer loop
      vertex 16.8874 -6.23011 1.5
      vertex 17.119 -5.56231 0
      vertex 17.119 -5.56231 1.5
    endloop
  endfacet
  facet normal 0.944794 -0.327664 0
    outer loop
      vertex 17.119 -5.56231 0
      vertex 16.8874 -6.23011 1.5
      vertex 16.8874 -6.23011 0
    endloop
  endfacet
  facet normal 0.623042 -0.243853 0.743206
    outer loop
      vertex 16.8874 -6.23011 1.5
      vertex 15.9493 -5.88399 2.39999
      vertex 15.706 -6.50562 2.39999
    endloop
  endfacet
  facet normal 0.623042 -0.243844 0.743209
    outer loop
      vertex 16.6298 -6.8883 1.5
      vertex 16.8874 -6.23011 1.5
      vertex 15.706 -6.50562 2.39999
    endloop
  endfacet
  facet normal 0.922337 -0.361077 0.137543
    outer loop
      vertex 15.9493 -5.88399 2.39999
      vertex 15.4802 -5.71093 6
      vertex 15.244 -6.31428 6
    endloop
  endfacet
  facet normal 0.922363 -0.361004 0.137557
    outer loop
      vertex 15.706 -6.50562 2.39999
      vertex 15.9493 -5.88399 2.39999
      vertex 15.244 -6.31428 6
    endloop
  endfacet
  facet normal 0.774849 -0.303277 0.554646
    outer loop
      vertex 15.4802 -5.71093 6
      vertex 14.7296 -5.43404 7.2
      vertex 14.5049 -6.00813 7.2
    endloop
  endfacet
  facet normal 0.774841 -0.303335 0.554626
    outer loop
      vertex 15.244 -6.31428 6
      vertex 15.4802 -5.71093 6
      vertex 14.5049 -6.00813 7.2
    endloop
  endfacet
  facet normal 0.797074 -0.311984 0.517048
    outer loop
      vertex 14.7296 -5.43404 7.2
      vertex 12.0088 -4.43029 12
      vertex 11.8256 -4.89834 12
    endloop
  endfacet
  facet normal 0.797076 -0.311977 0.517049
    outer loop
      vertex 14.5049 -6.00813 7.2
      vertex 14.7296 -5.43404 7.2
      vertex 11.8256 -4.89834 12
    endloop
  endfacet
  facet normal 0.869539 -0.340342 0.357869
    outer loop
      vertex 12.0088 -4.43029 12
      vertex 9.85101 -3.63423 18
      vertex 9.70073 -4.01818 18
    endloop
  endfacet
  facet normal 0.869537 -0.340346 0.357869
    outer loop
      vertex 11.8256 -4.89834 12
      vertex 12.0088 -4.43029 12
      vertex 9.70073 -4.01818 18
    endloop
  endfacet
  facet normal 0.905545 -0.354327 -0.233324
    outer loop
      vertex 10.9768 -4.04957 23
      vertex 10.8094 -4.47739 23
      vertex 9.85101 -3.63423 18
    endloop
  endfacet
  facet normal 0.905507 -0.35442 -0.233332
    outer loop
      vertex 9.85101 -3.63423 18
      vertex 10.8094 -4.47739 23
      vertex 9.70073 -4.01818 18
    endloop
  endfacet
  facet normal 0.906221 -0.354779 -0.229991
    outer loop
      vertex 12.1965 -4.49952 28.5
      vertex 12.0104 -4.97488 28.5
      vertex 10.9768 -4.04957 23
    endloop
  endfacet
  facet normal 0.906288 -0.354618 -0.229976
    outer loop
      vertex 10.9768 -4.04957 23
      vertex 12.0104 -4.97488 28.5
      vertex 10.8094 -4.47739 23
    endloop
  endfacet
  facet normal 0.886926 -0.347128 0.304737
    outer loop
      vertex 12.1965 -4.49952 28.5
      vertex 11.4459 -4.22263 31
      vertex 11.2713 -4.66874 31
    endloop
  endfacet
  facet normal 0.886898 -0.347214 0.304721
    outer loop
      vertex 12.0104 -4.97488 28.5
      vertex 12.1965 -4.49952 28.5
      vertex 11.2713 -4.66874 31
    endloop
  endfacet
  facet normal 0.737377 -0.2886 0.610725
    outer loop
      vertex 11.4459 -4.22263 31
      vertex 8.91282 -3.28811 34.5
      vertex 8.77686 -3.63549 34.5
    endloop
  endfacet
  facet normal 0.737378 -0.288597 0.610725
    outer loop
      vertex 11.2713 -4.66874 31
      vertex 11.4459 -4.22263 31
      vertex 8.77686 -3.63549 34.5
    endloop
  endfacet
  facet normal 0.745043 -0.291549 -0.599925
    outer loop
      vertex 10.3201 -3.80729 36.5
      vertex 10.1627 -4.20952 36.5
      vertex 8.91282 -3.28811 34.5
    endloop
  endfacet
  facet normal 0.745021 -0.291592 -0.599931
    outer loop
      vertex 8.91282 -3.28811 34.5
      vertex 10.1627 -4.20952 36.5
      vertex 8.77686 -3.63549 34.5
    endloop
  endfacet
  facet normal 0.616209 -0.241102 -0.749771
    outer loop
      vertex 11.915 -4.39569 38
      vertex 11.7333 -4.86008 38
      vertex 10.3201 -3.80729 36.5
    endloop
  endfacet
  facet normal 0.616194 -0.241128 -0.749775
    outer loop
      vertex 10.3201 -3.80729 36.5
      vertex 11.7333 -4.86008 38
      vertex 10.1627 -4.20952 36.5
    endloop
  endfacet
  facet normal 0.93122 -0.364457 0
    outer loop
      vertex 16.6298 -6.8883 1.5
      vertex 16.8874 -6.23011 0
      vertex 16.8874 -6.23011 1.5
    endloop
  endfacet
  facet normal 0.93122 -0.364457 0
    outer loop
      vertex 16.8874 -6.23011 0
      vertex 16.6298 -6.8883 1.5
      vertex 16.6298 -6.8883 0
    endloop
  endfacet
  facet normal 0.612955 -0.268193 0.743208
    outer loop
      vertex 16.6298 -6.8883 1.5
      vertex 15.706 -6.50562 2.39999
      vertex 15.4384 -7.11722 2.39999
    endloop
  endfacet
  facet normal 0.612961 -0.268065 0.743249
    outer loop
      vertex 16.3466 -7.53587 1.5
      vertex 16.6298 -6.8883 1.5
      vertex 15.4384 -7.11722 2.39999
    endloop
  endfacet
  facet normal 0.907507 -0.396875 0.137557
    outer loop
      vertex 15.706 -6.50562 2.39999
      vertex 15.244 -6.31428 6
      vertex 14.9844 -6.90789 6
    endloop
  endfacet
  facet normal 0.907439 -0.397042 0.137525
    outer loop
      vertex 15.4384 -7.11722 2.39999
      vertex 15.706 -6.50562 2.39999
      vertex 14.9844 -6.90789 6
    endloop
  endfacet
  facet normal 0.762342 -0.333507 0.554625
    outer loop
      vertex 15.244 -6.31428 6
      vertex 14.5049 -6.00813 7.2
      vertex 14.2578 -6.57296 7.2
    endloop
  endfacet
  facet normal 0.762361 -0.333399 0.554664
    outer loop
      vertex 14.9844 -6.90789 6
      vertex 15.244 -6.31428 6
      vertex 14.2578 -6.57296 7.2
    endloop
  endfacet
  facet normal 0.784233 -0.342985 0.517049
    outer loop
      vertex 14.5049 -6.00813 7.2
      vertex 11.8256 -4.89834 12
      vertex 11.6242 -5.35884 12
    endloop
  endfacet
  facet normal 0.784201 -0.34307 0.517042
    outer loop
      vertex 14.2578 -6.57296 7.2
      vertex 14.5049 -6.00813 7.2
      vertex 11.6242 -5.35884 12
    endloop
  endfacet
  facet normal 0.855512 -0.374206 0.357869
    outer loop
      vertex 11.8256 -4.89834 12
      vertex 9.70073 -4.01818 18
      vertex 9.5355 -4.39593 18
    endloop
  endfacet
  facet normal 0.855528 -0.374166 0.357872
    outer loop
      vertex 11.6242 -5.35884 12
      vertex 11.8256 -4.89834 12
      vertex 9.5355 -4.39593 18
    endloop
  endfacet
  facet normal 0.890913 -0.389654 -0.233332
    outer loop
      vertex 10.8094 -4.47739 23
      vertex 10.6253 -4.89832 23
      vertex 9.70073 -4.01818 18
    endloop
  endfacet
  facet normal 0.890899 -0.389684 -0.233335
    outer loop
      vertex 9.70073 -4.01818 18
      vertex 10.6253 -4.89832 23
      vertex 9.5355 -4.39593 18
    endloop
  endfacet
  facet normal 0.891684 -0.389885 -0.229977
    outer loop
      vertex 12.0104 -4.97488 28.5
      vertex 11.8059 -5.44258 28.5
      vertex 10.8094 -4.47739 23
    endloop
  endfacet
  facet normal 0.891643 -0.389973 -0.229986
    outer loop
      vertex 10.8094 -4.47739 23
      vertex 11.8059 -5.44258 28.5
      vertex 10.6253 -4.89832 23
    endloop
  endfacet
  facet normal 0.872604 -0.381718 0.30472
    outer loop
      vertex 12.0104 -4.97488 28.5
      vertex 11.2713 -4.66874 31
      vertex 11.0793 -5.10765 31
    endloop
  endfacet
  facet normal 0.87266 -0.381567 0.304749
    outer loop
      vertex 11.8059 -5.44258 28.5
      vertex 12.0104 -4.97488 28.5
      vertex 11.0793 -5.10765 31
    endloop
  endfacet
  facet normal 0.725475 -0.317334 0.610725
    outer loop
      vertex 11.2713 -4.66874 31
      vertex 8.77686 -3.63549 34.5
      vertex 8.62736 -3.97727 34.5
    endloop
  endfacet
  facet normal 0.725467 -0.317354 0.610724
    outer loop
      vertex 11.0793 -5.10765 31
      vertex 11.2713 -4.66874 31
      vertex 8.62736 -3.97727 34.5
    endloop
  endfacet
  facet normal 0.732978 -0.320666 -0.599931
    outer loop
      vertex 10.1627 -4.20952 36.5
      vertex 9.98957 -4.60526 36.5
      vertex 8.77686 -3.63549 34.5
    endloop
  endfacet
  facet normal 0.733 -0.320626 -0.599925
    outer loop
      vertex 8.77686 -3.63549 34.5
      vertex 9.98957 -4.60526 36.5
      vertex 8.62736 -3.97727 34.5
    endloop
  endfacet
  facet normal 0.606212 -0.265226 -0.749775
    outer loop
      vertex 11.7333 -4.86008 38
      vertex 11.5334 -5.31698 38
      vertex 10.1627 -4.20952 36.5
    endloop
  endfacet
  facet normal 0.606221 -0.265212 -0.749772
    outer loop
      vertex 10.1627 -4.20952 36.5
      vertex 11.5334 -5.31698 38
      vertex 9.98957 -4.60526 36.5
    endloop
  endfacet
  facet normal 0.916215 -0.400686 0
    outer loop
      vertex 16.3466 -7.53587 1.5
      vertex 16.6298 -6.8883 0
      vertex 16.6298 -6.8883 1.5
    endloop
  endfacet
  facet normal 0.916215 -0.400686 0
    outer loop
      vertex 16.6298 -6.8883 0
      vertex 16.3466 -7.53587 1.5
      vertex 16.3466 -7.53587 0
    endloop
  endfacet
  facet normal 0.601953 -0.291947 0.74325
    outer loop
      vertex 16.3466 -7.53587 1.5
      vertex 15.4384 -7.11722 2.39999
      vertex 15.1471 -7.71784 2.39999
    endloop
  endfacet
  facet normal 0.601948 -0.292001 0.743232
    outer loop
      vertex 16.0381 -8.17183 1.5
      vertex 16.3466 -7.53587 1.5
      vertex 15.1471 -7.71784 2.39999
    endloop
  endfacet
  facet normal 0.89117 -0.432323 0.137524
    outer loop
      vertex 15.4384 -7.11722 2.39999
      vertex 14.9844 -6.90789 6
      vertex 14.7016 -7.49084 6
    endloop
  endfacet
  facet normal 0.89121 -0.432236 0.137542
    outer loop
      vertex 15.1471 -7.71784 2.39999
      vertex 15.4384 -7.11722 2.39999
      vertex 14.7016 -7.49084 6
    endloop
  endfacet
  facet normal 0.748681 -0.363077 0.554664
    outer loop
      vertex 14.9844 -6.90789 6
      vertex 14.2578 -6.57296 7.2
      vertex 13.9888 -7.12765 7.2
    endloop
  endfacet
  facet normal 0.748657 -0.363188 0.554624
    outer loop
      vertex 14.7016 -7.49084 6
      vertex 14.9844 -6.90789 6
      vertex 13.9888 -7.12765 7.2
    endloop
  endfacet
  facet normal 0.77018 -0.373484 0.517042
    outer loop
      vertex 14.2578 -6.57296 7.2
      vertex 11.6242 -5.35884 12
      vertex 11.4049 -5.81107 12
    endloop
  endfacet
  facet normal 0.770173 -0.3735 0.51704
    outer loop
      vertex 13.9888 -7.12765 7.2
      vertex 14.2578 -6.57296 7.2
      vertex 11.4049 -5.81107 12
    endloop
  endfacet
  facet normal 0.840162 -0.4075 0.357872
    outer loop
      vertex 11.6242 -5.35884 12
      vertex 9.5355 -4.39593 18
      vertex 9.35557 -4.7669 18
    endloop
  endfacet
  facet normal 0.840191 -0.407434 0.357877
    outer loop
      vertex 11.4049 -5.81107 12
      vertex 11.6242 -5.35884 12
      vertex 9.35557 -4.7669 18
    endloop
  endfacet
  facet normal 0.874911 -0.424365 -0.233335
    outer loop
      vertex 10.6253 -4.89832 23
      vertex 10.4248 -5.31169 23
      vertex 9.5355 -4.39593 18
    endloop
  endfacet
  facet normal 0.874915 -0.424356 -0.233334
    outer loop
      vertex 9.5355 -4.39593 18
      vertex 10.4248 -5.31169 23
      vertex 9.35557 -4.7669 18
    endloop
  endfacet
  facet normal 0.875612 -0.424747 -0.229986
    outer loop
      vertex 11.8059 -5.44258 28.5
      vertex 11.5831 -5.90188 28.5
      vertex 10.6253 -4.89832 23
    endloop
  endfacet
  facet normal 0.875629 -0.424713 -0.229982
    outer loop
      vertex 10.6253 -4.89832 23
      vertex 11.5831 -5.90188 28.5
      vertex 10.4248 -5.31169 23
    endloop
  endfacet
  facet normal 0.857 -0.415546 0.30475
    outer loop
      vertex 11.8059 -5.44258 28.5
      vertex 11.0793 -5.10765 31
      vertex 10.8703 -5.53868 31
    endloop
  endfacet
  facet normal 0.85694 -0.41569 0.304722
    outer loop
      vertex 11.5831 -5.90188 28.5
      vertex 11.8059 -5.44258 28.5
      vertex 10.8703 -5.53868 31
    endloop
  endfacet
  facet normal 0.712458 -0.345573 0.610724
    outer loop
      vertex 11.0793 -5.10765 31
      vertex 8.62736 -3.97727 34.5
      vertex 8.46456 -4.31291 34.5
    endloop
  endfacet
  facet normal 0.712497 -0.345479 0.610731
    outer loop
      vertex 10.8703 -5.53868 31
      vertex 11.0793 -5.10765 31
      vertex 8.46456 -4.31291 34.5
    endloop
  endfacet
  facet normal 0.719849 -0.349153 -0.599925
    outer loop
      vertex 9.98957 -4.60526 36.5
      vertex 9.80107 -4.99389 36.5
      vertex 8.62736 -3.97727 34.5
    endloop
  endfacet
  facet normal 0.719846 -0.349157 -0.599925
    outer loop
      vertex 8.62736 -3.97727 34.5
      vertex 9.80107 -4.99389 36.5
      vertex 8.46456 -4.31291 34.5
    endloop
  endfacet
  facet normal 0.595378 -0.288732 -0.749773
    outer loop
      vertex 11.5334 -5.31698 38
      vertex 11.3158 -5.76568 38
      vertex 9.98957 -4.60526 36.5
    endloop
  endfacet
  facet normal 0.595353 -0.288768 -0.749778
    outer loop
      vertex 9.98957 -4.60526 36.5
      vertex 11.3158 -5.76568 38
      vertex 9.80107 -4.99389 36.5
    endloop
  endfacet
  facet normal 0.899728 -0.436452 0
    outer loop
      vertex 16.0381 -8.17183 1.5
      vertex 16.3466 -7.53587 0
      vertex 16.3466 -7.53587 1.5
    endloop
  endfacet
  facet normal 0.899728 -0.436452 0
    outer loop
      vertex 16.3466 -7.53587 0
      vertex 16.0381 -8.17183 1.5
      vertex 16.0381 -8.17183 0
    endloop
  endfacet
  facet normal 0.590026 -0.315398 0.743232
    outer loop
      vertex 16.0381 -8.17183 1.5
      vertex 15.1471 -7.71784 2.39999
      vertex 14.8324 -8.30656 2.39999
    endloop
  endfacet
  facet normal 0.590027 -0.315388 0.743235
    outer loop
      vertex 15.7049 -8.79518 1.5
      vertex 16.0381 -8.17183 1.5
      vertex 14.8324 -8.30656 2.39999
    endloop
  endfacet
  facet normal 0.873555 -0.466887 0.137542
    outer loop
      vertex 15.1471 -7.71784 2.39999
      vertex 14.7016 -7.49084 6
      vertex 14.3962 -8.06225 6
    endloop
  endfacet
  facet normal 0.873527 -0.466943 0.137531
    outer loop
      vertex 14.8324 -8.30656 2.39999
      vertex 15.1471 -7.71784 2.39999
      vertex 14.3962 -8.06225 6
    endloop
  endfacet
  facet normal 0.733856 -0.392235 0.554624
    outer loop
      vertex 14.7016 -7.49084 6
      vertex 13.9888 -7.12765 7.2
      vertex 13.6982 -7.67135 7.2
    endloop
  endfacet
  facet normal 0.733859 -0.392224 0.554628
    outer loop
      vertex 14.3962 -8.06225 6
      vertex 14.7016 -7.49084 6
      vertex 13.6982 -7.67135 7.2
    endloop
  endfacet
  facet normal 0.754847 -0.403579 0.51704
    outer loop
      vertex 13.9888 -7.12765 7.2
      vertex 11.4049 -5.81107 12
      vertex 11.1679 -6.25435 12
    endloop
  endfacet
  facet normal 0.754893 -0.40348 0.517049
    outer loop
      vertex 13.6982 -7.67135 7.2
      vertex 13.9888 -7.12765 7.2
      vertex 11.1679 -6.25435 12
    endloop
  endfacet
  facet normal 0.823509 -0.440177 0.357877
    outer loop
      vertex 11.4049 -5.81107 12
      vertex 9.35557 -4.7669 18
      vertex 9.16121 -5.13052 18
    endloop
  endfacet
  facet normal 0.823465 -0.440266 0.357871
    outer loop
      vertex 11.1679 -6.25435 12
      vertex 11.4049 -5.81107 12
      vertex 9.16121 -5.13052 18
    endloop
  endfacet
  facet normal 0.857554 -0.458429 -0.233334
    outer loop
      vertex 10.4248 -5.31169 23
      vertex 10.2082 -5.71687 23
      vertex 9.35557 -4.7669 18
    endloop
  endfacet
  facet normal 0.857577 -0.458387 -0.23333
    outer loop
      vertex 9.35557 -4.7669 18
      vertex 10.2082 -5.71687 23
      vertex 9.16121 -5.13052 18
    endloop
  endfacet
  facet normal 0.858231 -0.458854 -0.229982
    outer loop
      vertex 11.5831 -5.90188 28.5
      vertex 11.3424 -6.35208 28.5
      vertex 10.4248 -5.31169 23
    endloop
  endfacet
  facet normal 0.858259 -0.458806 -0.229977
    outer loop
      vertex 10.4248 -5.31169 23
      vertex 11.3424 -6.35208 28.5
      vertex 10.2082 -5.71687 23
    endloop
  endfacet
  facet normal 0.839921 -0.449085 0.304721
    outer loop
      vertex 11.5831 -5.90188 28.5
      vertex 10.8703 -5.53868 31
      vertex 10.6444 -5.96118 31
    endloop
  endfacet
  facet normal 0.839929 -0.449069 0.304724
    outer loop
      vertex 11.3424 -6.35208 28.5
      vertex 11.5831 -5.90188 28.5
      vertex 10.6444 -5.96118 31
    endloop
  endfacet
  facet normal 0.698337 -0.373271 0.610732
    outer loop
      vertex 10.8703 -5.53868 31
      vertex 8.46456 -4.31291 34.5
      vertex 8.28871 -4.6419 34.5
    endloop
  endfacet
  facet normal 0.698296 -0.373361 0.610725
    outer loop
      vertex 10.6444 -5.96118 31
      vertex 10.8703 -5.53868 31
      vertex 8.28871 -4.6419 34.5
    endloop
  endfacet
  facet normal 0.705591 -0.377134 -0.599925
    outer loop
      vertex 9.80107 -4.99389 36.5
      vertex 9.59746 -5.37483 36.5
      vertex 8.46456 -4.31291 34.5
    endloop
  endfacet
  facet normal 0.705584 -0.377145 -0.599927
    outer loop
      vertex 8.46456 -4.31291 34.5
      vertex 9.59746 -5.37483 36.5
      vertex 8.28871 -4.6419 34.5
    endloop
  endfacet
  facet normal 0.583549 -0.311935 -0.749778
    outer loop
      vertex 11.3158 -5.76568 38
      vertex 11.0807 -6.20549 38
      vertex 9.80107 -4.99389 36.5
    endloop
  endfacet
  facet normal 0.583566 -0.311912 -0.749774
    outer loop
      vertex 9.80107 -4.99389 36.5
      vertex 11.0807 -6.20549 38
      vertex 9.59746 -5.37483 36.5
    endloop
  endfacet
  facet normal 0.881914 -0.47141 0
    outer loop
      vertex 15.7049 -8.79518 1.5
      vertex 16.0381 -8.17183 0
      vertex 16.0381 -8.17183 1.5
    endloop
  endfacet
  facet normal 0.881914 -0.47141 0
    outer loop
      vertex 16.0381 -8.17183 0
      vertex 15.7049 -8.79518 1.5
      vertex 15.7049 -8.79518 0
    endloop
  endfacet
  facet normal 0.577216 -0.338265 0.743235
    outer loop
      vertex 15.7049 -8.79518 1.5
      vertex 14.8324 -8.30656 2.39999
      vertex 14.4949 -8.88247 2.39999
    endloop
  endfacet
  facet normal 0.577209 -0.338304 0.743222
    outer loop
      vertex 15.3475 -9.40497 1.5
      vertex 15.7049 -8.79518 1.5
      vertex 14.4949 -8.88247 2.39999
    endloop
  endfacet
  facet normal 0.854552 -0.500825 0.137531
    outer loop
      vertex 14.8324 -8.30656 2.39999
      vertex 14.3962 -8.06225 6
      vertex 14.0686 -8.62123 6
    endloop
  endfacet
  facet normal 0.854566 -0.5008 0.137536
    outer loop
      vertex 14.4949 -8.88247 2.39999
      vertex 14.8324 -8.30656 2.39999
      vertex 14.0686 -8.62123 6
    endloop
  endfacet
  facet normal 0.717845 -0.420817 0.554628
    outer loop
      vertex 14.3962 -8.06225 6
      vertex 13.6982 -7.67135 7.2
      vertex 13.3864 -8.20323 7.2
    endloop
  endfacet
  facet normal 0.717873 -0.420722 0.554663
    outer loop
      vertex 14.0686 -8.62123 6
      vertex 14.3962 -8.06225 6
      vertex 13.3864 -8.20323 7.2
    endloop
  endfacet
  facet normal 0.738498 -0.432758 0.51705
    outer loop
      vertex 13.6982 -7.67135 7.2
      vertex 11.1679 -6.25435 12
      vertex 10.9138 -6.68797 12
    endloop
  endfacet
  facet normal 0.738432 -0.432886 0.517038
    outer loop
      vertex 13.3864 -8.20323 7.2
      vertex 13.6982 -7.67135 7.2
      vertex 10.9138 -6.68797 12
    endloop
  endfacet
  facet normal 0.805592 -0.472176 0.35787
    outer loop
      vertex 11.1679 -6.25435 12
      vertex 9.16121 -5.13052 18
      vertex 8.95272 -5.48623 18
    endloop
  endfacet
  facet normal 0.805635 -0.472099 0.357876
    outer loop
      vertex 10.9138 -6.68797 12
      vertex 11.1679 -6.25435 12
      vertex 8.95272 -5.48623 18
    endloop
  endfacet
  facet normal 0.838921 -0.491699 -0.23333
    outer loop
      vertex 10.2082 -5.71687 23
      vertex 9.97589 -6.11323 23
      vertex 9.16121 -5.13052 18
    endloop
  endfacet
  facet normal 0.838916 -0.491708 -0.233331
    outer loop
      vertex 9.16121 -5.13052 18
      vertex 9.97589 -6.11323 23
      vertex 8.95272 -5.48623 18
    endloop
  endfacet
  facet normal 0.839629 -0.492071 -0.229977
    outer loop
      vertex 11.3424 -6.35208 28.5
      vertex 11.0843 -6.79248 28.5
      vertex 10.2082 -5.71687 23
    endloop
  endfacet
  facet normal 0.83961 -0.492102 -0.22998
    outer loop
      vertex 10.2082 -5.71687 23
      vertex 11.0843 -6.79248 28.5
      vertex 9.97589 -6.11323 23
    endloop
  endfacet
  facet normal 0.821737 -0.48155 0.304724
    outer loop
      vertex 11.3424 -6.35208 28.5
      vertex 10.6444 -5.96118 31
      vertex 10.4022 -6.37448 31
    endloop
  endfacet
  facet normal 0.821723 -0.481578 0.304719
    outer loop
      vertex 11.0843 -6.79248 28.5
      vertex 11.3424 -6.35208 28.5
      vertex 10.4022 -6.37448 31
    endloop
  endfacet
  facet normal 0.683154 -0.400396 0.610724
    outer loop
      vertex 10.6444 -5.96118 31
      vertex 8.28871 -4.6419 34.5
      vertex 8.10008 -4.96374 34.5
    endloop
  endfacet
  facet normal 0.683177 -0.400352 0.610728
    outer loop
      vertex 10.4022 -6.37448 31
      vertex 10.6444 -5.96118 31
      vertex 8.10008 -4.96374 34.5
    endloop
  endfacet
  facet normal 0.69023 -0.404562 -0.599927
    outer loop
      vertex 9.59746 -5.37483 36.5
      vertex 9.37904 -5.74748 36.5
      vertex 8.28871 -4.6419 34.5
    endloop
  endfacet
  facet normal 0.69024 -0.404549 -0.599925
    outer loop
      vertex 8.28871 -4.6419 34.5
      vertex 9.37904 -5.74748 36.5
      vertex 8.10008 -4.96374 34.5
    endloop
  endfacet
  facet normal 0.570848 -0.334622 -0.749774
    outer loop
      vertex 11.0807 -6.20549 38
      vertex 10.8285 -6.63573 38
      vertex 9.59746 -5.37483 36.5
    endloop
  endfacet
  facet normal 0.570866 -0.3346 -0.74977
    outer loop
      vertex 9.59746 -5.37483 36.5
      vertex 10.8285 -6.63573 38
      vertex 9.37904 -5.74748 36.5
    endloop
  endfacet
  facet normal 0.862737 -0.505653 0
    outer loop
      vertex 15.3475 -9.40497 1.5
      vertex 15.7049 -8.79518 0
      vertex 15.7049 -8.79518 1.5
    endloop
  endfacet
  facet normal 0.862737 -0.505653 0
    outer loop
      vertex 15.7049 -8.79518 0
      vertex 15.3475 -9.40497 1.5
      vertex 15.3475 -9.40497 0
    endloop
  endfacet
  facet normal 0.563481 -0.360707 0.743223
    outer loop
      vertex 15.3475 -9.40497 1.5
      vertex 14.4949 -8.88247 2.39999
      vertex 14.135 -9.44469 2.39999
    endloop
  endfacet
  facet normal 0.563497 -0.360628 0.743249
    outer loop
      vertex 14.9665 -10.0003 1.5
      vertex 15.3475 -9.40497 1.5
      vertex 14.135 -9.44469 2.39999
    endloop
  endfacet
  facet normal 0.834153 -0.53411 0.137536
    outer loop
      vertex 14.4949 -8.88247 2.39999
      vertex 14.0686 -8.62123 6
      vertex 13.7192 -9.16691 6
    endloop
  endfacet
  facet normal 0.834211 -0.534013 0.137556
    outer loop
      vertex 14.135 -9.44469 2.39999
      vertex 14.4949 -8.88247 2.39999
      vertex 13.7192 -9.16691 6
    endloop
  endfacet
  facet normal 0.700834 -0.448532 0.554663
    outer loop
      vertex 14.0686 -8.62123 6
      vertex 13.3864 -8.20323 7.2
      vertex 13.0541 -8.72245 7.2
    endloop
  endfacet
  facet normal 0.700774 -0.448707 0.554597
    outer loop
      vertex 13.7192 -9.16691 6
      vertex 14.0686 -8.62123 6
      vertex 13.0541 -8.72245 7.2
    endloop
  endfacet
  facet normal 0.720895 -0.461501 0.517037
    outer loop
      vertex 13.3864 -8.20323 7.2
      vertex 10.9138 -6.68797 12
      vertex 10.6428 -7.11129 12
    endloop
  endfacet
  facet normal 0.720949 -0.461406 0.517046
    outer loop
      vertex 13.0541 -8.72245 7.2
      vertex 13.3864 -8.20323 7.2
      vertex 10.6428 -7.11129 12
    endloop
  endfacet
  facet normal 0.786442 -0.503422 0.357876
    outer loop
      vertex 10.9138 -6.68797 12
      vertex 8.95272 -5.48623 18
      vertex 8.73043 -5.83349 18
    endloop
  endfacet
  facet normal 0.786424 -0.503451 0.357874
    outer loop
      vertex 10.6428 -7.11129 12
      vertex 10.9138 -6.68797 12
      vertex 8.73043 -5.83349 18
    endloop
  endfacet
  facet normal 0.818966 -0.524262 -0.233331
    outer loop
      vertex 9.97589 -6.11323 23
      vertex 9.72819 -6.50017 23
      vertex 8.95272 -5.48623 18
    endloop
  endfacet
  facet normal 0.818976 -0.524248 -0.233329
    outer loop
      vertex 8.95272 -5.48623 18
      vertex 9.72819 -6.50017 23
      vertex 8.73043 -5.83349 18
    endloop
  endfacet
  facet normal 0.819656 -0.524665 -0.229981
    outer loop
      vertex 11.0843 -6.79248 28.5
      vertex 10.8091 -7.22241 28.5
      vertex 9.97589 -6.11323 23
    endloop
  endfacet
  facet normal 0.819638 -0.524692 -0.229983
    outer loop
      vertex 9.97589 -6.11323 23
      vertex 10.8091 -7.22241 28.5
      vertex 9.72819 -6.50017 23
    endloop
  endfacet
  facet normal 0.802149 -0.51352 0.304719
    outer loop
      vertex 11.0843 -6.79248 28.5
      vertex 10.4022 -6.37448 31
      vertex 10.1439 -6.77796 31
    endloop
  endfacet
  facet normal 0.802174 -0.513475 0.304728
    outer loop
      vertex 10.8091 -7.22241 28.5
      vertex 11.0843 -6.79248 28.5
      vertex 10.1439 -6.77796 31
    endloop
  endfacet
  facet normal 0.666901 -0.426912 0.610728
    outer loop
      vertex 10.4022 -6.37448 31
      vertex 8.10008 -4.96374 34.5
      vertex 7.89896 -5.27792 34.5
    endloop
  endfacet
  facet normal 0.666891 -0.42693 0.610727
    outer loop
      vertex 10.1439 -6.77796 31
      vertex 10.4022 -6.37448 31
      vertex 7.89896 -5.27792 34.5
    endloop
  endfacet
  facet normal 0.673819 -0.431345 -0.599925
    outer loop
      vertex 9.37904 -5.74748 36.5
      vertex 9.14616 -6.11127 36.5
      vertex 8.10008 -4.96374 34.5
    endloop
  endfacet
  facet normal 0.673821 -0.431342 -0.599924
    outer loop
      vertex 8.10008 -4.96374 34.5
      vertex 9.14616 -6.11127 36.5
      vertex 7.89896 -5.27792 34.5
    endloop
  endfacet
  facet normal 0.557333 -0.356684 -0.749771
    outer loop
      vertex 10.8285 -6.63573 38
      vertex 10.5597 -7.05574 38
      vertex 9.37904 -5.74748 36.5
    endloop
  endfacet
  facet normal 0.557281 -0.356743 -0.749781
    outer loop
      vertex 9.37904 -5.74748 36.5
      vertex 10.5597 -7.05574 38
      vertex 9.14616 -6.11127 36.5
    endloop
  endfacet
  facet normal 0.842279 -0.539042 0
    outer loop
      vertex 14.9665 -10.0003 1.5
      vertex 15.3475 -9.40497 0
      vertex 15.3475 -9.40497 1.5
    endloop
  endfacet
  facet normal 0.842279 -0.539042 0
    outer loop
      vertex 15.3475 -9.40497 0
      vertex 14.9665 -10.0003 1.5
      vertex 14.9665 -10.0003 0
    endloop
  endfacet
  facet normal 0.548859 -0.382536 0.74325
    outer loop
      vertex 14.9665 -10.0003 1.5
      vertex 14.135 -9.44469 2.39999
      vertex 13.7533 -9.99235 2.39999
    endloop
  endfacet
  facet normal 0.548839 -0.382616 0.743223
    outer loop
      vertex 14.5623 -10.5801 1.5
      vertex 14.9665 -10.0003 1.5
      vertex 13.7533 -9.99235 2.39999
    endloop
  endfacet
  facet normal 0.812653 -0.566281 0.137556
    outer loop
      vertex 14.135 -9.44469 2.39999
      vertex 13.7192 -9.16691 6
      vertex 13.3488 -9.69846 6
    endloop
  endfacet
  facet normal 0.812603 -0.566356 0.13754
    outer loop
      vertex 13.7533 -9.99235 2.39999
      vertex 14.135 -9.44469 2.39999
      vertex 13.3488 -9.69846 6
    endloop
  endfacet
  facet normal 0.682677 -0.475787 0.554597
    outer loop
      vertex 13.7192 -9.16691 6
      vertex 13.0541 -8.72245 7.2
      vertex 12.7016 -9.22823 7.2
    endloop
  endfacet
  facet normal 0.682701 -0.475726 0.554621
    outer loop
      vertex 13.3488 -9.69846 6
      vertex 13.7192 -9.16691 6
      vertex 12.7016 -9.22823 7.2
    endloop
  endfacet
  facet normal 0.702222 -0.489435 0.517047
    outer loop
      vertex 13.0541 -8.72245 7.2
      vertex 10.6428 -7.11129 12
      vertex 10.3554 -7.52364 12
    endloop
  endfacet
  facet normal 0.702233 -0.489417 0.517049
    outer loop
      vertex 12.7016 -9.22823 7.2
      vertex 13.0541 -8.72245 7.2
      vertex 10.3554 -7.52364 12
    endloop
  endfacet
  facet normal 0.766063 -0.533923 0.357874
    outer loop
      vertex 10.6428 -7.11129 12
      vertex 8.73043 -5.83349 18
      vertex 8.49468 -6.17174 18
    endloop
  endfacet
  facet normal 0.766059 -0.533929 0.357873
    outer loop
      vertex 10.3554 -7.52364 12
      vertex 10.6428 -7.11129 12
      vertex 8.49468 -6.17174 18
    endloop
  endfacet
  facet normal 0.797758 -0.556003 -0.233329
    outer loop
      vertex 9.72819 -6.50017 23
      vertex 9.4655 -6.87708 23
      vertex 8.73043 -5.83349 18
    endloop
  endfacet
  facet normal 0.797753 -0.55601 -0.23333
    outer loop
      vertex 8.73043 -5.83349 18
      vertex 9.4655 -6.87708 23
      vertex 8.49468 -6.17174 18
    endloop
  endfacet
  facet normal 0.798399 -0.556477 -0.229983
    outer loop
      vertex 10.8091 -7.22241 28.5
      vertex 10.5172 -7.64121 28.5
      vertex 9.72819 -6.50017 23
    endloop
  endfacet
  facet normal 0.798412 -0.556459 -0.229981
    outer loop
      vertex 9.72819 -6.50017 23
      vertex 10.5172 -7.64121 28.5
      vertex 9.4655 -6.87708 23
    endloop
  endfacet
  facet normal 0.781401 -0.544567 0.304728
    outer loop
      vertex 10.8091 -7.22241 28.5
      vertex 10.1439 -6.77796 31
      vertex 9.87 -7.17098 31
    endloop
  endfacet
  facet normal 0.781374 -0.544611 0.304719
    outer loop
      vertex 10.5172 -7.64121 28.5
      vertex 10.8091 -7.22241 28.5
      vertex 9.87 -7.17098 31
    endloop
  endfacet
  facet normal 0.649626 -0.452768 0.610726
    outer loop
      vertex 10.1439 -6.77796 31
      vertex 7.89896 -5.27792 34.5
      vertex 7.68566 -5.58396 34.5
    endloop
  endfacet
  facet normal 0.649642 -0.452743 0.610729
    outer loop
      vertex 9.87 -7.17098 31
      vertex 10.1439 -6.77796 31
      vertex 7.68566 -5.58396 34.5
    endloop
  endfacet
  facet normal 0.656378 -0.457448 -0.599924
    outer loop
      vertex 9.14616 -6.11127 36.5
      vertex 8.89919 -6.46564 36.5
      vertex 7.89896 -5.27792 34.5
    endloop
  endfacet
  facet normal 0.656364 -0.457464 -0.599927
    outer loop
      vertex 7.89896 -5.27792 34.5
      vertex 8.89919 -6.46564 36.5
      vertex 7.68566 -5.58396 34.5
    endloop
  endfacet
  facet normal 0.542816 -0.378391 -0.749781
    outer loop
      vertex 10.5597 -7.05574 38
      vertex 10.2745 -7.46487 38
      vertex 9.14616 -6.11127 36.5
    endloop
  endfacet
  facet normal 0.542866 -0.378338 -0.749771
    outer loop
      vertex 9.14616 -6.11127 36.5
      vertex 10.2745 -7.46487 38
      vertex 8.89919 -6.46564 36.5
    endloop
  endfacet
  facet normal 0.820334 -0.571885 0
    outer loop
      vertex 14.5623 -10.5801 1.5
      vertex 14.9665 -10.0003 0
      vertex 14.9665 -10.0003 1.5
    endloop
  endfacet
  facet normal 0.820334 -0.571885 0
    outer loop
      vertex 14.9665 -10.0003 0
      vertex 14.5623 -10.5801 1.5
      vertex 14.5623 -10.5801 0
    endloop
  endfacet
  facet normal 0.533444 -0.403804 0.743222
    outer loop
      vertex 14.5623 -10.5801 1.5
      vertex 13.7533 -9.99235 2.39999
      vertex 13.3504 -10.5246 2.39999
    endloop
  endfacet
  facet normal 0.533452 -0.40378 0.74323
    outer loop
      vertex 14.1357 -11.1437 1.5
      vertex 14.5623 -10.5801 1.5
      vertex 13.3504 -10.5246 2.39999
    endloop
  endfacet
  facet normal 0.789677 -0.597907 0.137539
    outer loop
      vertex 13.7533 -9.99235 2.39999
      vertex 13.3488 -9.69846 6
      vertex 12.9577 -10.215 6
    endloop
  endfacet
  facet normal 0.789743 -0.597816 0.13756
    outer loop
      vertex 13.3504 -10.5246 2.39999
      vertex 13.7533 -9.99235 2.39999
      vertex 12.9577 -10.215 6
    endloop
  endfacet
  facet normal 0.663444 -0.502233 0.554621
    outer loop
      vertex 13.3488 -9.69846 6
      vertex 12.7016 -9.22823 7.2
      vertex 12.3295 -9.71977 7.2
    endloop
  endfacet
  facet normal 0.663412 -0.502305 0.554593
    outer loop
      vertex 12.9577 -10.215 6
      vertex 13.3488 -9.69846 6
      vertex 12.3295 -9.71977 7.2
    endloop
  endfacet
  facet normal 0.682439 -0.516661 0.517048
    outer loop
      vertex 12.7016 -9.22823 7.2
      vertex 10.3554 -7.52364 12
      vertex 10.052 -7.92439 12
    endloop
  endfacet
  facet normal 0.682461 -0.516629 0.517052
    outer loop
      vertex 12.3295 -9.71977 7.2
      vertex 12.7016 -9.22823 7.2
      vertex 10.052 -7.92439 12
    endloop
  endfacet
  facet normal 0.744522 -0.563572 0.357873
    outer loop
      vertex 10.3554 -7.52364 12
      vertex 8.49468 -6.17174 18
      vertex 8.24583 -6.50049 18
    endloop
  endfacet
  facet normal 0.74448 -0.563631 0.357869
    outer loop
      vertex 10.052 -7.92439 12
      vertex 10.3554 -7.52364 12
      vertex 8.24583 -6.50049 18
    endloop
  endfacet
  facet normal 0.77531 -0.5869 -0.23333
    outer loop
      vertex 9.4655 -6.87708 23
      vertex 9.1882 -7.2434 23
      vertex 8.49468 -6.17174 18
    endloop
  endfacet
  facet normal 0.775321 -0.586886 -0.233329
    outer loop
      vertex 8.49468 -6.17174 18
      vertex 9.1882 -7.2434 23
      vertex 8.24583 -6.50049 18
    endloop
  endfacet
  facet normal 0.775947 -0.587379 -0.229981
    outer loop
      vertex 10.5172 -7.64121 28.5
      vertex 10.2091 -8.04822 28.5
      vertex 9.4655 -6.87708 23
    endloop
  endfacet
  facet normal 0.775945 -0.587382 -0.229982
    outer loop
      vertex 9.4655 -6.87708 23
      vertex 10.2091 -8.04822 28.5
      vertex 9.1882 -7.2434 23
    endloop
  endfacet
  facet normal 0.759398 -0.574857 0.304719
    outer loop
      vertex 10.5172 -7.64121 28.5
      vertex 9.87 -7.17098 31
      vertex 9.58086 -7.55294 31
    endloop
  endfacet
  facet normal 0.7594 -0.574854 0.30472
    outer loop
      vertex 10.2091 -8.04822 28.5
      vertex 10.5172 -7.64121 28.5
      vertex 9.58086 -7.55294 31
    endloop
  endfacet
  facet normal 0.631349 -0.477921 0.610729
    outer loop
      vertex 9.87 -7.17098 31
      vertex 7.68566 -5.58396 34.5
      vertex 7.46051 -5.88139 34.5
    endloop
  endfacet
  facet normal 0.631347 -0.477924 0.610729
    outer loop
      vertex 9.58086 -7.55294 31
      vertex 9.87 -7.17098 31
      vertex 7.46051 -5.88139 34.5
    endloop
  endfacet
  facet normal 0.637897 -0.482882 -0.599927
    outer loop
      vertex 8.89919 -6.46564 36.5
      vertex 8.63849 -6.81003 36.5
      vertex 7.68566 -5.58396 34.5
    endloop
  endfacet
  facet normal 0.637899 -0.48288 -0.599927
    outer loop
      vertex 7.68566 -5.58396 34.5
      vertex 8.63849 -6.81003 36.5
      vertex 7.46051 -5.88139 34.5
    endloop
  endfacet
  facet normal 0.527592 -0.399362 -0.749771
    outer loop
      vertex 10.2745 -7.46487 38
      vertex 9.97352 -7.86249 38
      vertex 8.89919 -6.46564 36.5
    endloop
  endfacet
  facet normal 0.52758 -0.399373 -0.749773
    outer loop
      vertex 8.89919 -6.46564 36.5
      vertex 9.97352 -7.86249 38
      vertex 8.63849 -6.81003 36.5
    endloop
  endfacet
  facet normal 0.797344 -0.603525 0
    outer loop
      vertex 14.1357 -11.1437 1.5
      vertex 14.5623 -10.5801 0
      vertex 14.5623 -10.5801 1.5
    endloop
  endfacet
  facet normal 0.797344 -0.603525 0
    outer loop
      vertex 14.5623 -10.5801 0
      vertex 14.1357 -11.1437 1.5
      vertex 14.1357 -11.1437 0
    endloop
  endfacet
  facet normal 0.517157 -0.424449 0.74323
    outer loop
      vertex 14.1357 -11.1437 1.5
      vertex 13.3504 -10.5246 2.39999
      vertex 12.9269 -11.0406 2.39999
    endloop
  endfacet
  facet normal 0.517169 -0.424412 0.743243
    outer loop
      vertex 13.6873 -11.6901 1.5
      vertex 14.1357 -11.1437 1.5
      vertex 12.9269 -11.0406 2.39999
    endloop
  endfacet
  facet normal 0.76572 -0.628291 0.13756
    outer loop
      vertex 13.3504 -10.5246 2.39999
      vertex 12.9577 -10.215 6
      vertex 12.5467 -10.7159 6
    endloop
  endfacet
  facet normal 0.765643 -0.628391 0.137537
    outer loop
      vertex 12.9269 -11.0406 2.39999
      vertex 13.3504 -10.5246 2.39999
      vertex 12.5467 -10.7159 6
    endloop
  endfacet
  facet normal 0.643225 -0.52791 0.554592
    outer loop
      vertex 12.9577 -10.215 6
      vertex 12.3295 -9.71977 7.2
      vertex 11.9384 -10.1963 7.2
    endloop
  endfacet
  facet normal 0.643269 -0.527817 0.554629
    outer loop
      vertex 12.5467 -10.7159 6
      vertex 12.9577 -10.215 6
      vertex 11.9384 -10.1963 7.2
    endloop
  endfacet
  facet normal 0.661709 -0.542954 0.517052
    outer loop
      vertex 12.3295 -9.71977 7.2
      vertex 10.052 -7.92439 12
      vertex 9.73319 -8.31293 12
    endloop
  endfacet
  facet normal 0.66165 -0.543033 0.517044
    outer loop
      vertex 11.9384 -10.1963 7.2
      vertex 12.3295 -9.71977 7.2
      vertex 9.73319 -8.31293 12
    endloop
  endfacet
  facet normal 0.721803 -0.592394 0.357868
    outer loop
      vertex 10.052 -7.92439 12
      vertex 8.24583 -6.50049 18
      vertex 7.98426 -6.8192 18
    endloop
  endfacet
  facet normal 0.721865 -0.592314 0.357875
    outer loop
      vertex 9.73319 -8.31293 12
      vertex 10.052 -7.92439 12
      vertex 7.98426 -6.8192 18
    endloop
  endfacet
  facet normal 0.75168 -0.616875 -0.233329
    outer loop
      vertex 9.1882 -7.2434 23
      vertex 8.89675 -7.59854 23
      vertex 8.24583 -6.50049 18
    endloop
  endfacet
  facet normal 0.75166 -0.616898 -0.233331
    outer loop
      vertex 8.24583 -6.50049 18
      vertex 8.89675 -7.59854 23
      vertex 7.98426 -6.8192 18
    endloop
  endfacet
  facet normal 0.752308 -0.617366 -0.229982
    outer loop
      vertex 10.2091 -8.04822 28.5
      vertex 9.88528 -8.44282 28.5
      vertex 9.1882 -7.2434 23
    endloop
  endfacet
  facet normal 0.752296 -0.617381 -0.229983
    outer loop
      vertex 9.1882 -7.2434 23
      vertex 9.88528 -8.44282 28.5
      vertex 8.89675 -7.59854 23
    endloop
  endfacet
  facet normal 0.736251 -0.604218 0.30472
    outer loop
      vertex 10.2091 -8.04822 28.5
      vertex 9.58086 -7.55294 31
      vertex 9.27695 -7.92326 31
    endloop
  endfacet
  facet normal 0.736265 -0.6042 0.304724
    outer loop
      vertex 9.88528 -8.44282 28.5
      vertex 10.2091 -8.04822 28.5
      vertex 9.27695 -7.92326 31
    endloop
  endfacet
  facet normal 0.61211 -0.502326 0.610729
    outer loop
      vertex 9.58086 -7.55294 31
      vertex 7.46051 -5.88139 34.5
      vertex 7.22386 -6.16976 34.5
    endloop
  endfacet
  facet normal 0.612104 -0.502335 0.610728
    outer loop
      vertex 9.27695 -7.92326 31
      vertex 9.58086 -7.55294 31
      vertex 7.22386 -6.16976 34.5
    endloop
  endfacet
  facet normal 0.618446 -0.507555 -0.599927
    outer loop
      vertex 8.63849 -6.81003 36.5
      vertex 8.36446 -7.14393 36.5
      vertex 7.46051 -5.88139 34.5
    endloop
  endfacet
  facet normal 0.618462 -0.507539 -0.599924
    outer loop
      vertex 7.46051 -5.88139 34.5
      vertex 8.36446 -7.14393 36.5
      vertex 7.22386 -6.16976 34.5
    endloop
  endfacet
  facet normal 0.511498 -0.419773 -0.749773
    outer loop
      vertex 9.97352 -7.86249 38
      vertex 9.65715 -8.24799 38
      vertex 8.63849 -6.81003 36.5
    endloop
  endfacet
  facet normal 0.511492 -0.419779 -0.749774
    outer loop
      vertex 8.63849 -6.81003 36.5
      vertex 9.65715 -8.24799 38
      vertex 8.36446 -7.14393 36.5
    endloop
  endfacet
  facet normal 0.773024 -0.634377 0
    outer loop
      vertex 13.6873 -11.6901 1.5
      vertex 14.1357 -11.1437 0
      vertex 14.1357 -11.1437 1.5
    endloop
  endfacet
  facet normal 0.773024 -0.634377 0
    outer loop
      vertex 14.1357 -11.1437 0
      vertex 13.6873 -11.6901 1.5
      vertex 13.6873 -11.6901 0
    endloop
  endfacet
  facet normal 0.50011 -0.444386 0.743244
    outer loop
      vertex 13.6873 -11.6901 1.5
      vertex 12.9269 -11.0406 2.39999
      vertex 12.4835 -11.5396 2.39999
    endloop
  endfacet
  facet normal 0.500092 -0.444432 0.743228
    outer loop
      vertex 13.2178 -12.2184 1.5
      vertex 13.6873 -11.6901 1.5
      vertex 12.4835 -11.5396 2.39999
    endloop
  endfacet
  facet normal 0.740374 -0.657974 0.137537
    outer loop
      vertex 12.9269 -11.0406 2.39999
      vertex 12.5467 -10.7159 6
      vertex 12.1163 -11.2002 6
    endloop
  endfacet
  facet normal 0.74042 -0.65792 0.13755
    outer loop
      vertex 12.4835 -11.5396 2.39999
      vertex 12.9269 -11.0406 2.39999
      vertex 12.1163 -11.2002 6
    endloop
  endfacet
  facet normal 0.622043 -0.552672 0.554631
    outer loop
      vertex 12.5467 -10.7159 6
      vertex 11.9384 -10.1963 7.2
      vertex 11.5289 -10.6572 7.2
    endloop
  endfacet
  facet normal 0.621992 -0.552768 0.554593
    outer loop
      vertex 12.1163 -11.2002 6
      vertex 12.5467 -10.7159 6
      vertex 11.5289 -10.6572 7.2
    endloop
  endfacet
  facet normal 0.639832 -0.568579 0.517043
    outer loop
      vertex 11.9384 -10.1963 7.2
      vertex 9.73319 -8.31293 12
      vertex 9.39932 -8.68864 12
    endloop
  endfacet
  facet normal 0.639879 -0.568519 0.51705
    outer loop
      vertex 11.5289 -10.6572 7.2
      vertex 11.9384 -10.1963 7.2
      vertex 9.39932 -8.68864 12
    endloop
  endfacet
  facet normal 0.698014 -0.620243 0.357876
    outer loop
      vertex 9.73319 -8.31293 12
      vertex 7.98426 -6.8192 18
      vertex 7.71039 -7.12741 18
    endloop
  endfacet
  facet normal 0.697996 -0.620265 0.357874
    outer loop
      vertex 9.39932 -8.68864 12
      vertex 9.73319 -8.31293 12
      vertex 7.71039 -7.12741 18
    endloop
  endfacet
  facet normal 0.726875 -0.645918 -0.233331
    outer loop
      vertex 8.89675 -7.59854 23
      vertex 8.59157 -7.94197 23
      vertex 7.98426 -6.8192 18
    endloop
  endfacet
  facet normal 0.72689 -0.645901 -0.233329
    outer loop
      vertex 7.98426 -6.8192 18
      vertex 8.59157 -7.94197 23
      vertex 7.71039 -7.12741 18
    endloop
  endfacet
  facet normal 0.72747 -0.646448 -0.229983
    outer loop
      vertex 9.88528 -8.44282 28.5
      vertex 9.54619 -8.82441 28.5
      vertex 8.89675 -7.59854 23
    endloop
  endfacet
  facet normal 0.72747 -0.646447 -0.229983
    outer loop
      vertex 8.89675 -7.59854 23
      vertex 9.54619 -8.82441 28.5
      vertex 8.59157 -7.94197 23
    endloop
  endfacet
  facet normal 0.711962 -0.632656 0.304724
    outer loop
      vertex 9.88528 -8.44282 28.5
      vertex 9.27695 -7.92326 31
      vertex 8.95873 -8.28137 31
    endloop
  endfacet
  facet normal 0.711957 -0.632662 0.304723
    outer loop
      vertex 9.54619 -8.82441 28.5
      vertex 9.88528 -8.44282 28.5
      vertex 8.95873 -8.28137 31
    endloop
  endfacet
  facet normal 0.591899 -0.525991 0.610728
    outer loop
      vertex 9.27695 -7.92326 31
      vertex 7.22386 -6.16976 34.5
      vertex 6.97606 -6.44861 34.5
    endloop
  endfacet
  facet normal 0.59191 -0.525977 0.610729
    outer loop
      vertex 8.95873 -8.28137 31
      vertex 9.27695 -7.92326 31
      vertex 6.97606 -6.44861 34.5
    endloop
  endfacet
  facet normal 0.598057 -0.531431 -0.599924
    outer loop
      vertex 8.36446 -7.14393 36.5
      vertex 8.07755 -7.46681 36.5
      vertex 7.22386 -6.16976 34.5
    endloop
  endfacet
  facet normal 0.598039 -0.531448 -0.599927
    outer loop
      vertex 7.22386 -6.16976 34.5
      vertex 8.07755 -7.46681 36.5
      vertex 6.97606 -6.44861 34.5
    endloop
  endfacet
  facet normal 0.494622 -0.439531 -0.749774
    outer loop
      vertex 9.65715 -8.24799 38
      vertex 9.32589 -8.62077 38
      vertex 8.36446 -7.14393 36.5
    endloop
  endfacet
  facet normal 0.494629 -0.439525 -0.749773
    outer loop
      vertex 8.36446 -7.14393 36.5
      vertex 9.32589 -8.62077 38
      vertex 8.07755 -7.46681 36.5
    endloop
  endfacet
  facet normal 0.74748 -0.664285 0
    outer loop
      vertex 13.2178 -12.2184 1.5
      vertex 13.6873 -11.6901 0
      vertex 13.6873 -11.6901 1.5
    endloop
  endfacet
  facet normal 0.74748 -0.664285 0
    outer loop
      vertex 13.6873 -11.6901 0
      vertex 13.2178 -12.2184 1.5
      vertex 13.2178 -12.2184 0
    endloop
  endfacet
  facet normal 0.482261 -0.46372 0.743228
    outer loop
      vertex 13.2178 -12.2184 1.5
      vertex 12.4835 -11.5396 2.39999
      vertex 12.0208 -12.0208 2.39999
    endloop
  endfacet
  facet normal 0.482265 -0.463712 0.743231
    outer loop
      vertex 12.7279 -12.7279 1.5
      vertex 13.2178 -12.2184 1.5
      vertex 12.0208 -12.0208 2.39999
    endloop
  endfacet
  facet normal 0.714084 -0.686414 0.13755
    outer loop
      vertex 12.4835 -11.5396 2.39999
      vertex 12.1163 -11.2002 6
      vertex 11.6673 -11.6673 6
    endloop
  endfacet
  facet normal 0.713979 -0.686529 0.137522
    outer loop
      vertex 12.0208 -12.0208 2.39999
      vertex 12.4835 -11.5396 2.39999
      vertex 11.6673 -11.6673 6
    endloop
  endfacet
  facet normal 0.599826 -0.576746 0.554592
    outer loop
      vertex 12.1163 -11.2002 6
      vertex 11.5289 -10.6572 7.2
      vertex 11.1016 -11.1016 7.2
    endloop
  endfacet
  facet normal 0.599887 -0.576642 0.554635
    outer loop
      vertex 11.6673 -11.6673 6
      vertex 12.1163 -11.2002 6
      vertex 11.1016 -11.1016 7.2
    endloop
  endfacet
  facet normal 0.617022 -0.593248 0.51705
    outer loop
      vertex 11.5289 -10.6572 7.2
      vertex 9.39932 -8.68864 12
      vertex 9.05096 -9.05096 12
    endloop
  endfacet
  facet normal 0.617007 -0.593265 0.517048
    outer loop
      vertex 11.1016 -11.1016 7.2
      vertex 11.5289 -10.6572 7.2
      vertex 9.05096 -9.05096 12
    endloop
  endfacet
  facet normal 0.673102 -0.647194 0.357874
    outer loop
      vertex 9.39932 -8.68864 12
      vertex 7.71039 -7.12741 18
      vertex 7.42462 -7.42462 18
    endloop
  endfacet
  facet normal 0.673115 -0.64718 0.357875
    outer loop
      vertex 9.05096 -9.05096 12
      vertex 9.39932 -8.68864 12
      vertex 7.42462 -7.42462 18
    endloop
  endfacet
  facet normal 0.70096 -0.673953 -0.233329
    outer loop
      vertex 8.59157 -7.94197 23
      vertex 8.27315 -8.27315 23
      vertex 7.71039 -7.12741 18
    endloop
  endfacet
  facet normal 0.700947 -0.673966 -0.233331
    outer loop
      vertex 7.71039 -7.12741 18
      vertex 8.27315 -8.27315 23
      vertex 7.42462 -7.42462 18
    endloop
  endfacet
  facet normal 0.701536 -0.674503 -0.229983
    outer loop
      vertex 9.54619 -8.82441 28.5
      vertex 9.19239 -9.19239 28.5
      vertex 8.59157 -7.94197 23
    endloop
  endfacet
  facet normal 0.701534 -0.674505 -0.229984
    outer loop
      vertex 8.59157 -7.94197 23
      vertex 9.19239 -9.19239 28.5
      vertex 8.27315 -8.27315 23
    endloop
  endfacet
  facet normal 0.686569 -0.660127 0.304723
    outer loop
      vertex 9.54619 -8.82441 28.5
      vertex 8.95873 -8.28137 31
      vertex 8.6267 -8.6267 31
    endloop
  endfacet
  facet normal 0.686576 -0.660119 0.304725
    outer loop
      vertex 9.19239 -9.19239 28.5
      vertex 9.54619 -8.82441 28.5
      vertex 8.6267 -8.6267 31
    endloop
  endfacet
  facet normal 0.570792 -0.548822 0.610729
    outer loop
      vertex 8.95873 -8.28137 31
      vertex 6.97606 -6.44861 34.5
      vertex 6.71751 -6.71751 34.5
    endloop
  endfacet
  facet normal 0.570799 -0.548815 0.61073
    outer loop
      vertex 8.6267 -8.6267 31
      vertex 8.95873 -8.28137 31
      vertex 6.71751 -6.71751 34.5
    endloop
  endfacet
  facet normal 0.57671 -0.554521 -0.599927
    outer loop
      vertex 8.07755 -7.46681 36.5
      vertex 7.77817 -7.77817 36.5
      vertex 6.97606 -6.44861 34.5
    endloop
  endfacet
  facet normal 0.576715 -0.554517 -0.599926
    outer loop
      vertex 6.97606 -6.44861 34.5
      vertex 7.77817 -7.77817 36.5
      vertex 6.71751 -6.71751 34.5
    endloop
  endfacet
  facet normal 0.476981 -0.458617 -0.749773
    outer loop
      vertex 9.32589 -8.62077 38
      vertex 8.98025 -8.98025 38
      vertex 8.07755 -7.46681 36.5
    endloop
  endfacet
  facet normal 0.476974 -0.458622 -0.749774
    outer loop
      vertex 8.07755 -7.46681 36.5
      vertex 8.98025 -8.98025 38
      vertex 7.77817 -7.77817 36.5
    endloop
  endfacet
  facet normal 0.509818 -0.490137 0.707002
    outer loop
      vertex 9.25772 -9.03483 44.7621
      vertex 9.13393 -8.82043 45
      vertex 8.98027 -8.98026 45
    endloop
  endfacet
  facet normal 0.509644 -0.490218 0.707071
    outer loop
      vertex 9.25772 -9.03483 44.7621
      vertex 9.54594 -9.54594 44.2
      vertex 9.55023 -9.54148 44.2
    endloop
  endfacet
  facet normal 0 -0.974687 0.223576
    outer loop
      vertex 8.98026 -8.98026 45
      vertex 9.25772 -9.03483 44.7621
      vertex 8.98027 -8.98026 45
    endloop
  endfacet
  facet normal 0.509841 -0.490066 0.707034
    outer loop
      vertex 9.25772 -9.03483 44.7621
      vertex 8.98026 -8.98026 45
      vertex 9.54594 -9.54594 44.2
    endloop
  endfacet
  facet normal 0.720836 -0.693106 0
    outer loop
      vertex 12.7279 -12.7279 1.5
      vertex 13.2178 -12.2184 0
      vertex 13.2178 -12.2184 1.5
    endloop
  endfacet
  facet normal 0.720836 -0.693106 0
    outer loop
      vertex 13.2178 -12.2184 0
      vertex 12.7279 -12.7279 1.5
      vertex 12.7279 -12.7279 0
    endloop
  endfacet
  facet normal 0.463718 -0.482259 0.743231
    outer loop
      vertex 12.7279 -12.7279 1.5
      vertex 12.0208 -12.0208 2.39999
      vertex 11.5396 -12.4835 2.39999
    endloop
  endfacet
  facet normal 0.463714 -0.482267 0.743228
    outer loop
      vertex 12.2184 -13.2178 1.5
      vertex 12.7279 -12.7279 1.5
      vertex 11.5396 -12.4835 2.39999
    endloop
  endfacet
  facet normal 0.686416 -0.714087 0.137521
    outer loop
      vertex 12.0208 -12.0208 2.39999
      vertex 11.6673 -11.6673 6
      vertex 11.2002 -12.1163 6
    endloop
  endfacet
  facet normal 0.686527 -0.713976 0.137549
    outer loop
      vertex 11.5396 -12.4835 2.39999
      vertex 12.0208 -12.0208 2.39999
      vertex 11.2002 -12.1163 6
    endloop
  endfacet
  facet normal 0.576725 -0.599805 0.554636
    outer loop
      vertex 11.6673 -11.6673 6
      vertex 11.1016 -11.1016 7.2
      vertex 10.6572 -11.5289 7.2
    endloop
  endfacet
  facet normal 0.576661 -0.599907 0.554593
    outer loop
      vertex 11.2002 -12.1163 6
      vertex 11.6673 -11.6673 6
      vertex 10.6572 -11.5289 7.2
    endloop
  endfacet
  facet normal 0.593249 -0.617023 0.517048
    outer loop
      vertex 11.1016 -11.1016 7.2
      vertex 9.05096 -9.05096 12
      vertex 8.68864 -9.39932 12
    endloop
  endfacet
  facet normal 0.593264 -0.617006 0.51705
    outer loop
      vertex 10.6572 -11.5289 7.2
      vertex 11.1016 -11.1016 7.2
      vertex 8.68864 -9.39932 12
    endloop
  endfacet
  facet normal 0.647193 -0.673102 0.357875
    outer loop
      vertex 9.05096 -9.05096 12
      vertex 7.42462 -7.42462 18
      vertex 7.12741 -7.71039 18
    endloop
  endfacet
  facet normal 0.64718 -0.673115 0.357874
    outer loop
      vertex 8.68864 -9.39932 12
      vertex 9.05096 -9.05096 12
      vertex 7.12741 -7.71039 18
    endloop
  endfacet
  facet normal 0.673953 -0.70096 -0.233331
    outer loop
      vertex 8.27315 -8.27315 23
      vertex 7.94197 -8.59157 23
      vertex 7.42462 -7.42462 18
    endloop
  endfacet
  facet normal 0.673967 -0.700947 -0.233329
    outer loop
      vertex 7.42462 -7.42462 18
      vertex 7.94197 -8.59157 23
      vertex 7.12741 -7.71039 18
    endloop
  endfacet
  facet normal 0.674503 -0.701536 -0.229984
    outer loop
      vertex 9.19239 -9.19239 28.5
      vertex 8.82441 -9.54619 28.5
      vertex 8.27315 -8.27315 23
    endloop
  endfacet
  facet normal 0.674505 -0.701534 -0.229983
    outer loop
      vertex 8.27315 -8.27315 23
      vertex 8.82441 -9.54619 28.5
      vertex 7.94197 -8.59157 23
    endloop
  endfacet
  facet normal 0.660126 -0.686569 0.304725
    outer loop
      vertex 9.19239 -9.19239 28.5
      vertex 8.6267 -8.6267 31
      vertex 8.28137 -8.95873 31
    endloop
  endfacet
  facet normal 0.660119 -0.686576 0.304723
    outer loop
      vertex 8.82441 -9.54619 28.5
      vertex 9.19239 -9.19239 28.5
      vertex 8.28137 -8.95873 31
    endloop
  endfacet
  facet normal 0.548822 -0.570792 0.61073
    outer loop
      vertex 8.6267 -8.6267 31
      vertex 6.71751 -6.71751 34.5
      vertex 6.44861 -6.97606 34.5
    endloop
  endfacet
  facet normal 0.548815 -0.570799 0.610729
    outer loop
      vertex 8.28137 -8.95873 31
      vertex 8.6267 -8.6267 31
      vertex 6.44861 -6.97606 34.5
    endloop
  endfacet
  facet normal 0.554521 -0.576711 -0.599926
    outer loop
      vertex 7.77817 -7.77817 36.5
      vertex 7.46681 -8.07755 36.5
      vertex 6.71751 -6.71751 34.5
    endloop
  endfacet
  facet normal 0.554516 -0.576714 -0.599927
    outer loop
      vertex 6.71751 -6.71751 34.5
      vertex 7.46681 -8.07755 36.5
      vertex 6.44861 -6.97606 34.5
    endloop
  endfacet
  facet normal 0.458616 -0.47698 -0.749774
    outer loop
      vertex 8.98025 -8.98025 38
      vertex 8.62077 -9.32589 38
      vertex 7.77817 -7.77817 36.5
    endloop
  endfacet
  facet normal 0.458623 -0.476975 -0.749773
    outer loop
      vertex 7.77817 -7.77817 36.5
      vertex 8.62077 -9.32589 38
      vertex 7.46681 -8.07755 36.5
    endloop
  endfacet
  facet normal 0.816499 -0 0.577347
    outer loop
      vertex 8.98026 -8.98027 45
      vertex 9.54594 -9.54594 44.2
      vertex 8.98026 -8.98026 45
    endloop
  endfacet
  facet normal 0.490136 -0.509777 0.707032
    outer loop
      vertex 9.54594 -9.54594 44.2
      vertex 8.98026 -8.98027 45
      vertex 8.62078 -9.3259 45
    endloop
  endfacet
  facet normal 0.490137 -0.509774 0.707033
    outer loop
      vertex 8.62078 -9.3259 45
      vertex 9.16381 -9.91335 44.2
      vertex 9.54594 -9.54594 44.2
    endloop
  endfacet
  facet normal 0 -0.806028 0.591877
    outer loop
      vertex 9.16381 -9.91335 44.2
      vertex 8.62078 -9.3259 45
      vertex 8.62077 -9.3259 45
    endloop
  endfacet
  facet normal 0.693106 -0.720836 0
    outer loop
      vertex 12.2184 -13.2178 0
      vertex 12.7279 -12.7279 1.5
      vertex 12.2184 -13.2178 1.5
    endloop
  endfacet
  facet normal 0.693106 -0.720836 0
    outer loop
      vertex 12.7279 -12.7279 1.5
      vertex 12.2184 -13.2178 0
      vertex 12.7279 -12.7279 0
    endloop
  endfacet
  facet normal 0.444398 -0.500123 0.743228
    outer loop
      vertex 12.2184 -13.2178 1.5
      vertex 11.5396 -12.4835 2.39999
      vertex 11.0406 -12.9269 2.39999
    endloop
  endfacet
  facet normal 0.444421 -0.50008 0.743243
    outer loop
      vertex 11.6901 -13.6873 1.5
      vertex 12.2184 -13.2178 1.5
      vertex 11.0406 -12.9269 2.39999
    endloop
  endfacet
  facet normal 0.657973 -0.740373 0.13755
    outer loop
      vertex 11.5396 -12.4835 2.39999
      vertex 11.2002 -12.1163 6
      vertex 10.7159 -12.5467 6
    endloop
  endfacet
  facet normal 0.657921 -0.740421 0.137537
    outer loop
      vertex 11.0406 -12.9269 2.39999
      vertex 11.5396 -12.4835 2.39999
      vertex 10.7159 -12.5467 6
    endloop
  endfacet
  facet normal 0.55269 -0.622063 0.554592
    outer loop
      vertex 11.2002 -12.1163 6
      vertex 10.6572 -11.5289 7.2
      vertex 10.1963 -11.9384 7.2
    endloop
  endfacet
  facet normal 0.552751 -0.621974 0.55463
    outer loop
      vertex 10.7159 -12.5467 6
      vertex 11.2002 -12.1163 6
      vertex 10.1963 -11.9384 7.2
    endloop
  endfacet
  facet normal 0.568576 -0.639829 0.51705
    outer loop
      vertex 10.6572 -11.5289 7.2
      vertex 8.68864 -9.39932 12
      vertex 8.31293 -9.73319 12
    endloop
  endfacet
  facet normal 0.568522 -0.639882 0.517044
    outer loop
      vertex 10.1963 -11.9384 7.2
      vertex 10.6572 -11.5289 7.2
      vertex 8.31293 -9.73319 12
    endloop
  endfacet
  facet normal 0.620244 -0.698015 0.357873
    outer loop
      vertex 8.68864 -9.39932 12
      vertex 7.12741 -7.71039 18
      vertex 6.8192 -7.98426 18
    endloop
  endfacet
  facet normal 0.620265 -0.697995 0.357875
    outer loop
      vertex 8.31293 -9.73319 12
      vertex 8.68864 -9.39932 12
      vertex 6.8192 -7.98426 18
    endloop
  endfacet
  facet normal 0.645918 -0.726875 -0.233329
    outer loop
      vertex 7.94197 -8.59157 23
      vertex 7.59854 -8.89675 23
      vertex 7.12741 -7.71039 18
    endloop
  endfacet
  facet normal 0.645901 -0.726889 -0.233331
    outer loop
      vertex 7.12741 -7.71039 18
      vertex 7.59854 -8.89675 23
      vertex 6.8192 -7.98426 18
    endloop
  endfacet
  facet normal 0.646448 -0.72747 -0.229983
    outer loop
      vertex 8.82441 -9.54619 28.5
      vertex 8.44282 -9.88528 28.5
      vertex 7.94197 -8.59157 23
    endloop
  endfacet
  facet normal 0.646447 -0.72747 -0.229983
    outer loop
      vertex 7.94197 -8.59157 23
      vertex 8.44282 -9.88528 28.5
      vertex 7.59854 -8.89675 23
    endloop
  endfacet
  facet normal 0.632656 -0.711962 0.304723
    outer loop
      vertex 8.82441 -9.54619 28.5
      vertex 8.28137 -8.95873 31
      vertex 7.92326 -9.27695 31
    endloop
  endfacet
  facet normal 0.632662 -0.711957 0.304724
    outer loop
      vertex 8.44282 -9.88528 28.5
      vertex 8.82441 -9.54619 28.5
      vertex 7.92326 -9.27695 31
    endloop
  endfacet
  facet normal 0.52599 -0.591898 0.610729
    outer loop
      vertex 8.28137 -8.95873 31
      vertex 6.44861 -6.97606 34.5
      vertex 6.16976 -7.22386 34.5
    endloop
  endfacet
  facet normal 0.525978 -0.591911 0.610728
    outer loop
      vertex 7.92326 -9.27695 31
      vertex 8.28137 -8.95873 31
      vertex 6.16976 -7.22386 34.5
    endloop
  endfacet
  facet normal 0.53143 -0.598055 -0.599927
    outer loop
      vertex 7.46681 -8.07755 36.5
      vertex 7.14393 -8.36446 36.5
      vertex 6.44861 -6.97606 34.5
    endloop
  endfacet
  facet normal 0.531449 -0.598041 -0.599924
    outer loop
      vertex 6.44861 -6.97606 34.5
      vertex 7.14393 -8.36446 36.5
      vertex 6.16976 -7.22386 34.5
    endloop
  endfacet
  facet normal 0.439532 -0.494623 -0.749773
    outer loop
      vertex 8.62077 -9.32589 38
      vertex 8.24799 -9.65715 38
      vertex 7.46681 -8.07755 36.5
    endloop
  endfacet
  facet normal 0.439524 -0.494628 -0.749774
    outer loop
      vertex 7.46681 -8.07755 36.5
      vertex 8.24799 -9.65715 38
      vertex 7.14393 -8.36446 36.5
    endloop
  endfacet
  facet normal 0.469751 -0.528615 0.707036
    outer loop
      vertex 9.16381 -9.91335 44.2
      vertex 8.62077 -9.3259 45
      vertex 8.248 -9.65716 45
    endloop
  endfacet
  facet normal 0.469759 -0.528601 0.707041
    outer loop
      vertex 8.248 -9.65716 45
      vertex 8.76755 -10.2655 44.2
      vertex 9.16381 -9.91335 44.2
    endloop
  endfacet
  facet normal 0 -0.795999 0.605298
    outer loop
      vertex 8.24799 -9.65716 45
      vertex 8.76755 -10.2655 44.2
      vertex 8.248 -9.65716 45
    endloop
  endfacet
  facet normal 0.664285 -0.74748 0
    outer loop
      vertex 11.6901 -13.6873 0
      vertex 12.2184 -13.2178 1.5
      vertex 11.6901 -13.6873 1.5
    endloop
  endfacet
  facet normal 0.664285 -0.74748 0
    outer loop
      vertex 12.2184 -13.2178 1.5
      vertex 11.6901 -13.6873 0
      vertex 12.2184 -13.2178 0
    endloop
  endfacet
  facet normal 0.42444 -0.517146 0.743243
    outer loop
      vertex 11.6901 -13.6873 1.5
      vertex 11.0406 -12.9269 2.39999
      vertex 10.5246 -13.3504 2.39999
    endloop
  endfacet
  facet normal 0.424421 -0.51718 0.743231
    outer loop
      vertex 11.1437 -14.1357 1.5
      vertex 11.6901 -13.6873 1.5
      vertex 10.5246 -13.3504 2.39999
    endloop
  endfacet
  facet normal 0.628293 -0.765723 0.137537
    outer loop
      vertex 11.0406 -12.9269 2.39999
      vertex 10.7159 -12.5467 6
      vertex 10.215 -12.9577 6
    endloop
  endfacet
  facet normal 0.628389 -0.76564 0.13756
    outer loop
      vertex 10.5246 -13.3504 2.39999
      vertex 11.0406 -12.9269 2.39999
      vertex 10.215 -12.9577 6
    endloop
  endfacet
  facet normal 0.527895 -0.643205 0.55463
    outer loop
      vertex 10.7159 -12.5467 6
      vertex 10.1963 -11.9384 7.2
      vertex 9.71977 -12.3295 7.2
    endloop
  endfacet
  facet normal 0.527832 -0.643288 0.554593
    outer loop
      vertex 10.215 -12.9577 6
      vertex 10.7159 -12.5467 6
      vertex 9.71977 -12.3295 7.2
    endloop
  endfacet
  facet normal 0.542957 -0.661713 0.517043
    outer loop
      vertex 10.1963 -11.9384 7.2
      vertex 8.31293 -9.73319 12
      vertex 7.92439 -10.052 12
    endloop
  endfacet
  facet normal 0.54303 -0.661647 0.517051
    outer loop
      vertex 9.71977 -12.3295 7.2
      vertex 10.1963 -11.9384 7.2
      vertex 7.92439 -10.052 12
    endloop
  endfacet
  facet normal 0.592392 -0.721801 0.357876
    outer loop
      vertex 8.31293 -9.73319 12
      vertex 6.8192 -7.98426 18
      vertex 6.50049 -8.24583 18
    endloop
  endfacet
  facet normal 0.592316 -0.721867 0.357869
    outer loop
      vertex 7.92439 -10.052 12
      vertex 8.31293 -9.73319 12
      vertex 6.50049 -8.24583 18
    endloop
  endfacet
  facet normal 0.616875 -0.751679 -0.233331
    outer loop
      vertex 7.59854 -8.89675 23
      vertex 7.2434 -9.1882 23
      vertex 6.8192 -7.98426 18
    endloop
  endfacet
  facet normal 0.616899 -0.751661 -0.233329
    outer loop
      vertex 6.8192 -7.98426 18
      vertex 7.2434 -9.1882 23
      vertex 6.50049 -8.24583 18
    endloop
  endfacet
  facet normal 0.617365 -0.752308 -0.229983
    outer loop
      vertex 8.44282 -9.88528 28.5
      vertex 8.04822 -10.2091 28.5
      vertex 7.59854 -8.89675 23
    endloop
  endfacet
  facet normal 0.617381 -0.752296 -0.229982
    outer loop
      vertex 7.59854 -8.89675 23
      vertex 8.04822 -10.2091 28.5
      vertex 7.2434 -9.1882 23
    endloop
  endfacet
  facet normal 0.604217 -0.73625 0.304724
    outer loop
      vertex 8.44282 -9.88528 28.5
      vertex 7.92326 -9.27695 31
      vertex 7.55294 -9.58086 31
    endloop
  endfacet
  facet normal 0.604201 -0.736266 0.30472
    outer loop
      vertex 8.04822 -10.2091 28.5
      vertex 8.44282 -9.88528 28.5
      vertex 7.55294 -9.58086 31
    endloop
  endfacet
  facet normal 0.502327 -0.612111 0.610728
    outer loop
      vertex 7.92326 -9.27695 31
      vertex 6.16976 -7.22386 34.5
      vertex 5.88139 -7.46051 34.5
    endloop
  endfacet
  facet normal 0.502334 -0.612104 0.610729
    outer loop
      vertex 7.55294 -9.58086 31
      vertex 7.92326 -9.27695 31
      vertex 5.88139 -7.46051 34.5
    endloop
  endfacet
  facet normal 0.507557 -0.618448 -0.599924
    outer loop
      vertex 7.14393 -8.36446 36.5
      vertex 6.81003 -8.63849 36.5
      vertex 6.16976 -7.22386 34.5
    endloop
  endfacet
  facet normal 0.507538 -0.61846 -0.599927
    outer loop
      vertex 6.16976 -7.22386 34.5
      vertex 6.81003 -8.63849 36.5
      vertex 5.88139 -7.46051 34.5
    endloop
  endfacet
  facet normal 0.419773 -0.511497 -0.749774
    outer loop
      vertex 8.24799 -9.65715 38
      vertex 7.86249 -9.97352 38
      vertex 7.14393 -8.36446 36.5
    endloop
  endfacet
  facet normal 0.41978 -0.511493 -0.749773
    outer loop
      vertex 7.14393 -8.36446 36.5
      vertex 7.86249 -9.97352 38
      vertex 6.81003 -8.63849 36.5
    endloop
  endfacet
  facet normal 0.448629 -0.546645 0.707044
    outer loop
      vertex 8.76755 -10.2655 44.2
      vertex 8.24799 -9.65716 45
      vertex 7.8625 -9.97353 45
    endloop
  endfacet
  facet normal 0.448626 -0.546649 0.707043
    outer loop
      vertex 7.8625 -9.97353 45
      vertex 8.35777 -10.6018 44.2
      vertex 8.76755 -10.2655 44.2
    endloop
  endfacet
  facet normal 0.634377 -0.773024 0
    outer loop
      vertex 11.1437 -14.1357 0
      vertex 11.6901 -13.6873 1.5
      vertex 11.1437 -14.1357 1.5
    endloop
  endfacet
  facet normal 0.634377 -0.773024 0
    outer loop
      vertex 11.6901 -13.6873 1.5
      vertex 11.1437 -14.1357 0
      vertex 11.6901 -13.6873 0
    endloop
  endfacet
  facet normal 0.403799 -0.533437 0.74323
    outer loop
      vertex 11.1437 -14.1357 1.5
      vertex 10.5246 -13.3504 2.39999
      vertex 9.99235 -13.7533 2.39999
    endloop
  endfacet
  facet normal 0.403785 -0.533458 0.743222
    outer loop
      vertex 10.5801 -14.5623 1.5
      vertex 11.1437 -14.1357 1.5
      vertex 9.99235 -13.7533 2.39999
    endloop
  endfacet
  facet normal 0.597905 -0.789675 0.13756
    outer loop
      vertex 10.5246 -13.3504 2.39999
      vertex 10.215 -12.9577 6
      vertex 9.69846 -13.3488 6
    endloop
  endfacet
  facet normal 0.597817 -0.789745 0.13754
    outer loop
      vertex 9.99235 -13.7533 2.39999
      vertex 10.5246 -13.3504 2.39999
      vertex 9.69846 -13.3488 6
    endloop
  endfacet
  facet normal 0.502244 -0.663459 0.554593
    outer loop
      vertex 10.215 -12.9577 6
      vertex 9.71977 -12.3295 7.2
      vertex 9.22823 -12.7016 7.2
    endloop
  endfacet
  facet normal 0.502294 -0.663398 0.554621
    outer loop
      vertex 9.69846 -13.3488 6
      vertex 10.215 -12.9577 6
      vertex 9.22823 -12.7016 7.2
    endloop
  endfacet
  facet normal 0.51666 -0.682437 0.517052
    outer loop
      vertex 9.71977 -12.3295 7.2
      vertex 7.92439 -10.052 12
      vertex 7.52364 -10.3554 12
    endloop
  endfacet
  facet normal 0.51663 -0.682462 0.517049
    outer loop
      vertex 9.22823 -12.7016 7.2
      vertex 9.71977 -12.3295 7.2
      vertex 7.52364 -10.3554 12
    endloop
  endfacet
  facet normal 0.563573 -0.744524 0.357868
    outer loop
      vertex 7.92439 -10.052 12
      vertex 6.50049 -8.24583 18
      vertex 6.17174 -8.49468 18
    endloop
  endfacet
  facet normal 0.56363 -0.744478 0.357873
    outer loop
      vertex 7.52364 -10.3554 12
      vertex 7.92439 -10.052 12
      vertex 6.17174 -8.49468 18
    endloop
  endfacet
  facet normal 0.586901 -0.77531 -0.233329
    outer loop
      vertex 7.2434 -9.1882 23
      vertex 6.87708 -9.4655 23
      vertex 6.50049 -8.24583 18
    endloop
  endfacet
  facet normal 0.586885 -0.775321 -0.23333
    outer loop
      vertex 6.50049 -8.24583 18
      vertex 6.87708 -9.4655 23
      vertex 6.17174 -8.49468 18
    endloop
  endfacet
  facet normal 0.587379 -0.775947 -0.229982
    outer loop
      vertex 8.04822 -10.2091 28.5
      vertex 7.64121 -10.5172 28.5
      vertex 7.2434 -9.1882 23
    endloop
  endfacet
  facet normal 0.587382 -0.775945 -0.229981
    outer loop
      vertex 7.2434 -9.1882 23
      vertex 7.64121 -10.5172 28.5
      vertex 6.87708 -9.4655 23
    endloop
  endfacet
  facet normal 0.574857 -0.759398 0.30472
    outer loop
      vertex 8.04822 -10.2091 28.5
      vertex 7.55294 -9.58086 31
      vertex 7.17098 -9.87 31
    endloop
  endfacet
  facet normal 0.574854 -0.759401 0.304719
    outer loop
      vertex 7.64121 -10.5172 28.5
      vertex 8.04822 -10.2091 28.5
      vertex 7.17098 -9.87 31
    endloop
  endfacet
  facet normal 0.477922 -0.631349 0.610729
    outer loop
      vertex 7.55294 -9.58086 31
      vertex 5.88139 -7.46051 34.5
      vertex 5.58396 -7.68566 34.5
    endloop
  endfacet
  facet normal 0.477924 -0.631347 0.610729
    outer loop
      vertex 7.17098 -9.87 31
      vertex 7.55294 -9.58086 31
      vertex 5.58396 -7.68566 34.5
    endloop
  endfacet
  facet normal 0.482882 -0.637897 -0.599927
    outer loop
      vertex 6.81003 -8.63849 36.5
      vertex 6.46564 -8.89919 36.5
      vertex 5.88139 -7.46051 34.5
    endloop
  endfacet
  facet normal 0.48288 -0.637899 -0.599927
    outer loop
      vertex 5.88139 -7.46051 34.5
      vertex 6.46564 -8.89919 36.5
      vertex 5.58396 -7.68566 34.5
    endloop
  endfacet
  facet normal 0.399361 -0.52759 -0.749773
    outer loop
      vertex 7.86249 -9.97352 38
      vertex 7.46487 -10.2745 38
      vertex 6.81003 -8.63849 36.5
    endloop
  endfacet
  facet normal 0.399375 -0.527582 -0.749771
    outer loop
      vertex 6.81003 -8.63849 36.5
      vertex 7.46487 -10.2745 38
      vertex 6.46564 -8.89919 36.5
    endloop
  endfacet
  facet normal 0.426799 -0.563856 0.707043
    outer loop
      vertex 8.35777 -10.6018 44.2
      vertex 7.8625 -9.97353 45
      vertex 7.46488 -10.2745 45
    endloop
  endfacet
  facet normal 0.426779 -0.563884 0.707032
    outer loop
      vertex 7.46488 -10.2745 45
      vertex 7.9351 -10.9217 44.2
      vertex 8.35777 -10.6018 44.2
    endloop
  endfacet
  facet normal 0.603525 -0.797344 0
    outer loop
      vertex 10.5801 -14.5623 0
      vertex 11.1437 -14.1357 1.5
      vertex 10.5801 -14.5623 1.5
    endloop
  endfacet
  facet normal 0.603525 -0.797344 0
    outer loop
      vertex 11.1437 -14.1357 1.5
      vertex 10.5801 -14.5623 0
      vertex 11.1437 -14.1357 0
    endloop
  endfacet
  facet normal 0.382553 -0.548884 0.743222
    outer loop
      vertex 10.5801 -14.5623 1.5
      vertex 9.99235 -13.7533 2.39999
      vertex 9.44469 -14.135 2.39999
    endloop
  endfacet
  facet normal 0.3826 -0.548816 0.743249
    outer loop
      vertex 10.0003 -14.9665 1.5
      vertex 10.5801 -14.5623 1.5
      vertex 9.44469 -14.135 2.39999
    endloop
  endfacet
  facet normal 0.566282 -0.812655 0.137539
    outer loop
      vertex 9.99235 -13.7533 2.39999
      vertex 9.69846 -13.3488 6
      vertex 9.16691 -13.7192 6
    endloop
  endfacet
  facet normal 0.566355 -0.812601 0.137556
    outer loop
      vertex 9.44469 -14.135 2.39999
      vertex 9.99235 -13.7533 2.39999
      vertex 9.16691 -13.7192 6
    endloop
  endfacet
  facet normal 0.475778 -0.682664 0.554621
    outer loop
      vertex 9.69846 -13.3488 6
      vertex 9.22823 -12.7016 7.2
      vertex 8.72245 -13.0541 7.2
    endloop
  endfacet
  facet normal 0.475735 -0.682713 0.554598
    outer loop
      vertex 9.16691 -13.7192 6
      vertex 9.69846 -13.3488 6
      vertex 8.72245 -13.0541 7.2
    endloop
  endfacet
  facet normal 0.489434 -0.702221 0.517049
    outer loop
      vertex 9.22823 -12.7016 7.2
      vertex 7.52364 -10.3554 12
      vertex 7.11129 -10.6428 12
    endloop
  endfacet
  facet normal 0.489417 -0.702234 0.517047
    outer loop
      vertex 8.72245 -13.0541 7.2
      vertex 9.22823 -12.7016 7.2
      vertex 7.11129 -10.6428 12
    endloop
  endfacet
  facet normal 0.533923 -0.766063 0.357873
    outer loop
      vertex 7.52364 -10.3554 12
      vertex 6.17174 -8.49468 18
      vertex 5.83349 -8.73043 18
    endloop
  endfacet
  facet normal 0.533929 -0.766059 0.357874
    outer loop
      vertex 7.11129 -10.6428 12
      vertex 7.52364 -10.3554 12
      vertex 5.83349 -8.73043 18
    endloop
  endfacet
  facet normal 0.556003 -0.797758 -0.23333
    outer loop
      vertex 6.87708 -9.4655 23
      vertex 6.50017 -9.72819 23
      vertex 6.17174 -8.49468 18
    endloop
  endfacet
  facet normal 0.55601 -0.797753 -0.233329
    outer loop
      vertex 6.17174 -8.49468 18
      vertex 6.50017 -9.72819 23
      vertex 5.83349 -8.73043 18
    endloop
  endfacet
  facet normal 0.556477 -0.798399 -0.229981
    outer loop
      vertex 7.64121 -10.5172 28.5
      vertex 7.22241 -10.8091 28.5
      vertex 6.87708 -9.4655 23
    endloop
  endfacet
  facet normal 0.556459 -0.798412 -0.229983
    outer loop
      vertex 6.87708 -9.4655 23
      vertex 7.22241 -10.8091 28.5
      vertex 6.50017 -9.72819 23
    endloop
  endfacet
  facet normal 0.544569 -0.781403 0.304719
    outer loop
      vertex 7.64121 -10.5172 28.5
      vertex 7.17098 -9.87 31
      vertex 6.77796 -10.1439 31
    endloop
  endfacet
  facet normal 0.544609 -0.781372 0.304728
    outer loop
      vertex 7.22241 -10.8091 28.5
      vertex 7.64121 -10.5172 28.5
      vertex 6.77796 -10.1439 31
    endloop
  endfacet
  facet normal 0.452767 -0.649624 0.610729
    outer loop
      vertex 7.17098 -9.87 31
      vertex 5.58396 -7.68566 34.5
      vertex 5.27792 -7.89896 34.5
    endloop
  endfacet
  facet normal 0.452744 -0.649643 0.610727
    outer loop
      vertex 6.77796 -10.1439 31
      vertex 7.17098 -9.87 31
      vertex 5.27792 -7.89896 34.5
    endloop
  endfacet
  facet normal 0.457447 -0.656377 -0.599927
    outer loop
      vertex 6.46564 -8.89919 36.5
      vertex 6.11127 -9.14616 36.5
      vertex 5.58396 -7.68566 34.5
    endloop
  endfacet
  facet normal 0.457466 -0.656366 -0.599924
    outer loop
      vertex 5.58396 -7.68566 34.5
      vertex 6.11127 -9.14616 36.5
      vertex 5.27792 -7.89896 34.5
    endloop
  endfacet
  facet normal 0.378397 -0.542824 -0.749772
    outer loop
      vertex 7.46487 -10.2745 38
      vertex 7.05574 -10.5597 38
      vertex 6.46564 -8.89919 36.5
    endloop
  endfacet
  facet normal 0.378331 -0.542857 -0.749781
    outer loop
      vertex 6.46564 -8.89919 36.5
      vertex 7.05574 -10.5597 38
      vertex 6.11127 -9.14616 36.5
    endloop
  endfacet
  facet normal 0.404408 -0.580138 0.707032
    outer loop
      vertex 7.9351 -10.9217 44.2
      vertex 7.46488 -10.2745 45
      vertex 7.05575 -10.5597 45
    endloop
  endfacet
  facet normal 0.404363 -0.580196 0.70701
    outer loop
      vertex 7.05575 -10.5597 45
      vertex 7.5002 -11.2248 44.2
      vertex 7.9351 -10.9217 44.2
    endloop
  endfacet
  facet normal 0.571885 -0.820334 0
    outer loop
      vertex 10.0003 -14.9665 0
      vertex 10.5801 -14.5623 1.5
      vertex 10.0003 -14.9665 1.5
    endloop
  endfacet
  facet normal 0.571885 -0.820334 0
    outer loop
      vertex 10.5801 -14.5623 1.5
      vertex 10.0003 -14.9665 0
      vertex 10.5801 -14.5623 0
    endloop
  endfacet
  facet normal 0.360691 -0.563456 0.743249
    outer loop
      vertex 10.0003 -14.9665 1.5
      vertex 9.44469 -14.135 2.39999
      vertex 8.88247 -14.4949 2.39999
    endloop
  endfacet
  facet normal 0.360643 -0.563521 0.743223
    outer loop
      vertex 9.40497 -15.3475 1.5
      vertex 10.0003 -14.9665 1.5
      vertex 8.88247 -14.4949 2.39999
    endloop
  endfacet
  facet normal 0.534108 -0.83415 0.137556
    outer loop
      vertex 9.44469 -14.135 2.39999
      vertex 9.16691 -13.7192 6
      vertex 8.62123 -14.0686 6
    endloop
  endfacet
  facet normal 0.534014 -0.834214 0.137536
    outer loop
      vertex 8.88247 -14.4949 2.39999
      vertex 9.44469 -14.135 2.39999
      vertex 8.62123 -14.0686 6
    endloop
  endfacet
  facet normal 0.448557 -0.700871 0.554596
    outer loop
      vertex 9.16691 -13.7192 6
      vertex 8.72245 -13.0541 7.2
      vertex 8.20323 -13.3864 7.2
    endloop
  endfacet
  facet normal 0.448684 -0.700738 0.554661
    outer loop
      vertex 8.62123 -14.0686 6
      vertex 9.16691 -13.7192 6
      vertex 8.20323 -13.3864 7.2
    endloop
  endfacet
  facet normal 0.461497 -0.72089 0.517047
    outer loop
      vertex 8.72245 -13.0541 7.2
      vertex 7.11129 -10.6428 12
      vertex 6.68797 -10.9138 12
    endloop
  endfacet
  facet normal 0.461409 -0.720953 0.517038
    outer loop
      vertex 8.20323 -13.3864 7.2
      vertex 8.72245 -13.0541 7.2
      vertex 6.68797 -10.9138 12
    endloop
  endfacet
  facet normal 0.503422 -0.786443 0.357874
    outer loop
      vertex 7.11129 -10.6428 12
      vertex 5.83349 -8.73043 18
      vertex 5.48623 -8.95272 18
    endloop
  endfacet
  facet normal 0.503451 -0.786424 0.357876
    outer loop
      vertex 6.68797 -10.9138 12
      vertex 7.11129 -10.6428 12
      vertex 5.48623 -8.95272 18
    endloop
  endfacet
  facet normal 0.524262 -0.818967 -0.233329
    outer loop
      vertex 6.50017 -9.72819 23
      vertex 6.11323 -9.97589 23
      vertex 5.83349 -8.73043 18
    endloop
  endfacet
  facet normal 0.524247 -0.818976 -0.233331
    outer loop
      vertex 5.83349 -8.73043 18
      vertex 6.11323 -9.97589 23
      vertex 5.48623 -8.95272 18
    endloop
  endfacet
  facet normal 0.524665 -0.819655 -0.229983
    outer loop
      vertex 7.22241 -10.8091 28.5
      vertex 6.79248 -11.0843 28.5
      vertex 6.50017 -9.72819 23
    endloop
  endfacet
  facet normal 0.524692 -0.819638 -0.22998
    outer loop
      vertex 6.50017 -9.72819 23
      vertex 6.79248 -11.0843 28.5
      vertex 6.11323 -9.97589 23
    endloop
  endfacet
  facet normal 0.513519 -0.802147 0.304729
    outer loop
      vertex 7.22241 -10.8091 28.5
      vertex 6.77796 -10.1439 31
      vertex 6.37448 -10.4022 31
    endloop
  endfacet
  facet normal 0.513477 -0.802177 0.304719
    outer loop
      vertex 6.79248 -11.0843 28.5
      vertex 7.22241 -10.8091 28.5
      vertex 6.37448 -10.4022 31
    endloop
  endfacet
  facet normal 0.426913 -0.666902 0.610726
    outer loop
      vertex 6.77796 -10.1439 31
      vertex 5.27792 -7.89896 34.5
      vertex 4.96374 -8.10008 34.5
    endloop
  endfacet
  facet normal 0.42693 -0.66689 0.610728
    outer loop
      vertex 6.37448 -10.4022 31
      vertex 6.77796 -10.1439 31
      vertex 4.96374 -8.10008 34.5
    endloop
  endfacet
  facet normal 0.431345 -0.673819 -0.599924
    outer loop
      vertex 6.11127 -9.14616 36.5
      vertex 5.74748 -9.37904 36.5
      vertex 5.27792 -7.89896 34.5
    endloop
  endfacet
  facet normal 0.431342 -0.673821 -0.599925
    outer loop
      vertex 5.27792 -7.89896 34.5
      vertex 5.74748 -9.37904 36.5
      vertex 4.96374 -8.10008 34.5
    endloop
  endfacet
  facet normal 0.356678 -0.557323 -0.749781
    outer loop
      vertex 7.05574 -10.5597 38
      vertex 6.63573 -10.8285 38
      vertex 6.11127 -9.14616 36.5
    endloop
  endfacet
  facet normal 0.35675 -0.557292 -0.74977
    outer loop
      vertex 6.11127 -9.14616 36.5
      vertex 6.63573 -10.8285 38
      vertex 5.74748 -9.37904 36.5
    endloop
  endfacet
  facet normal 0 -0.768961 0.639295
    outer loop
      vertex 7.05574 -10.5597 45
      vertex 7.5002 -11.2248 44.2
      vertex 7.05575 -10.5597 45
    endloop
  endfacet
  facet normal 0.38122 -0.595657 0.707011
    outer loop
      vertex 7.5002 -11.2248 44.2
      vertex 7.05574 -10.5597 45
      vertex 6.63574 -10.8285 45
    endloop
  endfacet
  facet normal 0.381265 -0.595603 0.707032
    outer loop
      vertex 6.63574 -10.8285 45
      vertex 7.05373 -11.5106 44.2
      vertex 7.5002 -11.2248 44.2
    endloop
  endfacet
  facet normal 0 -0.760953 0.648807
    outer loop
      vertex 6.63573 -10.8285 45
      vertex 7.05373 -11.5106 44.2
      vertex 6.63574 -10.8285 45
    endloop
  endfacet
  facet normal 0.539042 -0.842279 0
    outer loop
      vertex 9.40497 -15.3475 0
      vertex 10.0003 -14.9665 1.5
      vertex 9.40497 -15.3475 1.5
    endloop
  endfacet
  facet normal 0.539042 -0.842279 0
    outer loop
      vertex 10.0003 -14.9665 1.5
      vertex 9.40497 -15.3475 0
      vertex 10.0003 -14.9665 0
    endloop
  endfacet
  facet normal 0.338273 -0.577228 0.743222
    outer loop
      vertex 9.40497 -15.3475 1.5
      vertex 8.88247 -14.4949 2.39999
      vertex 8.30656 -14.8324 2.39999
    endloop
  endfacet
  facet normal 0.338297 -0.577198 0.743235
    outer loop
      vertex 8.79518 -15.7049 1.5
      vertex 9.40497 -15.3475 1.5
      vertex 8.30656 -14.8324 2.39999
    endloop
  endfacet
  facet normal 0.500825 -0.854552 0.137536
    outer loop
      vertex 8.88247 -14.4949 2.39999
      vertex 8.62123 -14.0686 6
      vertex 8.06225 -14.3962 6
    endloop
  endfacet
  facet normal 0.500801 -0.854566 0.137531
    outer loop
      vertex 8.30656 -14.8324 2.39999
      vertex 8.88247 -14.4949 2.39999
      vertex 8.06225 -14.3962 6
    endloop
  endfacet
  facet normal 0.420805 -0.717824 0.554663
    outer loop
      vertex 8.62123 -14.0686 6
      vertex 8.20323 -13.3864 7.2
      vertex 7.67135 -13.6982 7.2
    endloop
  endfacet
  facet normal 0.420734 -0.717893 0.554628
    outer loop
      vertex 8.06225 -14.3962 6
      vertex 8.62123 -14.0686 6
      vertex 7.67135 -13.6982 7.2
    endloop
  endfacet
  facet normal 0.432762 -0.738505 0.517037
    outer loop
      vertex 8.20323 -13.3864 7.2
      vertex 6.68797 -10.9138 12
      vertex 6.25435 -11.1679 12
    endloop
  endfacet
  facet normal 0.432882 -0.738426 0.517049
    outer loop
      vertex 7.67135 -13.6982 7.2
      vertex 8.20323 -13.3864 7.2
      vertex 6.25435 -11.1679 12
    endloop
  endfacet
  facet normal 0.472175 -0.80559 0.357876
    outer loop
      vertex 6.68797 -10.9138 12
      vertex 5.48623 -8.95272 18
      vertex 5.13052 -9.16121 18
    endloop
  endfacet
  facet normal 0.4721 -0.805636 0.35787
    outer loop
      vertex 6.25435 -11.1679 12
      vertex 6.68797 -10.9138 12
      vertex 5.13052 -9.16121 18
    endloop
  endfacet
  facet normal 0.491699 -0.838921 -0.233331
    outer loop
      vertex 6.11323 -9.97589 23
      vertex 5.71687 -10.2082 23
      vertex 5.48623 -8.95272 18
    endloop
  endfacet
  facet normal 0.491708 -0.838916 -0.23333
    outer loop
      vertex 5.48623 -8.95272 18
      vertex 5.71687 -10.2082 23
      vertex 5.13052 -9.16121 18
    endloop
  endfacet
  facet normal 0.492071 -0.839628 -0.22998
    outer loop
      vertex 6.79248 -11.0843 28.5
      vertex 6.35208 -11.3424 28.5
      vertex 6.11323 -9.97589 23
    endloop
  endfacet
  facet normal 0.492103 -0.83961 -0.229977
    outer loop
      vertex 6.11323 -9.97589 23
      vertex 6.35208 -11.3424 28.5
      vertex 5.71687 -10.2082 23
    endloop
  endfacet
  facet normal 0.481551 -0.821739 0.304719
    outer loop
      vertex 6.79248 -11.0843 28.5
      vertex 6.37448 -10.4022 31
      vertex 5.96118 -10.6444 31
    endloop
  endfacet
  facet normal 0.481577 -0.821722 0.304724
    outer loop
      vertex 6.35208 -11.3424 28.5
      vertex 6.79248 -11.0843 28.5
      vertex 5.96118 -10.6444 31
    endloop
  endfacet
  facet normal 0.400394 -0.683151 0.610728
    outer loop
      vertex 6.37448 -10.4022 31
      vertex 4.96374 -8.10008 34.5
      vertex 4.6419 -8.28871 34.5
    endloop
  endfacet
  facet normal 0.400353 -0.683179 0.610724
    outer loop
      vertex 5.96118 -10.6444 31
      vertex 6.37448 -10.4022 31
      vertex 4.6419 -8.28871 34.5
    endloop
  endfacet
  facet normal 0.404563 -0.690231 -0.599925
    outer loop
      vertex 5.74748 -9.37904 36.5
      vertex 5.37483 -9.59746 36.5
      vertex 4.96374 -8.10008 34.5
    endloop
  endfacet
  facet normal 0.404548 -0.690238 -0.599927
    outer loop
      vertex 4.96374 -8.10008 34.5
      vertex 5.37483 -9.59746 36.5
      vertex 4.6419 -8.28871 34.5
    endloop
  endfacet
  facet normal 0.334624 -0.570851 -0.74977
    outer loop
      vertex 6.63573 -10.8285 38
      vertex 6.20549 -11.0807 38
      vertex 5.74748 -9.37904 36.5
    endloop
  endfacet
  facet normal 0.334597 -0.570862 -0.749774
    outer loop
      vertex 5.74748 -9.37904 36.5
      vertex 6.20549 -11.0807 38
      vertex 5.37483 -9.59746 36.5
    endloop
  endfacet
  facet normal 0.35763 -0.610084 0.707035
    outer loop
      vertex 7.05373 -11.5106 44.2
      vertex 6.63573 -10.8285 45
      vertex 6.2055 -11.0807 45
    endloop
  endfacet
  facet normal 0.357637 -0.610077 0.707038
    outer loop
      vertex 6.2055 -11.0807 45
      vertex 6.59639 -11.7787 44.2
      vertex 7.05373 -11.5106 44.2
    endloop
  endfacet
  facet normal 0 -0.753509 0.657437
    outer loop
      vertex 6.2055 -11.0807 45
      vertex 6.20549 -11.0807 45
      vertex 6.59639 -11.7787 44.2
    endloop
  endfacet
  facet normal 0.505653 -0.862737 0
    outer loop
      vertex 8.79518 -15.7049 0
      vertex 9.40497 -15.3475 1.5
      vertex 8.79518 -15.7049 1.5
    endloop
  endfacet
  facet normal 0.505653 -0.862737 0
    outer loop
      vertex 9.40497 -15.3475 1.5
      vertex 8.79518 -15.7049 0
      vertex 9.40497 -15.3475 0
    endloop
  endfacet
  facet normal 0.315396 -0.590023 0.743235
    outer loop
      vertex 8.79518 -15.7049 1.5
      vertex 8.30656 -14.8324 2.39999
      vertex 7.71784 -15.1471 2.39999
    endloop
  endfacet
  facet normal 0.31539 -0.590031 0.743232
    outer loop
      vertex 8.17183 -16.0381 1.5
      vertex 8.79518 -15.7049 1.5
      vertex 7.71784 -15.1471 2.39999
    endloop
  endfacet
  facet normal 0.466888 -0.873557 0.13753
    outer loop
      vertex 8.30656 -14.8324 2.39999
      vertex 8.06225 -14.3962 6
      vertex 7.49084 -14.7016 6
    endloop
  endfacet
  facet normal 0.466943 -0.873526 0.137542
    outer loop
      vertex 7.71784 -15.1471 2.39999
      vertex 8.30656 -14.8324 2.39999
      vertex 7.49084 -14.7016 6
    endloop
  endfacet
  facet normal 0.392234 -0.733853 0.554628
    outer loop
      vertex 8.06225 -14.3962 6
      vertex 7.67135 -13.6982 7.2
      vertex 7.12765 -13.9888 7.2
    endloop
  endfacet
  facet normal 0.392225 -0.733861 0.554624
    outer loop
      vertex 7.49084 -14.7016 6
      vertex 8.06225 -14.3962 6
      vertex 7.12765 -13.9888 7.2
    endloop
  endfacet
  facet normal 0.403576 -0.754841 0.51705
    outer loop
      vertex 7.67135 -13.6982 7.2
      vertex 6.25435 -11.1679 12
      vertex 5.81107 -11.4049 12
    endloop
  endfacet
  facet normal 0.403482 -0.754898 0.517041
    outer loop
      vertex 7.12765 -13.9888 7.2
      vertex 7.67135 -13.6982 7.2
      vertex 5.81107 -11.4049 12
    endloop
  endfacet
  facet normal 0.440179 -0.823512 0.35787
    outer loop
      vertex 6.25435 -11.1679 12
      vertex 5.13052 -9.16121 18
      vertex 4.7669 -9.35557 18
    endloop
  endfacet
  facet normal 0.440265 -0.823463 0.357876
    outer loop
      vertex 5.81107 -11.4049 12
      vertex 6.25435 -11.1679 12
      vertex 4.7669 -9.35557 18
    endloop
  endfacet
  facet normal 0.458429 -0.857555 -0.23333
    outer loop
      vertex 5.71687 -10.2082 23
      vertex 5.31169 -10.4248 23
      vertex 5.13052 -9.16121 18
    endloop
  endfacet
  facet normal 0.458387 -0.857576 -0.233334
    outer loop
      vertex 5.13052 -9.16121 18
      vertex 5.31169 -10.4248 23
      vertex 4.7669 -9.35557 18
    endloop
  endfacet
  facet normal 0.458855 -0.858232 -0.229977
    outer loop
      vertex 6.35208 -11.3424 28.5
      vertex 5.90188 -11.5831 28.5
      vertex 5.71687 -10.2082 23
    endloop
  endfacet
  facet normal 0.458805 -0.858258 -0.229982
    outer loop
      vertex 5.71687 -10.2082 23
      vertex 5.90188 -11.5831 28.5
      vertex 5.31169 -10.4248 23
    endloop
  endfacet
  facet normal 0.449084 -0.83992 0.304725
    outer loop
      vertex 6.35208 -11.3424 28.5
      vertex 5.96118 -10.6444 31
      vertex 5.53868 -10.8703 31
    endloop
  endfacet
  facet normal 0.449069 -0.839929 0.304721
    outer loop
      vertex 5.90188 -11.5831 28.5
      vertex 6.35208 -11.3424 28.5
      vertex 5.53868 -10.8703 31
    endloop
  endfacet
  facet normal 0.373275 -0.698343 0.610724
    outer loop
      vertex 5.96118 -10.6444 31
      vertex 4.6419 -8.28871 34.5
      vertex 4.31291 -8.46456 34.5
    endloop
  endfacet
  facet normal 0.373359 -0.698291 0.610731
    outer loop
      vertex 5.53868 -10.8703 31
      vertex 5.96118 -10.6444 31
      vertex 4.31291 -8.46456 34.5
    endloop
  endfacet
  facet normal 0.377134 -0.70559 -0.599927
    outer loop
      vertex 5.37483 -9.59746 36.5
      vertex 4.99389 -9.80107 36.5
      vertex 4.6419 -8.28871 34.5
    endloop
  endfacet
  facet normal 0.377146 -0.705585 -0.599925
    outer loop
      vertex 4.6419 -8.28871 34.5
      vertex 4.99389 -9.80107 36.5
      vertex 4.31291 -8.46456 34.5
    endloop
  endfacet
  facet normal 0.311937 -0.583552 -0.749775
    outer loop
      vertex 6.20549 -11.0807 38
      vertex 5.76568 -11.3158 38
      vertex 5.37483 -9.59746 36.5
    endloop
  endfacet
  facet normal 0.31191 -0.583562 -0.749778
    outer loop
      vertex 5.37483 -9.59746 36.5
      vertex 5.76568 -11.3158 38
      vertex 4.99389 -9.80107 36.5
    endloop
  endfacet
  facet normal 0.333383 -0.623658 0.707041
    outer loop
      vertex 6.59639 -11.7787 44.2
      vertex 6.20549 -11.0807 45
      vertex 5.76569 -11.3158 45
    endloop
  endfacet
  facet normal 0.333368 -0.623674 0.707034
    outer loop
      vertex 5.76569 -11.3158 45
      vertex 6.12887 -12.0286 44.2
      vertex 6.59639 -11.7787 44.2
    endloop
  endfacet
  facet normal 0 -0.746626 0.665244
    outer loop
      vertex 5.76568 -11.3158 45
      vertex 6.12887 -12.0286 44.2
      vertex 5.76569 -11.3158 45
    endloop
  endfacet
  facet normal 0.47141 -0.881914 0
    outer loop
      vertex 8.17183 -16.0381 0
      vertex 8.79518 -15.7049 1.5
      vertex 8.17183 -16.0381 1.5
    endloop
  endfacet
  facet normal 0.47141 -0.881914 0
    outer loop
      vertex 8.79518 -15.7049 1.5
      vertex 8.17183 -16.0381 0
      vertex 8.79518 -15.7049 0
    endloop
  endfacet
  facet normal 0.291955 -0.601971 0.743231
    outer loop
      vertex 8.17183 -16.0381 1.5
      vertex 7.71784 -15.1471 2.39999
      vertex 7.11722 -15.4384 2.39999
    endloop
  endfacet
  facet normal 0.291993 -0.601931 0.743249
    outer loop
      vertex 7.53587 -16.3466 1.5
      vertex 8.17183 -16.0381 1.5
      vertex 7.11722 -15.4384 2.39999
    endloop
  endfacet
  facet normal 0.432322 -0.891168 0.137542
    outer loop
      vertex 7.71784 -15.1471 2.39999
      vertex 7.49084 -14.7016 6
      vertex 6.90789 -14.9844 6
    endloop
  endfacet
  facet normal 0.432237 -0.891212 0.137525
    outer loop
      vertex 7.11722 -15.4384 2.39999
      vertex 7.71784 -15.1471 2.39999
      vertex 6.90789 -14.9844 6
    endloop
  endfacet
  facet normal 0.363089 -0.748705 0.554623
    outer loop
      vertex 7.49084 -14.7016 6
      vertex 7.12765 -13.9888 7.2
      vertex 6.57296 -14.2578 7.2
    endloop
  endfacet
  facet normal 0.363176 -0.748633 0.554663
    outer loop
      vertex 6.90789 -14.9844 6
      vertex 7.49084 -14.7016 6
      vertex 6.57296 -14.2578 7.2
    endloop
  endfacet
  facet normal 0.373484 -0.770181 0.51704
    outer loop
      vertex 7.12765 -13.9888 7.2
      vertex 5.81107 -11.4049 12
      vertex 5.35884 -11.6242 12
    endloop
  endfacet
  facet normal 0.3735 -0.770173 0.517042
    outer loop
      vertex 6.57296 -14.2578 7.2
      vertex 7.12765 -13.9888 7.2
      vertex 5.35884 -11.6242 12
    endloop
  endfacet
  facet normal 0.407499 -0.84016 0.357877
    outer loop
      vertex 5.81107 -11.4049 12
      vertex 4.7669 -9.35557 18
      vertex 4.39593 -9.5355 18
    endloop
  endfacet
  facet normal 0.407435 -0.840193 0.357872
    outer loop
      vertex 5.35884 -11.6242 12
      vertex 5.81107 -11.4049 12
      vertex 4.39593 -9.5355 18
    endloop
  endfacet
  facet normal 0.424365 -0.874911 -0.233334
    outer loop
      vertex 5.31169 -10.4248 23
      vertex 4.89832 -10.6253 23
      vertex 4.7669 -9.35557 18
    endloop
  endfacet
  facet normal 0.424356 -0.874915 -0.233335
    outer loop
      vertex 4.7669 -9.35557 18
      vertex 4.89832 -10.6253 23
      vertex 4.39593 -9.5355 18
    endloop
  endfacet
  facet normal 0.424747 -0.875613 -0.229983
    outer loop
      vertex 5.90188 -11.5831 28.5
      vertex 5.44258 -11.8059 28.5
      vertex 5.31169 -10.4248 23
    endloop
  endfacet
  facet normal 0.424713 -0.875629 -0.229986
    outer loop
      vertex 5.31169 -10.4248 23
      vertex 5.44258 -11.8059 28.5
      vertex 4.89832 -10.6253 23
    endloop
  endfacet
  facet normal 0.41555 -0.857008 0.304721
    outer loop
      vertex 5.90188 -11.5831 28.5
      vertex 5.53868 -10.8703 31
      vertex 5.10765 -11.0793 31
    endloop
  endfacet
  facet normal 0.415686 -0.856932 0.304749
    outer loop
      vertex 5.44258 -11.8059 28.5
      vertex 5.90188 -11.5831 28.5
      vertex 5.10765 -11.0793 31
    endloop
  endfacet
  facet normal 0.34557 -0.712452 0.610732
    outer loop
      vertex 5.53868 -10.8703 31
      vertex 4.31291 -8.46456 34.5
      vertex 3.97727 -8.62736 34.5
    endloop
  endfacet
  facet normal 0.345481 -0.712501 0.610725
    outer loop
      vertex 5.10765 -11.0793 31
      vertex 5.53868 -10.8703 31
      vertex 3.97727 -8.62736 34.5
    endloop
  endfacet
  facet normal 0.349153 -0.719848 -0.599925
    outer loop
      vertex 4.99389 -9.80107 36.5
      vertex 4.60526 -9.98957 36.5
      vertex 4.31291 -8.46456 34.5
    endloop
  endfacet
  facet normal 0.349157 -0.719847 -0.599925
    outer loop
      vertex 4.31291 -8.46456 34.5
      vertex 4.60526 -9.98957 36.5
      vertex 3.97727 -8.62736 34.5
    endloop
  endfacet
  facet normal 0.28873 -0.595372 -0.749778
    outer loop
      vertex 5.76568 -11.3158 38
      vertex 5.31698 -11.5334 38
      vertex 4.99389 -9.80107 36.5
    endloop
  endfacet
  facet normal 0.288771 -0.595359 -0.749772
    outer loop
      vertex 4.99389 -9.80107 36.5
      vertex 5.31698 -11.5334 38
      vertex 4.60526 -9.98957 36.5
    endloop
  endfacet
  facet normal 0.308584 -0.636299 0.707036
    outer loop
      vertex 6.12887 -12.0286 44.2
      vertex 5.76568 -11.3158 45
      vertex 5.31699 -11.5334 45
    endloop
  endfacet
  facet normal 0.308575 -0.636308 0.707032
    outer loop
      vertex 5.31699 -11.5334 45
      vertex 5.65191 -12.2599 44.2
      vertex 6.12887 -12.0286 44.2
    endloop
  endfacet
  facet normal 0 -0.740296 0.672281
    outer loop
      vertex 5.31699 -11.5334 45
      vertex 5.31698 -11.5334 45
      vertex 5.65191 -12.2599 44.2
    endloop
  endfacet
  facet normal 0.436452 -0.899728 0
    outer loop
      vertex 7.53587 -16.3466 0
      vertex 8.17183 -16.0381 1.5
      vertex 7.53587 -16.3466 1.5
    endloop
  endfacet
  facet normal 0.436452 -0.899728 0
    outer loop
      vertex 8.17183 -16.0381 1.5
      vertex 7.53587 -16.3466 0
      vertex 8.17183 -16.0381 0
    endloop
  endfacet
  facet normal 0.268174 -0.612912 0.74325
    outer loop
      vertex 7.53587 -16.3466 1.5
      vertex 7.11722 -15.4384 2.39999
      vertex 6.50562 -15.706 2.39999
    endloop
  endfacet
  facet normal 0.268082 -0.613002 0.743209
    outer loop
      vertex 6.8883 -16.6298 1.5
      vertex 7.53587 -16.3466 1.5
      vertex 6.50562 -15.706 2.39999
    endloop
  endfacet
  facet normal 0.396876 -0.907511 0.137524
    outer loop
      vertex 7.11722 -15.4384 2.39999
      vertex 6.90789 -14.9844 6
      vertex 6.31428 -15.244 6
    endloop
  endfacet
  facet normal 0.39704 -0.907435 0.137556
    outer loop
      vertex 6.50562 -15.706 2.39999
      vertex 7.11722 -15.4384 2.39999
      vertex 6.31428 -15.244 6
    endloop
  endfacet
  facet normal 0.333496 -0.762317 0.554665
    outer loop
      vertex 6.90789 -14.9844 6
      vertex 6.57296 -14.2578 7.2
      vertex 6.00813 -14.5049 7.2
    endloop
  endfacet
  facet normal 0.333409 -0.762384 0.554626
    outer loop
      vertex 6.31428 -15.244 6
      vertex 6.90789 -14.9844 6
      vertex 6.00813 -14.5049 7.2
    endloop
  endfacet
  facet normal 0.342987 -0.784238 0.517041
    outer loop
      vertex 6.57296 -14.2578 7.2
      vertex 5.35884 -11.6242 12
      vertex 4.89834 -11.8256 12
    endloop
  endfacet
  facet normal 0.343068 -0.784197 0.517049
    outer loop
      vertex 6.00813 -14.5049 7.2
      vertex 6.57296 -14.2578 7.2
      vertex 4.89834 -11.8256 12
    endloop
  endfacet
  facet normal 0.374205 -0.855511 0.357872
    outer loop
      vertex 5.35884 -11.6242 12
      vertex 4.39593 -9.5355 18
      vertex 4.01818 -9.70073 18
    endloop
  endfacet
  facet normal 0.374166 -0.855529 0.357869
    outer loop
      vertex 4.89834 -11.8256 12
      vertex 5.35884 -11.6242 12
      vertex 4.01818 -9.70073 18
    endloop
  endfacet
  facet normal 0.389654 -0.890912 -0.233335
    outer loop
      vertex 4.89832 -10.6253 23
      vertex 4.47739 -10.8094 23
      vertex 4.39593 -9.5355 18
    endloop
  endfacet
  facet normal 0.389685 -0.8909 -0.233332
    outer loop
      vertex 4.39593 -9.5355 18
      vertex 4.47739 -10.8094 23
      vertex 4.01818 -9.70073 18
    endloop
  endfacet
  facet normal 0.389885 -0.891682 -0.229985
    outer loop
      vertex 5.44258 -11.8059 28.5
      vertex 4.97488 -12.0104 28.5
      vertex 4.89832 -10.6253 23
    endloop
  endfacet
  facet normal 0.389974 -0.891645 -0.229977
    outer loop
      vertex 4.89832 -10.6253 23
      vertex 4.97488 -12.0104 28.5
      vertex 4.47739 -10.8094 23
    endloop
  endfacet
  facet normal 0.381714 -0.872595 0.30475
    outer loop
      vertex 5.44258 -11.8059 28.5
      vertex 5.10765 -11.0793 31
      vertex 4.66874 -11.2713 31
    endloop
  endfacet
  facet normal 0.381571 -0.872668 0.304721
    outer loop
      vertex 4.97488 -12.0104 28.5
      vertex 5.44258 -11.8059 28.5
      vertex 4.66874 -11.2713 31
    endloop
  endfacet
  facet normal 0.317335 -0.725476 0.610724
    outer loop
      vertex 5.10765 -11.0793 31
      vertex 3.97727 -8.62736 34.5
      vertex 3.63549 -8.77686 34.5
    endloop
  endfacet
  facet normal 0.317353 -0.725466 0.610725
    outer loop
      vertex 4.66874 -11.2713 31
      vertex 5.10765 -11.0793 31
      vertex 3.63549 -8.77686 34.5
    endloop
  endfacet
  facet normal 0.320668 -0.732981 -0.599925
    outer loop
      vertex 4.60526 -9.98957 36.5
      vertex 4.20952 -10.1627 36.5
      vertex 3.97727 -8.62736 34.5
    endloop
  endfacet
  facet normal 0.320624 -0.732996 -0.599931
    outer loop
      vertex 3.97727 -8.62736 34.5
      vertex 4.20952 -10.1627 36.5
      vertex 3.63549 -8.77686 34.5
    endloop
  endfacet
  facet normal 0.265227 -0.606214 -0.749773
    outer loop
      vertex 5.31698 -11.5334 38
      vertex 4.86008 -11.7333 38
      vertex 4.60526 -9.98957 36.5
    endloop
  endfacet
  facet normal 0.265211 -0.606218 -0.749775
    outer loop
      vertex 4.60526 -9.98957 36.5
      vertex 4.86008 -11.7333 38
      vertex 4.20952 -10.1627 36.5
    endloop
  endfacet
  facet normal 0.283464 -0.647882 0.707034
    outer loop
      vertex 5.65191 -12.2599 44.2
      vertex 5.31698 -11.5334 45
      vertex 4.86009 -11.7333 45
    endloop
  endfacet
  facet normal 0.283467 -0.647879 0.707035
    outer loop
      vertex 4.86009 -11.7333 45
      vertex 5.16623 -12.4724 44.2
      vertex 5.65191 -12.2599 44.2
    endloop
  endfacet
  facet normal 0 -0.734511 0.678597
    outer loop
      vertex 4.86009 -11.7333 45
      vertex 4.86008 -11.7333 45
      vertex 5.16623 -12.4724 44.2
    endloop
  endfacet
  facet normal 0.400686 -0.916215 0
    outer loop
      vertex 6.8883 -16.6298 0
      vertex 7.53587 -16.3466 1.5
      vertex 6.8883 -16.6298 1.5
    endloop
  endfacet
  facet normal 0.400686 -0.916215 0
    outer loop
      vertex 7.53587 -16.3466 1.5
      vertex 6.8883 -16.6298 0
      vertex 7.53587 -16.3466 0
    endloop
  endfacet
  facet normal 0.243851 -0.623039 0.743209
    outer loop
      vertex 6.8883 -16.6298 1.5
      vertex 6.50562 -15.706 2.39999
      vertex 5.88399 -15.9493 2.39999
    endloop
  endfacet
  facet normal 0.243845 -0.623045 0.743206
    outer loop
      vertex 6.23011 -16.8874 1.5
      vertex 6.8883 -16.6298 1.5
      vertex 5.88399 -15.9493 2.39999
    endloop
  endfacet
  facet normal 0.361077 -0.922335 0.137557
    outer loop
      vertex 6.50562 -15.706 2.39999
      vertex 6.31428 -15.244 6
      vertex 5.71093 -15.4802 6
    endloop
  endfacet
  facet normal 0.361005 -0.922365 0.137543
    outer loop
      vertex 5.88399 -15.9493 2.39999
      vertex 6.50562 -15.706 2.39999
      vertex 5.71093 -15.4802 6
    endloop
  endfacet
  facet normal 0.303282 -0.774862 0.554625
    outer loop
      vertex 6.31428 -15.244 6
      vertex 6.00813 -14.5049 7.2
      vertex 5.43404 -14.7296 7.2
    endloop
  endfacet
  facet normal 0.30333 -0.774828 0.554646
    outer loop
      vertex 5.71093 -15.4802 6
      vertex 6.31428 -15.244 6
      vertex 5.43404 -14.7296 7.2
    endloop
  endfacet
  facet normal 0.311984 -0.797074 0.517049
    outer loop
      vertex 6.00813 -14.5049 7.2
      vertex 4.89834 -11.8256 12
      vertex 4.43029 -12.0088 12
    endloop
  endfacet
  facet normal 0.311977 -0.797076 0.517049
    outer loop
      vertex 5.43404 -14.7296 7.2
      vertex 6.00813 -14.5049 7.2
      vertex 4.43029 -12.0088 12
    endloop
  endfacet
  facet normal 0.340342 -0.869539 0.357869
    outer loop
      vertex 4.89834 -11.8256 12
      vertex 4.01818 -9.70073 18
      vertex 3.63423 -9.85101 18
    endloop
  endfacet
  facet normal 0.340346 -0.869537 0.357869
    outer loop
      vertex 4.43029 -12.0088 12
      vertex 4.89834 -11.8256 12
      vertex 3.63423 -9.85101 18
    endloop
  endfacet
  facet normal 0.354327 -0.905543 -0.233332
    outer loop
      vertex 4.47739 -10.8094 23
      vertex 4.04957 -10.9768 23
      vertex 4.01818 -9.70073 18
    endloop
  endfacet
  facet normal 0.354421 -0.905509 -0.233324
    outer loop
      vertex 4.01818 -9.70073 18
      vertex 4.04957 -10.9768 23
      vertex 3.63423 -9.85101 18
    endloop
  endfacet
  facet normal 0.35478 -0.906224 -0.229977
    outer loop
      vertex 4.97488 -12.0104 28.5
      vertex 4.49952 -12.1965 28.5
      vertex 4.47739 -10.8094 23
    endloop
  endfacet
  facet normal 0.354616 -0.906284 -0.229992
    outer loop
      vertex 4.47739 -10.8094 23
      vertex 4.49952 -12.1965 28.5
      vertex 4.04957 -10.9768 23
    endloop
  endfacet
  facet normal 0.34713 -0.886931 0.30472
    outer loop
      vertex 4.97488 -12.0104 28.5
      vertex 4.66874 -11.2713 31
      vertex 4.22263 -11.4459 31
    endloop
  endfacet
  facet normal 0.347212 -0.886893 0.304737
    outer loop
      vertex 4.49952 -12.1965 28.5
      vertex 4.97488 -12.0104 28.5
      vertex 4.22263 -11.4459 31
    endloop
  endfacet
  facet normal 0.2886 -0.737377 0.610725
    outer loop
      vertex 4.66874 -11.2713 31
      vertex 3.63549 -8.77686 34.5
      vertex 3.28811 -8.91282 34.5
    endloop
  endfacet
  facet normal 0.288597 -0.737378 0.610725
    outer loop
      vertex 4.22263 -11.4459 31
      vertex 4.66874 -11.2713 31
      vertex 3.28811 -8.91282 34.5
    endloop
  endfacet
  facet normal 0.291547 -0.745039 -0.599931
    outer loop
      vertex 4.20952 -10.1627 36.5
      vertex 3.80729 -10.3201 36.5
      vertex 3.63549 -8.77686 34.5
    endloop
  endfacet
  facet normal 0.291593 -0.745026 -0.599925
    outer loop
      vertex 3.63549 -8.77686 34.5
      vertex 3.80729 -10.3201 36.5
      vertex 3.28811 -8.91282 34.5
    endloop
  endfacet
  facet normal 0.2411 -0.616205 -0.749775
    outer loop
      vertex 4.86008 -11.7333 38
      vertex 4.39569 -11.915 38
      vertex 4.20952 -10.1627 36.5
    endloop
  endfacet
  facet normal 0.24113 -0.616199 -0.749771
    outer loop
      vertex 4.20952 -10.1627 36.5
      vertex 4.39569 -11.915 38
      vertex 3.80729 -10.3201 36.5
    endloop
  endfacet
  facet normal 0.257673 -0.658562 0.707037
    outer loop
      vertex 5.16623 -12.4724 44.2
      vertex 4.86008 -11.7333 45
      vertex 4.39569 -11.915 45
    endloop
  endfacet
  facet normal 0.257725 -0.658519 0.707057
    outer loop
      vertex 4.39569 -11.915 45
      vertex 4.67258 -12.6656 44.2
      vertex 5.16623 -12.4724 44.2
    endloop
  endfacet
  facet normal 0.364457 -0.93122 0
    outer loop
      vertex 6.23011 -16.8874 0
      vertex 6.8883 -16.6298 1.5
      vertex 6.23011 -16.8874 1.5
    endloop
  endfacet
  facet normal 0.364457 -0.93122 0
    outer loop
      vertex 6.8883 -16.6298 1.5
      vertex 6.23011 -16.8874 0
      vertex 6.8883 -16.6298 0
    endloop
  endfacet
  facet normal 0.219199 -0.632138 0.743205
    outer loop
      vertex 6.23011 -16.8874 1.5
      vertex 5.88399 -15.9493 2.39999
      vertex 5.25329 -16.168 2.39999
    endloop
  endfacet
  facet normal 0.219224 -0.632116 0.743216
    outer loop
      vertex 5.56231 -17.119 1.5
      vertex 6.23011 -16.8874 1.5
      vertex 5.25329 -16.168 2.39999
    endloop
  endfacet
  facet normal 0.324414 -0.935862 0.137543
    outer loop
      vertex 5.88399 -15.9493 2.39999
      vertex 5.71093 -15.4802 6
      vertex 5.09878 -15.6924 6
    endloop
  endfacet
  facet normal 0.324505 -0.935828 0.13756
    outer loop
      vertex 5.25329 -16.168 2.39999
      vertex 5.88399 -15.9493 2.39999
      vertex 5.09878 -15.6924 6
    endloop
  endfacet
  facet normal 0.272637 -0.786152 0.554647
    outer loop
      vertex 5.71093 -15.4802 6
      vertex 5.43404 -14.7296 7.2
      vertex 4.85157 -14.9316 7.2
    endloop
  endfacet
  facet normal 0.272539 -0.786215 0.554606
    outer loop
      vertex 5.09878 -15.6924 6
      vertex 5.71093 -15.4802 6
      vertex 4.85157 -14.9316 7.2
    endloop
  endfacet
  facet normal 0.280476 -0.808699 0.517049
    outer loop
      vertex 5.43404 -14.7296 7.2
      vertex 4.43029 -12.0088 12
      vertex 3.95541 -12.1735 12
    endloop
  endfacet
  facet normal 0.280458 -0.808706 0.517047
    outer loop
      vertex 4.85157 -14.9316 7.2
      vertex 5.43404 -14.7296 7.2
      vertex 3.95541 -12.1735 12
    endloop
  endfacet
  facet normal 0.305923 -0.882236 0.357869
    outer loop
      vertex 4.43029 -12.0088 12
      vertex 3.63423 -9.85101 18
      vertex 3.24468 -9.98609 18
    endloop
  endfacet
  facet normal 0.305974 -0.882217 0.357873
    outer loop
      vertex 3.95541 -12.1735 12
      vertex 4.43029 -12.0088 12
      vertex 3.24468 -9.98609 18
    endloop
  endfacet
  facet normal 0.318734 -0.918678 -0.233324
    outer loop
      vertex 3.63423 -9.85101 18
      vertex 4.04957 -10.9768 23
      vertex 3.6155 -11.1274 23
    endloop
  endfacet
  facet normal 0.318577 -0.918728 -0.233338
    outer loop
      vertex 3.63423 -9.85101 18
      vertex 3.6155 -11.1274 23
      vertex 3.24468 -9.98609 18
    endloop
  endfacet
  facet normal 0.318767 -0.919506 -0.229991
    outer loop
      vertex 4.04957 -10.9768 23
      vertex 4.49952 -12.1965 28.5
      vertex 4.01722 -12.3637 28.5
    endloop
  endfacet
  facet normal 0.318996 -0.919432 -0.229971
    outer loop
      vertex 4.04957 -10.9768 23
      vertex 4.01722 -12.3637 28.5
      vertex 3.6155 -11.1274 23
    endloop
  endfacet
  facet normal 0.312127 -0.89984 0.304738
    outer loop
      vertex 4.49952 -12.1965 28.5
      vertex 4.22263 -11.4459 31
      vertex 3.77001 -11.6029 31
    endloop
  endfacet
  facet normal 0.311972 -0.899904 0.304708
    outer loop
      vertex 4.01722 -12.3637 28.5
      vertex 4.49952 -12.1965 28.5
      vertex 3.77001 -11.6029 31
    endloop
  endfacet
  facet normal 0.259433 -0.748137 0.610725
    outer loop
      vertex 4.22263 -11.4459 31
      vertex 3.28811 -8.91282 34.5
      vertex 2.93566 -9.03504 34.5
    endloop
  endfacet
  facet normal 0.259497 -0.748111 0.61073
    outer loop
      vertex 3.77001 -11.6029 31
      vertex 4.22263 -11.4459 31
      vertex 2.93566 -9.03504 34.5
    endloop
  endfacet
  facet normal 0.262095 -0.755908 -0.599924
    outer loop
      vertex 3.80729 -10.3201 36.5
      vertex 3.39919 -10.4616 36.5
      vertex 3.28811 -8.91282 34.5
    endloop
  endfacet
  facet normal 0.262126 -0.755901 -0.59992
    outer loop
      vertex 3.28811 -8.91282 34.5
      vertex 3.39919 -10.4616 36.5
      vertex 2.93566 -9.03504 34.5
    endloop
  endfacet
  facet normal 0.216803 -0.625173 -0.74977
    outer loop
      vertex 4.39569 -11.915 38
      vertex 3.92451 -12.0784 38
      vertex 3.80729 -10.3201 36.5
    endloop
  endfacet
  facet normal 0.216768 -0.625179 -0.749775
    outer loop
      vertex 3.80729 -10.3201 36.5
      vertex 3.92451 -12.0784 38
      vertex 3.39919 -10.4616 36.5
    endloop
  endfacet
  facet normal 0 -0.729264 0.684232
    outer loop
      vertex 4.39569 -11.915 45
      vertex 4.39568 -11.915 45
      vertex 4.67258 -12.6656 44.2
    endloop
  endfacet
  facet normal 0.231705 -0.668117 0.707059
    outer loop
      vertex 4.67258 -12.6656 44.2
      vertex 4.39568 -11.915 45
      vertex 3.92452 -12.0784 45
    endloop
  endfacet
  facet normal 0.231709 -0.668114 0.707061
    outer loop
      vertex 3.92452 -12.0784 45
      vertex 4.17173 -12.8393 44.2
      vertex 4.67258 -12.6656 44.2
    endloop
  endfacet
  facet normal 0.327664 -0.944794 0
    outer loop
      vertex 5.56231 -17.119 0
      vertex 6.23011 -16.8874 1.5
      vertex 5.56231 -17.119 1.5
    endloop
  endfacet
  facet normal 0.327664 -0.944794 0
    outer loop
      vertex 6.23011 -16.8874 1.5
      vertex 5.56231 -17.119 0
      vertex 6.23011 -16.8874 0
    endloop
  endfacet
  facet normal 0.194144 -0.640265 0.743215
    outer loop
      vertex 5.56231 -17.119 1.5
      vertex 5.25329 -16.168 2.39999
      vertex 4.61449 -16.3617 2.39999
    endloop
  endfacet
  facet normal 0.194225 -0.640203 0.743248
    outer loop
      vertex 4.88593 -17.3242 1.5
      vertex 5.56231 -17.119 1.5
      vertex 4.61449 -16.3617 2.39999
    endloop
  endfacet
  facet normal 0.287556 -0.947834 0.137561
    outer loop
      vertex 5.25329 -16.168 2.39999
      vertex 5.09878 -15.6924 6
      vertex 4.47877 -15.8805 6
    endloop
  endfacet
  facet normal 0.28742 -0.947879 0.137535
    outer loop
      vertex 4.61449 -16.3617 2.39999
      vertex 5.25329 -16.168 2.39999
      vertex 4.47877 -15.8805 6
    endloop
  endfacet
  facet normal 0.241473 -0.796307 0.554604
    outer loop
      vertex 5.09878 -15.6924 6
      vertex 4.85157 -14.9316 7.2
      vertex 4.26161 -15.1105 7.2
    endloop
  endfacet
  facet normal 0.241568 -0.796251 0.554643
    outer loop
      vertex 4.47877 -15.8805 6
      vertex 5.09878 -15.6924 6
      vertex 4.26161 -15.1105 7.2
    endloop
  endfacet
  facet normal 0.248465 -0.819101 0.517047
    outer loop
      vertex 4.85157 -14.9316 7.2
      vertex 3.95541 -12.1735 12
      vertex 3.47443 -12.3194 12
    endloop
  endfacet
  facet normal 0.248393 -0.819127 0.517041
    outer loop
      vertex 4.26161 -15.1105 7.2
      vertex 4.85157 -14.9316 7.2
      vertex 3.47443 -12.3194 12
    endloop
  endfacet
  facet normal 0.271104 -0.893549 0.357873
    outer loop
      vertex 3.95541 -12.1735 12
      vertex 3.24468 -9.98609 18
      vertex 2.85012 -10.1058 18
    endloop
  endfacet
  facet normal 0.271053 -0.893566 0.35787
    outer loop
      vertex 3.47443 -12.3194 12
      vertex 3.95541 -12.1735 12
      vertex 2.85012 -10.1058 18
    endloop
  endfacet
  facet normal 0.282143 -0.930564 -0.233337
    outer loop
      vertex 3.24468 -9.98609 18
      vertex 3.6155 -11.1274 23
      vertex 3.17585 -11.2607 23
    endloop
  endfacet
  facet normal 0.282319 -0.930514 -0.233322
    outer loop
      vertex 3.24468 -9.98609 18
      vertex 3.17585 -11.2607 23
      vertex 2.85012 -10.1058 18
    endloop
  endfacet
  facet normal 0.282536 -0.931282 -0.229972
    outer loop
      vertex 3.6155 -11.1274 23
      vertex 4.01722 -12.3637 28.5
      vertex 3.52873 -12.5119 28.5
    endloop
  endfacet
  facet normal 0.282375 -0.931328 -0.229986
    outer loop
      vertex 3.6155 -11.1274 23
      vertex 3.52873 -12.5119 28.5
      vertex 3.17585 -11.2607 23
    endloop
  endfacet
  facet normal 0.276542 -0.911415 0.304707
    outer loop
      vertex 4.01722 -12.3637 28.5
      vertex 3.77001 -11.6029 31
      vertex 3.31157 -11.742 31
    endloop
  endfacet
  facet normal 0.276512 -0.911426 0.304702
    outer loop
      vertex 3.52873 -12.5119 28.5
      vertex 4.01722 -12.3637 28.5
      vertex 3.31157 -11.742 31
    endloop
  endfacet
  facet normal 0.229842 -0.757747 0.610731
    outer loop
      vertex 3.77001 -11.6029 31
      vertex 2.93566 -9.03504 34.5
      vertex 2.57868 -9.14332 34.5
    endloop
  endfacet
  facet normal 0.229908 -0.757723 0.610736
    outer loop
      vertex 3.31157 -11.742 31
      vertex 3.77001 -11.6029 31
      vertex 2.57868 -9.14332 34.5
    endloop
  endfacet
  facet normal 0.232265 -0.765603 -0.59992
    outer loop
      vertex 3.39919 -10.4616 36.5
      vertex 2.98584 -10.587 36.5
      vertex 2.93566 -9.03504 34.5
    endloop
  endfacet
  facet normal 0.232227 -0.765611 -0.599925
    outer loop
      vertex 2.93566 -9.03504 34.5
      vertex 2.98584 -10.587 36.5
      vertex 2.57868 -9.14332 34.5
    endloop
  endfacet
  facet normal 0.192124 -0.633187 -0.749775
    outer loop
      vertex 3.92451 -12.0784 38
      vertex 3.44729 -12.2232 38
      vertex 3.39919 -10.4616 36.5
    endloop
  endfacet
  facet normal 0.192094 -0.633191 -0.749779
    outer loop
      vertex 3.39919 -10.4616 36.5
      vertex 3.44729 -12.2232 38
      vertex 2.98584 -10.587 36.5
    endloop
  endfacet
  facet normal 0.205323 -0.676687 0.707062
    outer loop
      vertex 4.17173 -12.8393 44.2
      vertex 3.92452 -12.0784 45
      vertex 3.4473 -12.2232 45
    endloop
  endfacet
  facet normal 0.20519 -0.67678 0.707012
    outer loop
      vertex 3.4473 -12.2232 45
      vertex 3.66445 -12.9931 44.2
      vertex 4.17173 -12.8393 44.2
    endloop
  endfacet
  facet normal 0 -0.720532 0.693422
    outer loop
      vertex 3.44729 -12.2232 45
      vertex 3.66445 -12.9931 44.2
      vertex 3.4473 -12.2232 45
    endloop
  endfacet
  facet normal 0.290314 -0.956932 0
    outer loop
      vertex 4.88593 -17.3242 0
      vertex 5.56231 -17.119 1.5
      vertex 4.88593 -17.3242 1.5
    endloop
  endfacet
  facet normal 0.290314 -0.956932 0
    outer loop
      vertex 5.56231 -17.119 1.5
      vertex 4.88593 -17.3242 0
      vertex 5.56231 -17.119 0
    endloop
  endfacet
  facet normal 0.168967 -0.647327 0.743249
    outer loop
      vertex 4.88593 -17.3242 1.5
      vertex 4.61449 -16.3617 2.39999
      vertex 3.96857 -16.5303 2.39999
    endloop
  endfacet
  facet normal 0.168954 -0.647336 0.743243
    outer loop
      vertex 4.20202 -17.5027 1.5
      vertex 4.88593 -17.3242 1.5
      vertex 3.96857 -16.5303 2.39999
    endloop
  endfacet
  facet normal 0.250103 -0.958401 0.137535
    outer loop
      vertex 4.61449 -16.3617 2.39999
      vertex 4.47877 -15.8805 6
      vertex 3.85185 -16.0441 6
    endloop
  endfacet
  facet normal 0.25016 -0.958385 0.137546
    outer loop
      vertex 3.96857 -16.5303 2.39999
      vertex 4.61449 -16.3617 2.39999
      vertex 3.85185 -16.0441 6
    endloop
  endfacet
  facet normal 0.210146 -0.805114 0.554644
    outer loop
      vertex 4.47877 -15.8805 6
      vertex 4.26161 -15.1105 7.2
      vertex 3.66509 -15.2662 7.2
    endloop
  endfacet
  facet normal 0.210107 -0.805135 0.554628
    outer loop
      vertex 3.85185 -16.0441 6
      vertex 4.47877 -15.8805 6
      vertex 3.66509 -15.2662 7.2
    endloop
  endfacet
  facet normal 0.216113 -0.82823 0.51704
    outer loop
      vertex 4.26161 -15.1105 7.2
      vertex 3.47443 -12.3194 12
      vertex 2.9881 -12.4463 12
    endloop
  endfacet
  facet normal 0.216174 -0.82821 0.517046
    outer loop
      vertex 3.66509 -15.2662 7.2
      vertex 4.26161 -15.1105 7.2
      vertex 2.9881 -12.4463 12
    endloop
  endfacet
  facet normal 0.235765 -0.903518 0.35787
    outer loop
      vertex 3.47443 -12.3194 12
      vertex 2.85012 -10.1058 18
      vertex 2.45118 -10.2099 18
    endloop
  endfacet
  facet normal 0.235759 -0.903519 0.357869
    outer loop
      vertex 2.9881 -12.4463 12
      vertex 3.47443 -12.3194 12
      vertex 2.45118 -10.2099 18
    endloop
  endfacet
  facet normal 0.24552 -0.940893 -0.233322
    outer loop
      vertex 2.85012 -10.1058 18
      vertex 3.17585 -11.2607 23
      vertex 2.73131 -11.3767 23
    endloop
  endfacet
  facet normal 0.245518 -0.940894 -0.233322
    outer loop
      vertex 2.85012 -10.1058 18
      vertex 2.73131 -11.3767 23
      vertex 2.45118 -10.2099 18
    endloop
  endfacet
  facet normal 0.245738 -0.941658 -0.229985
    outer loop
      vertex 3.17585 -11.2607 23
      vertex 3.52873 -12.5119 28.5
      vertex 3.03479 -12.6408 28.5
    endloop
  endfacet
  facet normal 0.245721 -0.941662 -0.229987
    outer loop
      vertex 3.17585 -11.2607 23
      vertex 3.03479 -12.6408 28.5
      vertex 2.73131 -11.3767 23
    endloop
  endfacet
  facet normal 0.240375 -0.921617 0.304701
    outer loop
      vertex 3.52873 -12.5119 28.5
      vertex 3.31157 -11.742 31
      vertex 2.84803 -11.8629 31
    endloop
  endfacet
  facet normal 0.240497 -0.921577 0.304724
    outer loop
      vertex 3.03479 -12.6408 28.5
      vertex 3.52873 -12.5119 28.5
      vertex 2.84803 -11.8629 31
    endloop
  endfacet
  facet normal 0.199934 -0.766177 0.610737
    outer loop
      vertex 3.31157 -11.742 31
      vertex 2.57868 -9.14332 34.5
      vertex 2.21773 -9.23751 34.5
    endloop
  endfacet
  facet normal 0.199841 -0.766207 0.610729
    outer loop
      vertex 2.84803 -11.8629 31
      vertex 3.31157 -11.742 31
      vertex 2.21773 -9.23751 34.5
    endloop
  endfacet
  facet normal 0.202077 -0.774115 -0.599926
    outer loop
      vertex 2.57868 -9.14332 34.5
      vertex 2.98584 -10.587 36.5
      vertex 2.5679 -10.6961 36.5
    endloop
  endfacet
  facet normal 0.202008 -0.774126 -0.599935
    outer loop
      vertex 2.57868 -9.14332 34.5
      vertex 2.5679 -10.6961 36.5
      vertex 2.21773 -9.23751 34.5
    endloop
  endfacet
  facet normal 0.167053 -0.640253 -0.749779
    outer loop
      vertex 2.98584 -10.587 36.5
      vertex 3.44729 -12.2232 38
      vertex 2.96476 -12.3491 38
    endloop
  endfacet
  facet normal 0.167131 -0.640245 -0.749769
    outer loop
      vertex 2.98584 -10.587 36.5
      vertex 2.96476 -12.3491 38
      vertex 2.5679 -10.6961 36.5
    endloop
  endfacet
  facet normal 0.178513 -0.684301 0.707012
    outer loop
      vertex 3.44729 -12.2232 45
      vertex 3.22843 -12.5918 44.6985
      vertex 3.66445 -12.9931 44.2
    endloop
  endfacet
  facet normal 0.178576 -0.684314 0.706983
    outer loop
      vertex 3.22843 -12.5918 44.6985
      vertex 3.44729 -12.2232 45
      vertex 3.07213 -12.3211 45
    endloop
  endfacet
  facet normal 0.178778 -0.684133 0.707107
    outer loop
      vertex 3.48689 -13.0395 44.2
      vertex 3.66445 -12.9931 44.2
      vertex 3.22843 -12.5918 44.6985
    endloop
  endfacet
  facet normal 0.252539 -0.967587 0
    outer loop
      vertex 4.20202 -17.5027 0
      vertex 4.88593 -17.3242 1.5
      vertex 4.20202 -17.5027 1.5
    endloop
  endfacet
  facet normal 0.252539 -0.967587 0
    outer loop
      vertex 4.88593 -17.3242 1.5
      vertex 4.20202 -17.5027 0
      vertex 4.88593 -17.3242 0
    endloop
  endfacet
  facet normal 0.143318 -0.65349 0.743243
    outer loop
      vertex 4.20202 -17.5027 1.5
      vertex 3.96857 -16.5303 2.39999
      vertex 3.31653 -16.6733 2.39999
    endloop
  endfacet
  facet normal 0.143309 -0.653496 0.74324
    outer loop
      vertex 3.51163 -17.6541 1.5
      vertex 4.20202 -17.5027 1.5
      vertex 3.31653 -16.6733 2.39999
    endloop
  endfacet
  facet normal 0.21234 -0.967467 0.137546
    outer loop
      vertex 3.96857 -16.5303 2.39999
      vertex 3.85185 -16.0441 6
      vertex 3.21899 -16.183 6
    endloop
  endfacet
  facet normal 0.212185 -0.967505 0.137517
    outer loop
      vertex 3.31653 -16.6733 2.39999
      vertex 3.96857 -16.5303 2.39999
      vertex 3.21899 -16.183 6
    endloop
  endfacet
  facet normal 0.1783 -0.812771 0.554628
    outer loop
      vertex 3.85185 -16.0441 6
      vertex 3.66509 -15.2662 7.2
      vertex 3.06292 -15.3983 7.2
    endloop
  endfacet
  facet normal 0.178378 -0.812733 0.554659
    outer loop
      vertex 3.21899 -16.183 6
      vertex 3.85185 -16.0441 6
      vertex 3.06292 -15.3983 7.2
    endloop
  endfacet
  facet normal 0.183411 -0.836077 0.517046
    outer loop
      vertex 3.66509 -15.2662 7.2
      vertex 2.9881 -12.4463 12
      vertex 2.49715 -12.554 12
    endloop
  endfacet
  facet normal 0.183413 -0.836076 0.517046
    outer loop
      vertex 3.06292 -15.3983 7.2
      vertex 3.66509 -15.2662 7.2
      vertex 2.49715 -12.554 12
    endloop
  endfacet
  facet normal 0.199983 -0.912106 0.357868
    outer loop
      vertex 2.9881 -12.4463 12
      vertex 2.45118 -10.2099 18
      vertex 2.04845 -10.2982 18
    endloop
  endfacet
  facet normal 0.200084 -0.912081 0.357875
    outer loop
      vertex 2.49715 -12.554 12
      vertex 2.9881 -12.4463 12
      vertex 2.04845 -10.2982 18
    endloop
  endfacet
  facet normal 0.208477 -0.949788 -0.233323
    outer loop
      vertex 2.45118 -10.2099 18
      vertex 2.73131 -11.3767 23
      vertex 2.28256 -11.4752 23
    endloop
  endfacet
  facet normal 0.208254 -0.949833 -0.233341
    outer loop
      vertex 2.45118 -10.2099 18
      vertex 2.28256 -11.4752 23
      vertex 2.04845 -10.2982 18
    endloop
  endfacet
  facet normal 0.208563 -0.950583 -0.229987
    outer loop
      vertex 2.73131 -11.3767 23
      vertex 3.03479 -12.6408 28.5
      vertex 2.53617 -12.7502 28.5
    endloop
  endfacet
  facet normal 0.208648 -0.950566 -0.229979
    outer loop
      vertex 2.73131 -11.3767 23
      vertex 2.53617 -12.7502 28.5
      vertex 2.28256 -11.4752 23
    endloop
  endfacet
  facet normal 0.204179 -0.930298 0.304724
    outer loop
      vertex 3.03479 -12.6408 28.5
      vertex 2.84803 -11.8629 31
      vertex 2.3801 -11.9656 31
    endloop
  endfacet
  facet normal 0.204116 -0.930315 0.304713
    outer loop
      vertex 2.53617 -12.7502 28.5
      vertex 3.03479 -12.6408 28.5
      vertex 2.3801 -11.9656 31
    endloop
  endfacet
  facet normal 0.169708 -0.77344 0.610728
    outer loop
      vertex 2.84803 -11.8629 31
      vertex 2.21773 -9.23751 34.5
      vertex 1.85336 -9.31746 34.5
    endloop
  endfacet
  facet normal 0.16975 -0.773429 0.610732
    outer loop
      vertex 2.3801 -11.9656 31
      vertex 2.84803 -11.8629 31
      vertex 1.85336 -9.31746 34.5
    endloop
  endfacet
  facet normal 0.171334 -0.781488 -0.599934
    outer loop
      vertex 2.21773 -9.23751 34.5
      vertex 2.5679 -10.6961 36.5
      vertex 2.14599 -10.7886 36.5
    endloop
  endfacet
  facet normal 0.17147 -0.781472 -0.599916
    outer loop
      vertex 2.21773 -9.23751 34.5
      vertex 2.14599 -10.7886 36.5
      vertex 1.85336 -9.31746 34.5
    endloop
  endfacet
  facet normal 0.141839 -0.646318 -0.74977
    outer loop
      vertex 2.5679 -10.6961 36.5
      vertex 2.96476 -12.3491 38
      vertex 2.47765 -12.456 38
    endloop
  endfacet
  facet normal 0.141701 -0.646327 -0.749788
    outer loop
      vertex 2.5679 -10.6961 36.5
      vertex 2.47765 -12.456 38
      vertex 2.14599 -10.7886 36.5
    endloop
  endfacet
  facet normal 0.214206 -0.976788 0
    outer loop
      vertex 3.51163 -17.6541 0
      vertex 4.20202 -17.5027 1.5
      vertex 3.51163 -17.6541 1.5
    endloop
  endfacet
  facet normal 0.214206 -0.976788 0
    outer loop
      vertex 4.20202 -17.5027 1.5
      vertex 3.51163 -17.6541 0
      vertex 4.20202 -17.5027 0
    endloop
  endfacet
  facet normal 0.11766 -0.658598 0.74324
    outer loop
      vertex 3.51163 -17.6541 1.5
      vertex 3.31653 -16.6733 2.39999
      vertex 2.65939 -16.7907 2.39999
    endloop
  endfacet
  facet normal 0.117653 -0.658602 0.743237
    outer loop
      vertex 2.81582 -17.7784 1.5
      vertex 3.51163 -17.6541 1.5
      vertex 2.65939 -16.7907 2.39999
    endloop
  endfacet
  facet normal 0.174126 -0.975074 0.137517
    outer loop
      vertex 3.31653 -16.6733 2.39999
      vertex 3.21899 -16.183 6
      vertex 2.58117 -16.2969 6
    endloop
  endfacet
  facet normal 0.174197 -0.975059 0.13753
    outer loop
      vertex 2.65939 -16.7907 2.39999
      vertex 3.31653 -16.6733 2.39999
      vertex 2.58117 -16.2969 6
    endloop
  endfacet
  facet normal 0.146304 -0.819114 0.55466
    outer loop
      vertex 3.21899 -16.183 6
      vertex 3.06292 -15.3983 7.2
      vertex 2.45602 -15.5067 7.2
    endloop
  endfacet
  facet normal 0.146277 -0.819126 0.55465
    outer loop
      vertex 2.58117 -16.2969 6
      vertex 3.21899 -16.183 6
      vertex 2.45602 -15.5067 7.2
    endloop
  endfacet
  facet normal 0.150543 -0.842615 0.517046
    outer loop
      vertex 3.06292 -15.3983 7.2
      vertex 2.49715 -12.554 12
      vertex 2.00236 -12.6424 12
    endloop
  endfacet
  facet normal 0.150503 -0.842624 0.517043
    outer loop
      vertex 2.45602 -15.5067 7.2
      vertex 3.06292 -15.3983 7.2
      vertex 2.00236 -12.6424 12
    endloop
  endfacet
  facet normal 0.164191 -0.919221 0.357875
    outer loop
      vertex 2.49715 -12.554 12
      vertex 2.04845 -10.2982 18
      vertex 1.64256 -10.3707 18
    endloop
  endfacet
  facet normal 0.164228 -0.919213 0.357878
    outer loop
      vertex 2.00236 -12.6424 12
      vertex 2.49715 -12.554 12
      vertex 1.64256 -10.3707 18
    endloop
  endfacet
  facet normal 0.171011 -0.957239 -0.233341
    outer loop
      vertex 2.04845 -10.2982 18
      vertex 2.28256 -11.4752 23
      vertex 1.83028 -11.556 23
    endloop
  endfacet
  facet normal 0.170983 -0.957244 -0.233344
    outer loop
      vertex 2.04845 -10.2982 18
      vertex 1.83028 -11.556 23
      vertex 1.64256 -10.3707 18
    endloop
  endfacet
  facet normal 0.171013 -0.958052 -0.229979
    outer loop
      vertex 2.28256 -11.4752 23
      vertex 2.53617 -12.7502 28.5
      vertex 2.03365 -12.8399 28.5
    endloop
  endfacet
  facet normal 0.171152 -0.95803 -0.229968
    outer loop
      vertex 2.28256 -11.4752 23
      vertex 2.03365 -12.8399 28.5
      vertex 1.83028 -11.556 23
    endloop
  endfacet
  facet normal 0.167403 -0.937617 0.304713
    outer loop
      vertex 2.53617 -12.7502 28.5
      vertex 2.3801 -11.9656 31
      vertex 1.9085 -12.0498 31
    endloop
  endfacet
  facet normal 0.167367 -0.937626 0.304706
    outer loop
      vertex 2.03365 -12.8399 28.5
      vertex 2.53617 -12.7502 28.5
      vertex 1.9085 -12.0498 31
    endloop
  endfacet
  facet normal 0.139204 -0.779505 0.610732
    outer loop
      vertex 2.3801 -11.9656 31
      vertex 1.85336 -9.31746 34.5
      vertex 1.48613 -9.38304 34.5
    endloop
  endfacet
  facet normal 0.139175 -0.779512 0.61073
    outer loop
      vertex 1.9085 -12.0498 31
      vertex 2.3801 -11.9656 31
      vertex 1.48613 -9.38304 34.5
    endloop
  endfacet
  facet normal 0.140768 -0.787581 -0.599917
    outer loop
      vertex 1.85336 -9.31746 34.5
      vertex 2.14599 -10.7886 36.5
      vertex 1.72078 -10.8646 36.5
    endloop
  endfacet
  facet normal 0.140648 -0.78759 -0.599933
    outer loop
      vertex 1.85336 -9.31746 34.5
      vertex 1.72078 -10.8646 36.5
      vertex 1.48613 -9.38304 34.5
    endloop
  endfacet
  facet normal 0.116232 -0.651391 -0.749786
    outer loop
      vertex 2.14599 -10.7886 36.5
      vertex 2.47765 -12.456 38
      vertex 1.98672 -12.5436 38
    endloop
  endfacet
  facet normal 0.116426 -0.651387 -0.74976
    outer loop
      vertex 2.14599 -10.7886 36.5
      vertex 1.98672 -12.5436 38
      vertex 1.72078 -10.8646 36.5
    endloop
  endfacet
  facet normal 0.175857 -0.984416 0
    outer loop
      vertex 2.81582 -17.7784 0
      vertex 3.51163 -17.6541 1.5
      vertex 2.81582 -17.7784 1.5
    endloop
  endfacet
  facet normal 0.175857 -0.984416 0
    outer loop
      vertex 3.51163 -17.6541 1.5
      vertex 2.81582 -17.7784 0
      vertex 3.51163 -17.6541 0
    endloop
  endfacet
  facet normal 0.0917024 -0.662713 0.743238
    outer loop
      vertex 2.81582 -17.7784 1.5
      vertex 2.65939 -16.7907 2.39999
      vertex 1.99814 -16.8822 2.39999
    endloop
  endfacet
  facet normal 0.0916296 -0.662753 0.743211
    outer loop
      vertex 2.11567 -17.8752 1.5
      vertex 2.81582 -17.7784 1.5
      vertex 1.99814 -16.8822 2.39999
    endloop
  endfacet
  facet normal 0.135603 -0.981171 0.13753
    outer loop
      vertex 2.65939 -16.7907 2.39999
      vertex 2.58117 -16.2969 6
      vertex 1.93937 -16.3856 6
    endloop
  endfacet
  facet normal 0.135765 -0.981145 0.137559
    outer loop
      vertex 1.99814 -16.8822 2.39999
      vertex 2.65939 -16.7907 2.39999
      vertex 1.93937 -16.3856 6
    endloop
  endfacet
  facet normal 0.114049 -0.824231 0.55465
    outer loop
      vertex 2.58117 -16.2969 6
      vertex 2.45602 -15.5067 7.2
      vertex 1.84534 -15.5912 7.2
    endloop
  endfacet
  facet normal 0.11392 -0.824282 0.554601
    outer loop
      vertex 1.93937 -16.3856 6
      vertex 2.58117 -16.2969 6
      vertex 1.84534 -15.5912 7.2
    endloop
  endfacet
  facet normal 0.117335 -0.847879 0.517044
    outer loop
      vertex 2.45602 -15.5067 7.2
      vertex 2.00236 -12.6424 12
      vertex 1.50448 -12.7113 12
    endloop
  endfacet
  facet normal 0.117322 -0.847881 0.517042
    outer loop
      vertex 1.84534 -15.5912 7.2
      vertex 2.45602 -15.5067 7.2
      vertex 1.50448 -12.7113 12
    endloop
  endfacet
  facet normal 0.127957 -0.92496 0.357878
    outer loop
      vertex 2.00236 -12.6424 12
      vertex 1.64256 -10.3707 18
      vertex 1.23414 -10.4272 18
    endloop
  endfacet
  facet normal 0.128001 -0.924952 0.357881
    outer loop
      vertex 1.50448 -12.7113 12
      vertex 2.00236 -12.6424 12
      vertex 1.23414 -10.4272 18
    endloop
  endfacet
  facet normal 0.133133 -0.963237 -0.233343
    outer loop
      vertex 1.64256 -10.3707 18
      vertex 1.83028 -11.556 23
      vertex 1.37519 -11.6189 23
    endloop
  endfacet
  facet normal 0.13325 -0.963224 -0.233334
    outer loop
      vertex 1.64256 -10.3707 18
      vertex 1.37519 -11.6189 23
      vertex 1.23414 -10.4272 18
    endloop
  endfacet
  facet normal 0.13345 -0.964005 -0.229968
    outer loop
      vertex 1.83028 -11.556 23
      vertex 2.03365 -12.8399 28.5
      vertex 1.52799 -12.9099 28.5
    endloop
  endfacet
  facet normal 0.133243 -0.96403 -0.229986
    outer loop
      vertex 1.83028 -11.556 23
      vertex 1.52799 -12.9099 28.5
      vertex 1.37519 -11.6189 23
    endloop
  endfacet
  facet normal 0.130425 -0.943475 0.304705
    outer loop
      vertex 2.03365 -12.8399 28.5
      vertex 1.9085 -12.0498 31
      vertex 1.43396 -12.1154 31
    endloop
  endfacet
  facet normal 0.130603 -0.943439 0.304737
    outer loop
      vertex 1.52799 -12.9099 28.5
      vertex 2.03365 -12.8399 28.5
      vertex 1.43396 -12.1154 31
    endloop
  endfacet
  facet normal 0.108487 -0.784372 0.61073
    outer loop
      vertex 1.9085 -12.0498 31
      vertex 1.48613 -9.38304 34.5
      vertex 1.1166 -9.43415 34.5
    endloop
  endfacet
  facet normal 0.108432 -0.784383 0.610725
    outer loop
      vertex 1.43396 -12.1154 31
      vertex 1.9085 -12.0498 31
      vertex 1.1166 -9.43415 34.5
    endloop
  endfacet
  facet normal 0.10965 -0.7925 -0.599933
    outer loop
      vertex 1.48613 -9.38304 34.5
      vertex 1.72078 -10.8646 36.5
      vertex 1.29291 -10.9238 36.5
    endloop
  endfacet
  facet normal 0.109612 -0.792502 -0.599938
    outer loop
      vertex 1.48613 -9.38304 34.5
      vertex 1.29291 -10.9238 36.5
      vertex 1.1166 -9.43415 34.5
    endloop
  endfacet
  facet normal 0.0907552 -0.655454 -0.749762
    outer loop
      vertex 1.72078 -10.8646 36.5
      vertex 1.98672 -12.5436 38
      vertex 1.49272 -12.612 38
    endloop
  endfacet
  facet normal 0.0906884 -0.655453 -0.749771
    outer loop
      vertex 1.72078 -10.8646 36.5
      vertex 1.49272 -12.612 38
      vertex 1.29291 -10.9238 36.5
    endloop
  endfacet
  facet normal 0.136953 -0.990577 0
    outer loop
      vertex 2.11567 -17.8752 0
      vertex 2.81582 -17.7784 1.5
      vertex 2.11567 -17.8752 1.5
    endloop
  endfacet
  facet normal 0.136953 -0.990577 0
    outer loop
      vertex 2.81582 -17.7784 1.5
      vertex 2.11567 -17.8752 0
      vertex 2.81582 -17.7784 0
    endloop
  endfacet
  facet normal 0.0655476 -0.665839 0.74321
    outer loop
      vertex 2.11567 -17.8752 1.5
      vertex 1.99814 -16.8822 2.39999
      vertex 1.3338 -16.9476 2.39999
    endloop
  endfacet
  facet normal 0.0655961 -0.665815 0.743228
    outer loop
      vertex 1.41226 -17.9445 1.5
      vertex 2.11567 -17.8752 1.5
      vertex 1.3338 -16.9476 2.39999
    endloop
  endfacet
  facet normal 0.0970744 -0.985725 0.13756
    outer loop
      vertex 1.99814 -16.8822 2.39999
      vertex 1.93937 -16.3856 6
      vertex 1.29457 -16.4491 6
    endloop
  endfacet
  facet normal 0.0970387 -0.985729 0.137553
    outer loop
      vertex 1.3338 -16.9476 2.39999
      vertex 1.99814 -16.8822 2.39999
      vertex 1.29457 -16.4491 6
    endloop
  endfacet
  facet normal 0.0815251 -0.828114 0.5546
    outer loop
      vertex 1.93937 -16.3856 6
      vertex 1.84534 -15.5912 7.2
      vertex 1.23181 -15.6516 7.2
    endloop
  endfacet
  facet normal 0.0815519 -0.828105 0.55461
    outer loop
      vertex 1.29457 -16.4491 6
      vertex 1.93937 -16.3856 6
      vertex 1.23181 -15.6516 7.2
    endloop
  endfacet
  facet normal 0.0837885 -0.851849 0.517042
    outer loop
      vertex 1.84534 -15.5912 7.2
      vertex 1.50448 -12.7113 12
      vertex 1.00428 -12.7605 12
    endloop
  endfacet
  facet normal 0.0838607 -0.851838 0.517048
    outer loop
      vertex 1.23181 -15.6516 7.2
      vertex 1.84534 -15.5912 7.2
      vertex 1.00428 -12.7605 12
    endloop
  endfacet
  facet normal 0.091496 -0.929274 0.357881
    outer loop
      vertex 1.50448 -12.7113 12
      vertex 1.23414 -10.4272 18
      vertex 0.82382 -10.4676 18
    endloop
  endfacet
  facet normal 0.0914051 -0.929285 0.357875
    outer loop
      vertex 1.00428 -12.7605 12
      vertex 1.50448 -12.7113 12
      vertex 0.82382 -10.4676 18
    endloop
  endfacet
  facet normal 0.0952442 -0.967721 -0.233333
    outer loop
      vertex 1.23414 -10.4272 18
      vertex 1.37519 -11.6189 23
      vertex 0.917971 -11.6639 23
    endloop
  endfacet
  facet normal 0.0952813 -0.967718 -0.23333
    outer loop
      vertex 1.23414 -10.4272 18
      vertex 0.917971 -11.6639 23
      vertex 0.82382 -10.4676 18
    endloop
  endfacet
  facet normal 0.0953225 -0.968515 -0.229985
    outer loop
      vertex 1.37519 -11.6189 23
      vertex 1.52799 -12.9099 28.5
      vertex 1.01997 -12.9599 28.5
    endloop
  endfacet
  facet normal 0.0953223 -0.968515 -0.229985
    outer loop
      vertex 1.37519 -11.6189 23
      vertex 1.01997 -12.9599 28.5
      vertex 0.917971 -11.6639 23
    endloop
  endfacet
  facet normal 0.0934402 -0.947841 0.304738
    outer loop
      vertex 1.52799 -12.9099 28.5
      vertex 1.43396 -12.1154 31
      vertex 0.9572 -12.1624 31
    endloop
  endfacet
  facet normal 0.0932901 -0.947865 0.304711
    outer loop
      vertex 1.01997 -12.9599 28.5
      vertex 1.52799 -12.9099 28.5
      vertex 0.9572 -12.1624 31
    endloop
  endfacet
  facet normal 0.0776061 -0.788031 0.610725
    outer loop
      vertex 1.43396 -12.1154 31
      vertex 1.1166 -9.43415 34.5
      vertex 0.745361 -9.47071 34.5
    endloop
  endfacet
  facet normal 0.0776845 -0.788018 0.610731
    outer loop
      vertex 0.9572 -12.1624 31
      vertex 1.43396 -12.1154 31
      vertex 0.745361 -9.47071 34.5
    endloop
  endfacet
  facet normal 0.0783495 -0.796201 -0.599937
    outer loop
      vertex 1.1166 -9.43415 34.5
      vertex 1.29291 -10.9238 36.5
      vertex 0.86305 -10.9661 36.5
    endloop
  endfacet
  facet normal 0.0784107 -0.796201 -0.59993
    outer loop
      vertex 1.1166 -9.43415 34.5
      vertex 0.86305 -10.9661 36.5
      vertex 0.745361 -9.47071 34.5
    endloop
  endfacet
  facet normal 0.0647521 -0.658522 -0.74977
    outer loop
      vertex 1.29291 -10.9238 36.5
      vertex 1.49272 -12.612 38
      vertex 0.996429 -12.6608 38
    endloop
  endfacet
  facet normal 0.0648016 -0.658525 -0.749764
    outer loop
      vertex 1.29291 -10.9238 36.5
      vertex 0.996429 -12.6608 38
      vertex 0.86305 -10.9661 36.5
    endloop
  endfacet
  facet normal 0.0980454 -0.995182 0
    outer loop
      vertex 1.41226 -17.9445 0
      vertex 2.11567 -17.8752 1.5
      vertex 1.41226 -17.9445 1.5
    endloop
  endfacet
  facet normal 0.0980454 -0.995182 0
    outer loop
      vertex 2.11567 -17.8752 1.5
      vertex 1.41226 -17.9445 0
      vertex 2.11567 -17.8752 0
    endloop
  endfacet
  facet normal 0.0393882 -0.667878 0.743228
    outer loop
      vertex 1.41226 -17.9445 1.5
      vertex 1.3338 -16.9476 2.39999
      vertex 0.667417 -16.9869 2.39999
    endloop
  endfacet
  facet normal 0.0393772 -0.667883 0.743224
    outer loop
      vertex 0.706676 -17.9861 1.5
      vertex 1.41226 -17.9445 1.5
      vertex 0.667417 -16.9869 2.39999
    endloop
  endfacet
  facet normal 0.0583983 -0.988771 0.137553
    outer loop
      vertex 1.3338 -16.9476 2.39999
      vertex 1.29457 -16.4491 6
      vertex 0.647786 -16.4873 6
    endloop
  endfacet
  facet normal 0.0583133 -0.988778 0.137538
    outer loop
      vertex 0.667417 -16.9869 2.39999
      vertex 1.3338 -16.9476 2.39999
      vertex 0.647786 -16.4873 6
    endloop
  endfacet
  facet normal 0.0489953 -0.830667 0.55461
    outer loop
      vertex 1.29457 -16.4491 6
      vertex 1.23181 -15.6516 7.2
      vertex 0.616379 -15.6879 7.2
    endloop
  endfacet
  facet normal 0.0490592 -0.830647 0.554634
    outer loop
      vertex 0.647786 -16.4873 6
      vertex 1.29457 -16.4491 6
      vertex 0.616379 -15.6879 7.2
    endloop
  endfacet
  facet normal 0.0504076 -0.854471 0.517048
    outer loop
      vertex 1.23181 -15.6516 7.2
      vertex 1.00428 -12.7605 12
      vertex 0.502524 -12.7901 12
    endloop
  endfacet
  facet normal 0.0503994 -0.854472 0.517047
    outer loop
      vertex 0.616379 -15.6879 7.2
      vertex 1.23181 -15.6516 7.2
      vertex 0.502524 -12.7901 12
    endloop
  endfacet
  facet normal 0.055033 -0.932146 0.357875
    outer loop
      vertex 1.00428 -12.7605 12
      vertex 0.82382 -10.4676 18
      vertex 0.412228 -10.4919 18
    endloop
  endfacet
  facet normal 0.0549902 -0.93215 0.357872
    outer loop
      vertex 0.502524 -12.7901 12
      vertex 1.00428 -12.7605 12
      vertex 0.412228 -10.4919 18
    endloop
  endfacet
  facet normal 0.0573577 -0.970704 -0.233331
    outer loop
      vertex 0.82382 -10.4676 18
      vertex 0.917971 -11.6639 23
      vertex 0.459339 -11.691 23
    endloop
  endfacet
  facet normal 0.0573096 -0.970706 -0.233335
    outer loop
      vertex 0.82382 -10.4676 18
      vertex 0.459339 -11.691 23
      vertex 0.412228 -10.4919 18
    endloop
  endfacet
  facet normal 0.0573834 -0.971501 -0.229985
    outer loop
      vertex 0.917971 -11.6639 23
      vertex 1.01997 -12.9599 28.5
      vertex 0.510377 -12.99 28.5
    endloop
  endfacet
  facet normal 0.0574047 -0.9715 -0.229983
    outer loop
      vertex 0.917971 -11.6639 23
      vertex 0.510377 -12.99 28.5
      vertex 0.459339 -11.691 23
    endloop
  endfacet
  facet normal 0.0560659 -0.950793 0.304711
    outer loop
      vertex 1.01997 -12.9599 28.5
      vertex 0.9572 -12.1624 31
      vertex 0.47897 -12.1906 31
    endloop
  endfacet
  facet normal 0.0561596 -0.950782 0.304728
    outer loop
      vertex 0.510377 -12.99 28.5
      vertex 1.01997 -12.9599 28.5
      vertex 0.47897 -12.1906 31
    endloop
  endfacet
  facet normal 0.0466348 -0.790463 0.610732
    outer loop
      vertex 0.9572 -12.1624 31
      vertex 0.745361 -9.47071 34.5
      vertex 0.372968 -9.49268 34.5
    endloop
  endfacet
  facet normal 0.0466118 -0.790466 0.61073
    outer loop
      vertex 0.47897 -12.1906 31
      vertex 0.9572 -12.1624 31
      vertex 0.372968 -9.49268 34.5
    endloop
  endfacet
  facet normal 0.0470466 -0.798669 -0.599929
    outer loop
      vertex 0.745361 -9.47071 34.5
      vertex 0.86305 -10.9661 36.5
      vertex 0.431857 -10.9915 36.5
    endloop
  endfacet
  facet normal 0.0471191 -0.798671 -0.59992
    outer loop
      vertex 0.745361 -9.47071 34.5
      vertex 0.431857 -10.9915 36.5
      vertex 0.372968 -9.49268 34.5
    endloop
  endfacet
  facet normal 0.0390099 -0.660555 -0.749764
    outer loop
      vertex 0.86305 -10.9661 36.5
      vertex 0.996429 -12.6608 38
      vertex 0.498599 -12.6902 38
    endloop
  endfacet
  facet normal 0.0389103 -0.660545 -0.749777
    outer loop
      vertex 0.86305 -10.9661 36.5
      vertex 0.498599 -12.6902 38
      vertex 0.431857 -10.9915 36.5
    endloop
  endfacet
  facet normal 0.058856 -0.998266 0
    outer loop
      vertex 0.706676 -17.9861 0
      vertex 1.41226 -17.9445 1.5
      vertex 0.706676 -17.9861 1.5
    endloop
  endfacet
  facet normal 0.058856 -0.998266 0
    outer loop
      vertex 1.41226 -17.9445 1.5
      vertex 0.706676 -17.9861 0
      vertex 1.41226 -17.9445 0
    endloop
  endfacet
  facet normal 0.0131294 -0.668914 0.743224
    outer loop
      vertex 0.706676 -17.9861 1.5
      vertex 0.667417 -16.9869 2.39999
      vertex 0 -17 2.39999
    endloop
  endfacet
  facet normal 0.013157 -0.668903 0.743234
    outer loop
      vertex 0.706676 -17.9861 1.5
      vertex 0 -17 2.39999
      vertex 0 -18 1.5
    endloop
  endfacet
  facet normal 0.0194152 -0.990306 0.137538
    outer loop
      vertex 0.667417 -16.9869 2.39999
      vertex 0.647786 -16.4873 6
      vertex 0 -16.5 6
    endloop
  endfacet
  facet normal 0.0194376 -0.990305 0.137542
    outer loop
      vertex 0.667417 -16.9869 2.39999
      vertex 0 -16.5 6
      vertex 0 -17 2.39999
    endloop
  endfacet
  facet normal 0.0163315 -0.831934 0.554634
    outer loop
      vertex 0.647786 -16.4873 6
      vertex 0.616379 -15.6879 7.2
      vertex 0 -15.7 7.2
    endloop
  endfacet
  facet normal 0.0163104 -0.83194 0.554626
    outer loop
      vertex 0.647786 -16.4873 6
      vertex 0 -15.7 7.2
      vertex 0 -16.5 6
    endloop
  endfacet
  facet normal 0.0168595 -0.85579 0.517048
    outer loop
      vertex 0.616379 -15.6879 7.2
      vertex 0.502524 -12.7901 12
      vertex 0 -12.8 12
    endloop
  endfacet
  facet normal 0.0167999 -0.855795 0.517043
    outer loop
      vertex 0.616379 -15.6879 7.2
      vertex 0 -12.8 12
      vertex 0 -15.7 7.2
    endloop
  endfacet
  facet normal 0.0183444 -0.93359 0.357872
    outer loop
      vertex 0.502524 -12.7901 12
      vertex 0.412228 -10.4919 18
      vertex 0 -10.5 18
    endloop
  endfacet
  facet normal 0.0183922 -0.933588 0.357875
    outer loop
      vertex 0.502524 -12.7901 12
      vertex 0 -10.5 18
      vertex 0 -12.8 12
    endloop
  endfacet
  facet normal 0.0190489 -0.97221 -0.233335
    outer loop
      vertex 0.412228 -10.4919 18
      vertex 0.459339 -11.691 23
      vertex 0 -11.7 23
    endloop
  endfacet
  facet normal 0.0191033 -0.97221 -0.23333
    outer loop
      vertex 0 -10.5 18
      vertex 0.412228 -10.4919 18
      vertex 0 -11.7 23
    endloop
  endfacet
  facet normal 0.0190645 -0.973008 -0.229984
    outer loop
      vertex 0.459339 -11.691 23
      vertex 0.510377 -12.99 28.5
      vertex 0 -13 28.5
    endloop
  endfacet
  facet normal 0.0190645 -0.973008 -0.229984
    outer loop
      vertex 0 -11.7 23
      vertex 0.459339 -11.691 23
      vertex 0 -13 28.5
    endloop
  endfacet
  facet normal 0.0186884 -0.952256 0.304728
    outer loop
      vertex 0.510377 -12.99 28.5
      vertex 0.47897 -12.1906 31
      vertex 0 -12.2 31
    endloop
  endfacet
  facet normal 0.0186579 -0.952258 0.304723
    outer loop
      vertex 0.510377 -12.99 28.5
      vertex 0 -12.2 31
      vertex 0 -13 28.5
    endloop
  endfacet
  facet normal 0.0155379 -0.791687 0.61073
    outer loop
      vertex 0.47897 -12.1906 31
      vertex 0.372968 -9.49268 34.5
      vertex 0 -9.5 34.5
    endloop
  endfacet
  facet normal 0.0155372 -0.791687 0.61073
    outer loop
      vertex 0.47897 -12.1906 31
      vertex 0 -9.5 34.5
      vertex 0 -12.2 31
    endloop
  endfacet
  facet normal 0.0157441 -0.799905 -0.59992
    outer loop
      vertex 0.372968 -9.49268 34.5
      vertex 0.431857 -10.9915 36.5
      vertex 0 -11 36.5
    endloop
  endfacet
  facet normal 0.0156991 -0.799901 -0.599926
    outer loop
      vertex 0 -9.5 34.5
      vertex 0.372968 -9.49268 34.5
      vertex 0 -11 36.5
    endloop
  endfacet
  facet normal 0.0130031 -0.661563 -0.749777
    outer loop
      vertex 0.431857 -10.9915 36.5
      vertex 0.498599 -12.6902 38
      vertex 0 -12.7 38
    endloop
  endfacet
  facet normal 0.0130212 -0.661566 -0.749774
    outer loop
      vertex 0 -11 36.5
      vertex 0.431857 -10.9915 36.5
      vertex 0 -12.7 38
    endloop
  endfacet
  facet normal 0.0196657 -0.999807 0
    outer loop
      vertex 0 -18 0
      vertex 0.706676 -17.9861 1.5
      vertex 0 -18 1.5
    endloop
  endfacet
  facet normal 0.0196657 -0.999807 0
    outer loop
      vertex 0.706676 -17.9861 1.5
      vertex 0 -18 0
      vertex 0.706676 -17.9861 0
    endloop
  endfacet
  facet normal -0.0131292 -0.668903 0.743234
    outer loop
      vertex 0 -18 1.5
      vertex 0 -17 2.39999
      vertex -0.667417 -16.9869 2.39999
    endloop
  endfacet
  facet normal -0.0131572 -0.668913 0.743224
    outer loop
      vertex 0 -18 1.5
      vertex -0.667417 -16.9869 2.39999
      vertex -0.706676 -17.9861 1.5
    endloop
  endfacet
  facet normal -0.0194152 -0.990306 0.137542
    outer loop
      vertex 0 -17 2.39999
      vertex 0 -16.5 6
      vertex -0.647786 -16.4873 6
    endloop
  endfacet
  facet normal -0.0194376 -0.990306 0.137538
    outer loop
      vertex 0 -17 2.39999
      vertex -0.647786 -16.4873 6
      vertex -0.667417 -16.9869 2.39999
    endloop
  endfacet
  facet normal -0.0163316 -0.831939 0.554626
    outer loop
      vertex 0 -16.5 6
      vertex 0 -15.7 7.2
      vertex -0.616379 -15.6879 7.2
    endloop
  endfacet
  facet normal -0.0163103 -0.831935 0.554634
    outer loop
      vertex 0 -16.5 6
      vertex -0.616379 -15.6879 7.2
      vertex -0.647786 -16.4873 6
    endloop
  endfacet
  facet normal -0.0168596 -0.855794 0.517042
    outer loop
      vertex 0 -15.7 7.2
      vertex 0 -12.8 12
      vertex -0.502524 -12.7901 12
    endloop
  endfacet
  facet normal -0.0167999 -0.855792 0.517047
    outer loop
      vertex 0 -15.7 7.2
      vertex -0.502524 -12.7901 12
      vertex -0.616379 -15.6879 7.2
    endloop
  endfacet
  facet normal -0.0183444 -0.933589 0.357876
    outer loop
      vertex 0 -12.8 12
      vertex 0 -10.5 18
      vertex -0.412228 -10.4919 18
    endloop
  endfacet
  facet normal -0.0183922 -0.933589 0.357873
    outer loop
      vertex 0 -12.8 12
      vertex -0.412228 -10.4919 18
      vertex -0.502524 -12.7901 12
    endloop
  endfacet
  facet normal -0.0190489 -0.972211 -0.233331
    outer loop
      vertex 0 -10.5 18
      vertex 0 -11.7 23
      vertex -0.459339 -11.691 23
    endloop
  endfacet
  facet normal -0.0191032 -0.972209 -0.233335
    outer loop
      vertex -0.412228 -10.4919 18
      vertex 0 -10.5 18
      vertex -0.459339 -11.691 23
    endloop
  endfacet
  facet normal -0.0190645 -0.973008 -0.229984
    outer loop
      vertex 0 -11.7 23
      vertex 0 -13 28.5
      vertex -0.510377 -12.99 28.5
    endloop
  endfacet
  facet normal -0.0190645 -0.973008 -0.229984
    outer loop
      vertex -0.459339 -11.691 23
      vertex 0 -11.7 23
      vertex -0.510377 -12.99 28.5
    endloop
  endfacet
  facet normal -0.0186885 -0.952258 0.304722
    outer loop
      vertex 0 -13 28.5
      vertex 0 -12.2 31
      vertex -0.47897 -12.1906 31
    endloop
  endfacet
  facet normal -0.0186579 -0.952257 0.304728
    outer loop
      vertex 0 -13 28.5
      vertex -0.47897 -12.1906 31
      vertex -0.510377 -12.99 28.5
    endloop
  endfacet
  facet normal -0.0155379 -0.791687 0.61073
    outer loop
      vertex 0 -12.2 31
      vertex 0 -9.5 34.5
      vertex -0.372968 -9.49268 34.5
    endloop
  endfacet
  facet normal -0.0155372 -0.791687 0.61073
    outer loop
      vertex 0 -12.2 31
      vertex -0.372968 -9.49268 34.5
      vertex -0.47897 -12.1906 31
    endloop
  endfacet
  facet normal -0.015744 -0.799901 -0.599926
    outer loop
      vertex 0 -9.5 34.5
      vertex 0 -11 36.5
      vertex -0.431857 -10.9915 36.5
    endloop
  endfacet
  facet normal -0.0156992 -0.799906 -0.59992
    outer loop
      vertex -0.372968 -9.49268 34.5
      vertex 0 -9.5 34.5
      vertex -0.431857 -10.9915 36.5
    endloop
  endfacet
  facet normal -0.0130031 -0.661566 -0.749774
    outer loop
      vertex 0 -11 36.5
      vertex 0 -12.7 38
      vertex -0.498599 -12.6902 38
    endloop
  endfacet
  facet normal -0.0130212 -0.661563 -0.749777
    outer loop
      vertex -0.431857 -10.9915 36.5
      vertex 0 -11 36.5
      vertex -0.498599 -12.6902 38
    endloop
  endfacet
  facet normal -0.0196657 -0.999807 0
    outer loop
      vertex -0.706676 -17.9861 0
      vertex 0 -18 1.5
      vertex -0.706676 -17.9861 1.5
    endloop
  endfacet
  facet normal -0.0196657 -0.999807 -0
    outer loop
      vertex 0 -18 1.5
      vertex -0.706676 -17.9861 0
      vertex 0 -18 0
    endloop
  endfacet
  facet normal -0.0393884 -0.667882 0.743224
    outer loop
      vertex -0.706676 -17.9861 1.5
      vertex -0.667417 -16.9869 2.39999
      vertex -1.3338 -16.9476 2.39999
    endloop
  endfacet
  facet normal -0.039377 -0.667879 0.743228
    outer loop
      vertex -0.706676 -17.9861 1.5
      vertex -1.3338 -16.9476 2.39999
      vertex -1.41226 -17.9445 1.5
    endloop
  endfacet
  facet normal -0.0583984 -0.988773 0.137538
    outer loop
      vertex -0.667417 -16.9869 2.39999
      vertex -0.647786 -16.4873 6
      vertex -1.29457 -16.4491 6
    endloop
  endfacet
  facet normal -0.0583132 -0.988776 0.137553
    outer loop
      vertex -0.667417 -16.9869 2.39999
      vertex -1.29457 -16.4491 6
      vertex -1.3338 -16.9476 2.39999
    endloop
  endfacet
  facet normal -0.0489943 -0.830651 0.554634
    outer loop
      vertex -0.647786 -16.4873 6
      vertex -0.616379 -15.6879 7.2
      vertex -1.23181 -15.6516 7.2
    endloop
  endfacet
  facet normal -0.0490601 -0.830663 0.55461
    outer loop
      vertex -0.647786 -16.4873 6
      vertex -1.23181 -15.6516 7.2
      vertex -1.29457 -16.4491 6
    endloop
  endfacet
  facet normal -0.0504077 -0.854471 0.517047
    outer loop
      vertex -0.616379 -15.6879 7.2
      vertex -0.502524 -12.7901 12
      vertex -1.00428 -12.7605 12
    endloop
  endfacet
  facet normal -0.0503993 -0.854471 0.517048
    outer loop
      vertex -0.616379 -15.6879 7.2
      vertex -1.00428 -12.7605 12
      vertex -1.23181 -15.6516 7.2
    endloop
  endfacet
  facet normal -0.0550331 -0.932148 0.357872
    outer loop
      vertex -0.502524 -12.7901 12
      vertex -0.412228 -10.4919 18
      vertex -0.82382 -10.4676 18
    endloop
  endfacet
  facet normal -0.0549901 -0.932149 0.357875
    outer loop
      vertex -0.502524 -12.7901 12
      vertex -0.82382 -10.4676 18
      vertex -1.00428 -12.7605 12
    endloop
  endfacet
  facet normal -0.0573577 -0.970703 -0.233335
    outer loop
      vertex -0.412228 -10.4919 18
      vertex -0.459339 -11.691 23
      vertex -0.917971 -11.6639 23
    endloop
  endfacet
  facet normal -0.0573096 -0.970707 -0.233331
    outer loop
      vertex -0.82382 -10.4676 18
      vertex -0.412228 -10.4919 18
      vertex -0.917971 -11.6639 23
    endloop
  endfacet
  facet normal -0.0573834 -0.971501 -0.229983
    outer loop
      vertex -0.459339 -11.691 23
      vertex -0.510377 -12.99 28.5
      vertex -1.01997 -12.9599 28.5
    endloop
  endfacet
  facet normal -0.0574047 -0.9715 -0.229985
    outer loop
      vertex -0.917971 -11.6639 23
      vertex -0.459339 -11.691 23
      vertex -1.01997 -12.9599 28.5
    endloop
  endfacet
  facet normal -0.0560655 -0.950788 0.304728
    outer loop
      vertex -0.510377 -12.99 28.5
      vertex -0.47897 -12.1906 31
      vertex -0.9572 -12.1624 31
    endloop
  endfacet
  facet normal -0.0561599 -0.950788 0.304711
    outer loop
      vertex -0.510377 -12.99 28.5
      vertex -0.9572 -12.1624 31
      vertex -1.01997 -12.9599 28.5
    endloop
  endfacet
  facet normal -0.0466349 -0.790465 0.61073
    outer loop
      vertex -0.47897 -12.1906 31
      vertex -0.372968 -9.49268 34.5
      vertex -0.745361 -9.47071 34.5
    endloop
  endfacet
  facet normal -0.0466117 -0.790465 0.610731
    outer loop
      vertex -0.47897 -12.1906 31
      vertex -0.745361 -9.47071 34.5
      vertex -0.9572 -12.1624 31
    endloop
  endfacet
  facet normal -0.047047 -0.798675 -0.59992
    outer loop
      vertex -0.372968 -9.49268 34.5
      vertex -0.431857 -10.9915 36.5
      vertex -0.86305 -10.9661 36.5
    endloop
  endfacet
  facet normal -0.0471186 -0.798664 -0.59993
    outer loop
      vertex -0.745361 -9.47071 34.5
      vertex -0.372968 -9.49268 34.5
      vertex -0.86305 -10.9661 36.5
    endloop
  endfacet
  facet normal -0.0390091 -0.660541 -0.749776
    outer loop
      vertex -0.431857 -10.9915 36.5
      vertex -0.498599 -12.6902 38
      vertex -0.996429 -12.6608 38
    endloop
  endfacet
  facet normal -0.0389113 -0.660562 -0.749763
    outer loop
      vertex -0.86305 -10.9661 36.5
      vertex -0.431857 -10.9915 36.5
      vertex -0.996429 -12.6608 38
    endloop
  endfacet
  facet normal -0.058856 -0.998266 0
    outer loop
      vertex -1.41226 -17.9445 0
      vertex -0.706676 -17.9861 1.5
      vertex -1.41226 -17.9445 1.5
    endloop
  endfacet
  facet normal -0.058856 -0.998266 -0
    outer loop
      vertex -0.706676 -17.9861 1.5
      vertex -1.41226 -17.9445 0
      vertex -0.706676 -17.9861 0
    endloop
  endfacet
  facet normal -0.0655456 -0.665819 0.743228
    outer loop
      vertex -1.41226 -17.9445 1.5
      vertex -1.3338 -16.9476 2.39999
      vertex -1.99814 -16.8822 2.39999
    endloop
  endfacet
  facet normal -0.065598 -0.665834 0.743211
    outer loop
      vertex -1.41226 -17.9445 1.5
      vertex -1.99814 -16.8822 2.39999
      vertex -2.11567 -17.8752 1.5
    endloop
  endfacet
  facet normal -0.0970744 -0.985726 0.137553
    outer loop
      vertex -1.3338 -16.9476 2.39999
      vertex -1.29457 -16.4491 6
      vertex -1.93937 -16.3856 6
    endloop
  endfacet
  facet normal -0.0970386 -0.985729 0.13756
    outer loop
      vertex -1.3338 -16.9476 2.39999
      vertex -1.93937 -16.3856 6
      vertex -1.99814 -16.8822 2.39999
    endloop
  endfacet
  facet normal -0.0815244 -0.828107 0.55461
    outer loop
      vertex -1.29457 -16.4491 6
      vertex -1.23181 -15.6516 7.2
      vertex -1.84534 -15.5912 7.2
    endloop
  endfacet
  facet normal -0.0815525 -0.828111 0.5546
    outer loop
      vertex -1.29457 -16.4491 6
      vertex -1.84534 -15.5912 7.2
      vertex -1.93937 -16.3856 6
    endloop
  endfacet
  facet normal -0.083788 -0.851845 0.517049
    outer loop
      vertex -1.23181 -15.6516 7.2
      vertex -1.00428 -12.7605 12
      vertex -1.50448 -12.7113 12
    endloop
  endfacet
  facet normal -0.083861 -0.851842 0.517042
    outer loop
      vertex -1.23181 -15.6516 7.2
      vertex -1.50448 -12.7113 12
      vertex -1.84534 -15.5912 7.2
    endloop
  endfacet
  facet normal -0.0914963 -0.929276 0.357875
    outer loop
      vertex -1.00428 -12.7605 12
      vertex -0.82382 -10.4676 18
      vertex -1.23414 -10.4272 18
    endloop
  endfacet
  facet normal -0.0914049 -0.929283 0.357881
    outer loop
      vertex -1.00428 -12.7605 12
      vertex -1.23414 -10.4272 18
      vertex -1.50448 -12.7113 12
    endloop
  endfacet
  facet normal -0.0952442 -0.967722 -0.233331
    outer loop
      vertex -0.82382 -10.4676 18
      vertex -0.917971 -11.6639 23
      vertex -1.37519 -11.6189 23
    endloop
  endfacet
  facet normal -0.0952812 -0.967717 -0.233334
    outer loop
      vertex -1.23414 -10.4272 18
      vertex -0.82382 -10.4676 18
      vertex -1.37519 -11.6189 23
    endloop
  endfacet
  facet normal -0.0953225 -0.968515 -0.229985
    outer loop
      vertex -0.917971 -11.6639 23
      vertex -1.01997 -12.9599 28.5
      vertex -1.52799 -12.9099 28.5
    endloop
  endfacet
  facet normal -0.0953223 -0.968515 -0.229985
    outer loop
      vertex -1.37519 -11.6189 23
      vertex -0.917971 -11.6639 23
      vertex -1.52799 -12.9099 28.5
    endloop
  endfacet
  facet normal -0.0934411 -0.94785 0.30471
    outer loop
      vertex -1.01997 -12.9599 28.5
      vertex -0.9572 -12.1624 31
      vertex -1.43396 -12.1154 31
    endloop
  endfacet
  facet normal -0.0932893 -0.947857 0.304738
    outer loop
      vertex -1.01997 -12.9599 28.5
      vertex -1.43396 -12.1154 31
      vertex -1.52799 -12.9099 28.5
    endloop
  endfacet
  facet normal -0.0776056 -0.788026 0.610732
    outer loop
      vertex -0.9572 -12.1624 31
      vertex -0.745361 -9.47071 34.5
      vertex -1.1166 -9.43415 34.5
    endloop
  endfacet
  facet normal -0.0776849 -0.788022 0.610726
    outer loop
      vertex -0.9572 -12.1624 31
      vertex -1.1166 -9.43415 34.5
      vertex -1.43396 -12.1154 31
    endloop
  endfacet
  facet normal -0.07835 -0.796207 -0.59993
    outer loop
      vertex -0.745361 -9.47071 34.5
      vertex -0.86305 -10.9661 36.5
      vertex -1.29291 -10.9238 36.5
    endloop
  endfacet
  facet normal -0.0784101 -0.796195 -0.599938
    outer loop
      vertex -1.1166 -9.43415 34.5
      vertex -0.745361 -9.47071 34.5
      vertex -1.29291 -10.9238 36.5
    endloop
  endfacet
  facet normal -0.0647528 -0.658529 -0.749764
    outer loop
      vertex -0.86305 -10.9661 36.5
      vertex -0.996429 -12.6608 38
      vertex -1.49272 -12.612 38
    endloop
  endfacet
  facet normal -0.0648008 -0.658517 -0.749771
    outer loop
      vertex -1.29291 -10.9238 36.5
      vertex -0.86305 -10.9661 36.5
      vertex -1.49272 -12.612 38
    endloop
  endfacet
  facet normal -0.0980454 -0.995182 0
    outer loop
      vertex -2.11567 -17.8752 0
      vertex -1.41226 -17.9445 1.5
      vertex -2.11567 -17.8752 1.5
    endloop
  endfacet
  facet normal -0.0980454 -0.995182 -0
    outer loop
      vertex -1.41226 -17.9445 1.5
      vertex -2.11567 -17.8752 0
      vertex -1.41226 -17.9445 0
    endloop
  endfacet
  facet normal -0.0917066 -0.662743 0.74321
    outer loop
      vertex -2.11567 -17.8752 1.5
      vertex -1.99814 -16.8822 2.39999
      vertex -2.65939 -16.7907 2.39999
    endloop
  endfacet
  facet normal -0.0916257 -0.662724 0.743237
    outer loop
      vertex -2.11567 -17.8752 1.5
      vertex -2.65939 -16.7907 2.39999
      vertex -2.81582 -17.7784 1.5
    endloop
  endfacet
  facet normal -0.135602 -0.981167 0.13756
    outer loop
      vertex -1.99814 -16.8822 2.39999
      vertex -1.93937 -16.3856 6
      vertex -2.58117 -16.2969 6
    endloop
  endfacet
  facet normal -0.135766 -0.981149 0.13753
    outer loop
      vertex -1.99814 -16.8822 2.39999
      vertex -2.58117 -16.2969 6
      vertex -2.65939 -16.7907 2.39999
    endloop
  endfacet
  facet normal -0.114054 -0.824264 0.5546
    outer loop
      vertex -1.93937 -16.3856 6
      vertex -1.84534 -15.5912 7.2
      vertex -2.45602 -15.5067 7.2
    endloop
  endfacet
  facet normal -0.113915 -0.82425 0.554649
    outer loop
      vertex -1.93937 -16.3856 6
      vertex -2.45602 -15.5067 7.2
      vertex -2.58117 -16.2969 6
    endloop
  endfacet
  facet normal -0.117335 -0.84788 0.517042
    outer loop
      vertex -1.84534 -15.5912 7.2
      vertex -1.50448 -12.7113 12
      vertex -2.00236 -12.6424 12
    endloop
  endfacet
  facet normal -0.117322 -0.847881 0.517043
    outer loop
      vertex -1.84534 -15.5912 7.2
      vertex -2.00236 -12.6424 12
      vertex -2.45602 -15.5067 7.2
    endloop
  endfacet
  facet normal -0.127957 -0.924958 0.357882
    outer loop
      vertex -1.50448 -12.7113 12
      vertex -1.23414 -10.4272 18
      vertex -1.64256 -10.3707 18
    endloop
  endfacet
  facet normal -0.128001 -0.924953 0.357879
    outer loop
      vertex -1.50448 -12.7113 12
      vertex -1.64256 -10.3707 18
      vertex -2.00236 -12.6424 12
    endloop
  endfacet
  facet normal -0.133134 -0.96324 -0.233334
    outer loop
      vertex -1.23414 -10.4272 18
      vertex -1.37519 -11.6189 23
      vertex -1.83028 -11.556 23
    endloop
  endfacet
  facet normal -0.13325 -0.963221 -0.233344
    outer loop
      vertex -1.64256 -10.3707 18
      vertex -1.23414 -10.4272 18
      vertex -1.83028 -11.556 23
    endloop
  endfacet
  facet normal -0.13345 -0.964001 -0.229985
    outer loop
      vertex -1.37519 -11.6189 23
      vertex -1.52799 -12.9099 28.5
      vertex -2.03365 -12.8399 28.5
    endloop
  endfacet
  facet normal -0.133243 -0.964034 -0.229967
    outer loop
      vertex -1.83028 -11.556 23
      vertex -1.37519 -11.6189 23
      vertex -2.03365 -12.8399 28.5
    endloop
  endfacet
  facet normal -0.130424 -0.943464 0.304738
    outer loop
      vertex -1.52799 -12.9099 28.5
      vertex -1.43396 -12.1154 31
      vertex -1.9085 -12.0498 31
    endloop
  endfacet
  facet normal -0.130604 -0.943449 0.304706
    outer loop
      vertex -1.52799 -12.9099 28.5
      vertex -1.9085 -12.0498 31
      vertex -2.03365 -12.8399 28.5
    endloop
  endfacet
  facet normal -0.108488 -0.784376 0.610725
    outer loop
      vertex -1.43396 -12.1154 31
      vertex -1.1166 -9.43415 34.5
      vertex -1.48613 -9.38304 34.5
    endloop
  endfacet
  facet normal -0.108432 -0.78438 0.610729
    outer loop
      vertex -1.43396 -12.1154 31
      vertex -1.48613 -9.38304 34.5
      vertex -1.9085 -12.0498 31
    endloop
  endfacet
  facet normal -0.10965 -0.792497 -0.599938
    outer loop
      vertex -1.1166 -9.43415 34.5
      vertex -1.29291 -10.9238 36.5
      vertex -1.72078 -10.8646 36.5
    endloop
  endfacet
  facet normal -0.109612 -0.792506 -0.599933
    outer loop
      vertex -1.48613 -9.38304 34.5
      vertex -1.1166 -9.43415 34.5
      vertex -1.72078 -10.8646 36.5
    endloop
  endfacet
  facet normal -0.0907539 -0.655445 -0.74977
    outer loop
      vertex -1.29291 -10.9238 36.5
      vertex -1.49272 -12.612 38
      vertex -1.98672 -12.5436 38
    endloop
  endfacet
  facet normal -0.0906899 -0.655464 -0.749761
    outer loop
      vertex -1.72078 -10.8646 36.5
      vertex -1.29291 -10.9238 36.5
      vertex -1.98672 -12.5436 38
    endloop
  endfacet
  facet normal -0.136953 -0.990577 0
    outer loop
      vertex -2.81582 -17.7784 0
      vertex -2.11567 -17.8752 1.5
      vertex -2.81582 -17.7784 1.5
    endloop
  endfacet
  facet normal -0.136953 -0.990577 -0
    outer loop
      vertex -2.11567 -17.8752 1.5
      vertex -2.81582 -17.7784 0
      vertex -2.11567 -17.8752 0
    endloop
  endfacet
  facet normal -0.117661 -0.658601 0.743237
    outer loop
      vertex -2.81582 -17.7784 1.5
      vertex -2.65939 -16.7907 2.39999
      vertex -3.31653 -16.6733 2.39999
    endloop
  endfacet
  facet normal -0.117653 -0.658599 0.74324
    outer loop
      vertex -2.81582 -17.7784 1.5
      vertex -3.31653 -16.6733 2.39999
      vertex -3.51163 -17.6541 1.5
    endloop
  endfacet
  facet normal -0.174125 -0.975072 0.13753
    outer loop
      vertex -2.65939 -16.7907 2.39999
      vertex -2.58117 -16.2969 6
      vertex -3.21899 -16.183 6
    endloop
  endfacet
  facet normal -0.174198 -0.975061 0.137517
    outer loop
      vertex -2.65939 -16.7907 2.39999
      vertex -3.21899 -16.183 6
      vertex -3.31653 -16.6733 2.39999
    endloop
  endfacet
  facet normal -0.146305 -0.819121 0.554649
    outer loop
      vertex -2.58117 -16.2969 6
      vertex -2.45602 -15.5067 7.2
      vertex -3.06292 -15.3983 7.2
    endloop
  endfacet
  facet normal -0.146276 -0.819119 0.55466
    outer loop
      vertex -2.58117 -16.2969 6
      vertex -3.06292 -15.3983 7.2
      vertex -3.21899 -16.183 6
    endloop
  endfacet
  facet normal -0.150543 -0.842617 0.517042
    outer loop
      vertex -2.45602 -15.5067 7.2
      vertex -2.00236 -12.6424 12
      vertex -2.49715 -12.554 12
    endloop
  endfacet
  facet normal -0.150503 -0.842622 0.517046
    outer loop
      vertex -2.45602 -15.5067 7.2
      vertex -2.49715 -12.554 12
      vertex -3.06292 -15.3983 7.2
    endloop
  endfacet
  facet normal -0.164191 -0.91922 0.357878
    outer loop
      vertex -2.00236 -12.6424 12
      vertex -1.64256 -10.3707 18
      vertex -2.04845 -10.2982 18
    endloop
  endfacet
  facet normal -0.164228 -0.919214 0.357875
    outer loop
      vertex -2.00236 -12.6424 12
      vertex -2.04845 -10.2982 18
      vertex -2.49715 -12.554 12
    endloop
  endfacet
  facet normal -0.171011 -0.957239 -0.233343
    outer loop
      vertex -1.64256 -10.3707 18
      vertex -1.83028 -11.556 23
      vertex -2.28256 -11.4752 23
    endloop
  endfacet
  facet normal -0.170983 -0.957244 -0.233341
    outer loop
      vertex -2.04845 -10.2982 18
      vertex -1.64256 -10.3707 18
      vertex -2.28256 -11.4752 23
    endloop
  endfacet
  facet normal -0.171013 -0.958055 -0.229968
    outer loop
      vertex -1.83028 -11.556 23
      vertex -2.03365 -12.8399 28.5
      vertex -2.53617 -12.7502 28.5
    endloop
  endfacet
  facet normal -0.171152 -0.958027 -0.22998
    outer loop
      vertex -2.28256 -11.4752 23
      vertex -1.83028 -11.556 23
      vertex -2.53617 -12.7502 28.5
    endloop
  endfacet
  facet normal -0.167404 -0.93762 0.304706
    outer loop
      vertex -2.03365 -12.8399 28.5
      vertex -1.9085 -12.0498 31
      vertex -2.3801 -11.9656 31
    endloop
  endfacet
  facet normal -0.167366 -0.937624 0.304712
    outer loop
      vertex -2.03365 -12.8399 28.5
      vertex -2.3801 -11.9656 31
      vertex -2.53617 -12.7502 28.5
    endloop
  endfacet
  facet normal -0.139205 -0.779507 0.61073
    outer loop
      vertex -1.48613 -9.38304 34.5
      vertex -1.85336 -9.31746 34.5
      vertex -1.9085 -12.0498 31
    endloop
  endfacet
  facet normal -0.139175 -0.779511 0.610732
    outer loop
      vertex -1.9085 -12.0498 31
      vertex -1.85336 -9.31746 34.5
      vertex -2.3801 -11.9656 31
    endloop
  endfacet
  facet normal -0.140767 -0.78757 -0.599932
    outer loop
      vertex -1.48613 -9.38304 34.5
      vertex -1.72078 -10.8646 36.5
      vertex -2.14599 -10.7886 36.5
    endloop
  endfacet
  facet normal -0.14065 -0.787603 -0.599916
    outer loop
      vertex -1.85336 -9.31746 34.5
      vertex -1.48613 -9.38304 34.5
      vertex -2.14599 -10.7886 36.5
    endloop
  endfacet
  facet normal -0.116237 -0.651418 -0.749762
    outer loop
      vertex -1.72078 -10.8646 36.5
      vertex -1.98672 -12.5436 38
      vertex -2.47765 -12.456 38
    endloop
  endfacet
  facet normal -0.11642 -0.651356 -0.749788
    outer loop
      vertex -2.14599 -10.7886 36.5
      vertex -1.72078 -10.8646 36.5
      vertex -2.47765 -12.456 38
    endloop
  endfacet
  facet normal -0.175857 -0.984416 0
    outer loop
      vertex -3.51163 -17.6541 0
      vertex -2.81582 -17.7784 1.5
      vertex -3.51163 -17.6541 1.5
    endloop
  endfacet
  facet normal -0.175857 -0.984416 -0
    outer loop
      vertex -2.81582 -17.7784 1.5
      vertex -3.51163 -17.6541 0
      vertex -2.81582 -17.7784 0
    endloop
  endfacet
  facet normal -0.143319 -0.653494 0.74324
    outer loop
      vertex -3.51163 -17.6541 1.5
      vertex -3.31653 -16.6733 2.39999
      vertex -3.96857 -16.5303 2.39999
    endloop
  endfacet
  facet normal -0.143308 -0.653492 0.743243
    outer loop
      vertex -3.51163 -17.6541 1.5
      vertex -3.96857 -16.5303 2.39999
      vertex -4.20202 -17.5027 1.5
    endloop
  endfacet
  facet normal -0.21234 -0.967471 0.137517
    outer loop
      vertex -3.31653 -16.6733 2.39999
      vertex -3.21899 -16.183 6
      vertex -3.85185 -16.0441 6
    endloop
  endfacet
  facet normal -0.212184 -0.967501 0.137546
    outer loop
      vertex -3.31653 -16.6733 2.39999
      vertex -3.85185 -16.0441 6
      vertex -3.96857 -16.5303 2.39999
    endloop
  endfacet
  facet normal -0.178296 -0.81275 0.55466
    outer loop
      vertex -3.21899 -16.183 6
      vertex -3.06292 -15.3983 7.2
      vertex -3.66509 -15.2662 7.2
    endloop
  endfacet
  facet normal -0.178383 -0.812752 0.554629
    outer loop
      vertex -3.21899 -16.183 6
      vertex -3.66509 -15.2662 7.2
      vertex -3.85185 -16.0441 6
    endloop
  endfacet
  facet normal -0.183411 -0.836077 0.517046
    outer loop
      vertex -2.49715 -12.554 12
      vertex -2.9881 -12.4463 12
      vertex -3.06292 -15.3983 7.2
    endloop
  endfacet
  facet normal -0.183413 -0.836076 0.517046
    outer loop
      vertex -3.06292 -15.3983 7.2
      vertex -2.9881 -12.4463 12
      vertex -3.66509 -15.2662 7.2
    endloop
  endfacet
  facet normal -0.199982 -0.912103 0.357876
    outer loop
      vertex -2.04845 -10.2982 18
      vertex -2.45118 -10.2099 18
      vertex -2.49715 -12.554 12
    endloop
  endfacet
  facet normal -0.200084 -0.912083 0.357869
    outer loop
      vertex -2.49715 -12.554 12
      vertex -2.45118 -10.2099 18
      vertex -2.9881 -12.4463 12
    endloop
  endfacet
  facet normal -0.208476 -0.949784 -0.23334
    outer loop
      vertex -2.04845 -10.2982 18
      vertex -2.28256 -11.4752 23
      vertex -2.73131 -11.3767 23
    endloop
  endfacet
  facet normal -0.208255 -0.949837 -0.233322
    outer loop
      vertex -2.45118 -10.2099 18
      vertex -2.04845 -10.2982 18
      vertex -2.73131 -11.3767 23
    endloop
  endfacet
  facet normal -0.208563 -0.950584 -0.22998
    outer loop
      vertex -2.28256 -11.4752 23
      vertex -2.53617 -12.7502 28.5
      vertex -3.03479 -12.6408 28.5
    endloop
  endfacet
  facet normal -0.208648 -0.950564 -0.229987
    outer loop
      vertex -2.73131 -11.3767 23
      vertex -2.28256 -11.4752 23
      vertex -3.03479 -12.6408 28.5
    endloop
  endfacet
  facet normal -0.20418 -0.930302 0.304712
    outer loop
      vertex -2.53617 -12.7502 28.5
      vertex -2.3801 -11.9656 31
      vertex -2.84803 -11.8629 31
    endloop
  endfacet
  facet normal -0.204116 -0.930312 0.304724
    outer loop
      vertex -2.53617 -12.7502 28.5
      vertex -2.84803 -11.8629 31
      vertex -3.03479 -12.6408 28.5
    endloop
  endfacet
  facet normal -0.169708 -0.773438 0.610732
    outer loop
      vertex -1.85336 -9.31746 34.5
      vertex -2.21773 -9.23751 34.5
      vertex -2.3801 -11.9656 31
    endloop
  endfacet
  facet normal -0.16975 -0.773431 0.610729
    outer loop
      vertex -2.3801 -11.9656 31
      vertex -2.21773 -9.23751 34.5
      vertex -2.84803 -11.8629 31
    endloop
  endfacet
  facet normal -0.171337 -0.7815 -0.599917
    outer loop
      vertex -1.85336 -9.31746 34.5
      vertex -2.14599 -10.7886 36.5
      vertex -2.5679 -10.6961 36.5
    endloop
  endfacet
  facet normal -0.171467 -0.781458 -0.599935
    outer loop
      vertex -2.21773 -9.23751 34.5
      vertex -1.85336 -9.31746 34.5
      vertex -2.5679 -10.6961 36.5
    endloop
  endfacet
  facet normal -0.141835 -0.646299 -0.749787
    outer loop
      vertex -2.14599 -10.7886 36.5
      vertex -2.47765 -12.456 38
      vertex -2.96476 -12.3491 38
    endloop
  endfacet
  facet normal -0.141706 -0.646349 -0.749768
    outer loop
      vertex -2.5679 -10.6961 36.5
      vertex -2.14599 -10.7886 36.5
      vertex -2.96476 -12.3491 38
    endloop
  endfacet
  facet normal -0.214206 -0.976788 0
    outer loop
      vertex -4.20202 -17.5027 0
      vertex -3.51163 -17.6541 1.5
      vertex -4.20202 -17.5027 1.5
    endloop
  endfacet
  facet normal -0.214206 -0.976788 -0
    outer loop
      vertex -3.51163 -17.6541 1.5
      vertex -4.20202 -17.5027 0
      vertex -3.51163 -17.6541 0
    endloop
  endfacet
  facet normal -0.168969 -0.647332 0.743243
    outer loop
      vertex -4.20202 -17.5027 1.5
      vertex -3.96857 -16.5303 2.39999
      vertex -4.61449 -16.3617 2.39999
    endloop
  endfacet
  facet normal -0.168953 -0.64733 0.743248
    outer loop
      vertex -4.20202 -17.5027 1.5
      vertex -4.61449 -16.3617 2.39999
      vertex -4.88593 -17.3242 1.5
    endloop
  endfacet
  facet normal -0.250102 -0.9584 0.137546
    outer loop
      vertex -3.96857 -16.5303 2.39999
      vertex -3.85185 -16.0441 6
      vertex -4.47877 -15.8805 6
    endloop
  endfacet
  facet normal -0.250161 -0.958386 0.137535
    outer loop
      vertex -3.96857 -16.5303 2.39999
      vertex -4.47877 -15.8805 6
      vertex -4.61449 -16.3617 2.39999
    endloop
  endfacet
  facet normal -0.210149 -0.805124 0.554628
    outer loop
      vertex -3.85185 -16.0441 6
      vertex -3.66509 -15.2662 7.2
      vertex -4.26161 -15.1105 7.2
    endloop
  endfacet
  facet normal -0.210104 -0.805125 0.554644
    outer loop
      vertex -3.85185 -16.0441 6
      vertex -4.26161 -15.1105 7.2
      vertex -4.47877 -15.8805 6
    endloop
  endfacet
  facet normal -0.216112 -0.828226 0.517046
    outer loop
      vertex -2.9881 -12.4463 12
      vertex -3.47443 -12.3194 12
      vertex -3.66509 -15.2662 7.2
    endloop
  endfacet
  facet normal -0.216175 -0.828213 0.517041
    outer loop
      vertex -3.66509 -15.2662 7.2
      vertex -3.47443 -12.3194 12
      vertex -4.26161 -15.1105 7.2
    endloop
  endfacet
  facet normal -0.235765 -0.903518 0.357869
    outer loop
      vertex -2.45118 -10.2099 18
      vertex -2.85012 -10.1058 18
      vertex -2.9881 -12.4463 12
    endloop
  endfacet
  facet normal -0.235759 -0.903519 0.35787
    outer loop
      vertex -2.9881 -12.4463 12
      vertex -2.85012 -10.1058 18
      vertex -3.47443 -12.3194 12
    endloop
  endfacet
  facet normal -0.24552 -0.940893 -0.233322
    outer loop
      vertex -2.45118 -10.2099 18
      vertex -2.73131 -11.3767 23
      vertex -3.17585 -11.2607 23
    endloop
  endfacet
  facet normal -0.245518 -0.940894 -0.233322
    outer loop
      vertex -2.85012 -10.1058 18
      vertex -2.45118 -10.2099 18
      vertex -3.17585 -11.2607 23
    endloop
  endfacet
  facet normal -0.245738 -0.941658 -0.229987
    outer loop
      vertex -2.73131 -11.3767 23
      vertex -3.03479 -12.6408 28.5
      vertex -3.52873 -12.5119 28.5
    endloop
  endfacet
  facet normal -0.245721 -0.941662 -0.229985
    outer loop
      vertex -3.17585 -11.2607 23
      vertex -2.73131 -11.3767 23
      vertex -3.52873 -12.5119 28.5
    endloop
  endfacet
  facet normal -0.240373 -0.921609 0.304725
    outer loop
      vertex -3.03479 -12.6408 28.5
      vertex -2.84803 -11.8629 31
      vertex -3.31157 -11.742 31
    endloop
  endfacet
  facet normal -0.240499 -0.921584 0.304702
    outer loop
      vertex -3.03479 -12.6408 28.5
      vertex -3.31157 -11.742 31
      vertex -3.52873 -12.5119 28.5
    endloop
  endfacet
  facet normal -0.199936 -0.766183 0.610728
    outer loop
      vertex -2.21773 -9.23751 34.5
      vertex -2.57868 -9.14332 34.5
      vertex -2.84803 -11.8629 31
    endloop
  endfacet
  facet normal -0.19984 -0.766202 0.610736
    outer loop
      vertex -2.84803 -11.8629 31
      vertex -2.57868 -9.14332 34.5
      vertex -3.31157 -11.742 31
    endloop
  endfacet
  facet normal -0.202075 -0.774109 -0.599934
    outer loop
      vertex -2.21773 -9.23751 34.5
      vertex -2.5679 -10.6961 36.5
      vertex -2.98584 -10.587 36.5
    endloop
  endfacet
  facet normal -0.20201 -0.774133 -0.599925
    outer loop
      vertex -2.57868 -9.14332 34.5
      vertex -2.21773 -9.23751 34.5
      vertex -2.98584 -10.587 36.5
    endloop
  endfacet
  facet normal -0.167055 -0.640264 -0.74977
    outer loop
      vertex -2.5679 -10.6961 36.5
      vertex -2.96476 -12.3491 38
      vertex -3.44729 -12.2232 38
    endloop
  endfacet
  facet normal -0.167128 -0.640233 -0.74978
    outer loop
      vertex -2.98584 -10.587 36.5
      vertex -2.5679 -10.6961 36.5
      vertex -3.44729 -12.2232 38
    endloop
  endfacet
  facet normal -0.178564 -0.684272 0.707027
    outer loop
      vertex -3.29112 -12.7004 44.5776
      vertex -3.07213 -12.3211 45
      vertex -3.44729 -12.2232 45
    endloop
  endfacet
  facet normal -0.178611 -0.684274 0.707013
    outer loop
      vertex -3.66445 -12.9931 44.2
      vertex -3.29112 -12.7004 44.5776
      vertex -3.44729 -12.2232 45
    endloop
  endfacet
  facet normal -0.178783 -0.684152 0.707088
    outer loop
      vertex -3.29112 -12.7004 44.5776
      vertex -3.66445 -12.9931 44.2
      vertex -3.48689 -13.0395 44.2
    endloop
  endfacet
  facet normal -0.252539 -0.967587 0
    outer loop
      vertex -4.88593 -17.3242 0
      vertex -4.20202 -17.5027 1.5
      vertex -4.88593 -17.3242 1.5
    endloop
  endfacet
  facet normal -0.252539 -0.967587 -0
    outer loop
      vertex -4.20202 -17.5027 1.5
      vertex -4.88593 -17.3242 0
      vertex -4.20202 -17.5027 0
    endloop
  endfacet
  facet normal -0.194133 -0.640229 0.743249
    outer loop
      vertex -4.88593 -17.3242 1.5
      vertex -4.61449 -16.3617 2.39999
      vertex -5.25329 -16.168 2.39999
    endloop
  endfacet
  facet normal -0.194235 -0.640236 0.743216
    outer loop
      vertex -4.88593 -17.3242 1.5
      vertex -5.25329 -16.168 2.39999
      vertex -5.56231 -17.119 1.5
    endloop
  endfacet
  facet normal -0.287557 -0.947837 0.137535
    outer loop
      vertex -4.61449 -16.3617 2.39999
      vertex -4.47877 -15.8805 6
      vertex -5.09878 -15.6924 6
    endloop
  endfacet
  facet normal -0.287419 -0.947875 0.13756
    outer loop
      vertex -4.61449 -16.3617 2.39999
      vertex -5.09878 -15.6924 6
      vertex -5.25329 -16.168 2.39999
    endloop
  endfacet
  facet normal -0.241465 -0.796281 0.554644
    outer loop
      vertex -4.47877 -15.8805 6
      vertex -4.26161 -15.1105 7.2
      vertex -4.85157 -14.9316 7.2
    endloop
  endfacet
  facet normal -0.241576 -0.796275 0.554605
    outer loop
      vertex -4.47877 -15.8805 6
      vertex -4.85157 -14.9316 7.2
      vertex -5.09878 -15.6924 6
    endloop
  endfacet
  facet normal -0.248467 -0.819105 0.51704
    outer loop
      vertex -3.47443 -12.3194 12
      vertex -3.95541 -12.1735 12
      vertex -4.26161 -15.1105 7.2
    endloop
  endfacet
  facet normal -0.248392 -0.819124 0.517047
    outer loop
      vertex -4.26161 -15.1105 7.2
      vertex -3.95541 -12.1735 12
      vertex -4.85157 -14.9316 7.2
    endloop
  endfacet
  facet normal -0.271104 -0.89355 0.357869
    outer loop
      vertex -2.85012 -10.1058 18
      vertex -3.24468 -9.98609 18
      vertex -3.47443 -12.3194 12
    endloop
  endfacet
  facet normal -0.271053 -0.893564 0.357873
    outer loop
      vertex -3.47443 -12.3194 12
      vertex -3.24468 -9.98609 18
      vertex -3.95541 -12.1735 12
    endloop
  endfacet
  facet normal -0.282144 -0.930567 -0.233323
    outer loop
      vertex -2.85012 -10.1058 18
      vertex -3.17585 -11.2607 23
      vertex -3.6155 -11.1274 23
    endloop
  endfacet
  facet normal -0.282318 -0.930511 -0.233338
    outer loop
      vertex -3.24468 -9.98609 18
      vertex -2.85012 -10.1058 18
      vertex -3.6155 -11.1274 23
    endloop
  endfacet
  facet normal -0.282535 -0.931279 -0.229985
    outer loop
      vertex -3.17585 -11.2607 23
      vertex -3.52873 -12.5119 28.5
      vertex -4.01722 -12.3637 28.5
    endloop
  endfacet
  facet normal -0.282376 -0.931331 -0.229971
    outer loop
      vertex -3.6155 -11.1274 23
      vertex -3.17585 -11.2607 23
      vertex -4.01722 -12.3637 28.5
    endloop
  endfacet
  facet normal -0.276542 -0.911417 0.304702
    outer loop
      vertex -3.52873 -12.5119 28.5
      vertex -3.31157 -11.742 31
      vertex -3.77001 -11.6029 31
    endloop
  endfacet
  facet normal -0.276512 -0.911425 0.304707
    outer loop
      vertex -3.52873 -12.5119 28.5
      vertex -3.77001 -11.6029 31
      vertex -4.01722 -12.3637 28.5
    endloop
  endfacet
  facet normal -0.22984 -0.757743 0.610737
    outer loop
      vertex -2.57868 -9.14332 34.5
      vertex -2.93566 -9.03504 34.5
      vertex -3.31157 -11.742 31
    endloop
  endfacet
  facet normal -0.229909 -0.757726 0.610731
    outer loop
      vertex -3.31157 -11.742 31
      vertex -2.93566 -9.03504 34.5
      vertex -3.77001 -11.6029 31
    endloop
  endfacet
  facet normal -0.232264 -0.7656 -0.599925
    outer loop
      vertex -2.57868 -9.14332 34.5
      vertex -2.98584 -10.587 36.5
      vertex -3.39919 -10.4616 36.5
    endloop
  endfacet
  facet normal -0.232228 -0.765615 -0.59992
    outer loop
      vertex -2.93566 -9.03504 34.5
      vertex -2.57868 -9.14332 34.5
      vertex -3.39919 -10.4616 36.5
    endloop
  endfacet
  facet normal -0.192123 -0.633183 -0.749779
    outer loop
      vertex -2.98584 -10.587 36.5
      vertex -3.44729 -12.2232 38
      vertex -3.92451 -12.0784 38
    endloop
  endfacet
  facet normal -0.192096 -0.633196 -0.749775
    outer loop
      vertex -3.39919 -10.4616 36.5
      vertex -2.98584 -10.587 36.5
      vertex -3.92451 -12.0784 38
    endloop
  endfacet
  facet normal 0 -0.720532 0.693422
    outer loop
      vertex -3.4473 -12.2232 45
      vertex -3.66445 -12.9931 44.2
      vertex -3.44729 -12.2232 45
    endloop
  endfacet
  facet normal -0.205342 -0.676735 0.707011
    outer loop
      vertex -3.66445 -12.9931 44.2
      vertex -3.4473 -12.2232 45
      vertex -3.92451 -12.0784 45
    endloop
  endfacet
  facet normal 0 -0.724592 0.689178
    outer loop
      vertex -4.17173 -12.8393 44.2
      vertex -3.92451 -12.0784 45
      vertex -3.92452 -12.0784 45
    endloop
  endfacet
  facet normal -0.205176 -0.676733 0.707062
    outer loop
      vertex -3.92451 -12.0784 45
      vertex -4.17173 -12.8393 44.2
      vertex -3.66445 -12.9931 44.2
    endloop
  endfacet
  facet normal -0.290314 -0.956932 0
    outer loop
      vertex -5.56231 -17.119 0
      vertex -4.88593 -17.3242 1.5
      vertex -5.56231 -17.119 1.5
    endloop
  endfacet
  facet normal -0.290314 -0.956932 -0
    outer loop
      vertex -4.88593 -17.3242 1.5
      vertex -5.56231 -17.119 0
      vertex -4.88593 -17.3242 0
    endloop
  endfacet
  facet normal -0.219194 -0.632126 0.743216
    outer loop
      vertex -5.56231 -17.119 1.5
      vertex -5.25329 -16.168 2.39999
      vertex -5.88399 -15.9493 2.39999
    endloop
  endfacet
  facet normal -0.219228 -0.632127 0.743206
    outer loop
      vertex -5.56231 -17.119 1.5
      vertex -5.88399 -15.9493 2.39999
      vertex -6.23011 -16.8874 1.5
    endloop
  endfacet
  facet normal -0.324413 -0.93586 0.137561
    outer loop
      vertex -5.25329 -16.168 2.39999
      vertex -5.09878 -15.6924 6
      vertex -5.71093 -15.4802 6
    endloop
  endfacet
  facet normal -0.324506 -0.93583 0.137543
    outer loop
      vertex -5.25329 -16.168 2.39999
      vertex -5.71093 -15.4802 6
      vertex -5.88399 -15.9493 2.39999
    endloop
  endfacet
  facet normal -0.272646 -0.786179 0.554605
    outer loop
      vertex -5.09878 -15.6924 6
      vertex -4.85157 -14.9316 7.2
      vertex -5.43404 -14.7296 7.2
    endloop
  endfacet
  facet normal -0.27253 -0.78619 0.554646
    outer loop
      vertex -5.09878 -15.6924 6
      vertex -5.43404 -14.7296 7.2
      vertex -5.71093 -15.4802 6
    endloop
  endfacet
  facet normal -0.280477 -0.8087 0.517047
    outer loop
      vertex -3.95541 -12.1735 12
      vertex -4.43029 -12.0088 12
      vertex -4.85157 -14.9316 7.2
    endloop
  endfacet
  facet normal -0.280458 -0.808705 0.517049
    outer loop
      vertex -4.85157 -14.9316 7.2
      vertex -4.43029 -12.0088 12
      vertex -5.43404 -14.7296 7.2
    endloop
  endfacet
  facet normal -0.305923 -0.882235 0.357873
    outer loop
      vertex -3.24468 -9.98609 18
      vertex -3.63423 -9.85101 18
      vertex -3.95541 -12.1735 12
    endloop
  endfacet
  facet normal -0.305975 -0.882218 0.357869
    outer loop
      vertex -3.95541 -12.1735 12
      vertex -3.63423 -9.85101 18
      vertex -4.43029 -12.0088 12
    endloop
  endfacet
  facet normal -0.318733 -0.918675 -0.233337
    outer loop
      vertex -3.24468 -9.98609 18
      vertex -3.6155 -11.1274 23
      vertex -4.04957 -10.9768 23
    endloop
  endfacet
  facet normal -0.318579 -0.918732 -0.233323
    outer loop
      vertex -3.63423 -9.85101 18
      vertex -3.24468 -9.98609 18
      vertex -4.04957 -10.9768 23
    endloop
  endfacet
  facet normal -0.318769 -0.91951 -0.229972
    outer loop
      vertex -3.6155 -11.1274 23
      vertex -4.01722 -12.3637 28.5
      vertex -4.49952 -12.1965 28.5
    endloop
  endfacet
  facet normal -0.318994 -0.919427 -0.229992
    outer loop
      vertex -4.04957 -10.9768 23
      vertex -3.6155 -11.1274 23
      vertex -4.49952 -12.1965 28.5
    endloop
  endfacet
  facet normal -0.31213 -0.899849 0.304707
    outer loop
      vertex -4.01722 -12.3637 28.5
      vertex -3.77001 -11.6029 31
      vertex -4.22263 -11.4459 31
    endloop
  endfacet
  facet normal -0.311969 -0.899895 0.304737
    outer loop
      vertex -4.01722 -12.3637 28.5
      vertex -4.22263 -11.4459 31
      vertex -4.49952 -12.1965 28.5
    endloop
  endfacet
  facet normal -0.259432 -0.748133 0.610731
    outer loop
      vertex -2.93566 -9.03504 34.5
      vertex -3.28811 -8.91282 34.5
      vertex -3.77001 -11.6029 31
    endloop
  endfacet
  facet normal -0.259498 -0.748114 0.610726
    outer loop
      vertex -3.77001 -11.6029 31
      vertex -3.28811 -8.91282 34.5
      vertex -4.22263 -11.4459 31
    endloop
  endfacet
  facet normal -0.262096 -0.755911 -0.599921
    outer loop
      vertex -2.93566 -9.03504 34.5
      vertex -3.39919 -10.4616 36.5
      vertex -3.80729 -10.3201 36.5
    endloop
  endfacet
  facet normal -0.262125 -0.755898 -0.599925
    outer loop
      vertex -3.28811 -8.91282 34.5
      vertex -2.93566 -9.03504 34.5
      vertex -3.80729 -10.3201 36.5
    endloop
  endfacet
  facet normal -0.216801 -0.625168 -0.749775
    outer loop
      vertex -3.39919 -10.4616 36.5
      vertex -3.92451 -12.0784 38
      vertex -4.39569 -11.915 38
    endloop
  endfacet
  facet normal -0.21677 -0.625185 -0.74977
    outer loop
      vertex -3.80729 -10.3201 36.5
      vertex -3.39919 -10.4616 36.5
      vertex -4.39569 -11.915 38
    endloop
  endfacet
  facet normal -0.231705 -0.668115 0.707061
    outer loop
      vertex -4.17173 -12.8393 44.2
      vertex -3.92452 -12.0784 45
      vertex -4.39568 -11.915 45
    endloop
  endfacet
  facet normal 0 -0.729264 0.684232
    outer loop
      vertex -4.39568 -11.915 45
      vertex -4.39569 -11.915 45
      vertex -4.67258 -12.6656 44.2
    endloop
  endfacet
  facet normal -0.231709 -0.668115 0.707059
    outer loop
      vertex -4.39568 -11.915 45
      vertex -4.67258 -12.6656 44.2
      vertex -4.17173 -12.8393 44.2
    endloop
  endfacet
  facet normal -0.327664 -0.944794 0
    outer loop
      vertex -6.23011 -16.8874 0
      vertex -5.56231 -17.119 1.5
      vertex -6.23011 -16.8874 1.5
    endloop
  endfacet
  facet normal -0.327664 -0.944794 -0
    outer loop
      vertex -5.56231 -17.119 1.5
      vertex -6.23011 -16.8874 0
      vertex -5.56231 -17.119 0
    endloop
  endfacet
  facet normal -0.243853 -0.623042 0.743206
    outer loop
      vertex -6.23011 -16.8874 1.5
      vertex -5.88399 -15.9493 2.39999
      vertex -6.50562 -15.706 2.39999
    endloop
  endfacet
  facet normal -0.243844 -0.623042 0.743209
    outer loop
      vertex -6.23011 -16.8874 1.5
      vertex -6.50562 -15.706 2.39999
      vertex -6.8883 -16.6298 1.5
    endloop
  endfacet
  facet normal -0.361077 -0.922337 0.137543
    outer loop
      vertex -5.88399 -15.9493 2.39999
      vertex -5.71093 -15.4802 6
      vertex -6.31428 -15.244 6
    endloop
  endfacet
  facet normal -0.361004 -0.922363 0.137557
    outer loop
      vertex -5.88399 -15.9493 2.39999
      vertex -6.31428 -15.244 6
      vertex -6.50562 -15.706 2.39999
    endloop
  endfacet
  facet normal -0.303277 -0.774849 0.554646
    outer loop
      vertex -5.71093 -15.4802 6
      vertex -5.43404 -14.7296 7.2
      vertex -6.00813 -14.5049 7.2
    endloop
  endfacet
  facet normal -0.303335 -0.774841 0.554626
    outer loop
      vertex -5.71093 -15.4802 6
      vertex -6.00813 -14.5049 7.2
      vertex -6.31428 -15.244 6
    endloop
  endfacet
  facet normal -0.311984 -0.797074 0.517048
    outer loop
      vertex -4.43029 -12.0088 12
      vertex -4.89834 -11.8256 12
      vertex -5.43404 -14.7296 7.2
    endloop
  endfacet
  facet normal -0.311977 -0.797076 0.517049
    outer loop
      vertex -5.43404 -14.7296 7.2
      vertex -4.89834 -11.8256 12
      vertex -6.00813 -14.5049 7.2
    endloop
  endfacet
  facet normal -0.340342 -0.869539 0.357869
    outer loop
      vertex -3.63423 -9.85101 18
      vertex -4.01818 -9.70073 18
      vertex -4.43029 -12.0088 12
    endloop
  endfacet
  facet normal -0.340346 -0.869537 0.357869
    outer loop
      vertex -4.43029 -12.0088 12
      vertex -4.01818 -9.70073 18
      vertex -4.89834 -11.8256 12
    endloop
  endfacet
  facet normal -0.354327 -0.905545 -0.233324
    outer loop
      vertex -3.63423 -9.85101 18
      vertex -4.04957 -10.9768 23
      vertex -4.47739 -10.8094 23
    endloop
  endfacet
  facet normal -0.35442 -0.905507 -0.233332
    outer loop
      vertex -4.01818 -9.70073 18
      vertex -3.63423 -9.85101 18
      vertex -4.47739 -10.8094 23
    endloop
  endfacet
  facet normal -0.354779 -0.906221 -0.229991
    outer loop
      vertex -4.04957 -10.9768 23
      vertex -4.49952 -12.1965 28.5
      vertex -4.97488 -12.0104 28.5
    endloop
  endfacet
  facet normal -0.354618 -0.906288 -0.229976
    outer loop
      vertex -4.47739 -10.8094 23
      vertex -4.04957 -10.9768 23
      vertex -4.97488 -12.0104 28.5
    endloop
  endfacet
  facet normal -0.347128 -0.886926 0.304737
    outer loop
      vertex -4.49952 -12.1965 28.5
      vertex -4.22263 -11.4459 31
      vertex -4.66874 -11.2713 31
    endloop
  endfacet
  facet normal -0.347214 -0.886898 0.304721
    outer loop
      vertex -4.49952 -12.1965 28.5
      vertex -4.66874 -11.2713 31
      vertex -4.97488 -12.0104 28.5
    endloop
  endfacet
  facet normal -0.2886 -0.737377 0.610725
    outer loop
      vertex -3.28811 -8.91282 34.5
      vertex -3.63549 -8.77686 34.5
      vertex -4.22263 -11.4459 31
    endloop
  endfacet
  facet normal -0.288597 -0.737378 0.610725
    outer loop
      vertex -4.22263 -11.4459 31
      vertex -3.63549 -8.77686 34.5
      vertex -4.66874 -11.2713 31
    endloop
  endfacet
  facet normal -0.291549 -0.745043 -0.599925
    outer loop
      vertex -3.28811 -8.91282 34.5
      vertex -3.80729 -10.3201 36.5
      vertex -4.20952 -10.1627 36.5
    endloop
  endfacet
  facet normal -0.291592 -0.745021 -0.599931
    outer loop
      vertex -3.63549 -8.77686 34.5
      vertex -3.28811 -8.91282 34.5
      vertex -4.20952 -10.1627 36.5
    endloop
  endfacet
  facet normal -0.241102 -0.616209 -0.749771
    outer loop
      vertex -3.80729 -10.3201 36.5
      vertex -4.39569 -11.915 38
      vertex -4.86008 -11.7333 38
    endloop
  endfacet
  facet normal -0.241128 -0.616194 -0.749775
    outer loop
      vertex -4.20952 -10.1627 36.5
      vertex -3.80729 -10.3201 36.5
      vertex -4.86008 -11.7333 38
    endloop
  endfacet
  facet normal -0.257665 -0.658542 0.707058
    outer loop
      vertex -4.67258 -12.6656 44.2
      vertex -4.39569 -11.915 45
      vertex -4.86008 -11.7333 45
    endloop
  endfacet
  facet normal -0.257732 -0.658538 0.707038
    outer loop
      vertex -4.86008 -11.7333 45
      vertex -5.16623 -12.4724 44.2
      vertex -4.67258 -12.6656 44.2
    endloop
  endfacet
  facet normal -0.364457 -0.93122 0
    outer loop
      vertex -6.8883 -16.6298 0
      vertex -6.23011 -16.8874 1.5
      vertex -6.8883 -16.6298 1.5
    endloop
  endfacet
  facet normal -0.364457 -0.93122 -0
    outer loop
      vertex -6.23011 -16.8874 1.5
      vertex -6.8883 -16.6298 0
      vertex -6.23011 -16.8874 0
    endloop
  endfacet
  facet normal -0.268193 -0.612955 0.743208
    outer loop
      vertex -6.8883 -16.6298 1.5
      vertex -6.50562 -15.706 2.39999
      vertex -7.11722 -15.4384 2.39999
    endloop
  endfacet
  facet normal -0.268065 -0.612961 0.743249
    outer loop
      vertex -6.8883 -16.6298 1.5
      vertex -7.11722 -15.4384 2.39999
      vertex -7.53587 -16.3466 1.5
    endloop
  endfacet
  facet normal -0.396875 -0.907507 0.137557
    outer loop
      vertex -6.50562 -15.706 2.39999
      vertex -6.31428 -15.244 6
      vertex -6.90789 -14.9844 6
    endloop
  endfacet
  facet normal -0.397042 -0.907439 0.137525
    outer loop
      vertex -6.50562 -15.706 2.39999
      vertex -6.90789 -14.9844 6
      vertex -7.11722 -15.4384 2.39999
    endloop
  endfacet
  facet normal -0.333507 -0.762342 0.554625
    outer loop
      vertex -6.31428 -15.244 6
      vertex -6.00813 -14.5049 7.2
      vertex -6.57296 -14.2578 7.2
    endloop
  endfacet
  facet normal -0.333399 -0.762361 0.554664
    outer loop
      vertex -6.31428 -15.244 6
      vertex -6.57296 -14.2578 7.2
      vertex -6.90789 -14.9844 6
    endloop
  endfacet
  facet normal -0.342985 -0.784233 0.517049
    outer loop
      vertex -4.89834 -11.8256 12
      vertex -5.35884 -11.6242 12
      vertex -6.00813 -14.5049 7.2
    endloop
  endfacet
  facet normal -0.34307 -0.784201 0.517042
    outer loop
      vertex -6.00813 -14.5049 7.2
      vertex -5.35884 -11.6242 12
      vertex -6.57296 -14.2578 7.2
    endloop
  endfacet
  facet normal -0.374206 -0.855512 0.357869
    outer loop
      vertex -4.01818 -9.70073 18
      vertex -4.39593 -9.5355 18
      vertex -4.89834 -11.8256 12
    endloop
  endfacet
  facet normal -0.374166 -0.855528 0.357872
    outer loop
      vertex -4.89834 -11.8256 12
      vertex -4.39593 -9.5355 18
      vertex -5.35884 -11.6242 12
    endloop
  endfacet
  facet normal -0.389654 -0.890913 -0.233332
    outer loop
      vertex -4.01818 -9.70073 18
      vertex -4.47739 -10.8094 23
      vertex -4.89832 -10.6253 23
    endloop
  endfacet
  facet normal -0.389684 -0.890899 -0.233335
    outer loop
      vertex -4.39593 -9.5355 18
      vertex -4.01818 -9.70073 18
      vertex -4.89832 -10.6253 23
    endloop
  endfacet
  facet normal -0.389885 -0.891684 -0.229977
    outer loop
      vertex -4.47739 -10.8094 23
      vertex -4.97488 -12.0104 28.5
      vertex -5.44258 -11.8059 28.5
    endloop
  endfacet
  facet normal -0.389973 -0.891643 -0.229986
    outer loop
      vertex -4.89832 -10.6253 23
      vertex -4.47739 -10.8094 23
      vertex -5.44258 -11.8059 28.5
    endloop
  endfacet
  facet normal -0.381718 -0.872604 0.30472
    outer loop
      vertex -4.97488 -12.0104 28.5
      vertex -4.66874 -11.2713 31
      vertex -5.10765 -11.0793 31
    endloop
  endfacet
  facet normal -0.381567 -0.87266 0.304749
    outer loop
      vertex -4.97488 -12.0104 28.5
      vertex -5.10765 -11.0793 31
      vertex -5.44258 -11.8059 28.5
    endloop
  endfacet
  facet normal -0.317334 -0.725475 0.610725
    outer loop
      vertex -3.63549 -8.77686 34.5
      vertex -3.97727 -8.62736 34.5
      vertex -4.66874 -11.2713 31
    endloop
  endfacet
  facet normal -0.317354 -0.725467 0.610724
    outer loop
      vertex -4.66874 -11.2713 31
      vertex -3.97727 -8.62736 34.5
      vertex -5.10765 -11.0793 31
    endloop
  endfacet
  facet normal -0.320666 -0.732978 -0.599931
    outer loop
      vertex -3.63549 -8.77686 34.5
      vertex -4.20952 -10.1627 36.5
      vertex -4.60526 -9.98957 36.5
    endloop
  endfacet
  facet normal -0.320626 -0.733 -0.599925
    outer loop
      vertex -3.97727 -8.62736 34.5
      vertex -3.63549 -8.77686 34.5
      vertex -4.60526 -9.98957 36.5
    endloop
  endfacet
  facet normal -0.265226 -0.606212 -0.749775
    outer loop
      vertex -4.20952 -10.1627 36.5
      vertex -4.86008 -11.7333 38
      vertex -5.31698 -11.5334 38
    endloop
  endfacet
  facet normal -0.265212 -0.606221 -0.749772
    outer loop
      vertex -4.60526 -9.98957 36.5
      vertex -4.20952 -10.1627 36.5
      vertex -5.31698 -11.5334 38
    endloop
  endfacet
  facet normal -0.283462 -0.647879 0.707037
    outer loop
      vertex -5.16623 -12.4724 44.2
      vertex -4.86008 -11.7333 45
      vertex -5.31697 -11.5334 45
    endloop
  endfacet
  facet normal 0 -0.740296 0.672281
    outer loop
      vertex -5.65191 -12.2599 44.2
      vertex -5.31697 -11.5334 45
      vertex -5.31698 -11.5334 45
    endloop
  endfacet
  facet normal -0.283467 -0.647879 0.707036
    outer loop
      vertex -5.31697 -11.5334 45
      vertex -5.65191 -12.2599 44.2
      vertex -5.16623 -12.4724 44.2
    endloop
  endfacet
  facet normal -0.400686 -0.916215 0
    outer loop
      vertex -7.53587 -16.3466 0
      vertex -6.8883 -16.6298 1.5
      vertex -7.53587 -16.3466 1.5
    endloop
  endfacet
  facet normal -0.400686 -0.916215 -0
    outer loop
      vertex -6.8883 -16.6298 1.5
      vertex -7.53587 -16.3466 0
      vertex -6.8883 -16.6298 0
    endloop
  endfacet
  facet normal -0.291947 -0.601953 0.74325
    outer loop
      vertex -7.53587 -16.3466 1.5
      vertex -7.11722 -15.4384 2.39999
      vertex -7.71784 -15.1471 2.39999
    endloop
  endfacet
  facet normal -0.292001 -0.601948 0.743232
    outer loop
      vertex -7.53587 -16.3466 1.5
      vertex -7.71784 -15.1471 2.39999
      vertex -8.17183 -16.0381 1.5
    endloop
  endfacet
  facet normal -0.432323 -0.89117 0.137524
    outer loop
      vertex -7.11722 -15.4384 2.39999
      vertex -6.90789 -14.9844 6
      vertex -7.49084 -14.7016 6
    endloop
  endfacet
  facet normal -0.432236 -0.89121 0.137542
    outer loop
      vertex -7.11722 -15.4384 2.39999
      vertex -7.49084 -14.7016 6
      vertex -7.71784 -15.1471 2.39999
    endloop
  endfacet
  facet normal -0.363077 -0.748681 0.554664
    outer loop
      vertex -6.90789 -14.9844 6
      vertex -6.57296 -14.2578 7.2
      vertex -7.12765 -13.9888 7.2
    endloop
  endfacet
  facet normal -0.363188 -0.748657 0.554624
    outer loop
      vertex -6.90789 -14.9844 6
      vertex -7.12765 -13.9888 7.2
      vertex -7.49084 -14.7016 6
    endloop
  endfacet
  facet normal -0.373484 -0.77018 0.517042
    outer loop
      vertex -5.35884 -11.6242 12
      vertex -5.81107 -11.4049 12
      vertex -6.57296 -14.2578 7.2
    endloop
  endfacet
  facet normal -0.3735 -0.770173 0.51704
    outer loop
      vertex -6.57296 -14.2578 7.2
      vertex -5.81107 -11.4049 12
      vertex -7.12765 -13.9888 7.2
    endloop
  endfacet
  facet normal -0.4075 -0.840162 0.357872
    outer loop
      vertex -4.39593 -9.5355 18
      vertex -4.7669 -9.35557 18
      vertex -5.35884 -11.6242 12
    endloop
  endfacet
  facet normal -0.407434 -0.840191 0.357877
    outer loop
      vertex -5.35884 -11.6242 12
      vertex -4.7669 -9.35557 18
      vertex -5.81107 -11.4049 12
    endloop
  endfacet
  facet normal -0.424365 -0.874911 -0.233335
    outer loop
      vertex -4.39593 -9.5355 18
      vertex -4.89832 -10.6253 23
      vertex -5.31169 -10.4248 23
    endloop
  endfacet
  facet normal -0.424356 -0.874915 -0.233334
    outer loop
      vertex -4.7669 -9.35557 18
      vertex -4.39593 -9.5355 18
      vertex -5.31169 -10.4248 23
    endloop
  endfacet
  facet normal -0.424747 -0.875612 -0.229986
    outer loop
      vertex -4.89832 -10.6253 23
      vertex -5.44258 -11.8059 28.5
      vertex -5.90188 -11.5831 28.5
    endloop
  endfacet
  facet normal -0.424713 -0.875629 -0.229982
    outer loop
      vertex -5.31169 -10.4248 23
      vertex -4.89832 -10.6253 23
      vertex -5.90188 -11.5831 28.5
    endloop
  endfacet
  facet normal -0.415546 -0.857 0.30475
    outer loop
      vertex -5.44258 -11.8059 28.5
      vertex -5.10765 -11.0793 31
      vertex -5.53868 -10.8703 31
    endloop
  endfacet
  facet normal -0.41569 -0.85694 0.304722
    outer loop
      vertex -5.44258 -11.8059 28.5
      vertex -5.53868 -10.8703 31
      vertex -5.90188 -11.5831 28.5
    endloop
  endfacet
  facet normal -0.345573 -0.712458 0.610724
    outer loop
      vertex -3.97727 -8.62736 34.5
      vertex -4.31291 -8.46456 34.5
      vertex -5.10765 -11.0793 31
    endloop
  endfacet
  facet normal -0.345479 -0.712497 0.610731
    outer loop
      vertex -5.10765 -11.0793 31
      vertex -4.31291 -8.46456 34.5
      vertex -5.53868 -10.8703 31
    endloop
  endfacet
  facet normal -0.349153 -0.719849 -0.599925
    outer loop
      vertex -3.97727 -8.62736 34.5
      vertex -4.60526 -9.98957 36.5
      vertex -4.99389 -9.80107 36.5
    endloop
  endfacet
  facet normal -0.349157 -0.719846 -0.599925
    outer loop
      vertex -4.31291 -8.46456 34.5
      vertex -3.97727 -8.62736 34.5
      vertex -4.99389 -9.80107 36.5
    endloop
  endfacet
  facet normal -0.288732 -0.595378 -0.749773
    outer loop
      vertex -4.60526 -9.98957 36.5
      vertex -5.31698 -11.5334 38
      vertex -5.76568 -11.3158 38
    endloop
  endfacet
  facet normal -0.288768 -0.595353 -0.749778
    outer loop
      vertex -4.99389 -9.80107 36.5
      vertex -4.60526 -9.98957 36.5
      vertex -5.76568 -11.3158 38
    endloop
  endfacet
  facet normal -0.30858 -0.636303 0.707034
    outer loop
      vertex -5.31698 -11.5334 45
      vertex -5.76568 -11.3158 45
      vertex -5.65191 -12.2599 44.2
    endloop
  endfacet
  facet normal -0.308573 -0.636304 0.707036
    outer loop
      vertex -5.76568 -11.3158 45
      vertex -6.12887 -12.0286 44.2
      vertex -5.65191 -12.2599 44.2
    endloop
  endfacet
  facet normal -0.436452 -0.899728 0
    outer loop
      vertex -8.17183 -16.0381 0
      vertex -7.53587 -16.3466 1.5
      vertex -8.17183 -16.0381 1.5
    endloop
  endfacet
  facet normal -0.436452 -0.899728 -0
    outer loop
      vertex -7.53587 -16.3466 1.5
      vertex -8.17183 -16.0381 0
      vertex -7.53587 -16.3466 0
    endloop
  endfacet
  facet normal -0.315398 -0.590026 0.743232
    outer loop
      vertex -8.17183 -16.0381 1.5
      vertex -7.71784 -15.1471 2.39999
      vertex -8.30656 -14.8324 2.39999
    endloop
  endfacet
  facet normal -0.315388 -0.590027 0.743235
    outer loop
      vertex -8.17183 -16.0381 1.5
      vertex -8.30656 -14.8324 2.39999
      vertex -8.79518 -15.7049 1.5
    endloop
  endfacet
  facet normal -0.466887 -0.873555 0.137542
    outer loop
      vertex -7.71784 -15.1471 2.39999
      vertex -7.49084 -14.7016 6
      vertex -8.06225 -14.3962 6
    endloop
  endfacet
  facet normal -0.466943 -0.873527 0.137531
    outer loop
      vertex -7.71784 -15.1471 2.39999
      vertex -8.06225 -14.3962 6
      vertex -8.30656 -14.8324 2.39999
    endloop
  endfacet
  facet normal -0.392235 -0.733856 0.554624
    outer loop
      vertex -7.49084 -14.7016 6
      vertex -7.12765 -13.9888 7.2
      vertex -7.67135 -13.6982 7.2
    endloop
  endfacet
  facet normal -0.392224 -0.733859 0.554628
    outer loop
      vertex -7.49084 -14.7016 6
      vertex -7.67135 -13.6982 7.2
      vertex -8.06225 -14.3962 6
    endloop
  endfacet
  facet normal -0.403579 -0.754847 0.51704
    outer loop
      vertex -5.81107 -11.4049 12
      vertex -6.25435 -11.1679 12
      vertex -7.12765 -13.9888 7.2
    endloop
  endfacet
  facet normal -0.40348 -0.754893 0.517049
    outer loop
      vertex -7.12765 -13.9888 7.2
      vertex -6.25435 -11.1679 12
      vertex -7.67135 -13.6982 7.2
    endloop
  endfacet
  facet normal -0.440177 -0.823509 0.357877
    outer loop
      vertex -4.7669 -9.35557 18
      vertex -5.13052 -9.16121 18
      vertex -5.81107 -11.4049 12
    endloop
  endfacet
  facet normal -0.440266 -0.823465 0.357871
    outer loop
      vertex -5.81107 -11.4049 12
      vertex -5.13052 -9.16121 18
      vertex -6.25435 -11.1679 12
    endloop
  endfacet
  facet normal -0.458429 -0.857554 -0.233334
    outer loop
      vertex -4.7669 -9.35557 18
      vertex -5.31169 -10.4248 23
      vertex -5.71687 -10.2082 23
    endloop
  endfacet
  facet normal -0.458387 -0.857577 -0.23333
    outer loop
      vertex -5.13052 -9.16121 18
      vertex -4.7669 -9.35557 18
      vertex -5.71687 -10.2082 23
    endloop
  endfacet
  facet normal -0.458854 -0.858231 -0.229982
    outer loop
      vertex -5.31169 -10.4248 23
      vertex -5.90188 -11.5831 28.5
      vertex -6.35208 -11.3424 28.5
    endloop
  endfacet
  facet normal -0.458806 -0.858259 -0.229977
    outer loop
      vertex -5.71687 -10.2082 23
      vertex -5.31169 -10.4248 23
      vertex -6.35208 -11.3424 28.5
    endloop
  endfacet
  facet normal -0.449085 -0.839921 0.304721
    outer loop
      vertex -5.90188 -11.5831 28.5
      vertex -5.53868 -10.8703 31
      vertex -5.96118 -10.6444 31
    endloop
  endfacet
  facet normal -0.449069 -0.839929 0.304724
    outer loop
      vertex -5.90188 -11.5831 28.5
      vertex -5.96118 -10.6444 31
      vertex -6.35208 -11.3424 28.5
    endloop
  endfacet
  facet normal -0.373271 -0.698337 0.610732
    outer loop
      vertex -4.31291 -8.46456 34.5
      vertex -4.6419 -8.28871 34.5
      vertex -5.53868 -10.8703 31
    endloop
  endfacet
  facet normal -0.373361 -0.698296 0.610725
    outer loop
      vertex -5.53868 -10.8703 31
      vertex -4.6419 -8.28871 34.5
      vertex -5.96118 -10.6444 31
    endloop
  endfacet
  facet normal -0.377134 -0.705591 -0.599925
    outer loop
      vertex -4.31291 -8.46456 34.5
      vertex -4.99389 -9.80107 36.5
      vertex -5.37483 -9.59746 36.5
    endloop
  endfacet
  facet normal -0.377145 -0.705584 -0.599927
    outer loop
      vertex -4.6419 -8.28871 34.5
      vertex -4.31291 -8.46456 34.5
      vertex -5.37483 -9.59746 36.5
    endloop
  endfacet
  facet normal -0.311935 -0.583549 -0.749778
    outer loop
      vertex -4.99389 -9.80107 36.5
      vertex -5.76568 -11.3158 38
      vertex -6.20549 -11.0807 38
    endloop
  endfacet
  facet normal -0.311912 -0.583566 -0.749774
    outer loop
      vertex -5.37483 -9.59746 36.5
      vertex -4.99389 -9.80107 36.5
      vertex -6.20549 -11.0807 38
    endloop
  endfacet
  facet normal -0.33338 -0.623665 0.707036
    outer loop
      vertex -6.12887 -12.0286 44.2
      vertex -5.76568 -11.3158 45
      vertex -6.20549 -11.0807 45
    endloop
  endfacet
  facet normal -0.333365 -0.623668 0.707041
    outer loop
      vertex -6.20549 -11.0807 45
      vertex -6.59639 -11.7787 44.2
      vertex -6.12887 -12.0286 44.2
    endloop
  endfacet
  facet normal -0.47141 -0.881914 0
    outer loop
      vertex -8.79518 -15.7049 0
      vertex -8.17183 -16.0381 1.5
      vertex -8.79518 -15.7049 1.5
    endloop
  endfacet
  facet normal -0.47141 -0.881914 -0
    outer loop
      vertex -8.17183 -16.0381 1.5
      vertex -8.79518 -15.7049 0
      vertex -8.17183 -16.0381 0
    endloop
  endfacet
  facet normal -0.338265 -0.577216 0.743235
    outer loop
      vertex -8.79518 -15.7049 1.5
      vertex -8.30656 -14.8324 2.39999
      vertex -8.88247 -14.4949 2.39999
    endloop
  endfacet
  facet normal -0.338304 -0.577209 0.743222
    outer loop
      vertex -8.79518 -15.7049 1.5
      vertex -8.88247 -14.4949 2.39999
      vertex -9.40497 -15.3475 1.5
    endloop
  endfacet
  facet normal -0.500825 -0.854552 0.137531
    outer loop
      vertex -8.30656 -14.8324 2.39999
      vertex -8.06225 -14.3962 6
      vertex -8.62123 -14.0686 6
    endloop
  endfacet
  facet normal -0.5008 -0.854566 0.137536
    outer loop
      vertex -8.30656 -14.8324 2.39999
      vertex -8.62123 -14.0686 6
      vertex -8.88247 -14.4949 2.39999
    endloop
  endfacet
  facet normal -0.420817 -0.717845 0.554628
    outer loop
      vertex -8.06225 -14.3962 6
      vertex -7.67135 -13.6982 7.2
      vertex -8.20323 -13.3864 7.2
    endloop
  endfacet
  facet normal -0.420722 -0.717873 0.554663
    outer loop
      vertex -8.06225 -14.3962 6
      vertex -8.20323 -13.3864 7.2
      vertex -8.62123 -14.0686 6
    endloop
  endfacet
  facet normal -0.432758 -0.738498 0.51705
    outer loop
      vertex -6.25435 -11.1679 12
      vertex -6.68797 -10.9138 12
      vertex -7.67135 -13.6982 7.2
    endloop
  endfacet
  facet normal -0.432886 -0.738432 0.517038
    outer loop
      vertex -7.67135 -13.6982 7.2
      vertex -6.68797 -10.9138 12
      vertex -8.20323 -13.3864 7.2
    endloop
  endfacet
  facet normal -0.472176 -0.805592 0.35787
    outer loop
      vertex -5.13052 -9.16121 18
      vertex -5.48623 -8.95272 18
      vertex -6.25435 -11.1679 12
    endloop
  endfacet
  facet normal -0.472099 -0.805635 0.357876
    outer loop
      vertex -6.25435 -11.1679 12
      vertex -5.48623 -8.95272 18
      vertex -6.68797 -10.9138 12
    endloop
  endfacet
  facet normal -0.491699 -0.838921 -0.23333
    outer loop
      vertex -5.13052 -9.16121 18
      vertex -5.71687 -10.2082 23
      vertex -6.11323 -9.97589 23
    endloop
  endfacet
  facet normal -0.491708 -0.838916 -0.233331
    outer loop
      vertex -5.48623 -8.95272 18
      vertex -5.13052 -9.16121 18
      vertex -6.11323 -9.97589 23
    endloop
  endfacet
  facet normal -0.492071 -0.839629 -0.229977
    outer loop
      vertex -5.71687 -10.2082 23
      vertex -6.35208 -11.3424 28.5
      vertex -6.79248 -11.0843 28.5
    endloop
  endfacet
  facet normal -0.492102 -0.83961 -0.22998
    outer loop
      vertex -6.11323 -9.97589 23
      vertex -5.71687 -10.2082 23
      vertex -6.79248 -11.0843 28.5
    endloop
  endfacet
  facet normal -0.48155 -0.821737 0.304724
    outer loop
      vertex -6.35208 -11.3424 28.5
      vertex -5.96118 -10.6444 31
      vertex -6.37448 -10.4022 31
    endloop
  endfacet
  facet normal -0.481578 -0.821723 0.304719
    outer loop
      vertex -6.35208 -11.3424 28.5
      vertex -6.37448 -10.4022 31
      vertex -6.79248 -11.0843 28.5
    endloop
  endfacet
  facet normal -0.400396 -0.683154 0.610724
    outer loop
      vertex -4.6419 -8.28871 34.5
      vertex -4.96374 -8.10008 34.5
      vertex -5.96118 -10.6444 31
    endloop
  endfacet
  facet normal -0.400352 -0.683177 0.610728
    outer loop
      vertex -5.96118 -10.6444 31
      vertex -4.96374 -8.10008 34.5
      vertex -6.37448 -10.4022 31
    endloop
  endfacet
  facet normal -0.404562 -0.69023 -0.599927
    outer loop
      vertex -4.6419 -8.28871 34.5
      vertex -5.37483 -9.59746 36.5
      vertex -5.74748 -9.37904 36.5
    endloop
  endfacet
  facet normal -0.404549 -0.69024 -0.599925
    outer loop
      vertex -4.96374 -8.10008 34.5
      vertex -4.6419 -8.28871 34.5
      vertex -5.74748 -9.37904 36.5
    endloop
  endfacet
  facet normal -0.334622 -0.570848 -0.749774
    outer loop
      vertex -5.37483 -9.59746 36.5
      vertex -6.20549 -11.0807 38
      vertex -6.63573 -10.8285 38
    endloop
  endfacet
  facet normal -0.3346 -0.570866 -0.74977
    outer loop
      vertex -5.74748 -9.37904 36.5
      vertex -5.37483 -9.59746 36.5
      vertex -6.63573 -10.8285 38
    endloop
  endfacet
  facet normal 0 -0.753509 0.657437
    outer loop
      vertex -6.2055 -11.0807 45
      vertex -6.59639 -11.7787 44.2
      vertex -6.20549 -11.0807 45
    endloop
  endfacet
  facet normal -0.357629 -0.610081 0.707038
    outer loop
      vertex -6.59639 -11.7787 44.2
      vertex -6.2055 -11.0807 45
      vertex -6.63573 -10.8285 45
    endloop
  endfacet
  facet normal -0.357638 -0.610079 0.707035
    outer loop
      vertex -6.63573 -10.8285 45
      vertex -7.05373 -11.5106 44.2
      vertex -6.59639 -11.7787 44.2
    endloop
  endfacet
  facet normal -0.505653 -0.862737 0
    outer loop
      vertex -9.40497 -15.3475 0
      vertex -8.79518 -15.7049 1.5
      vertex -9.40497 -15.3475 1.5
    endloop
  endfacet
  facet normal -0.505653 -0.862737 -0
    outer loop
      vertex -8.79518 -15.7049 1.5
      vertex -9.40497 -15.3475 0
      vertex -8.79518 -15.7049 0
    endloop
  endfacet
  facet normal -0.360707 -0.563481 0.743223
    outer loop
      vertex -9.40497 -15.3475 1.5
      vertex -8.88247 -14.4949 2.39999
      vertex -9.44469 -14.135 2.39999
    endloop
  endfacet
  facet normal -0.360628 -0.563497 0.743249
    outer loop
      vertex -9.40497 -15.3475 1.5
      vertex -9.44469 -14.135 2.39999
      vertex -10.0003 -14.9665 1.5
    endloop
  endfacet
  facet normal -0.53411 -0.834153 0.137536
    outer loop
      vertex -8.88247 -14.4949 2.39999
      vertex -8.62123 -14.0686 6
      vertex -9.16691 -13.7192 6
    endloop
  endfacet
  facet normal -0.534013 -0.834211 0.137556
    outer loop
      vertex -8.88247 -14.4949 2.39999
      vertex -9.16691 -13.7192 6
      vertex -9.44469 -14.135 2.39999
    endloop
  endfacet
  facet normal -0.448532 -0.700834 0.554663
    outer loop
      vertex -8.62123 -14.0686 6
      vertex -8.20323 -13.3864 7.2
      vertex -8.72245 -13.0541 7.2
    endloop
  endfacet
  facet normal -0.448707 -0.700774 0.554597
    outer loop
      vertex -8.62123 -14.0686 6
      vertex -8.72245 -13.0541 7.2
      vertex -9.16691 -13.7192 6
    endloop
  endfacet
  facet normal -0.461501 -0.720895 0.517037
    outer loop
      vertex -6.68797 -10.9138 12
      vertex -7.11129 -10.6428 12
      vertex -8.20323 -13.3864 7.2
    endloop
  endfacet
  facet normal -0.461406 -0.720949 0.517046
    outer loop
      vertex -8.20323 -13.3864 7.2
      vertex -7.11129 -10.6428 12
      vertex -8.72245 -13.0541 7.2
    endloop
  endfacet
  facet normal -0.503422 -0.786442 0.357876
    outer loop
      vertex -5.48623 -8.95272 18
      vertex -5.83349 -8.73043 18
      vertex -6.68797 -10.9138 12
    endloop
  endfacet
  facet normal -0.503451 -0.786424 0.357874
    outer loop
      vertex -6.68797 -10.9138 12
      vertex -5.83349 -8.73043 18
      vertex -7.11129 -10.6428 12
    endloop
  endfacet
  facet normal -0.524262 -0.818966 -0.233331
    outer loop
      vertex -5.48623 -8.95272 18
      vertex -6.11323 -9.97589 23
      vertex -6.50017 -9.72819 23
    endloop
  endfacet
  facet normal -0.524248 -0.818976 -0.233329
    outer loop
      vertex -5.83349 -8.73043 18
      vertex -5.48623 -8.95272 18
      vertex -6.50017 -9.72819 23
    endloop
  endfacet
  facet normal -0.524665 -0.819656 -0.229981
    outer loop
      vertex -6.11323 -9.97589 23
      vertex -6.79248 -11.0843 28.5
      vertex -7.22241 -10.8091 28.5
    endloop
  endfacet
  facet normal -0.524692 -0.819638 -0.229983
    outer loop
      vertex -6.50017 -9.72819 23
      vertex -6.11323 -9.97589 23
      vertex -7.22241 -10.8091 28.5
    endloop
  endfacet
  facet normal -0.51352 -0.802149 0.304719
    outer loop
      vertex -6.37448 -10.4022 31
      vertex -6.77796 -10.1439 31
      vertex -6.79248 -11.0843 28.5
    endloop
  endfacet
  facet normal -0.513475 -0.802174 0.304728
    outer loop
      vertex -6.79248 -11.0843 28.5
      vertex -6.77796 -10.1439 31
      vertex -7.22241 -10.8091 28.5
    endloop
  endfacet
  facet normal -0.426912 -0.666901 0.610728
    outer loop
      vertex -4.96374 -8.10008 34.5
      vertex -5.27792 -7.89896 34.5
      vertex -6.37448 -10.4022 31
    endloop
  endfacet
  facet normal -0.42693 -0.666891 0.610727
    outer loop
      vertex -6.37448 -10.4022 31
      vertex -5.27792 -7.89896 34.5
      vertex -6.77796 -10.1439 31
    endloop
  endfacet
  facet normal -0.431345 -0.673819 -0.599925
    outer loop
      vertex -4.96374 -8.10008 34.5
      vertex -5.74748 -9.37904 36.5
      vertex -6.11127 -9.14616 36.5
    endloop
  endfacet
  facet normal -0.431342 -0.673821 -0.599924
    outer loop
      vertex -5.27792 -7.89896 34.5
      vertex -4.96374 -8.10008 34.5
      vertex -6.11127 -9.14616 36.5
    endloop
  endfacet
  facet normal -0.356684 -0.557333 -0.749771
    outer loop
      vertex -5.74748 -9.37904 36.5
      vertex -6.63573 -10.8285 38
      vertex -7.05574 -10.5597 38
    endloop
  endfacet
  facet normal -0.356743 -0.557281 -0.749781
    outer loop
      vertex -6.11127 -9.14616 36.5
      vertex -5.74748 -9.37904 36.5
      vertex -7.05574 -10.5597 38
    endloop
  endfacet
  facet normal -0.381201 -0.59564 0.707035
    outer loop
      vertex -7.05373 -11.5106 44.2
      vertex -6.63573 -10.8285 45
      vertex -7.05574 -10.5597 45
    endloop
  endfacet
  facet normal 0 -0.768961 0.639295
    outer loop
      vertex -7.5002 -11.2248 44.2
      vertex -7.05574 -10.5597 45
      vertex -7.05575 -10.5597 45
    endloop
  endfacet
  facet normal -0.381276 -0.59562 0.707011
    outer loop
      vertex -7.05574 -10.5597 45
      vertex -7.5002 -11.2248 44.2
      vertex -7.05373 -11.5106 44.2
    endloop
  endfacet
  facet normal -0.539042 -0.842279 0
    outer loop
      vertex -10.0003 -14.9665 0
      vertex -9.40497 -15.3475 1.5
      vertex -10.0003 -14.9665 1.5
    endloop
  endfacet
  facet normal -0.539042 -0.842279 -0
    outer loop
      vertex -9.40497 -15.3475 1.5
      vertex -10.0003 -14.9665 0
      vertex -9.40497 -15.3475 0
    endloop
  endfacet
  facet normal -0.382536 -0.548859 0.74325
    outer loop
      vertex -9.44469 -14.135 2.39999
      vertex -9.99235 -13.7533 2.39999
      vertex -10.0003 -14.9665 1.5
    endloop
  endfacet
  facet normal -0.382616 -0.548839 0.743223
    outer loop
      vertex -10.0003 -14.9665 1.5
      vertex -9.99235 -13.7533 2.39999
      vertex -10.5801 -14.5623 1.5
    endloop
  endfacet
  facet normal -0.566281 -0.812653 0.137556
    outer loop
      vertex -9.44469 -14.135 2.39999
      vertex -9.16691 -13.7192 6
      vertex -9.69846 -13.3488 6
    endloop
  endfacet
  facet normal -0.566356 -0.812603 0.13754
    outer loop
      vertex -9.44469 -14.135 2.39999
      vertex -9.69846 -13.3488 6
      vertex -9.99235 -13.7533 2.39999
    endloop
  endfacet
  facet normal -0.475787 -0.682677 0.554597
    outer loop
      vertex -9.16691 -13.7192 6
      vertex -8.72245 -13.0541 7.2
      vertex -9.22823 -12.7016 7.2
    endloop
  endfacet
  facet normal -0.475726 -0.682701 0.554621
    outer loop
      vertex -9.16691 -13.7192 6
      vertex -9.22823 -12.7016 7.2
      vertex -9.69846 -13.3488 6
    endloop
  endfacet
  facet normal -0.489435 -0.702222 0.517047
    outer loop
      vertex -7.11129 -10.6428 12
      vertex -7.52364 -10.3554 12
      vertex -8.72245 -13.0541 7.2
    endloop
  endfacet
  facet normal -0.489417 -0.702233 0.517049
    outer loop
      vertex -8.72245 -13.0541 7.2
      vertex -7.52364 -10.3554 12
      vertex -9.22823 -12.7016 7.2
    endloop
  endfacet
  facet normal -0.533923 -0.766063 0.357874
    outer loop
      vertex -5.83349 -8.73043 18
      vertex -6.17174 -8.49468 18
      vertex -7.11129 -10.6428 12
    endloop
  endfacet
  facet normal -0.533929 -0.766059 0.357873
    outer loop
      vertex -7.11129 -10.6428 12
      vertex -6.17174 -8.49468 18
      vertex -7.52364 -10.3554 12
    endloop
  endfacet
  facet normal -0.556003 -0.797758 -0.233329
    outer loop
      vertex -5.83349 -8.73043 18
      vertex -6.50017 -9.72819 23
      vertex -6.87708 -9.4655 23
    endloop
  endfacet
  facet normal -0.55601 -0.797753 -0.23333
    outer loop
      vertex -6.17174 -8.49468 18
      vertex -5.83349 -8.73043 18
      vertex -6.87708 -9.4655 23
    endloop
  endfacet
  facet normal -0.556477 -0.798399 -0.229983
    outer loop
      vertex -6.50017 -9.72819 23
      vertex -7.22241 -10.8091 28.5
      vertex -7.64121 -10.5172 28.5
    endloop
  endfacet
  facet normal -0.556459 -0.798412 -0.229981
    outer loop
      vertex -6.87708 -9.4655 23
      vertex -6.50017 -9.72819 23
      vertex -7.64121 -10.5172 28.5
    endloop
  endfacet
  facet normal -0.544567 -0.781401 0.304728
    outer loop
      vertex -6.77796 -10.1439 31
      vertex -7.17098 -9.87 31
      vertex -7.22241 -10.8091 28.5
    endloop
  endfacet
  facet normal -0.544611 -0.781374 0.304719
    outer loop
      vertex -7.22241 -10.8091 28.5
      vertex -7.17098 -9.87 31
      vertex -7.64121 -10.5172 28.5
    endloop
  endfacet
  facet normal -0.452768 -0.649626 0.610726
    outer loop
      vertex -5.27792 -7.89896 34.5
      vertex -5.58396 -7.68566 34.5
      vertex -6.77796 -10.1439 31
    endloop
  endfacet
  facet normal -0.452743 -0.649642 0.610729
    outer loop
      vertex -6.77796 -10.1439 31
      vertex -5.58396 -7.68566 34.5
      vertex -7.17098 -9.87 31
    endloop
  endfacet
  facet normal -0.457448 -0.656378 -0.599924
    outer loop
      vertex -5.27792 -7.89896 34.5
      vertex -6.11127 -9.14616 36.5
      vertex -6.46564 -8.89919 36.5
    endloop
  endfacet
  facet normal -0.457464 -0.656364 -0.599927
    outer loop
      vertex -5.58396 -7.68566 34.5
      vertex -5.27792 -7.89896 34.5
      vertex -6.46564 -8.89919 36.5
    endloop
  endfacet
  facet normal -0.378391 -0.542816 -0.749781
    outer loop
      vertex -6.11127 -9.14616 36.5
      vertex -7.05574 -10.5597 38
      vertex -7.46487 -10.2745 38
    endloop
  endfacet
  facet normal -0.378338 -0.542866 -0.749771
    outer loop
      vertex -6.46564 -8.89919 36.5
      vertex -6.11127 -9.14616 36.5
      vertex -7.46487 -10.2745 38
    endloop
  endfacet
  facet normal -0.404428 -0.580152 0.707009
    outer loop
      vertex -7.5002 -11.2248 44.2
      vertex -7.05575 -10.5597 45
      vertex -7.46487 -10.2745 45
    endloop
  endfacet
  facet normal 0 -0.777444 0.628952
    outer loop
      vertex -7.9351 -10.9217 44.2
      vertex -7.46487 -10.2745 45
      vertex -7.46488 -10.2745 45
    endloop
  endfacet
  facet normal -0.404349 -0.580176 0.707034
    outer loop
      vertex -7.46487 -10.2745 45
      vertex -7.9351 -10.9217 44.2
      vertex -7.5002 -11.2248 44.2
    endloop
  endfacet
  facet normal -0.571885 -0.820334 0
    outer loop
      vertex -10.5801 -14.5623 0
      vertex -10.0003 -14.9665 1.5
      vertex -10.5801 -14.5623 1.5
    endloop
  endfacet
  facet normal -0.571885 -0.820334 -0
    outer loop
      vertex -10.0003 -14.9665 1.5
      vertex -10.5801 -14.5623 0
      vertex -10.0003 -14.9665 0
    endloop
  endfacet
  facet normal -0.403804 -0.533444 0.743222
    outer loop
      vertex -9.99235 -13.7533 2.39999
      vertex -10.5246 -13.3504 2.39999
      vertex -10.5801 -14.5623 1.5
    endloop
  endfacet
  facet normal -0.40378 -0.533452 0.74323
    outer loop
      vertex -10.5801 -14.5623 1.5
      vertex -10.5246 -13.3504 2.39999
      vertex -11.1437 -14.1357 1.5
    endloop
  endfacet
  facet normal -0.597907 -0.789677 0.137539
    outer loop
      vertex -9.99235 -13.7533 2.39999
      vertex -9.69846 -13.3488 6
      vertex -10.215 -12.9577 6
    endloop
  endfacet
  facet normal -0.597816 -0.789743 0.13756
    outer loop
      vertex -9.99235 -13.7533 2.39999
      vertex -10.215 -12.9577 6
      vertex -10.5246 -13.3504 2.39999
    endloop
  endfacet
  facet normal -0.502233 -0.663444 0.554621
    outer loop
      vertex -9.69846 -13.3488 6
      vertex -9.22823 -12.7016 7.2
      vertex -9.71977 -12.3295 7.2
    endloop
  endfacet
  facet normal -0.502305 -0.663412 0.554593
    outer loop
      vertex -9.69846 -13.3488 6
      vertex -9.71977 -12.3295 7.2
      vertex -10.215 -12.9577 6
    endloop
  endfacet
  facet normal -0.516661 -0.682439 0.517048
    outer loop
      vertex -7.52364 -10.3554 12
      vertex -7.92439 -10.052 12
      vertex -9.22823 -12.7016 7.2
    endloop
  endfacet
  facet normal -0.516629 -0.682461 0.517052
    outer loop
      vertex -9.22823 -12.7016 7.2
      vertex -7.92439 -10.052 12
      vertex -9.71977 -12.3295 7.2
    endloop
  endfacet
  facet normal -0.563572 -0.744522 0.357873
    outer loop
      vertex -6.17174 -8.49468 18
      vertex -6.50049 -8.24583 18
      vertex -7.52364 -10.3554 12
    endloop
  endfacet
  facet normal -0.563631 -0.74448 0.357869
    outer loop
      vertex -7.52364 -10.3554 12
      vertex -6.50049 -8.24583 18
      vertex -7.92439 -10.052 12
    endloop
  endfacet
  facet normal -0.5869 -0.77531 -0.23333
    outer loop
      vertex -6.17174 -8.49468 18
      vertex -6.87708 -9.4655 23
      vertex -7.2434 -9.1882 23
    endloop
  endfacet
  facet normal -0.586886 -0.775321 -0.233329
    outer loop
      vertex -6.50049 -8.24583 18
      vertex -6.17174 -8.49468 18
      vertex -7.2434 -9.1882 23
    endloop
  endfacet
  facet normal -0.587379 -0.775947 -0.229981
    outer loop
      vertex -6.87708 -9.4655 23
      vertex -7.64121 -10.5172 28.5
      vertex -8.04822 -10.2091 28.5
    endloop
  endfacet
  facet normal -0.587382 -0.775945 -0.229982
    outer loop
      vertex -7.2434 -9.1882 23
      vertex -6.87708 -9.4655 23
      vertex -8.04822 -10.2091 28.5
    endloop
  endfacet
  facet normal -0.574857 -0.759398 0.304719
    outer loop
      vertex -7.17098 -9.87 31
      vertex -7.55294 -9.58086 31
      vertex -7.64121 -10.5172 28.5
    endloop
  endfacet
  facet normal -0.574854 -0.7594 0.30472
    outer loop
      vertex -7.64121 -10.5172 28.5
      vertex -7.55294 -9.58086 31
      vertex -8.04822 -10.2091 28.5
    endloop
  endfacet
  facet normal -0.477921 -0.631349 0.610729
    outer loop
      vertex -5.58396 -7.68566 34.5
      vertex -5.88139 -7.46051 34.5
      vertex -7.17098 -9.87 31
    endloop
  endfacet
  facet normal -0.477924 -0.631347 0.610729
    outer loop
      vertex -7.17098 -9.87 31
      vertex -5.88139 -7.46051 34.5
      vertex -7.55294 -9.58086 31
    endloop
  endfacet
  facet normal -0.482882 -0.637897 -0.599927
    outer loop
      vertex -5.58396 -7.68566 34.5
      vertex -6.46564 -8.89919 36.5
      vertex -6.81003 -8.63849 36.5
    endloop
  endfacet
  facet normal -0.48288 -0.637899 -0.599927
    outer loop
      vertex -5.88139 -7.46051 34.5
      vertex -5.58396 -7.68566 34.5
      vertex -6.81003 -8.63849 36.5
    endloop
  endfacet
  facet normal -0.399362 -0.527592 -0.749771
    outer loop
      vertex -6.46564 -8.89919 36.5
      vertex -7.46487 -10.2745 38
      vertex -7.86249 -9.97352 38
    endloop
  endfacet
  facet normal -0.399373 -0.52758 -0.749773
    outer loop
      vertex -6.81003 -8.63849 36.5
      vertex -6.46564 -8.89919 36.5
      vertex -7.86249 -9.97352 38
    endloop
  endfacet
  facet normal -0.426812 -0.563859 0.707032
    outer loop
      vertex -7.9351 -10.9217 44.2
      vertex -7.46488 -10.2745 45
      vertex -7.86249 -9.97353 45
    endloop
  endfacet
  facet normal 0 -0.786462 0.617638
    outer loop
      vertex -8.35777 -10.6018 44.2
      vertex -7.86249 -9.97353 45
      vertex -7.8625 -9.97353 45
    endloop
  endfacet
  facet normal -0.426771 -0.563874 0.707045
    outer loop
      vertex -7.86249 -9.97353 45
      vertex -8.35777 -10.6018 44.2
      vertex -7.9351 -10.9217 44.2
    endloop
  endfacet
  facet normal -0.603525 -0.797344 0
    outer loop
      vertex -11.1437 -14.1357 0
      vertex -10.5801 -14.5623 1.5
      vertex -11.1437 -14.1357 1.5
    endloop
  endfacet
  facet normal -0.603525 -0.797344 -0
    outer loop
      vertex -10.5801 -14.5623 1.5
      vertex -11.1437 -14.1357 0
      vertex -10.5801 -14.5623 0
    endloop
  endfacet
  facet normal -0.424449 -0.517157 0.74323
    outer loop
      vertex -10.5246 -13.3504 2.39999
      vertex -11.0406 -12.9269 2.39999
      vertex -11.1437 -14.1357 1.5
    endloop
  endfacet
  facet normal -0.424412 -0.517169 0.743243
    outer loop
      vertex -11.1437 -14.1357 1.5
      vertex -11.0406 -12.9269 2.39999
      vertex -11.6901 -13.6873 1.5
    endloop
  endfacet
  facet normal -0.628291 -0.76572 0.13756
    outer loop
      vertex -10.5246 -13.3504 2.39999
      vertex -10.215 -12.9577 6
      vertex -10.7159 -12.5467 6
    endloop
  endfacet
  facet normal -0.628391 -0.765643 0.137537
    outer loop
      vertex -10.5246 -13.3504 2.39999
      vertex -10.7159 -12.5467 6
      vertex -11.0406 -12.9269 2.39999
    endloop
  endfacet
  facet normal -0.52791 -0.643225 0.554592
    outer loop
      vertex -9.71977 -12.3295 7.2
      vertex -10.1963 -11.9384 7.2
      vertex -10.215 -12.9577 6
    endloop
  endfacet
  facet normal -0.527817 -0.643269 0.554629
    outer loop
      vertex -10.215 -12.9577 6
      vertex -10.1963 -11.9384 7.2
      vertex -10.7159 -12.5467 6
    endloop
  endfacet
  facet normal -0.542954 -0.661709 0.517052
    outer loop
      vertex -7.92439 -10.052 12
      vertex -8.31293 -9.73319 12
      vertex -9.71977 -12.3295 7.2
    endloop
  endfacet
  facet normal -0.543033 -0.66165 0.517044
    outer loop
      vertex -9.71977 -12.3295 7.2
      vertex -8.31293 -9.73319 12
      vertex -10.1963 -11.9384 7.2
    endloop
  endfacet
  facet normal -0.592394 -0.721803 0.357868
    outer loop
      vertex -6.50049 -8.24583 18
      vertex -6.8192 -7.98426 18
      vertex -7.92439 -10.052 12
    endloop
  endfacet
  facet normal -0.592314 -0.721865 0.357875
    outer loop
      vertex -7.92439 -10.052 12
      vertex -6.8192 -7.98426 18
      vertex -8.31293 -9.73319 12
    endloop
  endfacet
  facet normal -0.616875 -0.75168 -0.233329
    outer loop
      vertex -6.50049 -8.24583 18
      vertex -7.2434 -9.1882 23
      vertex -7.59854 -8.89675 23
    endloop
  endfacet
  facet normal -0.616898 -0.75166 -0.233331
    outer loop
      vertex -6.8192 -7.98426 18
      vertex -6.50049 -8.24583 18
      vertex -7.59854 -8.89675 23
    endloop
  endfacet
  facet normal -0.617366 -0.752308 -0.229982
    outer loop
      vertex -7.2434 -9.1882 23
      vertex -8.04822 -10.2091 28.5
      vertex -8.44282 -9.88528 28.5
    endloop
  endfacet
  facet normal -0.617381 -0.752296 -0.229983
    outer loop
      vertex -7.59854 -8.89675 23
      vertex -7.2434 -9.1882 23
      vertex -8.44282 -9.88528 28.5
    endloop
  endfacet
  facet normal -0.604218 -0.736251 0.30472
    outer loop
      vertex -7.55294 -9.58086 31
      vertex -7.92326 -9.27695 31
      vertex -8.04822 -10.2091 28.5
    endloop
  endfacet
  facet normal -0.6042 -0.736265 0.304724
    outer loop
      vertex -8.04822 -10.2091 28.5
      vertex -7.92326 -9.27695 31
      vertex -8.44282 -9.88528 28.5
    endloop
  endfacet
  facet normal -0.502326 -0.61211 0.610729
    outer loop
      vertex -5.88139 -7.46051 34.5
      vertex -6.16976 -7.22386 34.5
      vertex -7.55294 -9.58086 31
    endloop
  endfacet
  facet normal -0.502335 -0.612104 0.610728
    outer loop
      vertex -7.55294 -9.58086 31
      vertex -6.16976 -7.22386 34.5
      vertex -7.92326 -9.27695 31
    endloop
  endfacet
  facet normal -0.507555 -0.618446 -0.599927
    outer loop
      vertex -5.88139 -7.46051 34.5
      vertex -6.81003 -8.63849 36.5
      vertex -7.14393 -8.36446 36.5
    endloop
  endfacet
  facet normal -0.507539 -0.618462 -0.599924
    outer loop
      vertex -6.16976 -7.22386 34.5
      vertex -5.88139 -7.46051 34.5
      vertex -7.14393 -8.36446 36.5
    endloop
  endfacet
  facet normal -0.419773 -0.511498 -0.749773
    outer loop
      vertex -6.81003 -8.63849 36.5
      vertex -7.86249 -9.97352 38
      vertex -8.24799 -9.65715 38
    endloop
  endfacet
  facet normal -0.419779 -0.511492 -0.749774
    outer loop
      vertex -7.14393 -8.36446 36.5
      vertex -6.81003 -8.63849 36.5
      vertex -8.24799 -9.65715 38
    endloop
  endfacet
  facet normal -0.44863 -0.546646 0.707043
    outer loop
      vertex -8.35777 -10.6018 44.2
      vertex -7.8625 -9.97353 45
      vertex -8.24799 -9.65716 45
    endloop
  endfacet
  facet normal -0.448625 -0.546648 0.707044
    outer loop
      vertex -8.24799 -9.65716 45
      vertex -8.76755 -10.2655 44.2
      vertex -8.35777 -10.6018 44.2
    endloop
  endfacet
  facet normal -0.634377 -0.773024 0
    outer loop
      vertex -11.6901 -13.6873 0
      vertex -11.1437 -14.1357 1.5
      vertex -11.6901 -13.6873 1.5
    endloop
  endfacet
  facet normal -0.634377 -0.773024 -0
    outer loop
      vertex -11.1437 -14.1357 1.5
      vertex -11.6901 -13.6873 0
      vertex -11.1437 -14.1357 0
    endloop
  endfacet
  facet normal -0.444386 -0.50011 0.743244
    outer loop
      vertex -11.0406 -12.9269 2.39999
      vertex -11.5396 -12.4835 2.39999
      vertex -11.6901 -13.6873 1.5
    endloop
  endfacet
  facet normal -0.444432 -0.500092 0.743228
    outer loop
      vertex -11.6901 -13.6873 1.5
      vertex -11.5396 -12.4835 2.39999
      vertex -12.2184 -13.2178 1.5
    endloop
  endfacet
  facet normal -0.657974 -0.740374 0.137537
    outer loop
      vertex -11.0406 -12.9269 2.39999
      vertex -10.7159 -12.5467 6
      vertex -11.2002 -12.1163 6
    endloop
  endfacet
  facet normal -0.65792 -0.74042 0.13755
    outer loop
      vertex -11.0406 -12.9269 2.39999
      vertex -11.2002 -12.1163 6
      vertex -11.5396 -12.4835 2.39999
    endloop
  endfacet
  facet normal -0.552672 -0.622043 0.554631
    outer loop
      vertex -10.1963 -11.9384 7.2
      vertex -10.6572 -11.5289 7.2
      vertex -10.7159 -12.5467 6
    endloop
  endfacet
  facet normal -0.552768 -0.621992 0.554593
    outer loop
      vertex -10.7159 -12.5467 6
      vertex -10.6572 -11.5289 7.2
      vertex -11.2002 -12.1163 6
    endloop
  endfacet
  facet normal -0.568579 -0.639832 0.517043
    outer loop
      vertex -8.31293 -9.73319 12
      vertex -8.68864 -9.39932 12
      vertex -10.1963 -11.9384 7.2
    endloop
  endfacet
  facet normal -0.568519 -0.639879 0.51705
    outer loop
      vertex -10.1963 -11.9384 7.2
      vertex -8.68864 -9.39932 12
      vertex -10.6572 -11.5289 7.2
    endloop
  endfacet
  facet normal -0.620243 -0.698014 0.357876
    outer loop
      vertex -6.8192 -7.98426 18
      vertex -7.12741 -7.71039 18
      vertex -8.31293 -9.73319 12
    endloop
  endfacet
  facet normal -0.620265 -0.697996 0.357874
    outer loop
      vertex -8.31293 -9.73319 12
      vertex -7.12741 -7.71039 18
      vertex -8.68864 -9.39932 12
    endloop
  endfacet
  facet normal -0.645918 -0.726875 -0.233331
    outer loop
      vertex -6.8192 -7.98426 18
      vertex -7.59854 -8.89675 23
      vertex -7.94197 -8.59157 23
    endloop
  endfacet
  facet normal -0.645901 -0.72689 -0.233329
    outer loop
      vertex -7.12741 -7.71039 18
      vertex -6.8192 -7.98426 18
      vertex -7.94197 -8.59157 23
    endloop
  endfacet
  facet normal -0.646448 -0.72747 -0.229983
    outer loop
      vertex -7.59854 -8.89675 23
      vertex -8.44282 -9.88528 28.5
      vertex -8.82441 -9.54619 28.5
    endloop
  endfacet
  facet normal -0.646447 -0.72747 -0.229983
    outer loop
      vertex -7.94197 -8.59157 23
      vertex -7.59854 -8.89675 23
      vertex -8.82441 -9.54619 28.5
    endloop
  endfacet
  facet normal -0.632656 -0.711962 0.304724
    outer loop
      vertex -7.92326 -9.27695 31
      vertex -8.28137 -8.95873 31
      vertex -8.44282 -9.88528 28.5
    endloop
  endfacet
  facet normal -0.632662 -0.711957 0.304723
    outer loop
      vertex -8.44282 -9.88528 28.5
      vertex -8.28137 -8.95873 31
      vertex -8.82441 -9.54619 28.5
    endloop
  endfacet
  facet normal -0.525991 -0.591899 0.610728
    outer loop
      vertex -6.16976 -7.22386 34.5
      vertex -6.44861 -6.97606 34.5
      vertex -7.92326 -9.27695 31
    endloop
  endfacet
  facet normal -0.525977 -0.59191 0.610729
    outer loop
      vertex -7.92326 -9.27695 31
      vertex -6.44861 -6.97606 34.5
      vertex -8.28137 -8.95873 31
    endloop
  endfacet
  facet normal -0.531431 -0.598057 -0.599924
    outer loop
      vertex -6.16976 -7.22386 34.5
      vertex -7.14393 -8.36446 36.5
      vertex -7.46681 -8.07755 36.5
    endloop
  endfacet
  facet normal -0.531448 -0.598039 -0.599927
    outer loop
      vertex -6.44861 -6.97606 34.5
      vertex -6.16976 -7.22386 34.5
      vertex -7.46681 -8.07755 36.5
    endloop
  endfacet
  facet normal -0.439531 -0.494622 -0.749774
    outer loop
      vertex -7.14393 -8.36446 36.5
      vertex -8.24799 -9.65715 38
      vertex -8.62077 -9.32589 38
    endloop
  endfacet
  facet normal -0.439525 -0.494629 -0.749773
    outer loop
      vertex -7.46681 -8.07755 36.5
      vertex -7.14393 -8.36446 36.5
      vertex -8.62077 -9.32589 38
    endloop
  endfacet
  facet normal -0.469739 -0.528615 0.707044
    outer loop
      vertex -8.76755 -10.2655 44.2
      vertex -8.24799 -9.65716 45
      vertex -8.62077 -9.3259 45
    endloop
  endfacet
  facet normal -0.469763 -0.528605 0.707036
    outer loop
      vertex -8.62077 -9.3259 45
      vertex -9.16381 -9.91335 44.2
      vertex -8.76755 -10.2655 44.2
    endloop
  endfacet
  facet normal -0.664285 -0.74748 0
    outer loop
      vertex -12.2184 -13.2178 0
      vertex -11.6901 -13.6873 1.5
      vertex -12.2184 -13.2178 1.5
    endloop
  endfacet
  facet normal -0.664285 -0.74748 -0
    outer loop
      vertex -11.6901 -13.6873 1.5
      vertex -12.2184 -13.2178 0
      vertex -11.6901 -13.6873 0
    endloop
  endfacet
  facet normal -0.46372 -0.482261 0.743228
    outer loop
      vertex -11.5396 -12.4835 2.39999
      vertex -12.0208 -12.0208 2.39999
      vertex -12.2184 -13.2178 1.5
    endloop
  endfacet
  facet normal -0.463712 -0.482265 0.743231
    outer loop
      vertex -12.2184 -13.2178 1.5
      vertex -12.0208 -12.0208 2.39999
      vertex -12.7279 -12.7279 1.5
    endloop
  endfacet
  facet normal -0.686414 -0.714084 0.13755
    outer loop
      vertex -11.5396 -12.4835 2.39999
      vertex -11.2002 -12.1163 6
      vertex -11.6673 -11.6673 6
    endloop
  endfacet
  facet normal -0.686529 -0.713979 0.137522
    outer loop
      vertex -11.5396 -12.4835 2.39999
      vertex -11.6673 -11.6673 6
      vertex -12.0208 -12.0208 2.39999
    endloop
  endfacet
  facet normal -0.576746 -0.599826 0.554592
    outer loop
      vertex -10.6572 -11.5289 7.2
      vertex -11.1016 -11.1016 7.2
      vertex -11.2002 -12.1163 6
    endloop
  endfacet
  facet normal -0.576642 -0.599887 0.554635
    outer loop
      vertex -11.2002 -12.1163 6
      vertex -11.1016 -11.1016 7.2
      vertex -11.6673 -11.6673 6
    endloop
  endfacet
  facet normal -0.593248 -0.617022 0.51705
    outer loop
      vertex -8.68864 -9.39932 12
      vertex -9.05096 -9.05096 12
      vertex -10.6572 -11.5289 7.2
    endloop
  endfacet
  facet normal -0.593265 -0.617007 0.517048
    outer loop
      vertex -10.6572 -11.5289 7.2
      vertex -9.05096 -9.05096 12
      vertex -11.1016 -11.1016 7.2
    endloop
  endfacet
  facet normal -0.647194 -0.673102 0.357874
    outer loop
      vertex -7.12741 -7.71039 18
      vertex -7.42462 -7.42462 18
      vertex -8.68864 -9.39932 12
    endloop
  endfacet
  facet normal -0.64718 -0.673115 0.357875
    outer loop
      vertex -8.68864 -9.39932 12
      vertex -7.42462 -7.42462 18
      vertex -9.05096 -9.05096 12
    endloop
  endfacet
  facet normal -0.673953 -0.70096 -0.233329
    outer loop
      vertex -7.12741 -7.71039 18
      vertex -7.94197 -8.59157 23
      vertex -8.27315 -8.27315 23
    endloop
  endfacet
  facet normal -0.673966 -0.700947 -0.233331
    outer loop
      vertex -7.42462 -7.42462 18
      vertex -7.12741 -7.71039 18
      vertex -8.27315 -8.27315 23
    endloop
  endfacet
  facet normal -0.674503 -0.701536 -0.229983
    outer loop
      vertex -7.94197 -8.59157 23
      vertex -8.82441 -9.54619 28.5
      vertex -9.19239 -9.19239 28.5
    endloop
  endfacet
  facet normal -0.674505 -0.701534 -0.229984
    outer loop
      vertex -8.27315 -8.27315 23
      vertex -7.94197 -8.59157 23
      vertex -9.19239 -9.19239 28.5
    endloop
  endfacet
  facet normal -0.660127 -0.686569 0.304723
    outer loop
      vertex -8.28137 -8.95873 31
      vertex -8.6267 -8.6267 31
      vertex -8.82441 -9.54619 28.5
    endloop
  endfacet
  facet normal -0.660119 -0.686576 0.304725
    outer loop
      vertex -8.82441 -9.54619 28.5
      vertex -8.6267 -8.6267 31
      vertex -9.19239 -9.19239 28.5
    endloop
  endfacet
  facet normal -0.548822 -0.570792 0.610729
    outer loop
      vertex -6.44861 -6.97606 34.5
      vertex -6.71751 -6.71751 34.5
      vertex -8.28137 -8.95873 31
    endloop
  endfacet
  facet normal -0.548815 -0.570799 0.61073
    outer loop
      vertex -8.28137 -8.95873 31
      vertex -6.71751 -6.71751 34.5
      vertex -8.6267 -8.6267 31
    endloop
  endfacet
  facet normal -0.554521 -0.57671 -0.599927
    outer loop
      vertex -6.44861 -6.97606 34.5
      vertex -7.46681 -8.07755 36.5
      vertex -7.77817 -7.77817 36.5
    endloop
  endfacet
  facet normal -0.554517 -0.576715 -0.599926
    outer loop
      vertex -6.71751 -6.71751 34.5
      vertex -6.44861 -6.97606 34.5
      vertex -7.77817 -7.77817 36.5
    endloop
  endfacet
  facet normal -0.458617 -0.476981 -0.749773
    outer loop
      vertex -7.46681 -8.07755 36.5
      vertex -8.62077 -9.32589 38
      vertex -8.98025 -8.98025 38
    endloop
  endfacet
  facet normal -0.458622 -0.476974 -0.749774
    outer loop
      vertex -7.77817 -7.77817 36.5
      vertex -7.46681 -8.07755 36.5
      vertex -8.98025 -8.98025 38
    endloop
  endfacet
  facet normal -0.490126 -0.509781 0.707036
    outer loop
      vertex -8.62077 -9.3259 45
      vertex -8.98026 -8.98027 45
      vertex -9.16381 -9.91335 44.2
    endloop
  endfacet
  facet normal -0.816499 0 0.577347
    outer loop
      vertex -9.54594 -9.54594 44.2
      vertex -8.98026 -8.98027 45
      vertex -8.98026 -8.98026 45
    endloop
  endfacet
  facet normal -0.490138 -0.509775 0.707032
    outer loop
      vertex -8.98026 -8.98027 45
      vertex -9.54594 -9.54594 44.2
      vertex -9.16381 -9.91335 44.2
    endloop
  endfacet
  facet normal -0.693106 -0.720836 0
    outer loop
      vertex -12.7279 -12.7279 0
      vertex -12.2184 -13.2178 1.5
      vertex -12.7279 -12.7279 1.5
    endloop
  endfacet
  facet normal -0.693106 -0.720836 -0
    outer loop
      vertex -12.2184 -13.2178 1.5
      vertex -12.7279 -12.7279 0
      vertex -12.2184 -13.2178 0
    endloop
  endfacet
  facet normal -0.482259 -0.463718 0.743231
    outer loop
      vertex -12.0208 -12.0208 2.39999
      vertex -12.4835 -11.5396 2.39999
      vertex -12.7279 -12.7279 1.5
    endloop
  endfacet
  facet normal -0.482267 -0.463714 0.743228
    outer loop
      vertex -12.7279 -12.7279 1.5
      vertex -12.4835 -11.5396 2.39999
      vertex -13.2178 -12.2184 1.5
    endloop
  endfacet
  facet normal -0.714087 -0.686416 0.137521
    outer loop
      vertex -12.0208 -12.0208 2.39999
      vertex -11.6673 -11.6673 6
      vertex -12.1163 -11.2002 6
    endloop
  endfacet
  facet normal -0.713976 -0.686527 0.137549
    outer loop
      vertex -12.0208 -12.0208 2.39999
      vertex -12.1163 -11.2002 6
      vertex -12.4835 -11.5396 2.39999
    endloop
  endfacet
  facet normal -0.599805 -0.576725 0.554636
    outer loop
      vertex -11.1016 -11.1016 7.2
      vertex -11.5289 -10.6572 7.2
      vertex -11.6673 -11.6673 6
    endloop
  endfacet
  facet normal -0.599907 -0.576661 0.554593
    outer loop
      vertex -11.6673 -11.6673 6
      vertex -11.5289 -10.6572 7.2
      vertex -12.1163 -11.2002 6
    endloop
  endfacet
  facet normal -0.617023 -0.593249 0.517048
    outer loop
      vertex -9.05096 -9.05096 12
      vertex -9.39932 -8.68864 12
      vertex -11.1016 -11.1016 7.2
    endloop
  endfacet
  facet normal -0.617006 -0.593264 0.51705
    outer loop
      vertex -11.1016 -11.1016 7.2
      vertex -9.39932 -8.68864 12
      vertex -11.5289 -10.6572 7.2
    endloop
  endfacet
  facet normal -0.673102 -0.647193 0.357875
    outer loop
      vertex -7.42462 -7.42462 18
      vertex -7.71039 -7.12741 18
      vertex -9.05096 -9.05096 12
    endloop
  endfacet
  facet normal -0.673115 -0.64718 0.357874
    outer loop
      vertex -9.05096 -9.05096 12
      vertex -7.71039 -7.12741 18
      vertex -9.39932 -8.68864 12
    endloop
  endfacet
  facet normal -0.70096 -0.673953 -0.233331
    outer loop
      vertex -7.42462 -7.42462 18
      vertex -8.27315 -8.27315 23
      vertex -8.59157 -7.94197 23
    endloop
  endfacet
  facet normal -0.700947 -0.673967 -0.233329
    outer loop
      vertex -7.71039 -7.12741 18
      vertex -7.42462 -7.42462 18
      vertex -8.59157 -7.94197 23
    endloop
  endfacet
  facet normal -0.701536 -0.674503 -0.229984
    outer loop
      vertex -8.27315 -8.27315 23
      vertex -9.19239 -9.19239 28.5
      vertex -9.54619 -8.82441 28.5
    endloop
  endfacet
  facet normal -0.701534 -0.674505 -0.229983
    outer loop
      vertex -8.59157 -7.94197 23
      vertex -8.27315 -8.27315 23
      vertex -9.54619 -8.82441 28.5
    endloop
  endfacet
  facet normal -0.686569 -0.660126 0.304725
    outer loop
      vertex -8.6267 -8.6267 31
      vertex -8.95873 -8.28137 31
      vertex -9.19239 -9.19239 28.5
    endloop
  endfacet
  facet normal -0.686576 -0.660119 0.304723
    outer loop
      vertex -9.19239 -9.19239 28.5
      vertex -8.95873 -8.28137 31
      vertex -9.54619 -8.82441 28.5
    endloop
  endfacet
  facet normal -0.570792 -0.548822 0.61073
    outer loop
      vertex -6.71751 -6.71751 34.5
      vertex -6.97606 -6.44861 34.5
      vertex -8.6267 -8.6267 31
    endloop
  endfacet
  facet normal -0.570799 -0.548815 0.610729
    outer loop
      vertex -8.6267 -8.6267 31
      vertex -6.97606 -6.44861 34.5
      vertex -8.95873 -8.28137 31
    endloop
  endfacet
  facet normal -0.576711 -0.554521 -0.599926
    outer loop
      vertex -6.71751 -6.71751 34.5
      vertex -7.77817 -7.77817 36.5
      vertex -8.07755 -7.46681 36.5
    endloop
  endfacet
  facet normal -0.576714 -0.554516 -0.599927
    outer loop
      vertex -6.97606 -6.44861 34.5
      vertex -6.71751 -6.71751 34.5
      vertex -8.07755 -7.46681 36.5
    endloop
  endfacet
  facet normal -0.47698 -0.458616 -0.749774
    outer loop
      vertex -7.77817 -7.77817 36.5
      vertex -8.98025 -8.98025 38
      vertex -9.32589 -8.62077 38
    endloop
  endfacet
  facet normal -0.476975 -0.458623 -0.749773
    outer loop
      vertex -8.07755 -7.46681 36.5
      vertex -7.77817 -7.77817 36.5
      vertex -9.32589 -8.62077 38
    endloop
  endfacet
  facet normal -0.509789 -0.490109 0.707042
    outer loop
      vertex -9.54113 -9.52573 44.2175
      vertex -8.98027 -8.98026 45
      vertex -9.13393 -8.82043 45
    endloop
  endfacet
  facet normal 0 -0.820353 0.571857
    outer loop
      vertex -9.54113 -9.52573 44.2175
      vertex -8.98026 -8.98026 45
      vertex -8.98027 -8.98026 45
    endloop
  endfacet
  facet normal -0.508778 -0.491149 0.707048
    outer loop
      vertex -8.98026 -8.98026 45
      vertex -9.54113 -9.52573 44.2175
      vertex -9.54594 -9.54594 44.2
    endloop
  endfacet
  facet normal -0.509954 -0.490516 0.706641
    outer loop
      vertex -9.54594 -9.54594 44.2
      vertex -9.54113 -9.52573 44.2175
      vertex -9.55023 -9.54148 44.2
    endloop
  endfacet
  facet normal -0.720836 -0.693106 0
    outer loop
      vertex -12.7279 -12.7279 0
      vertex -13.2178 -12.2184 1.5
      vertex -13.2178 -12.2184 0
    endloop
  endfacet
  facet normal -0.720836 -0.693106 0
    outer loop
      vertex -13.2178 -12.2184 1.5
      vertex -12.7279 -12.7279 0
      vertex -12.7279 -12.7279 1.5
    endloop
  endfacet
  facet normal -0.500123 -0.444398 0.743228
    outer loop
      vertex -12.4835 -11.5396 2.39999
      vertex -12.9269 -11.0406 2.39999
      vertex -13.2178 -12.2184 1.5
    endloop
  endfacet
  facet normal -0.50008 -0.444421 0.743243
    outer loop
      vertex -13.2178 -12.2184 1.5
      vertex -12.9269 -11.0406 2.39999
      vertex -13.6873 -11.6901 1.5
    endloop
  endfacet
  facet normal -0.740373 -0.657973 0.13755
    outer loop
      vertex -12.4835 -11.5396 2.39999
      vertex -12.1163 -11.2002 6
      vertex -12.5467 -10.7159 6
    endloop
  endfacet
  facet normal -0.740421 -0.657921 0.137537
    outer loop
      vertex -12.4835 -11.5396 2.39999
      vertex -12.5467 -10.7159 6
      vertex -12.9269 -11.0406 2.39999
    endloop
  endfacet
  facet normal -0.622063 -0.55269 0.554592
    outer loop
      vertex -11.5289 -10.6572 7.2
      vertex -11.9384 -10.1963 7.2
      vertex -12.1163 -11.2002 6
    endloop
  endfacet
  facet normal -0.621974 -0.552751 0.55463
    outer loop
      vertex -12.1163 -11.2002 6
      vertex -11.9384 -10.1963 7.2
      vertex -12.5467 -10.7159 6
    endloop
  endfacet
  facet normal -0.639829 -0.568576 0.51705
    outer loop
      vertex -9.39932 -8.68864 12
      vertex -9.73319 -8.31293 12
      vertex -11.5289 -10.6572 7.2
    endloop
  endfacet
  facet normal -0.639882 -0.568522 0.517044
    outer loop
      vertex -11.5289 -10.6572 7.2
      vertex -9.73319 -8.31293 12
      vertex -11.9384 -10.1963 7.2
    endloop
  endfacet
  facet normal -0.698015 -0.620244 0.357873
    outer loop
      vertex -7.71039 -7.12741 18
      vertex -7.98426 -6.8192 18
      vertex -9.39932 -8.68864 12
    endloop
  endfacet
  facet normal -0.697995 -0.620265 0.357875
    outer loop
      vertex -9.39932 -8.68864 12
      vertex -7.98426 -6.8192 18
      vertex -9.73319 -8.31293 12
    endloop
  endfacet
  facet normal -0.726875 -0.645918 -0.233329
    outer loop
      vertex -7.71039 -7.12741 18
      vertex -8.59157 -7.94197 23
      vertex -8.89675 -7.59854 23
    endloop
  endfacet
  facet normal -0.726889 -0.645901 -0.233331
    outer loop
      vertex -7.98426 -6.8192 18
      vertex -7.71039 -7.12741 18
      vertex -8.89675 -7.59854 23
    endloop
  endfacet
  facet normal -0.72747 -0.646448 -0.229983
    outer loop
      vertex -8.59157 -7.94197 23
      vertex -9.54619 -8.82441 28.5
      vertex -9.88528 -8.44282 28.5
    endloop
  endfacet
  facet normal -0.72747 -0.646447 -0.229983
    outer loop
      vertex -8.89675 -7.59854 23
      vertex -8.59157 -7.94197 23
      vertex -9.88528 -8.44282 28.5
    endloop
  endfacet
  facet normal -0.711962 -0.632656 0.304723
    outer loop
      vertex -8.95873 -8.28137 31
      vertex -9.27695 -7.92326 31
      vertex -9.54619 -8.82441 28.5
    endloop
  endfacet
  facet normal -0.711957 -0.632662 0.304724
    outer loop
      vertex -9.54619 -8.82441 28.5
      vertex -9.27695 -7.92326 31
      vertex -9.88528 -8.44282 28.5
    endloop
  endfacet
  facet normal -0.591898 -0.52599 0.610729
    outer loop
      vertex -6.97606 -6.44861 34.5
      vertex -7.22386 -6.16976 34.5
      vertex -8.95873 -8.28137 31
    endloop
  endfacet
  facet normal -0.591911 -0.525978 0.610728
    outer loop
      vertex -8.95873 -8.28137 31
      vertex -7.22386 -6.16976 34.5
      vertex -9.27695 -7.92326 31
    endloop
  endfacet
  facet normal -0.598055 -0.53143 -0.599927
    outer loop
      vertex -6.97606 -6.44861 34.5
      vertex -8.07755 -7.46681 36.5
      vertex -8.36446 -7.14393 36.5
    endloop
  endfacet
  facet normal -0.598041 -0.531449 -0.599924
    outer loop
      vertex -7.22386 -6.16976 34.5
      vertex -6.97606 -6.44861 34.5
      vertex -8.36446 -7.14393 36.5
    endloop
  endfacet
  facet normal -0.494623 -0.439532 -0.749773
    outer loop
      vertex -8.07755 -7.46681 36.5
      vertex -9.32589 -8.62077 38
      vertex -9.65715 -8.24799 38
    endloop
  endfacet
  facet normal -0.494628 -0.439524 -0.749774
    outer loop
      vertex -8.36446 -7.14393 36.5
      vertex -8.07755 -7.46681 36.5
      vertex -9.65715 -8.24799 38
    endloop
  endfacet
  facet normal -0.74748 -0.664285 0
    outer loop
      vertex -13.2178 -12.2184 0
      vertex -13.6873 -11.6901 1.5
      vertex -13.6873 -11.6901 0
    endloop
  endfacet
  facet normal -0.74748 -0.664285 0
    outer loop
      vertex -13.6873 -11.6901 1.5
      vertex -13.2178 -12.2184 0
      vertex -13.2178 -12.2184 1.5
    endloop
  endfacet
  facet normal -0.517146 -0.42444 0.743243
    outer loop
      vertex -12.9269 -11.0406 2.39999
      vertex -13.3504 -10.5246 2.39999
      vertex -13.6873 -11.6901 1.5
    endloop
  endfacet
  facet normal -0.51718 -0.424421 0.743231
    outer loop
      vertex -13.6873 -11.6901 1.5
      vertex -13.3504 -10.5246 2.39999
      vertex -14.1357 -11.1437 1.5
    endloop
  endfacet
  facet normal -0.765723 -0.628293 0.137537
    outer loop
      vertex -12.9269 -11.0406 2.39999
      vertex -12.5467 -10.7159 6
      vertex -12.9577 -10.215 6
    endloop
  endfacet
  facet normal -0.76564 -0.628389 0.13756
    outer loop
      vertex -12.9269 -11.0406 2.39999
      vertex -12.9577 -10.215 6
      vertex -13.3504 -10.5246 2.39999
    endloop
  endfacet
  facet normal -0.643205 -0.527895 0.55463
    outer loop
      vertex -11.9384 -10.1963 7.2
      vertex -12.3295 -9.71977 7.2
      vertex -12.5467 -10.7159 6
    endloop
  endfacet
  facet normal -0.643288 -0.527832 0.554593
    outer loop
      vertex -12.5467 -10.7159 6
      vertex -12.3295 -9.71977 7.2
      vertex -12.9577 -10.215 6
    endloop
  endfacet
  facet normal -0.661713 -0.542957 0.517043
    outer loop
      vertex -9.73319 -8.31293 12
      vertex -10.052 -7.92439 12
      vertex -11.9384 -10.1963 7.2
    endloop
  endfacet
  facet normal -0.661647 -0.54303 0.517051
    outer loop
      vertex -11.9384 -10.1963 7.2
      vertex -10.052 -7.92439 12
      vertex -12.3295 -9.71977 7.2
    endloop
  endfacet
  facet normal -0.721801 -0.592392 0.357876
    outer loop
      vertex -7.98426 -6.8192 18
      vertex -8.24583 -6.50049 18
      vertex -9.73319 -8.31293 12
    endloop
  endfacet
  facet normal -0.721867 -0.592316 0.357869
    outer loop
      vertex -9.73319 -8.31293 12
      vertex -8.24583 -6.50049 18
      vertex -10.052 -7.92439 12
    endloop
  endfacet
  facet normal -0.751679 -0.616875 -0.233331
    outer loop
      vertex -7.98426 -6.8192 18
      vertex -8.89675 -7.59854 23
      vertex -9.1882 -7.2434 23
    endloop
  endfacet
  facet normal -0.751661 -0.616899 -0.233329
    outer loop
      vertex -8.24583 -6.50049 18
      vertex -7.98426 -6.8192 18
      vertex -9.1882 -7.2434 23
    endloop
  endfacet
  facet normal -0.752308 -0.617365 -0.229983
    outer loop
      vertex -8.89675 -7.59854 23
      vertex -9.88528 -8.44282 28.5
      vertex -10.2091 -8.04822 28.5
    endloop
  endfacet
  facet normal -0.752296 -0.617381 -0.229982
    outer loop
      vertex -9.1882 -7.2434 23
      vertex -8.89675 -7.59854 23
      vertex -10.2091 -8.04822 28.5
    endloop
  endfacet
  facet normal -0.73625 -0.604217 0.304724
    outer loop
      vertex -9.27695 -7.92326 31
      vertex -9.58086 -7.55294 31
      vertex -9.88528 -8.44282 28.5
    endloop
  endfacet
  facet normal -0.736266 -0.604201 0.30472
    outer loop
      vertex -9.88528 -8.44282 28.5
      vertex -9.58086 -7.55294 31
      vertex -10.2091 -8.04822 28.5
    endloop
  endfacet
  facet normal -0.612111 -0.502327 0.610728
    outer loop
      vertex -7.22386 -6.16976 34.5
      vertex -7.46051 -5.88139 34.5
      vertex -9.27695 -7.92326 31
    endloop
  endfacet
  facet normal -0.612104 -0.502334 0.610729
    outer loop
      vertex -9.27695 -7.92326 31
      vertex -7.46051 -5.88139 34.5
      vertex -9.58086 -7.55294 31
    endloop
  endfacet
  facet normal -0.618448 -0.507557 -0.599924
    outer loop
      vertex -7.22386 -6.16976 34.5
      vertex -8.36446 -7.14393 36.5
      vertex -8.63849 -6.81003 36.5
    endloop
  endfacet
  facet normal -0.61846 -0.507538 -0.599927
    outer loop
      vertex -7.46051 -5.88139 34.5
      vertex -7.22386 -6.16976 34.5
      vertex -8.63849 -6.81003 36.5
    endloop
  endfacet
  facet normal -0.511497 -0.419773 -0.749774
    outer loop
      vertex -8.36446 -7.14393 36.5
      vertex -9.65715 -8.24799 38
      vertex -9.97352 -7.86249 38
    endloop
  endfacet
  facet normal -0.511493 -0.41978 -0.749773
    outer loop
      vertex -8.63849 -6.81003 36.5
      vertex -8.36446 -7.14393 36.5
      vertex -9.97352 -7.86249 38
    endloop
  endfacet
  facet normal -0.773024 -0.634377 0
    outer loop
      vertex -13.6873 -11.6901 0
      vertex -14.1357 -11.1437 1.5
      vertex -14.1357 -11.1437 0
    endloop
  endfacet
  facet normal -0.773024 -0.634377 0
    outer loop
      vertex -14.1357 -11.1437 1.5
      vertex -13.6873 -11.6901 0
      vertex -13.6873 -11.6901 1.5
    endloop
  endfacet
  facet normal -0.533437 -0.403799 0.74323
    outer loop
      vertex -13.3504 -10.5246 2.39999
      vertex -13.7533 -9.99235 2.39999
      vertex -14.1357 -11.1437 1.5
    endloop
  endfacet
  facet normal -0.533458 -0.403785 0.743222
    outer loop
      vertex -14.1357 -11.1437 1.5
      vertex -13.7533 -9.99235 2.39999
      vertex -14.5623 -10.5801 1.5
    endloop
  endfacet
  facet normal -0.789675 -0.597905 0.13756
    outer loop
      vertex -12.9577 -10.215 6
      vertex -13.3488 -9.69846 6
      vertex -13.3504 -10.5246 2.39999
    endloop
  endfacet
  facet normal -0.789745 -0.597817 0.13754
    outer loop
      vertex -13.3504 -10.5246 2.39999
      vertex -13.3488 -9.69846 6
      vertex -13.7533 -9.99235 2.39999
    endloop
  endfacet
  facet normal -0.663459 -0.502244 0.554593
    outer loop
      vertex -12.3295 -9.71977 7.2
      vertex -12.7016 -9.22823 7.2
      vertex -12.9577 -10.215 6
    endloop
  endfacet
  facet normal -0.663398 -0.502294 0.554621
    outer loop
      vertex -12.9577 -10.215 6
      vertex -12.7016 -9.22823 7.2
      vertex -13.3488 -9.69846 6
    endloop
  endfacet
  facet normal -0.682437 -0.51666 0.517052
    outer loop
      vertex -10.052 -7.92439 12
      vertex -10.3554 -7.52364 12
      vertex -12.3295 -9.71977 7.2
    endloop
  endfacet
  facet normal -0.682462 -0.51663 0.517049
    outer loop
      vertex -12.3295 -9.71977 7.2
      vertex -10.3554 -7.52364 12
      vertex -12.7016 -9.22823 7.2
    endloop
  endfacet
  facet normal -0.744524 -0.563573 0.357868
    outer loop
      vertex -8.24583 -6.50049 18
      vertex -8.49468 -6.17174 18
      vertex -10.052 -7.92439 12
    endloop
  endfacet
  facet normal -0.744478 -0.56363 0.357873
    outer loop
      vertex -10.052 -7.92439 12
      vertex -8.49468 -6.17174 18
      vertex -10.3554 -7.52364 12
    endloop
  endfacet
  facet normal -0.77531 -0.586901 -0.233329
    outer loop
      vertex -8.24583 -6.50049 18
      vertex -9.1882 -7.2434 23
      vertex -9.4655 -6.87708 23
    endloop
  endfacet
  facet normal -0.775321 -0.586885 -0.23333
    outer loop
      vertex -8.49468 -6.17174 18
      vertex -8.24583 -6.50049 18
      vertex -9.4655 -6.87708 23
    endloop
  endfacet
  facet normal -0.775947 -0.587379 -0.229982
    outer loop
      vertex -9.1882 -7.2434 23
      vertex -10.2091 -8.04822 28.5
      vertex -10.5172 -7.64121 28.5
    endloop
  endfacet
  facet normal -0.775945 -0.587382 -0.229981
    outer loop
      vertex -9.4655 -6.87708 23
      vertex -9.1882 -7.2434 23
      vertex -10.5172 -7.64121 28.5
    endloop
  endfacet
  facet normal -0.759398 -0.574857 0.30472
    outer loop
      vertex -9.58086 -7.55294 31
      vertex -9.87 -7.17098 31
      vertex -10.2091 -8.04822 28.5
    endloop
  endfacet
  facet normal -0.759401 -0.574854 0.304719
    outer loop
      vertex -10.2091 -8.04822 28.5
      vertex -9.87 -7.17098 31
      vertex -10.5172 -7.64121 28.5
    endloop
  endfacet
  facet normal -0.631349 -0.477922 0.610729
    outer loop
      vertex -7.46051 -5.88139 34.5
      vertex -7.68566 -5.58396 34.5
      vertex -9.58086 -7.55294 31
    endloop
  endfacet
  facet normal -0.631347 -0.477924 0.610729
    outer loop
      vertex -9.58086 -7.55294 31
      vertex -7.68566 -5.58396 34.5
      vertex -9.87 -7.17098 31
    endloop
  endfacet
  facet normal -0.637897 -0.482882 -0.599927
    outer loop
      vertex -7.46051 -5.88139 34.5
      vertex -8.63849 -6.81003 36.5
      vertex -8.89919 -6.46564 36.5
    endloop
  endfacet
  facet normal -0.637899 -0.48288 -0.599927
    outer loop
      vertex -7.68566 -5.58396 34.5
      vertex -7.46051 -5.88139 34.5
      vertex -8.89919 -6.46564 36.5
    endloop
  endfacet
  facet normal -0.52759 -0.399361 -0.749773
    outer loop
      vertex -8.63849 -6.81003 36.5
      vertex -9.97352 -7.86249 38
      vertex -10.2745 -7.46487 38
    endloop
  endfacet
  facet normal -0.527582 -0.399375 -0.749771
    outer loop
      vertex -8.89919 -6.46564 36.5
      vertex -8.63849 -6.81003 36.5
      vertex -10.2745 -7.46487 38
    endloop
  endfacet
  facet normal -0.797344 -0.603525 0
    outer loop
      vertex -14.1357 -11.1437 0
      vertex -14.5623 -10.5801 1.5
      vertex -14.5623 -10.5801 0
    endloop
  endfacet
  facet normal -0.797344 -0.603525 0
    outer loop
      vertex -14.5623 -10.5801 1.5
      vertex -14.1357 -11.1437 0
      vertex -14.1357 -11.1437 1.5
    endloop
  endfacet
  facet normal -0.548884 -0.382553 0.743222
    outer loop
      vertex -13.7533 -9.99235 2.39999
      vertex -14.135 -9.44469 2.39999
      vertex -14.5623 -10.5801 1.5
    endloop
  endfacet
  facet normal -0.548816 -0.3826 0.743249
    outer loop
      vertex -14.5623 -10.5801 1.5
      vertex -14.135 -9.44469 2.39999
      vertex -14.9665 -10.0003 1.5
    endloop
  endfacet
  facet normal -0.812655 -0.566282 0.137539
    outer loop
      vertex -13.3488 -9.69846 6
      vertex -13.7192 -9.16691 6
      vertex -13.7533 -9.99235 2.39999
    endloop
  endfacet
  facet normal -0.812601 -0.566355 0.137556
    outer loop
      vertex -13.7533 -9.99235 2.39999
      vertex -13.7192 -9.16691 6
      vertex -14.135 -9.44469 2.39999
    endloop
  endfacet
  facet normal -0.682664 -0.475778 0.554621
    outer loop
      vertex -12.7016 -9.22823 7.2
      vertex -13.0541 -8.72245 7.2
      vertex -13.3488 -9.69846 6
    endloop
  endfacet
  facet normal -0.682713 -0.475735 0.554598
    outer loop
      vertex -13.3488 -9.69846 6
      vertex -13.0541 -8.72245 7.2
      vertex -13.7192 -9.16691 6
    endloop
  endfacet
  facet normal -0.702221 -0.489434 0.517049
    outer loop
      vertex -10.3554 -7.52364 12
      vertex -10.6428 -7.11129 12
      vertex -12.7016 -9.22823 7.2
    endloop
  endfacet
  facet normal -0.702234 -0.489417 0.517047
    outer loop
      vertex -12.7016 -9.22823 7.2
      vertex -10.6428 -7.11129 12
      vertex -13.0541 -8.72245 7.2
    endloop
  endfacet
  facet normal -0.766063 -0.533923 0.357873
    outer loop
      vertex -8.49468 -6.17174 18
      vertex -8.73043 -5.83349 18
      vertex -10.3554 -7.52364 12
    endloop
  endfacet
  facet normal -0.766059 -0.533929 0.357874
    outer loop
      vertex -10.3554 -7.52364 12
      vertex -8.73043 -5.83349 18
      vertex -10.6428 -7.11129 12
    endloop
  endfacet
  facet normal -0.797758 -0.556003 -0.23333
    outer loop
      vertex -8.49468 -6.17174 18
      vertex -9.4655 -6.87708 23
      vertex -9.72819 -6.50017 23
    endloop
  endfacet
  facet normal -0.797753 -0.55601 -0.233329
    outer loop
      vertex -8.73043 -5.83349 18
      vertex -8.49468 -6.17174 18
      vertex -9.72819 -6.50017 23
    endloop
  endfacet
  facet normal -0.798399 -0.556477 -0.229981
    outer loop
      vertex -9.4655 -6.87708 23
      vertex -10.5172 -7.64121 28.5
      vertex -10.8091 -7.22241 28.5
    endloop
  endfacet
  facet normal -0.798412 -0.556459 -0.229983
    outer loop
      vertex -9.72819 -6.50017 23
      vertex -9.4655 -6.87708 23
      vertex -10.8091 -7.22241 28.5
    endloop
  endfacet
  facet normal -0.781403 -0.544569 0.304719
    outer loop
      vertex -9.87 -7.17098 31
      vertex -10.1439 -6.77796 31
      vertex -10.5172 -7.64121 28.5
    endloop
  endfacet
  facet normal -0.781372 -0.544609 0.304728
    outer loop
      vertex -10.5172 -7.64121 28.5
      vertex -10.1439 -6.77796 31
      vertex -10.8091 -7.22241 28.5
    endloop
  endfacet
  facet normal -0.649624 -0.452767 0.610729
    outer loop
      vertex -7.68566 -5.58396 34.5
      vertex -7.89896 -5.27792 34.5
      vertex -9.87 -7.17098 31
    endloop
  endfacet
  facet normal -0.649643 -0.452744 0.610727
    outer loop
      vertex -9.87 -7.17098 31
      vertex -7.89896 -5.27792 34.5
      vertex -10.1439 -6.77796 31
    endloop
  endfacet
  facet normal -0.656377 -0.457447 -0.599927
    outer loop
      vertex -7.68566 -5.58396 34.5
      vertex -8.89919 -6.46564 36.5
      vertex -9.14616 -6.11127 36.5
    endloop
  endfacet
  facet normal -0.656366 -0.457466 -0.599924
    outer loop
      vertex -7.89896 -5.27792 34.5
      vertex -7.68566 -5.58396 34.5
      vertex -9.14616 -6.11127 36.5
    endloop
  endfacet
  facet normal -0.542824 -0.378397 -0.749772
    outer loop
      vertex -8.89919 -6.46564 36.5
      vertex -10.2745 -7.46487 38
      vertex -10.5597 -7.05574 38
    endloop
  endfacet
  facet normal -0.542857 -0.378331 -0.749781
    outer loop
      vertex -9.14616 -6.11127 36.5
      vertex -8.89919 -6.46564 36.5
      vertex -10.5597 -7.05574 38
    endloop
  endfacet
  facet normal -0.820334 -0.571885 0
    outer loop
      vertex -14.5623 -10.5801 0
      vertex -14.9665 -10.0003 1.5
      vertex -14.9665 -10.0003 0
    endloop
  endfacet
  facet normal -0.820334 -0.571885 0
    outer loop
      vertex -14.9665 -10.0003 1.5
      vertex -14.5623 -10.5801 0
      vertex -14.5623 -10.5801 1.5
    endloop
  endfacet
  facet normal -0.563456 -0.360691 0.743249
    outer loop
      vertex -14.135 -9.44469 2.39999
      vertex -14.4949 -8.88247 2.39999
      vertex -14.9665 -10.0003 1.5
    endloop
  endfacet
  facet normal -0.563521 -0.360643 0.743223
    outer loop
      vertex -14.9665 -10.0003 1.5
      vertex -14.4949 -8.88247 2.39999
      vertex -15.3475 -9.40497 1.5
    endloop
  endfacet
  facet normal -0.83415 -0.534108 0.137556
    outer loop
      vertex -13.7192 -9.16691 6
      vertex -14.0686 -8.62123 6
      vertex -14.135 -9.44469 2.39999
    endloop
  endfacet
  facet normal -0.834214 -0.534014 0.137536
    outer loop
      vertex -14.135 -9.44469 2.39999
      vertex -14.0686 -8.62123 6
      vertex -14.4949 -8.88247 2.39999
    endloop
  endfacet
  facet normal -0.700871 -0.448557 0.554596
    outer loop
      vertex -13.0541 -8.72245 7.2
      vertex -13.3864 -8.20323 7.2
      vertex -13.7192 -9.16691 6
    endloop
  endfacet
  facet normal -0.700738 -0.448684 0.554661
    outer loop
      vertex -13.7192 -9.16691 6
      vertex -13.3864 -8.20323 7.2
      vertex -14.0686 -8.62123 6
    endloop
  endfacet
  facet normal -0.72089 -0.461497 0.517047
    outer loop
      vertex -10.6428 -7.11129 12
      vertex -10.9138 -6.68797 12
      vertex -13.0541 -8.72245 7.2
    endloop
  endfacet
  facet normal -0.720953 -0.461409 0.517038
    outer loop
      vertex -13.0541 -8.72245 7.2
      vertex -10.9138 -6.68797 12
      vertex -13.3864 -8.20323 7.2
    endloop
  endfacet
  facet normal -0.786443 -0.503422 0.357874
    outer loop
      vertex -8.73043 -5.83349 18
      vertex -8.95272 -5.48623 18
      vertex -10.6428 -7.11129 12
    endloop
  endfacet
  facet normal -0.786424 -0.503451 0.357876
    outer loop
      vertex -10.6428 -7.11129 12
      vertex -8.95272 -5.48623 18
      vertex -10.9138 -6.68797 12
    endloop
  endfacet
  facet normal -0.818967 -0.524262 -0.233329
    outer loop
      vertex -8.73043 -5.83349 18
      vertex -9.72819 -6.50017 23
      vertex -9.97589 -6.11323 23
    endloop
  endfacet
  facet normal -0.818976 -0.524247 -0.233331
    outer loop
      vertex -8.95272 -5.48623 18
      vertex -8.73043 -5.83349 18
      vertex -9.97589 -6.11323 23
    endloop
  endfacet
  facet normal -0.819655 -0.524665 -0.229983
    outer loop
      vertex -9.72819 -6.50017 23
      vertex -10.8091 -7.22241 28.5
      vertex -11.0843 -6.79248 28.5
    endloop
  endfacet
  facet normal -0.819638 -0.524692 -0.22998
    outer loop
      vertex -9.97589 -6.11323 23
      vertex -9.72819 -6.50017 23
      vertex -11.0843 -6.79248 28.5
    endloop
  endfacet
  facet normal -0.802147 -0.513519 0.304729
    outer loop
      vertex -10.1439 -6.77796 31
      vertex -10.4022 -6.37448 31
      vertex -10.8091 -7.22241 28.5
    endloop
  endfacet
  facet normal -0.802177 -0.513477 0.304719
    outer loop
      vertex -10.8091 -7.22241 28.5
      vertex -10.4022 -6.37448 31
      vertex -11.0843 -6.79248 28.5
    endloop
  endfacet
  facet normal -0.666902 -0.426913 0.610726
    outer loop
      vertex -7.89896 -5.27792 34.5
      vertex -8.10008 -4.96374 34.5
      vertex -10.1439 -6.77796 31
    endloop
  endfacet
  facet normal -0.66689 -0.42693 0.610728
    outer loop
      vertex -10.1439 -6.77796 31
      vertex -8.10008 -4.96374 34.5
      vertex -10.4022 -6.37448 31
    endloop
  endfacet
  facet normal -0.673819 -0.431345 -0.599924
    outer loop
      vertex -7.89896 -5.27792 34.5
      vertex -9.14616 -6.11127 36.5
      vertex -9.37904 -5.74748 36.5
    endloop
  endfacet
  facet normal -0.673821 -0.431342 -0.599925
    outer loop
      vertex -8.10008 -4.96374 34.5
      vertex -7.89896 -5.27792 34.5
      vertex -9.37904 -5.74748 36.5
    endloop
  endfacet
  facet normal -0.557323 -0.356678 -0.749781
    outer loop
      vertex -9.14616 -6.11127 36.5
      vertex -10.5597 -7.05574 38
      vertex -10.8285 -6.63573 38
    endloop
  endfacet
  facet normal -0.557292 -0.35675 -0.74977
    outer loop
      vertex -9.37904 -5.74748 36.5
      vertex -9.14616 -6.11127 36.5
      vertex -10.8285 -6.63573 38
    endloop
  endfacet
  facet normal -0.842279 -0.539042 0
    outer loop
      vertex -14.9665 -10.0003 0
      vertex -15.3475 -9.40497 1.5
      vertex -15.3475 -9.40497 0
    endloop
  endfacet
  facet normal -0.842279 -0.539042 0
    outer loop
      vertex -15.3475 -9.40497 1.5
      vertex -14.9665 -10.0003 0
      vertex -14.9665 -10.0003 1.5
    endloop
  endfacet
  facet normal -0.577228 -0.338273 0.743222
    outer loop
      vertex -14.4949 -8.88247 2.39999
      vertex -14.8324 -8.30656 2.39999
      vertex -15.3475 -9.40497 1.5
    endloop
  endfacet
  facet normal -0.577198 -0.338297 0.743235
    outer loop
      vertex -15.3475 -9.40497 1.5
      vertex -14.8324 -8.30656 2.39999
      vertex -15.7049 -8.79518 1.5
    endloop
  endfacet
  facet normal -0.854552 -0.500825 0.137536
    outer loop
      vertex -14.0686 -8.62123 6
      vertex -14.3962 -8.06225 6
      vertex -14.4949 -8.88247 2.39999
    endloop
  endfacet
  facet normal -0.854566 -0.500801 0.137531
    outer loop
      vertex -14.4949 -8.88247 2.39999
      vertex -14.3962 -8.06225 6
      vertex -14.8324 -8.30656 2.39999
    endloop
  endfacet
  facet normal -0.717824 -0.420805 0.554663
    outer loop
      vertex -13.3864 -8.20323 7.2
      vertex -13.6982 -7.67135 7.2
      vertex -14.0686 -8.62123 6
    endloop
  endfacet
  facet normal -0.717893 -0.420734 0.554628
    outer loop
      vertex -14.0686 -8.62123 6
      vertex -13.6982 -7.67135 7.2
      vertex -14.3962 -8.06225 6
    endloop
  endfacet
  facet normal -0.738505 -0.432762 0.517037
    outer loop
      vertex -10.9138 -6.68797 12
      vertex -11.1679 -6.25435 12
      vertex -13.3864 -8.20323 7.2
    endloop
  endfacet
  facet normal -0.738426 -0.432882 0.517049
    outer loop
      vertex -13.3864 -8.20323 7.2
      vertex -11.1679 -6.25435 12
      vertex -13.6982 -7.67135 7.2
    endloop
  endfacet
  facet normal -0.80559 -0.472175 0.357876
    outer loop
      vertex -8.95272 -5.48623 18
      vertex -9.16121 -5.13052 18
      vertex -10.9138 -6.68797 12
    endloop
  endfacet
  facet normal -0.805636 -0.4721 0.35787
    outer loop
      vertex -10.9138 -6.68797 12
      vertex -9.16121 -5.13052 18
      vertex -11.1679 -6.25435 12
    endloop
  endfacet
  facet normal -0.838921 -0.491699 -0.233331
    outer loop
      vertex -8.95272 -5.48623 18
      vertex -9.97589 -6.11323 23
      vertex -10.2082 -5.71687 23
    endloop
  endfacet
  facet normal -0.838916 -0.491708 -0.23333
    outer loop
      vertex -9.16121 -5.13052 18
      vertex -8.95272 -5.48623 18
      vertex -10.2082 -5.71687 23
    endloop
  endfacet
  facet normal -0.839628 -0.492071 -0.22998
    outer loop
      vertex -9.97589 -6.11323 23
      vertex -11.0843 -6.79248 28.5
      vertex -11.3424 -6.35208 28.5
    endloop
  endfacet
  facet normal -0.83961 -0.492103 -0.229977
    outer loop
      vertex -10.2082 -5.71687 23
      vertex -9.97589 -6.11323 23
      vertex -11.3424 -6.35208 28.5
    endloop
  endfacet
  facet normal -0.821739 -0.481551 0.304719
    outer loop
      vertex -10.4022 -6.37448 31
      vertex -10.6444 -5.96118 31
      vertex -11.0843 -6.79248 28.5
    endloop
  endfacet
  facet normal -0.821722 -0.481577 0.304724
    outer loop
      vertex -11.0843 -6.79248 28.5
      vertex -10.6444 -5.96118 31
      vertex -11.3424 -6.35208 28.5
    endloop
  endfacet
  facet normal -0.683151 -0.400394 0.610728
    outer loop
      vertex -8.10008 -4.96374 34.5
      vertex -8.28871 -4.6419 34.5
      vertex -10.4022 -6.37448 31
    endloop
  endfacet
  facet normal -0.683179 -0.400353 0.610724
    outer loop
      vertex -10.4022 -6.37448 31
      vertex -8.28871 -4.6419 34.5
      vertex -10.6444 -5.96118 31
    endloop
  endfacet
  facet normal -0.690231 -0.404563 -0.599925
    outer loop
      vertex -8.10008 -4.96374 34.5
      vertex -9.37904 -5.74748 36.5
      vertex -9.59746 -5.37483 36.5
    endloop
  endfacet
  facet normal -0.690238 -0.404548 -0.599927
    outer loop
      vertex -8.28871 -4.6419 34.5
      vertex -8.10008 -4.96374 34.5
      vertex -9.59746 -5.37483 36.5
    endloop
  endfacet
  facet normal -0.570851 -0.334624 -0.74977
    outer loop
      vertex -9.37904 -5.74748 36.5
      vertex -10.8285 -6.63573 38
      vertex -11.0807 -6.20549 38
    endloop
  endfacet
  facet normal -0.570862 -0.334597 -0.749774
    outer loop
      vertex -9.59746 -5.37483 36.5
      vertex -9.37904 -5.74748 36.5
      vertex -11.0807 -6.20549 38
    endloop
  endfacet
  facet normal -0.862737 -0.505653 0
    outer loop
      vertex -15.3475 -9.40497 0
      vertex -15.7049 -8.79518 1.5
      vertex -15.7049 -8.79518 0
    endloop
  endfacet
  facet normal -0.862737 -0.505653 0
    outer loop
      vertex -15.7049 -8.79518 1.5
      vertex -15.3475 -9.40497 0
      vertex -15.3475 -9.40497 1.5
    endloop
  endfacet
  facet normal -0.590023 -0.315396 0.743235
    outer loop
      vertex -14.8324 -8.30656 2.39999
      vertex -15.1471 -7.71784 2.39999
      vertex -15.7049 -8.79518 1.5
    endloop
  endfacet
  facet normal -0.590031 -0.31539 0.743232
    outer loop
      vertex -15.7049 -8.79518 1.5
      vertex -15.1471 -7.71784 2.39999
      vertex -16.0381 -8.17183 1.5
    endloop
  endfacet
  facet normal -0.873557 -0.466888 0.13753
    outer loop
      vertex -14.3962 -8.06225 6
      vertex -14.7016 -7.49084 6
      vertex -14.8324 -8.30656 2.39999
    endloop
  endfacet
  facet normal -0.873526 -0.466943 0.137542
    outer loop
      vertex -14.8324 -8.30656 2.39999
      vertex -14.7016 -7.49084 6
      vertex -15.1471 -7.71784 2.39999
    endloop
  endfacet
  facet normal -0.733853 -0.392234 0.554628
    outer loop
      vertex -13.6982 -7.67135 7.2
      vertex -13.9888 -7.12765 7.2
      vertex -14.3962 -8.06225 6
    endloop
  endfacet
  facet normal -0.733861 -0.392225 0.554624
    outer loop
      vertex -14.3962 -8.06225 6
      vertex -13.9888 -7.12765 7.2
      vertex -14.7016 -7.49084 6
    endloop
  endfacet
  facet normal -0.754841 -0.403576 0.51705
    outer loop
      vertex -11.1679 -6.25435 12
      vertex -11.4049 -5.81107 12
      vertex -13.6982 -7.67135 7.2
    endloop
  endfacet
  facet normal -0.754898 -0.403482 0.517041
    outer loop
      vertex -13.6982 -7.67135 7.2
      vertex -11.4049 -5.81107 12
      vertex -13.9888 -7.12765 7.2
    endloop
  endfacet
  facet normal -0.823512 -0.440179 0.35787
    outer loop
      vertex -9.16121 -5.13052 18
      vertex -9.35557 -4.7669 18
      vertex -11.1679 -6.25435 12
    endloop
  endfacet
  facet normal -0.823463 -0.440265 0.357876
    outer loop
      vertex -11.1679 -6.25435 12
      vertex -9.35557 -4.7669 18
      vertex -11.4049 -5.81107 12
    endloop
  endfacet
  facet normal -0.857555 -0.458429 -0.23333
    outer loop
      vertex -9.16121 -5.13052 18
      vertex -10.2082 -5.71687 23
      vertex -10.4248 -5.31169 23
    endloop
  endfacet
  facet normal -0.857576 -0.458387 -0.233334
    outer loop
      vertex -9.35557 -4.7669 18
      vertex -9.16121 -5.13052 18
      vertex -10.4248 -5.31169 23
    endloop
  endfacet
  facet normal -0.858232 -0.458855 -0.229977
    outer loop
      vertex -10.2082 -5.71687 23
      vertex -11.3424 -6.35208 28.5
      vertex -11.5831 -5.90188 28.5
    endloop
  endfacet
  facet normal -0.858258 -0.458805 -0.229982
    outer loop
      vertex -10.4248 -5.31169 23
      vertex -10.2082 -5.71687 23
      vertex -11.5831 -5.90188 28.5
    endloop
  endfacet
  facet normal -0.83992 -0.449084 0.304725
    outer loop
      vertex -10.6444 -5.96118 31
      vertex -10.8703 -5.53868 31
      vertex -11.3424 -6.35208 28.5
    endloop
  endfacet
  facet normal -0.839929 -0.449069 0.304721
    outer loop
      vertex -11.3424 -6.35208 28.5
      vertex -10.8703 -5.53868 31
      vertex -11.5831 -5.90188 28.5
    endloop
  endfacet
  facet normal -0.698343 -0.373275 0.610724
    outer loop
      vertex -8.28871 -4.6419 34.5
      vertex -8.46456 -4.31291 34.5
      vertex -10.6444 -5.96118 31
    endloop
  endfacet
  facet normal -0.698291 -0.373359 0.610731
    outer loop
      vertex -10.6444 -5.96118 31
      vertex -8.46456 -4.31291 34.5
      vertex -10.8703 -5.53868 31
    endloop
  endfacet
  facet normal -0.70559 -0.377134 -0.599927
    outer loop
      vertex -8.28871 -4.6419 34.5
      vertex -9.59746 -5.37483 36.5
      vertex -9.80107 -4.99389 36.5
    endloop
  endfacet
  facet normal -0.705585 -0.377146 -0.599925
    outer loop
      vertex -8.46456 -4.31291 34.5
      vertex -8.28871 -4.6419 34.5
      vertex -9.80107 -4.99389 36.5
    endloop
  endfacet
  facet normal -0.583552 -0.311937 -0.749775
    outer loop
      vertex -9.59746 -5.37483 36.5
      vertex -11.0807 -6.20549 38
      vertex -11.3158 -5.76568 38
    endloop
  endfacet
  facet normal -0.583562 -0.31191 -0.749778
    outer loop
      vertex -9.80107 -4.99389 36.5
      vertex -9.59746 -5.37483 36.5
      vertex -11.3158 -5.76568 38
    endloop
  endfacet
  facet normal -0.881914 -0.47141 0
    outer loop
      vertex -15.7049 -8.79518 0
      vertex -16.0381 -8.17183 1.5
      vertex -16.0381 -8.17183 0
    endloop
  endfacet
  facet normal -0.881914 -0.47141 0
    outer loop
      vertex -16.0381 -8.17183 1.5
      vertex -15.7049 -8.79518 0
      vertex -15.7049 -8.79518 1.5
    endloop
  endfacet
  facet normal -0.601971 -0.291955 0.743231
    outer loop
      vertex -15.1471 -7.71784 2.39999
      vertex -15.4384 -7.11722 2.39999
      vertex -16.0381 -8.17183 1.5
    endloop
  endfacet
  facet normal -0.601931 -0.291993 0.743249
    outer loop
      vertex -16.0381 -8.17183 1.5
      vertex -15.4384 -7.11722 2.39999
      vertex -16.3466 -7.53587 1.5
    endloop
  endfacet
  facet normal -0.891168 -0.432322 0.137542
    outer loop
      vertex -14.7016 -7.49084 6
      vertex -14.9844 -6.90789 6
      vertex -15.1471 -7.71784 2.39999
    endloop
  endfacet
  facet normal -0.891212 -0.432237 0.137525
    outer loop
      vertex -15.1471 -7.71784 2.39999
      vertex -14.9844 -6.90789 6
      vertex -15.4384 -7.11722 2.39999
    endloop
  endfacet
  facet normal -0.748705 -0.363089 0.554623
    outer loop
      vertex -13.9888 -7.12765 7.2
      vertex -14.2578 -6.57296 7.2
      vertex -14.7016 -7.49084 6
    endloop
  endfacet
  facet normal -0.748633 -0.363176 0.554663
    outer loop
      vertex -14.7016 -7.49084 6
      vertex -14.2578 -6.57296 7.2
      vertex -14.9844 -6.90789 6
    endloop
  endfacet
  facet normal -0.770181 -0.373484 0.51704
    outer loop
      vertex -11.4049 -5.81107 12
      vertex -11.6242 -5.35884 12
      vertex -13.9888 -7.12765 7.2
    endloop
  endfacet
  facet normal -0.770173 -0.3735 0.517042
    outer loop
      vertex -13.9888 -7.12765 7.2
      vertex -11.6242 -5.35884 12
      vertex -14.2578 -6.57296 7.2
    endloop
  endfacet
  facet normal -0.84016 -0.407499 0.357877
    outer loop
      vertex -9.35557 -4.7669 18
      vertex -9.5355 -4.39593 18
      vertex -11.4049 -5.81107 12
    endloop
  endfacet
  facet normal -0.840193 -0.407435 0.357872
    outer loop
      vertex -11.4049 -5.81107 12
      vertex -9.5355 -4.39593 18
      vertex -11.6242 -5.35884 12
    endloop
  endfacet
  facet normal -0.874911 -0.424365 -0.233334
    outer loop
      vertex -9.35557 -4.7669 18
      vertex -10.4248 -5.31169 23
      vertex -10.6253 -4.89832 23
    endloop
  endfacet
  facet normal -0.874915 -0.424356 -0.233335
    outer loop
      vertex -9.5355 -4.39593 18
      vertex -9.35557 -4.7669 18
      vertex -10.6253 -4.89832 23
    endloop
  endfacet
  facet normal -0.875613 -0.424747 -0.229983
    outer loop
      vertex -10.4248 -5.31169 23
      vertex -11.5831 -5.90188 28.5
      vertex -11.8059 -5.44258 28.5
    endloop
  endfacet
  facet normal -0.875629 -0.424713 -0.229986
    outer loop
      vertex -10.6253 -4.89832 23
      vertex -10.4248 -5.31169 23
      vertex -11.8059 -5.44258 28.5
    endloop
  endfacet
  facet normal -0.857008 -0.41555 0.304721
    outer loop
      vertex -10.8703 -5.53868 31
      vertex -11.0793 -5.10765 31
      vertex -11.5831 -5.90188 28.5
    endloop
  endfacet
  facet normal -0.856932 -0.415686 0.304749
    outer loop
      vertex -11.5831 -5.90188 28.5
      vertex -11.0793 -5.10765 31
      vertex -11.8059 -5.44258 28.5
    endloop
  endfacet
  facet normal -0.712452 -0.34557 0.610732
    outer loop
      vertex -8.46456 -4.31291 34.5
      vertex -8.62736 -3.97727 34.5
      vertex -10.8703 -5.53868 31
    endloop
  endfacet
  facet normal -0.712501 -0.345481 0.610725
    outer loop
      vertex -10.8703 -5.53868 31
      vertex -8.62736 -3.97727 34.5
      vertex -11.0793 -5.10765 31
    endloop
  endfacet
  facet normal -0.719848 -0.349153 -0.599925
    outer loop
      vertex -8.46456 -4.31291 34.5
      vertex -9.80107 -4.99389 36.5
      vertex -9.98957 -4.60526 36.5
    endloop
  endfacet
  facet normal -0.719847 -0.349157 -0.599925
    outer loop
      vertex -8.62736 -3.97727 34.5
      vertex -8.46456 -4.31291 34.5
      vertex -9.98957 -4.60526 36.5
    endloop
  endfacet
  facet normal -0.595372 -0.28873 -0.749778
    outer loop
      vertex -9.80107 -4.99389 36.5
      vertex -11.3158 -5.76568 38
      vertex -11.5334 -5.31698 38
    endloop
  endfacet
  facet normal -0.595359 -0.288771 -0.749772
    outer loop
      vertex -9.98957 -4.60526 36.5
      vertex -9.80107 -4.99389 36.5
      vertex -11.5334 -5.31698 38
    endloop
  endfacet
  facet normal -0.899728 -0.436452 0
    outer loop
      vertex -16.0381 -8.17183 0
      vertex -16.3466 -7.53587 1.5
      vertex -16.3466 -7.53587 0
    endloop
  endfacet
  facet normal -0.899728 -0.436452 0
    outer loop
      vertex -16.3466 -7.53587 1.5
      vertex -16.0381 -8.17183 0
      vertex -16.0381 -8.17183 1.5
    endloop
  endfacet
  facet normal -0.612912 -0.268174 0.74325
    outer loop
      vertex -15.4384 -7.11722 2.39999
      vertex -15.706 -6.50562 2.39999
      vertex -16.3466 -7.53587 1.5
    endloop
  endfacet
  facet normal -0.613002 -0.268082 0.743209
    outer loop
      vertex -16.3466 -7.53587 1.5
      vertex -15.706 -6.50562 2.39999
      vertex -16.6298 -6.8883 1.5
    endloop
  endfacet
  facet normal -0.907511 -0.396876 0.137524
    outer loop
      vertex -14.9844 -6.90789 6
      vertex -15.244 -6.31428 6
      vertex -15.4384 -7.11722 2.39999
    endloop
  endfacet
  facet normal -0.907435 -0.39704 0.137556
    outer loop
      vertex -15.4384 -7.11722 2.39999
      vertex -15.244 -6.31428 6
      vertex -15.706 -6.50562 2.39999
    endloop
  endfacet
  facet normal -0.762317 -0.333496 0.554665
    outer loop
      vertex -14.2578 -6.57296 7.2
      vertex -14.5049 -6.00813 7.2
      vertex -14.9844 -6.90789 6
    endloop
  endfacet
  facet normal -0.762384 -0.333409 0.554626
    outer loop
      vertex -14.9844 -6.90789 6
      vertex -14.5049 -6.00813 7.2
      vertex -15.244 -6.31428 6
    endloop
  endfacet
  facet normal -0.784238 -0.342987 0.517041
    outer loop
      vertex -11.6242 -5.35884 12
      vertex -11.8256 -4.89834 12
      vertex -14.2578 -6.57296 7.2
    endloop
  endfacet
  facet normal -0.784197 -0.343068 0.517049
    outer loop
      vertex -14.2578 -6.57296 7.2
      vertex -11.8256 -4.89834 12
      vertex -14.5049 -6.00813 7.2
    endloop
  endfacet
  facet normal -0.855511 -0.374205 0.357872
    outer loop
      vertex -9.5355 -4.39593 18
      vertex -9.70073 -4.01818 18
      vertex -11.6242 -5.35884 12
    endloop
  endfacet
  facet normal -0.855529 -0.374166 0.357869
    outer loop
      vertex -11.6242 -5.35884 12
      vertex -9.70073 -4.01818 18
      vertex -11.8256 -4.89834 12
    endloop
  endfacet
  facet normal -0.890912 -0.389654 -0.233335
    outer loop
      vertex -9.5355 -4.39593 18
      vertex -10.6253 -4.89832 23
      vertex -10.8094 -4.47739 23
    endloop
  endfacet
  facet normal -0.8909 -0.389685 -0.233332
    outer loop
      vertex -9.70073 -4.01818 18
      vertex -9.5355 -4.39593 18
      vertex -10.8094 -4.47739 23
    endloop
  endfacet
  facet normal -0.891682 -0.389885 -0.229985
    outer loop
      vertex -10.6253 -4.89832 23
      vertex -11.8059 -5.44258 28.5
      vertex -12.0104 -4.97488 28.5
    endloop
  endfacet
  facet normal -0.891645 -0.389974 -0.229977
    outer loop
      vertex -10.8094 -4.47739 23
      vertex -10.6253 -4.89832 23
      vertex -12.0104 -4.97488 28.5
    endloop
  endfacet
  facet normal -0.872595 -0.381714 0.30475
    outer loop
      vertex -11.0793 -5.10765 31
      vertex -11.2713 -4.66874 31
      vertex -11.8059 -5.44258 28.5
    endloop
  endfacet
  facet normal -0.872668 -0.381571 0.304721
    outer loop
      vertex -11.8059 -5.44258 28.5
      vertex -11.2713 -4.66874 31
      vertex -12.0104 -4.97488 28.5
    endloop
  endfacet
  facet normal -0.725476 -0.317335 0.610724
    outer loop
      vertex -8.62736 -3.97727 34.5
      vertex -8.77686 -3.63549 34.5
      vertex -11.0793 -5.10765 31
    endloop
  endfacet
  facet normal -0.725466 -0.317353 0.610725
    outer loop
      vertex -11.0793 -5.10765 31
      vertex -8.77686 -3.63549 34.5
      vertex -11.2713 -4.66874 31
    endloop
  endfacet
  facet normal -0.732981 -0.320668 -0.599925
    outer loop
      vertex -8.62736 -3.97727 34.5
      vertex -9.98957 -4.60526 36.5
      vertex -10.1627 -4.20952 36.5
    endloop
  endfacet
  facet normal -0.732996 -0.320624 -0.599931
    outer loop
      vertex -8.77686 -3.63549 34.5
      vertex -8.62736 -3.97727 34.5
      vertex -10.1627 -4.20952 36.5
    endloop
  endfacet
  facet normal -0.606214 -0.265227 -0.749773
    outer loop
      vertex -9.98957 -4.60526 36.5
      vertex -11.5334 -5.31698 38
      vertex -11.7333 -4.86008 38
    endloop
  endfacet
  facet normal -0.606218 -0.265211 -0.749775
    outer loop
      vertex -10.1627 -4.20952 36.5
      vertex -9.98957 -4.60526 36.5
      vertex -11.7333 -4.86008 38
    endloop
  endfacet
  facet normal -0.916215 -0.400686 0
    outer loop
      vertex -16.3466 -7.53587 0
      vertex -16.6298 -6.8883 1.5
      vertex -16.6298 -6.8883 0
    endloop
  endfacet
  facet normal -0.916215 -0.400686 0
    outer loop
      vertex -16.6298 -6.8883 1.5
      vertex -16.3466 -7.53587 0
      vertex -16.3466 -7.53587 1.5
    endloop
  endfacet
  facet normal -0.623039 -0.243851 0.743209
    outer loop
      vertex -15.706 -6.50562 2.39999
      vertex -15.9493 -5.88399 2.39999
      vertex -16.6298 -6.8883 1.5
    endloop
  endfacet
  facet normal -0.623045 -0.243845 0.743206
    outer loop
      vertex -16.6298 -6.8883 1.5
      vertex -15.9493 -5.88399 2.39999
      vertex -16.8874 -6.23011 1.5
    endloop
  endfacet
  facet normal -0.922335 -0.361077 0.137557
    outer loop
      vertex -15.244 -6.31428 6
      vertex -15.4802 -5.71093 6
      vertex -15.706 -6.50562 2.39999
    endloop
  endfacet
  facet normal -0.922365 -0.361005 0.137543
    outer loop
      vertex -15.706 -6.50562 2.39999
      vertex -15.4802 -5.71093 6
      vertex -15.9493 -5.88399 2.39999
    endloop
  endfacet
  facet normal -0.774862 -0.303282 0.554625
    outer loop
      vertex -14.5049 -6.00813 7.2
      vertex -14.7296 -5.43404 7.2
      vertex -15.244 -6.31428 6
    endloop
  endfacet
  facet normal -0.774828 -0.30333 0.554646
    outer loop
      vertex -15.244 -6.31428 6
      vertex -14.7296 -5.43404 7.2
      vertex -15.4802 -5.71093 6
    endloop
  endfacet
  facet normal -0.797074 -0.311984 0.517049
    outer loop
      vertex -11.8256 -4.89834 12
      vertex -12.0088 -4.43029 12
      vertex -14.5049 -6.00813 7.2
    endloop
  endfacet
  facet normal -0.797076 -0.311977 0.517049
    outer loop
      vertex -14.5049 -6.00813 7.2
      vertex -12.0088 -4.43029 12
      vertex -14.7296 -5.43404 7.2
    endloop
  endfacet
  facet normal -0.869539 -0.340342 0.357869
    outer loop
      vertex -9.70073 -4.01818 18
      vertex -9.85101 -3.63423 18
      vertex -11.8256 -4.89834 12
    endloop
  endfacet
  facet normal -0.869537 -0.340346 0.357869
    outer loop
      vertex -11.8256 -4.89834 12
      vertex -9.85101 -3.63423 18
      vertex -12.0088 -4.43029 12
    endloop
  endfacet
  facet normal -0.905543 -0.354327 -0.233332
    outer loop
      vertex -9.70073 -4.01818 18
      vertex -10.8094 -4.47739 23
      vertex -10.9768 -4.04957 23
    endloop
  endfacet
  facet normal -0.905509 -0.354421 -0.233324
    outer loop
      vertex -9.85101 -3.63423 18
      vertex -9.70073 -4.01818 18
      vertex -10.9768 -4.04957 23
    endloop
  endfacet
  facet normal -0.906224 -0.35478 -0.229977
    outer loop
      vertex -10.8094 -4.47739 23
      vertex -12.0104 -4.97488 28.5
      vertex -12.1965 -4.49952 28.5
    endloop
  endfacet
  facet normal -0.906284 -0.354616 -0.229992
    outer loop
      vertex -10.9768 -4.04957 23
      vertex -10.8094 -4.47739 23
      vertex -12.1965 -4.49952 28.5
    endloop
  endfacet
  facet normal -0.886931 -0.34713 0.30472
    outer loop
      vertex -11.2713 -4.66874 31
      vertex -11.4459 -4.22263 31
      vertex -12.0104 -4.97488 28.5
    endloop
  endfacet
  facet normal -0.886893 -0.347212 0.304737
    outer loop
      vertex -12.0104 -4.97488 28.5
      vertex -11.4459 -4.22263 31
      vertex -12.1965 -4.49952 28.5
    endloop
  endfacet
  facet normal -0.737377 -0.2886 0.610725
    outer loop
      vertex -8.77686 -3.63549 34.5
      vertex -8.91282 -3.28811 34.5
      vertex -11.2713 -4.66874 31
    endloop
  endfacet
  facet normal -0.737378 -0.288597 0.610725
    outer loop
      vertex -11.2713 -4.66874 31
      vertex -8.91282 -3.28811 34.5
      vertex -11.4459 -4.22263 31
    endloop
  endfacet
  facet normal -0.745039 -0.291547 -0.599931
    outer loop
      vertex -8.77686 -3.63549 34.5
      vertex -10.1627 -4.20952 36.5
      vertex -10.3201 -3.80729 36.5
    endloop
  endfacet
  facet normal -0.745026 -0.291593 -0.599925
    outer loop
      vertex -8.91282 -3.28811 34.5
      vertex -8.77686 -3.63549 34.5
      vertex -10.3201 -3.80729 36.5
    endloop
  endfacet
  facet normal -0.616205 -0.2411 -0.749775
    outer loop
      vertex -10.1627 -4.20952 36.5
      vertex -11.7333 -4.86008 38
      vertex -11.915 -4.39569 38
    endloop
  endfacet
  facet normal -0.616199 -0.24113 -0.749771
    outer loop
      vertex -10.3201 -3.80729 36.5
      vertex -10.1627 -4.20952 36.5
      vertex -11.915 -4.39569 38
    endloop
  endfacet
  facet normal -0.93122 -0.364457 0
    outer loop
      vertex -16.6298 -6.8883 0
      vertex -16.8874 -6.23011 1.5
      vertex -16.8874 -6.23011 0
    endloop
  endfacet
  facet normal -0.93122 -0.364457 0
    outer loop
      vertex -16.8874 -6.23011 1.5
      vertex -16.6298 -6.8883 0
      vertex -16.6298 -6.8883 1.5
    endloop
  endfacet
  facet normal -0.632138 -0.219199 0.743205
    outer loop
      vertex -15.9493 -5.88399 2.39999
      vertex -16.168 -5.25329 2.39999
      vertex -16.8874 -6.23011 1.5
    endloop
  endfacet
  facet normal -0.632116 -0.219224 0.743216
    outer loop
      vertex -16.8874 -6.23011 1.5
      vertex -16.168 -5.25329 2.39999
      vertex -17.119 -5.56231 1.5
    endloop
  endfacet
  facet normal -0.935862 -0.324414 0.137543
    outer loop
      vertex -15.4802 -5.71093 6
      vertex -15.6924 -5.09878 6
      vertex -15.9493 -5.88399 2.39999
    endloop
  endfacet
  facet normal -0.935828 -0.324505 0.13756
    outer loop
      vertex -15.9493 -5.88399 2.39999
      vertex -15.6924 -5.09878 6
      vertex -16.168 -5.25329 2.39999
    endloop
  endfacet
  facet normal -0.786152 -0.272637 0.554647
    outer loop
      vertex -14.7296 -5.43404 7.2
      vertex -14.9316 -4.85157 7.2
      vertex -15.4802 -5.71093 6
    endloop
  endfacet
  facet normal -0.786215 -0.272539 0.554606
    outer loop
      vertex -15.4802 -5.71093 6
      vertex -14.9316 -4.85157 7.2
      vertex -15.6924 -5.09878 6
    endloop
  endfacet
  facet normal -0.808699 -0.280476 0.517049
    outer loop
      vertex -12.0088 -4.43029 12
      vertex -12.1735 -3.95541 12
      vertex -14.7296 -5.43404 7.2
    endloop
  endfacet
  facet normal -0.808706 -0.280458 0.517047
    outer loop
      vertex -14.7296 -5.43404 7.2
      vertex -12.1735 -3.95541 12
      vertex -14.9316 -4.85157 7.2
    endloop
  endfacet
  facet normal -0.882236 -0.305923 0.357869
    outer loop
      vertex -9.85101 -3.63423 18
      vertex -9.98609 -3.24468 18
      vertex -12.0088 -4.43029 12
    endloop
  endfacet
  facet normal -0.882217 -0.305974 0.357873
    outer loop
      vertex -12.0088 -4.43029 12
      vertex -9.98609 -3.24468 18
      vertex -12.1735 -3.95541 12
    endloop
  endfacet
  facet normal -0.918678 -0.318734 -0.233324
    outer loop
      vertex -9.85101 -3.63423 18
      vertex -10.9768 -4.04957 23
      vertex -11.1274 -3.6155 23
    endloop
  endfacet
  facet normal -0.918728 -0.318577 -0.233338
    outer loop
      vertex -9.98609 -3.24468 18
      vertex -9.85101 -3.63423 18
      vertex -11.1274 -3.6155 23
    endloop
  endfacet
  facet normal -0.919506 -0.318767 -0.229991
    outer loop
      vertex -10.9768 -4.04957 23
      vertex -12.1965 -4.49952 28.5
      vertex -12.3637 -4.01722 28.5
    endloop
  endfacet
  facet normal -0.919432 -0.318996 -0.229971
    outer loop
      vertex -11.1274 -3.6155 23
      vertex -10.9768 -4.04957 23
      vertex -12.3637 -4.01722 28.5
    endloop
  endfacet
  facet normal -0.89984 -0.312127 0.304738
    outer loop
      vertex -11.4459 -4.22263 31
      vertex -11.6029 -3.77001 31
      vertex -12.1965 -4.49952 28.5
    endloop
  endfacet
  facet normal -0.899904 -0.311972 0.304708
    outer loop
      vertex -12.1965 -4.49952 28.5
      vertex -11.6029 -3.77001 31
      vertex -12.3637 -4.01722 28.5
    endloop
  endfacet
  facet normal -0.748137 -0.259433 0.610725
    outer loop
      vertex -8.91282 -3.28811 34.5
      vertex -9.03504 -2.93566 34.5
      vertex -11.4459 -4.22263 31
    endloop
  endfacet
  facet normal -0.748111 -0.259497 0.61073
    outer loop
      vertex -11.4459 -4.22263 31
      vertex -9.03504 -2.93566 34.5
      vertex -11.6029 -3.77001 31
    endloop
  endfacet
  facet normal -0.755908 -0.262095 -0.599924
    outer loop
      vertex -8.91282 -3.28811 34.5
      vertex -10.3201 -3.80729 36.5
      vertex -10.4616 -3.39919 36.5
    endloop
  endfacet
  facet normal -0.755901 -0.262126 -0.59992
    outer loop
      vertex -9.03504 -2.93566 34.5
      vertex -8.91282 -3.28811 34.5
      vertex -10.4616 -3.39919 36.5
    endloop
  endfacet
  facet normal -0.625173 -0.216803 -0.74977
    outer loop
      vertex -10.3201 -3.80729 36.5
      vertex -11.915 -4.39569 38
      vertex -12.0784 -3.92451 38
    endloop
  endfacet
  facet normal -0.625179 -0.216768 -0.749775
    outer loop
      vertex -10.4616 -3.39919 36.5
      vertex -10.3201 -3.80729 36.5
      vertex -12.0784 -3.92451 38
    endloop
  endfacet
  facet normal -0.944794 -0.327664 0
    outer loop
      vertex -16.8874 -6.23011 0
      vertex -17.119 -5.56231 1.5
      vertex -17.119 -5.56231 0
    endloop
  endfacet
  facet normal -0.944794 -0.327664 0
    outer loop
      vertex -17.119 -5.56231 1.5
      vertex -16.8874 -6.23011 0
      vertex -16.8874 -6.23011 1.5
    endloop
  endfacet
  facet normal -0.640265 -0.194144 0.743215
    outer loop
      vertex -16.168 -5.25329 2.39999
      vertex -16.3617 -4.61449 2.39999
      vertex -17.119 -5.56231 1.5
    endloop
  endfacet
  facet normal -0.640203 -0.194225 0.743248
    outer loop
      vertex -17.119 -5.56231 1.5
      vertex -16.3617 -4.61449 2.39999
      vertex -17.3242 -4.88593 1.5
    endloop
  endfacet
  facet normal -0.947834 -0.287556 0.137561
    outer loop
      vertex -15.6924 -5.09878 6
      vertex -15.8805 -4.47877 6
      vertex -16.168 -5.25329 2.39999
    endloop
  endfacet
  facet normal -0.947879 -0.28742 0.137535
    outer loop
      vertex -16.168 -5.25329 2.39999
      vertex -15.8805 -4.47877 6
      vertex -16.3617 -4.61449 2.39999
    endloop
  endfacet
  facet normal -0.796307 -0.241473 0.554604
    outer loop
      vertex -14.9316 -4.85157 7.2
      vertex -15.1105 -4.26161 7.2
      vertex -15.6924 -5.09878 6
    endloop
  endfacet
  facet normal -0.796251 -0.241568 0.554643
    outer loop
      vertex -15.6924 -5.09878 6
      vertex -15.1105 -4.26161 7.2
      vertex -15.8805 -4.47877 6
    endloop
  endfacet
  facet normal -0.819101 -0.248465 0.517047
    outer loop
      vertex -12.1735 -3.95541 12
      vertex -12.3194 -3.47443 12
      vertex -14.9316 -4.85157 7.2
    endloop
  endfacet
  facet normal -0.819127 -0.248393 0.517041
    outer loop
      vertex -14.9316 -4.85157 7.2
      vertex -12.3194 -3.47443 12
      vertex -15.1105 -4.26161 7.2
    endloop
  endfacet
  facet normal -0.893549 -0.271104 0.357873
    outer loop
      vertex -9.98609 -3.24468 18
      vertex -10.1058 -2.85012 18
      vertex -12.1735 -3.95541 12
    endloop
  endfacet
  facet normal -0.893566 -0.271053 0.35787
    outer loop
      vertex -12.1735 -3.95541 12
      vertex -10.1058 -2.85012 18
      vertex -12.3194 -3.47443 12
    endloop
  endfacet
  facet normal -0.930564 -0.282143 -0.233337
    outer loop
      vertex -9.98609 -3.24468 18
      vertex -11.1274 -3.6155 23
      vertex -11.2607 -3.17585 23
    endloop
  endfacet
  facet normal -0.930514 -0.282319 -0.233322
    outer loop
      vertex -10.1058 -2.85012 18
      vertex -9.98609 -3.24468 18
      vertex -11.2607 -3.17585 23
    endloop
  endfacet
  facet normal -0.931282 -0.282536 -0.229972
    outer loop
      vertex -11.1274 -3.6155 23
      vertex -12.3637 -4.01722 28.5
      vertex -12.5119 -3.52873 28.5
    endloop
  endfacet
  facet normal -0.931328 -0.282375 -0.229986
    outer loop
      vertex -11.2607 -3.17585 23
      vertex -11.1274 -3.6155 23
      vertex -12.5119 -3.52873 28.5
    endloop
  endfacet
  facet normal -0.911415 -0.276542 0.304707
    outer loop
      vertex -11.6029 -3.77001 31
      vertex -11.742 -3.31157 31
      vertex -12.3637 -4.01722 28.5
    endloop
  endfacet
  facet normal -0.911426 -0.276512 0.304702
    outer loop
      vertex -12.3637 -4.01722 28.5
      vertex -11.742 -3.31157 31
      vertex -12.5119 -3.52873 28.5
    endloop
  endfacet
  facet normal -0.757747 -0.229842 0.610731
    outer loop
      vertex -9.03504 -2.93566 34.5
      vertex -9.14332 -2.57868 34.5
      vertex -11.6029 -3.77001 31
    endloop
  endfacet
  facet normal -0.757723 -0.229908 0.610736
    outer loop
      vertex -11.6029 -3.77001 31
      vertex -9.14332 -2.57868 34.5
      vertex -11.742 -3.31157 31
    endloop
  endfacet
  facet normal -0.765603 -0.232265 -0.59992
    outer loop
      vertex -9.03504 -2.93566 34.5
      vertex -10.4616 -3.39919 36.5
      vertex -10.587 -2.98584 36.5
    endloop
  endfacet
  facet normal -0.765611 -0.232227 -0.599925
    outer loop
      vertex -9.14332 -2.57868 34.5
      vertex -9.03504 -2.93566 34.5
      vertex -10.587 -2.98584 36.5
    endloop
  endfacet
  facet normal -0.633187 -0.192124 -0.749775
    outer loop
      vertex -10.4616 -3.39919 36.5
      vertex -12.0784 -3.92451 38
      vertex -12.2232 -3.44729 38
    endloop
  endfacet
  facet normal -0.633191 -0.192094 -0.749779
    outer loop
      vertex -10.587 -2.98584 36.5
      vertex -10.4616 -3.39919 36.5
      vertex -12.2232 -3.44729 38
    endloop
  endfacet
  facet normal -0.676739 -0.205462 0.706972
    outer loop
      vertex -12.2072 -3.5 45
      vertex -12.2232 -3.4473 45
      vertex -12.268 -3.5 44.9418
    endloop
  endfacet
  facet normal -0.676668 -0.205535 0.707019
    outer loop
      vertex -12.268 -3.5 44.9418
      vertex -12.2232 -3.44729 45
      vertex -12.4101 -3.5 44.8058
    endloop
  endfacet
  facet normal -0.792421 0 0.609974
    outer loop
      vertex -12.268 -3.5 44.9418
      vertex -12.2232 -3.4473 45
      vertex -12.2232 -3.44729 45
    endloop
  endfacet
  facet normal -0.956932 -0.290314 0
    outer loop
      vertex -17.119 -5.56231 0
      vertex -17.3242 -4.88593 1.5
      vertex -17.3242 -4.88593 0
    endloop
  endfacet
  facet normal -0.956932 -0.290314 0
    outer loop
      vertex -17.3242 -4.88593 1.5
      vertex -17.119 -5.56231 0
      vertex -17.119 -5.56231 1.5
    endloop
  endfacet
  facet normal -0.647327 -0.168967 0.743249
    outer loop
      vertex -16.3617 -4.61449 2.39999
      vertex -16.5303 -3.96857 2.39999
      vertex -17.3242 -4.88593 1.5
    endloop
  endfacet
  facet normal -0.647336 -0.168954 0.743243
    outer loop
      vertex -17.3242 -4.88593 1.5
      vertex -16.5303 -3.96857 2.39999
      vertex -17.5027 -4.20202 1.5
    endloop
  endfacet
  facet normal -0.958401 -0.250103 0.137535
    outer loop
      vertex -15.8805 -4.47877 6
      vertex -16.0441 -3.85185 6
      vertex -16.3617 -4.61449 2.39999
    endloop
  endfacet
  facet normal -0.958385 -0.25016 0.137546
    outer loop
      vertex -16.3617 -4.61449 2.39999
      vertex -16.0441 -3.85185 6
      vertex -16.5303 -3.96857 2.39999
    endloop
  endfacet
  facet normal -0.805114 -0.210146 0.554644
    outer loop
      vertex -15.1105 -4.26161 7.2
      vertex -15.2662 -3.66509 7.2
      vertex -15.8805 -4.47877 6
    endloop
  endfacet
  facet normal -0.805135 -0.210107 0.554628
    outer loop
      vertex -15.8805 -4.47877 6
      vertex -15.2662 -3.66509 7.2
      vertex -16.0441 -3.85185 6
    endloop
  endfacet
  facet normal -0.82823 -0.216113 0.51704
    outer loop
      vertex -12.3194 -3.47443 12
      vertex -12.4463 -2.9881 12
      vertex -15.1105 -4.26161 7.2
    endloop
  endfacet
  facet normal -0.82821 -0.216174 0.517046
    outer loop
      vertex -15.1105 -4.26161 7.2
      vertex -12.4463 -2.9881 12
      vertex -15.2662 -3.66509 7.2
    endloop
  endfacet
  facet normal -0.903518 -0.235765 0.35787
    outer loop
      vertex -10.1058 -2.85012 18
      vertex -10.2099 -2.45118 18
      vertex -12.3194 -3.47443 12
    endloop
  endfacet
  facet normal -0.903519 -0.235759 0.357869
    outer loop
      vertex -12.3194 -3.47443 12
      vertex -10.2099 -2.45118 18
      vertex -12.4463 -2.9881 12
    endloop
  endfacet
  facet normal -0.940893 -0.24552 -0.233322
    outer loop
      vertex -10.1058 -2.85012 18
      vertex -11.2607 -3.17585 23
      vertex -11.3767 -2.73131 23
    endloop
  endfacet
  facet normal -0.940894 -0.245518 -0.233322
    outer loop
      vertex -10.2099 -2.45118 18
      vertex -10.1058 -2.85012 18
      vertex -11.3767 -2.73131 23
    endloop
  endfacet
  facet normal -0.941658 -0.245738 -0.229985
    outer loop
      vertex -11.2607 -3.17585 23
      vertex -12.5119 -3.52873 28.5
      vertex -12.6408 -3.03479 28.5
    endloop
  endfacet
  facet normal -0.941662 -0.245721 -0.229987
    outer loop
      vertex -11.3767 -2.73131 23
      vertex -11.2607 -3.17585 23
      vertex -12.6408 -3.03479 28.5
    endloop
  endfacet
  facet normal -0.921617 -0.240375 0.304701
    outer loop
      vertex -11.742 -3.31157 31
      vertex -11.8629 -2.84803 31
      vertex -12.5119 -3.52873 28.5
    endloop
  endfacet
  facet normal -0.921577 -0.240497 0.304724
    outer loop
      vertex -12.5119 -3.52873 28.5
      vertex -11.8629 -2.84803 31
      vertex -12.6408 -3.03479 28.5
    endloop
  endfacet
  facet normal -0.766177 -0.199934 0.610737
    outer loop
      vertex -9.14332 -2.57868 34.5
      vertex -9.23751 -2.21773 34.5
      vertex -11.742 -3.31157 31
    endloop
  endfacet
  facet normal -0.766207 -0.199841 0.610729
    outer loop
      vertex -11.742 -3.31157 31
      vertex -9.23751 -2.21773 34.5
      vertex -11.8629 -2.84803 31
    endloop
  endfacet
  facet normal -0.774115 -0.202077 -0.599926
    outer loop
      vertex -9.14332 -2.57868 34.5
      vertex -10.587 -2.98584 36.5
      vertex -10.6961 -2.5679 36.5
    endloop
  endfacet
  facet normal -0.774126 -0.202008 -0.599935
    outer loop
      vertex -9.23751 -2.21773 34.5
      vertex -9.14332 -2.57868 34.5
      vertex -10.6961 -2.5679 36.5
    endloop
  endfacet
  facet normal -0.640253 -0.167053 -0.749779
    outer loop
      vertex -10.587 -2.98584 36.5
      vertex -12.2232 -3.44729 38
      vertex -12.3491 -2.96476 38
    endloop
  endfacet
  facet normal -0.640245 -0.167131 -0.749769
    outer loop
      vertex -10.6961 -2.5679 36.5
      vertex -10.587 -2.98584 36.5
      vertex -12.3491 -2.96476 38
    endloop
  endfacet
  facet normal -0.684284 -0.178541 0.707021
    outer loop
      vertex -12.3491 -2.96476 45
      vertex -12.4101 -3.5 44.8058
      vertex -12.2232 -3.44729 45
    endloop
  endfacet
  facet normal -0.684269 -0.178547 0.707034
    outer loop
      vertex -12.4101 -3.5 44.8058
      vertex -12.3491 -2.96476 45
      vertex -12.8418 -3.5 44.388
    endloop
  endfacet
  facet normal -0.684259 -0.178562 0.70704
    outer loop
      vertex -12.3491 -2.96476 45
      vertex -13.127 -3.15151 44.2
      vertex -12.8418 -3.5 44.388
    endloop
  endfacet
  facet normal -0.684197 -0.178466 0.707124
    outer loop
      vertex -12.8418 -3.5 44.388
      vertex -13.127 -3.15151 44.2
      vertex -13.0361 -3.5 44.2
    endloop
  endfacet
  facet normal -0.967587 -0.252539 0
    outer loop
      vertex -17.3242 -4.88593 0
      vertex -17.5027 -4.20202 1.5
      vertex -17.5027 -4.20202 0
    endloop
  endfacet
  facet normal -0.967587 -0.252539 0
    outer loop
      vertex -17.5027 -4.20202 1.5
      vertex -17.3242 -4.88593 0
      vertex -17.3242 -4.88593 1.5
    endloop
  endfacet
  facet normal -0.65349 -0.143318 0.743243
    outer loop
      vertex -16.5303 -3.96857 2.39999
      vertex -16.6733 -3.31653 2.39999
      vertex -17.5027 -4.20202 1.5
    endloop
  endfacet
  facet normal -0.653496 -0.143309 0.74324
    outer loop
      vertex -17.5027 -4.20202 1.5
      vertex -16.6733 -3.31653 2.39999
      vertex -17.6541 -3.51163 1.5
    endloop
  endfacet
  facet normal -0.967467 -0.21234 0.137546
    outer loop
      vertex -16.0441 -3.85185 6
      vertex -16.183 -3.21899 6
      vertex -16.5303 -3.96857 2.39999
    endloop
  endfacet
  facet normal -0.967505 -0.212185 0.137517
    outer loop
      vertex -16.5303 -3.96857 2.39999
      vertex -16.183 -3.21899 6
      vertex -16.6733 -3.31653 2.39999
    endloop
  endfacet
  facet normal -0.812771 -0.1783 0.554628
    outer loop
      vertex -15.2662 -3.66509 7.2
      vertex -15.3983 -3.06292 7.2
      vertex -16.0441 -3.85185 6
    endloop
  endfacet
  facet normal -0.812733 -0.178378 0.554659
    outer loop
      vertex -16.0441 -3.85185 6
      vertex -15.3983 -3.06292 7.2
      vertex -16.183 -3.21899 6
    endloop
  endfacet
  facet normal -0.836077 -0.183411 0.517046
    outer loop
      vertex -12.4463 -2.9881 12
      vertex -12.554 -2.49715 12
      vertex -15.2662 -3.66509 7.2
    endloop
  endfacet
  facet normal -0.836076 -0.183413 0.517046
    outer loop
      vertex -15.2662 -3.66509 7.2
      vertex -12.554 -2.49715 12
      vertex -15.3983 -3.06292 7.2
    endloop
  endfacet
  facet normal -0.912106 -0.199983 0.357868
    outer loop
      vertex -10.2099 -2.45118 18
      vertex -10.2982 -2.04845 18
      vertex -12.4463 -2.9881 12
    endloop
  endfacet
  facet normal -0.912081 -0.200084 0.357875
    outer loop
      vertex -12.4463 -2.9881 12
      vertex -10.2982 -2.04845 18
      vertex -12.554 -2.49715 12
    endloop
  endfacet
  facet normal -0.949788 -0.208477 -0.233323
    outer loop
      vertex -10.2099 -2.45118 18
      vertex -11.3767 -2.73131 23
      vertex -11.4752 -2.28256 23
    endloop
  endfacet
  facet normal -0.949833 -0.208254 -0.233341
    outer loop
      vertex -10.2982 -2.04845 18
      vertex -10.2099 -2.45118 18
      vertex -11.4752 -2.28256 23
    endloop
  endfacet
  facet normal -0.950583 -0.208563 -0.229987
    outer loop
      vertex -11.3767 -2.73131 23
      vertex -12.6408 -3.03479 28.5
      vertex -12.7502 -2.53617 28.5
    endloop
  endfacet
  facet normal -0.950566 -0.208648 -0.229979
    outer loop
      vertex -11.4752 -2.28256 23
      vertex -11.3767 -2.73131 23
      vertex -12.7502 -2.53617 28.5
    endloop
  endfacet
  facet normal -0.930298 -0.204179 0.304724
    outer loop
      vertex -11.8629 -2.84803 31
      vertex -11.9656 -2.3801 31
      vertex -12.6408 -3.03479 28.5
    endloop
  endfacet
  facet normal -0.930315 -0.204116 0.304713
    outer loop
      vertex -12.6408 -3.03479 28.5
      vertex -11.9656 -2.3801 31
      vertex -12.7502 -2.53617 28.5
    endloop
  endfacet
  facet normal -0.77344 -0.169708 0.610728
    outer loop
      vertex -9.23751 -2.21773 34.5
      vertex -9.31746 -1.85336 34.5
      vertex -11.8629 -2.84803 31
    endloop
  endfacet
  facet normal -0.773429 -0.16975 0.610732
    outer loop
      vertex -11.8629 -2.84803 31
      vertex -9.31746 -1.85336 34.5
      vertex -11.9656 -2.3801 31
    endloop
  endfacet
  facet normal -0.781488 -0.171334 -0.599934
    outer loop
      vertex -9.23751 -2.21773 34.5
      vertex -10.6961 -2.5679 36.5
      vertex -10.7886 -2.14599 36.5
    endloop
  endfacet
  facet normal -0.781472 -0.17147 -0.599916
    outer loop
      vertex -9.31746 -1.85336 34.5
      vertex -9.23751 -2.21773 34.5
      vertex -10.7886 -2.14599 36.5
    endloop
  endfacet
  facet normal -0.646318 -0.141839 -0.74977
    outer loop
      vertex -10.6961 -2.5679 36.5
      vertex -12.3491 -2.96476 38
      vertex -12.456 -2.47765 38
    endloop
  endfacet
  facet normal -0.646327 -0.141701 -0.749788
    outer loop
      vertex -10.7886 -2.14599 36.5
      vertex -10.6961 -2.5679 36.5
      vertex -12.456 -2.47765 38
    endloop
  endfacet
  facet normal -0.690736 -0.151587 0.70704
    outer loop
      vertex -12.3491 -2.96476 45
      vertex -12.456 -2.47765 45
      vertex -13.127 -3.15151 44.2
    endloop
  endfacet
  facet normal -0.690758 -0.151548 0.707026
    outer loop
      vertex -12.456 -2.47765 45
      vertex -13.2406 -2.63372 44.2
      vertex -13.127 -3.15151 44.2
    endloop
  endfacet
  facet normal -0.976788 -0.214206 0
    outer loop
      vertex -17.5027 -4.20202 0
      vertex -17.6541 -3.51163 1.5
      vertex -17.6541 -3.51163 0
    endloop
  endfacet
  facet normal -0.976788 -0.214206 0
    outer loop
      vertex -17.6541 -3.51163 1.5
      vertex -17.5027 -4.20202 0
      vertex -17.5027 -4.20202 1.5
    endloop
  endfacet
  facet normal -0.658598 -0.11766 0.74324
    outer loop
      vertex -16.6733 -3.31653 2.39999
      vertex -16.7907 -2.65939 2.39999
      vertex -17.6541 -3.51163 1.5
    endloop
  endfacet
  facet normal -0.658602 -0.117653 0.743237
    outer loop
      vertex -17.6541 -3.51163 1.5
      vertex -16.7907 -2.65939 2.39999
      vertex -17.7784 -2.81582 1.5
    endloop
  endfacet
  facet normal -0.975074 -0.174126 0.137517
    outer loop
      vertex -16.183 -3.21899 6
      vertex -16.2969 -2.58117 6
      vertex -16.6733 -3.31653 2.39999
    endloop
  endfacet
  facet normal -0.975059 -0.174197 0.13753
    outer loop
      vertex -16.6733 -3.31653 2.39999
      vertex -16.2969 -2.58117 6
      vertex -16.7907 -2.65939 2.39999
    endloop
  endfacet
  facet normal -0.819114 -0.146304 0.55466
    outer loop
      vertex -15.3983 -3.06292 7.2
      vertex -15.5067 -2.45602 7.2
      vertex -16.183 -3.21899 6
    endloop
  endfacet
  facet normal -0.819126 -0.146277 0.55465
    outer loop
      vertex -16.183 -3.21899 6
      vertex -15.5067 -2.45602 7.2
      vertex -16.2969 -2.58117 6
    endloop
  endfacet
  facet normal -0.842615 -0.150543 0.517046
    outer loop
      vertex -12.554 -2.49715 12
      vertex -12.6424 -2.00236 12
      vertex -15.3983 -3.06292 7.2
    endloop
  endfacet
  facet normal -0.842624 -0.150503 0.517043
    outer loop
      vertex -15.3983 -3.06292 7.2
      vertex -12.6424 -2.00236 12
      vertex -15.5067 -2.45602 7.2
    endloop
  endfacet
  facet normal -0.919221 -0.164191 0.357875
    outer loop
      vertex -10.2982 -2.04845 18
      vertex -10.3707 -1.64256 18
      vertex -12.554 -2.49715 12
    endloop
  endfacet
  facet normal -0.919213 -0.164228 0.357878
    outer loop
      vertex -12.554 -2.49715 12
      vertex -10.3707 -1.64256 18
      vertex -12.6424 -2.00236 12
    endloop
  endfacet
  facet normal -0.957239 -0.171011 -0.233341
    outer loop
      vertex -10.2982 -2.04845 18
      vertex -11.4752 -2.28256 23
      vertex -11.556 -1.83028 23
    endloop
  endfacet
  facet normal -0.957244 -0.170983 -0.233344
    outer loop
      vertex -10.3707 -1.64256 18
      vertex -10.2982 -2.04845 18
      vertex -11.556 -1.83028 23
    endloop
  endfacet
  facet normal -0.958052 -0.171013 -0.229979
    outer loop
      vertex -11.4752 -2.28256 23
      vertex -12.7502 -2.53617 28.5
      vertex -12.8399 -2.03365 28.5
    endloop
  endfacet
  facet normal -0.95803 -0.171152 -0.229968
    outer loop
      vertex -11.556 -1.83028 23
      vertex -11.4752 -2.28256 23
      vertex -12.8399 -2.03365 28.5
    endloop
  endfacet
  facet normal -0.937617 -0.167403 0.304713
    outer loop
      vertex -11.9656 -2.3801 31
      vertex -12.0498 -1.9085 31
      vertex -12.7502 -2.53617 28.5
    endloop
  endfacet
  facet normal -0.937626 -0.167367 0.304706
    outer loop
      vertex -12.7502 -2.53617 28.5
      vertex -12.0498 -1.9085 31
      vertex -12.8399 -2.03365 28.5
    endloop
  endfacet
  facet normal -0.779505 -0.139204 0.610732
    outer loop
      vertex -9.31746 -1.85336 34.5
      vertex -9.38304 -1.48613 34.5
      vertex -11.9656 -2.3801 31
    endloop
  endfacet
  facet normal -0.779512 -0.139175 0.61073
    outer loop
      vertex -11.9656 -2.3801 31
      vertex -9.38304 -1.48613 34.5
      vertex -12.0498 -1.9085 31
    endloop
  endfacet
  facet normal -0.787581 -0.140768 -0.599917
    outer loop
      vertex -9.31746 -1.85336 34.5
      vertex -10.7886 -2.14599 36.5
      vertex -10.8646 -1.72078 36.5
    endloop
  endfacet
  facet normal -0.78759 -0.140648 -0.599933
    outer loop
      vertex -9.38304 -1.48613 34.5
      vertex -9.31746 -1.85336 34.5
      vertex -10.8646 -1.72078 36.5
    endloop
  endfacet
  facet normal -0.651391 -0.116232 -0.749786
    outer loop
      vertex -10.7886 -2.14599 36.5
      vertex -12.456 -2.47765 38
      vertex -12.5436 -1.98672 38
    endloop
  endfacet
  facet normal -0.651387 -0.116426 -0.74976
    outer loop
      vertex -10.8646 -1.72078 36.5
      vertex -10.7886 -2.14599 36.5
      vertex -12.5436 -1.98672 38
    endloop
  endfacet
  facet normal -0.713945 0 0.700202
    outer loop
      vertex -12.456 -2.47764 45
      vertex -13.2406 -2.63372 44.2
      vertex -12.456 -2.47765 45
    endloop
  endfacet
  facet normal -0.696191 -0.124229 0.707026
    outer loop
      vertex -13.2406 -2.63372 44.2
      vertex -12.456 -2.47764 45
      vertex -12.5436 -1.98672 45
    endloop
  endfacet
  facet normal -0.696138 -0.124327 0.70706
    outer loop
      vertex -12.5436 -1.98672 45
      vertex -13.3338 -2.11187 44.2
      vertex -13.2406 -2.63372 44.2
    endloop
  endfacet
  facet normal -0.984416 -0.175857 0
    outer loop
      vertex -17.6541 -3.51163 0
      vertex -17.7784 -2.81582 1.5
      vertex -17.7784 -2.81582 0
    endloop
  endfacet
  facet normal -0.984416 -0.175857 0
    outer loop
      vertex -17.7784 -2.81582 1.5
      vertex -17.6541 -3.51163 0
      vertex -17.6541 -3.51163 1.5
    endloop
  endfacet
  facet normal -0.662713 -0.0917024 0.743238
    outer loop
      vertex -16.7907 -2.65939 2.39999
      vertex -16.8822 -1.99814 2.39999
      vertex -17.7784 -2.81582 1.5
    endloop
  endfacet
  facet normal -0.662753 -0.0916296 0.743211
    outer loop
      vertex -17.7784 -2.81582 1.5
      vertex -16.8822 -1.99814 2.39999
      vertex -17.8752 -2.11567 1.5
    endloop
  endfacet
  facet normal -0.981171 -0.135603 0.13753
    outer loop
      vertex -16.2969 -2.58117 6
      vertex -16.3856 -1.93937 6
      vertex -16.7907 -2.65939 2.39999
    endloop
  endfacet
  facet normal -0.981145 -0.135765 0.137559
    outer loop
      vertex -16.7907 -2.65939 2.39999
      vertex -16.3856 -1.93937 6
      vertex -16.8822 -1.99814 2.39999
    endloop
  endfacet
  facet normal -0.824231 -0.114049 0.55465
    outer loop
      vertex -15.5067 -2.45602 7.2
      vertex -15.5912 -1.84534 7.2
      vertex -16.2969 -2.58117 6
    endloop
  endfacet
  facet normal -0.824282 -0.11392 0.554601
    outer loop
      vertex -16.2969 -2.58117 6
      vertex -15.5912 -1.84534 7.2
      vertex -16.3856 -1.93937 6
    endloop
  endfacet
  facet normal -0.847879 -0.117335 0.517044
    outer loop
      vertex -12.6424 -2.00236 12
      vertex -12.7113 -1.50448 12
      vertex -15.5067 -2.45602 7.2
    endloop
  endfacet
  facet normal -0.847881 -0.117322 0.517042
    outer loop
      vertex -15.5067 -2.45602 7.2
      vertex -12.7113 -1.50448 12
      vertex -15.5912 -1.84534 7.2
    endloop
  endfacet
  facet normal -0.92496 -0.127957 0.357878
    outer loop
      vertex -10.3707 -1.64256 18
      vertex -10.4272 -1.23414 18
      vertex -12.6424 -2.00236 12
    endloop
  endfacet
  facet normal -0.924952 -0.128001 0.357881
    outer loop
      vertex -12.6424 -2.00236 12
      vertex -10.4272 -1.23414 18
      vertex -12.7113 -1.50448 12
    endloop
  endfacet
  facet normal -0.963237 -0.133133 -0.233343
    outer loop
      vertex -10.3707 -1.64256 18
      vertex -11.556 -1.83028 23
      vertex -11.6189 -1.37519 23
    endloop
  endfacet
  facet normal -0.963224 -0.13325 -0.233334
    outer loop
      vertex -10.4272 -1.23414 18
      vertex -10.3707 -1.64256 18
      vertex -11.6189 -1.37519 23
    endloop
  endfacet
  facet normal -0.964005 -0.13345 -0.229968
    outer loop
      vertex -11.556 -1.83028 23
      vertex -12.8399 -2.03365 28.5
      vertex -12.9099 -1.52799 28.5
    endloop
  endfacet
  facet normal -0.96403 -0.133243 -0.229986
    outer loop
      vertex -11.6189 -1.37519 23
      vertex -11.556 -1.83028 23
      vertex -12.9099 -1.52799 28.5
    endloop
  endfacet
  facet normal -0.943475 -0.130425 0.304705
    outer loop
      vertex -12.0498 -1.9085 31
      vertex -12.1154 -1.43396 31
      vertex -12.8399 -2.03365 28.5
    endloop
  endfacet
  facet normal -0.943439 -0.130603 0.304737
    outer loop
      vertex -12.8399 -2.03365 28.5
      vertex -12.1154 -1.43396 31
      vertex -12.9099 -1.52799 28.5
    endloop
  endfacet
  facet normal -0.784372 -0.108487 0.61073
    outer loop
      vertex -9.38304 -1.48613 34.5
      vertex -9.43415 -1.1166 34.5
      vertex -12.0498 -1.9085 31
    endloop
  endfacet
  facet normal -0.784383 -0.108432 0.610725
    outer loop
      vertex -12.0498 -1.9085 31
      vertex -9.43415 -1.1166 34.5
      vertex -12.1154 -1.43396 31
    endloop
  endfacet
  facet normal -0.7925 -0.10965 -0.599933
    outer loop
      vertex -9.38304 -1.48613 34.5
      vertex -10.8646 -1.72078 36.5
      vertex -10.9238 -1.29291 36.5
    endloop
  endfacet
  facet normal -0.792502 -0.109612 -0.599938
    outer loop
      vertex -9.43415 -1.1166 34.5
      vertex -9.38304 -1.48613 34.5
      vertex -10.9238 -1.29291 36.5
    endloop
  endfacet
  facet normal -0.655454 -0.0907552 -0.749762
    outer loop
      vertex -10.8646 -1.72078 36.5
      vertex -12.5436 -1.98672 38
      vertex -12.612 -1.49272 38
    endloop
  endfacet
  facet normal -0.655453 -0.0906884 -0.749771
    outer loop
      vertex -10.9238 -1.29291 36.5
      vertex -10.8646 -1.72078 36.5
      vertex -12.612 -1.49272 38
    endloop
  endfacet
  facet normal -0.700469 -0.09699 0.707061
    outer loop
      vertex -13.3338 -2.11187 44.2
      vertex -12.5436 -1.98672 45
      vertex -12.612 -1.49273 45
    endloop
  endfacet
  facet normal -0.700536 -0.0968519 0.707014
    outer loop
      vertex -12.612 -1.49273 45
      vertex -13.4064 -1.58675 44.2
      vertex -13.3338 -2.11187 44.2
    endloop
  endfacet
  facet normal -0.990577 -0.136953 0
    outer loop
      vertex -17.7784 -2.81582 0
      vertex -17.8752 -2.11567 1.5
      vertex -17.8752 -2.11567 0
    endloop
  endfacet
  facet normal -0.990577 -0.136953 0
    outer loop
      vertex -17.8752 -2.11567 1.5
      vertex -17.7784 -2.81582 0
      vertex -17.7784 -2.81582 1.5
    endloop
  endfacet
  facet normal -0.665839 -0.0655476 0.74321
    outer loop
      vertex -16.8822 -1.99814 2.39999
      vertex -16.9476 -1.3338 2.39999
      vertex -17.8752 -2.11567 1.5
    endloop
  endfacet
  facet normal -0.665815 -0.0655961 0.743228
    outer loop
      vertex -17.8752 -2.11567 1.5
      vertex -16.9476 -1.3338 2.39999
      vertex -17.9445 -1.41226 1.5
    endloop
  endfacet
  facet normal -0.985725 -0.0970744 0.13756
    outer loop
      vertex -16.3856 -1.93937 6
      vertex -16.4491 -1.29457 6
      vertex -16.8822 -1.99814 2.39999
    endloop
  endfacet
  facet normal -0.985729 -0.0970387 0.137553
    outer loop
      vertex -16.8822 -1.99814 2.39999
      vertex -16.4491 -1.29457 6
      vertex -16.9476 -1.3338 2.39999
    endloop
  endfacet
  facet normal -0.828114 -0.0815251 0.5546
    outer loop
      vertex -15.5912 -1.84534 7.2
      vertex -15.6516 -1.23181 7.2
      vertex -16.3856 -1.93937 6
    endloop
  endfacet
  facet normal -0.828105 -0.0815519 0.55461
    outer loop
      vertex -16.3856 -1.93937 6
      vertex -15.6516 -1.23181 7.2
      vertex -16.4491 -1.29457 6
    endloop
  endfacet
  facet normal -0.851849 -0.0837885 0.517042
    outer loop
      vertex -12.7113 -1.50448 12
      vertex -12.7605 -1.00428 12
      vertex -15.5912 -1.84534 7.2
    endloop
  endfacet
  facet normal -0.851838 -0.0838607 0.517048
    outer loop
      vertex -15.5912 -1.84534 7.2
      vertex -12.7605 -1.00428 12
      vertex -15.6516 -1.23181 7.2
    endloop
  endfacet
  facet normal -0.929274 -0.091496 0.357881
    outer loop
      vertex -10.4272 -1.23414 18
      vertex -10.4676 -0.82382 18
      vertex -12.7113 -1.50448 12
    endloop
  endfacet
  facet normal -0.929285 -0.0914051 0.357875
    outer loop
      vertex -12.7113 -1.50448 12
      vertex -10.4676 -0.82382 18
      vertex -12.7605 -1.00428 12
    endloop
  endfacet
  facet normal -0.967721 -0.0952442 -0.233333
    outer loop
      vertex -10.4272 -1.23414 18
      vertex -11.6189 -1.37519 23
      vertex -11.6639 -0.917971 23
    endloop
  endfacet
  facet normal -0.967718 -0.0952813 -0.23333
    outer loop
      vertex -10.4676 -0.82382 18
      vertex -10.4272 -1.23414 18
      vertex -11.6639 -0.917971 23
    endloop
  endfacet
  facet normal -0.968515 -0.0953225 -0.229985
    outer loop
      vertex -11.6189 -1.37519 23
      vertex -12.9099 -1.52799 28.5
      vertex -12.9599 -1.01997 28.5
    endloop
  endfacet
  facet normal -0.968515 -0.0953223 -0.229985
    outer loop
      vertex -11.6639 -0.917971 23
      vertex -11.6189 -1.37519 23
      vertex -12.9599 -1.01997 28.5
    endloop
  endfacet
  facet normal -0.947841 -0.0934402 0.304738
    outer loop
      vertex -12.1154 -1.43396 31
      vertex -12.1624 -0.9572 31
      vertex -12.9099 -1.52799 28.5
    endloop
  endfacet
  facet normal -0.947865 -0.0932901 0.304711
    outer loop
      vertex -12.9099 -1.52799 28.5
      vertex -12.1624 -0.9572 31
      vertex -12.9599 -1.01997 28.5
    endloop
  endfacet
  facet normal -0.788031 -0.0776061 0.610725
    outer loop
      vertex -9.43415 -1.1166 34.5
      vertex -9.47071 -0.745361 34.5
      vertex -12.1154 -1.43396 31
    endloop
  endfacet
  facet normal -0.788018 -0.0776845 0.610731
    outer loop
      vertex -12.1154 -1.43396 31
      vertex -9.47071 -0.745361 34.5
      vertex -12.1624 -0.9572 31
    endloop
  endfacet
  facet normal -0.796201 -0.0783495 -0.599937
    outer loop
      vertex -9.43415 -1.1166 34.5
      vertex -10.9238 -1.29291 36.5
      vertex -10.9661 -0.86305 36.5
    endloop
  endfacet
  facet normal -0.796201 -0.0784107 -0.59993
    outer loop
      vertex -9.47071 -0.745361 34.5
      vertex -9.43415 -1.1166 34.5
      vertex -10.9661 -0.86305 36.5
    endloop
  endfacet
  facet normal -0.658522 -0.0647521 -0.74977
    outer loop
      vertex -10.9238 -1.29291 36.5
      vertex -12.612 -1.49272 38
      vertex -12.6608 -0.996429 38
    endloop
  endfacet
  facet normal -0.658525 -0.0648016 -0.749764
    outer loop
      vertex -10.9661 -0.86305 36.5
      vertex -10.9238 -1.29291 36.5
      vertex -12.6608 -0.996429 38
    endloop
  endfacet
  facet normal -0.703791 -0.0693461 0.707015
    outer loop
      vertex -13.4064 -1.58675 44.2
      vertex -12.612 -1.49272 45
      vertex -12.6609 -0.996436 45
    endloop
  endfacet
  facet normal -0.709586 0 0.704619
    outer loop
      vertex -12.612 -1.49272 45
      vertex -13.4064 -1.58675 44.2
      vertex -12.612 -1.49273 45
    endloop
  endfacet
  facet normal 0 0 0
    outer loop
      vertex -12.6609 -0.99643 45
      vertex -12.6609 -0.996436 45
      vertex -12.6609 -0.996431 45
    endloop
  endfacet
  facet normal -0.708212 0 0.705999
    outer loop
      vertex -13.4584 -1.0592 44.2
      vertex -12.6609 -0.996436 45
      vertex -12.6609 -0.99643 45
    endloop
  endfacet
  facet normal -0.70378 -0.0693708 0.707023
    outer loop
      vertex -12.6609 -0.996436 45
      vertex -13.4584 -1.0592 44.2
      vertex -13.4064 -1.58675 44.2
    endloop
  endfacet
  facet normal -0.995182 -0.0980454 0
    outer loop
      vertex -17.8752 -2.11567 0
      vertex -17.9445 -1.41226 1.5
      vertex -17.9445 -1.41226 0
    endloop
  endfacet
  facet normal -0.995182 -0.0980454 0
    outer loop
      vertex -17.9445 -1.41226 1.5
      vertex -17.8752 -2.11567 0
      vertex -17.8752 -2.11567 1.5
    endloop
  endfacet
  facet normal -0.667878 -0.0393882 0.743228
    outer loop
      vertex -16.9476 -1.3338 2.39999
      vertex -16.9869 -0.667417 2.39999
      vertex -17.9445 -1.41226 1.5
    endloop
  endfacet
  facet normal -0.667883 -0.0393772 0.743224
    outer loop
      vertex -17.9445 -1.41226 1.5
      vertex -16.9869 -0.667417 2.39999
      vertex -17.9861 -0.706676 1.5
    endloop
  endfacet
  facet normal -0.988771 -0.0583983 0.137553
    outer loop
      vertex -16.4491 -1.29457 6
      vertex -16.4873 -0.647786 6
      vertex -16.9476 -1.3338 2.39999
    endloop
  endfacet
  facet normal -0.988778 -0.0583133 0.137538
    outer loop
      vertex -16.9476 -1.3338 2.39999
      vertex -16.4873 -0.647786 6
      vertex -16.9869 -0.667417 2.39999
    endloop
  endfacet
  facet normal -0.830667 -0.0489953 0.55461
    outer loop
      vertex -15.6516 -1.23181 7.2
      vertex -15.6879 -0.616379 7.2
      vertex -16.4491 -1.29457 6
    endloop
  endfacet
  facet normal -0.830647 -0.0490592 0.554634
    outer loop
      vertex -16.4491 -1.29457 6
      vertex -15.6879 -0.616379 7.2
      vertex -16.4873 -0.647786 6
    endloop
  endfacet
  facet normal -0.854471 -0.0504076 0.517048
    outer loop
      vertex -12.7605 -1.00428 12
      vertex -12.7901 -0.502524 12
      vertex -15.6516 -1.23181 7.2
    endloop
  endfacet
  facet normal -0.854472 -0.0503994 0.517047
    outer loop
      vertex -15.6516 -1.23181 7.2
      vertex -12.7901 -0.502524 12
      vertex -15.6879 -0.616379 7.2
    endloop
  endfacet
  facet normal -0.932146 -0.055033 0.357875
    outer loop
      vertex -10.4676 -0.82382 18
      vertex -10.4919 -0.412228 18
      vertex -12.7605 -1.00428 12
    endloop
  endfacet
  facet normal -0.93215 -0.0549902 0.357872
    outer loop
      vertex -12.7605 -1.00428 12
      vertex -10.4919 -0.412228 18
      vertex -12.7901 -0.502524 12
    endloop
  endfacet
  facet normal -0.970704 -0.0573577 -0.233331
    outer loop
      vertex -10.4676 -0.82382 18
      vertex -11.6639 -0.917971 23
      vertex -11.691 -0.459339 23
    endloop
  endfacet
  facet normal -0.970706 -0.0573096 -0.233335
    outer loop
      vertex -10.4919 -0.412228 18
      vertex -10.4676 -0.82382 18
      vertex -11.691 -0.459339 23
    endloop
  endfacet
  facet normal -0.971501 -0.0573834 -0.229985
    outer loop
      vertex -11.6639 -0.917971 23
      vertex -12.9599 -1.01997 28.5
      vertex -12.99 -0.510377 28.5
    endloop
  endfacet
  facet normal -0.9715 -0.0574047 -0.229983
    outer loop
      vertex -11.691 -0.459339 23
      vertex -11.6639 -0.917971 23
      vertex -12.99 -0.510377 28.5
    endloop
  endfacet
  facet normal -0.950793 -0.0560659 0.304711
    outer loop
      vertex -12.1624 -0.9572 31
      vertex -12.1906 -0.47897 31
      vertex -12.9599 -1.01997 28.5
    endloop
  endfacet
  facet normal -0.950782 -0.0561596 0.304728
    outer loop
      vertex -12.9599 -1.01997 28.5
      vertex -12.1906 -0.47897 31
      vertex -12.99 -0.510377 28.5
    endloop
  endfacet
  facet normal -0.790463 -0.0466348 0.610732
    outer loop
      vertex -9.47071 -0.745361 34.5
      vertex -9.49268 -0.372968 34.5
      vertex -12.1624 -0.9572 31
    endloop
  endfacet
  facet normal -0.790466 -0.0466118 0.61073
    outer loop
      vertex -12.1624 -0.9572 31
      vertex -9.49268 -0.372968 34.5
      vertex -12.1906 -0.47897 31
    endloop
  endfacet
  facet normal -0.798669 -0.0470466 -0.599929
    outer loop
      vertex -9.47071 -0.745361 34.5
      vertex -10.9661 -0.86305 36.5
      vertex -10.9915 -0.431857 36.5
    endloop
  endfacet
  facet normal -0.798671 -0.0471191 -0.59992
    outer loop
      vertex -9.49268 -0.372968 34.5
      vertex -9.47071 -0.745361 34.5
      vertex -10.9915 -0.431857 36.5
    endloop
  endfacet
  facet normal -0.660555 -0.0390099 -0.749764
    outer loop
      vertex -10.9661 -0.86305 36.5
      vertex -12.6608 -0.996429 38
      vertex -12.6902 -0.498599 38
    endloop
  endfacet
  facet normal -0.660545 -0.0389103 -0.749777
    outer loop
      vertex -10.9915 -0.431857 36.5
      vertex -10.9661 -0.86305 36.5
      vertex -12.6902 -0.498599 38
    endloop
  endfacet
  facet normal -0.705969 -0.0415505 0.707023
    outer loop
      vertex -12.6609 -0.99643 45
      vertex -12.6902 -0.498605 45
      vertex -13.4584 -1.0592 44.2
    endloop
  endfacet
  facet normal 0 0 0
    outer loop
      vertex -12.6902 -0.498599 45
      vertex -12.6902 -0.498605 45
      vertex -12.6902 -0.498603 45
    endloop
  endfacet
  facet normal -0.707372 0 0.706841
    outer loop
      vertex -13.4896 -0.530007 44.2
      vertex -12.6902 -0.498605 45
      vertex -12.6902 -0.498599 45
    endloop
  endfacet
  facet normal -0.705942 -0.0416207 0.707046
    outer loop
      vertex -12.6902 -0.498605 45
      vertex -13.4896 -0.530007 44.2
      vertex -13.4584 -1.0592 44.2
    endloop
  endfacet
  facet normal -0.998266 -0.058856 0
    outer loop
      vertex -17.9445 -1.41226 0
      vertex -17.9861 -0.706676 1.5
      vertex -17.9861 -0.706676 0
    endloop
  endfacet
  facet normal -0.998266 -0.058856 0
    outer loop
      vertex -17.9861 -0.706676 1.5
      vertex -17.9445 -1.41226 0
      vertex -17.9445 -1.41226 1.5
    endloop
  endfacet
  facet normal -0.668914 -0.0131294 0.743224
    outer loop
      vertex -16.9869 -0.667417 2.39999
      vertex -17 0 2.39999
      vertex -17.9861 -0.706676 1.5
    endloop
  endfacet
  facet normal -0.668903 -0.013157 0.743234
    outer loop
      vertex -17.9861 -0.706676 1.5
      vertex -17 0 2.39999
      vertex -18 0 1.5
    endloop
  endfacet
  facet normal -0.990306 -0.0194152 0.137538
    outer loop
      vertex -16.4873 -0.647786 6
      vertex -16.5 0 6
      vertex -16.9869 -0.667417 2.39999
    endloop
  endfacet
  facet normal -0.990305 -0.0194376 0.137542
    outer loop
      vertex -16.9869 -0.667417 2.39999
      vertex -16.5 0 6
      vertex -17 0 2.39999
    endloop
  endfacet
  facet normal -0.831934 -0.0163315 0.554634
    outer loop
      vertex -15.6879 -0.616379 7.2
      vertex -15.7 0 7.2
      vertex -16.4873 -0.647786 6
    endloop
  endfacet
  facet normal -0.83194 -0.0163104 0.554626
    outer loop
      vertex -16.4873 -0.647786 6
      vertex -15.7 0 7.2
      vertex -16.5 0 6
    endloop
  endfacet
  facet normal -0.85579 -0.0168595 0.517048
    outer loop
      vertex -12.7901 -0.502524 12
      vertex -12.8 0 12
      vertex -15.6879 -0.616379 7.2
    endloop
  endfacet
  facet normal -0.855795 -0.0167999 0.517043
    outer loop
      vertex -15.6879 -0.616379 7.2
      vertex -12.8 0 12
      vertex -15.7 0 7.2
    endloop
  endfacet
  facet normal -0.93359 -0.0183444 0.357872
    outer loop
      vertex -10.4919 -0.412228 18
      vertex -10.5 0 18
      vertex -12.7901 -0.502524 12
    endloop
  endfacet
  facet normal -0.933588 -0.0183922 0.357875
    outer loop
      vertex -12.7901 -0.502524 12
      vertex -10.5 0 18
      vertex -12.8 0 12
    endloop
  endfacet
  facet normal -0.97221 -0.0190489 -0.233335
    outer loop
      vertex -10.4919 -0.412228 18
      vertex -11.691 -0.459339 23
      vertex -11.7 0 23
    endloop
  endfacet
  facet normal -0.97221 -0.0191033 -0.23333
    outer loop
      vertex -10.5 0 18
      vertex -10.4919 -0.412228 18
      vertex -11.7 0 23
    endloop
  endfacet
  facet normal -0.973008 -0.0190645 -0.229984
    outer loop
      vertex -11.691 -0.459339 23
      vertex -12.99 -0.510377 28.5
      vertex -13 0 28.5
    endloop
  endfacet
  facet normal -0.973008 -0.0190645 -0.229984
    outer loop
      vertex -11.7 0 23
      vertex -11.691 -0.459339 23
      vertex -13 0 28.5
    endloop
  endfacet
  facet normal -0.952256 -0.0186884 0.304728
    outer loop
      vertex -12.1906 -0.47897 31
      vertex -12.2 0 31
      vertex -12.99 -0.510377 28.5
    endloop
  endfacet
  facet normal -0.952258 -0.0186579 0.304723
    outer loop
      vertex -12.99 -0.510377 28.5
      vertex -12.2 0 31
      vertex -13 0 28.5
    endloop
  endfacet
  facet normal -0.791687 -0.0155379 0.61073
    outer loop
      vertex -9.49268 -0.372968 34.5
      vertex -9.5 0 34.5
      vertex -12.1906 -0.47897 31
    endloop
  endfacet
  facet normal -0.791687 -0.0155372 0.61073
    outer loop
      vertex -12.1906 -0.47897 31
      vertex -9.5 0 34.5
      vertex -12.2 0 31
    endloop
  endfacet
  facet normal -0.799905 -0.0157441 -0.59992
    outer loop
      vertex -9.49268 -0.372968 34.5
      vertex -10.9915 -0.431857 36.5
      vertex -11 0 36.5
    endloop
  endfacet
  facet normal -0.799901 -0.0156991 -0.599926
    outer loop
      vertex -9.5 0 34.5
      vertex -9.49268 -0.372968 34.5
      vertex -11 0 36.5
    endloop
  endfacet
  facet normal -0.661563 -0.0130031 -0.749777
    outer loop
      vertex -10.9915 -0.431857 36.5
      vertex -12.6902 -0.498599 38
      vertex -12.7 0 38
    endloop
  endfacet
  facet normal -0.661566 -0.0130212 -0.749774
    outer loop
      vertex -11 0 36.5
      vertex -10.9915 -0.431857 36.5
      vertex -12.7 0 38
    endloop
  endfacet
  facet normal -0.707031 -0.013897 0.707046
    outer loop
      vertex -13.4896 -0.530007 44.2
      vertex -12.6902 -0.498595 45
      vertex -12.7 -5.68634e-06 45
    endloop
  endfacet
  facet normal -0.707372 0 0.706841
    outer loop
      vertex -12.6902 -0.498595 45
      vertex -13.4896 -0.530007 44.2
      vertex -12.6902 -0.498599 45
    endloop
  endfacet
  facet normal -0.707107 0 0.707107
    outer loop
      vertex -13.5 0 44.2
      vertex -12.7 -5.68634e-06 45
      vertex -12.7 0 45
    endloop
  endfacet
  facet normal -0.707039 -0.0138738 0.707039
    outer loop
      vertex -12.7 -5.68634e-06 45
      vertex -13.5 0 44.2
      vertex -13.4896 -0.530007 44.2
    endloop
  endfacet
  facet normal -0.999807 -0.0196657 0
    outer loop
      vertex -17.9861 -0.706676 0
      vertex -18 0 1.5
      vertex -18 0 0
    endloop
  endfacet
  facet normal -0.999807 -0.0196657 0
    outer loop
      vertex -18 0 1.5
      vertex -17.9861 -0.706676 0
      vertex -17.9861 -0.706676 1.5
    endloop
  endfacet
  facet normal 0 0 1
    outer loop
      vertex 4.86008 -11.7333 45
      vertex 4.86009 -11.7333 45
      vertex 5.31698 -11.5334 45
    endloop
  endfacet
  facet normal 0 0 -1
    outer loop
      vertex 12.6902 0.498599 45
      vertex 12.7 5.68634e-06 45
      vertex 12.6902 0.498595 45
    endloop
  endfacet
  facet normal 0 -0 1
    outer loop
      vertex 12.7 0 45
      vertex 12.7 5.68634e-06 45
      vertex 12.6902 0.498599 45
    endloop
  endfacet
  facet normal 0 0 1
    outer loop
      vertex 8.24799 -9.65716 45
      vertex 8.248 -9.65716 45
      vertex 8.62077 -9.3259 45
    endloop
  endfacet
  facet normal 0 -0 1
    outer loop
      vertex 12.612 1.49272 45
      vertex 12.612 1.49273 45
      vertex 12.5436 1.98672 45
    endloop
  endfacet
  facet normal 0 0 -1
    outer loop
      vertex -12.612 1.49273 45
      vertex -12.5436 1.98672 45
      vertex -12.5436 1.98671 45
    endloop
  endfacet
  facet normal 0 0 1
    outer loop
      vertex -12.5436 1.98672 45
      vertex -12.612 1.49273 45
      vertex -12.612 1.49272 45
    endloop
  endfacet
  facet normal 0 0 1
    outer loop
      vertex -12.2072 3.5 45
      vertex -12.2232 3.4473 45
      vertex -12.2232 3.44729 45
    endloop
  endfacet
  facet normal 0 0 1
    outer loop
      vertex 12.6608 0.99643 45
      vertex 12.6609 0.99643 45
      vertex 12.6609 0.996431 45
    endloop
  endfacet
  facet normal -0 0 1
    outer loop
      vertex 12.6608 0.99643 45
      vertex 12.6902 0.498605 45
      vertex 12.6609 0.99643 45
    endloop
  endfacet
  facet normal 0 -0 1
    outer loop
      vertex 12.6902 0.498599 45
      vertex 12.6902 0.498605 45
      vertex 12.6608 0.99643 45
    endloop
  endfacet
  facet normal 0 0 0
    outer loop
      vertex 12.6902 0.498605 45
      vertex 12.6902 0.498599 45
      vertex 12.6902 0.498603 45
    endloop
  endfacet
  facet normal 0 0 1
    outer loop
      vertex -3.44729 12.2232 45
      vertex -3.4473 12.2232 45
      vertex -3.92452 12.0784 45
    endloop
  endfacet
  facet normal 0 0 1
    outer loop
      vertex -12.6609 0.99643 45
      vertex -12.6608 0.99643 45
      vertex -12.6609 0.996431 45
    endloop
  endfacet
  facet normal 0 0 1
    outer loop
      vertex -12.6609 0.996424 45
      vertex -12.6608 0.99643 45
      vertex -12.6609 0.99643 45
    endloop
  endfacet
  facet normal 0 0 1
    outer loop
      vertex -12.6902 0.498599 45
      vertex -12.6609 0.996424 45
      vertex -12.6902 0.498603 45
    endloop
  endfacet
  facet normal -0 0 1
    outer loop
      vertex -12.6609 0.996424 45
      vertex -12.6902 0.498599 45
      vertex -12.6608 0.99643 45
    endloop
  endfacet
  facet normal -0 0 1
    outer loop
      vertex -12.612 -1.49273 45
      vertex -12.5436 -1.98672 45
      vertex -12.612 -1.49272 45
    endloop
  endfacet
  facet normal 0 0 1
    outer loop
      vertex 8.98026 -8.98026 45
      vertex 8.98027 -8.98026 45
      vertex 9.13393 -8.82043 45
    endloop
  endfacet
  facet normal 0 -0 1
    outer loop
      vertex 12.6608 0.99643 45
      vertex 12.6609 0.996436 45
      vertex 12.612 1.49272 45
    endloop
  endfacet
  facet normal 0 0 1
    outer loop
      vertex 12.6609 0.996436 45
      vertex 12.6608 0.99643 45
      vertex 12.6609 0.996431 45
    endloop
  endfacet
  facet normal 0 0 1
    outer loop
      vertex 5.76568 -11.3158 45
      vertex 5.76569 -11.3158 45
      vertex 6.20549 -11.0807 45
    endloop
  endfacet
  facet normal 0 0 -1
    outer loop
      vertex 3.4473 12.2232 45
      vertex 3.92452 12.0784 45
      vertex 3.92451 12.0784 45
    endloop
  endfacet
  facet normal 0 0 1
    outer loop
      vertex 3.92452 12.0784 45
      vertex 3.4473 12.2232 45
      vertex 3.44729 12.2232 45
    endloop
  endfacet
  facet normal 0 -0 1
    outer loop
      vertex 12.2232 3.44729 45
      vertex 12.2232 3.4473 45
      vertex 12.2072 3.5 45
    endloop
  endfacet
  facet normal 0 0 -1
    outer loop
      vertex -5.31698 -11.5334 45
      vertex -5.31697 -11.5334 45
      vertex -4.86008 -11.7333 45
    endloop
  endfacet
  facet normal 0 0 -1
    outer loop
      vertex -4.39569 -11.915 45
      vertex -4.39568 -11.915 45
      vertex -3.92452 -12.0784 45
    endloop
  endfacet
  facet normal 0 0 -1
    outer loop
      vertex 12.456 -2.47765 45
      vertex 12.456 -2.47764 45
      vertex 12.5436 -1.98672 45
    endloop
  endfacet
  facet normal 0 0 1
    outer loop
      vertex -6.63573 10.8285 45
      vertex -6.63574 10.8285 45
      vertex -7.05574 10.5597 45
    endloop
  endfacet
  facet normal -0 0 1
    outer loop
      vertex 7.86249 -9.97352 45
      vertex 7.8625 -9.97353 45
      vertex 8.24799 -9.65716 45
    endloop
  endfacet
  facet normal 0 0 -1
    outer loop
      vertex -12.456 -2.47765 45
      vertex -12.5436 -1.98672 45
      vertex -12.456 -2.47764 45
    endloop
  endfacet
  facet normal 0 0 1
    outer loop
      vertex -8.24799 -9.65716 45
      vertex -7.8625 -9.97353 45
      vertex -7.86249 -9.97352 45
    endloop
  endfacet
  facet normal 0 0 1
    outer loop
      vertex 12.5436 -1.98672 45
      vertex 12.612 -1.49273 45
      vertex 12.612 -1.49272 45
    endloop
  endfacet
  facet normal 0 0 -1
    outer loop
      vertex 12.612 -1.49273 45
      vertex 12.5436 -1.98672 45
      vertex 12.5436 -1.98671 45
    endloop
  endfacet
  facet normal 0 0 1
    outer loop
      vertex -12.6609 -0.996436 45
      vertex -12.6608 -0.99643 45
      vertex -12.6609 -0.996431 45
    endloop
  endfacet
  facet normal -0 0 1
    outer loop
      vertex -12.6609 -0.996436 45
      vertex -12.612 -1.49272 45
      vertex -12.6608 -0.99643 45
    endloop
  endfacet
  facet normal 0 0 -1
    outer loop
      vertex 12.456 -2.47765 45
      vertex 12.3491 -2.96476 45
      vertex 12.3491 -2.96475 45
    endloop
  endfacet
  facet normal 0 0 1
    outer loop
      vertex -4.86008 11.7333 45
      vertex -4.86009 11.7333 45
      vertex -5.31698 11.5334 45
    endloop
  endfacet
  facet normal 0 0 1
    outer loop
      vertex 7.46487 10.2745 45
      vertex 7.05575 10.5597 45
      vertex 7.05574 10.5597 45
    endloop
  endfacet
  facet normal 0 -0 1
    outer loop
      vertex -12.6608 0.99643 45
      vertex -12.612 1.49272 45
      vertex -12.6609 0.996431 45
    endloop
  endfacet
  facet normal 0 0 1
    outer loop
      vertex 6.63573 -10.8285 45
      vertex 6.63574 -10.8285 45
      vertex 7.05574 -10.5597 45
    endloop
  endfacet
  facet normal 0 -0 1
    outer loop
      vertex 8.98026 8.98026 45
      vertex 8.98026 8.98027 45
      vertex 8.62077 9.3259 45
    endloop
  endfacet
  facet normal 0 0 -1
    outer loop
      vertex -3.4473 -12.2232 45
      vertex -3.92452 -12.0784 45
      vertex -3.92451 -12.0784 45
    endloop
  endfacet
  facet normal 0 0 1
    outer loop
      vertex -3.92452 -12.0784 45
      vertex -3.4473 -12.2232 45
      vertex -3.44729 -12.2232 45
    endloop
  endfacet
  facet normal 0 0 1
    outer loop
      vertex 6.63573 10.8285 45
      vertex 6.2055 11.0807 45
      vertex 6.20549 11.0807 45
    endloop
  endfacet
  facet normal 0 0 1
    outer loop
      vertex 3.44729 -12.2232 45
      vertex 3.4473 -12.2232 45
      vertex 3.92452 -12.0784 45
    endloop
  endfacet
  facet normal 0 0 0
    outer loop
      vertex -12.6902 -0.498605 45
      vertex -12.6902 -0.498599 45
      vertex -12.6902 -0.498603 45
    endloop
  endfacet
  facet normal 0 0 1
    outer loop
      vertex -12.6608 -0.99643 45
      vertex -12.6902 -0.498605 45
      vertex -12.6609 -0.99643 45
    endloop
  endfacet
  facet normal -0 0 1
    outer loop
      vertex -12.6902 -0.498605 45
      vertex -12.6608 -0.99643 45
      vertex -12.6902 -0.498599 45
    endloop
  endfacet
  facet normal 0 0 1
    outer loop
      vertex -12.6608 -0.99643 45
      vertex -12.6609 -0.99643 45
      vertex -12.6609 -0.996431 45
    endloop
  endfacet
  facet normal 0 0 -1
    outer loop
      vertex -12.6902 -0.498599 45
      vertex -12.7 -5.68634e-06 45
      vertex -12.6902 -0.498595 45
    endloop
  endfacet
  facet normal -0 0 1
    outer loop
      vertex -12.7 -5.68634e-06 45
      vertex -12.6902 -0.498599 45
      vertex -12.7 0 45
    endloop
  endfacet
  facet normal 0 -0 1
    outer loop
      vertex -7.86249 -9.97353 45
      vertex -7.86249 -9.97352 45
      vertex -7.8625 -9.97353 45
    endloop
  endfacet
  facet normal 0 0 1
    outer loop
      vertex -7.46488 -10.2745 45
      vertex -7.86249 -9.97352 45
      vertex -7.86249 -9.97353 45
    endloop
  endfacet
  facet normal 0 0 1
    outer loop
      vertex -7.86249 -9.97352 45
      vertex -7.46488 -10.2745 45
      vertex -7.46487 -10.2745 45
    endloop
  endfacet
  facet normal 0 0 0
    outer loop
      vertex -12.6902 0.498594 45
      vertex -12.6902 0.498599 45
      vertex -12.6902 0.498595 45
    endloop
  endfacet
  facet normal -0 0 -1
    outer loop
      vertex -12.6902 0.498594 45
      vertex -12.7 0 45
      vertex -12.6902 0.498599 45
    endloop
  endfacet
  facet normal 0 0 1
    outer loop
      vertex -7.86249 9.97352 45
      vertex -7.8625 9.97353 45
      vertex -8.24799 9.65716 45
    endloop
  endfacet
  facet normal 0 -0 1
    outer loop
      vertex 7.05575 -10.5597 45
      vertex 7.46487 -10.2745 45
      vertex 7.05574 -10.5597 45
    endloop
  endfacet
  facet normal -0 0 1
    outer loop
      vertex 7.46487 -10.2745 45
      vertex 7.05575 -10.5597 45
      vertex 7.46488 -10.2745 45
    endloop
  endfacet
  facet normal -0 0 1
    outer loop
      vertex -12.2232 -3.4473 45
      vertex -12.2072 -3.5 45
      vertex -12.2232 -3.44729 45
    endloop
  endfacet
  facet normal 0 0 1
    outer loop
      vertex 12.2072 -3.5 45
      vertex 12.2232 -3.4473 45
      vertex 12.2232 -3.44729 45
    endloop
  endfacet
  facet normal 0 0 -1
    outer loop
      vertex 12.6902 -0.498599 45
      vertex 12.6902 -0.498594 45
      vertex 12.7 0 45
    endloop
  endfacet
  facet normal 0 0 0
    outer loop
      vertex 12.6902 -0.498594 45
      vertex 12.6902 -0.498599 45
      vertex 12.6902 -0.498595 45
    endloop
  endfacet
  facet normal 0 0 1
    outer loop
      vertex -7.46487 -10.2745 45
      vertex -7.05575 -10.5597 45
      vertex -7.05574 -10.5597 45
    endloop
  endfacet
  facet normal 0 0 1
    outer loop
      vertex -7.46487 10.2745 45
      vertex -7.46488 10.2745 45
      vertex -7.86249 9.97352 45
    endloop
  endfacet
  facet normal -0 0 1
    outer loop
      vertex -7.8625 9.97353 45
      vertex -7.86249 9.97352 45
      vertex -7.46488 10.2745 45
    endloop
  endfacet
  facet normal -0 0 1
    outer loop
      vertex 8.98026 8.98026 45
      vertex 9.13393 8.82043 45
      vertex 8.98027 8.98026 45
    endloop
  endfacet
  facet normal 0 0 -1
    outer loop
      vertex -12.456 2.47765 45
      vertex -12.3491 2.96476 45
      vertex -12.3491 2.96475 45
    endloop
  endfacet
  facet normal 0 0 1
    outer loop
      vertex 8.24799 9.65716 45
      vertex 7.8625 9.97353 45
      vertex 7.86249 9.97352 45
    endloop
  endfacet
  facet normal 0 0 1
    outer loop
      vertex 6.20549 -11.0807 45
      vertex 6.2055 -11.0807 45
      vertex 6.63573 -10.8285 45
    endloop
  endfacet
  facet normal 0 0 1
    outer loop
      vertex -8.98026 -8.98026 45
      vertex -9.13393 -8.82043 45
      vertex -8.98027 -8.98026 45
    endloop
  endfacet
  facet normal 0 0 1
    outer loop
      vertex 7.46487 -10.2745 45
      vertex 7.46488 -10.2745 45
      vertex 7.86249 -9.97352 45
    endloop
  endfacet
  facet normal 0 0 1
    outer loop
      vertex 7.8625 -9.97353 45
      vertex 7.86249 -9.97352 45
      vertex 7.46488 -10.2745 45
    endloop
  endfacet
  facet normal -0 0 -1
    outer loop
      vertex -12.456 2.47764 45
      vertex -12.5436 1.98672 45
      vertex -12.456 2.47765 45
    endloop
  endfacet
  facet normal 0 0 -1
    outer loop
      vertex 4.39569 11.915 45
      vertex 4.39568 11.915 45
      vertex 3.92452 12.0784 45
    endloop
  endfacet
  facet normal 0 0 1
    outer loop
      vertex 12.6608 -0.99643 45
      vertex 12.612 -1.49272 45
      vertex 12.6609 -0.996431 45
    endloop
  endfacet
  facet normal 0 -0 1
    outer loop
      vertex 5.31699 -11.5334 45
      vertex 5.76568 -11.3158 45
      vertex 5.31698 -11.5334 45
    endloop
  endfacet
  facet normal 0 0 1
    outer loop
      vertex 8.62077 -9.3259 45
      vertex 8.62078 -9.3259 45
      vertex 8.98026 -8.98026 45
    endloop
  endfacet
  facet normal 0 0 1
    outer loop
      vertex 8.98026 -8.98026 45
      vertex 8.62078 -9.3259 45
      vertex 8.98026 -8.98027 45
    endloop
  endfacet
  facet normal -0 0 -1
    outer loop
      vertex 4.39569 -11.915 45
      vertex 3.92452 -12.0784 45
      vertex 4.39568 -11.915 45
    endloop
  endfacet
  facet normal -0 0 1
    outer loop
      vertex -7.05575 10.5597 45
      vertex -7.46487 10.2745 45
      vertex -7.05574 10.5597 45
    endloop
  endfacet
  facet normal 0 -0 1
    outer loop
      vertex -7.46487 10.2745 45
      vertex -7.05575 10.5597 45
      vertex -7.46488 10.2745 45
    endloop
  endfacet
  facet normal 0 0 -1
    outer loop
      vertex 5.31698 11.5334 45
      vertex 5.31697 11.5334 45
      vertex 4.86008 11.7333 45
    endloop
  endfacet
  facet normal 0 0 1
    outer loop
      vertex 12.6902 -0.498599 45
      vertex 12.6609 -0.996424 45
      vertex 12.6902 -0.498603 45
    endloop
  endfacet
  facet normal 0 0 1
    outer loop
      vertex 12.6608 -0.99643 45
      vertex 12.6609 -0.996424 45
      vertex 12.6902 -0.498599 45
    endloop
  endfacet
  facet normal 0 0 1
    outer loop
      vertex 12.6609 -0.996424 45
      vertex 12.6608 -0.99643 45
      vertex 12.6609 -0.99643 45
    endloop
  endfacet
  facet normal 0 0 1
    outer loop
      vertex 12.6609 -0.99643 45
      vertex 12.6608 -0.99643 45
      vertex 12.6609 -0.996431 45
    endloop
  endfacet
  facet normal 0 0 1
    outer loop
      vertex -9.13393 8.82043 45
      vertex -8.98026 8.98026 45
      vertex -8.98027 8.98026 45
    endloop
  endfacet
  facet normal 0 0 1
    outer loop
      vertex -8.62077 9.3259 45
      vertex -8.62078 9.3259 45
      vertex -8.98026 8.98026 45
    endloop
  endfacet
  facet normal 0 0 1
    outer loop
      vertex -8.98026 8.98026 45
      vertex -8.62078 9.3259 45
      vertex -8.98026 8.98027 45
    endloop
  endfacet
  facet normal 0 0 -1
    outer loop
      vertex -4.39569 11.915 45
      vertex -3.92452 12.0784 45
      vertex -4.39568 11.915 45
    endloop
  endfacet
  facet normal 0 0 1
    outer loop
      vertex -6.20549 11.0807 45
      vertex -6.2055 11.0807 45
      vertex -6.63573 10.8285 45
    endloop
  endfacet
  facet normal 0 0 1
    outer loop
      vertex -6.63573 -10.8285 45
      vertex -6.2055 -11.0807 45
      vertex -6.20549 -11.0807 45
    endloop
  endfacet
  facet normal -0 0 1
    outer loop
      vertex 7.86249 9.97353 45
      vertex 7.86249 9.97352 45
      vertex 7.8625 9.97353 45
    endloop
  endfacet
  facet normal 0 0 1
    outer loop
      vertex 7.46488 10.2745 45
      vertex 7.86249 9.97352 45
      vertex 7.86249 9.97353 45
    endloop
  endfacet
  facet normal 0 0 1
    outer loop
      vertex 7.86249 9.97352 45
      vertex 7.46488 10.2745 45
      vertex 7.46487 10.2745 45
    endloop
  endfacet
  facet normal 0 0 -1
    outer loop
      vertex 12.456 2.47765 45
      vertex 12.5436 1.98672 45
      vertex 12.456 2.47764 45
    endloop
  endfacet
  facet normal -0 0 1
    outer loop
      vertex -5.31699 11.5334 45
      vertex -5.76568 11.3158 45
      vertex -5.31698 11.5334 45
    endloop
  endfacet
  facet normal 0 0 1
    outer loop
      vertex -5.76568 11.3158 45
      vertex -5.76569 11.3158 45
      vertex -6.20549 11.0807 45
    endloop
  endfacet
  facet normal -0 0 1
    outer loop
      vertex -8.248 9.65716 45
      vertex -8.62077 9.3259 45
      vertex -8.24799 9.65716 45
    endloop
  endfacet
  facet normal 0 0 1
    outer loop
      vertex -8.98026 -8.98026 45
      vertex -8.98026 -8.98027 45
      vertex -8.62077 -9.3259 45
    endloop
  endfacet
endsolid OpenSCAD_Model
