solid OpenSCAD_Model
  facet normal -1 0 0
    outer loop
      vertex 15.1 1.6 2
      vertex 15.1 38.1 60
      vertex 15.1 38.1 2
    endloop
  endfacet
  facet normal -1 -0 0
    outer loop
      vertex 15.1 38.1 60
      vertex 15.1 1.6 2
      vertex 15.1 1.6 60
    endloop
  endfacet
  facet normal 0 0 1
    outer loop
      vertex 15.1 38.1 2
      vertex 14.35 19.85 2
      vertex 15.1 1.6 2
    endloop
  endfacet
  facet normal 0 0 1
    outer loop
      vertex 15.1 38.1 2
      vertex 14.3171 20.4772 2
      vertex 14.35 19.85 2
    endloop
  endfacet
  facet normal 0 0 1
    outer loop
      vertex 15.1 38.1 2
      vertex 14.2189 21.0975 2
      vertex 14.3171 20.4772 2
    endloop
  endfacet
  facet normal 0 0 1
    outer loop
      vertex 15.1 38.1 2
      vertex 14.0563 21.7041 2
      vertex 14.2189 21.0975 2
    endloop
  endfacet
  facet normal 0 0 1
    outer loop
      vertex 15.1 38.1 2
      vertex 13.8313 22.2904 2
      vertex 14.0563 21.7041 2
    endloop
  endfacet
  facet normal 0 0 1
    outer loop
      vertex 15.1 38.1 2
      vertex 13.5462 22.85 2
      vertex 13.8313 22.2904 2
    endloop
  endfacet
  facet normal 0 0 1
    outer loop
      vertex 15.1 38.1 2
      vertex 13.2041 23.3767 2
      vertex 13.5462 22.85 2
    endloop
  endfacet
  facet normal 0 0 1
    outer loop
      vertex 15.1 38.1 2
      vertex 12.8089 23.8648 2
      vertex 13.2041 23.3767 2
    endloop
  endfacet
  facet normal 0 0 1
    outer loop
      vertex 15.1 38.1 2
      vertex 12.3648 24.3089 2
      vertex 12.8089 23.8648 2
    endloop
  endfacet
  facet normal 0 0 1
    outer loop
      vertex 15.1 38.1 2
      vertex 11.8767 24.7041 2
      vertex 12.3648 24.3089 2
    endloop
  endfacet
  facet normal 0 0 1
    outer loop
      vertex 15.1 38.1 2
      vertex 11.35 25.0462 2
      vertex 11.8767 24.7041 2
    endloop
  endfacet
  facet normal 0 0 1
    outer loop
      vertex 15.1 38.1 2
      vertex 10.7904 25.3313 2
      vertex 11.35 25.0462 2
    endloop
  endfacet
  facet normal 0 0 1
    outer loop
      vertex 15.1 38.1 2
      vertex 10.2041 25.5563 2
      vertex 10.7904 25.3313 2
    endloop
  endfacet
  facet normal 0 0 1
    outer loop
      vertex 15.1 38.1 2
      vertex 9.59747 25.7189 2
      vertex 10.2041 25.5563 2
    endloop
  endfacet
  facet normal 0 0 1
    outer loop
      vertex 15.1 38.1 2
      vertex 8.97717 25.8171 2
      vertex 9.59747 25.7189 2
    endloop
  endfacet
  facet normal 0 0 1
    outer loop
      vertex 15.1 38.1 2
      vertex 8.35 25.85 2
      vertex 8.97717 25.8171 2
    endloop
  endfacet
  facet normal -0 0 1
    outer loop
      vertex 1.6 38.1 2
      vertex 8.35 25.85 2
      vertex 15.1 38.1 2
    endloop
  endfacet
  facet normal 0 0 1
    outer loop
      vertex 8.35 25.85 2
      vertex 1.6 38.1 2
      vertex 7.72283 25.8171 2
    endloop
  endfacet
  facet normal 0 0 1
    outer loop
      vertex 7.72283 25.8171 2
      vertex 1.6 38.1 2
      vertex 7.10253 25.7189 2
    endloop
  endfacet
  facet normal 0 0 1
    outer loop
      vertex 7.10253 25.7189 2
      vertex 1.6 38.1 2
      vertex 6.4959 25.5563 2
    endloop
  endfacet
  facet normal 0 0 1
    outer loop
      vertex 6.4959 25.5563 2
      vertex 1.6 38.1 2
      vertex 5.90958 25.3313 2
    endloop
  endfacet
  facet normal 0 0 1
    outer loop
      vertex 5.90958 25.3313 2
      vertex 1.6 38.1 2
      vertex 5.35 25.0462 2
    endloop
  endfacet
  facet normal 0 0 1
    outer loop
      vertex 5.35 25.0462 2
      vertex 1.6 38.1 2
      vertex 4.82329 24.7041 2
    endloop
  endfacet
  facet normal 0 0 1
    outer loop
      vertex 4.82329 24.7041 2
      vertex 1.6 38.1 2
      vertex 4.33522 24.3089 2
    endloop
  endfacet
  facet normal 0 0 1
    outer loop
      vertex 4.33522 24.3089 2
      vertex 1.6 38.1 2
      vertex 3.89113 23.8648 2
    endloop
  endfacet
  facet normal 0 0 1
    outer loop
      vertex 2.38287 20.4772 2
      vertex 1.6 38.1 2
      vertex 2.35 19.85 2
    endloop
  endfacet
  facet normal 0 0 1
    outer loop
      vertex 2.48111 21.0975 2
      vertex 1.6 38.1 2
      vertex 2.38287 20.4772 2
    endloop
  endfacet
  facet normal 0 0 1
    outer loop
      vertex 2.64366 21.7041 2
      vertex 1.6 38.1 2
      vertex 2.48111 21.0975 2
    endloop
  endfacet
  facet normal 0 0 1
    outer loop
      vertex 2.86873 22.2904 2
      vertex 1.6 38.1 2
      vertex 2.64366 21.7041 2
    endloop
  endfacet
  facet normal 0 0 1
    outer loop
      vertex 3.15385 22.85 2
      vertex 1.6 38.1 2
      vertex 2.86873 22.2904 2
    endloop
  endfacet
  facet normal 0 0 1
    outer loop
      vertex 3.4959 23.3767 2
      vertex 1.6 38.1 2
      vertex 3.15385 22.85 2
    endloop
  endfacet
  facet normal 0 0 1
    outer loop
      vertex 3.89113 23.8648 2
      vertex 1.6 38.1 2
      vertex 3.4959 23.3767 2
    endloop
  endfacet
  facet normal -0 0 1
    outer loop
      vertex 14.3171 19.2228 2
      vertex 15.1 1.6 2
      vertex 14.35 19.85 2
    endloop
  endfacet
  facet normal -0 0 1
    outer loop
      vertex 14.2189 18.6025 2
      vertex 15.1 1.6 2
      vertex 14.3171 19.2228 2
    endloop
  endfacet
  facet normal -0 0 1
    outer loop
      vertex 14.0563 17.9959 2
      vertex 15.1 1.6 2
      vertex 14.2189 18.6025 2
    endloop
  endfacet
  facet normal -0 0 1
    outer loop
      vertex 13.8313 17.4096 2
      vertex 15.1 1.6 2
      vertex 14.0563 17.9959 2
    endloop
  endfacet
  facet normal -0 0 1
    outer loop
      vertex 13.5462 16.85 2
      vertex 15.1 1.6 2
      vertex 13.8313 17.4096 2
    endloop
  endfacet
  facet normal -0 0 1
    outer loop
      vertex 13.2041 16.3233 2
      vertex 15.1 1.6 2
      vertex 13.5462 16.85 2
    endloop
  endfacet
  facet normal -0 0 1
    outer loop
      vertex 12.8089 15.8352 2
      vertex 15.1 1.6 2
      vertex 13.2041 16.3233 2
    endloop
  endfacet
  facet normal -0 0 1
    outer loop
      vertex 12.3648 15.3911 2
      vertex 15.1 1.6 2
      vertex 12.8089 15.8352 2
    endloop
  endfacet
  facet normal -0 0 1
    outer loop
      vertex 11.8767 14.9959 2
      vertex 15.1 1.6 2
      vertex 12.3648 15.3911 2
    endloop
  endfacet
  facet normal -0 0 1
    outer loop
      vertex 11.35 14.6538 2
      vertex 15.1 1.6 2
      vertex 11.8767 14.9959 2
    endloop
  endfacet
  facet normal -0 0 1
    outer loop
      vertex 10.7904 14.3687 2
      vertex 15.1 1.6 2
      vertex 11.35 14.6538 2
    endloop
  endfacet
  facet normal -0 0 1
    outer loop
      vertex 10.2041 14.1437 2
      vertex 15.1 1.6 2
      vertex 10.7904 14.3687 2
    endloop
  endfacet
  facet normal -0 0 1
    outer loop
      vertex 9.59747 13.9811 2
      vertex 15.1 1.6 2
      vertex 10.2041 14.1437 2
    endloop
  endfacet
  facet normal -0 0 1
    outer loop
      vertex 8.97717 13.8829 2
      vertex 15.1 1.6 2
      vertex 9.59747 13.9811 2
    endloop
  endfacet
  facet normal -0 0 1
    outer loop
      vertex 8.35 13.85 2
      vertex 15.1 1.6 2
      vertex 8.97717 13.8829 2
    endloop
  endfacet
  facet normal 0 0 1
    outer loop
      vertex 1.6 1.6 2
      vertex 8.35 13.85 2
      vertex 7.72283 13.8829 2
    endloop
  endfacet
  facet normal 0 0 1
    outer loop
      vertex 1.6 1.6 2
      vertex 7.72283 13.8829 2
      vertex 7.10253 13.9811 2
    endloop
  endfacet
  facet normal 0 0 1
    outer loop
      vertex 1.6 1.6 2
      vertex 7.10253 13.9811 2
      vertex 6.4959 14.1437 2
    endloop
  endfacet
  facet normal 0 0 1
    outer loop
      vertex 1.6 1.6 2
      vertex 6.4959 14.1437 2
      vertex 5.90958 14.3687 2
    endloop
  endfacet
  facet normal 0 0 1
    outer loop
      vertex 1.6 1.6 2
      vertex 5.90958 14.3687 2
      vertex 5.35 14.6538 2
    endloop
  endfacet
  facet normal 0 0 1
    outer loop
      vertex 1.6 1.6 2
      vertex 5.35 14.6538 2
      vertex 4.82329 14.9959 2
    endloop
  endfacet
  facet normal 0 0 1
    outer loop
      vertex 1.6 1.6 2
      vertex 4.82329 14.9959 2
      vertex 4.33522 15.3911 2
    endloop
  endfacet
  facet normal 0 0 1
    outer loop
      vertex 1.6 1.6 2
      vertex 4.33522 15.3911 2
      vertex 3.89113 15.8352 2
    endloop
  endfacet
  facet normal 0 0 1
    outer loop
      vertex 1.6 1.6 2
      vertex 3.89113 15.8352 2
      vertex 3.4959 16.3233 2
    endloop
  endfacet
  facet normal 0 0 1
    outer loop
      vertex 8.35 13.85 2
      vertex 1.6 1.6 2
      vertex 15.1 1.6 2
    endloop
  endfacet
  facet normal 0 0 1
    outer loop
      vertex 3.15385 16.85 2
      vertex 1.6 1.6 2
      vertex 3.4959 16.3233 2
    endloop
  endfacet
  facet normal 0 0 1
    outer loop
      vertex 2.86873 17.4096 2
      vertex 1.6 1.6 2
      vertex 3.15385 16.85 2
    endloop
  endfacet
  facet normal 0 0 1
    outer loop
      vertex 2.64366 17.9959 2
      vertex 1.6 1.6 2
      vertex 2.86873 17.4096 2
    endloop
  endfacet
  facet normal 0 0 1
    outer loop
      vertex 2.48111 18.6025 2
      vertex 1.6 1.6 2
      vertex 2.64366 17.9959 2
    endloop
  endfacet
  facet normal 0 0 1
    outer loop
      vertex 2.38287 19.2228 2
      vertex 1.6 1.6 2
      vertex 2.48111 18.6025 2
    endloop
  endfacet
  facet normal 0 0 1
    outer loop
      vertex 2.35 19.85 2
      vertex 1.6 1.6 2
      vertex 2.38287 19.2228 2
    endloop
  endfacet
  facet normal 0 0 1
    outer loop
      vertex 1.6 1.6 2
      vertex 2.35 19.85 2
      vertex 1.6 38.1 2
    endloop
  endfacet
  facet normal 1 -0 0
    outer loop
      vertex 1.6 1.6 60
      vertex 1.6 38.1 2
      vertex 1.6 38.1 60
    endloop
  endfacet
  facet normal 1 0 0
    outer loop
      vertex 1.6 38.1 2
      vertex 1.6 1.6 60
      vertex 1.6 1.6 2
    endloop
  endfacet
  facet normal 0 1 -0
    outer loop
      vertex 12.4 38.1 60
      vertex 4.3 38.1 61
      vertex 12.4 38.1 61
    endloop
  endfacet
  facet normal 0 1 0
    outer loop
      vertex 4.3 38.1 61
      vertex 12.4 38.1 60
      vertex 4.3 38.1 60
    endloop
  endfacet
  facet normal 0 -1 0
    outer loop
      vertex 1.6 38.1 60
      vertex 3.3 38.1 45
      vertex 3.3 38.1 60
    endloop
  endfacet
  facet normal 0 -1 0
    outer loop
      vertex 1.6 38.1 2
      vertex 4.3 38.1 45
      vertex 3.3 38.1 45
    endloop
  endfacet
  facet normal 0 -1 -0
    outer loop
      vertex 4.3 38.1 45
      vertex 1.6 38.1 2
      vertex 12.4 38.1 45
    endloop
  endfacet
  facet normal 0 -1 0
    outer loop
      vertex 15.1 38.1 2
      vertex 12.4 38.1 45
      vertex 1.6 38.1 2
    endloop
  endfacet
  facet normal 0 -1 0
    outer loop
      vertex 1.6 38.1 2
      vertex 3.3 38.1 45
      vertex 1.6 38.1 60
    endloop
  endfacet
  facet normal 0 -1 0
    outer loop
      vertex 4.3 38.1 45
      vertex 12.4 38.1 58
      vertex 4.3 38.1 58
    endloop
  endfacet
  facet normal 0 -1 -0
    outer loop
      vertex 12.4 38.1 58
      vertex 4.3 38.1 45
      vertex 12.4 38.1 45
    endloop
  endfacet
  facet normal 0 -1 0
    outer loop
      vertex 13.4 38.1 45
      vertex 15.1 38.1 60
      vertex 13.4 38.1 60
    endloop
  endfacet
  facet normal 0 -1 0
    outer loop
      vertex 13.4 38.1 45
      vertex 15.1 38.1 2
      vertex 15.1 38.1 60
    endloop
  endfacet
  facet normal 0 -1 0
    outer loop
      vertex 12.4 38.1 45
      vertex 15.1 38.1 2
      vertex 13.4 38.1 45
    endloop
  endfacet
  facet normal 0 -1 0
    outer loop
      vertex 4.3 1.6 60
      vertex 12.4 1.6 61
      vertex 4.3 1.6 61
    endloop
  endfacet
  facet normal 0 -1 -0
    outer loop
      vertex 12.4 1.6 61
      vertex 4.3 1.6 60
      vertex 12.4 1.6 60
    endloop
  endfacet
  facet normal 0 1 0
    outer loop
      vertex 15.1 1.6 60
      vertex 13.4 1.6 45
      vertex 13.4 1.6 60
    endloop
  endfacet
  facet normal 0 1 0
    outer loop
      vertex 15.1 1.6 2
      vertex 12.4 1.6 45
      vertex 13.4 1.6 45
    endloop
  endfacet
  facet normal 0 1 0
    outer loop
      vertex 12.4 1.6 45
      vertex 15.1 1.6 2
      vertex 4.3 1.6 45
    endloop
  endfacet
  facet normal 0 1 0
    outer loop
      vertex 1.6 1.6 2
      vertex 4.3 1.6 45
      vertex 15.1 1.6 2
    endloop
  endfacet
  facet normal 0 1 -0
    outer loop
      vertex 15.1 1.6 2
      vertex 13.4 1.6 45
      vertex 15.1 1.6 60
    endloop
  endfacet
  facet normal 0 1 -0
    outer loop
      vertex 12.4 1.6 45
      vertex 4.3 1.6 58
      vertex 12.4 1.6 58
    endloop
  endfacet
  facet normal 0 1 0
    outer loop
      vertex 4.3 1.6 58
      vertex 12.4 1.6 45
      vertex 4.3 1.6 45
    endloop
  endfacet
  facet normal 0 1 -0
    outer loop
      vertex 3.3 1.6 45
      vertex 1.6 1.6 60
      vertex 3.3 1.6 60
    endloop
  endfacet
  facet normal 0 1 0
    outer loop
      vertex 3.3 1.6 45
      vertex 1.6 1.6 2
      vertex 1.6 1.6 60
    endloop
  endfacet
  facet normal 0 1 0
    outer loop
      vertex 4.3 1.6 45
      vertex 1.6 1.6 2
      vertex 3.3 1.6 45
    endloop
  endfacet
  facet normal 0.0523858 0.998627 -0
    outer loop
      vertex 8.35 13.85 0
      vertex 7.72283 13.8829 2
      vertex 8.35 13.85 2
    endloop
  endfacet
  facet normal 0.0523858 0.998627 0
    outer loop
      vertex 7.72283 13.8829 2
      vertex 8.35 13.85 0
      vertex 7.72283 13.8829 0
    endloop
  endfacet
  facet normal -0.9877 -0.156363 0
    outer loop
      vertex 14.3171 20.4772 0
      vertex 14.2189 21.0975 2
      vertex 14.2189 21.0975 0
    endloop
  endfacet
  facet normal -0.9877 -0.156363 0
    outer loop
      vertex 14.2189 21.0975 2
      vertex 14.3171 20.4772 0
      vertex 14.3171 20.4772 2
    endloop
  endfacet
  facet normal -0.998627 -0.0523833 0
    outer loop
      vertex 14.35 19.85 0
      vertex 14.3171 20.4772 2
      vertex 14.3171 20.4772 0
    endloop
  endfacet
  facet normal -0.998627 -0.0523833 0
    outer loop
      vertex 14.3171 20.4772 2
      vertex 14.35 19.85 0
      vertex 14.35 19.85 2
    endloop
  endfacet
  facet normal -0.965901 -0.258911 0
    outer loop
      vertex 14.2189 21.0975 0
      vertex 14.0563 21.7041 2
      vertex 14.0563 21.7041 0
    endloop
  endfacet
  facet normal -0.965901 -0.258911 0
    outer loop
      vertex 14.0563 21.7041 2
      vertex 14.2189 21.0975 0
      vertex 14.2189 21.0975 2
    endloop
  endfacet
  facet normal -0.258899 0.965904 0
    outer loop
      vertex 10.2041 14.1437 0
      vertex 9.59747 13.9811 2
      vertex 10.2041 14.1437 2
    endloop
  endfacet
  facet normal -0.258899 0.965904 0
    outer loop
      vertex 9.59747 13.9811 2
      vertex 10.2041 14.1437 0
      vertex 9.59747 13.9811 0
    endloop
  endfacet
  facet normal -0.707107 0.707107 0
    outer loop
      vertex 12.3648 15.3911 0
      vertex 12.8089 15.8352 2
      vertex 12.8089 15.8352 0
    endloop
  endfacet
  facet normal -0.707107 0.707107 0
    outer loop
      vertex 12.8089 15.8352 2
      vertex 12.3648 15.3911 0
      vertex 12.3648 15.3911 2
    endloop
  endfacet
  facet normal -0.544703 -0.838629 0
    outer loop
      vertex 11.35 25.0462 0
      vertex 11.8767 24.7041 2
      vertex 11.35 25.0462 2
    endloop
  endfacet
  facet normal -0.544703 -0.838629 -0
    outer loop
      vertex 11.8767 24.7041 2
      vertex 11.35 25.0462 0
      vertex 11.8767 24.7041 0
    endloop
  endfacet
  facet normal -0.629267 -0.777189 0
    outer loop
      vertex 11.8767 24.7041 0
      vertex 12.3648 24.3089 2
      vertex 11.8767 24.7041 2
    endloop
  endfacet
  facet normal -0.629267 -0.777189 -0
    outer loop
      vertex 12.3648 24.3089 2
      vertex 11.8767 24.7041 0
      vertex 12.3648 24.3089 0
    endloop
  endfacet
  facet normal -0.453952 -0.891026 0
    outer loop
      vertex 10.7904 25.3313 0
      vertex 11.35 25.0462 2
      vertex 10.7904 25.3313 2
    endloop
  endfacet
  facet normal -0.453952 -0.891026 -0
    outer loop
      vertex 11.35 25.0462 2
      vertex 10.7904 25.3313 0
      vertex 11.35 25.0462 0
    endloop
  endfacet
  facet normal 0.358275 -0.933616 0
    outer loop
      vertex 5.90958 25.3313 0
      vertex 6.4959 25.5563 2
      vertex 5.90958 25.3313 2
    endloop
  endfacet
  facet normal 0.358275 -0.933616 0
    outer loop
      vertex 6.4959 25.5563 2
      vertex 5.90958 25.3313 0
      vertex 6.4959 25.5563 0
    endloop
  endfacet
  facet normal -0.933612 0.358285 0
    outer loop
      vertex 13.8313 17.4096 0
      vertex 14.0563 17.9959 2
      vertex 14.0563 17.9959 0
    endloop
  endfacet
  facet normal -0.933612 0.358285 0
    outer loop
      vertex 14.0563 17.9959 2
      vertex 13.8313 17.4096 0
      vertex 13.8313 17.4096 2
    endloop
  endfacet
  facet normal -0.933612 -0.358285 0
    outer loop
      vertex 14.0563 21.7041 0
      vertex 13.8313 22.2904 2
      vertex 13.8313 22.2904 0
    endloop
  endfacet
  facet normal -0.933612 -0.358285 0
    outer loop
      vertex 13.8313 22.2904 2
      vertex 14.0563 21.7041 0
      vertex 14.0563 21.7041 2
    endloop
  endfacet
  facet normal -0.998627 0.0523833 0
    outer loop
      vertex 14.3171 19.2228 0
      vertex 14.35 19.85 2
      vertex 14.35 19.85 0
    endloop
  endfacet
  facet normal -0.998627 0.0523833 0
    outer loop
      vertex 14.35 19.85 2
      vertex 14.3171 19.2228 0
      vertex 14.3171 19.2228 2
    endloop
  endfacet
  facet normal 0.156363 0.9877 -0
    outer loop
      vertex 7.72283 13.8829 0
      vertex 7.10253 13.9811 2
      vertex 7.72283 13.8829 2
    endloop
  endfacet
  facet normal 0.156363 0.9877 0
    outer loop
      vertex 7.10253 13.9811 2
      vertex 7.72283 13.8829 0
      vertex 7.10253 13.9811 0
    endloop
  endfacet
  facet normal 0.707115 -0.707099 0
    outer loop
      vertex 3.89113 23.8648 0
      vertex 4.33522 24.3089 2
      vertex 3.89113 23.8648 2
    endloop
  endfacet
  facet normal 0.707115 -0.707099 0
    outer loop
      vertex 4.33522 24.3089 2
      vertex 3.89113 23.8648 0
      vertex 4.33522 24.3089 0
    endloop
  endfacet
  facet normal -0.156363 0.9877 0
    outer loop
      vertex 9.59747 13.9811 0
      vertex 8.97717 13.8829 2
      vertex 9.59747 13.9811 2
    endloop
  endfacet
  facet normal -0.156363 0.9877 0
    outer loop
      vertex 8.97717 13.8829 2
      vertex 9.59747 13.9811 0
      vertex 8.97717 13.8829 0
    endloop
  endfacet
  facet normal 0.933575 -0.358383 0
    outer loop
      vertex 2.64366 21.7041 2
      vertex 2.86873 22.2904 0
      vertex 2.86873 22.2904 2
    endloop
  endfacet
  facet normal 0.933575 -0.358383 0
    outer loop
      vertex 2.86873 22.2904 0
      vertex 2.64366 21.7041 2
      vertex 2.64366 21.7041 0
    endloop
  endfacet
  facet normal -0.9877 0.156363 0
    outer loop
      vertex 14.2189 18.6025 0
      vertex 14.3171 19.2228 2
      vertex 14.3171 19.2228 0
    endloop
  endfacet
  facet normal -0.9877 0.156363 0
    outer loop
      vertex 14.3171 19.2228 2
      vertex 14.2189 18.6025 0
      vertex 14.2189 18.6025 2
    endloop
  endfacet
  facet normal -0.358285 -0.933612 0
    outer loop
      vertex 10.2041 25.5563 0
      vertex 10.7904 25.3313 2
      vertex 10.2041 25.5563 2
    endloop
  endfacet
  facet normal -0.358285 -0.933612 -0
    outer loop
      vertex 10.7904 25.3313 2
      vertex 10.2041 25.5563 0
      vertex 10.7904 25.3313 0
    endloop
  endfacet
  facet normal -0.838629 -0.544703 0
    outer loop
      vertex 13.5462 22.85 0
      vertex 13.2041 23.3767 2
      vertex 13.2041 23.3767 0
    endloop
  endfacet
  facet normal -0.838629 -0.544703 0
    outer loop
      vertex 13.2041 23.3767 2
      vertex 13.5462 22.85 0
      vertex 13.5462 22.85 2
    endloop
  endfacet
  facet normal -0.891026 0.453952 0
    outer loop
      vertex 13.5462 16.85 0
      vertex 13.8313 17.4096 2
      vertex 13.8313 17.4096 0
    endloop
  endfacet
  facet normal -0.891026 0.453952 0
    outer loop
      vertex 13.8313 17.4096 2
      vertex 13.5462 16.85 0
      vertex 13.5462 16.85 2
    endloop
  endfacet
  facet normal -0.838629 0.544703 0
    outer loop
      vertex 13.2041 16.3233 0
      vertex 13.5462 16.85 2
      vertex 13.5462 16.85 0
    endloop
  endfacet
  facet normal -0.838629 0.544703 0
    outer loop
      vertex 13.5462 16.85 2
      vertex 13.2041 16.3233 0
      vertex 13.2041 16.3233 2
    endloop
  endfacet
  facet normal -0.0523858 0.998627 0
    outer loop
      vertex 8.97717 13.8829 0
      vertex 8.35 13.85 2
      vertex 8.97717 13.8829 2
    endloop
  endfacet
  facet normal -0.0523858 0.998627 0
    outer loop
      vertex 8.35 13.85 2
      vertex 8.97717 13.8829 0
      vertex 8.35 13.85 0
    endloop
  endfacet
  facet normal 0.777166 -0.629296 0
    outer loop
      vertex 3.4959 23.3767 2
      vertex 3.89113 23.8648 0
      vertex 3.89113 23.8648 2
    endloop
  endfacet
  facet normal 0.777166 -0.629296 0
    outer loop
      vertex 3.89113 23.8648 0
      vertex 3.4959 23.3767 2
      vertex 3.4959 23.3767 0
    endloop
  endfacet
  facet normal 0.891013 0.453977 0
    outer loop
      vertex 3.15385 16.85 2
      vertex 2.86873 17.4096 0
      vertex 2.86873 17.4096 2
    endloop
  endfacet
  facet normal 0.891013 0.453977 0
    outer loop
      vertex 2.86873 17.4096 0
      vertex 3.15385 16.85 2
      vertex 3.15385 16.85 0
    endloop
  endfacet
  facet normal 0.838665 -0.544647 0
    outer loop
      vertex 3.15385 22.85 2
      vertex 3.4959 23.3767 0
      vertex 3.4959 23.3767 2
    endloop
  endfacet
  facet normal 0.838665 -0.544647 0
    outer loop
      vertex 3.4959 23.3767 0
      vertex 3.15385 22.85 2
      vertex 3.15385 22.85 0
    endloop
  endfacet
  facet normal 0.156363 -0.9877 0
    outer loop
      vertex 7.10253 25.7189 0
      vertex 7.72283 25.8171 2
      vertex 7.10253 25.7189 2
    endloop
  endfacet
  facet normal 0.156363 -0.9877 0
    outer loop
      vertex 7.72283 25.8171 2
      vertex 7.10253 25.7189 0
      vertex 7.72283 25.8171 0
    endloop
  endfacet
  facet normal -0.258899 -0.965904 0
    outer loop
      vertex 9.59747 25.7189 0
      vertex 10.2041 25.5563 2
      vertex 9.59747 25.7189 2
    endloop
  endfacet
  facet normal -0.258899 -0.965904 -0
    outer loop
      vertex 10.2041 25.5563 2
      vertex 9.59747 25.7189 0
      vertex 10.2041 25.5563 0
    endloop
  endfacet
  facet normal -0.707107 -0.707107 0
    outer loop
      vertex 12.3648 24.3089 0
      vertex 12.8089 23.8648 2
      vertex 12.3648 24.3089 2
    endloop
  endfacet
  facet normal -0.707107 -0.707107 -0
    outer loop
      vertex 12.8089 23.8648 2
      vertex 12.3648 24.3089 0
      vertex 12.8089 23.8648 0
    endloop
  endfacet
  facet normal 0.258899 0.965904 -0
    outer loop
      vertex 7.10253 13.9811 0
      vertex 6.4959 14.1437 2
      vertex 7.10253 13.9811 2
    endloop
  endfacet
  facet normal 0.258899 0.965904 0
    outer loop
      vertex 6.4959 14.1437 2
      vertex 7.10253 13.9811 0
      vertex 6.4959 14.1437 0
    endloop
  endfacet
  facet normal -0.965901 0.258911 0
    outer loop
      vertex 14.0563 17.9959 0
      vertex 14.2189 18.6025 2
      vertex 14.2189 18.6025 0
    endloop
  endfacet
  facet normal -0.965901 0.258911 0
    outer loop
      vertex 14.2189 18.6025 2
      vertex 14.0563 17.9959 0
      vertex 14.0563 17.9959 2
    endloop
  endfacet
  facet normal 0.965921 0.258837 0
    outer loop
      vertex 2.64366 17.9959 2
      vertex 2.48111 18.6025 0
      vertex 2.48111 18.6025 2
    endloop
  endfacet
  facet normal 0.965921 0.258837 0
    outer loop
      vertex 2.48111 18.6025 0
      vertex 2.64366 17.9959 2
      vertex 2.64366 17.9959 0
    endloop
  endfacet
  facet normal 0.891013 -0.453977 0
    outer loop
      vertex 2.86873 22.2904 2
      vertex 3.15385 22.85 0
      vertex 3.15385 22.85 2
    endloop
  endfacet
  facet normal 0.891013 -0.453977 0
    outer loop
      vertex 3.15385 22.85 0
      vertex 2.86873 22.2904 2
      vertex 2.86873 22.2904 0
    endloop
  endfacet
  facet normal -0.891026 -0.453952 0
    outer loop
      vertex 13.8313 22.2904 0
      vertex 13.5462 22.85 2
      vertex 13.5462 22.85 0
    endloop
  endfacet
  facet normal -0.891026 -0.453952 0
    outer loop
      vertex 13.5462 22.85 2
      vertex 13.8313 22.2904 0
      vertex 13.8313 22.2904 2
    endloop
  endfacet
  facet normal 0.98769 0.156425 0
    outer loop
      vertex 2.48111 18.6025 2
      vertex 2.38287 19.2228 0
      vertex 2.38287 19.2228 2
    endloop
  endfacet
  facet normal 0.98769 0.156425 0
    outer loop
      vertex 2.38287 19.2228 0
      vertex 2.48111 18.6025 2
      vertex 2.48111 18.6025 0
    endloop
  endfacet
  facet normal -0.156363 -0.9877 0
    outer loop
      vertex 8.97717 25.8171 0
      vertex 9.59747 25.7189 2
      vertex 8.97717 25.8171 2
    endloop
  endfacet
  facet normal -0.156363 -0.9877 -0
    outer loop
      vertex 9.59747 25.7189 2
      vertex 8.97717 25.8171 0
      vertex 9.59747 25.7189 0
    endloop
  endfacet
  facet normal 0.453965 0.89102 -0
    outer loop
      vertex 5.90958 14.3687 0
      vertex 5.35 14.6538 2
      vertex 5.90958 14.3687 2
    endloop
  endfacet
  facet normal 0.453965 0.89102 0
    outer loop
      vertex 5.35 14.6538 2
      vertex 5.90958 14.3687 0
      vertex 5.35 14.6538 0
    endloop
  endfacet
  facet normal -0.453952 0.891026 0
    outer loop
      vertex 11.35 14.6538 0
      vertex 10.7904 14.3687 2
      vertex 11.35 14.6538 2
    endloop
  endfacet
  facet normal -0.453952 0.891026 0
    outer loop
      vertex 10.7904 14.3687 2
      vertex 11.35 14.6538 0
      vertex 10.7904 14.3687 0
    endloop
  endfacet
  facet normal 0.838665 0.544647 0
    outer loop
      vertex 3.4959 16.3233 2
      vertex 3.15385 16.85 0
      vertex 3.15385 16.85 2
    endloop
  endfacet
  facet normal 0.838665 0.544647 0
    outer loop
      vertex 3.15385 16.85 0
      vertex 3.4959 16.3233 2
      vertex 3.4959 16.3233 0
    endloop
  endfacet
  facet normal 0.544696 0.838634 -0
    outer loop
      vertex 5.35 14.6538 0
      vertex 4.82329 14.9959 2
      vertex 5.35 14.6538 2
    endloop
  endfacet
  facet normal 0.544696 0.838634 0
    outer loop
      vertex 4.82329 14.9959 2
      vertex 5.35 14.6538 0
      vertex 4.82329 14.9959 0
    endloop
  endfacet
  facet normal 0.933575 0.358383 0
    outer loop
      vertex 2.86873 17.4096 2
      vertex 2.64366 17.9959 0
      vertex 2.64366 17.9959 2
    endloop
  endfacet
  facet normal 0.933575 0.358383 0
    outer loop
      vertex 2.64366 17.9959 0
      vertex 2.86873 17.4096 2
      vertex 2.86873 17.4096 0
    endloop
  endfacet
  facet normal -0.358285 0.933612 0
    outer loop
      vertex 10.7904 14.3687 0
      vertex 10.2041 14.1437 2
      vertex 10.7904 14.3687 2
    endloop
  endfacet
  facet normal -0.358285 0.933612 0
    outer loop
      vertex 10.2041 14.1437 2
      vertex 10.7904 14.3687 0
      vertex 10.2041 14.1437 0
    endloop
  endfacet
  facet normal -0.777189 -0.629267 0
    outer loop
      vertex 13.2041 23.3767 0
      vertex 12.8089 23.8648 2
      vertex 12.8089 23.8648 0
    endloop
  endfacet
  facet normal -0.777189 -0.629267 0
    outer loop
      vertex 12.8089 23.8648 2
      vertex 13.2041 23.3767 0
      vertex 13.2041 23.3767 2
    endloop
  endfacet
  facet normal 0.544696 -0.838634 0
    outer loop
      vertex 4.82329 24.7041 0
      vertex 5.35 25.0462 2
      vertex 4.82329 24.7041 2
    endloop
  endfacet
  facet normal 0.544696 -0.838634 0
    outer loop
      vertex 5.35 25.0462 2
      vertex 4.82329 24.7041 0
      vertex 5.35 25.0462 0
    endloop
  endfacet
  facet normal 0.965921 -0.258837 0
    outer loop
      vertex 2.48111 21.0975 2
      vertex 2.64366 21.7041 0
      vertex 2.64366 21.7041 2
    endloop
  endfacet
  facet normal 0.965921 -0.258837 0
    outer loop
      vertex 2.64366 21.7041 0
      vertex 2.48111 21.0975 2
      vertex 2.48111 21.0975 0
    endloop
  endfacet
  facet normal 0.453965 -0.89102 0
    outer loop
      vertex 5.35 25.0462 0
      vertex 5.90958 25.3313 2
      vertex 5.35 25.0462 2
    endloop
  endfacet
  facet normal 0.453965 -0.89102 0
    outer loop
      vertex 5.90958 25.3313 2
      vertex 5.35 25.0462 0
      vertex 5.90958 25.3313 0
    endloop
  endfacet
  facet normal 0.0523858 -0.998627 0
    outer loop
      vertex 7.72283 25.8171 0
      vertex 8.35 25.85 2
      vertex 7.72283 25.8171 2
    endloop
  endfacet
  facet normal 0.0523858 -0.998627 0
    outer loop
      vertex 8.35 25.85 2
      vertex 7.72283 25.8171 0
      vertex 8.35 25.85 0
    endloop
  endfacet
  facet normal -0.629267 0.777189 0
    outer loop
      vertex 12.3648 15.3911 0
      vertex 11.8767 14.9959 2
      vertex 12.3648 15.3911 2
    endloop
  endfacet
  facet normal -0.629267 0.777189 0
    outer loop
      vertex 11.8767 14.9959 2
      vertex 12.3648 15.3911 0
      vertex 11.8767 14.9959 0
    endloop
  endfacet
  facet normal 0.258899 -0.965904 0
    outer loop
      vertex 6.4959 25.5563 0
      vertex 7.10253 25.7189 2
      vertex 6.4959 25.5563 2
    endloop
  endfacet
  facet normal 0.258899 -0.965904 0
    outer loop
      vertex 7.10253 25.7189 2
      vertex 6.4959 25.5563 0
      vertex 7.10253 25.7189 0
    endloop
  endfacet
  facet normal -0.544703 0.838629 0
    outer loop
      vertex 11.8767 14.9959 0
      vertex 11.35 14.6538 2
      vertex 11.8767 14.9959 2
    endloop
  endfacet
  facet normal -0.544703 0.838629 0
    outer loop
      vertex 11.35 14.6538 2
      vertex 11.8767 14.9959 0
      vertex 11.35 14.6538 0
    endloop
  endfacet
  facet normal 0.98769 -0.156425 0
    outer loop
      vertex 2.38287 20.4772 2
      vertex 2.48111 21.0975 0
      vertex 2.48111 21.0975 2
    endloop
  endfacet
  facet normal 0.98769 -0.156425 0
    outer loop
      vertex 2.48111 21.0975 0
      vertex 2.38287 20.4772 2
      vertex 2.38287 20.4772 0
    endloop
  endfacet
  facet normal -0.0523858 -0.998627 0
    outer loop
      vertex 8.35 25.85 0
      vertex 8.97717 25.8171 2
      vertex 8.35 25.85 2
    endloop
  endfacet
  facet normal -0.0523858 -0.998627 -0
    outer loop
      vertex 8.97717 25.8171 2
      vertex 8.35 25.85 0
      vertex 8.97717 25.8171 0
    endloop
  endfacet
  facet normal 0.358275 0.933616 -0
    outer loop
      vertex 6.4959 14.1437 0
      vertex 5.90958 14.3687 2
      vertex 6.4959 14.1437 2
    endloop
  endfacet
  facet normal 0.358275 0.933616 0
    outer loop
      vertex 5.90958 14.3687 2
      vertex 6.4959 14.1437 0
      vertex 5.90958 14.3687 0
    endloop
  endfacet
  facet normal 0.777166 0.629296 0
    outer loop
      vertex 3.89113 15.8352 2
      vertex 3.4959 16.3233 0
      vertex 3.4959 16.3233 2
    endloop
  endfacet
  facet normal 0.777166 0.629296 0
    outer loop
      vertex 3.4959 16.3233 0
      vertex 3.89113 15.8352 2
      vertex 3.89113 15.8352 0
    endloop
  endfacet
  facet normal -0.777189 0.629267 0
    outer loop
      vertex 12.8089 15.8352 0
      vertex 13.2041 16.3233 2
      vertex 13.2041 16.3233 0
    endloop
  endfacet
  facet normal -0.777189 0.629267 0
    outer loop
      vertex 13.2041 16.3233 2
      vertex 12.8089 15.8352 0
      vertex 12.8089 15.8352 2
    endloop
  endfacet
  facet normal 0.99863 -0.0523357 0
    outer loop
      vertex 2.35 19.85 2
      vertex 2.38287 20.4772 0
      vertex 2.38287 20.4772 2
    endloop
  endfacet
  facet normal 0.99863 -0.0523357 0
    outer loop
      vertex 2.38287 20.4772 0
      vertex 2.35 19.85 2
      vertex 2.35 19.85 0
    endloop
  endfacet
  facet normal 0.99863 0.0523357 0
    outer loop
      vertex 2.38287 19.2228 2
      vertex 2.35 19.85 0
      vertex 2.35 19.85 2
    endloop
  endfacet
  facet normal 0.99863 0.0523357 0
    outer loop
      vertex 2.35 19.85 0
      vertex 2.38287 19.2228 2
      vertex 2.38287 19.2228 0
    endloop
  endfacet
  facet normal 0.62929 -0.77717 0
    outer loop
      vertex 4.33522 24.3089 0
      vertex 4.82329 24.7041 2
      vertex 4.33522 24.3089 2
    endloop
  endfacet
  facet normal 0.62929 -0.77717 0
    outer loop
      vertex 4.82329 24.7041 2
      vertex 4.33522 24.3089 0
      vertex 4.82329 24.7041 0
    endloop
  endfacet
  facet normal 0.707115 0.707099 0
    outer loop
      vertex 4.33522 15.3911 2
      vertex 3.89113 15.8352 0
      vertex 3.89113 15.8352 2
    endloop
  endfacet
  facet normal 0.707115 0.707099 0
    outer loop
      vertex 3.89113 15.8352 0
      vertex 4.33522 15.3911 2
      vertex 4.33522 15.3911 0
    endloop
  endfacet
  facet normal 0.62929 0.77717 -0
    outer loop
      vertex 4.82329 14.9959 0
      vertex 4.33522 15.3911 2
      vertex 4.82329 14.9959 2
    endloop
  endfacet
  facet normal 0.62929 0.77717 0
    outer loop
      vertex 4.33522 15.3911 2
      vertex 4.82329 14.9959 0
      vertex 4.33522 15.3911 0
    endloop
  endfacet
  facet normal -1 0 0
    outer loop
      vertex 29.8 1.6 2
      vertex 29.8 38.1 60
      vertex 29.8 38.1 2
    endloop
  endfacet
  facet normal -1 -0 0
    outer loop
      vertex 29.8 38.1 60
      vertex 29.8 1.6 2
      vertex 29.8 1.6 60
    endloop
  endfacet
  facet normal 0 0 1
    outer loop
      vertex 29.8 38.1 2
      vertex 29.05 19.85 2
      vertex 29.8 1.6 2
    endloop
  endfacet
  facet normal 0 0 1
    outer loop
      vertex 29.8 38.1 2
      vertex 29.0171 20.4772 2
      vertex 29.05 19.85 2
    endloop
  endfacet
  facet normal 0 0 1
    outer loop
      vertex 29.8 38.1 2
      vertex 28.9189 21.0975 2
      vertex 29.0171 20.4772 2
    endloop
  endfacet
  facet normal 0 0 1
    outer loop
      vertex 29.8 38.1 2
      vertex 28.7563 21.7041 2
      vertex 28.9189 21.0975 2
    endloop
  endfacet
  facet normal 0 0 1
    outer loop
      vertex 29.8 38.1 2
      vertex 28.5313 22.2904 2
      vertex 28.7563 21.7041 2
    endloop
  endfacet
  facet normal 0 0 1
    outer loop
      vertex 29.8 38.1 2
      vertex 28.2462 22.85 2
      vertex 28.5313 22.2904 2
    endloop
  endfacet
  facet normal 0 0 1
    outer loop
      vertex 29.8 38.1 2
      vertex 27.9041 23.3767 2
      vertex 28.2462 22.85 2
    endloop
  endfacet
  facet normal 0 0 1
    outer loop
      vertex 29.8 38.1 2
      vertex 27.5089 23.8648 2
      vertex 27.9041 23.3767 2
    endloop
  endfacet
  facet normal 0 0 1
    outer loop
      vertex 29.8 38.1 2
      vertex 27.0648 24.3089 2
      vertex 27.5089 23.8648 2
    endloop
  endfacet
  facet normal 0 0 1
    outer loop
      vertex 29.8 38.1 2
      vertex 26.5767 24.7041 2
      vertex 27.0648 24.3089 2
    endloop
  endfacet
  facet normal 0 0 1
    outer loop
      vertex 29.8 38.1 2
      vertex 26.05 25.0462 2
      vertex 26.5767 24.7041 2
    endloop
  endfacet
  facet normal 0 0 1
    outer loop
      vertex 29.8 38.1 2
      vertex 25.4904 25.3313 2
      vertex 26.05 25.0462 2
    endloop
  endfacet
  facet normal 0 0 1
    outer loop
      vertex 29.8 38.1 2
      vertex 24.9041 25.5563 2
      vertex 25.4904 25.3313 2
    endloop
  endfacet
  facet normal 0 0 1
    outer loop
      vertex 29.8 38.1 2
      vertex 24.2975 25.7189 2
      vertex 24.9041 25.5563 2
    endloop
  endfacet
  facet normal 0 0 1
    outer loop
      vertex 29.8 38.1 2
      vertex 23.6772 25.8171 2
      vertex 24.2975 25.7189 2
    endloop
  endfacet
  facet normal 0 0 1
    outer loop
      vertex 29.8 38.1 2
      vertex 23.05 25.85 2
      vertex 23.6772 25.8171 2
    endloop
  endfacet
  facet normal -0 0 1
    outer loop
      vertex 16.3 38.1 2
      vertex 23.05 25.85 2
      vertex 29.8 38.1 2
    endloop
  endfacet
  facet normal 0 0 1
    outer loop
      vertex 23.05 25.85 2
      vertex 16.3 38.1 2
      vertex 22.4228 25.8171 2
    endloop
  endfacet
  facet normal 0 0 1
    outer loop
      vertex 22.4228 25.8171 2
      vertex 16.3 38.1 2
      vertex 21.8025 25.7189 2
    endloop
  endfacet
  facet normal 0 0 1
    outer loop
      vertex 21.8025 25.7189 2
      vertex 16.3 38.1 2
      vertex 21.1959 25.5563 2
    endloop
  endfacet
  facet normal 0 0 1
    outer loop
      vertex 21.1959 25.5563 2
      vertex 16.3 38.1 2
      vertex 20.6096 25.3313 2
    endloop
  endfacet
  facet normal 0 0 1
    outer loop
      vertex 20.6096 25.3313 2
      vertex 16.3 38.1 2
      vertex 20.05 25.0462 2
    endloop
  endfacet
  facet normal 0 0 1
    outer loop
      vertex 20.05 25.0462 2
      vertex 16.3 38.1 2
      vertex 19.5233 24.7041 2
    endloop
  endfacet
  facet normal 0 0 1
    outer loop
      vertex 19.5233 24.7041 2
      vertex 16.3 38.1 2
      vertex 19.0352 24.3089 2
    endloop
  endfacet
  facet normal 0 0 1
    outer loop
      vertex 19.0352 24.3089 2
      vertex 16.3 38.1 2
      vertex 18.5911 23.8648 2
    endloop
  endfacet
  facet normal 0 0 1
    outer loop
      vertex 17.0829 20.4772 2
      vertex 16.3 38.1 2
      vertex 17.05 19.85 2
    endloop
  endfacet
  facet normal 0 0 1
    outer loop
      vertex 17.1811 21.0975 2
      vertex 16.3 38.1 2
      vertex 17.0829 20.4772 2
    endloop
  endfacet
  facet normal 0 0 1
    outer loop
      vertex 17.3437 21.7041 2
      vertex 16.3 38.1 2
      vertex 17.1811 21.0975 2
    endloop
  endfacet
  facet normal 0 0 1
    outer loop
      vertex 17.5687 22.2904 2
      vertex 16.3 38.1 2
      vertex 17.3437 21.7041 2
    endloop
  endfacet
  facet normal 0 0 1
    outer loop
      vertex 17.8538 22.85 2
      vertex 16.3 38.1 2
      vertex 17.5687 22.2904 2
    endloop
  endfacet
  facet normal 0 0 1
    outer loop
      vertex 18.1959 23.3767 2
      vertex 16.3 38.1 2
      vertex 17.8538 22.85 2
    endloop
  endfacet
  facet normal 0 0 1
    outer loop
      vertex 18.5911 23.8648 2
      vertex 16.3 38.1 2
      vertex 18.1959 23.3767 2
    endloop
  endfacet
  facet normal -0 0 1
    outer loop
      vertex 29.0171 19.2228 2
      vertex 29.8 1.6 2
      vertex 29.05 19.85 2
    endloop
  endfacet
  facet normal -0 0 1
    outer loop
      vertex 28.9189 18.6025 2
      vertex 29.8 1.6 2
      vertex 29.0171 19.2228 2
    endloop
  endfacet
  facet normal -0 0 1
    outer loop
      vertex 28.7563 17.9959 2
      vertex 29.8 1.6 2
      vertex 28.9189 18.6025 2
    endloop
  endfacet
  facet normal -0 0 1
    outer loop
      vertex 28.5313 17.4096 2
      vertex 29.8 1.6 2
      vertex 28.7563 17.9959 2
    endloop
  endfacet
  facet normal -0 0 1
    outer loop
      vertex 28.2462 16.85 2
      vertex 29.8 1.6 2
      vertex 28.5313 17.4096 2
    endloop
  endfacet
  facet normal -0 0 1
    outer loop
      vertex 27.9041 16.3233 2
      vertex 29.8 1.6 2
      vertex 28.2462 16.85 2
    endloop
  endfacet
  facet normal -0 0 1
    outer loop
      vertex 27.5089 15.8352 2
      vertex 29.8 1.6 2
      vertex 27.9041 16.3233 2
    endloop
  endfacet
  facet normal -0 0 1
    outer loop
      vertex 27.0648 15.3911 2
      vertex 29.8 1.6 2
      vertex 27.5089 15.8352 2
    endloop
  endfacet
  facet normal -0 0 1
    outer loop
      vertex 26.5767 14.9959 2
      vertex 29.8 1.6 2
      vertex 27.0648 15.3911 2
    endloop
  endfacet
  facet normal -0 0 1
    outer loop
      vertex 26.05 14.6538 2
      vertex 29.8 1.6 2
      vertex 26.5767 14.9959 2
    endloop
  endfacet
  facet normal -0 0 1
    outer loop
      vertex 25.4904 14.3687 2
      vertex 29.8 1.6 2
      vertex 26.05 14.6538 2
    endloop
  endfacet
  facet normal -0 0 1
    outer loop
      vertex 24.9041 14.1437 2
      vertex 29.8 1.6 2
      vertex 25.4904 14.3687 2
    endloop
  endfacet
  facet normal -0 0 1
    outer loop
      vertex 24.2975 13.9811 2
      vertex 29.8 1.6 2
      vertex 24.9041 14.1437 2
    endloop
  endfacet
  facet normal -0 0 1
    outer loop
      vertex 23.6772 13.8829 2
      vertex 29.8 1.6 2
      vertex 24.2975 13.9811 2
    endloop
  endfacet
  facet normal -0 0 1
    outer loop
      vertex 23.05 13.85 2
      vertex 29.8 1.6 2
      vertex 23.6772 13.8829 2
    endloop
  endfacet
  facet normal 0 0 1
    outer loop
      vertex 16.3 1.6 2
      vertex 23.05 13.85 2
      vertex 22.4228 13.8829 2
    endloop
  endfacet
  facet normal 0 0 1
    outer loop
      vertex 16.3 1.6 2
      vertex 22.4228 13.8829 2
      vertex 21.8025 13.9811 2
    endloop
  endfacet
  facet normal 0 0 1
    outer loop
      vertex 16.3 1.6 2
      vertex 21.8025 13.9811 2
      vertex 21.1959 14.1437 2
    endloop
  endfacet
  facet normal 0 0 1
    outer loop
      vertex 16.3 1.6 2
      vertex 21.1959 14.1437 2
      vertex 20.6096 14.3687 2
    endloop
  endfacet
  facet normal 0 0 1
    outer loop
      vertex 16.3 1.6 2
      vertex 20.6096 14.3687 2
      vertex 20.05 14.6538 2
    endloop
  endfacet
  facet normal 0 0 1
    outer loop
      vertex 16.3 1.6 2
      vertex 20.05 14.6538 2
      vertex 19.5233 14.9959 2
    endloop
  endfacet
  facet normal 0 0 1
    outer loop
      vertex 16.3 1.6 2
      vertex 19.5233 14.9959 2
      vertex 19.0352 15.3911 2
    endloop
  endfacet
  facet normal 0 0 1
    outer loop
      vertex 16.3 1.6 2
      vertex 19.0352 15.3911 2
      vertex 18.5911 15.8352 2
    endloop
  endfacet
  facet normal 0 0 1
    outer loop
      vertex 16.3 1.6 2
      vertex 18.5911 15.8352 2
      vertex 18.1959 16.3233 2
    endloop
  endfacet
  facet normal 0 0 1
    outer loop
      vertex 23.05 13.85 2
      vertex 16.3 1.6 2
      vertex 29.8 1.6 2
    endloop
  endfacet
  facet normal 0 0 1
    outer loop
      vertex 17.8538 16.85 2
      vertex 16.3 1.6 2
      vertex 18.1959 16.3233 2
    endloop
  endfacet
  facet normal 0 0 1
    outer loop
      vertex 17.5687 17.4096 2
      vertex 16.3 1.6 2
      vertex 17.8538 16.85 2
    endloop
  endfacet
  facet normal 0 0 1
    outer loop
      vertex 17.3437 17.9959 2
      vertex 16.3 1.6 2
      vertex 17.5687 17.4096 2
    endloop
  endfacet
  facet normal 0 0 1
    outer loop
      vertex 17.1811 18.6025 2
      vertex 16.3 1.6 2
      vertex 17.3437 17.9959 2
    endloop
  endfacet
  facet normal 0 0 1
    outer loop
      vertex 17.0829 19.2228 2
      vertex 16.3 1.6 2
      vertex 17.1811 18.6025 2
    endloop
  endfacet
  facet normal 0 0 1
    outer loop
      vertex 17.05 19.85 2
      vertex 16.3 1.6 2
      vertex 17.0829 19.2228 2
    endloop
  endfacet
  facet normal 0 0 1
    outer loop
      vertex 16.3 1.6 2
      vertex 17.05 19.85 2
      vertex 16.3 38.1 2
    endloop
  endfacet
  facet normal 1 -0 0
    outer loop
      vertex 16.3 1.6 60
      vertex 16.3 38.1 2
      vertex 16.3 38.1 60
    endloop
  endfacet
  facet normal 1 0 0
    outer loop
      vertex 16.3 38.1 2
      vertex 16.3 1.6 60
      vertex 16.3 1.6 2
    endloop
  endfacet
  facet normal 0 1 -0
    outer loop
      vertex 27.1 38.1 60
      vertex 19 38.1 61
      vertex 27.1 38.1 61
    endloop
  endfacet
  facet normal 0 1 0
    outer loop
      vertex 19 38.1 61
      vertex 27.1 38.1 60
      vertex 19 38.1 60
    endloop
  endfacet
  facet normal 0 -1 0
    outer loop
      vertex 16.3 38.1 60
      vertex 18 38.1 45
      vertex 18 38.1 60
    endloop
  endfacet
  facet normal 0 -1 0
    outer loop
      vertex 16.3 38.1 2
      vertex 19 38.1 45
      vertex 18 38.1 45
    endloop
  endfacet
  facet normal 0 -1 -0
    outer loop
      vertex 19 38.1 45
      vertex 16.3 38.1 2
      vertex 27.1 38.1 45
    endloop
  endfacet
  facet normal 0 -1 0
    outer loop
      vertex 29.8 38.1 2
      vertex 27.1 38.1 45
      vertex 16.3 38.1 2
    endloop
  endfacet
  facet normal 0 -1 0
    outer loop
      vertex 16.3 38.1 2
      vertex 18 38.1 45
      vertex 16.3 38.1 60
    endloop
  endfacet
  facet normal 0 -1 0
    outer loop
      vertex 19 38.1 45
      vertex 27.1 38.1 58
      vertex 19 38.1 58
    endloop
  endfacet
  facet normal 0 -1 -0
    outer loop
      vertex 27.1 38.1 58
      vertex 19 38.1 45
      vertex 27.1 38.1 45
    endloop
  endfacet
  facet normal 0 -1 0
    outer loop
      vertex 28.1 38.1 45
      vertex 29.8 38.1 60
      vertex 28.1 38.1 60
    endloop
  endfacet
  facet normal 0 -1 0
    outer loop
      vertex 28.1 38.1 45
      vertex 29.8 38.1 2
      vertex 29.8 38.1 60
    endloop
  endfacet
  facet normal 0 -1 0
    outer loop
      vertex 27.1 38.1 45
      vertex 29.8 38.1 2
      vertex 28.1 38.1 45
    endloop
  endfacet
  facet normal 0 -1 0
    outer loop
      vertex 19 1.6 60
      vertex 27.1 1.6 61
      vertex 19 1.6 61
    endloop
  endfacet
  facet normal 0 -1 -0
    outer loop
      vertex 27.1 1.6 61
      vertex 19 1.6 60
      vertex 27.1 1.6 60
    endloop
  endfacet
  facet normal 0 1 0
    outer loop
      vertex 29.8 1.6 60
      vertex 28.1 1.6 45
      vertex 28.1 1.6 60
    endloop
  endfacet
  facet normal 0 1 0
    outer loop
      vertex 29.8 1.6 2
      vertex 27.1 1.6 45
      vertex 28.1 1.6 45
    endloop
  endfacet
  facet normal 0 1 0
    outer loop
      vertex 27.1 1.6 45
      vertex 29.8 1.6 2
      vertex 19 1.6 45
    endloop
  endfacet
  facet normal 0 1 0
    outer loop
      vertex 16.3 1.6 2
      vertex 19 1.6 45
      vertex 29.8 1.6 2
    endloop
  endfacet
  facet normal 0 1 -0
    outer loop
      vertex 29.8 1.6 2
      vertex 28.1 1.6 45
      vertex 29.8 1.6 60
    endloop
  endfacet
  facet normal 0 1 -0
    outer loop
      vertex 27.1 1.6 45
      vertex 19 1.6 58
      vertex 27.1 1.6 58
    endloop
  endfacet
  facet normal 0 1 0
    outer loop
      vertex 19 1.6 58
      vertex 27.1 1.6 45
      vertex 19 1.6 45
    endloop
  endfacet
  facet normal 0 1 -0
    outer loop
      vertex 18 1.6 45
      vertex 16.3 1.6 60
      vertex 18 1.6 60
    endloop
  endfacet
  facet normal 0 1 0
    outer loop
      vertex 18 1.6 45
      vertex 16.3 1.6 2
      vertex 16.3 1.6 60
    endloop
  endfacet
  facet normal 0 1 0
    outer loop
      vertex 19 1.6 45
      vertex 16.3 1.6 2
      vertex 18 1.6 45
    endloop
  endfacet
  facet normal -0.629267 0.777189 0
    outer loop
      vertex 27.0648 15.3911 0
      vertex 26.5767 14.9959 2
      vertex 27.0648 15.3911 2
    endloop
  endfacet
  facet normal -0.629267 0.777189 0
    outer loop
      vertex 26.5767 14.9959 2
      vertex 27.0648 15.3911 0
      vertex 26.5767 14.9959 0
    endloop
  endfacet
  facet normal -0.9877 -0.156363 0
    outer loop
      vertex 29.0171 20.4772 0
      vertex 28.9189 21.0975 2
      vertex 28.9189 21.0975 0
    endloop
  endfacet
  facet normal -0.9877 -0.156363 0
    outer loop
      vertex 28.9189 21.0975 2
      vertex 29.0171 20.4772 0
      vertex 29.0171 20.4772 2
    endloop
  endfacet
  facet normal -0.998627 -0.0523833 0
    outer loop
      vertex 29.05 19.85 0
      vertex 29.0171 20.4772 2
      vertex 29.0171 20.4772 0
    endloop
  endfacet
  facet normal -0.998627 -0.0523833 0
    outer loop
      vertex 29.0171 20.4772 2
      vertex 29.05 19.85 0
      vertex 29.05 19.85 2
    endloop
  endfacet
  facet normal -0.965901 -0.258911 0
    outer loop
      vertex 28.9189 21.0975 0
      vertex 28.7563 21.7041 2
      vertex 28.7563 21.7041 0
    endloop
  endfacet
  facet normal -0.965901 -0.258911 0
    outer loop
      vertex 28.7563 21.7041 2
      vertex 28.9189 21.0975 0
      vertex 28.9189 21.0975 2
    endloop
  endfacet
  facet normal 0.544703 0.838629 -0
    outer loop
      vertex 20.05 14.6538 0
      vertex 19.5233 14.9959 2
      vertex 20.05 14.6538 2
    endloop
  endfacet
  facet normal 0.544703 0.838629 0
    outer loop
      vertex 19.5233 14.9959 2
      vertex 20.05 14.6538 0
      vertex 19.5233 14.9959 0
    endloop
  endfacet
  facet normal 0.544703 -0.838629 0
    outer loop
      vertex 19.5233 24.7041 0
      vertex 20.05 25.0462 2
      vertex 19.5233 24.7041 2
    endloop
  endfacet
  facet normal 0.544703 -0.838629 0
    outer loop
      vertex 20.05 25.0462 2
      vertex 19.5233 24.7041 0
      vertex 20.05 25.0462 0
    endloop
  endfacet
  facet normal -0.777189 0.629267 0
    outer loop
      vertex 27.5089 15.8352 0
      vertex 27.9041 16.3233 2
      vertex 27.9041 16.3233 0
    endloop
  endfacet
  facet normal -0.777189 0.629267 0
    outer loop
      vertex 27.9041 16.3233 2
      vertex 27.5089 15.8352 0
      vertex 27.5089 15.8352 2
    endloop
  endfacet
  facet normal 0.707107 -0.707107 0
    outer loop
      vertex 18.5911 23.8648 0
      vertex 19.0352 24.3089 2
      vertex 18.5911 23.8648 2
    endloop
  endfacet
  facet normal 0.707107 -0.707107 0
    outer loop
      vertex 19.0352 24.3089 2
      vertex 18.5911 23.8648 0
      vertex 19.0352 24.3089 0
    endloop
  endfacet
  facet normal 0.891026 0.453952 0
    outer loop
      vertex 17.8538 16.85 2
      vertex 17.5687 17.4096 0
      vertex 17.5687 17.4096 2
    endloop
  endfacet
  facet normal 0.891026 0.453952 0
    outer loop
      vertex 17.5687 17.4096 0
      vertex 17.8538 16.85 2
      vertex 17.8538 16.85 0
    endloop
  endfacet
  facet normal -0.358285 -0.933612 0
    outer loop
      vertex 24.9041 25.5563 0
      vertex 25.4904 25.3313 2
      vertex 24.9041 25.5563 2
    endloop
  endfacet
  facet normal -0.358285 -0.933612 -0
    outer loop
      vertex 25.4904 25.3313 2
      vertex 24.9041 25.5563 0
      vertex 25.4904 25.3313 0
    endloop
  endfacet
  facet normal -0.544703 0.838629 0
    outer loop
      vertex 26.5767 14.9959 0
      vertex 26.05 14.6538 2
      vertex 26.5767 14.9959 2
    endloop
  endfacet
  facet normal -0.544703 0.838629 0
    outer loop
      vertex 26.05 14.6538 2
      vertex 26.5767 14.9959 0
      vertex 26.05 14.6538 0
    endloop
  endfacet
  facet normal 0.358285 0.933612 -0
    outer loop
      vertex 21.1959 14.1437 0
      vertex 20.6096 14.3687 2
      vertex 21.1959 14.1437 2
    endloop
  endfacet
  facet normal 0.358285 0.933612 0
    outer loop
      vertex 20.6096 14.3687 2
      vertex 21.1959 14.1437 0
      vertex 20.6096 14.3687 0
    endloop
  endfacet
  facet normal -0.258911 0.965901 0
    outer loop
      vertex 24.9041 14.1437 0
      vertex 24.2975 13.9811 2
      vertex 24.9041 14.1437 2
    endloop
  endfacet
  facet normal -0.258911 0.965901 0
    outer loop
      vertex 24.2975 13.9811 2
      vertex 24.9041 14.1437 0
      vertex 24.2975 13.9811 0
    endloop
  endfacet
  facet normal -0.707107 -0.707107 0
    outer loop
      vertex 27.0648 24.3089 0
      vertex 27.5089 23.8648 2
      vertex 27.0648 24.3089 2
    endloop
  endfacet
  facet normal -0.707107 -0.707107 -0
    outer loop
      vertex 27.5089 23.8648 2
      vertex 27.0648 24.3089 0
      vertex 27.5089 23.8648 0
    endloop
  endfacet
  facet normal -0.453952 0.891026 0
    outer loop
      vertex 26.05 14.6538 0
      vertex 25.4904 14.3687 2
      vertex 26.05 14.6538 2
    endloop
  endfacet
  facet normal -0.453952 0.891026 0
    outer loop
      vertex 25.4904 14.3687 2
      vertex 26.05 14.6538 0
      vertex 25.4904 14.3687 0
    endloop
  endfacet
  facet normal -0.965901 0.258911 0
    outer loop
      vertex 28.7563 17.9959 0
      vertex 28.9189 18.6025 2
      vertex 28.9189 18.6025 0
    endloop
  endfacet
  facet normal -0.965901 0.258911 0
    outer loop
      vertex 28.9189 18.6025 2
      vertex 28.7563 17.9959 0
      vertex 28.7563 17.9959 2
    endloop
  endfacet
  facet normal 0.965901 -0.258911 0
    outer loop
      vertex 17.1811 21.0975 2
      vertex 17.3437 21.7041 0
      vertex 17.3437 21.7041 2
    endloop
  endfacet
  facet normal 0.965901 -0.258911 0
    outer loop
      vertex 17.3437 21.7041 0
      vertex 17.1811 21.0975 2
      vertex 17.1811 21.0975 0
    endloop
  endfacet
  facet normal 0.258911 0.965901 -0
    outer loop
      vertex 21.8025 13.9811 0
      vertex 21.1959 14.1437 2
      vertex 21.8025 13.9811 2
    endloop
  endfacet
  facet normal 0.258911 0.965901 0
    outer loop
      vertex 21.1959 14.1437 2
      vertex 21.8025 13.9811 0
      vertex 21.1959 14.1437 0
    endloop
  endfacet
  facet normal -0.707107 0.707107 0
    outer loop
      vertex 27.5089 15.8352 0
      vertex 27.0648 15.3911 2
      vertex 27.5089 15.8352 2
    endloop
  endfacet
  facet normal -0.707107 0.707107 0
    outer loop
      vertex 27.0648 15.3911 2
      vertex 27.5089 15.8352 0
      vertex 27.0648 15.3911 0
    endloop
  endfacet
  facet normal -0.933612 -0.358285 0
    outer loop
      vertex 28.7563 21.7041 0
      vertex 28.5313 22.2904 2
      vertex 28.5313 22.2904 0
    endloop
  endfacet
  facet normal -0.933612 -0.358285 0
    outer loop
      vertex 28.5313 22.2904 2
      vertex 28.7563 21.7041 0
      vertex 28.7563 21.7041 2
    endloop
  endfacet
  facet normal -0.998627 0.0523833 0
    outer loop
      vertex 29.0171 19.2228 0
      vertex 29.05 19.85 2
      vertex 29.05 19.85 0
    endloop
  endfacet
  facet normal -0.998627 0.0523833 0
    outer loop
      vertex 29.05 19.85 2
      vertex 29.0171 19.2228 0
      vertex 29.0171 19.2228 2
    endloop
  endfacet
  facet normal 0.156363 0.9877 -0
    outer loop
      vertex 22.4228 13.8829 0
      vertex 21.8025 13.9811 2
      vertex 22.4228 13.8829 2
    endloop
  endfacet
  facet normal 0.156363 0.9877 0
    outer loop
      vertex 21.8025 13.9811 2
      vertex 22.4228 13.8829 0
      vertex 21.8025 13.9811 0
    endloop
  endfacet
  facet normal -0.838629 -0.544703 0
    outer loop
      vertex 28.2462 22.85 0
      vertex 27.9041 23.3767 2
      vertex 27.9041 23.3767 0
    endloop
  endfacet
  facet normal -0.838629 -0.544703 0
    outer loop
      vertex 27.9041 23.3767 2
      vertex 28.2462 22.85 0
      vertex 28.2462 22.85 2
    endloop
  endfacet
  facet normal 0.777189 0.629267 0
    outer loop
      vertex 18.5911 15.8352 2
      vertex 18.1959 16.3233 0
      vertex 18.1959 16.3233 2
    endloop
  endfacet
  facet normal 0.777189 0.629267 0
    outer loop
      vertex 18.1959 16.3233 0
      vertex 18.5911 15.8352 2
      vertex 18.5911 15.8352 0
    endloop
  endfacet
  facet normal -0.891026 0.453952 0
    outer loop
      vertex 28.2462 16.85 0
      vertex 28.5313 17.4096 2
      vertex 28.5313 17.4096 0
    endloop
  endfacet
  facet normal -0.891026 0.453952 0
    outer loop
      vertex 28.5313 17.4096 2
      vertex 28.2462 16.85 0
      vertex 28.2462 16.85 2
    endloop
  endfacet
  facet normal -0.629267 -0.777189 0
    outer loop
      vertex 26.5767 24.7041 0
      vertex 27.0648 24.3089 2
      vertex 26.5767 24.7041 2
    endloop
  endfacet
  facet normal -0.629267 -0.777189 -0
    outer loop
      vertex 27.0648 24.3089 2
      vertex 26.5767 24.7041 0
      vertex 27.0648 24.3089 0
    endloop
  endfacet
  facet normal 0.838629 0.544703 0
    outer loop
      vertex 18.1959 16.3233 2
      vertex 17.8538 16.85 0
      vertex 17.8538 16.85 2
    endloop
  endfacet
  facet normal 0.838629 0.544703 0
    outer loop
      vertex 17.8538 16.85 0
      vertex 18.1959 16.3233 2
      vertex 18.1959 16.3233 0
    endloop
  endfacet
  facet normal 0.933612 0.358285 0
    outer loop
      vertex 17.5687 17.4096 2
      vertex 17.3437 17.9959 0
      vertex 17.3437 17.9959 2
    endloop
  endfacet
  facet normal 0.933612 0.358285 0
    outer loop
      vertex 17.3437 17.9959 0
      vertex 17.5687 17.4096 2
      vertex 17.5687 17.4096 0
    endloop
  endfacet
  facet normal -0.0523833 0.998627 0
    outer loop
      vertex 23.6772 13.8829 0
      vertex 23.05 13.85 2
      vertex 23.6772 13.8829 2
    endloop
  endfacet
  facet normal -0.0523833 0.998627 0
    outer loop
      vertex 23.05 13.85 2
      vertex 23.6772 13.8829 0
      vertex 23.05 13.85 0
    endloop
  endfacet
  facet normal -0.358285 0.933612 0
    outer loop
      vertex 25.4904 14.3687 0
      vertex 24.9041 14.1437 2
      vertex 25.4904 14.3687 2
    endloop
  endfacet
  facet normal -0.358285 0.933612 0
    outer loop
      vertex 24.9041 14.1437 2
      vertex 25.4904 14.3687 0
      vertex 24.9041 14.1437 0
    endloop
  endfacet
  facet normal 0.258911 -0.965901 0
    outer loop
      vertex 21.1959 25.5563 0
      vertex 21.8025 25.7189 2
      vertex 21.1959 25.5563 2
    endloop
  endfacet
  facet normal 0.258911 -0.965901 0
    outer loop
      vertex 21.8025 25.7189 2
      vertex 21.1959 25.5563 0
      vertex 21.8025 25.7189 0
    endloop
  endfacet
  facet normal -0.156363 0.9877 0
    outer loop
      vertex 24.2975 13.9811 0
      vertex 23.6772 13.8829 2
      vertex 24.2975 13.9811 2
    endloop
  endfacet
  facet normal -0.156363 0.9877 0
    outer loop
      vertex 23.6772 13.8829 2
      vertex 24.2975 13.9811 0
      vertex 23.6772 13.8829 0
    endloop
  endfacet
  facet normal 0.453952 0.891026 -0
    outer loop
      vertex 20.6096 14.3687 0
      vertex 20.05 14.6538 2
      vertex 20.6096 14.3687 2
    endloop
  endfacet
  facet normal 0.453952 0.891026 0
    outer loop
      vertex 20.05 14.6538 2
      vertex 20.6096 14.3687 0
      vertex 20.05 14.6538 0
    endloop
  endfacet
  facet normal 0.965901 0.258911 0
    outer loop
      vertex 17.3437 17.9959 2
      vertex 17.1811 18.6025 0
      vertex 17.1811 18.6025 2
    endloop
  endfacet
  facet normal 0.965901 0.258911 0
    outer loop
      vertex 17.1811 18.6025 0
      vertex 17.3437 17.9959 2
      vertex 17.3437 17.9959 0
    endloop
  endfacet
  facet normal 0.629267 0.777189 -0
    outer loop
      vertex 19.5233 14.9959 0
      vertex 19.0352 15.3911 2
      vertex 19.5233 14.9959 2
    endloop
  endfacet
  facet normal 0.629267 0.777189 0
    outer loop
      vertex 19.0352 15.3911 2
      vertex 19.5233 14.9959 0
      vertex 19.0352 15.3911 0
    endloop
  endfacet
  facet normal 0.156363 -0.9877 0
    outer loop
      vertex 21.8025 25.7189 0
      vertex 22.4228 25.8171 2
      vertex 21.8025 25.7189 2
    endloop
  endfacet
  facet normal 0.156363 -0.9877 0
    outer loop
      vertex 22.4228 25.8171 2
      vertex 21.8025 25.7189 0
      vertex 22.4228 25.8171 0
    endloop
  endfacet
  facet normal -0.9877 0.156363 0
    outer loop
      vertex 28.9189 18.6025 0
      vertex 29.0171 19.2228 2
      vertex 29.0171 19.2228 0
    endloop
  endfacet
  facet normal -0.9877 0.156363 0
    outer loop
      vertex 29.0171 19.2228 2
      vertex 28.9189 18.6025 0
      vertex 28.9189 18.6025 2
    endloop
  endfacet
  facet normal -0.453952 -0.891026 0
    outer loop
      vertex 25.4904 25.3313 0
      vertex 26.05 25.0462 2
      vertex 25.4904 25.3313 2
    endloop
  endfacet
  facet normal -0.453952 -0.891026 -0
    outer loop
      vertex 26.05 25.0462 2
      vertex 25.4904 25.3313 0
      vertex 26.05 25.0462 0
    endloop
  endfacet
  facet normal -0.258911 -0.965901 0
    outer loop
      vertex 24.2975 25.7189 0
      vertex 24.9041 25.5563 2
      vertex 24.2975 25.7189 2
    endloop
  endfacet
  facet normal -0.258911 -0.965901 -0
    outer loop
      vertex 24.9041 25.5563 2
      vertex 24.2975 25.7189 0
      vertex 24.9041 25.5563 0
    endloop
  endfacet
  facet normal -0.838629 0.544703 0
    outer loop
      vertex 27.9041 16.3233 0
      vertex 28.2462 16.85 2
      vertex 28.2462 16.85 0
    endloop
  endfacet
  facet normal -0.838629 0.544703 0
    outer loop
      vertex 28.2462 16.85 2
      vertex 27.9041 16.3233 0
      vertex 27.9041 16.3233 2
    endloop
  endfacet
  facet normal -0.777189 -0.629267 0
    outer loop
      vertex 27.9041 23.3767 0
      vertex 27.5089 23.8648 2
      vertex 27.5089 23.8648 0
    endloop
  endfacet
  facet normal -0.777189 -0.629267 0
    outer loop
      vertex 27.5089 23.8648 2
      vertex 27.9041 23.3767 0
      vertex 27.9041 23.3767 2
    endloop
  endfacet
  facet normal 0.629267 -0.777189 0
    outer loop
      vertex 19.0352 24.3089 0
      vertex 19.5233 24.7041 2
      vertex 19.0352 24.3089 2
    endloop
  endfacet
  facet normal 0.629267 -0.777189 0
    outer loop
      vertex 19.5233 24.7041 2
      vertex 19.0352 24.3089 0
      vertex 19.5233 24.7041 0
    endloop
  endfacet
  facet normal -0.544703 -0.838629 0
    outer loop
      vertex 26.05 25.0462 0
      vertex 26.5767 24.7041 2
      vertex 26.05 25.0462 2
    endloop
  endfacet
  facet normal -0.544703 -0.838629 -0
    outer loop
      vertex 26.5767 24.7041 2
      vertex 26.05 25.0462 0
      vertex 26.5767 24.7041 0
    endloop
  endfacet
  facet normal 0.998627 0.0523833 0
    outer loop
      vertex 17.0829 19.2228 2
      vertex 17.05 19.85 0
      vertex 17.05 19.85 2
    endloop
  endfacet
  facet normal 0.998627 0.0523833 0
    outer loop
      vertex 17.05 19.85 0
      vertex 17.0829 19.2228 2
      vertex 17.0829 19.2228 0
    endloop
  endfacet
  facet normal 0.0523833 0.998627 -0
    outer loop
      vertex 23.05 13.85 0
      vertex 22.4228 13.8829 2
      vertex 23.05 13.85 2
    endloop
  endfacet
  facet normal 0.0523833 0.998627 0
    outer loop
      vertex 22.4228 13.8829 2
      vertex 23.05 13.85 0
      vertex 22.4228 13.8829 0
    endloop
  endfacet
  facet normal 0.891026 -0.453952 0
    outer loop
      vertex 17.5687 22.2904 2
      vertex 17.8538 22.85 0
      vertex 17.8538 22.85 2
    endloop
  endfacet
  facet normal 0.891026 -0.453952 0
    outer loop
      vertex 17.8538 22.85 0
      vertex 17.5687 22.2904 2
      vertex 17.5687 22.2904 0
    endloop
  endfacet
  facet normal 0.358285 -0.933612 0
    outer loop
      vertex 20.6096 25.3313 0
      vertex 21.1959 25.5563 2
      vertex 20.6096 25.3313 2
    endloop
  endfacet
  facet normal 0.358285 -0.933612 0
    outer loop
      vertex 21.1959 25.5563 2
      vertex 20.6096 25.3313 0
      vertex 21.1959 25.5563 0
    endloop
  endfacet
  facet normal -0.891026 -0.453952 0
    outer loop
      vertex 28.5313 22.2904 0
      vertex 28.2462 22.85 2
      vertex 28.2462 22.85 0
    endloop
  endfacet
  facet normal -0.891026 -0.453952 0
    outer loop
      vertex 28.2462 22.85 2
      vertex 28.5313 22.2904 0
      vertex 28.5313 22.2904 2
    endloop
  endfacet
  facet normal -0.933612 0.358285 0
    outer loop
      vertex 28.5313 17.4096 0
      vertex 28.7563 17.9959 2
      vertex 28.7563 17.9959 0
    endloop
  endfacet
  facet normal -0.933612 0.358285 0
    outer loop
      vertex 28.7563 17.9959 2
      vertex 28.5313 17.4096 0
      vertex 28.5313 17.4096 2
    endloop
  endfacet
  facet normal 0.453952 -0.891026 0
    outer loop
      vertex 20.05 25.0462 0
      vertex 20.6096 25.3313 2
      vertex 20.05 25.0462 2
    endloop
  endfacet
  facet normal 0.453952 -0.891026 0
    outer loop
      vertex 20.6096 25.3313 2
      vertex 20.05 25.0462 0
      vertex 20.6096 25.3313 0
    endloop
  endfacet
  facet normal -0.156363 -0.9877 0
    outer loop
      vertex 23.6772 25.8171 0
      vertex 24.2975 25.7189 2
      vertex 23.6772 25.8171 2
    endloop
  endfacet
  facet normal -0.156363 -0.9877 -0
    outer loop
      vertex 24.2975 25.7189 2
      vertex 23.6772 25.8171 0
      vertex 24.2975 25.7189 0
    endloop
  endfacet
  facet normal 0.777189 -0.629267 0
    outer loop
      vertex 18.1959 23.3767 2
      vertex 18.5911 23.8648 0
      vertex 18.5911 23.8648 2
    endloop
  endfacet
  facet normal 0.777189 -0.629267 0
    outer loop
      vertex 18.5911 23.8648 0
      vertex 18.1959 23.3767 2
      vertex 18.1959 23.3767 0
    endloop
  endfacet
  facet normal -0.0523833 -0.998627 0
    outer loop
      vertex 23.05 25.85 0
      vertex 23.6772 25.8171 2
      vertex 23.05 25.85 2
    endloop
  endfacet
  facet normal -0.0523833 -0.998627 -0
    outer loop
      vertex 23.6772 25.8171 2
      vertex 23.05 25.85 0
      vertex 23.6772 25.8171 0
    endloop
  endfacet
  facet normal 0.707107 0.707107 -0
    outer loop
      vertex 19.0352 15.3911 0
      vertex 18.5911 15.8352 2
      vertex 19.0352 15.3911 2
    endloop
  endfacet
  facet normal 0.707107 0.707107 0
    outer loop
      vertex 18.5911 15.8352 2
      vertex 19.0352 15.3911 0
      vertex 18.5911 15.8352 0
    endloop
  endfacet
  facet normal 0.0523833 -0.998627 0
    outer loop
      vertex 22.4228 25.8171 0
      vertex 23.05 25.85 2
      vertex 22.4228 25.8171 2
    endloop
  endfacet
  facet normal 0.0523833 -0.998627 0
    outer loop
      vertex 23.05 25.85 2
      vertex 22.4228 25.8171 0
      vertex 23.05 25.85 0
    endloop
  endfacet
  facet normal 0.933612 -0.358285 0
    outer loop
      vertex 17.3437 21.7041 2
      vertex 17.5687 22.2904 0
      vertex 17.5687 22.2904 2
    endloop
  endfacet
  facet normal 0.933612 -0.358285 0
    outer loop
      vertex 17.5687 22.2904 0
      vertex 17.3437 21.7041 2
      vertex 17.3437 21.7041 0
    endloop
  endfacet
  facet normal 0.9877 0.156363 0
    outer loop
      vertex 17.1811 18.6025 2
      vertex 17.0829 19.2228 0
      vertex 17.0829 19.2228 2
    endloop
  endfacet
  facet normal 0.9877 0.156363 0
    outer loop
      vertex 17.0829 19.2228 0
      vertex 17.1811 18.6025 2
      vertex 17.1811 18.6025 0
    endloop
  endfacet
  facet normal 0.9877 -0.156363 0
    outer loop
      vertex 17.0829 20.4772 2
      vertex 17.1811 21.0975 0
      vertex 17.1811 21.0975 2
    endloop
  endfacet
  facet normal 0.9877 -0.156363 0
    outer loop
      vertex 17.1811 21.0975 0
      vertex 17.0829 20.4772 2
      vertex 17.0829 20.4772 0
    endloop
  endfacet
  facet normal 0.998627 -0.0523833 0
    outer loop
      vertex 17.05 19.85 2
      vertex 17.0829 20.4772 0
      vertex 17.0829 20.4772 2
    endloop
  endfacet
  facet normal 0.998627 -0.0523833 0
    outer loop
      vertex 17.0829 20.4772 0
      vertex 17.05 19.85 2
      vertex 17.05 19.85 0
    endloop
  endfacet
  facet normal 0.838629 -0.544703 0
    outer loop
      vertex 17.8538 22.85 2
      vertex 18.1959 23.3767 0
      vertex 18.1959 23.3767 2
    endloop
  endfacet
  facet normal 0.838629 -0.544703 0
    outer loop
      vertex 18.1959 23.3767 0
      vertex 17.8538 22.85 2
      vertex 17.8538 22.85 0
    endloop
  endfacet
  facet normal -1 0 0
    outer loop
      vertex 44.5 1.6 2
      vertex 44.5 38.1 60
      vertex 44.5 38.1 2
    endloop
  endfacet
  facet normal -1 -0 0
    outer loop
      vertex 44.5 38.1 60
      vertex 44.5 1.6 2
      vertex 44.5 1.6 60
    endloop
  endfacet
  facet normal 0 0 1
    outer loop
      vertex 44.5 38.1 2
      vertex 43.75 19.85 2
      vertex 44.5 1.6 2
    endloop
  endfacet
  facet normal 0 0 1
    outer loop
      vertex 44.5 38.1 2
      vertex 43.7171 20.4772 2
      vertex 43.75 19.85 2
    endloop
  endfacet
  facet normal 0 0 1
    outer loop
      vertex 44.5 38.1 2
      vertex 43.6189 21.0975 2
      vertex 43.7171 20.4772 2
    endloop
  endfacet
  facet normal 0 0 1
    outer loop
      vertex 44.5 38.1 2
      vertex 43.4563 21.7041 2
      vertex 43.6189 21.0975 2
    endloop
  endfacet
  facet normal 0 0 1
    outer loop
      vertex 44.5 38.1 2
      vertex 43.2313 22.2904 2
      vertex 43.4563 21.7041 2
    endloop
  endfacet
  facet normal 0 0 1
    outer loop
      vertex 44.5 38.1 2
      vertex 42.9462 22.85 2
      vertex 43.2313 22.2904 2
    endloop
  endfacet
  facet normal 0 0 1
    outer loop
      vertex 44.5 38.1 2
      vertex 42.6041 23.3767 2
      vertex 42.9462 22.85 2
    endloop
  endfacet
  facet normal 0 0 1
    outer loop
      vertex 44.5 38.1 2
      vertex 42.2089 23.8648 2
      vertex 42.6041 23.3767 2
    endloop
  endfacet
  facet normal 0 0 1
    outer loop
      vertex 44.5 38.1 2
      vertex 41.7648 24.3089 2
      vertex 42.2089 23.8648 2
    endloop
  endfacet
  facet normal 0 0 1
    outer loop
      vertex 44.5 38.1 2
      vertex 41.2767 24.7041 2
      vertex 41.7648 24.3089 2
    endloop
  endfacet
  facet normal 0 0 1
    outer loop
      vertex 44.5 38.1 2
      vertex 40.75 25.0462 2
      vertex 41.2767 24.7041 2
    endloop
  endfacet
  facet normal 0 0 1
    outer loop
      vertex 44.5 38.1 2
      vertex 40.1904 25.3313 2
      vertex 40.75 25.0462 2
    endloop
  endfacet
  facet normal 0 0 1
    outer loop
      vertex 44.5 38.1 2
      vertex 39.6041 25.5563 2
      vertex 40.1904 25.3313 2
    endloop
  endfacet
  facet normal 0 0 1
    outer loop
      vertex 44.5 38.1 2
      vertex 38.9975 25.7189 2
      vertex 39.6041 25.5563 2
    endloop
  endfacet
  facet normal 0 0 1
    outer loop
      vertex 44.5 38.1 2
      vertex 38.3772 25.8171 2
      vertex 38.9975 25.7189 2
    endloop
  endfacet
  facet normal 0 0 1
    outer loop
      vertex 44.5 38.1 2
      vertex 37.75 25.85 2
      vertex 38.3772 25.8171 2
    endloop
  endfacet
  facet normal -0 0 1
    outer loop
      vertex 31 38.1 2
      vertex 37.75 25.85 2
      vertex 44.5 38.1 2
    endloop
  endfacet
  facet normal 0 0 1
    outer loop
      vertex 37.75 25.85 2
      vertex 31 38.1 2
      vertex 37.1228 25.8171 2
    endloop
  endfacet
  facet normal 0 0 1
    outer loop
      vertex 37.1228 25.8171 2
      vertex 31 38.1 2
      vertex 36.5025 25.7189 2
    endloop
  endfacet
  facet normal 0 0 1
    outer loop
      vertex 36.5025 25.7189 2
      vertex 31 38.1 2
      vertex 35.8959 25.5563 2
    endloop
  endfacet
  facet normal 0 0 1
    outer loop
      vertex 35.8959 25.5563 2
      vertex 31 38.1 2
      vertex 35.3096 25.3313 2
    endloop
  endfacet
  facet normal 0 0 1
    outer loop
      vertex 35.3096 25.3313 2
      vertex 31 38.1 2
      vertex 34.75 25.0462 2
    endloop
  endfacet
  facet normal 0 0 1
    outer loop
      vertex 34.75 25.0462 2
      vertex 31 38.1 2
      vertex 34.2233 24.7041 2
    endloop
  endfacet
  facet normal 0 0 1
    outer loop
      vertex 34.2233 24.7041 2
      vertex 31 38.1 2
      vertex 33.7352 24.3089 2
    endloop
  endfacet
  facet normal 0 0 1
    outer loop
      vertex 33.7352 24.3089 2
      vertex 31 38.1 2
      vertex 33.2911 23.8648 2
    endloop
  endfacet
  facet normal 0 0 1
    outer loop
      vertex 31.7829 20.4772 2
      vertex 31 38.1 2
      vertex 31.75 19.85 2
    endloop
  endfacet
  facet normal 0 0 1
    outer loop
      vertex 31.8811 21.0975 2
      vertex 31 38.1 2
      vertex 31.7829 20.4772 2
    endloop
  endfacet
  facet normal 0 0 1
    outer loop
      vertex 32.0437 21.7041 2
      vertex 31 38.1 2
      vertex 31.8811 21.0975 2
    endloop
  endfacet
  facet normal 0 0 1
    outer loop
      vertex 32.2687 22.2904 2
      vertex 31 38.1 2
      vertex 32.0437 21.7041 2
    endloop
  endfacet
  facet normal 0 0 1
    outer loop
      vertex 32.5538 22.85 2
      vertex 31 38.1 2
      vertex 32.2687 22.2904 2
    endloop
  endfacet
  facet normal 0 0 1
    outer loop
      vertex 32.8959 23.3767 2
      vertex 31 38.1 2
      vertex 32.5538 22.85 2
    endloop
  endfacet
  facet normal 0 0 1
    outer loop
      vertex 33.2911 23.8648 2
      vertex 31 38.1 2
      vertex 32.8959 23.3767 2
    endloop
  endfacet
  facet normal -0 0 1
    outer loop
      vertex 43.7171 19.2228 2
      vertex 44.5 1.6 2
      vertex 43.75 19.85 2
    endloop
  endfacet
  facet normal -0 0 1
    outer loop
      vertex 43.6189 18.6025 2
      vertex 44.5 1.6 2
      vertex 43.7171 19.2228 2
    endloop
  endfacet
  facet normal -0 0 1
    outer loop
      vertex 43.4563 17.9959 2
      vertex 44.5 1.6 2
      vertex 43.6189 18.6025 2
    endloop
  endfacet
  facet normal -0 0 1
    outer loop
      vertex 43.2313 17.4096 2
      vertex 44.5 1.6 2
      vertex 43.4563 17.9959 2
    endloop
  endfacet
  facet normal -0 0 1
    outer loop
      vertex 42.9462 16.85 2
      vertex 44.5 1.6 2
      vertex 43.2313 17.4096 2
    endloop
  endfacet
  facet normal -0 0 1
    outer loop
      vertex 42.6041 16.3233 2
      vertex 44.5 1.6 2
      vertex 42.9462 16.85 2
    endloop
  endfacet
  facet normal -0 0 1
    outer loop
      vertex 42.2089 15.8352 2
      vertex 44.5 1.6 2
      vertex 42.6041 16.3233 2
    endloop
  endfacet
  facet normal -0 0 1
    outer loop
      vertex 41.7648 15.3911 2
      vertex 44.5 1.6 2
      vertex 42.2089 15.8352 2
    endloop
  endfacet
  facet normal -0 0 1
    outer loop
      vertex 41.2767 14.9959 2
      vertex 44.5 1.6 2
      vertex 41.7648 15.3911 2
    endloop
  endfacet
  facet normal -0 0 1
    outer loop
      vertex 40.75 14.6538 2
      vertex 44.5 1.6 2
      vertex 41.2767 14.9959 2
    endloop
  endfacet
  facet normal -0 0 1
    outer loop
      vertex 40.1904 14.3687 2
      vertex 44.5 1.6 2
      vertex 40.75 14.6538 2
    endloop
  endfacet
  facet normal -0 0 1
    outer loop
      vertex 39.6041 14.1437 2
      vertex 44.5 1.6 2
      vertex 40.1904 14.3687 2
    endloop
  endfacet
  facet normal -0 0 1
    outer loop
      vertex 38.9975 13.9811 2
      vertex 44.5 1.6 2
      vertex 39.6041 14.1437 2
    endloop
  endfacet
  facet normal -0 0 1
    outer loop
      vertex 38.3772 13.8829 2
      vertex 44.5 1.6 2
      vertex 38.9975 13.9811 2
    endloop
  endfacet
  facet normal -0 0 1
    outer loop
      vertex 37.75 13.85 2
      vertex 44.5 1.6 2
      vertex 38.3772 13.8829 2
    endloop
  endfacet
  facet normal 0 0 1
    outer loop
      vertex 31 1.6 2
      vertex 37.75 13.85 2
      vertex 37.1228 13.8829 2
    endloop
  endfacet
  facet normal 0 0 1
    outer loop
      vertex 31 1.6 2
      vertex 37.1228 13.8829 2
      vertex 36.5025 13.9811 2
    endloop
  endfacet
  facet normal 0 0 1
    outer loop
      vertex 31 1.6 2
      vertex 36.5025 13.9811 2
      vertex 35.8959 14.1437 2
    endloop
  endfacet
  facet normal 0 0 1
    outer loop
      vertex 31 1.6 2
      vertex 35.8959 14.1437 2
      vertex 35.3096 14.3687 2
    endloop
  endfacet
  facet normal 0 0 1
    outer loop
      vertex 31 1.6 2
      vertex 35.3096 14.3687 2
      vertex 34.75 14.6538 2
    endloop
  endfacet
  facet normal 0 0 1
    outer loop
      vertex 31 1.6 2
      vertex 34.75 14.6538 2
      vertex 34.2233 14.9959 2
    endloop
  endfacet
  facet normal 0 0 1
    outer loop
      vertex 31 1.6 2
      vertex 34.2233 14.9959 2
      vertex 33.7352 15.3911 2
    endloop
  endfacet
  facet normal 0 0 1
    outer loop
      vertex 31 1.6 2
      vertex 33.7352 15.3911 2
      vertex 33.2911 15.8352 2
    endloop
  endfacet
  facet normal 0 0 1
    outer loop
      vertex 31 1.6 2
      vertex 33.2911 15.8352 2
      vertex 32.8959 16.3233 2
    endloop
  endfacet
  facet normal 0 0 1
    outer loop
      vertex 37.75 13.85 2
      vertex 31 1.6 2
      vertex 44.5 1.6 2
    endloop
  endfacet
  facet normal 0 0 1
    outer loop
      vertex 32.5538 16.85 2
      vertex 31 1.6 2
      vertex 32.8959 16.3233 2
    endloop
  endfacet
  facet normal 0 0 1
    outer loop
      vertex 32.2687 17.4096 2
      vertex 31 1.6 2
      vertex 32.5538 16.85 2
    endloop
  endfacet
  facet normal 0 0 1
    outer loop
      vertex 32.0437 17.9959 2
      vertex 31 1.6 2
      vertex 32.2687 17.4096 2
    endloop
  endfacet
  facet normal 0 0 1
    outer loop
      vertex 31.8811 18.6025 2
      vertex 31 1.6 2
      vertex 32.0437 17.9959 2
    endloop
  endfacet
  facet normal 0 0 1
    outer loop
      vertex 31.7829 19.2228 2
      vertex 31 1.6 2
      vertex 31.8811 18.6025 2
    endloop
  endfacet
  facet normal 0 0 1
    outer loop
      vertex 31.75 19.85 2
      vertex 31 1.6 2
      vertex 31.7829 19.2228 2
    endloop
  endfacet
  facet normal 0 0 1
    outer loop
      vertex 31 1.6 2
      vertex 31.75 19.85 2
      vertex 31 38.1 2
    endloop
  endfacet
  facet normal 1 -0 0
    outer loop
      vertex 31 1.6 60
      vertex 31 38.1 2
      vertex 31 38.1 60
    endloop
  endfacet
  facet normal 1 0 0
    outer loop
      vertex 31 38.1 2
      vertex 31 1.6 60
      vertex 31 1.6 2
    endloop
  endfacet
  facet normal 0 1 -0
    outer loop
      vertex 41.8 38.1 60
      vertex 33.7 38.1 61
      vertex 41.8 38.1 61
    endloop
  endfacet
  facet normal 0 1 0
    outer loop
      vertex 33.7 38.1 61
      vertex 41.8 38.1 60
      vertex 33.7 38.1 60
    endloop
  endfacet
  facet normal 0 -1 0
    outer loop
      vertex 31 38.1 60
      vertex 32.7 38.1 45
      vertex 32.7 38.1 60
    endloop
  endfacet
  facet normal 0 -1 0
    outer loop
      vertex 31 38.1 2
      vertex 33.7 38.1 45
      vertex 32.7 38.1 45
    endloop
  endfacet
  facet normal 0 -1 -0
    outer loop
      vertex 33.7 38.1 45
      vertex 31 38.1 2
      vertex 41.8 38.1 45
    endloop
  endfacet
  facet normal 0 -1 0
    outer loop
      vertex 44.5 38.1 2
      vertex 41.8 38.1 45
      vertex 31 38.1 2
    endloop
  endfacet
  facet normal 0 -1 0
    outer loop
      vertex 31 38.1 2
      vertex 32.7 38.1 45
      vertex 31 38.1 60
    endloop
  endfacet
  facet normal 0 -1 0
    outer loop
      vertex 33.7 38.1 45
      vertex 41.8 38.1 58
      vertex 33.7 38.1 58
    endloop
  endfacet
  facet normal 0 -1 -0
    outer loop
      vertex 41.8 38.1 58
      vertex 33.7 38.1 45
      vertex 41.8 38.1 45
    endloop
  endfacet
  facet normal 0 -1 0
    outer loop
      vertex 42.8 38.1 45
      vertex 44.5 38.1 60
      vertex 42.8 38.1 60
    endloop
  endfacet
  facet normal 0 -1 0
    outer loop
      vertex 42.8 38.1 45
      vertex 44.5 38.1 2
      vertex 44.5 38.1 60
    endloop
  endfacet
  facet normal 0 -1 0
    outer loop
      vertex 41.8 38.1 45
      vertex 44.5 38.1 2
      vertex 42.8 38.1 45
    endloop
  endfacet
  facet normal 0 -1 0
    outer loop
      vertex 33.7 1.6 60
      vertex 41.8 1.6 61
      vertex 33.7 1.6 61
    endloop
  endfacet
  facet normal 0 -1 -0
    outer loop
      vertex 41.8 1.6 61
      vertex 33.7 1.6 60
      vertex 41.8 1.6 60
    endloop
  endfacet
  facet normal 0 1 0
    outer loop
      vertex 44.5 1.6 60
      vertex 42.8 1.6 45
      vertex 42.8 1.6 60
    endloop
  endfacet
  facet normal 0 1 0
    outer loop
      vertex 44.5 1.6 2
      vertex 41.8 1.6 45
      vertex 42.8 1.6 45
    endloop
  endfacet
  facet normal 0 1 0
    outer loop
      vertex 41.8 1.6 45
      vertex 44.5 1.6 2
      vertex 33.7 1.6 45
    endloop
  endfacet
  facet normal 0 1 0
    outer loop
      vertex 31 1.6 2
      vertex 33.7 1.6 45
      vertex 44.5 1.6 2
    endloop
  endfacet
  facet normal 0 1 -0
    outer loop
      vertex 44.5 1.6 2
      vertex 42.8 1.6 45
      vertex 44.5 1.6 60
    endloop
  endfacet
  facet normal 0 1 -0
    outer loop
      vertex 41.8 1.6 45
      vertex 33.7 1.6 58
      vertex 41.8 1.6 58
    endloop
  endfacet
  facet normal 0 1 0
    outer loop
      vertex 33.7 1.6 58
      vertex 41.8 1.6 45
      vertex 33.7 1.6 45
    endloop
  endfacet
  facet normal 0 1 -0
    outer loop
      vertex 32.7 1.6 45
      vertex 31 1.6 60
      vertex 32.7 1.6 60
    endloop
  endfacet
  facet normal 0 1 0
    outer loop
      vertex 32.7 1.6 45
      vertex 31 1.6 2
      vertex 31 1.6 60
    endloop
  endfacet
  facet normal 0 1 0
    outer loop
      vertex 33.7 1.6 45
      vertex 31 1.6 2
      vertex 32.7 1.6 45
    endloop
  endfacet
  facet normal -0.9877 -0.156363 0
    outer loop
      vertex 43.7171 20.4772 0
      vertex 43.6189 21.0975 2
      vertex 43.6189 21.0975 0
    endloop
  endfacet
  facet normal -0.9877 -0.156363 0
    outer loop
      vertex 43.6189 21.0975 2
      vertex 43.7171 20.4772 0
      vertex 43.7171 20.4772 2
    endloop
  endfacet
  facet normal -0.998627 -0.0523833 0
    outer loop
      vertex 43.75 19.85 0
      vertex 43.7171 20.4772 2
      vertex 43.7171 20.4772 0
    endloop
  endfacet
  facet normal -0.998627 -0.0523833 0
    outer loop
      vertex 43.7171 20.4772 2
      vertex 43.75 19.85 0
      vertex 43.75 19.85 2
    endloop
  endfacet
  facet normal -0.965901 -0.258911 0
    outer loop
      vertex 43.6189 21.0975 0
      vertex 43.4563 21.7041 2
      vertex 43.4563 21.7041 0
    endloop
  endfacet
  facet normal -0.965901 -0.258911 0
    outer loop
      vertex 43.4563 21.7041 2
      vertex 43.6189 21.0975 0
      vertex 43.6189 21.0975 2
    endloop
  endfacet
  facet normal 0.453952 0.891026 -0
    outer loop
      vertex 35.3096 14.3687 0
      vertex 34.75 14.6538 2
      vertex 35.3096 14.3687 2
    endloop
  endfacet
  facet normal 0.453952 0.891026 0
    outer loop
      vertex 34.75 14.6538 2
      vertex 35.3096 14.3687 0
      vertex 34.75 14.6538 0
    endloop
  endfacet
  facet normal -0.629267 -0.777189 0
    outer loop
      vertex 41.2767 24.7041 0
      vertex 41.7648 24.3089 2
      vertex 41.2767 24.7041 2
    endloop
  endfacet
  facet normal -0.629267 -0.777189 -0
    outer loop
      vertex 41.7648 24.3089 2
      vertex 41.2767 24.7041 0
      vertex 41.7648 24.3089 0
    endloop
  endfacet
  facet normal -0.258911 -0.965901 0
    outer loop
      vertex 38.9975 25.7189 0
      vertex 39.6041 25.5563 2
      vertex 38.9975 25.7189 2
    endloop
  endfacet
  facet normal -0.258911 -0.965901 -0
    outer loop
      vertex 39.6041 25.5563 2
      vertex 38.9975 25.7189 0
      vertex 39.6041 25.5563 0
    endloop
  endfacet
  facet normal -0.156363 -0.9877 0
    outer loop
      vertex 38.3772 25.8171 0
      vertex 38.9975 25.7189 2
      vertex 38.3772 25.8171 2
    endloop
  endfacet
  facet normal -0.156363 -0.9877 -0
    outer loop
      vertex 38.9975 25.7189 2
      vertex 38.3772 25.8171 0
      vertex 38.9975 25.7189 0
    endloop
  endfacet
  facet normal 0.544703 -0.838629 0
    outer loop
      vertex 34.2233 24.7041 0
      vertex 34.75 25.0462 2
      vertex 34.2233 24.7041 2
    endloop
  endfacet
  facet normal 0.544703 -0.838629 0
    outer loop
      vertex 34.75 25.0462 2
      vertex 34.2233 24.7041 0
      vertex 34.75 25.0462 0
    endloop
  endfacet
  facet normal -0.258911 0.965901 0
    outer loop
      vertex 39.6041 14.1437 0
      vertex 38.9975 13.9811 2
      vertex 39.6041 14.1437 2
    endloop
  endfacet
  facet normal -0.258911 0.965901 0
    outer loop
      vertex 38.9975 13.9811 2
      vertex 39.6041 14.1437 0
      vertex 38.9975 13.9811 0
    endloop
  endfacet
  facet normal 0.998627 0.0523833 0
    outer loop
      vertex 31.7829 19.2228 2
      vertex 31.75 19.85 0
      vertex 31.75 19.85 2
    endloop
  endfacet
  facet normal 0.998627 0.0523833 0
    outer loop
      vertex 31.75 19.85 0
      vertex 31.7829 19.2228 2
      vertex 31.7829 19.2228 0
    endloop
  endfacet
  facet normal -0.453952 0.891026 0
    outer loop
      vertex 40.75 14.6538 0
      vertex 40.1904 14.3687 2
      vertex 40.75 14.6538 2
    endloop
  endfacet
  facet normal -0.453952 0.891026 0
    outer loop
      vertex 40.1904 14.3687 2
      vertex 40.75 14.6538 0
      vertex 40.1904 14.3687 0
    endloop
  endfacet
  facet normal 0.0523833 -0.998627 0
    outer loop
      vertex 37.1228 25.8171 0
      vertex 37.75 25.85 2
      vertex 37.1228 25.8171 2
    endloop
  endfacet
  facet normal 0.0523833 -0.998627 0
    outer loop
      vertex 37.75 25.85 2
      vertex 37.1228 25.8171 0
      vertex 37.75 25.85 0
    endloop
  endfacet
  facet normal 0.933612 0.358285 0
    outer loop
      vertex 32.2687 17.4096 2
      vertex 32.0437 17.9959 0
      vertex 32.0437 17.9959 2
    endloop
  endfacet
  facet normal 0.933612 0.358285 0
    outer loop
      vertex 32.0437 17.9959 0
      vertex 32.2687 17.4096 2
      vertex 32.2687 17.4096 0
    endloop
  endfacet
  facet normal 0.0523833 0.998627 -0
    outer loop
      vertex 37.75 13.85 0
      vertex 37.1228 13.8829 2
      vertex 37.75 13.85 2
    endloop
  endfacet
  facet normal 0.0523833 0.998627 0
    outer loop
      vertex 37.1228 13.8829 2
      vertex 37.75 13.85 0
      vertex 37.1228 13.8829 0
    endloop
  endfacet
  facet normal 0.358285 0.933612 -0
    outer loop
      vertex 35.8959 14.1437 0
      vertex 35.3096 14.3687 2
      vertex 35.8959 14.1437 2
    endloop
  endfacet
  facet normal 0.358285 0.933612 0
    outer loop
      vertex 35.3096 14.3687 2
      vertex 35.8959 14.1437 0
      vertex 35.3096 14.3687 0
    endloop
  endfacet
  facet normal 0.629267 0.777189 -0
    outer loop
      vertex 34.2233 14.9959 0
      vertex 33.7352 15.3911 2
      vertex 34.2233 14.9959 2
    endloop
  endfacet
  facet normal 0.629267 0.777189 0
    outer loop
      vertex 33.7352 15.3911 2
      vertex 34.2233 14.9959 0
      vertex 33.7352 15.3911 0
    endloop
  endfacet
  facet normal -0.358285 -0.933612 0
    outer loop
      vertex 39.6041 25.5563 0
      vertex 40.1904 25.3313 2
      vertex 39.6041 25.5563 2
    endloop
  endfacet
  facet normal -0.358285 -0.933612 -0
    outer loop
      vertex 40.1904 25.3313 2
      vertex 39.6041 25.5563 0
      vertex 40.1904 25.3313 0
    endloop
  endfacet
  facet normal 0.777189 0.629267 0
    outer loop
      vertex 33.2911 15.8352 2
      vertex 32.8959 16.3233 0
      vertex 32.8959 16.3233 2
    endloop
  endfacet
  facet normal 0.777189 0.629267 0
    outer loop
      vertex 32.8959 16.3233 0
      vertex 33.2911 15.8352 2
      vertex 33.2911 15.8352 0
    endloop
  endfacet
  facet normal 0.838629 -0.544703 0
    outer loop
      vertex 32.5538 22.85 2
      vertex 32.8959 23.3767 0
      vertex 32.8959 23.3767 2
    endloop
  endfacet
  facet normal 0.838629 -0.544703 0
    outer loop
      vertex 32.8959 23.3767 0
      vertex 32.5538 22.85 2
      vertex 32.5538 22.85 0
    endloop
  endfacet
  facet normal -0.838629 0.544703 0
    outer loop
      vertex 42.6041 16.3233 0
      vertex 42.9462 16.85 2
      vertex 42.9462 16.85 0
    endloop
  endfacet
  facet normal -0.838629 0.544703 0
    outer loop
      vertex 42.9462 16.85 2
      vertex 42.6041 16.3233 0
      vertex 42.6041 16.3233 2
    endloop
  endfacet
  facet normal -0.965901 0.258911 0
    outer loop
      vertex 43.4563 17.9959 0
      vertex 43.6189 18.6025 2
      vertex 43.6189 18.6025 0
    endloop
  endfacet
  facet normal -0.965901 0.258911 0
    outer loop
      vertex 43.6189 18.6025 2
      vertex 43.4563 17.9959 0
      vertex 43.4563 17.9959 2
    endloop
  endfacet
  facet normal -0.777189 0.629267 0
    outer loop
      vertex 42.2089 15.8352 0
      vertex 42.6041 16.3233 2
      vertex 42.6041 16.3233 0
    endloop
  endfacet
  facet normal -0.777189 0.629267 0
    outer loop
      vertex 42.6041 16.3233 2
      vertex 42.2089 15.8352 0
      vertex 42.2089 15.8352 2
    endloop
  endfacet
  facet normal -0.891026 0.453952 0
    outer loop
      vertex 42.9462 16.85 0
      vertex 43.2313 17.4096 2
      vertex 43.2313 17.4096 0
    endloop
  endfacet
  facet normal -0.891026 0.453952 0
    outer loop
      vertex 43.2313 17.4096 2
      vertex 42.9462 16.85 0
      vertex 42.9462 16.85 2
    endloop
  endfacet
  facet normal 0.629267 -0.777189 0
    outer loop
      vertex 33.7352 24.3089 0
      vertex 34.2233 24.7041 2
      vertex 33.7352 24.3089 2
    endloop
  endfacet
  facet normal 0.629267 -0.777189 0
    outer loop
      vertex 34.2233 24.7041 2
      vertex 33.7352 24.3089 0
      vertex 34.2233 24.7041 0
    endloop
  endfacet
  facet normal 0.358285 -0.933612 0
    outer loop
      vertex 35.3096 25.3313 0
      vertex 35.8959 25.5563 2
      vertex 35.3096 25.3313 2
    endloop
  endfacet
  facet normal 0.358285 -0.933612 0
    outer loop
      vertex 35.8959 25.5563 2
      vertex 35.3096 25.3313 0
      vertex 35.8959 25.5563 0
    endloop
  endfacet
  facet normal -0.777189 -0.629267 0
    outer loop
      vertex 42.6041 23.3767 0
      vertex 42.2089 23.8648 2
      vertex 42.2089 23.8648 0
    endloop
  endfacet
  facet normal -0.777189 -0.629267 0
    outer loop
      vertex 42.2089 23.8648 2
      vertex 42.6041 23.3767 0
      vertex 42.6041 23.3767 2
    endloop
  endfacet
  facet normal 0.9877 0.156363 0
    outer loop
      vertex 31.8811 18.6025 2
      vertex 31.7829 19.2228 0
      vertex 31.7829 19.2228 2
    endloop
  endfacet
  facet normal 0.9877 0.156363 0
    outer loop
      vertex 31.7829 19.2228 0
      vertex 31.8811 18.6025 2
      vertex 31.8811 18.6025 0
    endloop
  endfacet
  facet normal -0.707107 0.707107 0
    outer loop
      vertex 42.2089 15.8352 0
      vertex 41.7648 15.3911 2
      vertex 42.2089 15.8352 2
    endloop
  endfacet
  facet normal -0.707107 0.707107 0
    outer loop
      vertex 41.7648 15.3911 2
      vertex 42.2089 15.8352 0
      vertex 41.7648 15.3911 0
    endloop
  endfacet
  facet normal -0.544703 0.838629 0
    outer loop
      vertex 41.2767 14.9959 0
      vertex 40.75 14.6538 2
      vertex 41.2767 14.9959 2
    endloop
  endfacet
  facet normal -0.544703 0.838629 0
    outer loop
      vertex 40.75 14.6538 2
      vertex 41.2767 14.9959 0
      vertex 40.75 14.6538 0
    endloop
  endfacet
  facet normal 0.156363 -0.9877 0
    outer loop
      vertex 36.5025 25.7189 0
      vertex 37.1228 25.8171 2
      vertex 36.5025 25.7189 2
    endloop
  endfacet
  facet normal 0.156363 -0.9877 0
    outer loop
      vertex 37.1228 25.8171 2
      vertex 36.5025 25.7189 0
      vertex 37.1228 25.8171 0
    endloop
  endfacet
  facet normal -0.707107 -0.707107 0
    outer loop
      vertex 41.7648 24.3089 0
      vertex 42.2089 23.8648 2
      vertex 41.7648 24.3089 2
    endloop
  endfacet
  facet normal -0.707107 -0.707107 -0
    outer loop
      vertex 42.2089 23.8648 2
      vertex 41.7648 24.3089 0
      vertex 42.2089 23.8648 0
    endloop
  endfacet
  facet normal 0.544703 0.838629 -0
    outer loop
      vertex 34.75 14.6538 0
      vertex 34.2233 14.9959 2
      vertex 34.75 14.6538 2
    endloop
  endfacet
  facet normal 0.544703 0.838629 0
    outer loop
      vertex 34.2233 14.9959 2
      vertex 34.75 14.6538 0
      vertex 34.2233 14.9959 0
    endloop
  endfacet
  facet normal -0.0523833 -0.998627 0
    outer loop
      vertex 37.75 25.85 0
      vertex 38.3772 25.8171 2
      vertex 37.75 25.85 2
    endloop
  endfacet
  facet normal -0.0523833 -0.998627 -0
    outer loop
      vertex 38.3772 25.8171 2
      vertex 37.75 25.85 0
      vertex 38.3772 25.8171 0
    endloop
  endfacet
  facet normal -0.544703 -0.838629 0
    outer loop
      vertex 40.75 25.0462 0
      vertex 41.2767 24.7041 2
      vertex 40.75 25.0462 2
    endloop
  endfacet
  facet normal -0.544703 -0.838629 -0
    outer loop
      vertex 41.2767 24.7041 2
      vertex 40.75 25.0462 0
      vertex 41.2767 24.7041 0
    endloop
  endfacet
  facet normal -0.453952 -0.891026 0
    outer loop
      vertex 40.1904 25.3313 0
      vertex 40.75 25.0462 2
      vertex 40.1904 25.3313 2
    endloop
  endfacet
  facet normal -0.453952 -0.891026 -0
    outer loop
      vertex 40.75 25.0462 2
      vertex 40.1904 25.3313 0
      vertex 40.75 25.0462 0
    endloop
  endfacet
  facet normal -0.156363 0.9877 0
    outer loop
      vertex 38.9975 13.9811 0
      vertex 38.3772 13.8829 2
      vertex 38.9975 13.9811 2
    endloop
  endfacet
  facet normal -0.156363 0.9877 0
    outer loop
      vertex 38.3772 13.8829 2
      vertex 38.9975 13.9811 0
      vertex 38.3772 13.8829 0
    endloop
  endfacet
  facet normal -0.933612 -0.358285 0
    outer loop
      vertex 43.4563 21.7041 0
      vertex 43.2313 22.2904 2
      vertex 43.2313 22.2904 0
    endloop
  endfacet
  facet normal -0.933612 -0.358285 0
    outer loop
      vertex 43.2313 22.2904 2
      vertex 43.4563 21.7041 0
      vertex 43.4563 21.7041 2
    endloop
  endfacet
  facet normal -0.9877 0.156363 0
    outer loop
      vertex 43.6189 18.6025 0
      vertex 43.7171 19.2228 2
      vertex 43.7171 19.2228 0
    endloop
  endfacet
  facet normal -0.9877 0.156363 0
    outer loop
      vertex 43.7171 19.2228 2
      vertex 43.6189 18.6025 0
      vertex 43.6189 18.6025 2
    endloop
  endfacet
  facet normal -0.998627 0.0523833 0
    outer loop
      vertex 43.7171 19.2228 0
      vertex 43.75 19.85 2
      vertex 43.75 19.85 0
    endloop
  endfacet
  facet normal -0.998627 0.0523833 0
    outer loop
      vertex 43.75 19.85 2
      vertex 43.7171 19.2228 0
      vertex 43.7171 19.2228 2
    endloop
  endfacet
  facet normal -0.358285 0.933612 0
    outer loop
      vertex 40.1904 14.3687 0
      vertex 39.6041 14.1437 2
      vertex 40.1904 14.3687 2
    endloop
  endfacet
  facet normal -0.358285 0.933612 0
    outer loop
      vertex 39.6041 14.1437 2
      vertex 40.1904 14.3687 0
      vertex 39.6041 14.1437 0
    endloop
  endfacet
  facet normal -0.891026 -0.453952 0
    outer loop
      vertex 43.2313 22.2904 0
      vertex 42.9462 22.85 2
      vertex 42.9462 22.85 0
    endloop
  endfacet
  facet normal -0.891026 -0.453952 0
    outer loop
      vertex 42.9462 22.85 2
      vertex 43.2313 22.2904 0
      vertex 43.2313 22.2904 2
    endloop
  endfacet
  facet normal 0.258911 0.965901 -0
    outer loop
      vertex 36.5025 13.9811 0
      vertex 35.8959 14.1437 2
      vertex 36.5025 13.9811 2
    endloop
  endfacet
  facet normal 0.258911 0.965901 0
    outer loop
      vertex 35.8959 14.1437 2
      vertex 36.5025 13.9811 0
      vertex 35.8959 14.1437 0
    endloop
  endfacet
  facet normal -0.838629 -0.544703 0
    outer loop
      vertex 42.9462 22.85 0
      vertex 42.6041 23.3767 2
      vertex 42.6041 23.3767 0
    endloop
  endfacet
  facet normal -0.838629 -0.544703 0
    outer loop
      vertex 42.6041 23.3767 2
      vertex 42.9462 22.85 0
      vertex 42.9462 22.85 2
    endloop
  endfacet
  facet normal 0.891026 -0.453952 0
    outer loop
      vertex 32.2687 22.2904 2
      vertex 32.5538 22.85 0
      vertex 32.5538 22.85 2
    endloop
  endfacet
  facet normal 0.891026 -0.453952 0
    outer loop
      vertex 32.5538 22.85 0
      vertex 32.2687 22.2904 2
      vertex 32.2687 22.2904 0
    endloop
  endfacet
  facet normal 0.707107 -0.707107 0
    outer loop
      vertex 33.2911 23.8648 2
      vertex 33.7352 24.3089 0
      vertex 33.7352 24.3089 2
    endloop
  endfacet
  facet normal 0.707107 -0.707107 0
    outer loop
      vertex 33.7352 24.3089 0
      vertex 33.2911 23.8648 2
      vertex 33.2911 23.8648 0
    endloop
  endfacet
  facet normal 0.453952 -0.891026 0
    outer loop
      vertex 34.75 25.0462 0
      vertex 35.3096 25.3313 2
      vertex 34.75 25.0462 2
    endloop
  endfacet
  facet normal 0.453952 -0.891026 0
    outer loop
      vertex 35.3096 25.3313 2
      vertex 34.75 25.0462 0
      vertex 35.3096 25.3313 0
    endloop
  endfacet
  facet normal 0.891026 0.453952 0
    outer loop
      vertex 32.5538 16.85 2
      vertex 32.2687 17.4096 0
      vertex 32.2687 17.4096 2
    endloop
  endfacet
  facet normal 0.891026 0.453952 0
    outer loop
      vertex 32.2687 17.4096 0
      vertex 32.5538 16.85 2
      vertex 32.5538 16.85 0
    endloop
  endfacet
  facet normal 0.965901 0.258911 0
    outer loop
      vertex 32.0437 17.9959 2
      vertex 31.8811 18.6025 0
      vertex 31.8811 18.6025 2
    endloop
  endfacet
  facet normal 0.965901 0.258911 0
    outer loop
      vertex 31.8811 18.6025 0
      vertex 32.0437 17.9959 2
      vertex 32.0437 17.9959 0
    endloop
  endfacet
  facet normal 0.258911 -0.965901 0
    outer loop
      vertex 35.8959 25.5563 0
      vertex 36.5025 25.7189 2
      vertex 35.8959 25.5563 2
    endloop
  endfacet
  facet normal 0.258911 -0.965901 0
    outer loop
      vertex 36.5025 25.7189 2
      vertex 35.8959 25.5563 0
      vertex 36.5025 25.7189 0
    endloop
  endfacet
  facet normal -0.629267 0.777189 0
    outer loop
      vertex 41.7648 15.3911 0
      vertex 41.2767 14.9959 2
      vertex 41.7648 15.3911 2
    endloop
  endfacet
  facet normal -0.629267 0.777189 0
    outer loop
      vertex 41.2767 14.9959 2
      vertex 41.7648 15.3911 0
      vertex 41.2767 14.9959 0
    endloop
  endfacet
  facet normal 0.9877 -0.156363 0
    outer loop
      vertex 31.7829 20.4772 2
      vertex 31.8811 21.0975 0
      vertex 31.8811 21.0975 2
    endloop
  endfacet
  facet normal 0.9877 -0.156363 0
    outer loop
      vertex 31.8811 21.0975 0
      vertex 31.7829 20.4772 2
      vertex 31.7829 20.4772 0
    endloop
  endfacet
  facet normal 0.707107 0.707107 0
    outer loop
      vertex 33.7352 15.3911 2
      vertex 33.2911 15.8352 0
      vertex 33.2911 15.8352 2
    endloop
  endfacet
  facet normal 0.707107 0.707107 0
    outer loop
      vertex 33.2911 15.8352 0
      vertex 33.7352 15.3911 2
      vertex 33.7352 15.3911 0
    endloop
  endfacet
  facet normal 0.965901 -0.258911 0
    outer loop
      vertex 31.8811 21.0975 2
      vertex 32.0437 21.7041 0
      vertex 32.0437 21.7041 2
    endloop
  endfacet
  facet normal 0.965901 -0.258911 0
    outer loop
      vertex 32.0437 21.7041 0
      vertex 31.8811 21.0975 2
      vertex 31.8811 21.0975 0
    endloop
  endfacet
  facet normal 0.156363 0.9877 -0
    outer loop
      vertex 37.1228 13.8829 0
      vertex 36.5025 13.9811 2
      vertex 37.1228 13.8829 2
    endloop
  endfacet
  facet normal 0.156363 0.9877 0
    outer loop
      vertex 36.5025 13.9811 2
      vertex 37.1228 13.8829 0
      vertex 36.5025 13.9811 0
    endloop
  endfacet
  facet normal 0.777189 -0.629267 0
    outer loop
      vertex 32.8959 23.3767 2
      vertex 33.2911 23.8648 0
      vertex 33.2911 23.8648 2
    endloop
  endfacet
  facet normal 0.777189 -0.629267 0
    outer loop
      vertex 33.2911 23.8648 0
      vertex 32.8959 23.3767 2
      vertex 32.8959 23.3767 0
    endloop
  endfacet
  facet normal -0.933612 0.358285 0
    outer loop
      vertex 43.2313 17.4096 0
      vertex 43.4563 17.9959 2
      vertex 43.4563 17.9959 0
    endloop
  endfacet
  facet normal -0.933612 0.358285 0
    outer loop
      vertex 43.4563 17.9959 2
      vertex 43.2313 17.4096 0
      vertex 43.2313 17.4096 2
    endloop
  endfacet
  facet normal -0.0523833 0.998627 0
    outer loop
      vertex 38.3772 13.8829 0
      vertex 37.75 13.85 2
      vertex 38.3772 13.8829 2
    endloop
  endfacet
  facet normal -0.0523833 0.998627 0
    outer loop
      vertex 37.75 13.85 2
      vertex 38.3772 13.8829 0
      vertex 37.75 13.85 0
    endloop
  endfacet
  facet normal 0.838629 0.544703 0
    outer loop
      vertex 32.8959 16.3233 2
      vertex 32.5538 16.85 0
      vertex 32.5538 16.85 2
    endloop
  endfacet
  facet normal 0.838629 0.544703 0
    outer loop
      vertex 32.5538 16.85 0
      vertex 32.8959 16.3233 2
      vertex 32.8959 16.3233 0
    endloop
  endfacet
  facet normal 0.998627 -0.0523833 0
    outer loop
      vertex 31.75 19.85 2
      vertex 31.7829 20.4772 0
      vertex 31.7829 20.4772 2
    endloop
  endfacet
  facet normal 0.998627 -0.0523833 0
    outer loop
      vertex 31.7829 20.4772 0
      vertex 31.75 19.85 2
      vertex 31.75 19.85 0
    endloop
  endfacet
  facet normal 0.933612 -0.358285 0
    outer loop
      vertex 32.0437 21.7041 2
      vertex 32.2687 22.2904 0
      vertex 32.2687 22.2904 2
    endloop
  endfacet
  facet normal 0.933612 -0.358285 0
    outer loop
      vertex 32.2687 22.2904 0
      vertex 32.0437 21.7041 2
      vertex 32.0437 21.7041 0
    endloop
  endfacet
  facet normal -1 0 0
    outer loop
      vertex 59.2 1.6 2
      vertex 59.2 38.1 60
      vertex 59.2 38.1 2
    endloop
  endfacet
  facet normal -1 -0 0
    outer loop
      vertex 59.2 38.1 60
      vertex 59.2 1.6 2
      vertex 59.2 1.6 60
    endloop
  endfacet
  facet normal 0 0 1
    outer loop
      vertex 59.2 38.1 2
      vertex 58.45 19.85 2
      vertex 59.2 1.6 2
    endloop
  endfacet
  facet normal 0 0 1
    outer loop
      vertex 59.2 38.1 2
      vertex 58.4171 20.4772 2
      vertex 58.45 19.85 2
    endloop
  endfacet
  facet normal 0 0 1
    outer loop
      vertex 59.2 38.1 2
      vertex 58.3189 21.0975 2
      vertex 58.4171 20.4772 2
    endloop
  endfacet
  facet normal 0 0 1
    outer loop
      vertex 59.2 38.1 2
      vertex 58.1563 21.7041 2
      vertex 58.3189 21.0975 2
    endloop
  endfacet
  facet normal 0 0 1
    outer loop
      vertex 59.2 38.1 2
      vertex 57.9313 22.2904 2
      vertex 58.1563 21.7041 2
    endloop
  endfacet
  facet normal 0 0 1
    outer loop
      vertex 59.2 38.1 2
      vertex 57.6462 22.85 2
      vertex 57.9313 22.2904 2
    endloop
  endfacet
  facet normal 0 0 1
    outer loop
      vertex 59.2 38.1 2
      vertex 57.3041 23.3767 2
      vertex 57.6462 22.85 2
    endloop
  endfacet
  facet normal 0 0 1
    outer loop
      vertex 59.2 38.1 2
      vertex 56.9089 23.8648 2
      vertex 57.3041 23.3767 2
    endloop
  endfacet
  facet normal 0 0 1
    outer loop
      vertex 59.2 38.1 2
      vertex 56.4648 24.3089 2
      vertex 56.9089 23.8648 2
    endloop
  endfacet
  facet normal 0 0 1
    outer loop
      vertex 59.2 38.1 2
      vertex 55.9767 24.7041 2
      vertex 56.4648 24.3089 2
    endloop
  endfacet
  facet normal 0 0 1
    outer loop
      vertex 59.2 38.1 2
      vertex 55.45 25.0462 2
      vertex 55.9767 24.7041 2
    endloop
  endfacet
  facet normal 0 0 1
    outer loop
      vertex 59.2 38.1 2
      vertex 54.8904 25.3313 2
      vertex 55.45 25.0462 2
    endloop
  endfacet
  facet normal 0 0 1
    outer loop
      vertex 59.2 38.1 2
      vertex 54.3041 25.5563 2
      vertex 54.8904 25.3313 2
    endloop
  endfacet
  facet normal 0 0 1
    outer loop
      vertex 59.2 38.1 2
      vertex 53.6975 25.7189 2
      vertex 54.3041 25.5563 2
    endloop
  endfacet
  facet normal 0 0 1
    outer loop
      vertex 59.2 38.1 2
      vertex 53.0772 25.8171 2
      vertex 53.6975 25.7189 2
    endloop
  endfacet
  facet normal 0 0 1
    outer loop
      vertex 59.2 38.1 2
      vertex 52.45 25.85 2
      vertex 53.0772 25.8171 2
    endloop
  endfacet
  facet normal -0 0 1
    outer loop
      vertex 45.7 38.1 2
      vertex 52.45 25.85 2
      vertex 59.2 38.1 2
    endloop
  endfacet
  facet normal 0 0 1
    outer loop
      vertex 52.45 25.85 2
      vertex 45.7 38.1 2
      vertex 51.8228 25.8171 2
    endloop
  endfacet
  facet normal 0 0 1
    outer loop
      vertex 51.8228 25.8171 2
      vertex 45.7 38.1 2
      vertex 51.2025 25.7189 2
    endloop
  endfacet
  facet normal 0 0 1
    outer loop
      vertex 51.2025 25.7189 2
      vertex 45.7 38.1 2
      vertex 50.5959 25.5563 2
    endloop
  endfacet
  facet normal 0 0 1
    outer loop
      vertex 50.5959 25.5563 2
      vertex 45.7 38.1 2
      vertex 50.0096 25.3313 2
    endloop
  endfacet
  facet normal 0 0 1
    outer loop
      vertex 50.0096 25.3313 2
      vertex 45.7 38.1 2
      vertex 49.45 25.0462 2
    endloop
  endfacet
  facet normal 0 0 1
    outer loop
      vertex 49.45 25.0462 2
      vertex 45.7 38.1 2
      vertex 48.9233 24.7041 2
    endloop
  endfacet
  facet normal 0 0 1
    outer loop
      vertex 48.9233 24.7041 2
      vertex 45.7 38.1 2
      vertex 48.4352 24.3089 2
    endloop
  endfacet
  facet normal 0 0 1
    outer loop
      vertex 48.4352 24.3089 2
      vertex 45.7 38.1 2
      vertex 47.9911 23.8648 2
    endloop
  endfacet
  facet normal 0 0 1
    outer loop
      vertex 46.4829 20.4772 2
      vertex 45.7 38.1 2
      vertex 46.45 19.85 2
    endloop
  endfacet
  facet normal 0 0 1
    outer loop
      vertex 46.5811 21.0975 2
      vertex 45.7 38.1 2
      vertex 46.4829 20.4772 2
    endloop
  endfacet
  facet normal 0 0 1
    outer loop
      vertex 46.7437 21.7041 2
      vertex 45.7 38.1 2
      vertex 46.5811 21.0975 2
    endloop
  endfacet
  facet normal 0 0 1
    outer loop
      vertex 46.9687 22.2904 2
      vertex 45.7 38.1 2
      vertex 46.7437 21.7041 2
    endloop
  endfacet
  facet normal 0 0 1
    outer loop
      vertex 47.2538 22.85 2
      vertex 45.7 38.1 2
      vertex 46.9687 22.2904 2
    endloop
  endfacet
  facet normal 0 0 1
    outer loop
      vertex 47.5959 23.3767 2
      vertex 45.7 38.1 2
      vertex 47.2538 22.85 2
    endloop
  endfacet
  facet normal 0 0 1
    outer loop
      vertex 47.9911 23.8648 2
      vertex 45.7 38.1 2
      vertex 47.5959 23.3767 2
    endloop
  endfacet
  facet normal -0 0 1
    outer loop
      vertex 58.4171 19.2228 2
      vertex 59.2 1.6 2
      vertex 58.45 19.85 2
    endloop
  endfacet
  facet normal -0 0 1
    outer loop
      vertex 58.3189 18.6025 2
      vertex 59.2 1.6 2
      vertex 58.4171 19.2228 2
    endloop
  endfacet
  facet normal -0 0 1
    outer loop
      vertex 58.1563 17.9959 2
      vertex 59.2 1.6 2
      vertex 58.3189 18.6025 2
    endloop
  endfacet
  facet normal -0 0 1
    outer loop
      vertex 57.9313 17.4096 2
      vertex 59.2 1.6 2
      vertex 58.1563 17.9959 2
    endloop
  endfacet
  facet normal -0 0 1
    outer loop
      vertex 57.6462 16.85 2
      vertex 59.2 1.6 2
      vertex 57.9313 17.4096 2
    endloop
  endfacet
  facet normal -0 0 1
    outer loop
      vertex 57.3041 16.3233 2
      vertex 59.2 1.6 2
      vertex 57.6462 16.85 2
    endloop
  endfacet
  facet normal -0 0 1
    outer loop
      vertex 56.9089 15.8352 2
      vertex 59.2 1.6 2
      vertex 57.3041 16.3233 2
    endloop
  endfacet
  facet normal -0 0 1
    outer loop
      vertex 56.4648 15.3911 2
      vertex 59.2 1.6 2
      vertex 56.9089 15.8352 2
    endloop
  endfacet
  facet normal -0 0 1
    outer loop
      vertex 55.9767 14.9959 2
      vertex 59.2 1.6 2
      vertex 56.4648 15.3911 2
    endloop
  endfacet
  facet normal -0 0 1
    outer loop
      vertex 55.45 14.6538 2
      vertex 59.2 1.6 2
      vertex 55.9767 14.9959 2
    endloop
  endfacet
  facet normal -0 0 1
    outer loop
      vertex 54.8904 14.3687 2
      vertex 59.2 1.6 2
      vertex 55.45 14.6538 2
    endloop
  endfacet
  facet normal -0 0 1
    outer loop
      vertex 54.3041 14.1437 2
      vertex 59.2 1.6 2
      vertex 54.8904 14.3687 2
    endloop
  endfacet
  facet normal -0 0 1
    outer loop
      vertex 53.6975 13.9811 2
      vertex 59.2 1.6 2
      vertex 54.3041 14.1437 2
    endloop
  endfacet
  facet normal -0 0 1
    outer loop
      vertex 53.0772 13.8829 2
      vertex 59.2 1.6 2
      vertex 53.6975 13.9811 2
    endloop
  endfacet
  facet normal -0 0 1
    outer loop
      vertex 52.45 13.85 2
      vertex 59.2 1.6 2
      vertex 53.0772 13.8829 2
    endloop
  endfacet
  facet normal 0 0 1
    outer loop
      vertex 45.7 1.6 2
      vertex 52.45 13.85 2
      vertex 51.8228 13.8829 2
    endloop
  endfacet
  facet normal 0 0 1
    outer loop
      vertex 45.7 1.6 2
      vertex 51.8228 13.8829 2
      vertex 51.2025 13.9811 2
    endloop
  endfacet
  facet normal 0 0 1
    outer loop
      vertex 45.7 1.6 2
      vertex 51.2025 13.9811 2
      vertex 50.5959 14.1437 2
    endloop
  endfacet
  facet normal 0 0 1
    outer loop
      vertex 45.7 1.6 2
      vertex 50.5959 14.1437 2
      vertex 50.0096 14.3687 2
    endloop
  endfacet
  facet normal 0 0 1
    outer loop
      vertex 45.7 1.6 2
      vertex 50.0096 14.3687 2
      vertex 49.45 14.6538 2
    endloop
  endfacet
  facet normal 0 0 1
    outer loop
      vertex 45.7 1.6 2
      vertex 49.45 14.6538 2
      vertex 48.9233 14.9959 2
    endloop
  endfacet
  facet normal 0 0 1
    outer loop
      vertex 45.7 1.6 2
      vertex 48.9233 14.9959 2
      vertex 48.4352 15.3911 2
    endloop
  endfacet
  facet normal 0 0 1
    outer loop
      vertex 45.7 1.6 2
      vertex 48.4352 15.3911 2
      vertex 47.9911 15.8352 2
    endloop
  endfacet
  facet normal 0 0 1
    outer loop
      vertex 45.7 1.6 2
      vertex 47.9911 15.8352 2
      vertex 47.5959 16.3233 2
    endloop
  endfacet
  facet normal 0 0 1
    outer loop
      vertex 52.45 13.85 2
      vertex 45.7 1.6 2
      vertex 59.2 1.6 2
    endloop
  endfacet
  facet normal 0 0 1
    outer loop
      vertex 47.2538 16.85 2
      vertex 45.7 1.6 2
      vertex 47.5959 16.3233 2
    endloop
  endfacet
  facet normal 0 0 1
    outer loop
      vertex 46.9687 17.4096 2
      vertex 45.7 1.6 2
      vertex 47.2538 16.85 2
    endloop
  endfacet
  facet normal 0 0 1
    outer loop
      vertex 46.7437 17.9959 2
      vertex 45.7 1.6 2
      vertex 46.9687 17.4096 2
    endloop
  endfacet
  facet normal 0 0 1
    outer loop
      vertex 46.5811 18.6025 2
      vertex 45.7 1.6 2
      vertex 46.7437 17.9959 2
    endloop
  endfacet
  facet normal 0 0 1
    outer loop
      vertex 46.4829 19.2228 2
      vertex 45.7 1.6 2
      vertex 46.5811 18.6025 2
    endloop
  endfacet
  facet normal 0 0 1
    outer loop
      vertex 46.45 19.85 2
      vertex 45.7 1.6 2
      vertex 46.4829 19.2228 2
    endloop
  endfacet
  facet normal 0 0 1
    outer loop
      vertex 45.7 1.6 2
      vertex 46.45 19.85 2
      vertex 45.7 38.1 2
    endloop
  endfacet
  facet normal 1 -0 0
    outer loop
      vertex 45.7 1.6 60
      vertex 45.7 38.1 2
      vertex 45.7 38.1 60
    endloop
  endfacet
  facet normal 1 0 0
    outer loop
      vertex 45.7 38.1 2
      vertex 45.7 1.6 60
      vertex 45.7 1.6 2
    endloop
  endfacet
  facet normal 0 1 -0
    outer loop
      vertex 56.5 38.1 60
      vertex 48.4 38.1 61
      vertex 56.5 38.1 61
    endloop
  endfacet
  facet normal 0 1 0
    outer loop
      vertex 48.4 38.1 61
      vertex 56.5 38.1 60
      vertex 48.4 38.1 60
    endloop
  endfacet
  facet normal 0 -1 0
    outer loop
      vertex 45.7 38.1 60
      vertex 47.4 38.1 45
      vertex 47.4 38.1 60
    endloop
  endfacet
  facet normal 0 -1 0
    outer loop
      vertex 45.7 38.1 2
      vertex 48.4 38.1 45
      vertex 47.4 38.1 45
    endloop
  endfacet
  facet normal 0 -1 -0
    outer loop
      vertex 48.4 38.1 45
      vertex 45.7 38.1 2
      vertex 56.5 38.1 45
    endloop
  endfacet
  facet normal 0 -1 0
    outer loop
      vertex 59.2 38.1 2
      vertex 56.5 38.1 45
      vertex 45.7 38.1 2
    endloop
  endfacet
  facet normal 0 -1 0
    outer loop
      vertex 45.7 38.1 2
      vertex 47.4 38.1 45
      vertex 45.7 38.1 60
    endloop
  endfacet
  facet normal 0 -1 0
    outer loop
      vertex 48.4 38.1 45
      vertex 56.5 38.1 58
      vertex 48.4 38.1 58
    endloop
  endfacet
  facet normal 0 -1 -0
    outer loop
      vertex 56.5 38.1 58
      vertex 48.4 38.1 45
      vertex 56.5 38.1 45
    endloop
  endfacet
  facet normal 0 -1 0
    outer loop
      vertex 57.5 38.1 45
      vertex 59.2 38.1 60
      vertex 57.5 38.1 60
    endloop
  endfacet
  facet normal 0 -1 0
    outer loop
      vertex 57.5 38.1 45
      vertex 59.2 38.1 2
      vertex 59.2 38.1 60
    endloop
  endfacet
  facet normal 0 -1 0
    outer loop
      vertex 56.5 38.1 45
      vertex 59.2 38.1 2
      vertex 57.5 38.1 45
    endloop
  endfacet
  facet normal 0 -1 0
    outer loop
      vertex 48.4 1.6 60
      vertex 56.5 1.6 61
      vertex 48.4 1.6 61
    endloop
  endfacet
  facet normal 0 -1 -0
    outer loop
      vertex 56.5 1.6 61
      vertex 48.4 1.6 60
      vertex 56.5 1.6 60
    endloop
  endfacet
  facet normal 0 1 0
    outer loop
      vertex 59.2 1.6 60
      vertex 57.5 1.6 45
      vertex 57.5 1.6 60
    endloop
  endfacet
  facet normal 0 1 0
    outer loop
      vertex 59.2 1.6 2
      vertex 56.5 1.6 45
      vertex 57.5 1.6 45
    endloop
  endfacet
  facet normal 0 1 0
    outer loop
      vertex 56.5 1.6 45
      vertex 59.2 1.6 2
      vertex 48.4 1.6 45
    endloop
  endfacet
  facet normal 0 1 0
    outer loop
      vertex 45.7 1.6 2
      vertex 48.4 1.6 45
      vertex 59.2 1.6 2
    endloop
  endfacet
  facet normal 0 1 -0
    outer loop
      vertex 59.2 1.6 2
      vertex 57.5 1.6 45
      vertex 59.2 1.6 60
    endloop
  endfacet
  facet normal 0 1 -0
    outer loop
      vertex 56.5 1.6 45
      vertex 48.4 1.6 58
      vertex 56.5 1.6 58
    endloop
  endfacet
  facet normal 0 1 0
    outer loop
      vertex 48.4 1.6 58
      vertex 56.5 1.6 45
      vertex 48.4 1.6 45
    endloop
  endfacet
  facet normal 0 1 -0
    outer loop
      vertex 47.4 1.6 45
      vertex 45.7 1.6 60
      vertex 47.4 1.6 60
    endloop
  endfacet
  facet normal 0 1 0
    outer loop
      vertex 47.4 1.6 45
      vertex 45.7 1.6 2
      vertex 45.7 1.6 60
    endloop
  endfacet
  facet normal 0 1 0
    outer loop
      vertex 48.4 1.6 45
      vertex 45.7 1.6 2
      vertex 47.4 1.6 45
    endloop
  endfacet
  facet normal -0.0523833 -0.998627 0
    outer loop
      vertex 52.45 25.85 0
      vertex 53.0772 25.8171 2
      vertex 52.45 25.85 2
    endloop
  endfacet
  facet normal -0.0523833 -0.998627 -0
    outer loop
      vertex 53.0772 25.8171 2
      vertex 52.45 25.85 0
      vertex 53.0772 25.8171 0
    endloop
  endfacet
  facet normal -0.9877 -0.156363 0
    outer loop
      vertex 58.4171 20.4772 0
      vertex 58.3189 21.0975 2
      vertex 58.3189 21.0975 0
    endloop
  endfacet
  facet normal -0.9877 -0.156363 0
    outer loop
      vertex 58.3189 21.0975 2
      vertex 58.4171 20.4772 0
      vertex 58.4171 20.4772 2
    endloop
  endfacet
  facet normal -0.998627 -0.0523833 0
    outer loop
      vertex 58.45 19.85 0
      vertex 58.4171 20.4772 2
      vertex 58.4171 20.4772 0
    endloop
  endfacet
  facet normal -0.998627 -0.0523833 0
    outer loop
      vertex 58.4171 20.4772 2
      vertex 58.45 19.85 0
      vertex 58.45 19.85 2
    endloop
  endfacet
  facet normal -0.965901 -0.258911 0
    outer loop
      vertex 58.3189 21.0975 0
      vertex 58.1563 21.7041 2
      vertex 58.1563 21.7041 0
    endloop
  endfacet
  facet normal -0.965901 -0.258911 0
    outer loop
      vertex 58.1563 21.7041 2
      vertex 58.3189 21.0975 0
      vertex 58.3189 21.0975 2
    endloop
  endfacet
  facet normal -0.453952 0.891026 0
    outer loop
      vertex 55.45 14.6538 0
      vertex 54.8904 14.3687 2
      vertex 55.45 14.6538 2
    endloop
  endfacet
  facet normal -0.453952 0.891026 0
    outer loop
      vertex 54.8904 14.3687 2
      vertex 55.45 14.6538 0
      vertex 54.8904 14.3687 0
    endloop
  endfacet
  facet normal -0.156363 0.9877 0
    outer loop
      vertex 53.6975 13.9811 0
      vertex 53.0772 13.8829 2
      vertex 53.6975 13.9811 2
    endloop
  endfacet
  facet normal -0.156363 0.9877 0
    outer loop
      vertex 53.0772 13.8829 2
      vertex 53.6975 13.9811 0
      vertex 53.0772 13.8829 0
    endloop
  endfacet
  facet normal -0.629267 -0.777189 0
    outer loop
      vertex 55.9767 24.7041 0
      vertex 56.4648 24.3089 2
      vertex 55.9767 24.7041 2
    endloop
  endfacet
  facet normal -0.629267 -0.777189 -0
    outer loop
      vertex 56.4648 24.3089 2
      vertex 55.9767 24.7041 0
      vertex 56.4648 24.3089 0
    endloop
  endfacet
  facet normal 0.838629 -0.544703 0
    outer loop
      vertex 47.2538 22.85 2
      vertex 47.5959 23.3767 0
      vertex 47.5959 23.3767 2
    endloop
  endfacet
  facet normal 0.838629 -0.544703 0
    outer loop
      vertex 47.5959 23.3767 0
      vertex 47.2538 22.85 2
      vertex 47.2538 22.85 0
    endloop
  endfacet
  facet normal 0.998627 0.0523833 0
    outer loop
      vertex 46.4829 19.2228 2
      vertex 46.45 19.85 0
      vertex 46.45 19.85 2
    endloop
  endfacet
  facet normal 0.998627 0.0523833 0
    outer loop
      vertex 46.45 19.85 0
      vertex 46.4829 19.2228 2
      vertex 46.4829 19.2228 0
    endloop
  endfacet
  facet normal -0.998627 0.0523833 0
    outer loop
      vertex 58.4171 19.2228 0
      vertex 58.45 19.85 2
      vertex 58.45 19.85 0
    endloop
  endfacet
  facet normal -0.998627 0.0523833 0
    outer loop
      vertex 58.45 19.85 2
      vertex 58.4171 19.2228 0
      vertex 58.4171 19.2228 2
    endloop
  endfacet
  facet normal 0.156363 -0.9877 0
    outer loop
      vertex 51.2025 25.7189 0
      vertex 51.8228 25.8171 2
      vertex 51.2025 25.7189 2
    endloop
  endfacet
  facet normal 0.156363 -0.9877 0
    outer loop
      vertex 51.8228 25.8171 2
      vertex 51.2025 25.7189 0
      vertex 51.8228 25.8171 0
    endloop
  endfacet
  facet normal 0.707107 0.707107 0
    outer loop
      vertex 48.4352 15.3911 2
      vertex 47.9911 15.8352 0
      vertex 47.9911 15.8352 2
    endloop
  endfacet
  facet normal 0.707107 0.707107 0
    outer loop
      vertex 47.9911 15.8352 0
      vertex 48.4352 15.3911 2
      vertex 48.4352 15.3911 0
    endloop
  endfacet
  facet normal 0.707107 -0.707107 0
    outer loop
      vertex 47.9911 23.8648 2
      vertex 48.4352 24.3089 0
      vertex 48.4352 24.3089 2
    endloop
  endfacet
  facet normal 0.707107 -0.707107 0
    outer loop
      vertex 48.4352 24.3089 0
      vertex 47.9911 23.8648 2
      vertex 47.9911 23.8648 0
    endloop
  endfacet
  facet normal 0.933612 -0.358285 0
    outer loop
      vertex 46.7437 21.7041 2
      vertex 46.9687 22.2904 0
      vertex 46.9687 22.2904 2
    endloop
  endfacet
  facet normal 0.933612 -0.358285 0
    outer loop
      vertex 46.9687 22.2904 0
      vertex 46.7437 21.7041 2
      vertex 46.7437 21.7041 0
    endloop
  endfacet
  facet normal 0.156363 0.9877 -0
    outer loop
      vertex 51.8228 13.8829 0
      vertex 51.2025 13.9811 2
      vertex 51.8228 13.8829 2
    endloop
  endfacet
  facet normal 0.156363 0.9877 0
    outer loop
      vertex 51.2025 13.9811 2
      vertex 51.8228 13.8829 0
      vertex 51.2025 13.9811 0
    endloop
  endfacet
  facet normal -0.544703 0.838629 0
    outer loop
      vertex 55.9767 14.9959 0
      vertex 55.45 14.6538 2
      vertex 55.9767 14.9959 2
    endloop
  endfacet
  facet normal -0.544703 0.838629 0
    outer loop
      vertex 55.45 14.6538 2
      vertex 55.9767 14.9959 0
      vertex 55.45 14.6538 0
    endloop
  endfacet
  facet normal -0.358285 -0.933612 0
    outer loop
      vertex 54.3041 25.5563 0
      vertex 54.8904 25.3313 2
      vertex 54.3041 25.5563 2
    endloop
  endfacet
  facet normal -0.358285 -0.933612 -0
    outer loop
      vertex 54.8904 25.3313 2
      vertex 54.3041 25.5563 0
      vertex 54.8904 25.3313 0
    endloop
  endfacet
  facet normal -0.258911 -0.965901 0
    outer loop
      vertex 53.6975 25.7189 0
      vertex 54.3041 25.5563 2
      vertex 53.6975 25.7189 2
    endloop
  endfacet
  facet normal -0.258911 -0.965901 -0
    outer loop
      vertex 54.3041 25.5563 2
      vertex 53.6975 25.7189 0
      vertex 54.3041 25.5563 0
    endloop
  endfacet
  facet normal 0.838629 0.544703 0
    outer loop
      vertex 47.5959 16.3233 2
      vertex 47.2538 16.85 0
      vertex 47.2538 16.85 2
    endloop
  endfacet
  facet normal 0.838629 0.544703 0
    outer loop
      vertex 47.2538 16.85 0
      vertex 47.5959 16.3233 2
      vertex 47.5959 16.3233 0
    endloop
  endfacet
  facet normal 0.544703 0.838629 -0
    outer loop
      vertex 49.45 14.6538 0
      vertex 48.9233 14.9959 2
      vertex 49.45 14.6538 2
    endloop
  endfacet
  facet normal 0.544703 0.838629 0
    outer loop
      vertex 48.9233 14.9959 2
      vertex 49.45 14.6538 0
      vertex 48.9233 14.9959 0
    endloop
  endfacet
  facet normal 0.777189 -0.629267 0
    outer loop
      vertex 47.5959 23.3767 2
      vertex 47.9911 23.8648 0
      vertex 47.9911 23.8648 2
    endloop
  endfacet
  facet normal 0.777189 -0.629267 0
    outer loop
      vertex 47.9911 23.8648 0
      vertex 47.5959 23.3767 2
      vertex 47.5959 23.3767 0
    endloop
  endfacet
  facet normal -0.965901 0.258911 0
    outer loop
      vertex 58.1563 17.9959 0
      vertex 58.3189 18.6025 2
      vertex 58.3189 18.6025 0
    endloop
  endfacet
  facet normal -0.965901 0.258911 0
    outer loop
      vertex 58.3189 18.6025 2
      vertex 58.1563 17.9959 0
      vertex 58.1563 17.9959 2
    endloop
  endfacet
  facet normal -0.838629 0.544703 0
    outer loop
      vertex 57.3041 16.3233 0
      vertex 57.6462 16.85 2
      vertex 57.6462 16.85 0
    endloop
  endfacet
  facet normal -0.838629 0.544703 0
    outer loop
      vertex 57.6462 16.85 2
      vertex 57.3041 16.3233 0
      vertex 57.3041 16.3233 2
    endloop
  endfacet
  facet normal 0.629267 0.777189 -0
    outer loop
      vertex 48.9233 14.9959 0
      vertex 48.4352 15.3911 2
      vertex 48.9233 14.9959 2
    endloop
  endfacet
  facet normal 0.629267 0.777189 0
    outer loop
      vertex 48.4352 15.3911 2
      vertex 48.9233 14.9959 0
      vertex 48.4352 15.3911 0
    endloop
  endfacet
  facet normal -0.777189 -0.629267 0
    outer loop
      vertex 57.3041 23.3767 0
      vertex 56.9089 23.8648 2
      vertex 56.9089 23.8648 0
    endloop
  endfacet
  facet normal -0.777189 -0.629267 0
    outer loop
      vertex 56.9089 23.8648 2
      vertex 57.3041 23.3767 0
      vertex 57.3041 23.3767 2
    endloop
  endfacet
  facet normal 0.258911 0.965901 -0
    outer loop
      vertex 51.2025 13.9811 0
      vertex 50.5959 14.1437 2
      vertex 51.2025 13.9811 2
    endloop
  endfacet
  facet normal 0.258911 0.965901 0
    outer loop
      vertex 50.5959 14.1437 2
      vertex 51.2025 13.9811 0
      vertex 50.5959 14.1437 0
    endloop
  endfacet
  facet normal 0.358285 -0.933612 0
    outer loop
      vertex 50.0096 25.3313 0
      vertex 50.5959 25.5563 2
      vertex 50.0096 25.3313 2
    endloop
  endfacet
  facet normal 0.358285 -0.933612 0
    outer loop
      vertex 50.5959 25.5563 2
      vertex 50.0096 25.3313 0
      vertex 50.5959 25.5563 0
    endloop
  endfacet
  facet normal 0.0523833 0.998627 -0
    outer loop
      vertex 52.45 13.85 0
      vertex 51.8228 13.8829 2
      vertex 52.45 13.85 2
    endloop
  endfacet
  facet normal 0.0523833 0.998627 0
    outer loop
      vertex 51.8228 13.8829 2
      vertex 52.45 13.85 0
      vertex 51.8228 13.8829 0
    endloop
  endfacet
  facet normal 0.933612 0.358285 0
    outer loop
      vertex 46.9687 17.4096 2
      vertex 46.7437 17.9959 0
      vertex 46.7437 17.9959 2
    endloop
  endfacet
  facet normal 0.933612 0.358285 0
    outer loop
      vertex 46.7437 17.9959 0
      vertex 46.9687 17.4096 2
      vertex 46.9687 17.4096 0
    endloop
  endfacet
  facet normal -0.0523833 0.998627 0
    outer loop
      vertex 53.0772 13.8829 0
      vertex 52.45 13.85 2
      vertex 53.0772 13.8829 2
    endloop
  endfacet
  facet normal -0.0523833 0.998627 0
    outer loop
      vertex 52.45 13.85 2
      vertex 53.0772 13.8829 0
      vertex 52.45 13.85 0
    endloop
  endfacet
  facet normal -0.258911 0.965901 0
    outer loop
      vertex 54.3041 14.1437 0
      vertex 53.6975 13.9811 2
      vertex 54.3041 14.1437 2
    endloop
  endfacet
  facet normal -0.258911 0.965901 0
    outer loop
      vertex 53.6975 13.9811 2
      vertex 54.3041 14.1437 0
      vertex 53.6975 13.9811 0
    endloop
  endfacet
  facet normal -0.891026 0.453952 0
    outer loop
      vertex 57.6462 16.85 0
      vertex 57.9313 17.4096 2
      vertex 57.9313 17.4096 0
    endloop
  endfacet
  facet normal -0.891026 0.453952 0
    outer loop
      vertex 57.9313 17.4096 2
      vertex 57.6462 16.85 0
      vertex 57.6462 16.85 2
    endloop
  endfacet
  facet normal 0.544703 -0.838629 0
    outer loop
      vertex 48.9233 24.7041 0
      vertex 49.45 25.0462 2
      vertex 48.9233 24.7041 2
    endloop
  endfacet
  facet normal 0.544703 -0.838629 0
    outer loop
      vertex 49.45 25.0462 2
      vertex 48.9233 24.7041 0
      vertex 49.45 25.0462 0
    endloop
  endfacet
  facet normal -0.933612 0.358285 0
    outer loop
      vertex 57.9313 17.4096 0
      vertex 58.1563 17.9959 2
      vertex 58.1563 17.9959 0
    endloop
  endfacet
  facet normal -0.933612 0.358285 0
    outer loop
      vertex 58.1563 17.9959 2
      vertex 57.9313 17.4096 0
      vertex 57.9313 17.4096 2
    endloop
  endfacet
  facet normal -0.544703 -0.838629 0
    outer loop
      vertex 55.45 25.0462 0
      vertex 55.9767 24.7041 2
      vertex 55.45 25.0462 2
    endloop
  endfacet
  facet normal -0.544703 -0.838629 -0
    outer loop
      vertex 55.9767 24.7041 2
      vertex 55.45 25.0462 0
      vertex 55.9767 24.7041 0
    endloop
  endfacet
  facet normal -0.453952 -0.891026 0
    outer loop
      vertex 54.8904 25.3313 0
      vertex 55.45 25.0462 2
      vertex 54.8904 25.3313 2
    endloop
  endfacet
  facet normal -0.453952 -0.891026 -0
    outer loop
      vertex 55.45 25.0462 2
      vertex 54.8904 25.3313 0
      vertex 55.45 25.0462 0
    endloop
  endfacet
  facet normal 0.358285 0.933612 -0
    outer loop
      vertex 50.5959 14.1437 0
      vertex 50.0096 14.3687 2
      vertex 50.5959 14.1437 2
    endloop
  endfacet
  facet normal 0.358285 0.933612 0
    outer loop
      vertex 50.0096 14.3687 2
      vertex 50.5959 14.1437 0
      vertex 50.0096 14.3687 0
    endloop
  endfacet
  facet normal -0.156363 -0.9877 0
    outer loop
      vertex 53.0772 25.8171 0
      vertex 53.6975 25.7189 2
      vertex 53.0772 25.8171 2
    endloop
  endfacet
  facet normal -0.156363 -0.9877 -0
    outer loop
      vertex 53.6975 25.7189 2
      vertex 53.0772 25.8171 0
      vertex 53.6975 25.7189 0
    endloop
  endfacet
  facet normal -0.933612 -0.358285 0
    outer loop
      vertex 58.1563 21.7041 0
      vertex 57.9313 22.2904 2
      vertex 57.9313 22.2904 0
    endloop
  endfacet
  facet normal -0.933612 -0.358285 0
    outer loop
      vertex 57.9313 22.2904 2
      vertex 58.1563 21.7041 0
      vertex 58.1563 21.7041 2
    endloop
  endfacet
  facet normal -0.707107 -0.707107 0
    outer loop
      vertex 56.9089 23.8648 0
      vertex 56.4648 24.3089 2
      vertex 56.4648 24.3089 0
    endloop
  endfacet
  facet normal -0.707107 -0.707107 0
    outer loop
      vertex 56.4648 24.3089 2
      vertex 56.9089 23.8648 0
      vertex 56.9089 23.8648 2
    endloop
  endfacet
  facet normal -0.9877 0.156363 0
    outer loop
      vertex 58.3189 18.6025 0
      vertex 58.4171 19.2228 2
      vertex 58.4171 19.2228 0
    endloop
  endfacet
  facet normal -0.9877 0.156363 0
    outer loop
      vertex 58.4171 19.2228 2
      vertex 58.3189 18.6025 0
      vertex 58.3189 18.6025 2
    endloop
  endfacet
  facet normal -0.777189 0.629267 0
    outer loop
      vertex 56.9089 15.8352 0
      vertex 57.3041 16.3233 2
      vertex 57.3041 16.3233 0
    endloop
  endfacet
  facet normal -0.777189 0.629267 0
    outer loop
      vertex 57.3041 16.3233 2
      vertex 56.9089 15.8352 0
      vertex 56.9089 15.8352 2
    endloop
  endfacet
  facet normal 0.891026 0.453952 0
    outer loop
      vertex 47.2538 16.85 2
      vertex 46.9687 17.4096 0
      vertex 46.9687 17.4096 2
    endloop
  endfacet
  facet normal 0.891026 0.453952 0
    outer loop
      vertex 46.9687 17.4096 0
      vertex 47.2538 16.85 2
      vertex 47.2538 16.85 0
    endloop
  endfacet
  facet normal -0.891026 -0.453952 0
    outer loop
      vertex 57.9313 22.2904 0
      vertex 57.6462 22.85 2
      vertex 57.6462 22.85 0
    endloop
  endfacet
  facet normal -0.891026 -0.453952 0
    outer loop
      vertex 57.6462 22.85 2
      vertex 57.9313 22.2904 0
      vertex 57.9313 22.2904 2
    endloop
  endfacet
  facet normal 0.453952 -0.891026 0
    outer loop
      vertex 49.45 25.0462 0
      vertex 50.0096 25.3313 2
      vertex 49.45 25.0462 2
    endloop
  endfacet
  facet normal 0.453952 -0.891026 0
    outer loop
      vertex 50.0096 25.3313 2
      vertex 49.45 25.0462 0
      vertex 50.0096 25.3313 0
    endloop
  endfacet
  facet normal -0.838629 -0.544703 0
    outer loop
      vertex 57.6462 22.85 0
      vertex 57.3041 23.3767 2
      vertex 57.3041 23.3767 0
    endloop
  endfacet
  facet normal -0.838629 -0.544703 0
    outer loop
      vertex 57.3041 23.3767 2
      vertex 57.6462 22.85 0
      vertex 57.6462 22.85 2
    endloop
  endfacet
  facet normal 0.258911 -0.965901 0
    outer loop
      vertex 50.5959 25.5563 0
      vertex 51.2025 25.7189 2
      vertex 50.5959 25.5563 2
    endloop
  endfacet
  facet normal 0.258911 -0.965901 0
    outer loop
      vertex 51.2025 25.7189 2
      vertex 50.5959 25.5563 0
      vertex 51.2025 25.7189 0
    endloop
  endfacet
  facet normal -0.358285 0.933612 0
    outer loop
      vertex 54.8904 14.3687 0
      vertex 54.3041 14.1437 2
      vertex 54.8904 14.3687 2
    endloop
  endfacet
  facet normal -0.358285 0.933612 0
    outer loop
      vertex 54.3041 14.1437 2
      vertex 54.8904 14.3687 0
      vertex 54.3041 14.1437 0
    endloop
  endfacet
  facet normal 0.9877 0.156363 0
    outer loop
      vertex 46.5811 18.6025 2
      vertex 46.4829 19.2228 0
      vertex 46.4829 19.2228 2
    endloop
  endfacet
  facet normal 0.9877 0.156363 0
    outer loop
      vertex 46.4829 19.2228 0
      vertex 46.5811 18.6025 2
      vertex 46.5811 18.6025 0
    endloop
  endfacet
  facet normal -0.629267 0.777189 0
    outer loop
      vertex 56.4648 15.3911 0
      vertex 55.9767 14.9959 2
      vertex 56.4648 15.3911 2
    endloop
  endfacet
  facet normal -0.629267 0.777189 0
    outer loop
      vertex 55.9767 14.9959 2
      vertex 56.4648 15.3911 0
      vertex 55.9767 14.9959 0
    endloop
  endfacet
  facet normal 0.629267 -0.777189 0
    outer loop
      vertex 48.4352 24.3089 0
      vertex 48.9233 24.7041 2
      vertex 48.4352 24.3089 2
    endloop
  endfacet
  facet normal 0.629267 -0.777189 0
    outer loop
      vertex 48.9233 24.7041 2
      vertex 48.4352 24.3089 0
      vertex 48.9233 24.7041 0
    endloop
  endfacet
  facet normal 0.965901 0.258911 0
    outer loop
      vertex 46.7437 17.9959 2
      vertex 46.5811 18.6025 0
      vertex 46.5811 18.6025 2
    endloop
  endfacet
  facet normal 0.965901 0.258911 0
    outer loop
      vertex 46.5811 18.6025 0
      vertex 46.7437 17.9959 2
      vertex 46.7437 17.9959 0
    endloop
  endfacet
  facet normal 0.9877 -0.156363 0
    outer loop
      vertex 46.4829 20.4772 2
      vertex 46.5811 21.0975 0
      vertex 46.5811 21.0975 2
    endloop
  endfacet
  facet normal 0.9877 -0.156363 0
    outer loop
      vertex 46.5811 21.0975 0
      vertex 46.4829 20.4772 2
      vertex 46.4829 20.4772 0
    endloop
  endfacet
  facet normal 0.453952 0.891026 -0
    outer loop
      vertex 50.0096 14.3687 0
      vertex 49.45 14.6538 2
      vertex 50.0096 14.3687 2
    endloop
  endfacet
  facet normal 0.453952 0.891026 0
    outer loop
      vertex 49.45 14.6538 2
      vertex 50.0096 14.3687 0
      vertex 49.45 14.6538 0
    endloop
  endfacet
  facet normal 0.0523833 -0.998627 0
    outer loop
      vertex 51.8228 25.8171 0
      vertex 52.45 25.85 2
      vertex 51.8228 25.8171 2
    endloop
  endfacet
  facet normal 0.0523833 -0.998627 0
    outer loop
      vertex 52.45 25.85 2
      vertex 51.8228 25.8171 0
      vertex 52.45 25.85 0
    endloop
  endfacet
  facet normal 0.965901 -0.258911 0
    outer loop
      vertex 46.5811 21.0975 2
      vertex 46.7437 21.7041 0
      vertex 46.7437 21.7041 2
    endloop
  endfacet
  facet normal 0.965901 -0.258911 0
    outer loop
      vertex 46.7437 21.7041 0
      vertex 46.5811 21.0975 2
      vertex 46.5811 21.0975 0
    endloop
  endfacet
  facet normal 0.777189 0.629267 0
    outer loop
      vertex 47.9911 15.8352 2
      vertex 47.5959 16.3233 0
      vertex 47.5959 16.3233 2
    endloop
  endfacet
  facet normal 0.777189 0.629267 0
    outer loop
      vertex 47.5959 16.3233 0
      vertex 47.9911 15.8352 2
      vertex 47.9911 15.8352 0
    endloop
  endfacet
  facet normal 0.998627 -0.0523833 0
    outer loop
      vertex 46.45 19.85 2
      vertex 46.4829 20.4772 0
      vertex 46.4829 20.4772 2
    endloop
  endfacet
  facet normal 0.998627 -0.0523833 0
    outer loop
      vertex 46.4829 20.4772 0
      vertex 46.45 19.85 2
      vertex 46.45 19.85 0
    endloop
  endfacet
  facet normal 0.891026 -0.453952 0
    outer loop
      vertex 46.9687 22.2904 2
      vertex 47.2538 22.85 0
      vertex 47.2538 22.85 2
    endloop
  endfacet
  facet normal 0.891026 -0.453952 0
    outer loop
      vertex 47.2538 22.85 0
      vertex 46.9687 22.2904 2
      vertex 46.9687 22.2904 0
    endloop
  endfacet
  facet normal -0.707107 0.707107 0
    outer loop
      vertex 56.4648 15.3911 0
      vertex 56.9089 15.8352 2
      vertex 56.9089 15.8352 0
    endloop
  endfacet
  facet normal -0.707107 0.707107 0
    outer loop
      vertex 56.9089 15.8352 2
      vertex 56.4648 15.3911 0
      vertex 56.4648 15.3911 2
    endloop
  endfacet
  facet normal -1 0 0
    outer loop
      vertex 4.3 0 45
      vertex 4.3 1.6 58
      vertex 4.3 1.6 45
    endloop
  endfacet
  facet normal -1 0 0
    outer loop
      vertex 4.3 0 60
      vertex 4.3 1.6 58
      vertex 4.3 0 45
    endloop
  endfacet
  facet normal -1 0 0
    outer loop
      vertex 4.3 1.6 58
      vertex 4.3 0 60
      vertex 4.3 1.6 60
    endloop
  endfacet
  facet normal -0 0 1
    outer loop
      vertex 3.3 1.6 45
      vertex 4.3 0 45
      vertex 4.3 1.6 45
    endloop
  endfacet
  facet normal 0 0 1
    outer loop
      vertex 4.3 0 45
      vertex 3.3 1.6 45
      vertex 3.3 0 45
    endloop
  endfacet
  facet normal 1 -0 0
    outer loop
      vertex 3.3 0 60
      vertex 3.3 1.6 45
      vertex 3.3 1.6 60
    endloop
  endfacet
  facet normal 1 0 0
    outer loop
      vertex 3.3 1.6 45
      vertex 3.3 0 60
      vertex 3.3 0 45
    endloop
  endfacet
  facet normal -1 0 0
    outer loop
      vertex 13.4 0 45
      vertex 13.4 1.6 60
      vertex 13.4 1.6 45
    endloop
  endfacet
  facet normal -1 -0 0
    outer loop
      vertex 13.4 1.6 60
      vertex 13.4 0 45
      vertex 13.4 0 60
    endloop
  endfacet
  facet normal -0 0 1
    outer loop
      vertex 12.4 1.6 45
      vertex 13.4 0 45
      vertex 13.4 1.6 45
    endloop
  endfacet
  facet normal 0 0 1
    outer loop
      vertex 13.4 0 45
      vertex 12.4 1.6 45
      vertex 12.4 0 45
    endloop
  endfacet
  facet normal 1 -0 0
    outer loop
      vertex 12.4 0 60
      vertex 12.4 1.6 58
      vertex 12.4 1.6 60
    endloop
  endfacet
  facet normal 1 0 0
    outer loop
      vertex 12.4 0 45
      vertex 12.4 1.6 58
      vertex 12.4 0 60
    endloop
  endfacet
  facet normal 1 0 0
    outer loop
      vertex 12.4 1.6 58
      vertex 12.4 0 45
      vertex 12.4 1.6 45
    endloop
  endfacet
  facet normal -1 0 0
    outer loop
      vertex 4.3 38.1 58
      vertex 4.3 39.7 45
      vertex 4.3 38.1 45
    endloop
  endfacet
  facet normal -1 0 0
    outer loop
      vertex 4.3 39.7 45
      vertex 4.3 38.1 58
      vertex 4.3 39.7 60
    endloop
  endfacet
  facet normal -1 -0 0
    outer loop
      vertex 4.3 39.7 60
      vertex 4.3 38.1 58
      vertex 4.3 38.1 60
    endloop
  endfacet
  facet normal -0 0 1
    outer loop
      vertex 3.3 39.7 45
      vertex 4.3 38.1 45
      vertex 4.3 39.7 45
    endloop
  endfacet
  facet normal 0 0 1
    outer loop
      vertex 4.3 38.1 45
      vertex 3.3 39.7 45
      vertex 3.3 38.1 45
    endloop
  endfacet
  facet normal 1 -0 0
    outer loop
      vertex 3.3 38.1 60
      vertex 3.3 39.7 45
      vertex 3.3 39.7 60
    endloop
  endfacet
  facet normal 1 0 0
    outer loop
      vertex 3.3 39.7 45
      vertex 3.3 38.1 60
      vertex 3.3 38.1 45
    endloop
  endfacet
  facet normal -1 0 0
    outer loop
      vertex 13.4 38.1 45
      vertex 13.4 39.7 60
      vertex 13.4 39.7 45
    endloop
  endfacet
  facet normal -1 -0 0
    outer loop
      vertex 13.4 39.7 60
      vertex 13.4 38.1 45
      vertex 13.4 38.1 60
    endloop
  endfacet
  facet normal -0 0 1
    outer loop
      vertex 12.4 39.7 45
      vertex 13.4 38.1 45
      vertex 13.4 39.7 45
    endloop
  endfacet
  facet normal 0 0 1
    outer loop
      vertex 13.4 38.1 45
      vertex 12.4 39.7 45
      vertex 12.4 38.1 45
    endloop
  endfacet
  facet normal 1 0 0
    outer loop
      vertex 12.4 38.1 58
      vertex 12.4 39.7 60
      vertex 12.4 38.1 60
    endloop
  endfacet
  facet normal 1 0 0
    outer loop
      vertex 12.4 39.7 60
      vertex 12.4 38.1 58
      vertex 12.4 39.7 45
    endloop
  endfacet
  facet normal 1 0 0
    outer loop
      vertex 12.4 39.7 45
      vertex 12.4 38.1 58
      vertex 12.4 38.1 45
    endloop
  endfacet
  facet normal -1 0 0
    outer loop
      vertex 19 0 45
      vertex 19 1.6 58
      vertex 19 1.6 45
    endloop
  endfacet
  facet normal -1 0 0
    outer loop
      vertex 19 0 60
      vertex 19 1.6 58
      vertex 19 0 45
    endloop
  endfacet
  facet normal -1 0 0
    outer loop
      vertex 19 1.6 58
      vertex 19 0 60
      vertex 19 1.6 60
    endloop
  endfacet
  facet normal -0 0 1
    outer loop
      vertex 18 1.6 45
      vertex 19 0 45
      vertex 19 1.6 45
    endloop
  endfacet
  facet normal 0 0 1
    outer loop
      vertex 19 0 45
      vertex 18 1.6 45
      vertex 18 0 45
    endloop
  endfacet
  facet normal 1 -0 0
    outer loop
      vertex 18 0 60
      vertex 18 1.6 45
      vertex 18 1.6 60
    endloop
  endfacet
  facet normal 1 0 0
    outer loop
      vertex 18 1.6 45
      vertex 18 0 60
      vertex 18 0 45
    endloop
  endfacet
  facet normal -1 0 0
    outer loop
      vertex 28.1 0 45
      vertex 28.1 1.6 60
      vertex 28.1 1.6 45
    endloop
  endfacet
  facet normal -1 -0 0
    outer loop
      vertex 28.1 1.6 60
      vertex 28.1 0 45
      vertex 28.1 0 60
    endloop
  endfacet
  facet normal -0 0 1
    outer loop
      vertex 27.1 1.6 45
      vertex 28.1 0 45
      vertex 28.1 1.6 45
    endloop
  endfacet
  facet normal 0 0 1
    outer loop
      vertex 28.1 0 45
      vertex 27.1 1.6 45
      vertex 27.1 0 45
    endloop
  endfacet
  facet normal 1 -0 0
    outer loop
      vertex 27.1 0 60
      vertex 27.1 1.6 58
      vertex 27.1 1.6 60
    endloop
  endfacet
  facet normal 1 0 0
    outer loop
      vertex 27.1 0 45
      vertex 27.1 1.6 58
      vertex 27.1 0 60
    endloop
  endfacet
  facet normal 1 0 0
    outer loop
      vertex 27.1 1.6 58
      vertex 27.1 0 45
      vertex 27.1 1.6 45
    endloop
  endfacet
  facet normal -1 0 0
    outer loop
      vertex 19 38.1 58
      vertex 19 39.7 45
      vertex 19 38.1 45
    endloop
  endfacet
  facet normal -1 0 0
    outer loop
      vertex 19 39.7 45
      vertex 19 38.1 58
      vertex 19 39.7 60
    endloop
  endfacet
  facet normal -1 -0 0
    outer loop
      vertex 19 39.7 60
      vertex 19 38.1 58
      vertex 19 38.1 60
    endloop
  endfacet
  facet normal -0 0 1
    outer loop
      vertex 18 39.7 45
      vertex 19 38.1 45
      vertex 19 39.7 45
    endloop
  endfacet
  facet normal 0 0 1
    outer loop
      vertex 19 38.1 45
      vertex 18 39.7 45
      vertex 18 38.1 45
    endloop
  endfacet
  facet normal 1 -0 0
    outer loop
      vertex 18 38.1 60
      vertex 18 39.7 45
      vertex 18 39.7 60
    endloop
  endfacet
  facet normal 1 0 0
    outer loop
      vertex 18 39.7 45
      vertex 18 38.1 60
      vertex 18 38.1 45
    endloop
  endfacet
  facet normal -1 0 0
    outer loop
      vertex 28.1 38.1 45
      vertex 28.1 39.7 60
      vertex 28.1 39.7 45
    endloop
  endfacet
  facet normal -1 -0 0
    outer loop
      vertex 28.1 39.7 60
      vertex 28.1 38.1 45
      vertex 28.1 38.1 60
    endloop
  endfacet
  facet normal -0 0 1
    outer loop
      vertex 27.1 39.7 45
      vertex 28.1 38.1 45
      vertex 28.1 39.7 45
    endloop
  endfacet
  facet normal 0 0 1
    outer loop
      vertex 28.1 38.1 45
      vertex 27.1 39.7 45
      vertex 27.1 38.1 45
    endloop
  endfacet
  facet normal 1 0 0
    outer loop
      vertex 27.1 38.1 58
      vertex 27.1 39.7 60
      vertex 27.1 38.1 60
    endloop
  endfacet
  facet normal 1 0 0
    outer loop
      vertex 27.1 39.7 60
      vertex 27.1 38.1 58
      vertex 27.1 39.7 45
    endloop
  endfacet
  facet normal 1 0 0
    outer loop
      vertex 27.1 39.7 45
      vertex 27.1 38.1 58
      vertex 27.1 38.1 45
    endloop
  endfacet
  facet normal -1 0 0
    outer loop
      vertex 33.7 0 45
      vertex 33.7 1.6 58
      vertex 33.7 1.6 45
    endloop
  endfacet
  facet normal -1 0 0
    outer loop
      vertex 33.7 0 60
      vertex 33.7 1.6 58
      vertex 33.7 0 45
    endloop
  endfacet
  facet normal -1 0 0
    outer loop
      vertex 33.7 1.6 58
      vertex 33.7 0 60
      vertex 33.7 1.6 60
    endloop
  endfacet
  facet normal -0 0 1
    outer loop
      vertex 32.7 1.6 45
      vertex 33.7 0 45
      vertex 33.7 1.6 45
    endloop
  endfacet
  facet normal 0 0 1
    outer loop
      vertex 33.7 0 45
      vertex 32.7 1.6 45
      vertex 32.7 0 45
    endloop
  endfacet
  facet normal 1 -0 0
    outer loop
      vertex 32.7 0 60
      vertex 32.7 1.6 45
      vertex 32.7 1.6 60
    endloop
  endfacet
  facet normal 1 0 0
    outer loop
      vertex 32.7 1.6 45
      vertex 32.7 0 60
      vertex 32.7 0 45
    endloop
  endfacet
  facet normal -1 0 0
    outer loop
      vertex 42.8 0 45
      vertex 42.8 1.6 60
      vertex 42.8 1.6 45
    endloop
  endfacet
  facet normal -1 -0 0
    outer loop
      vertex 42.8 1.6 60
      vertex 42.8 0 45
      vertex 42.8 0 60
    endloop
  endfacet
  facet normal -0 0 1
    outer loop
      vertex 41.8 1.6 45
      vertex 42.8 0 45
      vertex 42.8 1.6 45
    endloop
  endfacet
  facet normal 0 0 1
    outer loop
      vertex 42.8 0 45
      vertex 41.8 1.6 45
      vertex 41.8 0 45
    endloop
  endfacet
  facet normal 1 -0 0
    outer loop
      vertex 41.8 0 60
      vertex 41.8 1.6 58
      vertex 41.8 1.6 60
    endloop
  endfacet
  facet normal 1 0 0
    outer loop
      vertex 41.8 0 45
      vertex 41.8 1.6 58
      vertex 41.8 0 60
    endloop
  endfacet
  facet normal 1 0 0
    outer loop
      vertex 41.8 1.6 58
      vertex 41.8 0 45
      vertex 41.8 1.6 45
    endloop
  endfacet
  facet normal -1 0 0
    outer loop
      vertex 33.7 38.1 58
      vertex 33.7 39.7 45
      vertex 33.7 38.1 45
    endloop
  endfacet
  facet normal -1 0 0
    outer loop
      vertex 33.7 39.7 45
      vertex 33.7 38.1 58
      vertex 33.7 39.7 60
    endloop
  endfacet
  facet normal -1 -0 0
    outer loop
      vertex 33.7 39.7 60
      vertex 33.7 38.1 58
      vertex 33.7 38.1 60
    endloop
  endfacet
  facet normal -0 0 1
    outer loop
      vertex 32.7 39.7 45
      vertex 33.7 38.1 45
      vertex 33.7 39.7 45
    endloop
  endfacet
  facet normal 0 0 1
    outer loop
      vertex 33.7 38.1 45
      vertex 32.7 39.7 45
      vertex 32.7 38.1 45
    endloop
  endfacet
  facet normal 1 -0 0
    outer loop
      vertex 32.7 38.1 60
      vertex 32.7 39.7 45
      vertex 32.7 39.7 60
    endloop
  endfacet
  facet normal 1 0 0
    outer loop
      vertex 32.7 39.7 45
      vertex 32.7 38.1 60
      vertex 32.7 38.1 45
    endloop
  endfacet
  facet normal -1 0 0
    outer loop
      vertex 42.8 38.1 45
      vertex 42.8 39.7 60
      vertex 42.8 39.7 45
    endloop
  endfacet
  facet normal -1 -0 0
    outer loop
      vertex 42.8 39.7 60
      vertex 42.8 38.1 45
      vertex 42.8 38.1 60
    endloop
  endfacet
  facet normal -0 0 1
    outer loop
      vertex 41.8 39.7 45
      vertex 42.8 38.1 45
      vertex 42.8 39.7 45
    endloop
  endfacet
  facet normal 0 0 1
    outer loop
      vertex 42.8 38.1 45
      vertex 41.8 39.7 45
      vertex 41.8 38.1 45
    endloop
  endfacet
  facet normal 1 0 0
    outer loop
      vertex 41.8 38.1 58
      vertex 41.8 39.7 60
      vertex 41.8 38.1 60
    endloop
  endfacet
  facet normal 1 0 0
    outer loop
      vertex 41.8 39.7 60
      vertex 41.8 38.1 58
      vertex 41.8 39.7 45
    endloop
  endfacet
  facet normal 1 0 0
    outer loop
      vertex 41.8 39.7 45
      vertex 41.8 38.1 58
      vertex 41.8 38.1 45
    endloop
  endfacet
  facet normal -1 0 0
    outer loop
      vertex 48.4 0 45
      vertex 48.4 1.6 58
      vertex 48.4 1.6 45
    endloop
  endfacet
  facet normal -1 0 0
    outer loop
      vertex 48.4 0 60
      vertex 48.4 1.6 58
      vertex 48.4 0 45
    endloop
  endfacet
  facet normal -1 0 0
    outer loop
      vertex 48.4 1.6 58
      vertex 48.4 0 60
      vertex 48.4 1.6 60
    endloop
  endfacet
  facet normal -0 0 1
    outer loop
      vertex 47.4 1.6 45
      vertex 48.4 0 45
      vertex 48.4 1.6 45
    endloop
  endfacet
  facet normal 0 0 1
    outer loop
      vertex 48.4 0 45
      vertex 47.4 1.6 45
      vertex 47.4 0 45
    endloop
  endfacet
  facet normal 1 -0 0
    outer loop
      vertex 47.4 0 60
      vertex 47.4 1.6 45
      vertex 47.4 1.6 60
    endloop
  endfacet
  facet normal 1 0 0
    outer loop
      vertex 47.4 1.6 45
      vertex 47.4 0 60
      vertex 47.4 0 45
    endloop
  endfacet
  facet normal -1 0 0
    outer loop
      vertex 57.5 0 45
      vertex 57.5 1.6 60
      vertex 57.5 1.6 45
    endloop
  endfacet
  facet normal -1 -0 0
    outer loop
      vertex 57.5 1.6 60
      vertex 57.5 0 45
      vertex 57.5 0 60
    endloop
  endfacet
  facet normal -0 0 1
    outer loop
      vertex 56.5 1.6 45
      vertex 57.5 0 45
      vertex 57.5 1.6 45
    endloop
  endfacet
  facet normal 0 0 1
    outer loop
      vertex 57.5 0 45
      vertex 56.5 1.6 45
      vertex 56.5 0 45
    endloop
  endfacet
  facet normal 1 -0 0
    outer loop
      vertex 56.5 0 60
      vertex 56.5 1.6 58
      vertex 56.5 1.6 60
    endloop
  endfacet
  facet normal 1 0 0
    outer loop
      vertex 56.5 0 45
      vertex 56.5 1.6 58
      vertex 56.5 0 60
    endloop
  endfacet
  facet normal 1 0 0
    outer loop
      vertex 56.5 1.6 58
      vertex 56.5 0 45
      vertex 56.5 1.6 45
    endloop
  endfacet
  facet normal -1 0 0
    outer loop
      vertex 48.4 38.1 58
      vertex 48.4 39.7 45
      vertex 48.4 38.1 45
    endloop
  endfacet
  facet normal -1 0 0
    outer loop
      vertex 48.4 39.7 45
      vertex 48.4 38.1 58
      vertex 48.4 39.7 60
    endloop
  endfacet
  facet normal -1 -0 0
    outer loop
      vertex 48.4 39.7 60
      vertex 48.4 38.1 58
      vertex 48.4 38.1 60
    endloop
  endfacet
  facet normal -0 0 1
    outer loop
      vertex 47.4 39.7 45
      vertex 48.4 38.1 45
      vertex 48.4 39.7 45
    endloop
  endfacet
  facet normal 0 0 1
    outer loop
      vertex 48.4 38.1 45
      vertex 47.4 39.7 45
      vertex 47.4 38.1 45
    endloop
  endfacet
  facet normal 1 -0 0
    outer loop
      vertex 47.4 38.1 60
      vertex 47.4 39.7 45
      vertex 47.4 39.7 60
    endloop
  endfacet
  facet normal 1 0 0
    outer loop
      vertex 47.4 39.7 45
      vertex 47.4 38.1 60
      vertex 47.4 38.1 45
    endloop
  endfacet
  facet normal -1 0 0
    outer loop
      vertex 57.5 38.1 45
      vertex 57.5 39.7 60
      vertex 57.5 39.7 45
    endloop
  endfacet
  facet normal -1 -0 0
    outer loop
      vertex 57.5 39.7 60
      vertex 57.5 38.1 45
      vertex 57.5 38.1 60
    endloop
  endfacet
  facet normal -0 0 1
    outer loop
      vertex 56.5 39.7 45
      vertex 57.5 38.1 45
      vertex 57.5 39.7 45
    endloop
  endfacet
  facet normal 0 0 1
    outer loop
      vertex 57.5 38.1 45
      vertex 56.5 39.7 45
      vertex 56.5 38.1 45
    endloop
  endfacet
  facet normal 1 0 0
    outer loop
      vertex 56.5 38.1 58
      vertex 56.5 39.7 60
      vertex 56.5 38.1 60
    endloop
  endfacet
  facet normal 1 0 0
    outer loop
      vertex 56.5 39.7 60
      vertex 56.5 38.1 58
      vertex 56.5 39.7 45
    endloop
  endfacet
  facet normal 1 0 0
    outer loop
      vertex 56.5 39.7 45
      vertex 56.5 38.1 58
      vertex 56.5 38.1 45
    endloop
  endfacet
  facet normal 1 -0 0
    outer loop
      vertex 60.8 0 60
      vertex 60.8 39.7 0
      vertex 60.8 39.7 60
    endloop
  endfacet
  facet normal 1 0 0
    outer loop
      vertex 60.8 39.7 0
      vertex 60.8 0 60
      vertex 60.8 0 0
    endloop
  endfacet
  facet normal 0 0 1
    outer loop
      vertex 3.3 39.7 60
      vertex 1.6 38.1 60
      vertex 3.3 38.1 60
    endloop
  endfacet
  facet normal 0 0 1
    outer loop
      vertex 1.6 38.1 60
      vertex 0 39.7 60
      vertex 1.6 1.6 60
    endloop
  endfacet
  facet normal -0 0 1
    outer loop
      vertex 0 39.7 60
      vertex 1.6 38.1 60
      vertex 3.3 39.7 60
    endloop
  endfacet
  facet normal -0 0 1
    outer loop
      vertex 1.6 1.6 60
      vertex 3.3 0 60
      vertex 3.3 1.6 60
    endloop
  endfacet
  facet normal 0 0 1
    outer loop
      vertex 1.6 1.6 60
      vertex 0 0 60
      vertex 3.3 0 60
    endloop
  endfacet
  facet normal 0 0 1
    outer loop
      vertex 0 0 60
      vertex 1.6 1.6 60
      vertex 0 39.7 60
    endloop
  endfacet
  facet normal 0 0 1
    outer loop
      vertex 60.8 39.7 60
      vertex 59.2 38.1 60
      vertex 60.8 0 60
    endloop
  endfacet
  facet normal -0 0 1
    outer loop
      vertex 57.5 39.7 60
      vertex 59.2 38.1 60
      vertex 60.8 39.7 60
    endloop
  endfacet
  facet normal 0 0 1
    outer loop
      vertex 59.2 38.1 60
      vertex 57.5 39.7 60
      vertex 57.5 38.1 60
    endloop
  endfacet
  facet normal -0 0 1
    outer loop
      vertex 59.2 1.6 60
      vertex 60.8 0 60
      vertex 59.2 38.1 60
    endloop
  endfacet
  facet normal 0 0 1
    outer loop
      vertex 57.5 0 60
      vertex 59.2 1.6 60
      vertex 57.5 1.6 60
    endloop
  endfacet
  facet normal 0 0 1
    outer loop
      vertex 59.2 1.6 60
      vertex 57.5 0 60
      vertex 60.8 0 60
    endloop
  endfacet
  facet normal 0 0 1
    outer loop
      vertex 18 39.7 60
      vertex 16.3 38.1 60
      vertex 18 38.1 60
    endloop
  endfacet
  facet normal 0 0 1
    outer loop
      vertex 16.3 38.1 60
      vertex 15.1 38.1 60
      vertex 16.3 1.6 60
    endloop
  endfacet
  facet normal 0 0 1
    outer loop
      vertex 18 39.7 60
      vertex 15.1 38.1 60
      vertex 16.3 38.1 60
    endloop
  endfacet
  facet normal -0 0 1
    outer loop
      vertex 13.4 39.7 60
      vertex 15.1 38.1 60
      vertex 18 39.7 60
    endloop
  endfacet
  facet normal 0 0 1
    outer loop
      vertex 15.1 38.1 60
      vertex 13.4 39.7 60
      vertex 13.4 38.1 60
    endloop
  endfacet
  facet normal -0 0 1
    outer loop
      vertex 16.3 1.6 60
      vertex 18 0 60
      vertex 18 1.6 60
    endloop
  endfacet
  facet normal 0 0 1
    outer loop
      vertex 15.1 1.6 60
      vertex 16.3 1.6 60
      vertex 15.1 38.1 60
    endloop
  endfacet
  facet normal -0 0 1
    outer loop
      vertex 15.1 1.6 60
      vertex 18 0 60
      vertex 16.3 1.6 60
    endloop
  endfacet
  facet normal 0 0 1
    outer loop
      vertex 13.4 0 60
      vertex 15.1 1.6 60
      vertex 13.4 1.6 60
    endloop
  endfacet
  facet normal 0 0 1
    outer loop
      vertex 15.1 1.6 60
      vertex 13.4 0 60
      vertex 18 0 60
    endloop
  endfacet
  facet normal 0 0 1
    outer loop
      vertex 32.7 39.7 60
      vertex 31 38.1 60
      vertex 32.7 38.1 60
    endloop
  endfacet
  facet normal 0 0 1
    outer loop
      vertex 31 38.1 60
      vertex 29.8 38.1 60
      vertex 31 1.6 60
    endloop
  endfacet
  facet normal 0 0 1
    outer loop
      vertex 32.7 39.7 60
      vertex 29.8 38.1 60
      vertex 31 38.1 60
    endloop
  endfacet
  facet normal -0 0 1
    outer loop
      vertex 28.1 39.7 60
      vertex 29.8 38.1 60
      vertex 32.7 39.7 60
    endloop
  endfacet
  facet normal 0 0 1
    outer loop
      vertex 29.8 38.1 60
      vertex 28.1 39.7 60
      vertex 28.1 38.1 60
    endloop
  endfacet
  facet normal -0 0 1
    outer loop
      vertex 31 1.6 60
      vertex 32.7 0 60
      vertex 32.7 1.6 60
    endloop
  endfacet
  facet normal 0 0 1
    outer loop
      vertex 29.8 1.6 60
      vertex 31 1.6 60
      vertex 29.8 38.1 60
    endloop
  endfacet
  facet normal -0 0 1
    outer loop
      vertex 29.8 1.6 60
      vertex 32.7 0 60
      vertex 31 1.6 60
    endloop
  endfacet
  facet normal 0 0 1
    outer loop
      vertex 28.1 0 60
      vertex 29.8 1.6 60
      vertex 28.1 1.6 60
    endloop
  endfacet
  facet normal 0 0 1
    outer loop
      vertex 29.8 1.6 60
      vertex 28.1 0 60
      vertex 32.7 0 60
    endloop
  endfacet
  facet normal 0 0 1
    outer loop
      vertex 47.4 39.7 60
      vertex 45.7 38.1 60
      vertex 47.4 38.1 60
    endloop
  endfacet
  facet normal 0 0 1
    outer loop
      vertex 45.7 38.1 60
      vertex 44.5 38.1 60
      vertex 45.7 1.6 60
    endloop
  endfacet
  facet normal 0 0 1
    outer loop
      vertex 47.4 39.7 60
      vertex 44.5 38.1 60
      vertex 45.7 38.1 60
    endloop
  endfacet
  facet normal -0 0 1
    outer loop
      vertex 42.8 39.7 60
      vertex 44.5 38.1 60
      vertex 47.4 39.7 60
    endloop
  endfacet
  facet normal 0 0 1
    outer loop
      vertex 44.5 38.1 60
      vertex 42.8 39.7 60
      vertex 42.8 38.1 60
    endloop
  endfacet
  facet normal -0 0 1
    outer loop
      vertex 45.7 1.6 60
      vertex 47.4 0 60
      vertex 47.4 1.6 60
    endloop
  endfacet
  facet normal 0 0 1
    outer loop
      vertex 44.5 1.6 60
      vertex 45.7 1.6 60
      vertex 44.5 38.1 60
    endloop
  endfacet
  facet normal -0 0 1
    outer loop
      vertex 44.5 1.6 60
      vertex 47.4 0 60
      vertex 45.7 1.6 60
    endloop
  endfacet
  facet normal 0 0 1
    outer loop
      vertex 42.8 0 60
      vertex 44.5 1.6 60
      vertex 42.8 1.6 60
    endloop
  endfacet
  facet normal 0 0 1
    outer loop
      vertex 44.5 1.6 60
      vertex 42.8 0 60
      vertex 47.4 0 60
    endloop
  endfacet
  facet normal -0 0 1
    outer loop
      vertex 4.3 39.7 60
      vertex 12.4 38.1 60
      vertex 12.4 39.7 60
    endloop
  endfacet
  facet normal 0 0 1
    outer loop
      vertex 12.4 38.1 60
      vertex 4.3 39.7 60
      vertex 4.3 38.1 60
    endloop
  endfacet
  facet normal -0 0 1
    outer loop
      vertex 19 39.7 60
      vertex 27.1 38.1 60
      vertex 27.1 39.7 60
    endloop
  endfacet
  facet normal 0 0 1
    outer loop
      vertex 27.1 38.1 60
      vertex 19 39.7 60
      vertex 19 38.1 60
    endloop
  endfacet
  facet normal -0 0 1
    outer loop
      vertex 33.7 39.7 60
      vertex 41.8 38.1 60
      vertex 41.8 39.7 60
    endloop
  endfacet
  facet normal 0 0 1
    outer loop
      vertex 41.8 38.1 60
      vertex 33.7 39.7 60
      vertex 33.7 38.1 60
    endloop
  endfacet
  facet normal -0 0 1
    outer loop
      vertex 48.4 39.7 60
      vertex 56.5 38.1 60
      vertex 56.5 39.7 60
    endloop
  endfacet
  facet normal 0 0 1
    outer loop
      vertex 56.5 38.1 60
      vertex 48.4 39.7 60
      vertex 48.4 38.1 60
    endloop
  endfacet
  facet normal -0 0 1
    outer loop
      vertex 4.3 1.6 60
      vertex 12.4 0 60
      vertex 12.4 1.6 60
    endloop
  endfacet
  facet normal 0 0 1
    outer loop
      vertex 12.4 0 60
      vertex 4.3 1.6 60
      vertex 4.3 0 60
    endloop
  endfacet
  facet normal -0 0 1
    outer loop
      vertex 19 1.6 60
      vertex 27.1 0 60
      vertex 27.1 1.6 60
    endloop
  endfacet
  facet normal 0 0 1
    outer loop
      vertex 27.1 0 60
      vertex 19 1.6 60
      vertex 19 0 60
    endloop
  endfacet
  facet normal -0 0 1
    outer loop
      vertex 33.7 1.6 60
      vertex 41.8 0 60
      vertex 41.8 1.6 60
    endloop
  endfacet
  facet normal 0 0 1
    outer loop
      vertex 41.8 0 60
      vertex 33.7 1.6 60
      vertex 33.7 0 60
    endloop
  endfacet
  facet normal -0 0 1
    outer loop
      vertex 48.4 1.6 60
      vertex 56.5 0 60
      vertex 56.5 1.6 60
    endloop
  endfacet
  facet normal 0 0 1
    outer loop
      vertex 56.5 0 60
      vertex 48.4 1.6 60
      vertex 48.4 0 60
    endloop
  endfacet
  facet normal 0 0 -1
    outer loop
      vertex 60.8 0 0
      vertex 58.45 19.85 0
      vertex 60.8 39.7 0
    endloop
  endfacet
  facet normal 0 0 -1
    outer loop
      vertex 60.8 0 0
      vertex 58.4171 19.2228 0
      vertex 58.45 19.85 0
    endloop
  endfacet
  facet normal 0 0 -1
    outer loop
      vertex 60.8 0 0
      vertex 58.3189 18.6025 0
      vertex 58.4171 19.2228 0
    endloop
  endfacet
  facet normal 0 0 -1
    outer loop
      vertex 60.8 0 0
      vertex 58.1563 17.9959 0
      vertex 58.3189 18.6025 0
    endloop
  endfacet
  facet normal 0 0 -1
    outer loop
      vertex 60.8 0 0
      vertex 57.9313 17.4096 0
      vertex 58.1563 17.9959 0
    endloop
  endfacet
  facet normal 0 0 -1
    outer loop
      vertex 60.8 0 0
      vertex 57.6462 16.85 0
      vertex 57.9313 17.4096 0
    endloop
  endfacet
  facet normal 0 0 -1
    outer loop
      vertex 60.8 0 0
      vertex 57.3041 16.3233 0
      vertex 57.6462 16.85 0
    endloop
  endfacet
  facet normal 0 0 -1
    outer loop
      vertex 60.8 0 0
      vertex 56.9089 15.8352 0
      vertex 57.3041 16.3233 0
    endloop
  endfacet
  facet normal 0 0 -1
    outer loop
      vertex 60.8 0 0
      vertex 56.4648 15.3911 0
      vertex 56.9089 15.8352 0
    endloop
  endfacet
  facet normal 0 0 -1
    outer loop
      vertex 60.8 0 0
      vertex 55.9767 14.9959 0
      vertex 56.4648 15.3911 0
    endloop
  endfacet
  facet normal 0 0 -1
    outer loop
      vertex 60.8 0 0
      vertex 55.45 14.6538 0
      vertex 55.9767 14.9959 0
    endloop
  endfacet
  facet normal 0 0 -1
    outer loop
      vertex 60.8 0 0
      vertex 54.8904 14.3687 0
      vertex 55.45 14.6538 0
    endloop
  endfacet
  facet normal 0 0 -1
    outer loop
      vertex 60.8 0 0
      vertex 54.3041 14.1437 0
      vertex 54.8904 14.3687 0
    endloop
  endfacet
  facet normal 0 0 -1
    outer loop
      vertex 60.8 0 0
      vertex 53.6975 13.9811 0
      vertex 54.3041 14.1437 0
    endloop
  endfacet
  facet normal 0 0 -1
    outer loop
      vertex 60.8 0 0
      vertex 53.0772 13.8829 0
      vertex 53.6975 13.9811 0
    endloop
  endfacet
  facet normal 0 0 -1
    outer loop
      vertex 60.8 0 0
      vertex 52.45 13.85 0
      vertex 53.0772 13.8829 0
    endloop
  endfacet
  facet normal 0 0 -1
    outer loop
      vertex 60.8 0 0
      vertex 51.8228 13.8829 0
      vertex 52.45 13.85 0
    endloop
  endfacet
  facet normal 0 0 -1
    outer loop
      vertex 60.8 0 0
      vertex 51.2025 13.9811 0
      vertex 51.8228 13.8829 0
    endloop
  endfacet
  facet normal 0 0 -1
    outer loop
      vertex 60.8 0 0
      vertex 50.5959 14.1437 0
      vertex 51.2025 13.9811 0
    endloop
  endfacet
  facet normal 0 0 -1
    outer loop
      vertex 39.6041 14.1437 0
      vertex 50.5959 14.1437 0
      vertex 60.8 0 0
    endloop
  endfacet
  facet normal 0 0 -1
    outer loop
      vertex 50.5959 14.1437 0
      vertex 39.6041 14.1437 0
      vertex 50.0096 14.3687 0
    endloop
  endfacet
  facet normal 0 -0 -1
    outer loop
      vertex 40.1904 14.3687 0
      vertex 50.0096 14.3687 0
      vertex 39.6041 14.1437 0
    endloop
  endfacet
  facet normal 0 -0 -1
    outer loop
      vertex 40.75 14.6538 0
      vertex 49.45 14.6538 0
      vertex 40.1904 14.3687 0
    endloop
  endfacet
  facet normal 0 0 -1
    outer loop
      vertex 49.45 14.6538 0
      vertex 40.75 14.6538 0
      vertex 48.9233 14.9959 0
    endloop
  endfacet
  facet normal 0 -0 -1
    outer loop
      vertex 41.2767 14.9959 0
      vertex 48.9233 14.9959 0
      vertex 40.75 14.6538 0
    endloop
  endfacet
  facet normal 0 0 -1
    outer loop
      vertex 46.4829 19.2228 0
      vertex 43.75 19.85 0
      vertex 46.45 19.85 0
    endloop
  endfacet
  facet normal 0 0 -1
    outer loop
      vertex 43.7171 19.2228 0
      vertex 46.4829 19.2228 0
      vertex 46.5811 18.6025 0
    endloop
  endfacet
  facet normal 0 0 -1
    outer loop
      vertex 43.6189 18.6025 0
      vertex 46.5811 18.6025 0
      vertex 46.7437 17.9959 0
    endloop
  endfacet
  facet normal 0 0 -1
    outer loop
      vertex 43.4563 17.9959 0
      vertex 46.7437 17.9959 0
      vertex 46.9687 17.4096 0
    endloop
  endfacet
  facet normal 0 0 -1
    outer loop
      vertex 43.2313 17.4096 0
      vertex 46.9687 17.4096 0
      vertex 47.2538 16.85 0
    endloop
  endfacet
  facet normal 0 0 -1
    outer loop
      vertex 42.9462 16.85 0
      vertex 47.2538 16.85 0
      vertex 47.5959 16.3233 0
    endloop
  endfacet
  facet normal 0 -0 -1
    outer loop
      vertex 41.7648 15.3911 0
      vertex 48.4352 15.3911 0
      vertex 41.2767 14.9959 0
    endloop
  endfacet
  facet normal 0 0 -1
    outer loop
      vertex 46.4829 19.2228 0
      vertex 43.7171 19.2228 0
      vertex 43.75 19.85 0
    endloop
  endfacet
  facet normal 0 0 -1
    outer loop
      vertex 46.5811 18.6025 0
      vertex 43.6189 18.6025 0
      vertex 43.7171 19.2228 0
    endloop
  endfacet
  facet normal 0 0 -1
    outer loop
      vertex 46.7437 17.9959 0
      vertex 43.4563 17.9959 0
      vertex 43.6189 18.6025 0
    endloop
  endfacet
  facet normal 0 0 -1
    outer loop
      vertex 46.9687 17.4096 0
      vertex 43.2313 17.4096 0
      vertex 43.4563 17.9959 0
    endloop
  endfacet
  facet normal 0 0 -1
    outer loop
      vertex 47.2538 16.85 0
      vertex 42.9462 16.85 0
      vertex 43.2313 17.4096 0
    endloop
  endfacet
  facet normal 0 0 -1
    outer loop
      vertex 47.5959 16.3233 0
      vertex 42.6041 16.3233 0
      vertex 42.9462 16.85 0
    endloop
  endfacet
  facet normal -0 0 -1
    outer loop
      vertex 47.5959 16.3233 0
      vertex 42.2089 15.8352 0
      vertex 42.6041 16.3233 0
    endloop
  endfacet
  facet normal 0 0 -1
    outer loop
      vertex 47.9911 15.8352 0
      vertex 42.2089 15.8352 0
      vertex 47.5959 16.3233 0
    endloop
  endfacet
  facet normal 0 -0 -1
    outer loop
      vertex 42.2089 15.8352 0
      vertex 47.9911 15.8352 0
      vertex 41.7648 15.3911 0
    endloop
  endfacet
  facet normal 0 0 -1
    outer loop
      vertex 48.4352 15.3911 0
      vertex 41.7648 15.3911 0
      vertex 47.9911 15.8352 0
    endloop
  endfacet
  facet normal 0 0 -1
    outer loop
      vertex 48.9233 14.9959 0
      vertex 41.2767 14.9959 0
      vertex 48.4352 15.3911 0
    endloop
  endfacet
  facet normal 0 0 -1
    outer loop
      vertex 50.0096 14.3687 0
      vertex 40.1904 14.3687 0
      vertex 49.45 14.6538 0
    endloop
  endfacet
  facet normal 0 0 -1
    outer loop
      vertex 60.8 0 0
      vertex 38.9975 13.9811 0
      vertex 39.6041 14.1437 0
    endloop
  endfacet
  facet normal 0 0 -1
    outer loop
      vertex 60.8 0 0
      vertex 38.3772 13.8829 0
      vertex 38.9975 13.9811 0
    endloop
  endfacet
  facet normal 0 0 -1
    outer loop
      vertex 60.8 0 0
      vertex 37.75 13.85 0
      vertex 38.3772 13.8829 0
    endloop
  endfacet
  facet normal 0 0 -1
    outer loop
      vertex 60.8 0 0
      vertex 37.1228 13.8829 0
      vertex 37.75 13.85 0
    endloop
  endfacet
  facet normal 0 0 -1
    outer loop
      vertex 60.8 0 0
      vertex 36.5025 13.9811 0
      vertex 37.1228 13.8829 0
    endloop
  endfacet
  facet normal 0 0 -1
    outer loop
      vertex 24.2975 13.9811 0
      vertex 36.5025 13.9811 0
      vertex 60.8 0 0
    endloop
  endfacet
  facet normal 0 0 -1
    outer loop
      vertex 36.5025 13.9811 0
      vertex 24.2975 13.9811 0
      vertex 35.8959 14.1437 0
    endloop
  endfacet
  facet normal 0 -0 -1
    outer loop
      vertex 24.9041 14.1437 0
      vertex 35.8959 14.1437 0
      vertex 24.2975 13.9811 0
    endloop
  endfacet
  facet normal 0 0 -1
    outer loop
      vertex 31.7829 19.2228 0
      vertex 29.05 19.85 0
      vertex 31.75 19.85 0
    endloop
  endfacet
  facet normal 0 0 -1
    outer loop
      vertex 29.0171 19.2228 0
      vertex 31.7829 19.2228 0
      vertex 31.8811 18.6025 0
    endloop
  endfacet
  facet normal 0 0 -1
    outer loop
      vertex 28.9189 18.6025 0
      vertex 31.8811 18.6025 0
      vertex 32.0437 17.9959 0
    endloop
  endfacet
  facet normal 0 0 -1
    outer loop
      vertex 28.7563 17.9959 0
      vertex 32.0437 17.9959 0
      vertex 32.2687 17.4096 0
    endloop
  endfacet
  facet normal 0 0 -1
    outer loop
      vertex 28.5313 17.4096 0
      vertex 32.2687 17.4096 0
      vertex 32.5538 16.85 0
    endloop
  endfacet
  facet normal 0 0 -1
    outer loop
      vertex 28.2462 16.85 0
      vertex 32.5538 16.85 0
      vertex 32.8959 16.3233 0
    endloop
  endfacet
  facet normal 0 0 -1
    outer loop
      vertex 27.9041 16.3233 0
      vertex 32.8959 16.3233 0
      vertex 33.2911 15.8352 0
    endloop
  endfacet
  facet normal 0 0 -1
    outer loop
      vertex 27.5089 15.8352 0
      vertex 33.2911 15.8352 0
      vertex 33.7352 15.3911 0
    endloop
  endfacet
  facet normal 0 0 -1
    outer loop
      vertex 31.7829 19.2228 0
      vertex 29.0171 19.2228 0
      vertex 29.05 19.85 0
    endloop
  endfacet
  facet normal 0 0 -1
    outer loop
      vertex 31.8811 18.6025 0
      vertex 28.9189 18.6025 0
      vertex 29.0171 19.2228 0
    endloop
  endfacet
  facet normal 0 0 -1
    outer loop
      vertex 27.0648 15.3911 0
      vertex 33.7352 15.3911 0
      vertex 34.2233 14.9959 0
    endloop
  endfacet
  facet normal 0 0 -1
    outer loop
      vertex 32.0437 17.9959 0
      vertex 28.7563 17.9959 0
      vertex 28.9189 18.6025 0
    endloop
  endfacet
  facet normal 0 0 -1
    outer loop
      vertex 26.5767 14.9959 0
      vertex 34.2233 14.9959 0
      vertex 34.75 14.6538 0
    endloop
  endfacet
  facet normal 0 0 -1
    outer loop
      vertex 35.8959 14.1437 0
      vertex 24.9041 14.1437 0
      vertex 35.3096 14.3687 0
    endloop
  endfacet
  facet normal 0 0 -1
    outer loop
      vertex 32.2687 17.4096 0
      vertex 28.5313 17.4096 0
      vertex 28.7563 17.9959 0
    endloop
  endfacet
  facet normal 0 0 -1
    outer loop
      vertex 32.5538 16.85 0
      vertex 28.2462 16.85 0
      vertex 28.5313 17.4096 0
    endloop
  endfacet
  facet normal 0 0 -1
    outer loop
      vertex 32.8959 16.3233 0
      vertex 27.9041 16.3233 0
      vertex 28.2462 16.85 0
    endloop
  endfacet
  facet normal 0 0 -1
    outer loop
      vertex 33.2911 15.8352 0
      vertex 27.5089 15.8352 0
      vertex 27.9041 16.3233 0
    endloop
  endfacet
  facet normal 0 0 -1
    outer loop
      vertex 33.7352 15.3911 0
      vertex 27.0648 15.3911 0
      vertex 27.5089 15.8352 0
    endloop
  endfacet
  facet normal 0 0 -1
    outer loop
      vertex 34.2233 14.9959 0
      vertex 26.5767 14.9959 0
      vertex 27.0648 15.3911 0
    endloop
  endfacet
  facet normal 0 0 -1
    outer loop
      vertex 34.75 14.6538 0
      vertex 26.05 14.6538 0
      vertex 26.5767 14.9959 0
    endloop
  endfacet
  facet normal -0 0 -1
    outer loop
      vertex 34.75 14.6538 0
      vertex 25.4904 14.3687 0
      vertex 26.05 14.6538 0
    endloop
  endfacet
  facet normal 0 0 -1
    outer loop
      vertex 35.3096 14.3687 0
      vertex 25.4904 14.3687 0
      vertex 34.75 14.6538 0
    endloop
  endfacet
  facet normal 0 -0 -1
    outer loop
      vertex 25.4904 14.3687 0
      vertex 35.3096 14.3687 0
      vertex 24.9041 14.1437 0
    endloop
  endfacet
  facet normal 0 0 -1
    outer loop
      vertex 60.8 0 0
      vertex 23.6772 13.8829 0
      vertex 24.2975 13.9811 0
    endloop
  endfacet
  facet normal 0 0 -1
    outer loop
      vertex 0 0 0
      vertex 23.6772 13.8829 0
      vertex 60.8 0 0
    endloop
  endfacet
  facet normal 0 0 -1
    outer loop
      vertex 23.6772 13.8829 0
      vertex 0 0 0
      vertex 23.05 13.85 0
    endloop
  endfacet
  facet normal -0 0 -1
    outer loop
      vertex 23.05 13.85 0
      vertex 0 0 0
      vertex 22.4228 13.8829 0
    endloop
  endfacet
  facet normal -0 0 -1
    outer loop
      vertex 22.4228 13.8829 0
      vertex 0 0 0
      vertex 21.8025 13.9811 0
    endloop
  endfacet
  facet normal 0 0 -1
    outer loop
      vertex 17.0829 19.2228 0
      vertex 14.35 19.85 0
      vertex 17.05 19.85 0
    endloop
  endfacet
  facet normal 0 0 -1
    outer loop
      vertex 14.3171 19.2228 0
      vertex 17.0829 19.2228 0
      vertex 17.1811 18.6025 0
    endloop
  endfacet
  facet normal 0 0 -1
    outer loop
      vertex 14.2189 18.6025 0
      vertex 17.1811 18.6025 0
      vertex 17.3437 17.9959 0
    endloop
  endfacet
  facet normal 0 0 -1
    outer loop
      vertex 14.0563 17.9959 0
      vertex 17.3437 17.9959 0
      vertex 17.5687 17.4096 0
    endloop
  endfacet
  facet normal 0 0 -1
    outer loop
      vertex 13.8313 17.4096 0
      vertex 17.5687 17.4096 0
      vertex 17.8538 16.85 0
    endloop
  endfacet
  facet normal 0 0 -1
    outer loop
      vertex 13.5462 16.85 0
      vertex 17.8538 16.85 0
      vertex 18.1959 16.3233 0
    endloop
  endfacet
  facet normal 0 0 -1
    outer loop
      vertex 13.2041 16.3233 0
      vertex 18.1959 16.3233 0
      vertex 18.5911 15.8352 0
    endloop
  endfacet
  facet normal 0 0 -1
    outer loop
      vertex 12.8089 15.8352 0
      vertex 18.5911 15.8352 0
      vertex 19.0352 15.3911 0
    endloop
  endfacet
  facet normal 0 0 -1
    outer loop
      vertex 17.0829 19.2228 0
      vertex 14.3171 19.2228 0
      vertex 14.35 19.85 0
    endloop
  endfacet
  facet normal 0 0 -1
    outer loop
      vertex 17.1811 18.6025 0
      vertex 14.2189 18.6025 0
      vertex 14.3171 19.2228 0
    endloop
  endfacet
  facet normal 0 0 -1
    outer loop
      vertex 12.3648 15.3911 0
      vertex 19.0352 15.3911 0
      vertex 19.5233 14.9959 0
    endloop
  endfacet
  facet normal 0 0 -1
    outer loop
      vertex 17.3437 17.9959 0
      vertex 14.0563 17.9959 0
      vertex 14.2189 18.6025 0
    endloop
  endfacet
  facet normal 0 0 -1
    outer loop
      vertex 11.8767 14.9959 0
      vertex 19.5233 14.9959 0
      vertex 20.05 14.6538 0
    endloop
  endfacet
  facet normal 0 0 -1
    outer loop
      vertex 17.5687 17.4096 0
      vertex 13.8313 17.4096 0
      vertex 14.0563 17.9959 0
    endloop
  endfacet
  facet normal 0 0 -1
    outer loop
      vertex 11.35 14.6538 0
      vertex 20.05 14.6538 0
      vertex 20.6096 14.3687 0
    endloop
  endfacet
  facet normal 0 0 -1
    outer loop
      vertex 17.8538 16.85 0
      vertex 13.5462 16.85 0
      vertex 13.8313 17.4096 0
    endloop
  endfacet
  facet normal 0 0 -1
    outer loop
      vertex 10.7904 14.3687 0
      vertex 20.6096 14.3687 0
      vertex 21.1959 14.1437 0
    endloop
  endfacet
  facet normal -0 0 -1
    outer loop
      vertex 21.8025 13.9811 0
      vertex 0 0 0
      vertex 21.1959 14.1437 0
    endloop
  endfacet
  facet normal 0 0 -1
    outer loop
      vertex 18.1959 16.3233 0
      vertex 13.2041 16.3233 0
      vertex 13.5462 16.85 0
    endloop
  endfacet
  facet normal 0 0 -1
    outer loop
      vertex 18.5911 15.8352 0
      vertex 12.8089 15.8352 0
      vertex 13.2041 16.3233 0
    endloop
  endfacet
  facet normal 0 0 -1
    outer loop
      vertex 19.0352 15.3911 0
      vertex 12.3648 15.3911 0
      vertex 12.8089 15.8352 0
    endloop
  endfacet
  facet normal 0 0 -1
    outer loop
      vertex 19.5233 14.9959 0
      vertex 11.8767 14.9959 0
      vertex 12.3648 15.3911 0
    endloop
  endfacet
  facet normal 0 -0 -1
    outer loop
      vertex 10.2041 14.1437 0
      vertex 21.1959 14.1437 0
      vertex 0 0 0
    endloop
  endfacet
  facet normal 0 0 -1
    outer loop
      vertex 20.05 14.6538 0
      vertex 11.35 14.6538 0
      vertex 11.8767 14.9959 0
    endloop
  endfacet
  facet normal 0 0 -1
    outer loop
      vertex 20.6096 14.3687 0
      vertex 10.7904 14.3687 0
      vertex 11.35 14.6538 0
    endloop
  endfacet
  facet normal 0 0 -1
    outer loop
      vertex 21.1959 14.1437 0
      vertex 10.2041 14.1437 0
      vertex 10.7904 14.3687 0
    endloop
  endfacet
  facet normal 0 0 -1
    outer loop
      vertex 10.2041 14.1437 0
      vertex 0 0 0
      vertex 9.59747 13.9811 0
    endloop
  endfacet
  facet normal 0 0 -1
    outer loop
      vertex 9.59747 13.9811 0
      vertex 0 0 0
      vertex 8.97717 13.8829 0
    endloop
  endfacet
  facet normal 0 0 -1
    outer loop
      vertex 8.97717 13.8829 0
      vertex 0 0 0
      vertex 8.35 13.85 0
    endloop
  endfacet
  facet normal -0 0 -1
    outer loop
      vertex 8.35 13.85 0
      vertex 0 0 0
      vertex 7.72283 13.8829 0
    endloop
  endfacet
  facet normal -0 0 -1
    outer loop
      vertex 2.38287 19.2228 0
      vertex 0 0 0
      vertex 2.35 19.85 0
    endloop
  endfacet
  facet normal -0 0 -1
    outer loop
      vertex 2.48111 18.6025 0
      vertex 0 0 0
      vertex 2.38287 19.2228 0
    endloop
  endfacet
  facet normal -0 0 -1
    outer loop
      vertex 2.64366 17.9959 0
      vertex 0 0 0
      vertex 2.48111 18.6025 0
    endloop
  endfacet
  facet normal -0 0 -1
    outer loop
      vertex 2.86873 17.4096 0
      vertex 0 0 0
      vertex 2.64366 17.9959 0
    endloop
  endfacet
  facet normal -0 0 -1
    outer loop
      vertex 3.15385 16.85 0
      vertex 0 0 0
      vertex 2.86873 17.4096 0
    endloop
  endfacet
  facet normal -0 0 -1
    outer loop
      vertex 3.4959 16.3233 0
      vertex 0 0 0
      vertex 3.15385 16.85 0
    endloop
  endfacet
  facet normal -0 0 -1
    outer loop
      vertex 3.89113 15.8352 0
      vertex 0 0 0
      vertex 3.4959 16.3233 0
    endloop
  endfacet
  facet normal -0 0 -1
    outer loop
      vertex 4.33522 15.3911 0
      vertex 0 0 0
      vertex 3.89113 15.8352 0
    endloop
  endfacet
  facet normal -0 0 -1
    outer loop
      vertex 4.82329 14.9959 0
      vertex 0 0 0
      vertex 4.33522 15.3911 0
    endloop
  endfacet
  facet normal -0 0 -1
    outer loop
      vertex 5.35 14.6538 0
      vertex 0 0 0
      vertex 4.82329 14.9959 0
    endloop
  endfacet
  facet normal -0 0 -1
    outer loop
      vertex 5.90958 14.3687 0
      vertex 0 0 0
      vertex 5.35 14.6538 0
    endloop
  endfacet
  facet normal -0 0 -1
    outer loop
      vertex 6.4959 14.1437 0
      vertex 0 0 0
      vertex 5.90958 14.3687 0
    endloop
  endfacet
  facet normal -0 0 -1
    outer loop
      vertex 7.10253 13.9811 0
      vertex 0 0 0
      vertex 6.4959 14.1437 0
    endloop
  endfacet
  facet normal -0 0 -1
    outer loop
      vertex 7.72283 13.8829 0
      vertex 0 0 0
      vertex 7.10253 13.9811 0
    endloop
  endfacet
  facet normal 0 0 -1
    outer loop
      vertex 58.4171 20.4772 0
      vertex 60.8 39.7 0
      vertex 58.45 19.85 0
    endloop
  endfacet
  facet normal 0 0 -1
    outer loop
      vertex 58.3189 21.0975 0
      vertex 60.8 39.7 0
      vertex 58.4171 20.4772 0
    endloop
  endfacet
  facet normal 0 0 -1
    outer loop
      vertex 58.1563 21.7041 0
      vertex 60.8 39.7 0
      vertex 58.3189 21.0975 0
    endloop
  endfacet
  facet normal 0 0 -1
    outer loop
      vertex 57.9313 22.2904 0
      vertex 60.8 39.7 0
      vertex 58.1563 21.7041 0
    endloop
  endfacet
  facet normal 0 0 -1
    outer loop
      vertex 57.6462 22.85 0
      vertex 60.8 39.7 0
      vertex 57.9313 22.2904 0
    endloop
  endfacet
  facet normal 0 0 -1
    outer loop
      vertex 57.3041 23.3767 0
      vertex 60.8 39.7 0
      vertex 57.6462 22.85 0
    endloop
  endfacet
  facet normal 0 0 -1
    outer loop
      vertex 56.9089 23.8648 0
      vertex 60.8 39.7 0
      vertex 57.3041 23.3767 0
    endloop
  endfacet
  facet normal 0 0 -1
    outer loop
      vertex 56.4648 24.3089 0
      vertex 60.8 39.7 0
      vertex 56.9089 23.8648 0
    endloop
  endfacet
  facet normal 0 0 -1
    outer loop
      vertex 55.9767 24.7041 0
      vertex 60.8 39.7 0
      vertex 56.4648 24.3089 0
    endloop
  endfacet
  facet normal 0 0 -1
    outer loop
      vertex 55.45 25.0462 0
      vertex 60.8 39.7 0
      vertex 55.9767 24.7041 0
    endloop
  endfacet
  facet normal 0 0 -1
    outer loop
      vertex 54.8904 25.3313 0
      vertex 60.8 39.7 0
      vertex 55.45 25.0462 0
    endloop
  endfacet
  facet normal 0 0 -1
    outer loop
      vertex 54.3041 25.5563 0
      vertex 60.8 39.7 0
      vertex 54.8904 25.3313 0
    endloop
  endfacet
  facet normal 0 0 -1
    outer loop
      vertex 53.6975 25.7189 0
      vertex 60.8 39.7 0
      vertex 54.3041 25.5563 0
    endloop
  endfacet
  facet normal 0 0 -1
    outer loop
      vertex 53.0772 25.8171 0
      vertex 60.8 39.7 0
      vertex 53.6975 25.7189 0
    endloop
  endfacet
  facet normal 0 0 -1
    outer loop
      vertex 52.45 25.85 0
      vertex 60.8 39.7 0
      vertex 53.0772 25.8171 0
    endloop
  endfacet
  facet normal 0 0 -1
    outer loop
      vertex 51.8228 25.8171 0
      vertex 60.8 39.7 0
      vertex 52.45 25.85 0
    endloop
  endfacet
  facet normal 0 0 -1
    outer loop
      vertex 51.2025 25.7189 0
      vertex 60.8 39.7 0
      vertex 51.8228 25.8171 0
    endloop
  endfacet
  facet normal 0 0 -1
    outer loop
      vertex 50.5959 25.5563 0
      vertex 60.8 39.7 0
      vertex 51.2025 25.7189 0
    endloop
  endfacet
  facet normal 0 0 -1
    outer loop
      vertex 39.6041 25.5563 0
      vertex 50.5959 25.5563 0
      vertex 50.0096 25.3313 0
    endloop
  endfacet
  facet normal 0 0 -1
    outer loop
      vertex 40.1904 25.3313 0
      vertex 50.0096 25.3313 0
      vertex 49.45 25.0462 0
    endloop
  endfacet
  facet normal 0 0 -1
    outer loop
      vertex 40.75 25.0462 0
      vertex 49.45 25.0462 0
      vertex 48.9233 24.7041 0
    endloop
  endfacet
  facet normal 0 0 -1
    outer loop
      vertex 41.2767 24.7041 0
      vertex 48.9233 24.7041 0
      vertex 48.4352 24.3089 0
    endloop
  endfacet
  facet normal 0 0 -1
    outer loop
      vertex 41.7648 24.3089 0
      vertex 48.4352 24.3089 0
      vertex 47.9911 23.8648 0
    endloop
  endfacet
  facet normal 0 0 -1
    outer loop
      vertex 42.2089 23.8648 0
      vertex 47.9911 23.8648 0
      vertex 47.5959 23.3767 0
    endloop
  endfacet
  facet normal 0 0 -1
    outer loop
      vertex 43.75 19.85 0
      vertex 46.4829 20.4772 0
      vertex 46.45 19.85 0
    endloop
  endfacet
  facet normal 0 0 -1
    outer loop
      vertex 43.7171 20.4772 0
      vertex 46.4829 20.4772 0
      vertex 43.75 19.85 0
    endloop
  endfacet
  facet normal 0 0 -1
    outer loop
      vertex 46.4829 20.4772 0
      vertex 43.7171 20.4772 0
      vertex 46.5811 21.0975 0
    endloop
  endfacet
  facet normal 0 0 -1
    outer loop
      vertex 43.6189 21.0975 0
      vertex 46.5811 21.0975 0
      vertex 43.7171 20.4772 0
    endloop
  endfacet
  facet normal 0 0 -1
    outer loop
      vertex 46.5811 21.0975 0
      vertex 43.6189 21.0975 0
      vertex 46.7437 21.7041 0
    endloop
  endfacet
  facet normal 0 0 -1
    outer loop
      vertex 43.4563 21.7041 0
      vertex 46.7437 21.7041 0
      vertex 43.6189 21.0975 0
    endloop
  endfacet
  facet normal 0 0 -1
    outer loop
      vertex 46.7437 21.7041 0
      vertex 43.4563 21.7041 0
      vertex 46.9687 22.2904 0
    endloop
  endfacet
  facet normal 0 0 -1
    outer loop
      vertex 43.2313 22.2904 0
      vertex 46.9687 22.2904 0
      vertex 43.4563 21.7041 0
    endloop
  endfacet
  facet normal 0 0 -1
    outer loop
      vertex 46.9687 22.2904 0
      vertex 43.2313 22.2904 0
      vertex 47.2538 22.85 0
    endloop
  endfacet
  facet normal 0 0 -1
    outer loop
      vertex 42.9462 22.85 0
      vertex 47.2538 22.85 0
      vertex 43.2313 22.2904 0
    endloop
  endfacet
  facet normal 0 0 -1
    outer loop
      vertex 47.2538 22.85 0
      vertex 42.9462 22.85 0
      vertex 47.5959 23.3767 0
    endloop
  endfacet
  facet normal 0 0 -1
    outer loop
      vertex 42.6041 23.3767 0
      vertex 47.5959 23.3767 0
      vertex 42.9462 22.85 0
    endloop
  endfacet
  facet normal 0 0 -1
    outer loop
      vertex 42.2089 23.8648 0
      vertex 47.5959 23.3767 0
      vertex 42.6041 23.3767 0
    endloop
  endfacet
  facet normal 0 0 -1
    outer loop
      vertex 47.9911 23.8648 0
      vertex 42.2089 23.8648 0
      vertex 41.7648 24.3089 0
    endloop
  endfacet
  facet normal 0 0 -1
    outer loop
      vertex 48.4352 24.3089 0
      vertex 41.7648 24.3089 0
      vertex 41.2767 24.7041 0
    endloop
  endfacet
  facet normal 0 0 -1
    outer loop
      vertex 48.9233 24.7041 0
      vertex 41.2767 24.7041 0
      vertex 40.75 25.0462 0
    endloop
  endfacet
  facet normal 0 0 -1
    outer loop
      vertex 49.45 25.0462 0
      vertex 40.75 25.0462 0
      vertex 40.1904 25.3313 0
    endloop
  endfacet
  facet normal 0 0 -1
    outer loop
      vertex 50.0096 25.3313 0
      vertex 40.1904 25.3313 0
      vertex 39.6041 25.5563 0
    endloop
  endfacet
  facet normal 0 0 -1
    outer loop
      vertex 50.5959 25.5563 0
      vertex 39.6041 25.5563 0
      vertex 60.8 39.7 0
    endloop
  endfacet
  facet normal 0 0 -1
    outer loop
      vertex 38.9975 25.7189 0
      vertex 60.8 39.7 0
      vertex 39.6041 25.5563 0
    endloop
  endfacet
  facet normal 0 0 -1
    outer loop
      vertex 38.3772 25.8171 0
      vertex 60.8 39.7 0
      vertex 38.9975 25.7189 0
    endloop
  endfacet
  facet normal 0 0 -1
    outer loop
      vertex 37.75 25.85 0
      vertex 60.8 39.7 0
      vertex 38.3772 25.8171 0
    endloop
  endfacet
  facet normal 0 0 -1
    outer loop
      vertex 37.1228 25.8171 0
      vertex 60.8 39.7 0
      vertex 37.75 25.85 0
    endloop
  endfacet
  facet normal 0 0 -1
    outer loop
      vertex 36.5025 25.7189 0
      vertex 60.8 39.7 0
      vertex 37.1228 25.8171 0
    endloop
  endfacet
  facet normal 0 0 -1
    outer loop
      vertex 24.2975 25.7189 0
      vertex 36.5025 25.7189 0
      vertex 35.8959 25.5563 0
    endloop
  endfacet
  facet normal 0 0 -1
    outer loop
      vertex 24.9041 25.5563 0
      vertex 35.8959 25.5563 0
      vertex 35.3096 25.3313 0
    endloop
  endfacet
  facet normal 0 0 -1
    outer loop
      vertex 25.4904 25.3313 0
      vertex 35.3096 25.3313 0
      vertex 34.75 25.0462 0
    endloop
  endfacet
  facet normal 0 0 -1
    outer loop
      vertex 29.05 19.85 0
      vertex 31.7829 20.4772 0
      vertex 31.75 19.85 0
    endloop
  endfacet
  facet normal 0 0 -1
    outer loop
      vertex 29.0171 20.4772 0
      vertex 31.7829 20.4772 0
      vertex 29.05 19.85 0
    endloop
  endfacet
  facet normal 0 0 -1
    outer loop
      vertex 31.7829 20.4772 0
      vertex 29.0171 20.4772 0
      vertex 31.8811 21.0975 0
    endloop
  endfacet
  facet normal 0 0 -1
    outer loop
      vertex 28.9189 21.0975 0
      vertex 31.8811 21.0975 0
      vertex 29.0171 20.4772 0
    endloop
  endfacet
  facet normal 0 0 -1
    outer loop
      vertex 31.8811 21.0975 0
      vertex 28.9189 21.0975 0
      vertex 32.0437 21.7041 0
    endloop
  endfacet
  facet normal 0 0 -1
    outer loop
      vertex 28.7563 21.7041 0
      vertex 32.0437 21.7041 0
      vertex 28.9189 21.0975 0
    endloop
  endfacet
  facet normal 0 0 -1
    outer loop
      vertex 32.0437 21.7041 0
      vertex 28.7563 21.7041 0
      vertex 32.2687 22.2904 0
    endloop
  endfacet
  facet normal 0 0 -1
    outer loop
      vertex 28.5313 22.2904 0
      vertex 32.2687 22.2904 0
      vertex 28.7563 21.7041 0
    endloop
  endfacet
  facet normal 0 0 -1
    outer loop
      vertex 32.2687 22.2904 0
      vertex 28.5313 22.2904 0
      vertex 32.5538 22.85 0
    endloop
  endfacet
  facet normal 0 0 -1
    outer loop
      vertex 28.2462 22.85 0
      vertex 32.5538 22.85 0
      vertex 28.5313 22.2904 0
    endloop
  endfacet
  facet normal 0 0 -1
    outer loop
      vertex 32.5538 22.85 0
      vertex 28.2462 22.85 0
      vertex 32.8959 23.3767 0
    endloop
  endfacet
  facet normal 0 0 -1
    outer loop
      vertex 27.9041 23.3767 0
      vertex 32.8959 23.3767 0
      vertex 28.2462 22.85 0
    endloop
  endfacet
  facet normal 0 0 -1
    outer loop
      vertex 32.8959 23.3767 0
      vertex 27.9041 23.3767 0
      vertex 33.2911 23.8648 0
    endloop
  endfacet
  facet normal 0 0 -1
    outer loop
      vertex 27.5089 23.8648 0
      vertex 33.2911 23.8648 0
      vertex 27.9041 23.3767 0
    endloop
  endfacet
  facet normal 0 0 -1
    outer loop
      vertex 33.2911 23.8648 0
      vertex 27.5089 23.8648 0
      vertex 33.7352 24.3089 0
    endloop
  endfacet
  facet normal 0 0 -1
    outer loop
      vertex 27.0648 24.3089 0
      vertex 33.7352 24.3089 0
      vertex 27.5089 23.8648 0
    endloop
  endfacet
  facet normal 0 0 -1
    outer loop
      vertex 33.7352 24.3089 0
      vertex 27.0648 24.3089 0
      vertex 34.2233 24.7041 0
    endloop
  endfacet
  facet normal 0 0 -1
    outer loop
      vertex 26.5767 24.7041 0
      vertex 34.2233 24.7041 0
      vertex 27.0648 24.3089 0
    endloop
  endfacet
  facet normal 0 0 -1
    outer loop
      vertex 34.2233 24.7041 0
      vertex 26.5767 24.7041 0
      vertex 34.75 25.0462 0
    endloop
  endfacet
  facet normal 0 0 -1
    outer loop
      vertex 26.05 25.0462 0
      vertex 34.75 25.0462 0
      vertex 26.5767 24.7041 0
    endloop
  endfacet
  facet normal 0 0 -1
    outer loop
      vertex 25.4904 25.3313 0
      vertex 34.75 25.0462 0
      vertex 26.05 25.0462 0
    endloop
  endfacet
  facet normal 0 0 -1
    outer loop
      vertex 35.3096 25.3313 0
      vertex 25.4904 25.3313 0
      vertex 24.9041 25.5563 0
    endloop
  endfacet
  facet normal 0 0 -1
    outer loop
      vertex 35.8959 25.5563 0
      vertex 24.9041 25.5563 0
      vertex 24.2975 25.7189 0
    endloop
  endfacet
  facet normal 0 0 -1
    outer loop
      vertex 36.5025 25.7189 0
      vertex 24.2975 25.7189 0
      vertex 60.8 39.7 0
    endloop
  endfacet
  facet normal 0 0 -1
    outer loop
      vertex 23.6772 25.8171 0
      vertex 60.8 39.7 0
      vertex 24.2975 25.7189 0
    endloop
  endfacet
  facet normal 0 0 -1
    outer loop
      vertex 0 39.7 0
      vertex 23.6772 25.8171 0
      vertex 23.05 25.85 0
    endloop
  endfacet
  facet normal 0 0 -1
    outer loop
      vertex 0 39.7 0
      vertex 23.05 25.85 0
      vertex 22.4228 25.8171 0
    endloop
  endfacet
  facet normal 0 0 -1
    outer loop
      vertex 0 39.7 0
      vertex 22.4228 25.8171 0
      vertex 21.8025 25.7189 0
    endloop
  endfacet
  facet normal 0 0 -1
    outer loop
      vertex 0 39.7 0
      vertex 21.8025 25.7189 0
      vertex 21.1959 25.5563 0
    endloop
  endfacet
  facet normal 0 0 -1
    outer loop
      vertex 14.35 19.85 0
      vertex 17.0829 20.4772 0
      vertex 17.05 19.85 0
    endloop
  endfacet
  facet normal 0 0 -1
    outer loop
      vertex 14.3171 20.4772 0
      vertex 17.0829 20.4772 0
      vertex 14.35 19.85 0
    endloop
  endfacet
  facet normal 0 0 -1
    outer loop
      vertex 17.0829 20.4772 0
      vertex 14.3171 20.4772 0
      vertex 17.1811 21.0975 0
    endloop
  endfacet
  facet normal 0 0 -1
    outer loop
      vertex 14.2189 21.0975 0
      vertex 17.1811 21.0975 0
      vertex 14.3171 20.4772 0
    endloop
  endfacet
  facet normal 0 0 -1
    outer loop
      vertex 17.1811 21.0975 0
      vertex 14.2189 21.0975 0
      vertex 17.3437 21.7041 0
    endloop
  endfacet
  facet normal 0 0 -1
    outer loop
      vertex 14.0563 21.7041 0
      vertex 17.3437 21.7041 0
      vertex 14.2189 21.0975 0
    endloop
  endfacet
  facet normal 0 0 -1
    outer loop
      vertex 17.3437 21.7041 0
      vertex 14.0563 21.7041 0
      vertex 17.5687 22.2904 0
    endloop
  endfacet
  facet normal 0 0 -1
    outer loop
      vertex 13.8313 22.2904 0
      vertex 17.5687 22.2904 0
      vertex 14.0563 21.7041 0
    endloop
  endfacet
  facet normal 0 0 -1
    outer loop
      vertex 17.5687 22.2904 0
      vertex 13.8313 22.2904 0
      vertex 17.8538 22.85 0
    endloop
  endfacet
  facet normal 0 0 -1
    outer loop
      vertex 13.5462 22.85 0
      vertex 17.8538 22.85 0
      vertex 13.8313 22.2904 0
    endloop
  endfacet
  facet normal 0 0 -1
    outer loop
      vertex 17.8538 22.85 0
      vertex 13.5462 22.85 0
      vertex 18.1959 23.3767 0
    endloop
  endfacet
  facet normal 0 0 -1
    outer loop
      vertex 13.2041 23.3767 0
      vertex 18.1959 23.3767 0
      vertex 13.5462 22.85 0
    endloop
  endfacet
  facet normal 0 0 -1
    outer loop
      vertex 18.1959 23.3767 0
      vertex 13.2041 23.3767 0
      vertex 18.5911 23.8648 0
    endloop
  endfacet
  facet normal 0 0 -1
    outer loop
      vertex 12.8089 23.8648 0
      vertex 18.5911 23.8648 0
      vertex 13.2041 23.3767 0
    endloop
  endfacet
  facet normal 0 0 -1
    outer loop
      vertex 18.5911 23.8648 0
      vertex 12.8089 23.8648 0
      vertex 19.0352 24.3089 0
    endloop
  endfacet
  facet normal 0 0 -1
    outer loop
      vertex 12.3648 24.3089 0
      vertex 19.0352 24.3089 0
      vertex 12.8089 23.8648 0
    endloop
  endfacet
  facet normal 0 0 -1
    outer loop
      vertex 19.0352 24.3089 0
      vertex 12.3648 24.3089 0
      vertex 19.5233 24.7041 0
    endloop
  endfacet
  facet normal 0 0 -1
    outer loop
      vertex 11.8767 24.7041 0
      vertex 19.5233 24.7041 0
      vertex 12.3648 24.3089 0
    endloop
  endfacet
  facet normal 0 0 -1
    outer loop
      vertex 19.5233 24.7041 0
      vertex 11.8767 24.7041 0
      vertex 20.05 25.0462 0
    endloop
  endfacet
  facet normal 0 0 -1
    outer loop
      vertex 11.35 25.0462 0
      vertex 20.05 25.0462 0
      vertex 11.8767 24.7041 0
    endloop
  endfacet
  facet normal 0 0 -1
    outer loop
      vertex 20.05 25.0462 0
      vertex 11.35 25.0462 0
      vertex 20.6096 25.3313 0
    endloop
  endfacet
  facet normal 0 0 -1
    outer loop
      vertex 10.7904 25.3313 0
      vertex 20.6096 25.3313 0
      vertex 11.35 25.0462 0
    endloop
  endfacet
  facet normal 0 0 -1
    outer loop
      vertex 20.6096 25.3313 0
      vertex 10.7904 25.3313 0
      vertex 21.1959 25.5563 0
    endloop
  endfacet
  facet normal 0 0 -1
    outer loop
      vertex 10.2041 25.5563 0
      vertex 21.1959 25.5563 0
      vertex 10.7904 25.3313 0
    endloop
  endfacet
  facet normal 0 0 -1
    outer loop
      vertex 21.1959 25.5563 0
      vertex 10.2041 25.5563 0
      vertex 0 39.7 0
    endloop
  endfacet
  facet normal 0 0 -1
    outer loop
      vertex 0 39.7 0
      vertex 10.2041 25.5563 0
      vertex 9.59747 25.7189 0
    endloop
  endfacet
  facet normal 0 0 -1
    outer loop
      vertex 0 39.7 0
      vertex 9.59747 25.7189 0
      vertex 8.97717 25.8171 0
    endloop
  endfacet
  facet normal 0 0 -1
    outer loop
      vertex 0 39.7 0
      vertex 8.97717 25.8171 0
      vertex 8.35 25.85 0
    endloop
  endfacet
  facet normal 0 0 -1
    outer loop
      vertex 0 39.7 0
      vertex 8.35 25.85 0
      vertex 7.72283 25.8171 0
    endloop
  endfacet
  facet normal 0 0 -1
    outer loop
      vertex 0 39.7 0
      vertex 7.72283 25.8171 0
      vertex 7.10253 25.7189 0
    endloop
  endfacet
  facet normal 0 0 -1
    outer loop
      vertex 0 39.7 0
      vertex 2.35 19.85 0
      vertex 0 0 0
    endloop
  endfacet
  facet normal 0 0 -1
    outer loop
      vertex 23.6772 25.8171 0
      vertex 0 39.7 0
      vertex 60.8 39.7 0
    endloop
  endfacet
  facet normal 0 0 -1
    outer loop
      vertex 6.4959 25.5563 0
      vertex 0 39.7 0
      vertex 7.10253 25.7189 0
    endloop
  endfacet
  facet normal 0 0 -1
    outer loop
      vertex 5.90958 25.3313 0
      vertex 0 39.7 0
      vertex 6.4959 25.5563 0
    endloop
  endfacet
  facet normal 0 0 -1
    outer loop
      vertex 5.35 25.0462 0
      vertex 0 39.7 0
      vertex 5.90958 25.3313 0
    endloop
  endfacet
  facet normal 0 0 -1
    outer loop
      vertex 4.82329 24.7041 0
      vertex 0 39.7 0
      vertex 5.35 25.0462 0
    endloop
  endfacet
  facet normal 0 0 -1
    outer loop
      vertex 4.33522 24.3089 0
      vertex 0 39.7 0
      vertex 4.82329 24.7041 0
    endloop
  endfacet
  facet normal 0 0 -1
    outer loop
      vertex 3.89113 23.8648 0
      vertex 0 39.7 0
      vertex 4.33522 24.3089 0
    endloop
  endfacet
  facet normal 0 0 -1
    outer loop
      vertex 3.4959 23.3767 0
      vertex 0 39.7 0
      vertex 3.89113 23.8648 0
    endloop
  endfacet
  facet normal 0 0 -1
    outer loop
      vertex 3.15385 22.85 0
      vertex 0 39.7 0
      vertex 3.4959 23.3767 0
    endloop
  endfacet
  facet normal 0 0 -1
    outer loop
      vertex 2.86873 22.2904 0
      vertex 0 39.7 0
      vertex 3.15385 22.85 0
    endloop
  endfacet
  facet normal 0 0 -1
    outer loop
      vertex 2.64366 21.7041 0
      vertex 0 39.7 0
      vertex 2.86873 22.2904 0
    endloop
  endfacet
  facet normal 0 0 -1
    outer loop
      vertex 2.48111 21.0975 0
      vertex 0 39.7 0
      vertex 2.64366 21.7041 0
    endloop
  endfacet
  facet normal 0 0 -1
    outer loop
      vertex 2.38287 20.4772 0
      vertex 0 39.7 0
      vertex 2.48111 21.0975 0
    endloop
  endfacet
  facet normal 0 0 -1
    outer loop
      vertex 2.35 19.85 0
      vertex 0 39.7 0
      vertex 2.38287 20.4772 0
    endloop
  endfacet
  facet normal -1 0 0
    outer loop
      vertex 0 0 0
      vertex 0 39.7 60
      vertex 0 39.7 0
    endloop
  endfacet
  facet normal -1 -0 0
    outer loop
      vertex 0 39.7 60
      vertex 0 0 0
      vertex 0 0 60
    endloop
  endfacet
  facet normal 0 1 0
    outer loop
      vertex 60.8 39.7 60
      vertex 57.5 39.7 45
      vertex 57.5 39.7 60
    endloop
  endfacet
  facet normal 0 1 0
    outer loop
      vertex 60.8 39.7 0
      vertex 56.5 39.7 45
      vertex 57.5 39.7 45
    endloop
  endfacet
  facet normal 0 1 0
    outer loop
      vertex 56.5 39.7 45
      vertex 60.8 39.7 0
      vertex 48.4 39.7 45
    endloop
  endfacet
  facet normal 0 1 0
    outer loop
      vertex 48.4 39.7 45
      vertex 60.8 39.7 0
      vertex 47.4 39.7 45
    endloop
  endfacet
  facet normal 0 1 0
    outer loop
      vertex 47.4 39.7 45
      vertex 60.8 39.7 0
      vertex 42.8 39.7 45
    endloop
  endfacet
  facet normal 0 1 0
    outer loop
      vertex 42.8 39.7 45
      vertex 60.8 39.7 0
      vertex 41.8 39.7 45
    endloop
  endfacet
  facet normal 0 1 0
    outer loop
      vertex 41.8 39.7 45
      vertex 60.8 39.7 0
      vertex 33.7 39.7 45
    endloop
  endfacet
  facet normal 0 1 0
    outer loop
      vertex 33.7 39.7 45
      vertex 60.8 39.7 0
      vertex 32.7 39.7 45
    endloop
  endfacet
  facet normal 0 1 0
    outer loop
      vertex 32.7 39.7 45
      vertex 60.8 39.7 0
      vertex 28.1 39.7 45
    endloop
  endfacet
  facet normal 0 1 0
    outer loop
      vertex 0 39.7 0
      vertex 28.1 39.7 45
      vertex 60.8 39.7 0
    endloop
  endfacet
  facet normal 0 1 0
    outer loop
      vertex 28.1 39.7 45
      vertex 0 39.7 0
      vertex 27.1 39.7 45
    endloop
  endfacet
  facet normal 0 1 0
    outer loop
      vertex 27.1 39.7 45
      vertex 0 39.7 0
      vertex 19 39.7 45
    endloop
  endfacet
  facet normal 0 1 0
    outer loop
      vertex 19 39.7 45
      vertex 0 39.7 0
      vertex 18 39.7 45
    endloop
  endfacet
  facet normal 0 1 0
    outer loop
      vertex 18 39.7 45
      vertex 0 39.7 0
      vertex 13.4 39.7 45
    endloop
  endfacet
  facet normal 0 1 0
    outer loop
      vertex 13.4 39.7 45
      vertex 0 39.7 0
      vertex 12.4 39.7 45
    endloop
  endfacet
  facet normal 0 1 0
    outer loop
      vertex 12.4 39.7 45
      vertex 0 39.7 0
      vertex 4.3 39.7 45
    endloop
  endfacet
  facet normal 0 1 -0
    outer loop
      vertex 60.8 39.7 0
      vertex 57.5 39.7 45
      vertex 60.8 39.7 60
    endloop
  endfacet
  facet normal 0 1 -0
    outer loop
      vertex 56.5 39.7 45
      vertex 48.4 39.7 60
      vertex 56.5 39.7 60
    endloop
  endfacet
  facet normal 0 1 0
    outer loop
      vertex 48.4 39.7 60
      vertex 56.5 39.7 45
      vertex 48.4 39.7 45
    endloop
  endfacet
  facet normal 0 1 -0
    outer loop
      vertex 47.4 39.7 45
      vertex 42.8 39.7 60
      vertex 47.4 39.7 60
    endloop
  endfacet
  facet normal 0 1 0
    outer loop
      vertex 42.8 39.7 60
      vertex 47.4 39.7 45
      vertex 42.8 39.7 45
    endloop
  endfacet
  facet normal 0 1 -0
    outer loop
      vertex 41.8 39.7 45
      vertex 33.7 39.7 60
      vertex 41.8 39.7 60
    endloop
  endfacet
  facet normal 0 1 0
    outer loop
      vertex 33.7 39.7 60
      vertex 41.8 39.7 45
      vertex 33.7 39.7 45
    endloop
  endfacet
  facet normal 0 1 -0
    outer loop
      vertex 32.7 39.7 45
      vertex 28.1 39.7 60
      vertex 32.7 39.7 60
    endloop
  endfacet
  facet normal 0 1 0
    outer loop
      vertex 28.1 39.7 60
      vertex 32.7 39.7 45
      vertex 28.1 39.7 45
    endloop
  endfacet
  facet normal 0 1 -0
    outer loop
      vertex 27.1 39.7 45
      vertex 19 39.7 60
      vertex 27.1 39.7 60
    endloop
  endfacet
  facet normal 0 1 0
    outer loop
      vertex 19 39.7 60
      vertex 27.1 39.7 45
      vertex 19 39.7 45
    endloop
  endfacet
  facet normal 0 1 -0
    outer loop
      vertex 18 39.7 45
      vertex 13.4 39.7 60
      vertex 18 39.7 60
    endloop
  endfacet
  facet normal 0 1 0
    outer loop
      vertex 13.4 39.7 60
      vertex 18 39.7 45
      vertex 13.4 39.7 45
    endloop
  endfacet
  facet normal 0 1 -0
    outer loop
      vertex 12.4 39.7 45
      vertex 4.3 39.7 60
      vertex 12.4 39.7 60
    endloop
  endfacet
  facet normal 0 1 0
    outer loop
      vertex 4.3 39.7 60
      vertex 12.4 39.7 45
      vertex 4.3 39.7 45
    endloop
  endfacet
  facet normal 0 1 -0
    outer loop
      vertex 3.3 39.7 45
      vertex 0 39.7 60
      vertex 3.3 39.7 60
    endloop
  endfacet
  facet normal 0 1 0
    outer loop
      vertex 3.3 39.7 45
      vertex 0 39.7 0
      vertex 0 39.7 60
    endloop
  endfacet
  facet normal 0 1 0
    outer loop
      vertex 4.3 39.7 45
      vertex 0 39.7 0
      vertex 3.3 39.7 45
    endloop
  endfacet
  facet normal 0 -1 0
    outer loop
      vertex 0 0 60
      vertex 3.3 0 45
      vertex 3.3 0 60
    endloop
  endfacet
  facet normal 0 -1 0
    outer loop
      vertex 0 0 0
      vertex 4.3 0 45
      vertex 3.3 0 45
    endloop
  endfacet
  facet normal 0 -1 -0
    outer loop
      vertex 4.3 0 45
      vertex 0 0 0
      vertex 12.4 0 45
    endloop
  endfacet
  facet normal 0 -1 -0
    outer loop
      vertex 12.4 0 45
      vertex 0 0 0
      vertex 13.4 0 45
    endloop
  endfacet
  facet normal 0 -1 -0
    outer loop
      vertex 13.4 0 45
      vertex 0 0 0
      vertex 18 0 45
    endloop
  endfacet
  facet normal 0 -1 -0
    outer loop
      vertex 18 0 45
      vertex 0 0 0
      vertex 19 0 45
    endloop
  endfacet
  facet normal 0 -1 -0
    outer loop
      vertex 19 0 45
      vertex 0 0 0
      vertex 27.1 0 45
    endloop
  endfacet
  facet normal 0 -1 -0
    outer loop
      vertex 27.1 0 45
      vertex 0 0 0
      vertex 28.1 0 45
    endloop
  endfacet
  facet normal 0 -1 -0
    outer loop
      vertex 28.1 0 45
      vertex 0 0 0
      vertex 32.7 0 45
    endloop
  endfacet
  facet normal 0 -1 0
    outer loop
      vertex 60.8 0 0
      vertex 32.7 0 45
      vertex 0 0 0
    endloop
  endfacet
  facet normal 0 -1 0
    outer loop
      vertex 32.7 0 45
      vertex 60.8 0 0
      vertex 33.7 0 45
    endloop
  endfacet
  facet normal 0 -1 0
    outer loop
      vertex 33.7 0 45
      vertex 60.8 0 0
      vertex 41.8 0 45
    endloop
  endfacet
  facet normal 0 -1 0
    outer loop
      vertex 41.8 0 45
      vertex 60.8 0 0
      vertex 42.8 0 45
    endloop
  endfacet
  facet normal 0 -1 0
    outer loop
      vertex 42.8 0 45
      vertex 60.8 0 0
      vertex 47.4 0 45
    endloop
  endfacet
  facet normal 0 -1 0
    outer loop
      vertex 47.4 0 45
      vertex 60.8 0 0
      vertex 48.4 0 45
    endloop
  endfacet
  facet normal 0 -1 0
    outer loop
      vertex 48.4 0 45
      vertex 60.8 0 0
      vertex 56.5 0 45
    endloop
  endfacet
  facet normal 0 -1 0
    outer loop
      vertex 0 0 0
      vertex 3.3 0 45
      vertex 0 0 60
    endloop
  endfacet
  facet normal 0 -1 0
    outer loop
      vertex 4.3 0 45
      vertex 12.4 0 60
      vertex 4.3 0 60
    endloop
  endfacet
  facet normal 0 -1 -0
    outer loop
      vertex 12.4 0 60
      vertex 4.3 0 45
      vertex 12.4 0 45
    endloop
  endfacet
  facet normal 0 -1 0
    outer loop
      vertex 13.4 0 45
      vertex 18 0 60
      vertex 13.4 0 60
    endloop
  endfacet
  facet normal 0 -1 -0
    outer loop
      vertex 18 0 60
      vertex 13.4 0 45
      vertex 18 0 45
    endloop
  endfacet
  facet normal 0 -1 0
    outer loop
      vertex 19 0 45
      vertex 27.1 0 60
      vertex 19 0 60
    endloop
  endfacet
  facet normal 0 -1 -0
    outer loop
      vertex 27.1 0 60
      vertex 19 0 45
      vertex 27.1 0 45
    endloop
  endfacet
  facet normal 0 -1 0
    outer loop
      vertex 28.1 0 45
      vertex 32.7 0 60
      vertex 28.1 0 60
    endloop
  endfacet
  facet normal 0 -1 -0
    outer loop
      vertex 32.7 0 60
      vertex 28.1 0 45
      vertex 32.7 0 45
    endloop
  endfacet
  facet normal 0 -1 0
    outer loop
      vertex 33.7 0 45
      vertex 41.8 0 60
      vertex 33.7 0 60
    endloop
  endfacet
  facet normal 0 -1 -0
    outer loop
      vertex 41.8 0 60
      vertex 33.7 0 45
      vertex 41.8 0 45
    endloop
  endfacet
  facet normal 0 -1 0
    outer loop
      vertex 42.8 0 45
      vertex 47.4 0 60
      vertex 42.8 0 60
    endloop
  endfacet
  facet normal 0 -1 -0
    outer loop
      vertex 47.4 0 60
      vertex 42.8 0 45
      vertex 47.4 0 45
    endloop
  endfacet
  facet normal 0 -1 0
    outer loop
      vertex 48.4 0 45
      vertex 56.5 0 60
      vertex 48.4 0 60
    endloop
  endfacet
  facet normal 0 -1 -0
    outer loop
      vertex 56.5 0 60
      vertex 48.4 0 45
      vertex 56.5 0 45
    endloop
  endfacet
  facet normal 0 -1 0
    outer loop
      vertex 57.5 0 45
      vertex 60.8 0 60
      vertex 57.5 0 60
    endloop
  endfacet
  facet normal 0 -1 0
    outer loop
      vertex 57.5 0 45
      vertex 60.8 0 0
      vertex 60.8 0 60
    endloop
  endfacet
  facet normal 0 -1 0
    outer loop
      vertex 56.5 0 45
      vertex 60.8 0 0
      vertex 57.5 0 45
    endloop
  endfacet
  facet normal -1 0 0
    outer loop
      vertex 4.3 1.6 60
      vertex 4.3 2.39999 59.5
      vertex 4.3 1.6 58
    endloop
  endfacet
  facet normal -1 0 0
    outer loop
      vertex 4.3 2.39999 59.5
      vertex 4.3 1.6 60
      vertex 4.3 1.6 61
    endloop
  endfacet
  facet normal 0 0.882355 -0.470584
    outer loop
      vertex 12.4 1.6 58
      vertex 4.3 2.39999 59.5
      vertex 12.4 2.39999 59.5
    endloop
  endfacet
  facet normal 0 0.882355 -0.470584
    outer loop
      vertex 4.3 2.39999 59.5
      vertex 12.4 1.6 58
      vertex 4.3 1.6 58
    endloop
  endfacet
  facet normal 1 -0 0
    outer loop
      vertex 12.4 1.6 60
      vertex 12.4 2.39999 59.5
      vertex 12.4 1.6 61
    endloop
  endfacet
  facet normal 1 0 0
    outer loop
      vertex 12.4 2.39999 59.5
      vertex 12.4 1.6 60
      vertex 12.4 1.6 58
    endloop
  endfacet
  facet normal 0 0.882355 0.470584
    outer loop
      vertex 12.4 2.39999 59.5
      vertex 4.3 1.6 61
      vertex 12.4 1.6 61
    endloop
  endfacet
  facet normal 0 0.882355 0.470584
    outer loop
      vertex 4.3 1.6 61
      vertex 12.4 2.39999 59.5
      vertex 4.3 2.39999 59.5
    endloop
  endfacet
  facet normal 1 0 0
    outer loop
      vertex 12.4 37.3 59.5
      vertex 12.4 38.1 60
      vertex 12.4 38.1 61
    endloop
  endfacet
  facet normal 1 0 0
    outer loop
      vertex 12.4 38.1 60
      vertex 12.4 37.3 59.5
      vertex 12.4 38.1 58
    endloop
  endfacet
  facet normal -1 0 0
    outer loop
      vertex 4.3 37.3 59.5
      vertex 4.3 38.1 60
      vertex 4.3 38.1 58
    endloop
  endfacet
  facet normal -1 -0 0
    outer loop
      vertex 4.3 38.1 60
      vertex 4.3 37.3 59.5
      vertex 4.3 38.1 61
    endloop
  endfacet
  facet normal 0 -0.882353 -0.470588
    outer loop
      vertex 4.3 38.1 58
      vertex 12.4 37.3 59.5
      vertex 4.3 37.3 59.5
    endloop
  endfacet
  facet normal 0 -0.882353 -0.470588
    outer loop
      vertex 12.4 37.3 59.5
      vertex 4.3 38.1 58
      vertex 12.4 38.1 58
    endloop
  endfacet
  facet normal 0 -0.882353 0.470588
    outer loop
      vertex 4.3 37.3 59.5
      vertex 12.4 38.1 61
      vertex 4.3 38.1 61
    endloop
  endfacet
  facet normal 0 -0.882353 0.470588
    outer loop
      vertex 12.4 38.1 61
      vertex 4.3 37.3 59.5
      vertex 12.4 37.3 59.5
    endloop
  endfacet
  facet normal -1 0 0
    outer loop
      vertex 19 1.6 60
      vertex 19 2.39999 59.5
      vertex 19 1.6 58
    endloop
  endfacet
  facet normal -1 0 0
    outer loop
      vertex 19 2.39999 59.5
      vertex 19 1.6 60
      vertex 19 1.6 61
    endloop
  endfacet
  facet normal 0 0.882355 -0.470584
    outer loop
      vertex 27.1 1.6 58
      vertex 19 2.39999 59.5
      vertex 27.1 2.39999 59.5
    endloop
  endfacet
  facet normal 0 0.882355 -0.470584
    outer loop
      vertex 19 2.39999 59.5
      vertex 27.1 1.6 58
      vertex 19 1.6 58
    endloop
  endfacet
  facet normal 1 -0 0
    outer loop
      vertex 27.1 1.6 60
      vertex 27.1 2.39999 59.5
      vertex 27.1 1.6 61
    endloop
  endfacet
  facet normal 1 0 0
    outer loop
      vertex 27.1 2.39999 59.5
      vertex 27.1 1.6 60
      vertex 27.1 1.6 58
    endloop
  endfacet
  facet normal 0 0.882355 0.470584
    outer loop
      vertex 27.1 2.39999 59.5
      vertex 19 1.6 61
      vertex 27.1 1.6 61
    endloop
  endfacet
  facet normal 0 0.882355 0.470584
    outer loop
      vertex 19 1.6 61
      vertex 27.1 2.39999 59.5
      vertex 19 2.39999 59.5
    endloop
  endfacet
  facet normal 1 0 0
    outer loop
      vertex 27.1 37.3 59.5
      vertex 27.1 38.1 60
      vertex 27.1 38.1 61
    endloop
  endfacet
  facet normal 1 0 0
    outer loop
      vertex 27.1 38.1 60
      vertex 27.1 37.3 59.5
      vertex 27.1 38.1 58
    endloop
  endfacet
  facet normal -1 0 0
    outer loop
      vertex 19 37.3 59.5
      vertex 19 38.1 60
      vertex 19 38.1 58
    endloop
  endfacet
  facet normal -1 -0 0
    outer loop
      vertex 19 38.1 60
      vertex 19 37.3 59.5
      vertex 19 38.1 61
    endloop
  endfacet
  facet normal 0 -0.882353 -0.470588
    outer loop
      vertex 19 38.1 58
      vertex 27.1 37.3 59.5
      vertex 19 37.3 59.5
    endloop
  endfacet
  facet normal 0 -0.882353 -0.470588
    outer loop
      vertex 27.1 37.3 59.5
      vertex 19 38.1 58
      vertex 27.1 38.1 58
    endloop
  endfacet
  facet normal 0 -0.882353 0.470588
    outer loop
      vertex 19 37.3 59.5
      vertex 27.1 38.1 61
      vertex 19 38.1 61
    endloop
  endfacet
  facet normal 0 -0.882353 0.470588
    outer loop
      vertex 27.1 38.1 61
      vertex 19 37.3 59.5
      vertex 27.1 37.3 59.5
    endloop
  endfacet
  facet normal -1 0 0
    outer loop
      vertex 33.7 1.6 60
      vertex 33.7 2.39999 59.5
      vertex 33.7 1.6 58
    endloop
  endfacet
  facet normal -1 0 0
    outer loop
      vertex 33.7 2.39999 59.5
      vertex 33.7 1.6 60
      vertex 33.7 1.6 61
    endloop
  endfacet
  facet normal 0 0.882355 -0.470584
    outer loop
      vertex 41.8 1.6 58
      vertex 33.7 2.39999 59.5
      vertex 41.8 2.39999 59.5
    endloop
  endfacet
  facet normal 0 0.882355 -0.470584
    outer loop
      vertex 33.7 2.39999 59.5
      vertex 41.8 1.6 58
      vertex 33.7 1.6 58
    endloop
  endfacet
  facet normal 1 -0 0
    outer loop
      vertex 41.8 1.6 60
      vertex 41.8 2.39999 59.5
      vertex 41.8 1.6 61
    endloop
  endfacet
  facet normal 1 0 0
    outer loop
      vertex 41.8 2.39999 59.5
      vertex 41.8 1.6 60
      vertex 41.8 1.6 58
    endloop
  endfacet
  facet normal 0 0.882355 0.470584
    outer loop
      vertex 41.8 2.39999 59.5
      vertex 33.7 1.6 61
      vertex 41.8 1.6 61
    endloop
  endfacet
  facet normal 0 0.882355 0.470584
    outer loop
      vertex 33.7 1.6 61
      vertex 41.8 2.39999 59.5
      vertex 33.7 2.39999 59.5
    endloop
  endfacet
  facet normal 1 0 0
    outer loop
      vertex 41.8 37.3 59.5
      vertex 41.8 38.1 60
      vertex 41.8 38.1 61
    endloop
  endfacet
  facet normal 1 0 0
    outer loop
      vertex 41.8 38.1 60
      vertex 41.8 37.3 59.5
      vertex 41.8 38.1 58
    endloop
  endfacet
  facet normal -1 0 0
    outer loop
      vertex 33.7 37.3 59.5
      vertex 33.7 38.1 60
      vertex 33.7 38.1 58
    endloop
  endfacet
  facet normal -1 -0 0
    outer loop
      vertex 33.7 38.1 60
      vertex 33.7 37.3 59.5
      vertex 33.7 38.1 61
    endloop
  endfacet
  facet normal 0 -0.882353 -0.470588
    outer loop
      vertex 33.7 38.1 58
      vertex 41.8 37.3 59.5
      vertex 33.7 37.3 59.5
    endloop
  endfacet
  facet normal 0 -0.882353 -0.470588
    outer loop
      vertex 41.8 37.3 59.5
      vertex 33.7 38.1 58
      vertex 41.8 38.1 58
    endloop
  endfacet
  facet normal 0 -0.882353 0.470588
    outer loop
      vertex 33.7 37.3 59.5
      vertex 41.8 38.1 61
      vertex 33.7 38.1 61
    endloop
  endfacet
  facet normal 0 -0.882353 0.470588
    outer loop
      vertex 41.8 38.1 61
      vertex 33.7 37.3 59.5
      vertex 41.8 37.3 59.5
    endloop
  endfacet
  facet normal -1 0 0
    outer loop
      vertex 48.4 1.6 60
      vertex 48.4 2.39999 59.5
      vertex 48.4 1.6 58
    endloop
  endfacet
  facet normal -1 0 0
    outer loop
      vertex 48.4 2.39999 59.5
      vertex 48.4 1.6 60
      vertex 48.4 1.6 61
    endloop
  endfacet
  facet normal 0 0.882355 -0.470584
    outer loop
      vertex 56.5 1.6 58
      vertex 48.4 2.39999 59.5
      vertex 56.5 2.39999 59.5
    endloop
  endfacet
  facet normal 0 0.882355 -0.470584
    outer loop
      vertex 48.4 2.39999 59.5
      vertex 56.5 1.6 58
      vertex 48.4 1.6 58
    endloop
  endfacet
  facet normal 1 -0 0
    outer loop
      vertex 56.5 1.6 60
      vertex 56.5 2.39999 59.5
      vertex 56.5 1.6 61
    endloop
  endfacet
  facet normal 1 0 0
    outer loop
      vertex 56.5 2.39999 59.5
      vertex 56.5 1.6 60
      vertex 56.5 1.6 58
    endloop
  endfacet
  facet normal 0 0.882355 0.470584
    outer loop
      vertex 56.5 2.39999 59.5
      vertex 48.4 1.6 61
      vertex 56.5 1.6 61
    endloop
  endfacet
  facet normal 0 0.882355 0.470584
    outer loop
      vertex 48.4 1.6 61
      vertex 56.5 2.39999 59.5
      vertex 48.4 2.39999 59.5
    endloop
  endfacet
  facet normal 1 0 0
    outer loop
      vertex 56.5 37.3 59.5
      vertex 56.5 38.1 60
      vertex 56.5 38.1 61
    endloop
  endfacet
  facet normal 1 0 0
    outer loop
      vertex 56.5 38.1 60
      vertex 56.5 37.3 59.5
      vertex 56.5 38.1 58
    endloop
  endfacet
  facet normal -1 0 0
    outer loop
      vertex 48.4 37.3 59.5
      vertex 48.4 38.1 60
      vertex 48.4 38.1 58
    endloop
  endfacet
  facet normal -1 -0 0
    outer loop
      vertex 48.4 38.1 60
      vertex 48.4 37.3 59.5
      vertex 48.4 38.1 61
    endloop
  endfacet
  facet normal 0 -0.882353 -0.470588
    outer loop
      vertex 48.4 38.1 58
      vertex 56.5 37.3 59.5
      vertex 48.4 37.3 59.5
    endloop
  endfacet
  facet normal 0 -0.882353 -0.470588
    outer loop
      vertex 56.5 37.3 59.5
      vertex 48.4 38.1 58
      vertex 56.5 38.1 58
    endloop
  endfacet
  facet normal 0 -0.882353 0.470588
    outer loop
      vertex 48.4 37.3 59.5
      vertex 56.5 38.1 61
      vertex 48.4 38.1 61
    endloop
  endfacet
  facet normal 0 -0.882353 0.470588
    outer loop
      vertex 56.5 38.1 61
      vertex 48.4 37.3 59.5
      vertex 56.5 37.3 59.5
    endloop
  endfacet
endsolid OpenSCAD_Model
